id,source,imaged,documented,images,attributes,game_id,set_id,functional_name,item_name,source_notes,game_set_item_slug
8973b7fa-4719-47af-9da5-8c57d8db70aa,item,1,1,"{""obverse"": ""austin-powers-collectible-card-game_the-spy-who-shagged-me_amanda-kissenhug-go-go-dancer"", ""reverse"": ""austin-powers-collectible-card-game_card-back""}","{""name_printed"": ""Amanda Kissenhug Go-Go Dancer"", ""rarity"": ""Common"", ""type"": ""Agent"", ""number"": ""1"", ""allegiance"": ""Good"", ""agent_type"": ""Assassin"", ""agent_gender"": ""Female"", ""vibes_shagadelic"": ""1"", ""vibes_randy"": ""1"", ""dot_color"": ""Purple"", ""score_amount"": ""25"", ""score_type"": ""Mojo"", ""item_dimensions"": ""{\u0022height\u0022: \u00223.5\u0022, \u0022width\u0022: \u00222.5\u0022, \u0022unit\u0022: \u0022inch\u0022}""}",94728358-cb3b-4fca-ad51-75f809b6f38d,e341ac4c-072f-41a1-9abf-90e3dc815199,Amanda Kissenhug Go-Go Dancer,Amanda Kissenhug Go-Go Dancer,{},austin-powers-collectible-card-game_the-spy-who-shagged-me_amanda-kissenhug-go-go-dancer
e9ad78a8-5bc7-454d-b7b6-39a3449d9ed2,item,1,1,"{""obverse"": ""austin-powers-collectible-card-game_the-spy-who-shagged-me_austin-from-10-minutes-from-now"", ""reverse"": ""austin-powers-collectible-card-game_card-back""}","{""name_printed"": ""Austin From 10 Minutes From Now"", ""rarity"": ""Rare"", ""type"": ""Agent"", ""number"": ""2"", ""allegiance"": ""Good"", ""agent_type"": ""Assassin"", ""agent_gender"": ""Male"", ""vibes_groovy"": ""1"", ""vibes_shagadelic"": ""1"", ""vibes_randy"": ""1"", ""dot_color"": ""Green"", ""score_amount"": ""20"", ""score_type"": ""Mojo"", ""rule_text"": ""Playing this Agent does not cost you an action if you have another active Austin"", ""item_dimensions"": ""{\u0022height\u0022: \u00223.5\u0022, \u0022width\u0022: \u00222.5\u0022, \u0022unit\u0022: \u0022inch\u0022}""}",94728358-cb3b-4fca-ad51-75f809b6f38d,e341ac4c-072f-41a1-9abf-90e3dc815199,Austin From 10 Minutes From Now,Austin From 10 Minutes From Now,{},austin-powers-collectible-card-game_the-spy-who-shagged-me_austin-from-10-minutes-from-now
9effbad9-52c7-45f5-b03e-df0f153e9222,item,1,1,"{""obverse"": ""austin-powers-collectible-card-game_the-spy-who-shagged-me_austin-powers-all-shagged-out"", ""reverse"": ""austin-powers-collectible-card-game_card-back""}","{""name_printed"": ""Austin Powers All Shagged Out"", ""rarity"": ""Rare"", ""type"": ""Agent"", ""number"": ""3"", ""allegiance"": ""Good"", ""agent_type"": ""Shagger"", ""agent_gender"": ""Male"", ""vibes_groovy"": ""1"", ""vibes_shagadelic"": ""1"", ""vibes_randy"": ""1"", ""dot_color"": ""Green"", ""score_amount"": ""20"", ""score_type"": ""Mojo"", ""rule_text"": ""When played, you may return one discarded Happening to your hand"", ""item_dimensions"": ""{\u0022height\u0022: \u00223.5\u0022, \u0022width\u0022: \u00222.5\u0022, \u0022unit\u0022: \u0022inch\u0022}""}",94728358-cb3b-4fca-ad51-75f809b6f38d,e341ac4c-072f-41a1-9abf-90e3dc815199,Austin Powers All Shagged Out,Austin Powers All Shagged Out,{},austin-powers-collectible-card-game_the-spy-who-shagged-me_austin-powers-all-shagged-out
fe1d894a-3180-4f2e-85cf-6e0cceea4ea4,item,1,1,"{""obverse"": ""austin-powers-collectible-card-game_the-spy-who-shagged-me_austin-powers-astro-naughty"", ""reverse"": ""austin-powers-collectible-card-game_card-back""}","{""name_printed"": ""Austin Powers Astro-Naughty"", ""rarity"": ""Rare"", ""type"": ""Agent"", ""number"": ""4"", ""allegiance"": ""Good"", ""agent_type"": ""Assassin"", ""agent_gender"": ""Male"", ""vibes_groovy"": ""2"", ""vibes_randy"": ""1"", ""dot_color"": ""Green"", ""score_amount"": ""20"", ""score_type"": ""Mojo"", ""rule_text"": ""When played, you may return the top card of your discard pile to your hand."", ""item_dimensions"": ""{\u0022height\u0022: \u00223.5\u0022, \u0022width\u0022: \u00222.5\u0022, \u0022unit\u0022: \u0022inch\u0022}""}",94728358-cb3b-4fca-ad51-75f809b6f38d,e341ac4c-072f-41a1-9abf-90e3dc815199,Austin Powers Astro-Naughty,Austin Powers Astro-Naughty,{},austin-powers-collectible-card-game_the-spy-who-shagged-me_austin-powers-astro-naughty
66115196-49d3-435a-a4b4-362787573706,item,1,1,"{""obverse"": ""austin-powers-collectible-card-game_the-spy-who-shagged-me_austin-powers-bikini-clad-bombshell-"", ""reverse"": ""austin-powers-collectible-card-game_card-back""}","{""name_printed"": ""Austin Powers Bikini-Clad Bombshell?"", ""rarity"": ""Rare"", ""type"": ""Agent"", ""number"": ""5"", ""allegiance"": ""Good"", ""agent_type"": ""Shagger"", ""agent_gender"": ""Male"", ""vibes_randy"": ""1"", ""vibes_creepy"": ""2"", ""dot_color"": ""Green"", ""score_amount"": ""20"", ""score_type"": ""Mojo"", ""rule_text"": ""When played, you may choose one opponent to discard one card from hand at random."", ""item_dimensions"": ""{\u0022height\u0022: \u00223.5\u0022, \u0022width\u0022: \u00222.5\u0022, \u0022unit\u0022: \u0022inch\u0022}""}",94728358-cb3b-4fca-ad51-75f809b6f38d,e341ac4c-072f-41a1-9abf-90e3dc815199,Austin Powers Bikini-Clad Bombshell?,Austin Powers Bikini-Clad Bombshell?,{},austin-powers-collectible-card-game_the-spy-who-shagged-me_austin-powers-bikini-clad-bombshell-
c249bf37-4820-402a-9f1b-29d218f2c191,item,1,1,"{""obverse"": ""austin-powers-collectible-card-game_the-spy-who-shagged-me_austin-powers-fashion-photographer"", ""reverse"": ""austin-powers-collectible-card-game_card-back""}","{""name_printed"": ""Austin Powers Fashion Photographer"", ""rarity"": ""Rare"", ""type"": ""Agent"", ""number"": ""6"", ""allegiance"": ""Good"", ""agent_type"": ""Shagger"", ""agent_gender"": ""Male"", ""vibes_groovy"": ""2"", ""vibes_shagadelic"": ""1"", ""vibes_randy"": ""1"", ""dot_color"": ""Green"", ""score_amount"": ""15"", ""score_type"": ""Mojo"", ""rule_text"": ""When played, you may draw one card."", ""item_dimensions"": ""{\u0022height\u0022: \u00223.5\u0022, \u0022width\u0022: \u00222.5\u0022, \u0022unit\u0022: \u0022inch\u0022}""}",94728358-cb3b-4fca-ad51-75f809b6f38d,e341ac4c-072f-41a1-9abf-90e3dc815199,Austin Powers Fashion Photographer,Austin Powers Fashion Photographer,{},austin-powers-collectible-card-game_the-spy-who-shagged-me_austin-powers-fashion-photographer
eedaf106-bc9e-4945-9aeb-51a48e0017d1,item,1,1,"{""obverse"": ""austin-powers-collectible-card-game_the-spy-who-shagged-me_austin-powers-m-o-d--agent"", ""reverse"": ""austin-powers-collectible-card-game_card-back""}","{""name_printed"": ""Austin Powers M.O.D. Agent"", ""rarity"": ""Fixed"", ""type"": ""Agent"", ""number"": ""7"", ""allegiance"": ""Good"", ""agent_type"": ""Shagger"", ""agent_gender"": ""Male"", ""vibes_groovy"": ""2"", ""dot_color"": ""Green"", ""score_amount"": ""20"", ""score_type"": ""Mojo"", ""item_dimensions"": ""{\u0022height\u0022: \u00223.5\u0022, \u0022width\u0022: \u00222.5\u0022, \u0022unit\u0022: \u0022inch\u0022}""}",94728358-cb3b-4fca-ad51-75f809b6f38d,e341ac4c-072f-41a1-9abf-90e3dc815199,Austin Powers M.O.D. Agent,Austin Powers M.O.D. Agent,{},austin-powers-collectible-card-game_the-spy-who-shagged-me_austin-powers-m-o-d--agent
5dfb279a-feb5-45d1-9530-9d0e49324e89,item,1,1,"{""obverse"": ""austin-powers-collectible-card-game_the-spy-who-shagged-me_barry-erman-battering-ram-expert"", ""reverse"": ""austin-powers-collectible-card-game_card-back""}","{""name_printed"": ""Barry Erman Battering Ram Expert"", ""rarity"": ""Common"", ""type"": ""Agent"", ""number"": ""8"", ""allegiance"": ""Good"", ""agent_type"": ""Assassin"", ""agent_gender"": ""Male"", ""vibes_groovy"": ""1"", ""vibes_randy"": ""1"", ""dot_color"": ""Green"", ""score_amount"": ""25"", ""score_type"": ""Mojo"", ""item_dimensions"": ""{\u0022height\u0022: \u00223.5\u0022, \u0022width\u0022: \u00222.5\u0022, \u0022unit\u0022: \u0022inch\u0022}""}",94728358-cb3b-4fca-ad51-75f809b6f38d,e341ac4c-072f-41a1-9abf-90e3dc815199,Barry Erman Battering Ram Expert,Barry Erman Battering Ram Expert,{},austin-powers-collectible-card-game_the-spy-who-shagged-me_barry-erman-battering-ram-expert
f816ed1d-3b12-4604-af03-53d10ede5dd0,item,1,1,"{""obverse"": ""austin-powers-collectible-card-game_the-spy-who-shagged-me_basil-exposition-elder-british-intelligence-superior"", ""reverse"": ""austin-powers-collectible-card-game_card-back""}","{""name_printed"": ""Basil Exposition Elder British Intelligence Superior"", ""rarity"": ""Uncommon"", ""type"": ""Agent"", ""number"": ""9"", ""allegiance"": ""Good"", ""agent_type"": ""Assassin"", ""agent_gender"": ""Male"", ""vibes_groovy"": ""2"", ""dot_color"": ""Green"", ""score_amount"": ""25"", ""score_type"": ""Mojo"", ""rule_text"": ""When played, you may return one discarded Swinger to your hand."", ""item_dimensions"": ""{\u0022height\u0022: \u00223.5\u0022, \u0022width\u0022: \u00222.5\u0022, \u0022unit\u0022: \u0022inch\u0022}""}",94728358-cb3b-4fca-ad51-75f809b6f38d,e341ac4c-072f-41a1-9abf-90e3dc815199,Basil Exposition Elder British Intelligence Superior,Basil Exposition Elder British Intelligence Superior,{},austin-powers-collectible-card-game_the-spy-who-shagged-me_basil-exposition-elder-british-intelligence-superior
6c847452-b967-41fa-838c-02fa8519fca7,item,1,1,"{""obverse"": ""austin-powers-collectible-card-game_the-spy-who-shagged-me_basil-exposition-younger-british-intelligence-superior"", ""reverse"": ""austin-powers-collectible-card-game_card-back""}","{""name_printed"": ""Basil Exposition Younger British Intelligence Superior"", ""rarity"": ""Rare"", ""type"": ""Agent"", ""number"": ""10"", ""allegiance"": ""Good"", ""agent_type"": ""Shagger"", ""agent_gender"": ""Male"", ""vibes_groovy"": ""3"", ""dot_color"": ""Green"", ""score_amount"": ""20"", ""score_type"": ""Mojo"", ""rule_text"": ""When played, you may return one discarded Assassin to your hand."", ""item_dimensions"": ""{\u0022height\u0022: \u00223.5\u0022, \u0022width\u0022: \u00222.5\u0022, \u0022unit\u0022: \u0022inch\u0022}""}",94728358-cb3b-4fca-ad51-75f809b6f38d,e341ac4c-072f-41a1-9abf-90e3dc815199,Basil Exposition Younger British Intelligence Superior,Basil Exposition Younger British Intelligence Superior,{},austin-powers-collectible-card-game_the-spy-who-shagged-me_basil-exposition-younger-british-intelligence-superior
43aea4c8-7252-4522-b5b2-67cb9fa167e6,item,1,1,"{""obverse"": ""austin-powers-collectible-card-game_the-spy-who-shagged-me_busby-queensman-undistractable-guardsman"", ""reverse"": ""austin-powers-collectible-card-game_card-back""}","{""name_printed"": ""Busby Queensman Undistractable Guardsman"", ""rarity"": ""Common"", ""type"": ""Agent"", ""number"": ""11"", ""allegiance"": ""Good"", ""agent_type"": ""Assassin"", ""agent_gender"": ""Male"", ""vibes_randy"": ""1"", ""vibes_creepy"": ""1"", ""dot_color"": ""Green"", ""score_amount"": ""25"", ""score_type"": ""Mojo"", ""item_dimensions"": ""{\u0022height\u0022: \u00223.5\u0022, \u0022width\u0022: \u00222.5\u0022, \u0022unit\u0022: \u0022inch\u0022}""}",94728358-cb3b-4fca-ad51-75f809b6f38d,e341ac4c-072f-41a1-9abf-90e3dc815199,Busby Queensman Undistractable Guardsman,Busby Queensman Undistractable Guardsman,{},austin-powers-collectible-card-game_the-spy-who-shagged-me_busby-queensman-undistractable-guardsman
5b59ad8d-df5b-403d-8b5b-dad80d045fa1,item,1,1,"{""obverse"": ""austin-powers-collectible-card-game_the-spy-who-shagged-me_chastity--shagette-"", ""reverse"": ""austin-powers-collectible-card-game_card-back""}","{""name_printed"": ""Chastity \u0022Shagette\u0022"", ""rarity"": ""Common"", ""type"": ""Agent"", ""number"": ""12"", ""allegiance"": ""Good"", ""agent_type"": ""Shagger"", ""agent_gender"": ""Female"", ""vibes_shagadelic"": ""1"", ""dot_color"": ""Purple"", ""score_amount"": ""30"", ""score_type"": ""Mojo"", ""rule_text"": ""Playing this Agent does not cost you an action if you have an active Felicity."", ""item_dimensions"": ""{\u0022height\u0022: \u00223.5\u0022, \u0022width\u0022: \u00222.5\u0022, \u0022unit\u0022: \u0022inch\u0022}""}",94728358-cb3b-4fca-ad51-75f809b6f38d,e341ac4c-072f-41a1-9abf-90e3dc815199,"Chastity ""Shagette""","Chastity ""Shagette""",{},austin-powers-collectible-card-game_the-spy-who-shagged-me_chastity--shagette-
d8cc9cc9-30e0-4873-b2d8-3bc0a014dbfb,item,1,1,"{""obverse"": ""austin-powers-collectible-card-game_the-spy-who-shagged-me_cherry--shagette-"", ""reverse"": ""austin-powers-collectible-card-game_card-back""}","{""name_printed"": ""Cherry \u0022Shagette\u0022"", ""rarity"": ""Common"", ""type"": ""Agent"", ""number"": ""13"", ""allegiance"": ""Good"", ""agent_type"": ""Shagger"", ""agent_gender"": ""Female"", ""vibes_groovy"": ""1"", ""vibes_shagadelic"": ""1"", ""dot_color"": ""Purple"", ""score_amount"": ""25"", ""score_type"": ""Mojo"", ""rule_text"": ""Playing this Agent does not cost you an action if you have an active Felicity."", ""item_dimensions"": ""{\u0022height\u0022: \u00223.5\u0022, \u0022width\u0022: \u00222.5\u0022, \u0022unit\u0022: \u0022inch\u0022}""}",94728358-cb3b-4fca-ad51-75f809b6f38d,e341ac4c-072f-41a1-9abf-90e3dc815199,"Cherry ""Shagette""","Cherry ""Shagette""",{},austin-powers-collectible-card-game_the-spy-who-shagged-me_cherry--shagette-
2b96cc98-eb8a-4637-b1e0-121fefa2f9b8,item,1,1,"{""obverse"": ""austin-powers-collectible-card-game_the-spy-who-shagged-me_dick-fighter-pilot"", ""reverse"": ""austin-powers-collectible-card-game_card-back""}","{""name_printed"": ""Dick Fighter Pilot"", ""rarity"": ""Fixed"", ""type"": ""Agent"", ""number"": ""14"", ""allegiance"": ""Good"", ""agent_type"": ""Assassin"", ""agent_gender"": ""Male"", ""vibes_randy"": ""1"", ""dot_color"": ""Green"", ""score_amount"": ""30"", ""score_type"": ""Mojo"", ""traits"": ""[\u0022Ship Agent\u0022]"", ""quote"": ""Oh my God, it looks like a huge..."", ""item_dimensions"": ""{\u0022height\u0022: \u00223.5\u0022, \u0022width\u0022: \u00222.5\u0022, \u0022unit\u0022: \u0022inch\u0022}""}",94728358-cb3b-4fca-ad51-75f809b6f38d,e341ac4c-072f-41a1-9abf-90e3dc815199,Dick Fighter Pilot,Dick Fighter Pilot,{},austin-powers-collectible-card-game_the-spy-who-shagged-me_dick-fighter-pilot
8131d557-3a18-4a48-884e-9fae2f83c0f6,item,1,1,"{""obverse"": ""austin-powers-collectible-card-game_the-spy-who-shagged-me_divine--shagette-"", ""reverse"": ""austin-powers-collectible-card-game_card-back""}","{""name_printed"": ""Divine \u0022Shagette\u0022"", ""rarity"": ""Uncommon"", ""type"": ""Agent"", ""number"": ""15"", ""allegiance"": ""Good"", ""agent_type"": ""Assassin"", ""agent_gender"": ""Female"", ""vibes_shagadelic"": ""1"", ""vibes_creepy"": ""1"", ""dot_color"": ""Purple"", ""score_amount"": ""25"", ""score_type"": ""Mojo"", ""rule_text"": ""Playing this Agent does not cost you an action if you have an active Felicity."", ""item_dimensions"": ""{\u0022height\u0022: \u00223.5\u0022, \u0022width\u0022: \u00222.5\u0022, \u0022unit\u0022: \u0022inch\u0022}""}",94728358-cb3b-4fca-ad51-75f809b6f38d,e341ac4c-072f-41a1-9abf-90e3dc815199,"Divine ""Shagette""","Divine ""Shagette""",{},austin-powers-collectible-card-game_the-spy-who-shagged-me_divine--shagette-
288310d1-e671-4cd5-bb83-7bccb88fe318,item,1,1,"{""obverse"": ""austin-powers-collectible-card-game_the-spy-who-shagged-me_felicity-shagwell-american-woman"", ""reverse"": ""austin-powers-collectible-card-game_card-back""}","{""name_printed"": ""Felicity Shagwell American Woman"", ""rarity"": ""Rare"", ""type"": ""Agent"", ""number"": ""16"", ""allegiance"": ""Good"", ""agent_type"": ""Assassin"", ""agent_gender"": ""Female"", ""vibes_groovy"": ""1"", ""vibes_shagadelic"": ""1"", ""vibes_randy"": ""1"", ""dot_color"": ""Purple"", ""score_amount"": ""20"", ""score_type"": ""Mojo"", ""rule_text"": ""When played, you may return one discarded \u0022Shagette\u0022 to your hand."", ""item_dimensions"": ""{\u0022height\u0022: \u00223.5\u0022, \u0022width\u0022: \u00222.5\u0022, \u0022unit\u0022: \u0022inch\u0022}""}",94728358-cb3b-4fca-ad51-75f809b6f38d,e341ac4c-072f-41a1-9abf-90e3dc815199,Felicity Shagwell American Woman,Felicity Shagwell American Woman,{},austin-powers-collectible-card-game_the-spy-who-shagged-me_felicity-shagwell-american-woman
3464843c-6d2a-4bb1-9d85-fa804feb2bad,item,1,1,"{""obverse"": ""austin-powers-collectible-card-game_the-spy-who-shagged-me_felicity-shagwell-astro-very-naughty"", ""reverse"": ""austin-powers-collectible-card-game_card-back""}","{""name_printed"": ""Felicity Shagwell Astro-Very-Naughty"", ""rarity"": ""Rare"", ""type"": ""Agent"", ""number"": ""17"", ""allegiance"": ""Good"", ""agent_type"": ""Assassin"", ""agent_gender"": ""Female"", ""vibes_groovy"": ""2"", ""vibes_randy"": ""1"", ""dot_color"": ""Purple"", ""score_amount"": ""20"", ""score_type"": ""Mojo"", ""rule_text"": ""When played, you may return one discarded Austin to your hand."", ""item_dimensions"": ""{\u0022height\u0022: \u00223.5\u0022, \u0022width\u0022: \u00222.5\u0022, \u0022unit\u0022: \u0022inch\u0022}""}",94728358-cb3b-4fca-ad51-75f809b6f38d,e341ac4c-072f-41a1-9abf-90e3dc815199,Felicity Shagwell Astro-Very-Naughty,Felicity Shagwell Astro-Very-Naughty,{},austin-powers-collectible-card-game_the-spy-who-shagged-me_felicity-shagwell-astro-very-naughty
09a13690-f066-49ba-86f1-acbb1fa4d935,item,1,1,"{""obverse"": ""austin-powers-collectible-card-game_the-spy-who-shagged-me_felicity-shagwell-bikini-clad-bombshell"", ""reverse"": ""austin-powers-collectible-card-game_card-back""}","{""name_printed"": ""Felicity Shagwell Bikini-Clad Bombshell"", ""rarity"": ""Rare"", ""type"": ""Agent"", ""number"": ""18"", ""allegiance"": ""Good"", ""agent_type"": ""Shagger"", ""agent_gender"": ""Female"", ""vibes_groovy"": ""1"", ""vibes_shagadelic"": ""2"", ""dot_color"": ""Purple"", ""score_amount"": ""20"", ""score_type"": ""Mojo"", ""rule_text"": ""When played, you may choose an opponent to discard their lowest scored Mojo or Ransom."", ""item_dimensions"": ""{\u0022height\u0022: \u00223.5\u0022, \u0022width\u0022: \u00222.5\u0022, \u0022unit\u0022: \u0022inch\u0022}""}",94728358-cb3b-4fca-ad51-75f809b6f38d,e341ac4c-072f-41a1-9abf-90e3dc815199,Felicity Shagwell Bikini-Clad Bombshell,Felicity Shagwell Bikini-Clad Bombshell,{},austin-powers-collectible-card-game_the-spy-who-shagged-me_felicity-shagwell-bikini-clad-bombshell
4c3f5e58-5345-41c7-b7ee-b5b2c638829a,item,1,1,"{""obverse"": ""austin-powers-collectible-card-game_the-spy-who-shagged-me_felicity-shagwell-in-quasi-futuristic-clothes"", ""reverse"": ""austin-powers-collectible-card-game_card-back""}","{""name_printed"": ""Felicity Shagwell In Quasi-Futuristic Clothes"", ""rarity"": ""Rare"", ""type"": ""Agent"", ""number"": ""19"", ""allegiance"": ""Good"", ""agent_type"": ""Assassin"", ""agent_gender"": ""Female"", ""vibes_groovy"": ""2"", ""vibes_shagadelic"": ""1"", ""dot_color"": ""Purple"", ""score_amount"": ""20"", ""score_type"": ""Mojo"", ""rule_text"": ""When played, you may return one discarded Frickin' Bone to your hand."", ""item_dimensions"": ""{\u0022height\u0022: \u00223.5\u0022, \u0022width\u0022: \u00222.5\u0022, \u0022unit\u0022: \u0022inch\u0022}""}",94728358-cb3b-4fca-ad51-75f809b6f38d,e341ac4c-072f-41a1-9abf-90e3dc815199,Felicity Shagwell In Quasi-Futuristic Clothes,Felicity Shagwell In Quasi-Futuristic Clothes,{},austin-powers-collectible-card-game_the-spy-who-shagged-me_felicity-shagwell-in-quasi-futuristic-clothes
9b2f3e2d-f211-48de-8a7d-5505b4de63d5,item,1,1,"{""obverse"": ""austin-powers-collectible-card-game_the-spy-who-shagged-me_felicity-shagwell-london-tourist"", ""reverse"": ""austin-powers-collectible-card-game_card-back""}","{""name_printed"": ""Felicity Shagwell London Tourist"", ""rarity"": ""Rare"", ""type"": ""Agent"", ""number"": ""20"", ""allegiance"": ""Good"", ""agent_type"": ""Shagger"", ""agent_gender"": ""Female"", ""vibes_groovy"": ""2"", ""vibes_shagadelic"": ""1"", ""vibes_randy"": ""1"", ""dot_color"": ""Purple"", ""score_amount"": ""15"", ""score_type"": ""Mojo"", ""rule_text"": ""You may play this Agent and Homing Device as a single action."", ""item_dimensions"": ""{\u0022height\u0022: \u00223.5\u0022, \u0022width\u0022: \u00222.5\u0022, \u0022unit\u0022: \u0022inch\u0022}""}",94728358-cb3b-4fca-ad51-75f809b6f38d,e341ac4c-072f-41a1-9abf-90e3dc815199,Felicity Shagwell London Tourist,Felicity Shagwell London Tourist,{},austin-powers-collectible-card-game_the-spy-who-shagged-me_felicity-shagwell-london-tourist
0082f45a-6a43-4927-9035-fd27730c0ed4,item,1,1,"{""obverse"": ""austin-powers-collectible-card-game_the-spy-who-shagged-me_general-hawk-presidential-advisor"", ""reverse"": ""austin-powers-collectible-card-game_card-back""}","{""name_printed"": ""General Hawk Presidential Advisor"", ""rarity"": ""Rare"", ""type"": ""Agent"", ""number"": ""21"", ""allegiance"": ""Good"", ""agent_type"": ""Assassin"", ""agent_gender"": ""Male"", ""vibes_groovy"": ""1"", ""vibes_randy"": ""1"", ""dot_color"": ""Green"", ""score_amount"": ""25"", ""score_type"": ""Mojo"", ""rule_text"": ""When played, you may look at any other player's hand."", ""item_dimensions"": ""{\u0022height\u0022: \u00223.5\u0022, \u0022width\u0022: \u00222.5\u0022, \u0022unit\u0022: \u0022inch\u0022}""}",94728358-cb3b-4fca-ad51-75f809b6f38d,e341ac4c-072f-41a1-9abf-90e3dc815199,General Hawk Presidential Advisor,General Hawk Presidential Advisor,{},austin-powers-collectible-card-game_the-spy-who-shagged-me_general-hawk-presidential-advisor
90c68cd2-d2fa-4324-a0a5-8d122a55bb71,item,1,1,"{""obverse"": ""austin-powers-collectible-card-game_the-spy-who-shagged-me_goldie-heartthrob"", ""reverse"": ""austin-powers-collectible-card-game_card-back""}","{""name_printed"": ""Goldie Heartthrob"", ""rarity"": ""Fixed"", ""type"": ""Agent"", ""number"": ""22"", ""allegiance"": ""Good"", ""agent_type"": ""Assassin"", ""agent_gender"": ""Female"", ""vibes_randy"": ""1"", ""vibes_creepy"": ""1"", ""dot_color"": ""Purple"", ""score_amount"": ""25"", ""score_type"": ""Mojo"", ""item_dimensions"": ""{\u0022height\u0022: \u00223.5\u0022, \u0022width\u0022: \u00222.5\u0022, \u0022unit\u0022: \u0022inch\u0022}""}",94728358-cb3b-4fca-ad51-75f809b6f38d,e341ac4c-072f-41a1-9abf-90e3dc815199,Goldie Heartthrob,Goldie Heartthrob,{},austin-powers-collectible-card-game_the-spy-who-shagged-me_goldie-heartthrob
b9124a88-c0bd-4cf0-aaaf-8bcbfb3f8e57,item,1,1,"{""obverse"": ""austin-powers-collectible-card-game_the-spy-who-shagged-me_jerry-springer-biting-talk-show-host"", ""reverse"": ""austin-powers-collectible-card-game_card-back""}","{""name_printed"": ""Jerry Springer Biting Talk Show Host"", ""rarity"": ""Uncommon"", ""type"": ""Agent"", ""number"": ""23"", ""allegiance"": ""Good"", ""agent_type"": ""Assassin"", ""agent_gender"": ""Male"", ""vibes_groovy"": ""1"", ""vibes_creepy"": ""1"", ""dot_color"": ""Green"", ""score_amount"": ""25"", ""score_type"": ""Mojo"", ""rule_text"": ""You may play this Agent and Springin' Shindig as a single action."", ""item_dimensions"": ""{\u0022height\u0022: \u00223.5\u0022, \u0022width\u0022: \u00222.5\u0022, \u0022unit\u0022: \u0022inch\u0022}""}",94728358-cb3b-4fca-ad51-75f809b6f38d,e341ac4c-072f-41a1-9abf-90e3dc815199,Jerry Springer Biting Talk Show Host,Jerry Springer Biting Talk Show Host,{},austin-powers-collectible-card-game_the-spy-who-shagged-me_jerry-springer-biting-talk-show-host
887e5829-2776-435c-9be8-49c4c2ac6737,item,1,1,"{""obverse"": ""austin-powers-collectible-card-game_the-spy-who-shagged-me_johnson-radar-operator"", ""reverse"": ""austin-powers-collectible-card-game_card-back""}","{""name_printed"": ""Johnson Radar Operator"", ""rarity"": ""Common"", ""type"": ""Agent"", ""number"": ""24"", ""allegiance"": ""Good"", ""agent_type"": ""Assassin"", ""agent_gender"": ""Male"", ""vibes_creepy"": ""1"", ""dot_color"": ""Green"", ""score_amount"": ""30"", ""score_type"": ""Mojo"", ""traits"": ""[\u0022Ship Agent\u0022]"", ""quote"": ""I don't know, sir, but it looks like a giant..."", ""item_dimensions"": ""{\u0022height\u0022: \u00223.5\u0022, \u0022width\u0022: \u00222.5\u0022, \u0022unit\u0022: \u0022inch\u0022}""}",94728358-cb3b-4fca-ad51-75f809b6f38d,e341ac4c-072f-41a1-9abf-90e3dc815199,Johnson Radar Operator,Johnson Radar Operator,{},austin-powers-collectible-card-game_the-spy-who-shagged-me_johnson-radar-operator
41fea23b-18a4-468b-a560-5fdda7aec0b0,item,1,1,"{""obverse"": ""austin-powers-collectible-card-game_the-spy-who-shagged-me_jonas-cooper-haz-mat-agent"", ""reverse"": ""austin-powers-collectible-card-game_card-back""}","{""name_printed"": ""Jonas Cooper Haz Mat Agent"", ""rarity"": ""Common"", ""type"": ""Agent"", ""number"": ""25"", ""allegiance"": ""Good"", ""agent_type"": ""Assassin"", ""agent_gender"": ""Male"", ""vibes_groovy"": ""1"", ""vibes_creepy"": ""1"", ""dot_color"": ""Green"", ""score_amount"": ""25"", ""score_type"": ""Mojo"", ""item_dimensions"": ""{\u0022height\u0022: \u00223.5\u0022, \u0022width\u0022: \u00222.5\u0022, \u0022unit\u0022: \u0022inch\u0022}""}",94728358-cb3b-4fca-ad51-75f809b6f38d,e341ac4c-072f-41a1-9abf-90e3dc815199,Jonas Cooper Haz Mat Agent,Jonas Cooper Haz Mat Agent,{},austin-powers-collectible-card-game_the-spy-who-shagged-me_jonas-cooper-haz-mat-agent
fc1929a8-bb71-4aeb-9310-1df9b2579afe,item,1,1,"{""obverse"": ""austin-powers-collectible-card-game_the-spy-who-shagged-me_mr--elvis-costello-radio-sweetheart"", ""reverse"": ""austin-powers-collectible-card-game_card-back""}","{""name_printed"": ""Mr. Elvis Costello Radio Sweetheart"", ""rarity"": ""Uncommon"", ""type"": ""Agent"", ""number"": ""26"", ""allegiance"": ""Good"", ""agent_type"": ""Shagger"", ""agent_gender"": ""Male"", ""vibes_groovy"": ""1"", ""vibes_creepy"": ""1"", ""dot_color"": ""Green"", ""score_amount"": ""25"", ""score_type"": ""Mojo"", ""rule_text"": ""Playing this Agent does not cost you an action if you have an active Austin or Felicity."", ""item_dimensions"": ""{\u0022height\u0022: \u00223.5\u0022, \u0022width\u0022: \u00222.5\u0022, \u0022unit\u0022: \u0022inch\u0022}""}",94728358-cb3b-4fca-ad51-75f809b6f38d,e341ac4c-072f-41a1-9abf-90e3dc815199,Mr. Elvis Costello Radio Sweetheart,Mr. Elvis Costello Radio Sweetheart,{},austin-powers-collectible-card-game_the-spy-who-shagged-me_mr--elvis-costello-radio-sweetheart
17f49f28-0b4f-4781-817a-bc6208a5d076,item,1,1,"{""obverse"": ""austin-powers-collectible-card-game_the-spy-who-shagged-me_mr--english-colonel-weight-loss-consultant"", ""reverse"": ""austin-powers-collectible-card-game_card-back""}","{""name_printed"": ""Mr. English Colonel Weight Loss Consultant"", ""rarity"": ""Uncommon"", ""type"": ""Agent"", ""number"": ""27"", ""allegiance"": ""Good"", ""agent_type"": ""Assassin"", ""agent_gender"": ""Male"", ""vibes_groovy"": ""2"", ""dot_color"": ""Green"", ""score_amount"": ""25"", ""score_type"": ""Mojo"", ""rule_text"": ""When played, you may draw two cards if opponent has an active Fat Bastard."", ""item_dimensions"": ""{\u0022height\u0022: \u00223.5\u0022, \u0022width\u0022: \u00222.5\u0022, \u0022unit\u0022: \u0022inch\u0022}""}",94728358-cb3b-4fca-ad51-75f809b6f38d,e341ac4c-072f-41a1-9abf-90e3dc815199,Mr. English Colonel Weight Loss Consultant,Mr. English Colonel Weight Loss Consultant,{},austin-powers-collectible-card-game_the-spy-who-shagged-me_mr--english-colonel-weight-loss-consultant
2d5c87f1-0532-4fb9-9e9f-7f9f422ae2dd,item,1,1,"{""obverse"": ""austin-powers-collectible-card-game_the-spy-who-shagged-me_mrs--ruth-sex-ed-teacher"", ""reverse"": ""austin-powers-collectible-card-game_card-back""}","{""name_printed"": ""Mrs. Ruth Sex-Ed Teacher"", ""rarity"": ""Uncommon"", ""type"": ""Agent"", ""number"": ""28"", ""allegiance"": ""Good"", ""agent_type"": ""Shagger"", ""agent_gender"": ""Female"", ""vibes_creepy"": ""2"", ""dot_color"": ""Purple"", ""score_amount"": ""25"", ""score_type"": ""Mojo"", ""traits"": ""[\u0022Ship Agent\u0022]"", ""quote"": ""Also known as tallywhacker, schlong, or..."", ""item_dimensions"": ""{\u0022height\u0022: \u00223.5\u0022, \u0022width\u0022: \u00222.5\u0022, \u0022unit\u0022: \u0022inch\u0022}""}",94728358-cb3b-4fca-ad51-75f809b6f38d,e341ac4c-072f-41a1-9abf-90e3dc815199,Mrs. Ruth Sex-Ed Teacher,Mrs. Ruth Sex-Ed Teacher,{},austin-powers-collectible-card-game_the-spy-who-shagged-me_mrs--ruth-sex-ed-teacher
8217a264-5144-4bfa-b006-42527fb7ce1d,item,1,1,"{""obverse"": ""austin-powers-collectible-card-game_the-spy-who-shagged-me_rebecca-romijn-hasn't-had--the-pleasure-"", ""reverse"": ""austin-powers-collectible-card-game_card-back""}","{""name_printed"": ""Rebecca Romijn Hasn't Had \u0022The Pleasure\u0022"", ""rarity"": ""Rare"", ""type"": ""Agent"", ""number"": ""29"", ""allegiance"": ""Good"", ""agent_type"": ""Shagger"", ""agent_gender"": ""Female"", ""vibes_groovy"": ""1"", ""vibes_shagadelic"": ""1"", ""vibes_creepy"": ""1"", ""dot_color"": ""Purple"", ""score_amount"": ""20"", ""score_type"": ""Mojo"", ""rule_text"": ""Playing this Agent does not cost you an action if opponent has an active Ivana Humpalot."", ""item_dimensions"": ""{\u0022height\u0022: \u00223.5\u0022, \u0022width\u0022: \u00222.5\u0022, \u0022unit\u0022: \u0022inch\u0022}""}",94728358-cb3b-4fca-ad51-75f809b6f38d,e341ac4c-072f-41a1-9abf-90e3dc815199,"Rebecca Romijn Hasn't Had ""The Pleasure""","Rebecca Romijn Hasn't Had ""The Pleasure""",{},austin-powers-collectible-card-game_the-spy-who-shagged-me_rebecca-romijn-hasn't-had--the-pleasure-
d7bb6990-e01a-4adb-9d3b-615cf4fd2bd6,item,1,1,"{""obverse"": ""austin-powers-collectible-card-game_the-spy-who-shagged-me_telly-wise-springer-fan"", ""reverse"": ""austin-powers-collectible-card-game_card-back""}","{""name_printed"": ""Telly Wise Springer Fan"", ""rarity"": ""Common"", ""type"": ""Agent"", ""number"": ""30"", ""allegiance"": ""Good"", ""agent_type"": ""Shagger"", ""agent_gender"": ""Male"", ""vibes_groovy"": ""1"", ""vibes_shagadelic"": ""1"", ""dot_color"": ""Green"", ""score_amount"": ""25"", ""score_type"": ""Mojo"", ""item_dimensions"": ""{\u0022height\u0022: \u00223.5\u0022, \u0022width\u0022: \u00222.5\u0022, \u0022unit\u0022: \u0022inch\u0022}""}",94728358-cb3b-4fca-ad51-75f809b6f38d,e341ac4c-072f-41a1-9abf-90e3dc815199,Telly Wise Springer Fan,Telly Wise Springer Fan,{},austin-powers-collectible-card-game_the-spy-who-shagged-me_telly-wise-springer-fan
ada173c6-13e7-4c74-9d70-d0a6dcbb2432,item,1,1,"{""obverse"": ""austin-powers-collectible-card-game_the-spy-who-shagged-me_the-president-oblivious-to-90s-references"", ""reverse"": ""austin-powers-collectible-card-game_card-back""}","{""name_printed"": ""The President Oblivious to 90s References"", ""rarity"": ""Rare"", ""type"": ""Agent"", ""number"": ""31"", ""allegiance"": ""Good"", ""agent_type"": ""Shagger"", ""agent_gender"": ""Male"", ""vibes_randy"": ""1"", ""vibes_creepy"": ""1"", ""dot_color"": ""Green"", ""score_amount"": ""25"", ""score_type"": ""Mojo"", ""rule_text"": ""When played, you may choose one opponent to return all scored Happenings to their hand."", ""item_dimensions"": ""{\u0022height\u0022: \u00223.5\u0022, \u0022width\u0022: \u00222.5\u0022, \u0022unit\u0022: \u0022inch\u0022}""}",94728358-cb3b-4fca-ad51-75f809b6f38d,e341ac4c-072f-41a1-9abf-90e3dc815199,The President Oblivious to 90s References,The President Oblivious to 90s References,{},austin-powers-collectible-card-game_the-spy-who-shagged-me_the-president-oblivious-to-90s-references
ad1438e5-47d3-49d3-addd-6c3c9dee374d,item,1,1,"{""obverse"": ""austin-powers-collectible-card-game_the-spy-who-shagged-me_willie-nelson-the-highwayman"", ""reverse"": ""austin-powers-collectible-card-game_card-back""}","{""name_printed"": ""Willie Nelson The Highwayman"", ""rarity"": ""Common"", ""type"": ""Agent"", ""number"": ""32"", ""allegiance"": ""Good"", ""agent_type"": ""Shagger"", ""agent_gender"": ""Male"", ""vibes_groovy"": ""1"", ""dot_color"": ""Green"", ""score_amount"": ""30"", ""score_type"": ""Mojo"", ""traits"": ""[\u0022Ship Agent\u0022]"", ""quote"": ""Well, it looks like a giant..."", ""item_dimensions"": ""{\u0022height\u0022: \u00223.5\u0022, \u0022width\u0022: \u00222.5\u0022, \u0022unit\u0022: \u0022inch\u0022}""}",94728358-cb3b-4fca-ad51-75f809b6f38d,e341ac4c-072f-41a1-9abf-90e3dc815199,Willie Nelson The Highwayman,Willie Nelson The Highwayman,{},austin-powers-collectible-card-game_the-spy-who-shagged-me_willie-nelson-the-highwayman
d77bbf93-6b13-4307-99c4-a0c45bb620f3,item,1,1,"{""obverse"": ""austin-powers-collectible-card-game_the-spy-who-shagged-me_crikey!"", ""reverse"": ""austin-powers-collectible-card-game_card-back""}","{""name_printed"": ""Crikey!"", ""rarity"": ""Common"", ""type"": ""Frickin' Bone"", ""number"": ""33"", ""allegiance"": ""Good"", ""vibes_needed_shag_groovy"": ""1"", ""vibes_needed_shag_randy"": ""1"", ""vibes_needed_shag_creepy"": ""1"", ""vibes_needed_assassinate_groovy"": ""1"", ""vibes_needed_assassinate_shagadelic"": ""2"", ""dot_color"": ""Yellow"", ""score_amount"": ""15"", ""score_type"": ""Mojo"", ""item_dimensions"": ""{\u0022height\u0022: \u00223.5\u0022, \u0022width\u0022: \u00222.5\u0022, \u0022unit\u0022: \u0022inch\u0022}""}",94728358-cb3b-4fca-ad51-75f809b6f38d,e341ac4c-072f-41a1-9abf-90e3dc815199,Crikey!,Crikey!,{},austin-powers-collectible-card-game_the-spy-who-shagged-me_crikey!
be33723b-27d4-4dad-9a18-1feb21900c01,item,1,1,"{""obverse"": ""austin-powers-collectible-card-game_the-spy-who-shagged-me_hop-on-the-good-foot-and-do-the-bad-thing-"", ""reverse"": ""austin-powers-collectible-card-game_card-back""}","{""name_printed"": ""Hop on the good foot and do the bad thing."", ""rarity"": ""Common"", ""type"": ""Frickin' Bone"", ""number"": ""34"", ""allegiance"": ""Good"", ""vibes_needed_shag_groovy"": ""1"", ""vibes_needed_shag_randy"": ""1"", ""vibes_needed_assassinate_creepy"": ""2"", ""dot_color"": ""Blue"", ""score_amount"": ""10"", ""score_type"": ""Mojo"", ""item_dimensions"": ""{\u0022height\u0022: \u00223.5\u0022, \u0022width\u0022: \u00222.5\u0022, \u0022unit\u0022: \u0022inch\u0022}""}",94728358-cb3b-4fca-ad51-75f809b6f38d,e341ac4c-072f-41a1-9abf-90e3dc815199,Hop on the good foot and do the bad thing.,Hop on the good foot and do the bad thing.,{},austin-powers-collectible-card-game_the-spy-who-shagged-me_hop-on-the-good-foot-and-do-the-bad-thing-
f437e3e9-c1a4-452b-b172-9cb9f602d38c,item,1,1,"{""obverse"": ""austin-powers-collectible-card-game_the-spy-who-shagged-me_how-does-that-feel,-baby-"", ""reverse"": ""austin-powers-collectible-card-game_card-back""}","{""name_printed"": ""How does that feel, baby?"", ""rarity"": ""Common"", ""type"": ""Frickin' Bone"", ""number"": ""35"", ""allegiance"": ""Good"", ""vibes_needed_shag_shagadelic"": ""2"", ""vibes_needed_assassinate_groovy"": ""1"", ""vibes_needed_assassinate_creepy"": ""1"", ""dot_color"": ""Blue"", ""score_amount"": ""10"", ""score_type"": ""Mojo"", ""item_dimensions"": ""{\u0022height\u0022: \u00223.5\u0022, \u0022width\u0022: \u00222.5\u0022, \u0022unit\u0022: \u0022inch\u0022}""}",94728358-cb3b-4fca-ad51-75f809b6f38d,e341ac4c-072f-41a1-9abf-90e3dc815199,"How does that feel, baby?","How does that feel, baby?",{},"austin-powers-collectible-card-game_the-spy-who-shagged-me_how-does-that-feel,-baby-"
dc85c35c-465a-4dea-afa1-eac03cf13135,item,1,1,"{""obverse"": ""austin-powers-collectible-card-game_the-spy-who-shagged-me_i-am-a-sexy-bitch!"", ""reverse"": ""austin-powers-collectible-card-game_card-back""}","{""name_printed"": ""I am a sexy bitch!"", ""rarity"": ""Uncommon"", ""type"": ""Frickin' Bone"", ""number"": ""36"", ""allegiance"": ""Good"", ""vibes_needed_shag_groovy"": ""1"", ""vibes_needed_shag_shagadelic"": ""1"", ""vibes_needed_shag_randy"": ""1"", ""vibes_needed_assassinate_randy"": ""1"", ""vibes_needed_assassinate_creepy"": ""2"", ""dot_color"": ""Yellow"", ""score_amount"": ""15"", ""score_type"": ""Mojo"", ""item_dimensions"": ""{\u0022height\u0022: \u00223.5\u0022, \u0022width\u0022: \u00222.5\u0022, \u0022unit\u0022: \u0022inch\u0022}""}",94728358-cb3b-4fca-ad51-75f809b6f38d,e341ac4c-072f-41a1-9abf-90e3dc815199,I am a sexy bitch!,I am a sexy bitch!,{},austin-powers-collectible-card-game_the-spy-who-shagged-me_i-am-a-sexy-bitch!
b848cae4-4b71-4677-96b6-f1e4a6c84730,item,1,1,"{""obverse"": ""austin-powers-collectible-card-game_the-spy-who-shagged-me_i-put-the-grr-in-swinger,-baby-"", ""reverse"": ""austin-powers-collectible-card-game_card-back""}","{""name_printed"": ""I put the GRR in swinger, baby."", ""rarity"": ""Common"", ""type"": ""Frickin' Bone"", ""number"": ""37"", ""allegiance"": ""Good"", ""vibes_needed_shag_groovy"": ""1"", ""vibes_needed_shag_creepy"": ""1"", ""vibes_needed_assassinate_shagadelic"": ""2"", ""dot_color"": ""Blue"", ""score_amount"": ""10"", ""score_type"": ""Mojo"", ""item_dimensions"": ""{\u0022height\u0022: \u00223.5\u0022, \u0022width\u0022: \u00222.5\u0022, \u0022unit\u0022: \u0022inch\u0022}""}",94728358-cb3b-4fca-ad51-75f809b6f38d,e341ac4c-072f-41a1-9abf-90e3dc815199,"I put the GRR in swinger, baby.","I put the GRR in swinger, baby.",{},"austin-powers-collectible-card-game_the-spy-who-shagged-me_i-put-the-grr-in-swinger,-baby-"
fc9c5709-f327-40a4-8ce2-285fb829427f,item,1,1,"{""obverse"": ""austin-powers-collectible-card-game_the-spy-who-shagged-me_i'll-cover-your-rear-"", ""reverse"": ""austin-powers-collectible-card-game_card-back""}","{""name_printed"": ""I'll cover your rear."", ""rarity"": ""Uncommon"", ""type"": ""Frickin' Bone"", ""number"": ""38"", ""allegiance"": ""Good"", ""vibes_needed_shag_groovy"": ""2"", ""vibes_needed_shag_shagadelic"": ""1"", ""vibes_needed_assassinate_randy"": ""2"", ""vibes_needed_assassinate_creepy"": ""1"", ""dot_color"": ""Yellow"", ""score_amount"": ""15"", ""score_type"": ""Mojo"", ""item_dimensions"": ""{\u0022height\u0022: \u00223.5\u0022, \u0022width\u0022: \u00222.5\u0022, \u0022unit\u0022: \u0022inch\u0022}""}",94728358-cb3b-4fca-ad51-75f809b6f38d,e341ac4c-072f-41a1-9abf-90e3dc815199,I'll cover your rear.,I'll cover your rear.,{},austin-powers-collectible-card-game_the-spy-who-shagged-me_i'll-cover-your-rear-
1a41b53f-73c3-4fd0-8a0f-b8b5d9961719,item,1,1,"{""obverse"": ""austin-powers-collectible-card-game_the-spy-who-shagged-me_i'm-even-better-off-my-feet-"", ""reverse"": ""austin-powers-collectible-card-game_card-back""}","{""name_printed"": ""I'm even better off my feet."", ""rarity"": ""Common"", ""type"": ""Frickin' Bone"", ""number"": ""39"", ""allegiance"": ""Good"", ""vibes_needed_shag_groovy"": ""2"", ""vibes_needed_shag_creepy"": ""1"", ""vibes_needed_assassinate_shagadelic"": ""2"", ""vibes_needed_assassinate_randy"": ""1"", ""dot_color"": ""Yellow"", ""score_amount"": ""15"", ""score_type"": ""Mojo"", ""item_dimensions"": ""{\u0022height\u0022: \u00223.5\u0022, \u0022width\u0022: \u00222.5\u0022, \u0022unit\u0022: \u0022inch\u0022}""}",94728358-cb3b-4fca-ad51-75f809b6f38d,e341ac4c-072f-41a1-9abf-90e3dc815199,I'm even better off my feet.,I'm even better off my feet.,{},austin-powers-collectible-card-game_the-spy-who-shagged-me_i'm-even-better-off-my-feet-
61154392-872e-479b-a527-e9df7807e098,item,1,1,"{""obverse"": ""austin-powers-collectible-card-game_the-spy-who-shagged-me_i've-beaten-dr--evil-before-and-i'll-beat-him-again-"", ""reverse"": ""austin-powers-collectible-card-game_card-back""}","{""name_printed"": ""I've beaten Dr. Evil before and I'll beat him again."", ""rarity"": ""Common"", ""type"": ""Frickin' Bone"", ""number"": ""40"", ""allegiance"": ""Good"", ""vibes_needed_shag_shagadelic"": ""2"", ""vibes_needed_shag_randy"": ""1"", ""vibes_needed_assassinate_groovy"": ""1"", ""vibes_needed_assassinate_creepy"": ""2"", ""dot_color"": ""Yellow"", ""score_amount"": ""15"", ""score_type"": ""Mojo"", ""item_dimensions"": ""{\u0022height\u0022: \u00223.5\u0022, \u0022width\u0022: \u00222.5\u0022, \u0022unit\u0022: \u0022inch\u0022}""}",94728358-cb3b-4fca-ad51-75f809b6f38d,e341ac4c-072f-41a1-9abf-90e3dc815199,I've beaten Dr. Evil before and I'll beat him again.,I've beaten Dr. Evil before and I'll beat him again.,{},austin-powers-collectible-card-game_the-spy-who-shagged-me_i've-beaten-dr--evil-before-and-i'll-beat-him-again-
70a4bd43-361a-4116-a80a-eb8e7e46731b,item,1,1,"{""obverse"": ""austin-powers-collectible-card-game_the-spy-who-shagged-me_it's-just-not-in-the-cards-now,-is-it-"", ""reverse"": ""austin-powers-collectible-card-game_card-back""}","{""name_printed"": ""It's just not in the cards now, is it?"", ""rarity"": ""Common"", ""type"": ""Frickin' Bone"", ""number"": ""41"", ""allegiance"": ""Good"", ""vibes_needed_shag_randy"": ""1"", ""vibes_needed_shag_creepy"": ""1"", ""vibes_needed_assassinate_groovy"": ""1"", ""vibes_needed_assassinate_shagadelic"": ""1"", ""dot_color"": ""Blue"", ""score_amount"": ""10"", ""score_type"": ""Mojo"", ""item_dimensions"": ""{\u0022height\u0022: \u00223.5\u0022, \u0022width\u0022: \u00222.5\u0022, \u0022unit\u0022: \u0022inch\u0022}""}",94728358-cb3b-4fca-ad51-75f809b6f38d,e341ac4c-072f-41a1-9abf-90e3dc815199,"It's just not in the cards now, is it?","It's just not in the cards now, is it?",{},"austin-powers-collectible-card-game_the-spy-who-shagged-me_it's-just-not-in-the-cards-now,-is-it-"
733cf2e2-70d8-4d2e-987f-0035445569a1,item,1,1,"{""obverse"": ""austin-powers-collectible-card-game_the-spy-who-shagged-me_move-over,-rover--this-chick-is-taking-over-"", ""reverse"": ""austin-powers-collectible-card-game_card-back""}","{""name_printed"": ""Move over, Rover. This chick is taking over."", ""rarity"": ""Common"", ""type"": ""Frickin' Bone"", ""number"": ""42"", ""allegiance"": ""Good"", ""vibes_needed_shag_groovy"": ""1"", ""vibes_needed_shag_shagadelic"": ""1"", ""vibes_needed_shag_creepy"": ""1"", ""vibes_needed_assassinate_shagadelic"": ""1"", ""vibes_needed_assassinate_randy"": ""2"", ""dot_color"": ""Yellow"", ""score_amount"": ""15"", ""score_type"": ""Mojo"", ""item_dimensions"": ""{\u0022height\u0022: \u00223.5\u0022, \u0022width\u0022: \u00222.5\u0022, \u0022unit\u0022: \u0022inch\u0022}""}",94728358-cb3b-4fca-ad51-75f809b6f38d,e341ac4c-072f-41a1-9abf-90e3dc815199,"Move over, Rover. This chick is taking over.","Move over, Rover. This chick is taking over.",{},"austin-powers-collectible-card-game_the-spy-who-shagged-me_move-over,-rover--this-chick-is-taking-over-"
88f2f4a7-c0d6-4a31-ad56-6a87bf34b0f0,item,1,1,"{""obverse"": ""austin-powers-collectible-card-game_the-spy-who-shagged-me_oh,-behave-"", ""reverse"": ""austin-powers-collectible-card-game_card-back""}","{""name_printed"": ""Oh, behave."", ""rarity"": ""Common"", ""type"": ""Frickin' Bone"", ""number"": ""43"", ""allegiance"": ""Good"", ""vibes_needed_shag_randy"": ""1"", ""vibes_needed_shag_creepy"": ""2"", ""vibes_needed_assassinate_groovy"": ""2"", ""vibes_needed_assassinate_shagadelic"": ""1"", ""dot_color"": ""Yellow"", ""score_amount"": ""15"", ""score_type"": ""Mojo"", ""item_dimensions"": ""{\u0022height\u0022: \u00223.5\u0022, \u0022width\u0022: \u00222.5\u0022, \u0022unit\u0022: \u0022inch\u0022}""}",94728358-cb3b-4fca-ad51-75f809b6f38d,e341ac4c-072f-41a1-9abf-90e3dc815199,"Oh, behave.","Oh, behave.",{},"austin-powers-collectible-card-game_the-spy-who-shagged-me_oh,-behave-"
2982cfed-17de-4394-bb15-b87b46a0886c,item,1,1,"{""obverse"": ""austin-powers-collectible-card-game_the-spy-who-shagged-me_the-swinger-has-landed-"", ""reverse"": ""austin-powers-collectible-card-game_card-back""}","{""name_printed"": ""The swinger has landed."", ""rarity"": ""Uncommon"", ""type"": ""Frickin' Bone"", ""number"": ""44"", ""allegiance"": ""Good"", ""vibes_needed_shag_groovy"": ""2"", ""vibes_needed_assassinate_randy"": ""1"", ""vibes_needed_assassinate_creepy"": ""1"", ""dot_color"": ""Uncommon"", ""score_amount"": ""10"", ""score_type"": ""Mojo"", ""item_dimensions"": ""{\u0022height\u0022: \u00223.5\u0022, \u0022width\u0022: \u00222.5\u0022, \u0022unit\u0022: \u0022inch\u0022}""}",94728358-cb3b-4fca-ad51-75f809b6f38d,e341ac4c-072f-41a1-9abf-90e3dc815199,The swinger has landed.,The swinger has landed.,{},austin-powers-collectible-card-game_the-spy-who-shagged-me_the-swinger-has-landed-
b0021250-31d0-49c5-8d4c-263ebc4ba346,item,1,1,"{""obverse"": ""austin-powers-collectible-card-game_the-spy-who-shagged-me_what-do-you-think-of-these,-my-man-"", ""reverse"": ""austin-powers-collectible-card-game_card-back""}","{""name_printed"": ""What do you think of these, my man?"", ""rarity"": ""Common"", ""type"": ""Frickin' Bone"", ""number"": ""45"", ""allegiance"": ""Good"", ""vibes_needed_shag_shagadelic"": ""1"", ""vibes_needed_shag_randy"": ""2"", ""vibes_needed_assassinate_groovy"": ""2"", ""vibes_needed_assassinate_creepy"": ""1"", ""dot_color"": ""Yellow"", ""score_amount"": ""15"", ""score_type"": ""Mojo"", ""item_dimensions"": ""{\u0022height\u0022: \u00223.5\u0022, \u0022width\u0022: \u00222.5\u0022, \u0022unit\u0022: \u0022inch\u0022}""}",94728358-cb3b-4fca-ad51-75f809b6f38d,e341ac4c-072f-41a1-9abf-90e3dc815199,"What do you think of these, my man?","What do you think of these, my man?",{},"austin-powers-collectible-card-game_the-spy-who-shagged-me_what-do-you-think-of-these,-my-man-"
4704d5ef-0f57-4e97-a02a-7fd8533385d1,item,1,1,"{""obverse"": ""austin-powers-collectible-card-game_the-spy-who-shagged-me_why-won't-you-die-"", ""reverse"": ""austin-powers-collectible-card-game_card-back""}","{""name_printed"": ""Why won't you DIE?"", ""rarity"": ""Common"", ""type"": ""Frickin' Bone"", ""number"": ""46"", ""allegiance"": ""Good"", ""vibes_needed_shag_creepy"": ""2"", ""vibes_needed_assassinate_shagadelic"": ""1"", ""vibes_needed_assassinate_randy"": ""1"", ""dot_color"": ""Blue"", ""score_amount"": ""10"", ""score_type"": ""Mojo"", ""item_dimensions"": ""{\u0022height\u0022: \u00223.5\u0022, \u0022width\u0022: \u00222.5\u0022, \u0022unit\u0022: \u0022inch\u0022}""}",94728358-cb3b-4fca-ad51-75f809b6f38d,e341ac4c-072f-41a1-9abf-90e3dc815199,Why won't you DIE?,Why won't you DIE?,{},austin-powers-collectible-card-game_the-spy-who-shagged-me_why-won't-you-die-
6ae02721-4313-43b7-adb5-5d6649dabd26,item,1,1,"{""obverse"": ""austin-powers-collectible-card-game_the-spy-who-shagged-me_yeah,-baby!"", ""reverse"": ""austin-powers-collectible-card-game_card-back""}","{""name_printed"": ""Yeah, baby!"", ""rarity"": ""Common"", ""type"": ""Frickin' Bone"", ""number"": ""47"", ""allegiance"": ""Good"", ""vibes_needed_shag_shagadelic"": ""1"", ""vibes_needed_shag_creepy"": ""1"", ""vibes_needed_assassinate_groovy"": ""1"", ""vibes_needed_assassinate_randy"": ""1"", ""dot_color"": ""Blue"", ""score_amount"": ""10"", ""score_type"": ""Mojo"", ""item_dimensions"": ""{\u0022height\u0022: \u00223.5\u0022, \u0022width\u0022: \u00222.5\u0022, \u0022unit\u0022: \u0022inch\u0022}""}",94728358-cb3b-4fca-ad51-75f809b6f38d,e341ac4c-072f-41a1-9abf-90e3dc815199,"Yeah, baby!","Yeah, baby!",{},"austin-powers-collectible-card-game_the-spy-who-shagged-me_yeah,-baby!"
10b415b6-e2f9-444c-b305-878cda4978e9,item,1,1,"{""obverse"": ""austin-powers-collectible-card-game_the-spy-who-shagged-me_you-are-one-groovy-baby----baby-"", ""reverse"": ""austin-powers-collectible-card-game_card-back""}","{""name_printed"": ""You are one groovy baby... baby."", ""rarity"": ""Uncommon"", ""type"": ""Frickin' Bone"", ""number"": ""48"", ""allegiance"": ""Good"", ""vibes_needed_shag_shagadelic"": ""1"", ""vibes_needed_shag_randy"": ""1"", ""vibes_needed_assassinate_groovy"": ""2"", ""dot_color"": ""Blue"", ""score_amount"": ""10"", ""score_type"": ""Mojo"", ""item_dimensions"": ""{\u0022height\u0022: \u00223.5\u0022, \u0022width\u0022: \u00222.5\u0022, \u0022unit\u0022: \u0022inch\u0022}""}",94728358-cb3b-4fca-ad51-75f809b6f38d,e341ac4c-072f-41a1-9abf-90e3dc815199,You are one groovy baby... baby.,You are one groovy baby... baby.,{},austin-powers-collectible-card-game_the-spy-who-shagged-me_you-are-one-groovy-baby----baby-
0b0284bd-e3be-4de1-addd-af4b0883be89,item,1,1,"{""obverse"": ""austin-powers-collectible-card-game_the-spy-who-shagged-me_you-don't-have-to-be-cute-with-me-"", ""reverse"": ""austin-powers-collectible-card-game_card-back""}","{""name_printed"": ""You don't have to be cute with me."", ""rarity"": ""Common"", ""type"": ""Frickin' Bone"", ""number"": ""49"", ""allegiance"": ""Good"", ""vibes_needed_shag_groovy"": ""1"", ""vibes_needed_shag_shagadelic"": ""1"", ""vibes_needed_assassinate_randy"": ""2"", ""dot_color"": ""Blue"", ""score_amount"": ""10"", ""score_type"": ""Mojo"", ""item_dimensions"": ""{\u0022height\u0022: \u00223.5\u0022, \u0022width\u0022: \u00222.5\u0022, \u0022unit\u0022: \u0022inch\u0022}""}",94728358-cb3b-4fca-ad51-75f809b6f38d,e341ac4c-072f-41a1-9abf-90e3dc815199,You don't have to be cute with me.,You don't have to be cute with me.,{},austin-powers-collectible-card-game_the-spy-who-shagged-me_you-don't-have-to-be-cute-with-me-
710763d7-4cce-435c-b1ec-7ac9225b72e2,item,1,1,"{""obverse"": ""austin-powers-collectible-card-game_the-spy-who-shagged-me_austin-powers'-kama-sutra"", ""reverse"": ""austin-powers-collectible-card-game_card-back""}","{""name_printed"": ""Austin Powers' Kama Sutra"", ""rarity"": ""Common"", ""type"": ""Swinger"", ""number"": ""50"", ""allegiance"": ""Good"", ""dot_color"": ""Orange"", ""rule_text"": ""Play on table. Your Randy Vibes now also provide Shagadelic Vibes. OR If you have these Vibes {Shagadelic 1} {Randy 2} choose an opponent to take one of their scored Shaggers and play them on table."", ""item_dimensions"": ""{\u0022height\u0022: \u00223.5\u0022, \u0022width\u0022: \u00222.5\u0022, \u0022unit\u0022: \u0022inch\u0022}""}",94728358-cb3b-4fca-ad51-75f809b6f38d,e341ac4c-072f-41a1-9abf-90e3dc815199,Austin Powers' Kama Sutra,Austin Powers' Kama Sutra,{},austin-powers-collectible-card-game_the-spy-who-shagged-me_austin-powers'-kama-sutra
47ace7c8-0978-46e6-b490-824cc5bf9c38,item,1,1,"{""obverse"": ""austin-powers-collectible-card-game_the-spy-who-shagged-me_austin's-magnifying-specs"", ""reverse"": ""austin-powers-collectible-card-game_card-back""}","{""name_printed"": ""Austin's Magnifying Specs"", ""rarity"": ""Uncommon"", ""type"": ""Swinger"", ""number"": ""51"", ""allegiance"": ""Good"", ""dot_color"": ""Orange"", ""rule_text"": ""Look at any player's hand. This does not cost you an action if you have an active Austin. OR If you have these Vibes {Groovy 1} {Creepy 2} play on table. Discard to double the number of cards one of your Happenings is forcing an opponent to discard. (Limit once per Happening)"", ""item_dimensions"": ""{\u0022height\u0022: \u00223.5\u0022, \u0022width\u0022: \u00222.5\u0022, \u0022unit\u0022: \u0022inch\u0022}""}",94728358-cb3b-4fca-ad51-75f809b6f38d,e341ac4c-072f-41a1-9abf-90e3dc815199,Austin's Magnifying Specs,Austin's Magnifying Specs,{},austin-powers-collectible-card-game_the-spy-who-shagged-me_austin's-magnifying-specs
29a473fa-f6c8-4677-9e20-df5957dda0b1,item,1,1,"{""obverse"": ""austin-powers-collectible-card-game_the-spy-who-shagged-me_cryo-chamber"", ""reverse"": ""austin-powers-collectible-card-game_card-back""}","{""name_printed"": ""Cryo Chamber"", ""rarity"": ""Common"", ""type"": ""Swinger"", ""number"": ""52"", ""allegiance"": ""Good"", ""dot_color"": ""Orange"", ""rule_text"": ""Take one Agent from your score pile and play them on table. OR If you have these Vibes {Groovy 1} {Randy 1} play on table. You may not gain or lose Mojo. (Discard any card you would normally score). You may discard this card at end of any player's turn."", ""item_dimensions"": ""{\u0022height\u0022: \u00223.5\u0022, \u0022width\u0022: \u00222.5\u0022, \u0022unit\u0022: \u0022inch\u0022}""}",94728358-cb3b-4fca-ad51-75f809b6f38d,e341ac4c-072f-41a1-9abf-90e3dc815199,Cryo Chamber,Cryo Chamber,{},austin-powers-collectible-card-game_the-spy-who-shagged-me_cryo-chamber
372e4bd8-65a4-4d2e-8d27-3d4d1ec4e83f,item,1,1,"{""obverse"": ""austin-powers-collectible-card-game_the-spy-who-shagged-me_felicity's-corvette"", ""reverse"": ""austin-powers-collectible-card-game_card-back""}","{""name_printed"": ""Felicity's Corvette"", ""rarity"": ""Uncommon"", ""type"": ""Swinger"", ""number"": ""53"", ""allegiance"": ""Good"", ""dot_color"": ""Orange"", ""rule_text"": ""Play on table. Discard at any time to provide all the Vibes required by any one card. OR If you have these Vibes {Shagadelic 1} {Randy 1} {Creepy 1} take one Felicity and/or Austin in your discard pile and play them on table."", ""item_dimensions"": ""{\u0022height\u0022: \u00223.5\u0022, \u0022width\u0022: \u00222.5\u0022, \u0022unit\u0022: \u0022inch\u0022}""}",94728358-cb3b-4fca-ad51-75f809b6f38d,e341ac4c-072f-41a1-9abf-90e3dc815199,Felicity's Corvette,Felicity's Corvette,{},austin-powers-collectible-card-game_the-spy-who-shagged-me_felicity's-corvette
0868c04d-2ca3-4866-a96c-167c26339b49,item,1,1,"{""obverse"": ""austin-powers-collectible-card-game_the-spy-who-shagged-me_homing-device"", ""reverse"": ""austin-powers-collectible-card-game_card-back""}","{""name_printed"": ""Homing Device"", ""rarity"": ""Rare"", ""type"": ""Swinger"", ""number"": ""54"", ""allegiance"": ""Good"", ""dot_color"": ""Orange"", ""rule_text"": ""Play on table. As an action, you may discard one scored Felicity to force a player to discard one scored Mojo or Ransom of your choice. OR If you have these Vibes {Shagadelic 1} {Creepy 2} choose your Shagger to Shag an Agent in another player's score pile. (The losing Agent is discarded normally.)"", ""item_dimensions"": ""{\u0022height\u0022: \u00223.5\u0022, \u0022width\u0022: \u00222.5\u0022, \u0022unit\u0022: \u0022inch\u0022}""}",94728358-cb3b-4fca-ad51-75f809b6f38d,e341ac4c-072f-41a1-9abf-90e3dc815199,Homing Device,Homing Device,{},austin-powers-collectible-card-game_the-spy-who-shagged-me_homing-device
33aa6994-5798-4396-828d-d82bfbc03cd6,item,1,1,"{""obverse"": ""austin-powers-collectible-card-game_the-spy-who-shagged-me_human-shield"", ""reverse"": ""austin-powers-collectible-card-game_card-back""}","{""name_printed"": ""Human Shield"", ""rarity"": ""Fixed"", ""type"": ""Swinger"", ""number"": ""55"", ""allegiance"": ""Good"", ""dot_color"": ""Orange"", ""rule_text"": ""Play on table. If you are required to discard an active Agent or Swinger, you may discard this card instead. OR If you have these Vibes {Groovy 1} {Shagadelic 1} {Randy 1} exchange this card for up to two Frickin' Bones in your discard pile."", ""item_dimensions"": ""{\u0022height\u0022: \u00223.5\u0022, \u0022width\u0022: \u00222.5\u0022, \u0022unit\u0022: \u0022inch\u0022}""}",94728358-cb3b-4fca-ad51-75f809b6f38d,e341ac4c-072f-41a1-9abf-90e3dc815199,Human Shield,Human Shield,{},austin-powers-collectible-card-game_the-spy-who-shagged-me_human-shield
f19a418d-f247-42be-a0d3-fb5149672dde,item,1,1,"{""obverse"": ""austin-powers-collectible-card-game_the-spy-who-shagged-me_ménage-à-trois"", ""reverse"": ""austin-powers-collectible-card-game_card-back""}","{""name_printed"": ""Ménage à Trois"", ""rarity"": ""Uncommon"", ""type"": ""Swinger"", ""number"": ""56"", ""allegiance"": ""Good"", ""dot_color"": ""Orange"", ""rule_text"": ""Choose a player with at least three copies of the same card in their score pile. They must discard all of them. OR If you have these Vibes {Groovy 1} {Shagadelic 1} {Creepy 2} play on table. You may Shag one Agent using two of your Austins. (One Frickin' Bone lays on both.) Score both if you win, discard both if you lose."", ""item_dimensions"": ""{\u0022height\u0022: \u00223.5\u0022, \u0022width\u0022: \u00222.5\u0022, \u0022unit\u0022: \u0022inch\u0022}""}",94728358-cb3b-4fca-ad51-75f809b6f38d,e341ac4c-072f-41a1-9abf-90e3dc815199,Ménage à Trois,Ménage à Trois,{},austin-powers-collectible-card-game_the-spy-who-shagged-me_ménage-à-trois
8d2b5548-ce8a-4b3c-b43b-3ad1aaaca3da,item,1,1,"{""obverse"": ""austin-powers-collectible-card-game_the-spy-who-shagged-me_nicely-packed"", ""reverse"": ""austin-powers-collectible-card-game_card-back""}","{""name_printed"": ""Nicely Packed"", ""rarity"": ""Fixed"", ""type"": ""Swinger"", ""number"": ""57"", ""allegiance"": ""Good"", ""dot_color"": ""Orange"", ""rule_text"": ""Open a sealed Austin Powers booster pack. Play one Good Agent from it on table. Place other Good cards in hand. (You may do this only once per game.) OR If you have these Vibes {Groovy 1} {Shagadelic 1} {Creepy 2} play on table. Each turn, even up your hand to seven cards (instead of six)."", ""item_dimensions"": ""{\u0022height\u0022: \u00223.5\u0022, \u0022width\u0022: \u00222.5\u0022, \u0022unit\u0022: \u0022inch\u0022}""}",94728358-cb3b-4fca-ad51-75f809b6f38d,e341ac4c-072f-41a1-9abf-90e3dc815199,Nicely Packed,Nicely Packed,{},austin-powers-collectible-card-game_the-spy-who-shagged-me_nicely-packed
c5a93f38-5510-4ec8-8a3c-8cbdc7b843c2,item,1,1,"{""obverse"": ""austin-powers-collectible-card-game_the-spy-who-shagged-me_remote-control"", ""reverse"": ""austin-powers-collectible-card-game_card-back""}","{""name_printed"": ""Remote Control"", ""rarity"": ""Uncommon"", ""type"": ""Swinger"", ""number"": ""58"", ""allegiance"": ""Good"", ""dot_color"": ""Orange"", ""rule_text"": ""Play on table. Discard to \u0022mute\u0022 (cancel and discard) one Frickin' Bone played on an Agent attempting to Assassinate your Austin. OR If you have these Vibes {Groovy 2} {Shagadelic 1} reverse direction of play (counter-clockwise or clockwise) at end of your turn."", ""item_dimensions"": ""{\u0022height\u0022: \u00223.5\u0022, \u0022width\u0022: \u00222.5\u0022, \u0022unit\u0022: \u0022inch\u0022}""}",94728358-cb3b-4fca-ad51-75f809b6f38d,e341ac4c-072f-41a1-9abf-90e3dc815199,Remote Control,Remote Control,{},austin-powers-collectible-card-game_the-spy-who-shagged-me_remote-control
d3b29c6a-1cbf-4ef5-802e-d98e2b9e2375,item,1,1,"{""obverse"": ""austin-powers-collectible-card-game_the-spy-who-shagged-me_springin'-shindig"", ""reverse"": ""austin-powers-collectible-card-game_card-back""}","{""name_printed"": ""Springin' Shindig"", ""rarity"": ""Uncommon"", ""type"": ""Swinger"", ""number"": ""59"", ""allegiance"": ""Good"", ""dot_color"": ""Orange"", ""rule_text"": ""Play on table. Your Groovy Vibes now also provide Creepy Vibes. OR If you have these Vibes {Groovy 2} {Randy 1} {Creepy 1} each player chooses one of their Assassins. Begin an Assassination involving all of them. Winning Agent scores: losers are discarded."", ""item_dimensions"": ""{\u0022height\u0022: \u00223.5\u0022, \u0022width\u0022: \u00222.5\u0022, \u0022unit\u0022: \u0022inch\u0022}""}",94728358-cb3b-4fca-ad51-75f809b6f38d,e341ac4c-072f-41a1-9abf-90e3dc815199,Springin' Shindig,Springin' Shindig,{},austin-powers-collectible-card-game_the-spy-who-shagged-me_springin'-shindig
76695f75-0c92-47b7-83e9-958ccc7ed482,item,1,1,"{""obverse"": ""austin-powers-collectible-card-game_the-spy-who-shagged-me_time-beetle"", ""reverse"": ""austin-powers-collectible-card-game_card-back""}","{""name_printed"": ""Time Beetle"", ""rarity"": ""Common"", ""type"": ""Swinger"", ""number"": ""60"", ""allegiance"": ""Good"", ""dot_color"": ""Orange"", ""rule_text"": ""Play on table. If your Austin is Assassinated, you may place him on top of your draw deck. OR If you have these Vibes {Groovy 1} {Creepy 1} take one Agent from your discard pile and play them on table."", ""item_dimensions"": ""{\u0022height\u0022: \u00223.5\u0022, \u0022width\u0022: \u00222.5\u0022, \u0022unit\u0022: \u0022inch\u0022}""}",94728358-cb3b-4fca-ad51-75f809b6f38d,e341ac4c-072f-41a1-9abf-90e3dc815199,Time Beetle,Time Beetle,{},austin-powers-collectible-card-game_the-spy-who-shagged-me_time-beetle
5f049d8b-8e0f-4090-b1de-2a17ea642b69,item,1,1,"{""obverse"": ""austin-powers-collectible-card-game_the-spy-who-shagged-me_yellow-submarine"", ""reverse"": ""austin-powers-collectible-card-game_card-back""}","{""name_printed"": ""Yellow Submarine"", ""rarity"": ""Uncommon"", ""type"": ""Swinger"", ""number"": ""61"", ""allegiance"": ""Good"", ""dot_color"": ""Orange"", ""rule_text"": ""Play on table. If you have only one active Agent, they cannot be Shagged or Assassinated. OR If you have these Vibes {Shagadelic 1} {Randy 2} choose a player to discard one scored Frickin' Bone."", ""item_dimensions"": ""{\u0022height\u0022: \u00223.5\u0022, \u0022width\u0022: \u00222.5\u0022, \u0022unit\u0022: \u0022inch\u0022}""}",94728358-cb3b-4fca-ad51-75f809b6f38d,e341ac4c-072f-41a1-9abf-90e3dc815199,Yellow Submarine,Yellow Submarine,{},austin-powers-collectible-card-game_the-spy-who-shagged-me_yellow-submarine
75d6ae1e-fdbf-417d-8870-e2d849d32890,item,1,1,"{""obverse"": ""austin-powers-collectible-card-game_the-spy-who-shagged-me_balcony-beauties"", ""reverse"": ""austin-powers-collectible-card-game_card-back""}","{""name_printed"": ""Balcony Beauties"", ""rarity"": ""Uncommon"", ""type"": ""Happening"", ""number"": ""62"", ""allegiance"": ""Good"", ""dot_color"": ""Red"", ""score_amount"": ""5"", ""score_type"": ""Mojo"", ""rule_text"": ""Make a peace sign. Last player to do the same must discard one Frickin' Bone in their score pile."", ""item_dimensions"": ""{\u0022height\u0022: \u00223.5\u0022, \u0022width\u0022: \u00222.5\u0022, \u0022unit\u0022: \u0022inch\u0022}""}",94728358-cb3b-4fca-ad51-75f809b6f38d,e341ac4c-072f-41a1-9abf-90e3dc815199,Balcony Beauties,Balcony Beauties,{},austin-powers-collectible-card-game_the-spy-who-shagged-me_balcony-beauties
b1c3d91b-670a-4a34-b916-4b5c532281be,item,1,1,"{""obverse"": ""austin-powers-collectible-card-game_the-spy-who-shagged-me_bottoms-up"", ""reverse"": ""austin-powers-collectible-card-game_card-back""}","{""name_printed"": ""Bottoms Up"", ""rarity"": ""Common"", ""type"": ""Happening"", ""number"": ""63"", ""allegiance"": ""Good"", ""dot_color"": ""Red"", ""score_amount"": ""5"", ""score_type"": ""Mojo"", ""rule_text"": ""Make a peace sign. Last player to do the same must show you their hand."", ""item_dimensions"": ""{\u0022height\u0022: \u00223.5\u0022, \u0022width\u0022: \u00222.5\u0022, \u0022unit\u0022: \u0022inch\u0022}""}",94728358-cb3b-4fca-ad51-75f809b6f38d,e341ac4c-072f-41a1-9abf-90e3dc815199,Bottoms Up,Bottoms Up,{},austin-powers-collectible-card-game_the-spy-who-shagged-me_bottoms-up
011899a8-672d-4436-8278-f882251f46d2,item,1,1,"{""obverse"": ""austin-powers-collectible-card-game_the-spy-who-shagged-me_dance-of-the-randy-minx"", ""reverse"": ""austin-powers-collectible-card-game_card-back""}","{""name_printed"": ""Dance of the Randy Minx"", ""rarity"": ""Common"", ""type"": ""Happening"", ""number"": ""64"", ""allegiance"": ""Good"", ""dot_color"": ""Red"", ""score_amount"": ""5"", ""score_type"": ""Mojo"", ""rule_text"": ""Make a peace sign. Last player to do the same cannot play any Shaggers during their next turn."", ""item_dimensions"": ""{\u0022height\u0022: \u00223.5\u0022, \u0022width\u0022: \u00222.5\u0022, \u0022unit\u0022: \u0022inch\u0022}""}",94728358-cb3b-4fca-ad51-75f809b6f38d,e341ac4c-072f-41a1-9abf-90e3dc815199,Dance of the Randy Minx,Dance of the Randy Minx,{},austin-powers-collectible-card-game_the-spy-who-shagged-me_dance-of-the-randy-minx
d1abc697-c3b5-4edb-a2b5-914503a7c890,item,1,1,"{""obverse"": ""austin-powers-collectible-card-game_the-spy-who-shagged-me_flash-in-the-pad"", ""reverse"": ""austin-powers-collectible-card-game_card-back""}","{""name_printed"": ""Flash in the Pad"", ""rarity"": ""Uncommon"", ""type"": ""Happening"", ""number"": ""65"", ""allegiance"": ""Good"", ""dot_color"": ""Red"", ""score_amount"": ""5"", ""score_type"": ""Mojo"", ""rule_text"": ""Make a peace sign. Last player to do the same must exchange their highest scored Mojo or Ransom for a non-Swinger card in hand."", ""item_dimensions"": ""{\u0022height\u0022: \u00223.5\u0022, \u0022width\u0022: \u00222.5\u0022, \u0022unit\u0022: \u0022inch\u0022}""}",94728358-cb3b-4fca-ad51-75f809b6f38d,e341ac4c-072f-41a1-9abf-90e3dc815199,Flash in the Pad,Flash in the Pad,{},austin-powers-collectible-card-game_the-spy-who-shagged-me_flash-in-the-pad
dcdf9689-2317-4542-9469-cafd55e5bdbb,item,1,1,"{""obverse"": ""austin-powers-collectible-card-game_the-spy-who-shagged-me_no-jo"", ""reverse"": ""austin-powers-collectible-card-game_card-back""}","{""name_printed"": ""No-Jo"", ""rarity"": ""Uncommon"", ""type"": ""Happening"", ""number"": ""66"", ""allegiance"": ""Good"", ""dot_color"": ""Red"", ""score_amount"": ""5"", ""score_type"": ""Mojo"", ""rule_text"": ""Make a peace sign. Last player to do the same must discard one scored Mojo or Ransom at random."", ""item_dimensions"": ""{\u0022height\u0022: \u00223.5\u0022, \u0022width\u0022: \u00222.5\u0022, \u0022unit\u0022: \u0022inch\u0022}""}",94728358-cb3b-4fca-ad51-75f809b6f38d,e341ac4c-072f-41a1-9abf-90e3dc815199,No-Jo,No-Jo,{},austin-powers-collectible-card-game_the-spy-who-shagged-me_no-jo
6e0cea12-ee5b-458d-83b9-365bec43a557,item,1,1,"{""obverse"": ""austin-powers-collectible-card-game_the-spy-who-shagged-me_pit-of-liquid-hot-magma"", ""reverse"": ""austin-powers-collectible-card-game_card-back""}","{""name_printed"": ""Pit of Liquid Hot Magma"", ""rarity"": ""Common"", ""type"": ""Happening"", ""number"": ""67"", ""allegiance"": ""Good"", ""dot_color"": ""Red"", ""score_amount"": ""5"", ""score_type"": ""Mojo"", ""rule_text"": ""Make a peace sign. Last player to do the same must return one of their active Shaggers to their hand."", ""item_dimensions"": ""{\u0022height\u0022: \u00223.5\u0022, \u0022width\u0022: \u00222.5\u0022, \u0022unit\u0022: \u0022inch\u0022}""}",94728358-cb3b-4fca-ad51-75f809b6f38d,e341ac4c-072f-41a1-9abf-90e3dc815199,Pit of Liquid Hot Magma,Pit of Liquid Hot Magma,{},austin-powers-collectible-card-game_the-spy-who-shagged-me_pit-of-liquid-hot-magma
38cb5999-0a6d-41f9-a0a7-c21fa0586218,item,1,1,"{""obverse"": ""austin-powers-collectible-card-game_the-spy-who-shagged-me_shagette-forcefield"", ""reverse"": ""austin-powers-collectible-card-game_card-back""}","{""name_printed"": ""Shagette Forcefield"", ""rarity"": ""Common"", ""type"": ""Happening"", ""number"": ""68"", ""allegiance"": ""Good"", ""dot_color"": ""Red"", ""score_amount"": ""5"", ""score_type"": ""Mojo"", ""rule_text"": ""Make a peace sign. Last player to do the same cannot use their Shaggers during their next turn."", ""item_dimensions"": ""{\u0022height\u0022: \u00223.5\u0022, \u0022width\u0022: \u00222.5\u0022, \u0022unit\u0022: \u0022inch\u0022}""}",94728358-cb3b-4fca-ad51-75f809b6f38d,e341ac4c-072f-41a1-9abf-90e3dc815199,Shagette Forcefield,Shagette Forcefield,{},austin-powers-collectible-card-game_the-spy-who-shagged-me_shagette-forcefield
a5df872a-dd49-4871-9c8e-23b80caec28b,item,1,1,"{""obverse"": ""austin-powers-collectible-card-game_the-spy-who-shagged-me_spank-you-very-much"", ""reverse"": ""austin-powers-collectible-card-game_card-back""}","{""name_printed"": ""Spank You Very Much"", ""rarity"": ""Uncommon"", ""type"": ""Happening"", ""number"": ""69"", ""allegiance"": ""Good"", ""dot_color"": ""Red"", ""score_amount"": ""5"", ""score_type"": ""Mojo"", ""rule_text"": ""Make a peace sign. Last player to do the same must discard one Frickin' Bone from hand."", ""item_dimensions"": ""{\u0022height\u0022: \u00223.5\u0022, \u0022width\u0022: \u00222.5\u0022, \u0022unit\u0022: \u0022inch\u0022}""}",94728358-cb3b-4fca-ad51-75f809b6f38d,e341ac4c-072f-41a1-9abf-90e3dc815199,Spank You Very Much,Spank You Very Much,{},austin-powers-collectible-card-game_the-spy-who-shagged-me_spank-you-very-much
46f832d1-8aa7-4b46-9aac-de1cb0db8ec9,item,1,1,"{""obverse"": ""austin-powers-collectible-card-game_the-spy-who-shagged-me_synchronized-swinging"", ""reverse"": ""austin-powers-collectible-card-game_card-back""}","{""name_printed"": ""Synchronized Swinging"", ""rarity"": ""Common"", ""type"": ""Happening"", ""number"": ""70"", ""allegiance"": ""Good"", ""dot_color"": ""Red"", ""score_amount"": ""5"", ""score_type"": ""Mojo"", ""rule_text"": ""Make a peace sign. Last player to do the same must discard one of their Swingers on table (your choice)."", ""item_dimensions"": ""{\u0022height\u0022: \u00223.5\u0022, \u0022width\u0022: \u00222.5\u0022, \u0022unit\u0022: \u0022inch\u0022}""}",94728358-cb3b-4fca-ad51-75f809b6f38d,e341ac4c-072f-41a1-9abf-90e3dc815199,Synchronized Swinging,Synchronized Swinging,{},austin-powers-collectible-card-game_the-spy-who-shagged-me_synchronized-swinging
e5a2015f-8f28-4340-9a4e-a9236c9ae99d,item,1,1,"{""obverse"": ""austin-powers-collectible-card-game_the-spy-who-shagged-me_anita-boyd-woody-stalker"", ""reverse"": ""austin-powers-collectible-card-game_card-back""}","{""name_printed"": ""Anita Boyd Woody Stalker"", ""rarity"": ""Common"", ""type"": ""Agent"", ""number"": ""71"", ""allegiance"": ""Evil"", ""agent_type"": ""Assassin"", ""agent_gender"": ""Female"", ""vibes_shagadelic"": ""1"", ""vibes_randy"": ""1"", ""dot_color"": ""Purple"", ""score_amount"": ""25"", ""score_type"": ""Billions"", ""traits"": ""[\u0022Ship Agent\u0022]"", ""quote"": ""Woody! Woody Harrelson?"", ""item_dimensions"": ""{\u0022height\u0022: \u00223.5\u0022, \u0022width\u0022: \u00222.5\u0022, \u0022unit\u0022: \u0022inch\u0022}""}",94728358-cb3b-4fca-ad51-75f809b6f38d,e341ac4c-072f-41a1-9abf-90e3dc815199,Anita Boyd Woody Stalker,Anita Boyd Woody Stalker,{},austin-powers-collectible-card-game_the-spy-who-shagged-me_anita-boyd-woody-stalker
ec3f629c-1c63-43fd-ba51-3229e9c2da64,item,1,1,"{""obverse"": ""austin-powers-collectible-card-game_the-spy-who-shagged-me_carmen-gettit-heinie-toucher"", ""reverse"": ""austin-powers-collectible-card-game_card-back""}","{""name_printed"": ""Carmen Gettit Heinie Toucher"", ""rarity"": ""Fixed"", ""type"": ""Agent"", ""number"": ""72"", ""allegiance"": ""Evil"", ""agent_type"": ""Assassin"", ""agent_gender"": ""Female"", ""vibes_shagadelic"": ""1"", ""vibes_creepy"": ""1"", ""dot_color"": ""Purple"", ""score_amount"": ""25"", ""score_type"": ""Billions"", ""item_dimensions"": ""{\u0022height\u0022: \u00223.5\u0022, \u0022width\u0022: \u00222.5\u0022, \u0022unit\u0022: \u0022inch\u0022}""}",94728358-cb3b-4fca-ad51-75f809b6f38d,e341ac4c-072f-41a1-9abf-90e3dc815199,Carmen Gettit Heinie Toucher,Carmen Gettit Heinie Toucher,{},austin-powers-collectible-card-game_the-spy-who-shagged-me_carmen-gettit-heinie-toucher
0f7c61a5-c7d8-489e-84c7-9b44a115b1c4,item,1,1,"{""obverse"": ""austin-powers-collectible-card-game_the-spy-who-shagged-me_dr--evil-bent-on-world-domination"", ""reverse"": ""austin-powers-collectible-card-game_card-back""}","{""name_printed"": ""Dr. Evil Bent on World Domination"", ""rarity"": ""Fixed"", ""type"": ""Agent"", ""number"": ""73"", ""allegiance"": ""Evil"", ""agent_type"": ""Assassin"", ""agent_gender"": ""Male"", ""vibes_creepy"": ""2"", ""dot_color"": ""Green"", ""score_amount"": ""20"", ""score_type"": ""Billions"", ""item_dimensions"": ""{\u0022height\u0022: \u00223.5\u0022, \u0022width\u0022: \u00222.5\u0022, \u0022unit\u0022: \u0022inch\u0022}""}",94728358-cb3b-4fca-ad51-75f809b6f38d,e341ac4c-072f-41a1-9abf-90e3dc815199,Dr. Evil Bent on World Domination,Dr. Evil Bent on World Domination,{},austin-powers-collectible-card-game_the-spy-who-shagged-me_dr--evil-bent-on-world-domination
c7173cd5-8bfc-4fdf-ab7b-8471270fd9de,item,1,1,"{""obverse"": ""austin-powers-collectible-card-game_the-spy-who-shagged-me_dr--evil-in-quasi-futuristic-clothes"", ""reverse"": ""austin-powers-collectible-card-game_card-back""}","{""name_printed"": ""Dr. Evil In Quasi-Futuristic Clothes"", ""rarity"": ""Rare"", ""type"": ""Agent"", ""number"": ""74"", ""allegiance"": ""Evil"", ""agent_type"": ""Assassin"", ""agent_gender"": ""Male"", ""vibes_creepy"": ""3"", ""dot_color"": ""Green"", ""score_amount"": ""20"", ""score_type"": ""Billions"", ""rule_text"": ""When played, you may return one discarded Assassin to your hand."", ""item_dimensions"": ""{\u0022height\u0022: \u00223.5\u0022, \u0022width\u0022: \u00222.5\u0022, \u0022unit\u0022: \u0022inch\u0022}""}",94728358-cb3b-4fca-ad51-75f809b6f38d,e341ac4c-072f-41a1-9abf-90e3dc815199,Dr. Evil In Quasi-Futuristic Clothes,Dr. Evil In Quasi-Futuristic Clothes,{},austin-powers-collectible-card-game_the-spy-who-shagged-me_dr--evil-in-quasi-futuristic-clothes
1e6d830b-b6e0-4809-b4dd-47e990be16a8,item,1,1,"{""obverse"": ""austin-powers-collectible-card-game_the-spy-who-shagged-me_dr--evil-irresistible-mojo-juggernaut"", ""reverse"": ""austin-powers-collectible-card-game_card-back""}","{""name_printed"": ""Dr. Evil Irresistible Mojo Juggernaut"", ""rarity"": ""Rare"", ""type"": ""Agent"", ""number"": ""75"", ""allegiance"": ""Evil"", ""agent_type"": ""Shagger"", ""agent_gender"": ""Male"", ""vibes_shagadelic"": ""1"", ""vibes_randy"": ""2"", ""vibes_creepy"": ""1"", ""dot_color"": ""Green"", ""score_amount"": ""15"", ""score_type"": ""Billions"", ""rule_text"": ""When played, you may return up to two scored Frickin' Bones to your hand."", ""item_dimensions"": ""{\u0022height\u0022: \u00223.5\u0022, \u0022width\u0022: \u00222.5\u0022, \u0022unit\u0022: \u0022inch\u0022}""}",94728358-cb3b-4fca-ad51-75f809b6f38d,e341ac4c-072f-41a1-9abf-90e3dc815199,Dr. Evil Irresistible Mojo Juggernaut,Dr. Evil Irresistible Mojo Juggernaut,{},austin-powers-collectible-card-game_the-spy-who-shagged-me_dr--evil-irresistible-mojo-juggernaut
e4b32dea-4a50-44fa-80b1-de69cf378d3c,item,1,1,"{""obverse"": ""austin-powers-collectible-card-game_the-spy-who-shagged-me_fat-bastard-dead-sexy"", ""reverse"": ""austin-powers-collectible-card-game_card-back""}","{""name_printed"": ""Fat Bastard Dead Sexy"", ""rarity"": ""Rare"", ""type"": ""Agent"", ""number"": ""76"", ""allegiance"": ""Evil"", ""agent_type"": ""Shagger"", ""agent_gender"": ""Male"", ""vibes_randy"": ""1"", ""vibes_creepy"": ""2"", ""dot_color"": ""Green"", ""score_amount"": ""20"", ""score_type"": ""Billions"", ""rule_text"": ""When played, you may choose one opponent to discard one card from hand at random."", ""item_dimensions"": ""{\u0022height\u0022: \u00223.5\u0022, \u0022width\u0022: \u00222.5\u0022, \u0022unit\u0022: \u0022inch\u0022}""}",94728358-cb3b-4fca-ad51-75f809b6f38d,e341ac4c-072f-41a1-9abf-90e3dc815199,Fat Bastard Dead Sexy,Fat Bastard Dead Sexy,{},austin-powers-collectible-card-game_the-spy-who-shagged-me_fat-bastard-dead-sexy
531e1b28-ab89-4bfe-aed4-2726af5c209e,item,1,1,"{""obverse"": ""austin-powers-collectible-card-game_the-spy-who-shagged-me_fat-bastard-disgruntled-scottish-guard"", ""reverse"": ""austin-powers-collectible-card-game_card-back""}","{""name_printed"": ""Fat Bastard Disgruntled Scottish Guard"", ""rarity"": ""Uncommon"", ""type"": ""Agent"", ""number"": ""77"", ""allegiance"": ""Evil"", ""agent_type"": ""Assassin"", ""agent_gender"": ""Male"", ""vibes_creepy"": ""2"", ""dot_color"": ""Green"", ""score_amount"": ""25"", ""score_type"": ""Billions"", ""rule_text"": ""You may play this Agent and Bastard Bagpipes as a single action."", ""item_dimensions"": ""{\u0022height\u0022: \u00223.5\u0022, \u0022width\u0022: \u00222.5\u0022, \u0022unit\u0022: \u0022inch\u0022}""}",94728358-cb3b-4fca-ad51-75f809b6f38d,e341ac4c-072f-41a1-9abf-90e3dc815199,Fat Bastard Disgruntled Scottish Guard,Fat Bastard Disgruntled Scottish Guard,{},austin-powers-collectible-card-game_the-spy-who-shagged-me_fat-bastard-disgruntled-scottish-guard
e08f71f0-4d40-41e4-8d1b-54105f6ba5a5,item,1,1,"{""obverse"": ""austin-powers-collectible-card-game_the-spy-who-shagged-me_fembot-vanessa-kamikaze-bride"", ""reverse"": ""austin-powers-collectible-card-game_card-back""}","{""name_printed"": ""Fembot Vanessa Kamikaze Bride"", ""rarity"": ""Rare"", ""type"": ""Agent"", ""number"": ""78"", ""allegiance"": ""Evil"", ""agent_type"": ""Assassin"", ""agent_gender"": ""Female"", ""vibes_shagadelic"": ""1"", ""vibes_creepy"": ""2"", ""dot_color"": ""Purple"", ""score_amount"": ""20"", ""score_type"": ""Billions"", ""rule_text"": ""When played, you may choose any active Good Vanessa to be discarded."", ""item_dimensions"": ""{\u0022height\u0022: \u00223.5\u0022, \u0022width\u0022: \u00222.5\u0022, \u0022unit\u0022: \u0022inch\u0022}""}",94728358-cb3b-4fca-ad51-75f809b6f38d,e341ac4c-072f-41a1-9abf-90e3dc815199,Fembot Vanessa Kamikaze Bride,Fembot Vanessa Kamikaze Bride,{},austin-powers-collectible-card-game_the-spy-who-shagged-me_fembot-vanessa-kamikaze-bride
0777bee8-3dcf-4683-8a65-8bbcb7ef2afa,item,1,1,"{""obverse"": ""austin-powers-collectible-card-game_the-spy-who-shagged-me_frau-farbissina--laser--operator"", ""reverse"": ""austin-powers-collectible-card-game_card-back""}","{""name_printed"": ""Frau Farbissina \u0022Laser\u0022 Operator"", ""rarity"": ""Rare"", ""type"": ""Agent"", ""number"": ""79"", ""allegiance"": ""Evil"", ""agent_type"": ""Assassin"", ""agent_gender"": ""Female"", ""vibes_groovy"": ""1"", ""vibes_creepy"": ""1"", ""dot_color"": ""Purple"", ""score_amount"": ""25"", ""score_type"": ""Billions"", ""rule_text"": ""When played, you may (as your next action) \u0022aim\u0022 one Happening at player of your choice."", ""item_dimensions"": ""{\u0022height\u0022: \u00223.5\u0022, \u0022width\u0022: \u00222.5\u0022, \u0022unit\u0022: \u0022inch\u0022}""}",94728358-cb3b-4fca-ad51-75f809b6f38d,e341ac4c-072f-41a1-9abf-90e3dc815199,"Frau Farbissina ""Laser"" Operator","Frau Farbissina ""Laser"" Operator",{},austin-powers-collectible-card-game_the-spy-who-shagged-me_frau-farbissina--laser--operator
06f8b28a-951f-4fb5-a1bc-56aec8db4a29,item,1,1,"{""obverse"": ""austin-powers-collectible-card-game_the-spy-who-shagged-me_frau-farbissina-lpga-cruiser"", ""reverse"": ""austin-powers-collectible-card-game_card-back""}","{""name_printed"": ""Frau Farbissina LPGA Cruiser"", ""rarity"": ""Uncommon"", ""type"": ""Agent"", ""number"": ""80"", ""allegiance"": ""Evil"", ""agent_type"": ""Shagger"", ""agent_gender"": ""Female"", ""vibes_randy"": ""1"", ""vibes_creepy"": ""1"", ""dot_color"": ""Purple"", ""score_amount"": ""25"", ""score_type"": ""Billions"", ""rule_text"": ""If any Unibrau is active, this Agent cannot Shag (or be Shagged by) males, but may Shag females."", ""item_dimensions"": ""{\u0022height\u0022: \u00223.5\u0022, \u0022width\u0022: \u00222.5\u0022, \u0022unit\u0022: \u0022inch\u0022}""}",94728358-cb3b-4fca-ad51-75f809b6f38d,e341ac4c-072f-41a1-9abf-90e3dc815199,Frau Farbissina LPGA Cruiser,Frau Farbissina LPGA Cruiser,{},austin-powers-collectible-card-game_the-spy-who-shagged-me_frau-farbissina-lpga-cruiser
e930f709-1f92-494e-9bf1-b1537e1e1d92,item,1,1,"{""obverse"": ""austin-powers-collectible-card-game_the-spy-who-shagged-me_frau-farbissina-weird-momma"", ""reverse"": ""austin-powers-collectible-card-game_card-back""}","{""name_printed"": ""Frau Farbissina Weird Momma"", ""rarity"": ""Rare"", ""type"": ""Agent"", ""number"": ""81"", ""allegiance"": ""Evil"", ""agent_type"": ""Shagger"", ""agent_gender"": ""Female"", ""vibes_shagadelic"": ""1"", ""vibes_randy"": ""1"", ""vibes_creepy"": ""2"", ""dot_color"": ""Purple"", ""score_amount"": ""15"", ""score_type"": ""Billions"", ""rule_text"": ""When played, you may return one discarded Scott Evil to your hand."", ""item_dimensions"": ""{\u0022height\u0022: \u00223.5\u0022, \u0022width\u0022: \u00222.5\u0022, \u0022unit\u0022: \u0022inch\u0022}""}",94728358-cb3b-4fca-ad51-75f809b6f38d,e341ac4c-072f-41a1-9abf-90e3dc815199,Frau Farbissina Weird Momma,Frau Farbissina Weird Momma,{},austin-powers-collectible-card-game_the-spy-who-shagged-me_frau-farbissina-weird-momma
783d73dd-3ab4-488c-bc5c-719ea2bd8976,item,1,1,"{""obverse"": ""austin-powers-collectible-card-game_the-spy-who-shagged-me_ivana-humpalot-dr--evil's--pawn-"", ""reverse"": ""austin-powers-collectible-card-game_card-back""}","{""name_printed"": ""Ivana Humpalot Dr. Evil's \u0022Pawn\u0022"", ""rarity"": ""Rare"", ""type"": ""Agent"", ""number"": ""82"", ""allegiance"": ""Evil"", ""agent_type"": ""Shagger"", ""agent_gender"": ""Female"", ""vibes_shagadelic"": ""2"", ""vibes_randy"": ""1"", ""dot_color"": ""Purple"", ""score_amount"": ""20"", ""score_type"": ""Billions"", ""rule_text"": ""When played, you may choose an opponent to discard their lowest scored Mojo or Ransom."", ""item_dimensions"": ""{\u0022height\u0022: \u00223.5\u0022, \u0022width\u0022: \u00222.5\u0022, \u0022unit\u0022: \u0022inch\u0022}""}",94728358-cb3b-4fca-ad51-75f809b6f38d,e341ac4c-072f-41a1-9abf-90e3dc815199,"Ivana Humpalot Dr. Evil's ""Pawn""","Ivana Humpalot Dr. Evil's ""Pawn""",{},austin-powers-collectible-card-game_the-spy-who-shagged-me_ivana-humpalot-dr--evil's--pawn-
ca2664f5-9771-4161-95bf-062ebff8da9e,item,1,1,"{""obverse"": ""austin-powers-collectible-card-game_the-spy-who-shagged-me_ivana-humpalot-russian-tiger"", ""reverse"": ""austin-powers-collectible-card-game_card-back""}","{""name_printed"": ""Ivana Humpalot Russian Tiger"", ""rarity"": ""Uncommon"", ""type"": ""Agent"", ""number"": ""83"", ""allegiance"": ""Evil"", ""agent_type"": ""Assassin"", ""agent_gender"": ""Female"", ""vibes_groovy"": ""1"", ""vibes_shagadelic"": ""2"", ""dot_color"": ""Purple"", ""score_amount"": ""20"", ""score_type"": ""Billions"", ""rule_text"": ""Playing this Agent does not cost you an action if opponent has an active Rebecca Romijn."", ""item_dimensions"": ""{\u0022height\u0022: \u00223.5\u0022, \u0022width\u0022: \u00222.5\u0022, \u0022unit\u0022: \u0022inch\u0022}""}",94728358-cb3b-4fca-ad51-75f809b6f38d,e341ac4c-072f-41a1-9abf-90e3dc815199,Ivana Humpalot Russian Tiger,Ivana Humpalot Russian Tiger,{},austin-powers-collectible-card-game_the-spy-who-shagged-me_ivana-humpalot-russian-tiger
1970fe09-6dde-43df-a2c9-a98508ce14cb,item,1,1,"{""obverse"": ""austin-powers-collectible-card-game_the-spy-who-shagged-me_jerry-springer-talk-show-ringmaster"", ""reverse"": ""austin-powers-collectible-card-game_card-back""}","{""name_printed"": ""Jerry Springer Talk Show Ringmaster"", ""rarity"": ""Uncommon"", ""type"": ""Agent"", ""number"": ""84"", ""allegiance"": ""Evil"", ""agent_type"": ""Shagger"", ""agent_gender"": ""Male"", ""vibes_groovy"": ""1"", ""vibes_creepy"": ""1"", ""dot_color"": ""Green"", ""score_amount"": ""25"", ""score_type"": ""Billions"", ""rule_text"": ""You may play this Agent and Slugfest as a single action."", ""item_dimensions"": ""{\u0022height\u0022: \u00223.5\u0022, \u0022width\u0022: \u00222.5\u0022, \u0022unit\u0022: \u0022inch\u0022}""}",94728358-cb3b-4fca-ad51-75f809b6f38d,e341ac4c-072f-41a1-9abf-90e3dc815199,Jerry Springer Talk Show Ringmaster,Jerry Springer Talk Show Ringmaster,{},austin-powers-collectible-card-game_the-spy-who-shagged-me_jerry-springer-talk-show-ringmaster
fd4b7634-27fa-4730-8e8d-d8ef3f250b41,item,1,1,"{""obverse"": ""austin-powers-collectible-card-game_the-spy-who-shagged-me_joe-bazooka-marksman"", ""reverse"": ""austin-powers-collectible-card-game_card-back""}","{""name_printed"": ""Joe Bazooka Marksman"", ""rarity"": ""Common"", ""type"": ""Agent"", ""number"": ""85"", ""allegiance"": ""Evil"", ""agent_type"": ""Assassin"", ""agent_gender"": ""Male"", ""vibes_creepy"": ""1"", ""dot_color"": ""Green"", ""score_amount"": ""30"", ""score_type"": ""Billions"", ""rule_text"": ""Playing this Agent does not cost you an action if you have an active Robin Swallows"", ""item_dimensions"": ""{\u0022height\u0022: \u00223.5\u0022, \u0022width\u0022: \u00222.5\u0022, \u0022unit\u0022: \u0022inch\u0022}""}",94728358-cb3b-4fca-ad51-75f809b6f38d,e341ac4c-072f-41a1-9abf-90e3dc815199,Joe Bazooka Marksman,Joe Bazooka Marksman,{},austin-powers-collectible-card-game_the-spy-who-shagged-me_joe-bazooka-marksman
36ab35b9-8c9b-4a75-96e7-8cd38d9ef92c,item,1,1,"{""obverse"": ""austin-powers-collectible-card-game_the-spy-who-shagged-me_mini-me-in-quasi-futuristic-clothes"", ""reverse"": ""austin-powers-collectible-card-game_card-back""}","{""name_printed"": ""Mini-Me In Quasi-Futuristic Clothes"", ""rarity"": ""Rare"", ""type"": ""Agent"", ""number"": ""86"", ""allegiance"": ""Evil"", ""agent_type"": ""Assassin"", ""agent_gender"": ""Male"", ""vibes_groovy"": ""1"", ""vibes_randy"": ""1"", ""vibes_creepy"": ""1"", ""dot_color"": ""Green"", ""score_amount"": ""20"", ""score_type"": ""Billions"", ""rule_text"": ""Playing this Agent does not cost you an action if you have an active Dr. Evil."", ""item_dimensions"": ""{\u0022height\u0022: \u00223.5\u0022, \u0022width\u0022: \u00222.5\u0022, \u0022unit\u0022: \u0022inch\u0022}""}",94728358-cb3b-4fca-ad51-75f809b6f38d,e341ac4c-072f-41a1-9abf-90e3dc815199,Mini-Me In Quasi-Futuristic Clothes,Mini-Me In Quasi-Futuristic Clothes,{},austin-powers-collectible-card-game_the-spy-who-shagged-me_mini-me-in-quasi-futuristic-clothes
aa2dad77-f13b-4be8-bce8-6b1b2e9e3bac,item,1,1,"{""obverse"": ""austin-powers-collectible-card-game_the-spy-who-shagged-me_mini-me-vicious-little-chihuahua-thing"", ""reverse"": ""austin-powers-collectible-card-game_card-back""}","{""name_printed"": ""Mini-Me Vicious Little Chihuahua Thing"", ""rarity"": ""Rare"", ""type"": ""Agent"", ""number"": ""87"", ""allegiance"": ""Evil"", ""agent_type"": ""Assassin"", ""agent_gender"": ""Male"", ""vibes_randy"": ""1"", ""vibes_creepy"": ""2"", ""dot_color"": ""Green"", ""score_amount"": ""20"", ""score_type"": ""Billions"", ""rule_text"": ""When played, you may return one discarded Frickin' Bone to your hand."", ""item_dimensions"": ""{\u0022height\u0022: \u00223.5\u0022, \u0022width\u0022: \u00222.5\u0022, \u0022unit\u0022: \u0022inch\u0022}""}",94728358-cb3b-4fca-ad51-75f809b6f38d,e341ac4c-072f-41a1-9abf-90e3dc815199,Mini-Me Vicious Little Chihuahua Thing,Mini-Me Vicious Little Chihuahua Thing,{},austin-powers-collectible-card-game_the-spy-who-shagged-me_mini-me-vicious-little-chihuahua-thing
b3cd7a32-d125-4222-a30d-898ce3692580,item,1,1,"{""obverse"": ""austin-powers-collectible-card-game_the-spy-who-shagged-me_mustafa-tri-questa-phobic-assassin"", ""reverse"": ""austin-powers-collectible-card-game_card-back""}","{""name_printed"": ""Mustafa Tri-questa-phobic Assassin"", ""rarity"": ""Rare"", ""type"": ""Agent"", ""number"": ""88"", ""allegiance"": ""Evil"", ""agent_type"": ""Assassin"", ""agent_gender"": ""Male"", ""vibes_groovy"": ""2"", ""dot_color"": ""Green"", ""score_amount"": ""25"", ""score_type"": ""Billions"", ""rule_text"": ""When discarded after losing an Assassination, you may return him to your head."", ""item_dimensions"": ""{\u0022height\u0022: \u00223.5\u0022, \u0022width\u0022: \u00222.5\u0022, \u0022unit\u0022: \u0022inch\u0022}""}",94728358-cb3b-4fca-ad51-75f809b6f38d,e341ac4c-072f-41a1-9abf-90e3dc815199,Mustafa Tri-questa-phobic Assassin,Mustafa Tri-questa-phobic Assassin,{},austin-powers-collectible-card-game_the-spy-who-shagged-me_mustafa-tri-questa-phobic-assassin
5cd0abbf-d443-4995-beb7-54ce6e4b65b9,item,1,1,"{""obverse"": ""austin-powers-collectible-card-game_the-spy-who-shagged-me_number-two-healthy-and-youthful"", ""reverse"": ""austin-powers-collectible-card-game_card-back""}","{""name_printed"": ""Number Two Healthy and Youthful"", ""rarity"": ""Rare"", ""type"": ""Agent"", ""number"": ""89"", ""allegiance"": ""Evil"", ""agent_type"": ""Assassin"", ""agent_gender"": ""Male"", ""vibes_shagadelic"": ""1"", ""vibes_randy"": ""1"", ""dot_color"": ""Green"", ""score_amount"": ""25"", ""score_type"": ""Billions"", ""rule_text"": ""When played, you may return one discarded Swinger to your hand."", ""item_dimensions"": ""{\u0022height\u0022: \u00223.5\u0022, \u0022width\u0022: \u00222.5\u0022, \u0022unit\u0022: \u0022inch\u0022}""}",94728358-cb3b-4fca-ad51-75f809b6f38d,e341ac4c-072f-41a1-9abf-90e3dc815199,Number Two Healthy and Youthful,Number Two Healthy and Youthful,{},austin-powers-collectible-card-game_the-spy-who-shagged-me_number-two-healthy-and-youthful
70da0013-0f53-4f7b-bd22-7df58838f545,item,1,1,"{""obverse"": ""austin-powers-collectible-card-game_the-spy-who-shagged-me_number-two-not-dead--just-badly-burned"", ""reverse"": ""austin-powers-collectible-card-game_card-back""}","{""name_printed"": ""Number Two Not Dead. Just Badly Burned"", ""rarity"": ""Rare"", ""type"": ""Agent"", ""number"": ""90"", ""allegiance"": ""Evil"", ""agent_type"": ""Shagger"", ""agent_gender"": ""Male"", ""vibes_randy"": ""1"", ""vibes_creepy"": ""1"", ""dot_color"": ""Green"", ""score_amount"": ""25"", ""score_type"": ""Billions"", ""rule_text"": ""When played, you may return the top card of your discard pile to your hand."", ""item_dimensions"": ""{\u0022height\u0022: \u00223.5\u0022, \u0022width\u0022: \u00222.5\u0022, \u0022unit\u0022: \u0022inch\u0022}""}",94728358-cb3b-4fca-ad51-75f809b6f38d,e341ac4c-072f-41a1-9abf-90e3dc815199,Number Two Not Dead. Just Badly Burned,Number Two Not Dead. Just Badly Burned,{},austin-powers-collectible-card-game_the-spy-who-shagged-me_number-two-not-dead--just-badly-burned
191e54e0-78b0-4ea0-bf4a-28da845ebc69,item,1,1,"{""obverse"": ""austin-powers-collectible-card-game_the-spy-who-shagged-me_one-eyed-monster"", ""reverse"": ""austin-powers-collectible-card-game_card-back""}","{""name_printed"": ""One-Eyed Monster"", ""rarity"": ""Fixed"", ""type"": ""Agent"", ""number"": ""91"", ""allegiance"": ""Evil"", ""agent_type"": ""Shagger"", ""agent_gender"": ""Male"", ""vibes_randy"": ""1"", ""dot_color"": ""Green"", ""score_amount"": ""30"", ""score_type"": ""Billions"", ""traits"": ""[\u0022Ship Agent\u0022]"", ""quote"": ""Hey, what's that? It looks like a big..."", ""item_dimensions"": ""{\u0022height\u0022: \u00223.5\u0022, \u0022width\u0022: \u00222.5\u0022, \u0022unit\u0022: \u0022inch\u0022}""}",94728358-cb3b-4fca-ad51-75f809b6f38d,e341ac4c-072f-41a1-9abf-90e3dc815199,One-Eyed Monster,One-Eyed Monster,{},austin-powers-collectible-card-game_the-spy-who-shagged-me_one-eyed-monster
13c383e9-cd4b-448d-ac28-c1f1cfa99d05,item,1,1,"{""obverse"": ""austin-powers-collectible-card-game_the-spy-who-shagged-me_rabbi-schlotsky-evil-mohel"", ""reverse"": ""austin-powers-collectible-card-game_card-back""}","{""name_printed"": ""Rabbi Schlotsky Evil Mohel"", ""rarity"": ""Common"", ""type"": ""Agent"", ""number"": ""92"", ""allegiance"": ""Evil"", ""agent_type"": ""Assassin"", ""agent_gender"": ""Male"", ""vibes_groovy"": ""1"", ""vibes_creepy"": ""1"", ""dot_color"": ""Green"", ""score_amount"": ""25"", ""score_type"": ""Billions"", ""item_dimensions"": ""{\u0022height\u0022: \u00223.5\u0022, \u0022width\u0022: \u00222.5\u0022, \u0022unit\u0022: \u0022inch\u0022}""}",94728358-cb3b-4fca-ad51-75f809b6f38d,e341ac4c-072f-41a1-9abf-90e3dc815199,Rabbi Schlotsky Evil Mohel,Rabbi Schlotsky Evil Mohel,{},austin-powers-collectible-card-game_the-spy-who-shagged-me_rabbi-schlotsky-evil-mohel
35430861-6d33-4219-990f-153181a39415,item,1,1,"{""obverse"": ""austin-powers-collectible-card-game_the-spy-who-shagged-me_robin-swallows-determined-assassin"", ""reverse"": ""austin-powers-collectible-card-game_card-back""}","{""name_printed"": ""Robin Swallows Determined Assassin"", ""rarity"": ""Rare"", ""type"": ""Agent"", ""number"": ""93"", ""allegiance"": ""Evil"", ""agent_type"": ""Assassin"", ""agent_gender"": ""Female"", ""vibes_creepy"": ""2"", ""dot_color"": ""Purple"", ""score_amount"": ""25"", ""score_type"": ""Billions"", ""rule_text"": ""This Agent may play and attempt to Assassinate Austin as a single action. If she fails, return her to your hand."", ""item_dimensions"": ""{\u0022height\u0022: \u00223.5\u0022, \u0022width\u0022: \u00222.5\u0022, \u0022unit\u0022: \u0022inch\u0022}""}",94728358-cb3b-4fca-ad51-75f809b6f38d,e341ac4c-072f-41a1-9abf-90e3dc815199,Robin Swallows Determined Assassin,Robin Swallows Determined Assassin,{},austin-powers-collectible-card-game_the-spy-who-shagged-me_robin-swallows-determined-assassin
96167bb5-d694-4d31-95a8-438799440771,item,1,1,"{""obverse"": ""austin-powers-collectible-card-game_the-spy-who-shagged-me_robin-swallows-maiden-name--spitz"", ""reverse"": ""austin-powers-collectible-card-game_card-back""}","{""name_printed"": ""Robin Swallows Maiden Name: Spitz"", ""rarity"": ""Uncommon"", ""type"": ""Agent"", ""number"": ""94"", ""allegiance"": ""Evil"", ""agent_type"": ""Shagger"", ""agent_gender"": ""Female"", ""vibes_groovy"": ""1"", ""vibes_shagadelic"": ""2"", ""dot_color"": ""Purple"", ""score_amount"": ""20"", ""score_type"": ""Billions"", ""rule_text"": ""Playing this Agent does not cost you an action if opponent has an active Austin."", ""item_dimensions"": ""{\u0022height\u0022: \u00223.5\u0022, \u0022width\u0022: \u00222.5\u0022, \u0022unit\u0022: \u0022inch\u0022}""}",94728358-cb3b-4fca-ad51-75f809b6f38d,e341ac4c-072f-41a1-9abf-90e3dc815199,Robin Swallows Maiden Name: Spitz,Robin Swallows Maiden Name: Spitz,{},austin-powers-collectible-card-game_the-spy-who-shagged-me_robin-swallows-maiden-name--spitz
266f881f-ba67-4280-a28e-480629d5a407,item,1,1,"{""obverse"": ""austin-powers-collectible-card-game_the-spy-who-shagged-me_rodd-hot,-salty-nuts-vendor"", ""reverse"": ""austin-powers-collectible-card-game_card-back""}","{""name_printed"": ""Rodd Hot, Salty Nuts Vendor"", ""rarity"": ""Common"", ""type"": ""Agent"", ""number"": ""95"", ""allegiance"": ""Evil"", ""agent_type"": ""Shagger"", ""agent_gender"": ""Male"", ""vibes_groovy"": ""1"", ""dot_color"": ""Green"", ""score_amount"": ""30"", ""score_type"": ""Billions"", ""traits"": ""[\u0022Ship Agent\u0022]"", ""quote"": ""Nuts! Hot, salty nuts! Who wants some..."", ""item_dimensions"": ""{\u0022height\u0022: \u00223.5\u0022, \u0022width\u0022: \u00222.5\u0022, \u0022unit\u0022: \u0022inch\u0022}""}",94728358-cb3b-4fca-ad51-75f809b6f38d,e341ac4c-072f-41a1-9abf-90e3dc815199,"Rodd Hot, Salty Nuts Vendor","Rodd Hot, Salty Nuts Vendor",{},"austin-powers-collectible-card-game_the-spy-who-shagged-me_rodd-hot,-salty-nuts-vendor"
b5c90808-e43e-4b1a-8d1c-f8edef1b4dff,item,1,1,"{""obverse"": ""austin-powers-collectible-card-game_the-spy-who-shagged-me_scott-evil-the-margarine-of-evil"", ""reverse"": ""austin-powers-collectible-card-game_card-back""}","{""name_printed"": ""Scott Evil The Margarine of Evil"", ""rarity"": ""Rare"", ""type"": ""Agent"", ""number"": ""96"", ""allegiance"": ""Evil"", ""agent_type"": ""Assassin"", ""agent_gender"": ""Male"", ""vibes_groovy"": ""1"", ""vibes_shagadelic"": ""1"", ""vibes_randy"": ""1"", ""dot_color"": ""Green"", ""score_amount"": ""20"", ""score_type"": ""Billions"", ""rule_text"": ""When played, you may draw one card."", ""item_dimensions"": ""{\u0022height\u0022: \u00223.5\u0022, \u0022width\u0022: \u00222.5\u0022, \u0022unit\u0022: \u0022inch\u0022}""}",94728358-cb3b-4fca-ad51-75f809b6f38d,e341ac4c-072f-41a1-9abf-90e3dc815199,Scott Evil The Margarine of Evil,Scott Evil The Margarine of Evil,{},austin-powers-collectible-card-game_the-spy-who-shagged-me_scott-evil-the-margarine-of-evil
45fc9960-e1df-4ec9-9f06-9b17c0c65f40,item,1,1,"{""obverse"": ""austin-powers-collectible-card-game_the-spy-who-shagged-me_unibrau-hot-german-birdie"", ""reverse"": ""austin-powers-collectible-card-game_card-back""}","{""name_printed"": ""Unibrau Hot German Birdie"", ""rarity"": ""Uncommon"", ""type"": ""Agent"", ""number"": ""97"", ""allegiance"": ""Evil"", ""agent_type"": ""Shagger"", ""agent_gender"": ""Female"", ""vibes_groovy"": ""1"", ""vibes_creepy"": ""1"", ""dot_color"": ""Purple"", ""score_amount"": ""25"", ""score_type"": ""Billions"", ""rule_text"": ""This Agent cannot Shag (or be Shagged by) males, but may Shag females."", ""item_dimensions"": ""{\u0022height\u0022: \u00223.5\u0022, \u0022width\u0022: \u00222.5\u0022, \u0022unit\u0022: \u0022inch\u0022}""}",94728358-cb3b-4fca-ad51-75f809b6f38d,e341ac4c-072f-41a1-9abf-90e3dc815199,Unibrau Hot German Birdie,Unibrau Hot German Birdie,{},austin-powers-collectible-card-game_the-spy-who-shagged-me_unibrau-hot-german-birdie
8e5fdb97-315d-449f-b0aa-4eeab240b8fe,item,1,1,"{""obverse"": ""austin-powers-collectible-card-game_the-spy-who-shagged-me_wanda-mcluff-pecker-watcher"", ""reverse"": ""austin-powers-collectible-card-game_card-back""}","{""name_printed"": ""Wanda McLuff Pecker Watcher"", ""rarity"": ""Common"", ""type"": ""Agent"", ""number"": ""98"", ""allegiance"": ""Evil"", ""agent_type"": ""Shagger"", ""agent_gender"": ""Female"", ""vibes_groovy"": ""1"", ""vibes_randy"": ""1"", ""dot_color"": ""Purple"", ""score_amount"": ""25"", ""score_type"": ""Billions"", ""traits"": ""[\u0022Ship Agent\u0022]"", ""quote"": ""Wait! That's not a woodpecker. it looks like someone's..."", ""item_dimensions"": ""{\u0022height\u0022: \u00223.5\u0022, \u0022width\u0022: \u00222.5\u0022, \u0022unit\u0022: \u0022inch\u0022}""}",94728358-cb3b-4fca-ad51-75f809b6f38d,e341ac4c-072f-41a1-9abf-90e3dc815199,Wanda McLuff Pecker Watcher,Wanda McLuff Pecker Watcher,{},austin-powers-collectible-card-game_the-spy-who-shagged-me_wanda-mcluff-pecker-watcher
28ab6e3b-155e-4d61-b925-df1161bae764,item,1,1,"{""obverse"": ""austin-powers-collectible-card-game_the-spy-who-shagged-me_wang-chinese-student"", ""reverse"": ""austin-powers-collectible-card-game_card-back""}","{""name_printed"": ""Wang Chinese Student"", ""rarity"": ""Common"", ""type"": ""Agent"", ""number"": ""99"", ""allegiance"": ""Evil"", ""agent_type"": ""Shagger"", ""agent_gender"": ""Male"", ""vibes_groovy"": ""1"", ""vibes_shagadelic"": ""1"", ""dot_color"": ""Green"", ""score_amount"": ""25"", ""score_type"": ""Billions"", ""traits"": ""[\u0022Ship Agent\u0022]"", ""quote"": ""I was distracted by that enormous, flying..."", ""item_dimensions"": ""{\u0022height\u0022: \u00223.5\u0022, \u0022width\u0022: \u00222.5\u0022, \u0022unit\u0022: \u0022inch\u0022}""}",94728358-cb3b-4fca-ad51-75f809b6f38d,e341ac4c-072f-41a1-9abf-90e3dc815199,Wang Chinese Student,Wang Chinese Student,{},austin-powers-collectible-card-game_the-spy-who-shagged-me_wang-chinese-student
277ef919-06e1-4329-b495-12e3fbf137f9,item,1,1,"{""obverse"": ""austin-powers-collectible-card-game_the-spy-who-shagged-me_austin----i-am-your-father!"", ""reverse"": ""austin-powers-collectible-card-game_card-back""}","{""name_printed"": ""Austin... I AM YOUR FATHER!"", ""rarity"": ""Uncommon"", ""type"": ""Frickin' Bone"", ""number"": ""100"", ""allegiance"": ""Evil"", ""vibes_needed_shag_groovy"": ""1"", ""vibes_needed_shag_shagadelic"": ""1"", ""vibes_needed_assassinate_creepy"": ""2"", ""dot_color"": ""Blue"", ""score_amount"": ""10"", ""score_type"": ""Billions"", ""item_dimensions"": ""{\u0022height\u0022: \u00223.5\u0022, \u0022width\u0022: \u00222.5\u0022, \u0022unit\u0022: \u0022inch\u0022}""}",94728358-cb3b-4fca-ad51-75f809b6f38d,e341ac4c-072f-41a1-9abf-90e3dc815199,Austin... I AM YOUR FATHER!,Austin... I AM YOUR FATHER!,{},austin-powers-collectible-card-game_the-spy-who-shagged-me_austin----i-am-your-father!
70a918c9-bce3-444f-944c-550abce4863f,item,1,1,"{""obverse"": ""austin-powers-collectible-card-game_the-spy-who-shagged-me_do-you-swing-"", ""reverse"": ""austin-powers-collectible-card-game_card-back""}","{""name_printed"": ""Do you swing?"", ""rarity"": ""Common"", ""type"": ""Frickin' Bone"", ""number"": ""101"", ""allegiance"": ""Evil"", ""vibes_needed_shag_groovy"": ""1"", ""vibes_needed_shag_shagadelic"": ""1"", ""vibes_needed_shag_creepy"": ""1"", ""vibes_needed_assassinate_groovy"": ""1"", ""vibes_needed_assassinate_randy"": ""2"", ""dot_color"": ""Yellow"", ""score_amount"": ""15"", ""score_type"": ""Billions"", ""item_dimensions"": ""{\u0022height\u0022: \u00223.5\u0022, \u0022width\u0022: \u00222.5\u0022, \u0022unit\u0022: \u0022inch\u0022}""}",94728358-cb3b-4fca-ad51-75f809b6f38d,e341ac4c-072f-41a1-9abf-90e3dc815199,Do you swing?,Do you swing?,{},austin-powers-collectible-card-game_the-spy-who-shagged-me_do-you-swing-
a1413d74-5129-42a2-b102-cccf4958ee8c,item,1,1,"{""obverse"": ""austin-powers-collectible-card-game_the-spy-who-shagged-me_doctaaaarrrrrri!"", ""reverse"": ""austin-powers-collectible-card-game_card-back""}","{""name_printed"": ""Doctaaaarrrrrri!"", ""rarity"": ""Common"", ""type"": ""Frickin' Bone"", ""number"": ""102"", ""allegiance"": ""Evil"", ""vibes_needed_shag_shagadelic"": ""1"", ""vibes_needed_shag_creepy"": ""2"", ""vibes_needed_assassinate_groovy"": ""2"", ""vibes_needed_assassinate_randy"": ""1"", ""dot_color"": ""Yellow"", ""score_amount"": ""15"", ""score_type"": ""Billions"", ""item_dimensions"": ""{\u0022height\u0022: \u00223.5\u0022, \u0022width\u0022: \u00222.5\u0022, \u0022unit\u0022: \u0022inch\u0022}""}",94728358-cb3b-4fca-ad51-75f809b6f38d,e341ac4c-072f-41a1-9abf-90e3dc815199,Doctaaaarrrrrri!,Doctaaaarrrrrri!,{},austin-powers-collectible-card-game_the-spy-who-shagged-me_doctaaaarrrrrri!
93644a63-b77f-4f27-91fb-cad87518003e,item,1,1,"{""obverse"": ""austin-powers-collectible-card-game_the-spy-who-shagged-me_don't-go-there,-girlfriend-"", ""reverse"": ""austin-powers-collectible-card-game_card-back""}","{""name_printed"": ""Don't go there, girlfriend."", ""rarity"": ""Common"", ""type"": ""Frickin' Bone"", ""number"": ""103"", ""allegiance"": ""Evil"", ""vibes_needed_shag_shagadelic"": ""1"", ""vibes_needed_shag_creepy"": ""1"", ""vibes_needed_assassinate_groovy"": ""2"", ""dot_color"": ""Blue"", ""score_amount"": ""10"", ""score_type"": ""Billions"", ""item_dimensions"": ""{\u0022height\u0022: \u00223.5\u0022, \u0022width\u0022: \u00222.5\u0022, \u0022unit\u0022: \u0022inch\u0022}""}",94728358-cb3b-4fca-ad51-75f809b6f38d,e341ac4c-072f-41a1-9abf-90e3dc815199,"Don't go there, girlfriend.","Don't go there, girlfriend.",{},"austin-powers-collectible-card-game_the-spy-who-shagged-me_don't-go-there,-girlfriend-"
2afc3317-6117-4742-aa1f-10556d8a6639,item,1,1,"{""obverse"": ""austin-powers-collectible-card-game_the-spy-who-shagged-me_get-in-my-belly!"", ""reverse"": ""austin-powers-collectible-card-game_card-back""}","{""name_printed"": ""Get in my BELLY!"", ""rarity"": ""Common"", ""type"": ""Frickin' Bone"", ""number"": ""104"", ""allegiance"": ""Evil"", ""vibes_needed_shag_shagadelic"": ""2"", ""vibes_needed_assassinate_randy"": ""1"", ""vibes_needed_assassinate_creepy"": ""1"", ""dot_color"": ""Blue"", ""score_amount"": ""10"", ""score_type"": ""Billions"", ""item_dimensions"": ""{\u0022height\u0022: \u00223.5\u0022, \u0022width\u0022: \u00222.5\u0022, \u0022unit\u0022: \u0022inch\u0022}""}",94728358-cb3b-4fca-ad51-75f809b6f38d,e341ac4c-072f-41a1-9abf-90e3dc815199,Get in my BELLY!,Get in my BELLY!,{},austin-powers-collectible-card-game_the-spy-who-shagged-me_get-in-my-belly!
3ae0ff97-a6b9-45c4-be7b-05fec35402da,item,1,1,"{""obverse"": ""austin-powers-collectible-card-game_the-spy-who-shagged-me_i-ate-a-baby!"", ""reverse"": ""austin-powers-collectible-card-game_card-back""}","{""name_printed"": ""I ate a BABY!"", ""rarity"": ""Common"", ""type"": ""Frickin' Bone"", ""number"": ""105"", ""allegiance"": ""Evil"", ""vibes_needed_shag_groovy"": ""1"", ""vibes_needed_shag_randy"": ""1"", ""vibes_needed_shag_creepy"": ""1"", ""vibes_needed_assassinate_shagadelic"": ""2"", ""vibes_needed_assassinate_randy"": ""1"", ""dot_color"": ""Yellow"", ""score_amount"": ""15"", ""score_type"": ""Billions"", ""item_dimensions"": ""{\u0022height\u0022: \u00223.5\u0022, \u0022width\u0022: \u00222.5\u0022, \u0022unit\u0022: \u0022inch\u0022}""}",94728358-cb3b-4fca-ad51-75f809b6f38d,e341ac4c-072f-41a1-9abf-90e3dc815199,I ate a BABY!,I ate a BABY!,{},austin-powers-collectible-card-game_the-spy-who-shagged-me_i-ate-a-baby!
5ed8b2e6-a452-452f-8789-50e8e6a1d941,item,1,1,"{""obverse"": ""austin-powers-collectible-card-game_the-spy-who-shagged-me_it-got-weird,-didn't-it-"", ""reverse"": ""austin-powers-collectible-card-game_card-back""}","{""name_printed"": ""It got weird, didn't it?"", ""rarity"": ""Uncommon"", ""type"": ""Frickin' Bone"", ""number"": ""106"", ""allegiance"": ""Evil"", ""vibes_needed_shag_creepy"": ""2"", ""vibes_needed_assassinate_groovy"": ""1"", ""vibes_needed_assassinate_randy"": ""1"", ""dot_color"": ""Blue"", ""score_amount"": ""10"", ""score_type"": ""Billions"", ""item_dimensions"": ""{\u0022height\u0022: \u00223.5\u0022, \u0022width\u0022: \u00222.5\u0022, \u0022unit\u0022: \u0022inch\u0022}""}",94728358-cb3b-4fca-ad51-75f809b6f38d,e341ac4c-072f-41a1-9abf-90e3dc815199,"It got weird, didn't it?","It got weird, didn't it?",{},"austin-powers-collectible-card-game_the-spy-who-shagged-me_it-got-weird,-didn't-it-"
a845596d-f7d4-47d4-892c-12495c2a1c5e,item,1,1,"{""obverse"": ""austin-powers-collectible-card-game_the-spy-who-shagged-me_nobody-knows-what-you're-talking-about----ass-"", ""reverse"": ""austin-powers-collectible-card-game_card-back""}","{""name_printed"": ""Nobody knows what you're talking about... ass."", ""rarity"": ""Uncommon"", ""type"": ""Frickin' Bone"", ""number"": ""107"", ""allegiance"": ""Evil"", ""vibes_needed_shag_groovy"": ""1"", ""vibes_needed_shag_shagadelic"": ""1"", ""vibes_needed_shag_randy"": ""1"", ""vibes_needed_assassinate_shagadelic"": ""1"", ""vibes_needed_assassinate_creepy"": ""2"", ""dot_color"": ""Yellow"", ""score_amount"": ""15"", ""score_type"": ""Billions"", ""item_dimensions"": ""{\u0022height\u0022: \u00223.5\u0022, \u0022width\u0022: \u00222.5\u0022, \u0022unit\u0022: \u0022inch\u0022}""}",94728358-cb3b-4fca-ad51-75f809b6f38d,e341ac4c-072f-41a1-9abf-90e3dc815199,Nobody knows what you're talking about... ass.,Nobody knows what you're talking about... ass.,{},austin-powers-collectible-card-game_the-spy-who-shagged-me_nobody-knows-what-you're-talking-about----ass-
3a443f58-6101-427b-a7c0-5ada8ada0032,item,1,1,"{""obverse"": ""austin-powers-collectible-card-game_the-spy-who-shagged-me_once-you've-had-fat,-you'll-never-go-back-"", ""reverse"": ""austin-powers-collectible-card-game_card-back""}","{""name_printed"": ""Once you've had fat, you'll never go back."", ""rarity"": ""Common"", ""type"": ""Frickin' Bone"", ""number"": ""108"", ""allegiance"": ""Evil"", ""vibes_needed_shag_shagadelic"": ""2"", ""vibes_needed_shag_creepy"": ""1"", ""vibes_needed_assassinate_groovy"": ""1"", ""vibes_needed_assassinate_randy"": ""1"", ""vibes_needed_assassinate_creepy"": ""1"", ""dot_color"": ""Yellow"", ""score_amount"": ""15"", ""score_type"": ""Billions"", ""item_dimensions"": ""{\u0022height\u0022: \u00223.5\u0022, \u0022width\u0022: \u00222.5\u0022, \u0022unit\u0022: \u0022inch\u0022}""}",94728358-cb3b-4fca-ad51-75f809b6f38d,e341ac4c-072f-41a1-9abf-90e3dc815199,"Once you've had fat, you'll never go back.","Once you've had fat, you'll never go back.",{},"austin-powers-collectible-card-game_the-spy-who-shagged-me_once-you've-had-fat,-you'll-never-go-back-"
de86d0df-626c-4bf3-8d9b-00ad77c4c634,item,1,1,"{""obverse"": ""austin-powers-collectible-card-game_the-spy-who-shagged-me_one-for-me----and-one-for-my-homies-"", ""reverse"": ""austin-powers-collectible-card-game_card-back""}","{""name_printed"": ""One for me... and one for my homies."", ""rarity"": ""Common"", ""type"": ""Frickin' Bone"", ""number"": ""109"", ""allegiance"": ""Evil"", ""vibes_needed_shag_groovy"": ""1"", ""vibes_needed_shag_randy"": ""2"", ""vibes_needed_assassinate_shagadelic"": ""2"", ""vibes_needed_assassinate_creepy"": ""1"", ""dot_color"": ""Yellow"", ""score_amount"": ""15"", ""score_type"": ""Billions"", ""item_dimensions"": ""{\u0022height\u0022: \u00223.5\u0022, \u0022width\u0022: \u00222.5\u0022, \u0022unit\u0022: \u0022inch\u0022}""}",94728358-cb3b-4fca-ad51-75f809b6f38d,e341ac4c-072f-41a1-9abf-90e3dc815199,One for me... and one for my homies.,One for me... and one for my homies.,{},austin-powers-collectible-card-game_the-spy-who-shagged-me_one-for-me----and-one-for-my-homies-
c917cd4e-fe55-4550-80d1-d69f3393b143,item,1,1,"{""obverse"": ""austin-powers-collectible-card-game_the-spy-who-shagged-me_ooo----frisky-are-we-"", ""reverse"": ""austin-powers-collectible-card-game_card-back""}","{""name_printed"": ""Ooo... frisky are we?"", ""rarity"": ""Common"", ""type"": ""Frickin' Bone"", ""number"": ""110"", ""allegiance"": ""Evil"", ""vibes_needed_shag_randy"": ""1"", ""vibes_needed_shag_creepy"": ""2"", ""vibes_needed_assassinate_groovy"": ""2"", ""vibes_needed_assassinate_shagadelic"": ""1"", ""dot_color"": ""Yellow"", ""score_amount"": ""15"", ""score_type"": ""Billions"", ""item_dimensions"": ""{\u0022height\u0022: \u00223.5\u0022, \u0022width\u0022: \u00222.5\u0022, \u0022unit\u0022: \u0022inch\u0022}""}",94728358-cb3b-4fca-ad51-75f809b6f38d,e341ac4c-072f-41a1-9abf-90e3dc815199,Ooo... frisky are we?,Ooo... frisky are we?,{},austin-powers-collectible-card-game_the-spy-who-shagged-me_ooo----frisky-are-we-
f62945d4-95f6-47eb-af93-9b61a6c3d90e,item,1,1,"{""obverse"": ""austin-powers-collectible-card-game_the-spy-who-shagged-me_perhaps-next-time-you-should-try-foreplay!"", ""reverse"": ""austin-powers-collectible-card-game_card-back""}","{""name_printed"": ""Perhaps next time you should try foreplay!"", ""rarity"": ""Common"", ""type"": ""Frickin' Bone"", ""number"": ""111"", ""allegiance"": ""Evil"", ""vibes_needed_shag_shagadelic"": ""1"", ""vibes_needed_shag_randy"": ""2"", ""vibes_needed_assassinate_groovy"": ""1"", ""vibes_needed_assassinate_shagadelic"": ""1"", ""vibes_needed_assassinate_creepy"": ""1"", ""dot_color"": ""Yellow"", ""score_amount"": ""15"", ""score_type"": ""Billions"", ""item_dimensions"": ""{\u0022height\u0022: \u00223.5\u0022, \u0022width\u0022: \u00222.5\u0022, \u0022unit\u0022: \u0022inch\u0022}""}",94728358-cb3b-4fca-ad51-75f809b6f38d,e341ac4c-072f-41a1-9abf-90e3dc815199,Perhaps next time you should try foreplay!,Perhaps next time you should try foreplay!,{},austin-powers-collectible-card-game_the-spy-who-shagged-me_perhaps-next-time-you-should-try-foreplay!
a3cd4341-022b-4fdc-882e-783510426e58,item,1,1,"{""obverse"": ""austin-powers-collectible-card-game_the-spy-who-shagged-me_the-thought-of-you-naked-is-just-gross-"", ""reverse"": ""austin-powers-collectible-card-game_card-back""}","{""name_printed"": ""The thought of you naked is just gross."", ""rarity"": ""Common"", ""type"": ""Frickin' Bone"", ""number"": ""112"", ""allegiance"": ""Evil"", ""vibes_needed_shag_groovy"": ""1"", ""vibes_needed_shag_creepy"": ""1"", ""vibes_needed_assassinate_randy"": ""2"", ""dot_color"": ""Blue"", ""score_amount"": ""10"", ""score_type"": ""Billions"", ""item_dimensions"": ""{\u0022height\u0022: \u00223.5\u0022, \u0022width\u0022: \u00222.5\u0022, \u0022unit\u0022: \u0022inch\u0022}""}",94728358-cb3b-4fca-ad51-75f809b6f38d,e341ac4c-072f-41a1-9abf-90e3dc815199,The thought of you naked is just gross.,The thought of you naked is just gross.,{},austin-powers-collectible-card-game_the-spy-who-shagged-me_the-thought-of-you-naked-is-just-gross-
17d87c0f-e14c-4fc2-adff-42c919e17764,item,1,1,"{""obverse"": ""austin-powers-collectible-card-game_the-spy-who-shagged-me_the-world-is-mine!"", ""reverse"": ""austin-powers-collectible-card-game_card-back""}","{""name_printed"": ""The world is mine!"", ""rarity"": ""Common"", ""type"": ""Frickin' Bone"", ""number"": ""113"", ""allegiance"": ""Evil"", ""vibes_needed_shag_groovy"": ""2"", ""vibes_needed_assassinate_shagadelic"": ""1"", ""vibes_needed_assassinate_randy"": ""1"", ""dot_color"": ""Blue"", ""score_amount"": ""10"", ""score_type"": ""Billions"", ""item_dimensions"": ""{\u0022height\u0022: \u00223.5\u0022, \u0022width\u0022: \u00222.5\u0022, \u0022unit\u0022: \u0022inch\u0022}""}",94728358-cb3b-4fca-ad51-75f809b6f38d,e341ac4c-072f-41a1-9abf-90e3dc815199,The world is mine!,The world is mine!,{},austin-powers-collectible-card-game_the-spy-who-shagged-me_the-world-is-mine!
b3f64de0-2d63-4882-8ddf-7ec4fb67cc48,item,1,1,"{""obverse"": ""austin-powers-collectible-card-game_the-spy-who-shagged-me_when-a-problem-comes-along,-you-must-zip-it----zip-it-good-"", ""reverse"": ""austin-powers-collectible-card-game_card-back""}","{""name_printed"": ""When a problem comes along, you must zip it... zip it good."", ""rarity"": ""Common"", ""type"": ""Frickin' Bone"", ""number"": ""114"", ""allegiance"": ""Evil"", ""vibes_needed_shag_groovy"": ""2"", ""vibes_needed_shag_creepy"": ""1"", ""vibes_needed_assassinate_shagadelic"": ""1"", ""vibes_needed_assassinate_randy"": ""2"", ""dot_color"": ""Yellow"", ""score_amount"": ""15"", ""score_type"": ""Billions"", ""item_dimensions"": ""{\u0022height\u0022: \u00223.5\u0022, \u0022width\u0022: \u00222.5\u0022, \u0022unit\u0022: \u0022inch\u0022}""}",94728358-cb3b-4fca-ad51-75f809b6f38d,e341ac4c-072f-41a1-9abf-90e3dc815199,"When a problem comes along, you must zip it... zip it good.","When a problem comes along, you must zip it... zip it good.",{},"austin-powers-collectible-card-game_the-spy-who-shagged-me_when-a-problem-comes-along,-you-must-zip-it----zip-it-good-"
473f07b9-35fd-4ae4-aaca-293683f3c8e7,item,1,1,"{""obverse"": ""austin-powers-collectible-card-game_the-spy-who-shagged-me_would-you-care-for-a-suckle-of-my-zipple-"", ""reverse"": ""austin-powers-collectible-card-game_card-back""}","{""name_printed"": ""Would you care for a suckle of my zipple?"", ""rarity"": ""Common"", ""type"": ""Frickin' Bone"", ""number"": ""115"", ""allegiance"": ""Evil"", ""vibes_needed_shag_groovy"": ""2"", ""vibes_needed_shag_shagadelic"": ""1"", ""vibes_needed_assassinate_randy"": ""1"", ""vibes_needed_assassinate_creepy"": ""2"", ""dot_color"": ""Yellow"", ""score_amount"": ""15"", ""score_type"": ""Billions"", ""item_dimensions"": ""{\u0022height\u0022: \u00223.5\u0022, \u0022width\u0022: \u00222.5\u0022, \u0022unit\u0022: \u0022inch\u0022}""}",94728358-cb3b-4fca-ad51-75f809b6f38d,e341ac4c-072f-41a1-9abf-90e3dc815199,Would you care for a suckle of my zipple?,Would you care for a suckle of my zipple?,{},austin-powers-collectible-card-game_the-spy-who-shagged-me_would-you-care-for-a-suckle-of-my-zipple-
9477280b-74d3-4dc4-a147-6ed3b6776c09,item,1,1,"{""obverse"": ""austin-powers-collectible-card-game_the-spy-who-shagged-me_www-shh-com-----org-"", ""reverse"": ""austin-powers-collectible-card-game_card-back""}","{""name_printed"": ""www.shh.com... .org."", ""rarity"": ""Common"", ""type"": ""Frickin' Bone"", ""number"": ""116"", ""allegiance"": ""Evil"", ""vibes_needed_shag_randy"": ""1"", ""vibes_needed_shag_creepy"": ""1"", ""vibes_needed_assassinate_shagadelic"": ""2"", ""dot_color"": ""Blue"", ""score_amount"": ""10"", ""score_type"": ""Billions"", ""item_dimensions"": ""{\u0022height\u0022: \u00223.5\u0022, \u0022width\u0022: \u00222.5\u0022, \u0022unit\u0022: \u0022inch\u0022}""}",94728358-cb3b-4fca-ad51-75f809b6f38d,e341ac4c-072f-41a1-9abf-90e3dc815199,www.shh.com... .org.,www.shh.com... .org.,{},austin-powers-collectible-card-game_the-spy-who-shagged-me_www-shh-com-----org-
968a2769-88c3-4ce8-841e-22b3172d0ba9,item,1,1,"{""obverse"": ""austin-powers-collectible-card-game_the-spy-who-shagged-me_you-are-hairy-like-animal!"", ""reverse"": ""austin-powers-collectible-card-game_card-back""}","{""name_printed"": ""You are hairy like ANIMAL!"", ""rarity"": ""Common"", ""type"": ""Frickin' Bone"", ""number"": ""117"", ""allegiance"": ""Evil"", ""vibes_needed_shag_randy"": ""2"", ""vibes_needed_assassinate_groovy"": ""1"", ""vibes_needed_assassinate_shagadelic"": ""1"", ""dot_color"": ""Blue"", ""score_amount"": ""10"", ""score_type"": ""Billions"", ""item_dimensions"": ""{\u0022height\u0022: \u00223.5\u0022, \u0022width\u0022: \u00222.5\u0022, \u0022unit\u0022: \u0022inch\u0022}""}",94728358-cb3b-4fca-ad51-75f809b6f38d,e341ac4c-072f-41a1-9abf-90e3dc815199,You are hairy like ANIMAL!,You are hairy like ANIMAL!,{},austin-powers-collectible-card-game_the-spy-who-shagged-me_you-are-hairy-like-animal!
d44e57a7-410b-45ef-aaeb-fc75a0e95c56,item,1,1,"{""obverse"": ""austin-powers-collectible-card-game_the-spy-who-shagged-me_you-gonna-cry--you-gonna-squirt-some-"", ""reverse"": ""austin-powers-collectible-card-game_card-back""}","{""name_printed"": ""You gonna cry? You gonna squirt some?"", ""rarity"": ""Common"", ""type"": ""Frickin' Bone"", ""number"": ""118"", ""allegiance"": ""Evil"", ""vibes_needed_shag_groovy"": ""1"", ""vibes_needed_shag_randy"": ""1"", ""vibes_needed_assassinate_shagadelic"": ""1"", ""vibes_needed_assassinate_creepy"": ""1"", ""dot_color"": ""Blue"", ""score_amount"": ""10"", ""score_type"": ""Billions"", ""item_dimensions"": ""{\u0022height\u0022: \u00223.5\u0022, \u0022width\u0022: \u00222.5\u0022, \u0022unit\u0022: \u0022inch\u0022}""}",94728358-cb3b-4fca-ad51-75f809b6f38d,e341ac4c-072f-41a1-9abf-90e3dc815199,You gonna cry? You gonna squirt some?,You gonna cry? You gonna squirt some?,{},austin-powers-collectible-card-game_the-spy-who-shagged-me_you-gonna-cry--you-gonna-squirt-some-
09879e7f-f2ea-4751-a370-3ff7864709aa,item,1,1,"{""obverse"": ""austin-powers-collectible-card-game_the-spy-who-shagged-me_zip-it!"", ""reverse"": ""austin-powers-collectible-card-game_card-back""}","{""name_printed"": ""Zip it!"", ""rarity"": ""Common"", ""type"": ""Frickin' Bone"", ""number"": ""119"", ""allegiance"": ""Evil"", ""vibes_needed_shag_shagadelic"": ""1"", ""vibes_needed_shag_randy"": ""1"", ""vibes_needed_assassinate_groovy"": ""1"", ""vibes_needed_assassinate_creepy"": ""1"", ""dot_color"": ""Blue"", ""score_amount"": ""10"", ""score_type"": ""Billions"", ""item_dimensions"": ""{\u0022height\u0022: \u00223.5\u0022, \u0022width\u0022: \u00222.5\u0022, \u0022unit\u0022: \u0022inch\u0022}""}",94728358-cb3b-4fca-ad51-75f809b6f38d,e341ac4c-072f-41a1-9abf-90e3dc815199,Zip it!,Zip it!,{},austin-powers-collectible-card-game_the-spy-who-shagged-me_zip-it!
26ef64b9-2ec0-494b-9167-4b99dad75cca,item,1,1,"{""obverse"": ""austin-powers-collectible-card-game_the-spy-who-shagged-me_bastard-bagpipes"", ""reverse"": ""austin-powers-collectible-card-game_card-back""}","{""name_printed"": ""Bastard Bagpipes"", ""rarity"": ""Uncommon"", ""type"": ""Swinger"", ""number"": ""120"", ""allegiance"": ""Evil"", ""dot_color"": ""Orange"", ""rule_text"": ""Play on table. As an action, you may discard one scored Fat bastard to force a player to discard one scored mojo or Ransom of your choice. OR If you have these Vibes {Groovy 1} {Shagadelic 1} {Creepy 1} choose a player. Their Agents may not Assassinate on their next turn."", ""item_dimensions"": ""{\u0022height\u0022: \u00223.5\u0022, \u0022width\u0022: \u00222.5\u0022, \u0022unit\u0022: \u0022inch\u0022}""}",94728358-cb3b-4fca-ad51-75f809b6f38d,e341ac4c-072f-41a1-9abf-90e3dc815199,Bastard Bagpipes,Bastard Bagpipes,{},austin-powers-collectible-card-game_the-spy-who-shagged-me_bastard-bagpipes
6f1747bb-9fad-40a9-b022-f9240c8bbca9,item,1,1,"{""obverse"": ""austin-powers-collectible-card-game_the-spy-who-shagged-me_booster-shot"", ""reverse"": ""austin-powers-collectible-card-game_card-back""}","{""name_printed"": ""Booster Shot"", ""rarity"": ""Fixed"", ""type"": ""Swinger"", ""number"": ""121"", ""allegiance"": ""Evil"", ""dot_color"": ""Orange"", ""rule_text"": ""Open a sealed Austin Powers booster pack. Play one Evil Agent from it on table. Place other Evil cards in hand. (You may do this only once per game.) OR If you have these Vibes {Groovy 2} {Shagadelic 1} {Creepy 1} play on table. Each turn, even up your hand to seven cards (instead of sex)."", ""item_dimensions"": ""{\u0022height\u0022: \u00223.5\u0022, \u0022width\u0022: \u00222.5\u0022, \u0022unit\u0022: \u0022inch\u0022}""}",94728358-cb3b-4fca-ad51-75f809b6f38d,e341ac4c-072f-41a1-9abf-90e3dc815199,Booster Shot,Booster Shot,{},austin-powers-collectible-card-game_the-spy-who-shagged-me_booster-shot
5850175d-a5cb-4210-876c-73ea103acaf1,item,1,1,"{""obverse"": ""austin-powers-collectible-card-game_the-spy-who-shagged-me_death-star"", ""reverse"": ""austin-powers-collectible-card-game_card-back""}","{""name_printed"": ""Death Star"", ""rarity"": ""Uncommon"", ""type"": ""Swinger"", ""number"": ""122"", ""allegiance"": ""Evil"", ""dot_color"": ""Orange"", ""rule_text"": ""Play on table. If an opponent just played a Swinger or Agent on table, you may play a copy of the same card. OR If you have these Vibes {Groovy 2} {Shagadelic 1} {Randy 1} choose any Agent on table. Its owner must discard either that Agent or one scored Mojo or Ransom (their choice)."", ""item_dimensions"": ""{\u0022height\u0022: \u00223.5\u0022, \u0022width\u0022: \u00222.5\u0022, \u0022unit\u0022: \u0022inch\u0022}""}",94728358-cb3b-4fca-ad51-75f809b6f38d,e341ac4c-072f-41a1-9abf-90e3dc815199,Death Star,Death Star,{},austin-powers-collectible-card-game_the-spy-who-shagged-me_death-star
ee2dca2f-f020-4cf9-b37e-7ebf3063ecff,item,1,1,"{""obverse"": ""austin-powers-collectible-card-game_the-spy-who-shagged-me_dr--evil's-secret-volcano-lair"", ""reverse"": ""austin-powers-collectible-card-game_card-back""}","{""name_printed"": ""Dr. Evil's Secret Volcano Lair"", ""rarity"": ""Common"", ""type"": ""Swinger"", ""number"": ""123"", ""allegiance"": ""Evil"", ""dot_color"": ""Orange"", ""rule_text"": ""Take one Agent from your score pile and play them on table. OR If you have these Vibes {Groovy 1} {Randy 2} play on table. Your Dr. Evils can be Assassinated only by Austin and Shagged only by Frau Farbissina."", ""item_dimensions"": ""{\u0022height\u0022: \u00223.5\u0022, \u0022width\u0022: \u00222.5\u0022, \u0022unit\u0022: \u0022inch\u0022}""}",94728358-cb3b-4fca-ad51-75f809b6f38d,e341ac4c-072f-41a1-9abf-90e3dc815199,Dr. Evil's Secret Volcano Lair,Dr. Evil's Secret Volcano Lair,{},austin-powers-collectible-card-game_the-spy-who-shagged-me_dr--evil's-secret-volcano-lair
72163561-f553-4f87-8857-cd07ff962e10,item,1,1,"{""obverse"": ""austin-powers-collectible-card-game_the-spy-who-shagged-me_evil-egg"", ""reverse"": ""austin-powers-collectible-card-game_card-back""}","{""name_printed"": ""Evil Egg"", ""rarity"": ""Common"", ""type"": ""Swinger"", ""number"": ""124"", ""allegiance"": ""Evil"", ""dot_color"": ""Orange"", ""rule_text"": ""Play on table. If your Dr. Evil or Mini-Me is Assassinated, you may place him on top of your draw deck. OR If you have these Vibes {Groovy 1} {Creepy 1} take one Agent from your discard pile and play them on table."", ""item_dimensions"": ""{\u0022height\u0022: \u00223.5\u0022, \u0022width\u0022: \u00222.5\u0022, \u0022unit\u0022: \u0022inch\u0022}""}",94728358-cb3b-4fca-ad51-75f809b6f38d,e341ac4c-072f-41a1-9abf-90e3dc815199,Evil Egg,Evil Egg,{},austin-powers-collectible-card-game_the-spy-who-shagged-me_evil-egg
138f5d84-e9a0-49db-ae2f-cd4dcac265aa,item,1,1,"{""obverse"": ""austin-powers-collectible-card-game_the-spy-who-shagged-me_evil-rap"", ""reverse"": ""austin-powers-collectible-card-game_card-back""}","{""name_printed"": ""Evil Rap"", ""rarity"": ""Uncommon"", ""type"": ""Swinger"", ""number"": ""125"", ""allegiance"": ""Evil"", ""dot_color"": ""Orange"", ""rule_text"": ""Play on table. Your Creepy Vibes now also provide Groovy Vibes. OR If you have these Vibes {Shagadelic 1} {Randy 2} choose a player to discard one scored Frickin' Bone."", ""item_dimensions"": ""{\u0022height\u0022: \u00223.5\u0022, \u0022width\u0022: \u00222.5\u0022, \u0022unit\u0022: \u0022inch\u0022}""}",94728358-cb3b-4fca-ad51-75f809b6f38d,e341ac4c-072f-41a1-9abf-90e3dc815199,Evil Rap,Evil Rap,{},austin-powers-collectible-card-game_the-spy-who-shagged-me_evil-rap
439ea0c3-2d43-4e42-af38-3f1b14c1f657,item,1,1,"{""obverse"": ""austin-powers-collectible-card-game_the-spy-who-shagged-me_half-nelson"", ""reverse"": ""austin-powers-collectible-card-game_card-back""}","{""name_printed"": ""Half Nelson"", ""rarity"": ""Uncommon"", ""type"": ""Swinger"", ""number"": ""126"", ""allegiance"": ""Evil"", ""dot_color"": ""Orange"", ""rule_text"": ""Take one Mini-Me from your discard or score pile and play him on table. OR If you have these Vibes {Groovy 1} {Creepy 2} play on table. Discard this card to draw two cards at the start of an Assassination involving your Mini-Me."", ""item_dimensions"": ""{\u0022height\u0022: \u00223.5\u0022, \u0022width\u0022: \u00222.5\u0022, \u0022unit\u0022: \u0022inch\u0022}""}",94728358-cb3b-4fca-ad51-75f809b6f38d,e341ac4c-072f-41a1-9abf-90e3dc815199,Half Nelson,Half Nelson,{},austin-powers-collectible-card-game_the-spy-who-shagged-me_half-nelson
6749bd9f-11c7-4254-b572-3b41aaaa1d72,item,1,1,"{""obverse"": ""austin-powers-collectible-card-game_the-spy-who-shagged-me_irritating-interrogation"", ""reverse"": ""austin-powers-collectible-card-game_card-back""}","{""name_printed"": ""Irritating Interrogation"", ""rarity"": ""Rare"", ""type"": ""Swinger"", ""number"": ""127"", ""allegiance"": ""Evil"", ""dot_color"": ""Orange"", ""rule_text"": ""Choose a player with at least three copies of the same card in their score pile. They must discard all of them. OR If you have these Vibes {Groovy 3} {Randy 1} play on table. Discard to force a player to throw you a Frickin' Bone (if they have one) by asking them three times."", ""item_dimensions"": ""{\u0022height\u0022: \u00223.5\u0022, \u0022width\u0022: \u00222.5\u0022, \u0022unit\u0022: \u0022inch\u0022}""}",94728358-cb3b-4fca-ad51-75f809b6f38d,e341ac4c-072f-41a1-9abf-90e3dc815199,Irritating Interrogation,Irritating Interrogation,{},austin-powers-collectible-card-game_the-spy-who-shagged-me_irritating-interrogation
b68038b9-70c8-4e9b-9f4d-68cbbc7c5011,item,1,1,"{""obverse"": ""austin-powers-collectible-card-game_the-spy-who-shagged-me_mini-me's-goodbye-card"", ""reverse"": ""austin-powers-collectible-card-game_card-back""}","{""name_printed"": ""Mini-Me's Goodbye Card"", ""rarity"": ""Common"", ""type"": ""Swinger"", ""number"": ""128"", ""allegiance"": ""Evil"", ""dot_color"": ""Orange"", ""rule_text"": ""Play on a table. If you are required to discard an active Agent or Swinger, you may discard this card instead. OR If you have these Vibes {Creepy 2} choose any player to discard one active Swinger (their choice)."", ""item_dimensions"": ""{\u0022height\u0022: \u00223.5\u0022, \u0022width\u0022: \u00222.5\u0022, \u0022unit\u0022: \u0022inch\u0022}""}",94728358-cb3b-4fca-ad51-75f809b6f38d,e341ac4c-072f-41a1-9abf-90e3dc815199,Mini-Me's Goodbye Card,Mini-Me's Goodbye Card,{},austin-powers-collectible-card-game_the-spy-who-shagged-me_mini-me's-goodbye-card
77df7a15-5e80-45fd-be0b-642653f03289,item,1,1,"{""obverse"": ""austin-powers-collectible-card-game_the-spy-who-shagged-me_mojo-extractor"", ""reverse"": ""austin-powers-collectible-card-game_card-back""}","{""name_printed"": ""Mojo Extractor"", ""rarity"": ""Uncommon"", ""type"": ""Swinger"", ""number"": ""129"", ""allegiance"": ""Evil"", ""dot_color"": ""Orange"", ""rule_text"": ""Play on table. Your Randy Vibes now also provide Groovy Vibes. OR If you have these Vibes {Groovy 2} {Shagadelic 2} all players (including you) must discard their highest scored Mojo or Ransom. (You must have a scored Ransom to play this card.)"", ""item_dimensions"": ""{\u0022height\u0022: \u00223.5\u0022, \u0022width\u0022: \u00222.5\u0022, \u0022unit\u0022: \u0022inch\u0022}""}",94728358-cb3b-4fca-ad51-75f809b6f38d,e341ac4c-072f-41a1-9abf-90e3dc815199,Mojo Extractor,Mojo Extractor,{},austin-powers-collectible-card-game_the-spy-who-shagged-me_mojo-extractor
2faf76ad-5e69-40e9-ab30-c89d9a9d679c,item,1,1,"{""obverse"": ""austin-powers-collectible-card-game_the-spy-who-shagged-me_mojo-vial"", ""reverse"": ""austin-powers-collectible-card-game_card-back""}","{""name_printed"": ""Mojo Vial"", ""rarity"": ""Fixed"", ""type"": ""Swinger"", ""number"": ""130"", ""allegiance"": ""Evil"", ""dot_color"": ""Orange"", ""rule_text"": ""Play on table. Your Randy Vibes now also provide Shagadelic Vibes. OR If you have these Vibes {Shagadelic 1} {Randy 1} {Creepy 1} exchange this card for up to two Frickin' Bones in your discard pile."", ""item_dimensions"": ""{\u0022height\u0022: \u00223.5\u0022, \u0022width\u0022: \u00222.5\u0022, \u0022unit\u0022: \u0022inch\u0022}""}",94728358-cb3b-4fca-ad51-75f809b6f38d,e341ac4c-072f-41a1-9abf-90e3dc815199,Mojo Vial,Mojo Vial,{},austin-powers-collectible-card-game_the-spy-who-shagged-me_mojo-vial
28a97a6f-db4b-4b2b-aa7c-33de1e958d03,item,1,1,"{""obverse"": ""austin-powers-collectible-card-game_the-spy-who-shagged-me_slugfest"", ""reverse"": ""austin-powers-collectible-card-game_card-back""}","{""name_printed"": ""Slugfest"", ""rarity"": ""Uncommon"", ""type"": ""Swinger"", ""number"": ""131"", ""allegiance"": ""Evil"", ""dot_color"": ""Orange"", ""rule_text"": ""Play on table. Each turn, one of your Happenings does not cost you an action. OR If you have these Vibes {Groovy 1} {Randy 1} {Creepy 2} each player chooses one of their Assassins/ Begin an Assassination involving all of them. Winning Agent scores: losers are discarded."", ""item_dimensions"": ""{\u0022height\u0022: \u00223.5\u0022, \u0022width\u0022: \u00222.5\u0022, \u0022unit\u0022: \u0022inch\u0022}""}",94728358-cb3b-4fca-ad51-75f809b6f38d,e341ac4c-072f-41a1-9abf-90e3dc815199,Slugfest,Slugfest,{},austin-powers-collectible-card-game_the-spy-who-shagged-me_slugfest
92d46f20-154f-4e57-8696-b59d810c5daf,item,1,1,"{""obverse"": ""austin-powers-collectible-card-game_the-spy-who-shagged-me_time-machine"", ""reverse"": ""austin-powers-collectible-card-game_card-back""}","{""name_printed"": ""Time Machine"", ""rarity"": ""Uncommon"", ""type"": ""Swinger"", ""number"": ""132"", ""allegiance"": ""Evil"", ""dot_color"": ""Orange"", ""rule_text"": ""Play on table. If you have only one active Agent, they cannot be Shagged or Assassinated. OR If you have these Vibes {Shagadelic 1} {Creepy 2} reverse direction of play (counter-clockwise or clockwise) at end of your turn."", ""item_dimensions"": ""{\u0022height\u0022: \u00223.5\u0022, \u0022width\u0022: \u00222.5\u0022, \u0022unit\u0022: \u0022inch\u0022}""}",94728358-cb3b-4fca-ad51-75f809b6f38d,e341ac4c-072f-41a1-9abf-90e3dc815199,Time Machine,Time Machine,{},austin-powers-collectible-card-game_the-spy-who-shagged-me_time-machine
d2505d36-a81a-4b80-94ef-db3ea61af329,item,1,1,"{""obverse"": ""austin-powers-collectible-card-game_the-spy-who-shagged-me_balancing-act"", ""reverse"": ""austin-powers-collectible-card-game_card-back""}","{""name_printed"": ""Balancing Act"", ""rarity"": ""Common"", ""type"": ""Happening"", ""number"": ""133"", ""allegiance"": ""Evil"", ""dot_color"": ""Red"", ""score_amount"": ""5"", ""score_type"": ""Billions"", ""rule_text"": ""Make an evil pinky smirk. Last player to do the same must discard their entire hand and immediately draw six new cards."", ""item_dimensions"": ""{\u0022height\u0022: \u00223.5\u0022, \u0022width\u0022: \u00222.5\u0022, \u0022unit\u0022: \u0022inch\u0022}""}",94728358-cb3b-4fca-ad51-75f809b6f38d,e341ac4c-072f-41a1-9abf-90e3dc815199,Balancing Act,Balancing Act,{},austin-powers-collectible-card-game_the-spy-who-shagged-me_balancing-act
c5ed4273-f857-44a8-8c42-2c6d4b44ba76,item,1,1,"{""obverse"": ""austin-powers-collectible-card-game_the-spy-who-shagged-me_belgian-dip"", ""reverse"": ""austin-powers-collectible-card-game_card-back""}","{""name_printed"": ""Belgian Dip"", ""rarity"": ""Uncommon"", ""type"": ""Happening"", ""number"": ""134"", ""allegiance"": ""Evil"", ""dot_color"": ""Red"", ""score_amount"": ""5"", ""score_type"": ""Billions"", ""rule_text"": ""Make an evil pinky smirk. Last player to do the samemust discard two cards from their hand (their choice)."", ""item_dimensions"": ""{\u0022height\u0022: \u00223.5\u0022, \u0022width\u0022: \u00222.5\u0022, \u0022unit\u0022: \u0022inch\u0022}""}",94728358-cb3b-4fca-ad51-75f809b6f38d,e341ac4c-072f-41a1-9abf-90e3dc815199,Belgian Dip,Belgian Dip,{},austin-powers-collectible-card-game_the-spy-who-shagged-me_belgian-dip
7727f356-a230-4e3d-83f5-a94f2a2213bc,item,1,1,"{""obverse"": ""austin-powers-collectible-card-game_the-spy-who-shagged-me_bridal-shower"", ""reverse"": ""austin-powers-collectible-card-game_card-back""}","{""name_printed"": ""Bridal Shower"", ""rarity"": ""Common"", ""type"": ""Happening"", ""number"": ""135"", ""allegiance"": ""Evil"", ""dot_color"": ""Red"", ""score_amount"": ""5"", ""score_type"": ""Billions"", ""rule_text"": ""Make an evil pinky smirk. Last player to do the same must return one of their active Assassins to their hand."", ""item_dimensions"": ""{\u0022height\u0022: \u00223.5\u0022, \u0022width\u0022: \u00222.5\u0022, \u0022unit\u0022: \u0022inch\u0022}""}",94728358-cb3b-4fca-ad51-75f809b6f38d,e341ac4c-072f-41a1-9abf-90e3dc815199,Bridal Shower,Bridal Shower,{},austin-powers-collectible-card-game_the-spy-who-shagged-me_bridal-shower
2c73c3a2-9c04-44c1-8e6f-2d2b6e41afda,item,1,1,"{""obverse"": ""austin-powers-collectible-card-game_the-spy-who-shagged-me_disciplinary-action"", ""reverse"": ""austin-powers-collectible-card-game_card-back""}","{""name_printed"": ""Disciplinary Action"", ""rarity"": ""Common"", ""type"": ""Happening"", ""number"": ""136"", ""allegiance"": ""Evil"", ""dot_color"": ""Red"", ""score_amount"": ""5"", ""score_type"": ""Billions"", ""rule_text"": ""Make an evil pinky smirk. Last player to do the same cannot use their Assassins during their next turn."", ""item_dimensions"": ""{\u0022height\u0022: \u00223.5\u0022, \u0022width\u0022: \u00222.5\u0022, \u0022unit\u0022: \u0022inch\u0022}""}",94728358-cb3b-4fca-ad51-75f809b6f38d,e341ac4c-072f-41a1-9abf-90e3dc815199,Disciplinary Action,Disciplinary Action,{},austin-powers-collectible-card-game_the-spy-who-shagged-me_disciplinary-action
d07c7687-8514-4dbf-9669-2a5c6f64bfbb,item,1,1,"{""obverse"": ""austin-powers-collectible-card-game_the-spy-who-shagged-me_roadkill"", ""reverse"": ""austin-powers-collectible-card-game_card-back""}","{""name_printed"": ""Roadkill"", ""rarity"": ""Uncommon"", ""type"": ""Happening"", ""number"": ""137"", ""allegiance"": ""Evil"", ""dot_color"": ""Red"", ""score_amount"": ""5"", ""score_type"": ""Billions"", ""rule_text"": ""Make an evil pinky smirk. Last player to do the same chooses their Agent. If the next Assassination targets it, draw two cards."", ""item_dimensions"": ""{\u0022height\u0022: \u00223.5\u0022, \u0022width\u0022: \u00222.5\u0022, \u0022unit\u0022: \u0022inch\u0022}""}",94728358-cb3b-4fca-ad51-75f809b6f38d,e341ac4c-072f-41a1-9abf-90e3dc815199,Roadkill,Roadkill,{},austin-powers-collectible-card-game_the-spy-who-shagged-me_roadkill
f37ebe7a-6ff0-4c3e-8df6-ea2ef7ce1488,item,1,1,"{""obverse"": ""austin-powers-collectible-card-game_the-spy-who-shagged-me_southern-california-"", ""reverse"": ""austin-powers-collectible-card-game_card-back""}","{""name_printed"": ""Southern California?"", ""rarity"": ""Common"", ""type"": ""Happening"", ""number"": ""138"", ""allegiance"": ""Evil"", ""dot_color"": ""Red"", ""score_amount"": ""5"", ""score_type"": ""Billions"", ""rule_text"": ""Make an evil pinky smirk. Last player to do the same must discard one of their Swingers on table (your choice)."", ""item_dimensions"": ""{\u0022height\u0022: \u00223.5\u0022, \u0022width\u0022: \u00222.5\u0022, \u0022unit\u0022: \u0022inch\u0022}""}",94728358-cb3b-4fca-ad51-75f809b6f38d,e341ac4c-072f-41a1-9abf-90e3dc815199,Southern California?,Southern California?,{},austin-powers-collectible-card-game_the-spy-who-shagged-me_southern-california-
5c74b37a-d6df-4984-bf64-8aa7de67db02,item,1,1,"{""obverse"": ""austin-powers-collectible-card-game_the-spy-who-shagged-me_spin-doctor"", ""reverse"": ""austin-powers-collectible-card-game_card-back""}","{""name_printed"": ""Spin Doctor"", ""rarity"": ""Uncommon"", ""type"": ""Happening"", ""number"": ""139"", ""allegiance"": ""Evil"", ""dot_color"": ""Red"", ""score_amount"": ""5"", ""score_type"": ""Billions"", ""rule_text"": ""Make an evil pinky smirk. Last player to do the same cannot ask for a Frickin' Bone until end of their next turn."", ""item_dimensions"": ""{\u0022height\u0022: \u00223.5\u0022, \u0022width\u0022: \u00222.5\u0022, \u0022unit\u0022: \u0022inch\u0022}""}",94728358-cb3b-4fca-ad51-75f809b6f38d,e341ac4c-072f-41a1-9abf-90e3dc815199,Spin Doctor,Spin Doctor,{},austin-powers-collectible-card-game_the-spy-who-shagged-me_spin-doctor
68a0f066-8a8f-4960-98d9-c4b200b4958a,item,1,1,"{""obverse"": ""austin-powers-collectible-card-game_the-spy-who-shagged-me_stroking-the-bishops"", ""reverse"": ""austin-powers-collectible-card-game_card-back""}","{""name_printed"": ""Stroking the Bishops"", ""rarity"": ""Uncommon"", ""type"": ""Happening"", ""number"": ""140"", ""allegiance"": ""Evil"", ""dot_color"": ""Red"", ""score_amount"": ""5"", ""score_type"": ""Billions"", ""rule_text"": ""Make an evil pinky smirk. Last player to do the same must discard one socred Mojo or Ransom at random."", ""item_dimensions"": ""{\u0022height\u0022: \u00223.5\u0022, \u0022width\u0022: \u00222.5\u0022, \u0022unit\u0022: \u0022inch\u0022}""}",94728358-cb3b-4fca-ad51-75f809b6f38d,e341ac4c-072f-41a1-9abf-90e3dc815199,Stroking the Bishops,Stroking the Bishops,{},austin-powers-collectible-card-game_the-spy-who-shagged-me_stroking-the-bishops