id,source,imaged,documented,images,attributes,game_id,set_id,functional_name,item_name,source_notes,game_set_item_slug
42c4b550-ec01-431a-bbe9-d218a887f5e9,item,1,0,"{""obverse"": ""ophidian-2350_base-set_arthritic-bile"", ""reverse"": ""ophidian-2350_card-back""}","{""name_printed"": ""Arthritic Bile"", ""number"": ""1"", ""type"": ""Pump: Gladiator"", ""item_dimensions"": ""{\u0022height\u0022: \u00223.5\u0022, \u0022width\u0022: \u00222.5\u0022, \u0022unit\u0022: \u0022inch\u0022}""}",f31279db-1664-410d-ab37-c839514c9b8c,de253988-fadd-4f54-be9d-3e1585d94178,Arthritic Bile,Arthritic Bile,{},ophidian-2350_base-set_arthritic-bile
c642e614-fba6-4d7f-9c92-9248ce515fd4,item,1,0,"{""obverse"": ""ophidian-2350_base-set_bacteria-pool"", ""reverse"": ""ophidian-2350_card-back""}","{""name_printed"": ""Bacteria Pool"", ""number"": ""2"", ""type"": ""Zone"", ""item_dimensions"": ""{\u0022height\u0022: \u00223.5\u0022, \u0022width\u0022: \u00222.5\u0022, \u0022unit\u0022: \u0022inch\u0022}""}",f31279db-1664-410d-ab37-c839514c9b8c,de253988-fadd-4f54-be9d-3e1585d94178,Bacteria Pool,Bacteria Pool,{},ophidian-2350_base-set_bacteria-pool
b27adfaf-f460-4b26-a599-fbf769e74efd,item,1,0,"{""obverse"": ""ophidian-2350_base-set_cellular-collapse"", ""reverse"": ""ophidian-2350_card-back""}","{""name_printed"": ""Cellular Collapse"", ""number"": ""3"", ""type"": ""Pump: Gladiator"", ""item_dimensions"": ""{\u0022height\u0022: \u00223.5\u0022, \u0022width\u0022: \u00222.5\u0022, \u0022unit\u0022: \u0022inch\u0022}""}",f31279db-1664-410d-ab37-c839514c9b8c,de253988-fadd-4f54-be9d-3e1585d94178,Cellular Collapse,Cellular Collapse,{},ophidian-2350_base-set_cellular-collapse
df5b5a0a-3906-4952-890c-0cd636169a2d,item,1,0,"{""obverse"": ""ophidian-2350_base-set_corrode"", ""reverse"": ""ophidian-2350_card-back""}","{""name_printed"": ""Corrode"", ""number"": ""4"", ""type"": ""Quick-Hit"", ""item_dimensions"": ""{\u0022height\u0022: \u00223.5\u0022, \u0022width\u0022: \u00222.5\u0022, \u0022unit\u0022: \u0022inch\u0022}""}",f31279db-1664-410d-ab37-c839514c9b8c,de253988-fadd-4f54-be9d-3e1585d94178,Corrode,Corrode,{},ophidian-2350_base-set_corrode
3858577d-695c-4748-9c27-76c0ddcf9a46,item,1,0,"{""obverse"": ""ophidian-2350_base-set_dripping-leak"", ""reverse"": ""ophidian-2350_card-back""}","{""name_printed"": ""Dripping Leak"", ""number"": ""5"", ""type"": ""Pump: Character"", ""item_dimensions"": ""{\u0022height\u0022: \u00223.5\u0022, \u0022width\u0022: \u00222.5\u0022, \u0022unit\u0022: \u0022inch\u0022}""}",f31279db-1664-410d-ab37-c839514c9b8c,de253988-fadd-4f54-be9d-3e1585d94178,Dripping Leak,Dripping Leak,{},ophidian-2350_base-set_dripping-leak
df8ec126-c0b5-4f50-8bed-c7dc9d3eb7a2,item,1,0,"{""obverse"": ""ophidian-2350_base-set_festering-stink"", ""reverse"": ""ophidian-2350_card-back""}","{""name_printed"": ""Festering Stink"", ""number"": ""6"", ""type"": ""Pump: Character"", ""item_dimensions"": ""{\u0022height\u0022: \u00223.5\u0022, \u0022width\u0022: \u00222.5\u0022, \u0022unit\u0022: \u0022inch\u0022}""}",f31279db-1664-410d-ab37-c839514c9b8c,de253988-fadd-4f54-be9d-3e1585d94178,Festering Stink,Festering Stink,{},ophidian-2350_base-set_festering-stink
86772acc-933a-4d01-8ced-314b18aeaa8d,item,1,0,"{""obverse"": ""ophidian-2350_base-set_jagged-bones"", ""reverse"": ""ophidian-2350_card-back""}","{""name_printed"": ""Jagged Bones"", ""number"": ""7"", ""type"": ""Pump: Character"", ""item_dimensions"": ""{\u0022height\u0022: \u00223.5\u0022, \u0022width\u0022: \u00222.5\u0022, \u0022unit\u0022: \u0022inch\u0022}""}",f31279db-1664-410d-ab37-c839514c9b8c,de253988-fadd-4f54-be9d-3e1585d94178,Jagged Bones,Jagged Bones,{},ophidian-2350_base-set_jagged-bones
2fba01c5-0c36-41ad-bbed-eabaf654aa27,item,1,0,"{""obverse"": ""ophidian-2350_base-set_lung-spores"", ""reverse"": ""ophidian-2350_card-back""}","{""name_printed"": ""Lung Spores"", ""number"": ""8"", ""type"": ""Pump: Gladiator"", ""item_dimensions"": ""{\u0022height\u0022: \u00223.5\u0022, \u0022width\u0022: \u00222.5\u0022, \u0022unit\u0022: \u0022inch\u0022}""}",f31279db-1664-410d-ab37-c839514c9b8c,de253988-fadd-4f54-be9d-3e1585d94178,Lung Spores,Lung Spores,{},ophidian-2350_base-set_lung-spores
f7f20d80-106a-4ad3-8d6b-837ab52799e8,item,1,0,"{""obverse"": ""ophidian-2350_base-set_open-sores"", ""reverse"": ""ophidian-2350_card-back""}","{""name_printed"": ""Open Sores"", ""number"": ""9"", ""type"": ""Pump: Gladiator"", ""item_dimensions"": ""{\u0022height\u0022: \u00223.5\u0022, \u0022width\u0022: \u00222.5\u0022, \u0022unit\u0022: \u0022inch\u0022}""}",f31279db-1664-410d-ab37-c839514c9b8c,de253988-fadd-4f54-be9d-3e1585d94178,Open Sores,Open Sores,{},ophidian-2350_base-set_open-sores
96ea71b3-a0f0-4aad-b687-074c8eb346d1,item,1,0,"{""obverse"": ""ophidian-2350_base-set_pestilence"", ""reverse"": ""ophidian-2350_card-back""}","{""name_printed"": ""Pestilence"", ""number"": ""10"", ""type"": ""Pump: Gladiator"", ""item_dimensions"": ""{\u0022height\u0022: \u00223.5\u0022, \u0022width\u0022: \u00222.5\u0022, \u0022unit\u0022: \u0022inch\u0022}""}",f31279db-1664-410d-ab37-c839514c9b8c,de253988-fadd-4f54-be9d-3e1585d94178,Pestilence,Pestilence,{},ophidian-2350_base-set_pestilence
2f8779a0-db58-4b5b-8254-e770ff6b42ba,item,1,0,"{""obverse"": ""ophidian-2350_base-set_projectile-spines"", ""reverse"": ""ophidian-2350_card-back""}","{""name_printed"": ""Projectile Spines"", ""number"": ""11"", ""type"": ""Pump: Character"", ""item_dimensions"": ""{\u0022height\u0022: \u00223.5\u0022, \u0022width\u0022: \u00222.5\u0022, \u0022unit\u0022: \u0022inch\u0022}""}",f31279db-1664-410d-ab37-c839514c9b8c,de253988-fadd-4f54-be9d-3e1585d94178,Projectile Spines,Projectile Spines,{},ophidian-2350_base-set_projectile-spines
080fdad3-57d2-4240-b3c0-93c945012ef9,item,1,0,"{""obverse"": ""ophidian-2350_base-set_shriveled-bones"", ""reverse"": ""ophidian-2350_card-back""}","{""name_printed"": ""Shriveled Bones"", ""number"": ""12"", ""type"": ""Pump: Gladiator"", ""item_dimensions"": ""{\u0022height\u0022: \u00223.5\u0022, \u0022width\u0022: \u00222.5\u0022, \u0022unit\u0022: \u0022inch\u0022}""}",f31279db-1664-410d-ab37-c839514c9b8c,de253988-fadd-4f54-be9d-3e1585d94178,Shriveled Bones,Shriveled Bones,{},ophidian-2350_base-set_shriveled-bones
39d4e452-5982-45b4-af3c-be7edbef5781,item,1,0,"{""obverse"": ""ophidian-2350_base-set_slobbering-bite"", ""reverse"": ""ophidian-2350_card-back""}","{""name_printed"": ""Slobbering Bite"", ""number"": ""13"", ""type"": ""Pump: Character"", ""item_dimensions"": ""{\u0022height\u0022: \u00223.5\u0022, \u0022width\u0022: \u00222.5\u0022, \u0022unit\u0022: \u0022inch\u0022}""}",f31279db-1664-410d-ab37-c839514c9b8c,de253988-fadd-4f54-be9d-3e1585d94178,Slobbering Bite,Slobbering Bite,{},ophidian-2350_base-set_slobbering-bite
d6dc6fb0-f4f1-4022-98de-618935bdc406,item,1,0,"{""obverse"": ""ophidian-2350_base-set_spinal-twist"", ""reverse"": ""ophidian-2350_card-back""}","{""name_printed"": ""Spinal Twist"", ""number"": ""14"", ""type"": ""Quick-Hit"", ""item_dimensions"": ""{\u0022height\u0022: \u00223.5\u0022, \u0022width\u0022: \u00222.5\u0022, \u0022unit\u0022: \u0022inch\u0022}""}",f31279db-1664-410d-ab37-c839514c9b8c,de253988-fadd-4f54-be9d-3e1585d94178,Spinal Twist,Spinal Twist,{},ophidian-2350_base-set_spinal-twist
2e0a39a5-729d-4802-9699-1bd0a8239ae3,item,1,0,"{""obverse"": ""ophidian-2350_base-set_transmogrification"", ""reverse"": ""ophidian-2350_card-back""}","{""name_printed"": ""Transmogrification"", ""number"": ""15"", ""type"": ""Quick-Hit"", ""item_dimensions"": ""{\u0022height\u0022: \u00223.5\u0022, \u0022width\u0022: \u00222.5\u0022, \u0022unit\u0022: \u0022inch\u0022}""}",f31279db-1664-410d-ab37-c839514c9b8c,de253988-fadd-4f54-be9d-3e1585d94178,Transmogrification,Transmogrification,{},ophidian-2350_base-set_transmogrification
be9c0668-41d0-40b4-b112-0fb855dc7048,item,1,0,"{""obverse"": ""ophidian-2350_base-set_violent-quiver"", ""reverse"": ""ophidian-2350_card-back""}","{""name_printed"": ""Violent Quiver"", ""number"": ""16"", ""type"": ""Quick-Hit"", ""item_dimensions"": ""{\u0022height\u0022: \u00223.5\u0022, \u0022width\u0022: \u00222.5\u0022, \u0022unit\u0022: \u0022inch\u0022}""}",f31279db-1664-410d-ab37-c839514c9b8c,de253988-fadd-4f54-be9d-3e1585d94178,Violent Quiver,Violent Quiver,{},ophidian-2350_base-set_violent-quiver
f5d18114-01ee-4a3f-b994-b2e0fd1e17c7,item,1,0,"{""obverse"": ""ophidian-2350_base-set_accelerated-decay"", ""reverse"": ""ophidian-2350_card-back""}","{""name_printed"": ""Accelerated Decay"", ""number"": ""17"", ""type"": ""Quick-Hit"", ""item_dimensions"": ""{\u0022height\u0022: \u00223.5\u0022, \u0022width\u0022: \u00222.5\u0022, \u0022unit\u0022: \u0022inch\u0022}""}",f31279db-1664-410d-ab37-c839514c9b8c,de253988-fadd-4f54-be9d-3e1585d94178,Accelerated Decay,Accelerated Decay,{},ophidian-2350_base-set_accelerated-decay
f6959ae9-256c-4832-a789-a39ecccdf2ca,item,1,0,"{""obverse"": ""ophidian-2350_base-set_brain-pustules"", ""reverse"": ""ophidian-2350_card-back""}","{""name_printed"": ""Brain Pustules"", ""number"": ""18"", ""item_dimensions"": ""{\u0022height\u0022: \u00223.5\u0022, \u0022width\u0022: \u00222.5\u0022, \u0022unit\u0022: \u0022inch\u0022}""}",f31279db-1664-410d-ab37-c839514c9b8c,de253988-fadd-4f54-be9d-3e1585d94178,Brain Pustules,Brain Pustules,{},ophidian-2350_base-set_brain-pustules
206332e7-9a37-439d-bdcc-43d4685c13fb,item,1,0,"{""obverse"": ""ophidian-2350_base-set_circuit-plague"", ""reverse"": ""ophidian-2350_card-back""}","{""name_printed"": ""Circuit Plague"", ""number"": ""19"", ""item_dimensions"": ""{\u0022height\u0022: \u00223.5\u0022, \u0022width\u0022: \u00222.5\u0022, \u0022unit\u0022: \u0022inch\u0022}""}",f31279db-1664-410d-ab37-c839514c9b8c,de253988-fadd-4f54-be9d-3e1585d94178,Circuit Plague,Circuit Plague,{},ophidian-2350_base-set_circuit-plague
ec4e2bf0-4417-476e-9b5b-be79a32be22a,item,1,0,"{""obverse"": ""ophidian-2350_base-set_contagion"", ""reverse"": ""ophidian-2350_card-back""}","{""name_printed"": ""Contagion"", ""number"": ""20"", ""item_dimensions"": ""{\u0022height\u0022: \u00223.5\u0022, \u0022width\u0022: \u00222.5\u0022, \u0022unit\u0022: \u0022inch\u0022}""}",f31279db-1664-410d-ab37-c839514c9b8c,de253988-fadd-4f54-be9d-3e1585d94178,Contagion,Contagion,{},ophidian-2350_base-set_contagion
0b4f3bd4-cca4-4794-964b-b998b9245190,item,1,0,"{""obverse"": ""ophidian-2350_base-set_cornea-explosion"", ""reverse"": ""ophidian-2350_card-back""}","{""name_printed"": ""Cornea Explosion"", ""number"": ""21"", ""item_dimensions"": ""{\u0022height\u0022: \u00223.5\u0022, \u0022width\u0022: \u00222.5\u0022, \u0022unit\u0022: \u0022inch\u0022}""}",f31279db-1664-410d-ab37-c839514c9b8c,de253988-fadd-4f54-be9d-3e1585d94178,Cornea Explosion,Cornea Explosion,{},ophidian-2350_base-set_cornea-explosion
b3971c98-1c77-488d-ae4f-2d77dac1c085,item,1,0,"{""obverse"": ""ophidian-2350_base-set_dobula-c"", ""reverse"": ""ophidian-2350_card-back""}","{""name_printed"": ""Dobula C"", ""number"": ""22"", ""item_dimensions"": ""{\u0022height\u0022: \u00223.5\u0022, \u0022width\u0022: \u00222.5\u0022, \u0022unit\u0022: \u0022inch\u0022}""}",f31279db-1664-410d-ab37-c839514c9b8c,de253988-fadd-4f54-be9d-3e1585d94178,Dobula C,Dobula C,{},ophidian-2350_base-set_dobula-c
2e8d2595-c6a8-481e-80fc-a00de1e8c7f8,item,1,0,"{""obverse"": ""ophidian-2350_base-set_exhaustion-flu"", ""reverse"": ""ophidian-2350_card-back""}","{""name_printed"": ""Exhaustion Flu"", ""number"": ""23"", ""item_dimensions"": ""{\u0022height\u0022: \u00223.5\u0022, \u0022width\u0022: \u00222.5\u0022, \u0022unit\u0022: \u0022inch\u0022}""}",f31279db-1664-410d-ab37-c839514c9b8c,de253988-fadd-4f54-be9d-3e1585d94178,Exhaustion Flu,Exhaustion Flu,{},ophidian-2350_base-set_exhaustion-flu
a8e90657-17d7-431b-bdaf-f4cf2012cba8,item,1,0,"{""obverse"": ""ophidian-2350_base-set_growth-spurt"", ""reverse"": ""ophidian-2350_card-back""}","{""name_printed"": ""Growth Spurt"", ""number"": ""24"", ""item_dimensions"": ""{\u0022height\u0022: \u00223.5\u0022, \u0022width\u0022: \u00222.5\u0022, \u0022unit\u0022: \u0022inch\u0022}""}",f31279db-1664-410d-ab37-c839514c9b8c,de253988-fadd-4f54-be9d-3e1585d94178,Growth Spurt,Growth Spurt,{},ophidian-2350_base-set_growth-spurt
390ee5cc-02c1-4c1f-a5b8-7372a2ea3912,item,1,0,"{""obverse"": ""ophidian-2350_base-set_peptide-growth-hormone"", ""reverse"": ""ophidian-2350_card-back""}","{""name_printed"": ""Peptide Growth Hormone"", ""number"": ""25"", ""item_dimensions"": ""{\u0022height\u0022: \u00223.5\u0022, \u0022width\u0022: \u00222.5\u0022, \u0022unit\u0022: \u0022inch\u0022}""}",f31279db-1664-410d-ab37-c839514c9b8c,de253988-fadd-4f54-be9d-3e1585d94178,Peptide Growth Hormone,Peptide Growth Hormone,{},ophidian-2350_base-set_peptide-growth-hormone
d601a796-1694-42c2-88ee-6a0f7c576b8b,item,1,0,"{""obverse"": ""ophidian-2350_base-set_death's-dust"", ""reverse"": ""ophidian-2350_card-back""}","{""name_printed"": ""Death's Dust"", ""number"": ""26"", ""item_dimensions"": ""{\u0022height\u0022: \u00223.5\u0022, \u0022width\u0022: \u00222.5\u0022, \u0022unit\u0022: \u0022inch\u0022}""}",f31279db-1664-410d-ab37-c839514c9b8c,de253988-fadd-4f54-be9d-3e1585d94178,Death's Dust,Death's Dust,{},ophidian-2350_base-set_death's-dust
c926b7a2-21b0-422e-b156-ce646e33b0f1,item,1,0,"{""obverse"": ""ophidian-2350_base-set_fleet-footed"", ""reverse"": ""ophidian-2350_card-back""}","{""name_printed"": ""Fleet Footed"", ""number"": ""27"", ""item_dimensions"": ""{\u0022height\u0022: \u00223.5\u0022, \u0022width\u0022: \u00222.5\u0022, \u0022unit\u0022: \u0022inch\u0022}""}",f31279db-1664-410d-ab37-c839514c9b8c,de253988-fadd-4f54-be9d-3e1585d94178,Fleet Footed,Fleet Footed,{},ophidian-2350_base-set_fleet-footed
e1665874-395d-42f0-9c83-f0d783c2fdc1,item,1,0,"{""obverse"": ""ophidian-2350_base-set_paralyzing-touch"", ""reverse"": ""ophidian-2350_card-back""}","{""name_printed"": ""Paralyzing Touch"", ""number"": ""28"", ""item_dimensions"": ""{\u0022height\u0022: \u00223.5\u0022, \u0022width\u0022: \u00222.5\u0022, \u0022unit\u0022: \u0022inch\u0022}""}",f31279db-1664-410d-ab37-c839514c9b8c,de253988-fadd-4f54-be9d-3e1585d94178,Paralyzing Touch,Paralyzing Touch,{},ophidian-2350_base-set_paralyzing-touch
e4ae8776-f77b-4991-89c6-3b73a06b915b,item,1,0,"{""obverse"": ""ophidian-2350_base-set_most-infectious-disease"", ""reverse"": ""ophidian-2350_card-back""}","{""name_printed"": ""Most Infectious Disease"", ""number"": ""29"", ""item_dimensions"": ""{\u0022height\u0022: \u00223.5\u0022, \u0022width\u0022: \u00222.5\u0022, \u0022unit\u0022: \u0022inch\u0022}""}",f31279db-1664-410d-ab37-c839514c9b8c,de253988-fadd-4f54-be9d-3e1585d94178,Most Infectious Disease,Most Infectious Disease,{},ophidian-2350_base-set_most-infectious-disease
82e59c39-46f4-4166-8f4d-8b51e90f7a8f,item,1,0,"{""obverse"": ""ophidian-2350_base-set_adapter-droid"", ""reverse"": ""ophidian-2350_card-back""}","{""name_printed"": ""Adapter Droid"", ""number"": ""30"", ""item_dimensions"": ""{\u0022height\u0022: \u00223.5\u0022, \u0022width\u0022: \u00222.5\u0022, \u0022unit\u0022: \u0022inch\u0022}""}",f31279db-1664-410d-ab37-c839514c9b8c,de253988-fadd-4f54-be9d-3e1585d94178,Adapter Droid,Adapter Droid,{},ophidian-2350_base-set_adapter-droid
9b8c2cf8-a474-4f84-b214-ed7dab4c37c4,item,1,0,"{""obverse"": ""ophidian-2350_base-set_arachnabots"", ""reverse"": ""ophidian-2350_card-back""}","{""name_printed"": ""Arachnabots"", ""number"": ""31"", ""item_dimensions"": ""{\u0022height\u0022: \u00223.5\u0022, \u0022width\u0022: \u00222.5\u0022, \u0022unit\u0022: \u0022inch\u0022}""}",f31279db-1664-410d-ab37-c839514c9b8c,de253988-fadd-4f54-be9d-3e1585d94178,Arachnabots,Arachnabots,{},ophidian-2350_base-set_arachnabots
6859b23c-f2ef-42f5-9dd5-364cb8af5005,item,1,0,"{""obverse"": ""ophidian-2350_base-set_back-up-control"", ""reverse"": ""ophidian-2350_card-back""}","{""name_printed"": ""Back-Up Control"", ""number"": ""32"", ""item_dimensions"": ""{\u0022height\u0022: \u00223.5\u0022, \u0022width\u0022: \u00222.5\u0022, \u0022unit\u0022: \u0022inch\u0022}""}",f31279db-1664-410d-ab37-c839514c9b8c,de253988-fadd-4f54-be9d-3e1585d94178,Back-Up Control,Back-Up Control,{},ophidian-2350_base-set_back-up-control
5c69ae01-a9ce-4681-bb0e-e667cdd6a995,item,1,0,"{""obverse"": ""ophidian-2350_base-set_bomb-blastic"", ""reverse"": ""ophidian-2350_card-back""}","{""name_printed"": ""Bomb Blastic"", ""number"": ""33"", ""item_dimensions"": ""{\u0022height\u0022: \u00223.5\u0022, \u0022width\u0022: \u00222.5\u0022, \u0022unit\u0022: \u0022inch\u0022}""}",f31279db-1664-410d-ab37-c839514c9b8c,de253988-fadd-4f54-be9d-3e1585d94178,Bomb Blastic,Bomb Blastic,{},ophidian-2350_base-set_bomb-blastic
48a5018c-4095-4748-a26e-8abe07669b9f,item,1,0,"{""obverse"": ""ophidian-2350_base-set_demonic-combat-database"", ""reverse"": ""ophidian-2350_card-back""}","{""name_printed"": ""Demonic Combat Database"", ""number"": ""34"", ""item_dimensions"": ""{\u0022height\u0022: \u00223.5\u0022, \u0022width\u0022: \u00222.5\u0022, \u0022unit\u0022: \u0022inch\u0022}""}",f31279db-1664-410d-ab37-c839514c9b8c,de253988-fadd-4f54-be9d-3e1585d94178,Demonic Combat Database,Demonic Combat Database,{},ophidian-2350_base-set_demonic-combat-database
9cb55604-4a6c-4604-b2c2-fbf6db04a337,item,1,0,"{""obverse"": ""ophidian-2350_base-set_energy-collector"", ""reverse"": ""ophidian-2350_card-back""}","{""name_printed"": ""Energy Collector"", ""number"": ""35"", ""item_dimensions"": ""{\u0022height\u0022: \u00223.5\u0022, \u0022width\u0022: \u00222.5\u0022, \u0022unit\u0022: \u0022inch\u0022}""}",f31279db-1664-410d-ab37-c839514c9b8c,de253988-fadd-4f54-be9d-3e1585d94178,Energy Collector,Energy Collector,{},ophidian-2350_base-set_energy-collector
8d8932b5-ee19-4c8a-a122-6945fbb8f2eb,item,1,0,"{""obverse"": ""ophidian-2350_base-set_grub-server"", ""reverse"": ""ophidian-2350_card-back""}","{""name_printed"": ""Grub Server"", ""number"": ""36"", ""item_dimensions"": ""{\u0022height\u0022: \u00223.5\u0022, \u0022width\u0022: \u00222.5\u0022, \u0022unit\u0022: \u0022inch\u0022}""}",f31279db-1664-410d-ab37-c839514c9b8c,de253988-fadd-4f54-be9d-3e1585d94178,Grub Server,Grub Server,{},ophidian-2350_base-set_grub-server
d6fc0067-187d-4873-a85e-e63b11722933,photo,0,0,"{""obverse"": ""ophidian-2350_base-set_kinetic-shield"", ""reverse"": ""ophidian-2350_card-back""}","{""name_printed"": ""Kinetic Shield"", ""rarity"": ""Rare"", ""number"": ""37"", ""type"": ""Pump: Gladiator"", ""flavor_text"": ""Kinetic shields absorb aggressive energy, turning it into an expandable resource."", ""artist_names_printed"": ""[\u0022John Moriarty\u0022]"", ""item_dimensions"": ""{\u0022height\u0022: \u00223.5\u0022, \u0022width\u0022: \u00222.5\u0022, \u0022unit\u0022: \u0022inch\u0022}""}",f31279db-1664-410d-ab37-c839514c9b8c,de253988-fadd-4f54-be9d-3e1585d94178,Kinetic Shield,Kinetic Shield,{},ophidian-2350_base-set_kinetic-shield
87623268-e6b7-4bd3-b86a-58d546aec2c6,item,1,0,"{""obverse"": ""ophidian-2350_base-set_mega-ram-boost"", ""reverse"": ""ophidian-2350_card-back""}","{""name_printed"": ""Mega-RAM Boost"", ""number"": ""38"", ""item_dimensions"": ""{\u0022height\u0022: \u00223.5\u0022, \u0022width\u0022: \u00222.5\u0022, \u0022unit\u0022: \u0022inch\u0022}""}",f31279db-1664-410d-ab37-c839514c9b8c,de253988-fadd-4f54-be9d-3e1585d94178,Mega-RAM Boost,Mega-RAM Boost,{},ophidian-2350_base-set_mega-ram-boost
be99af1c-f48c-4870-a33c-7d2360d93c2d,item,1,0,"{""obverse"": ""ophidian-2350_base-set_nano-mites"", ""reverse"": ""ophidian-2350_card-back""}","{""name_printed"": ""Nano-mites"", ""number"": ""39"", ""item_dimensions"": ""{\u0022height\u0022: \u00223.5\u0022, \u0022width\u0022: \u00222.5\u0022, \u0022unit\u0022: \u0022inch\u0022}""}",f31279db-1664-410d-ab37-c839514c9b8c,de253988-fadd-4f54-be9d-3e1585d94178,Nano-mites,Nano-mites,{},ophidian-2350_base-set_nano-mites
0cdbee9b-d50a-4a8c-a990-52860f7d8879,item,1,0,"{""obverse"": ""ophidian-2350_base-set_nukatal-boom-rang"", ""reverse"": ""ophidian-2350_card-back""}","{""name_printed"": ""Nukatal Boom-Rang"", ""number"": ""40"", ""item_dimensions"": ""{\u0022height\u0022: \u00223.5\u0022, \u0022width\u0022: \u00222.5\u0022, \u0022unit\u0022: \u0022inch\u0022}""}",f31279db-1664-410d-ab37-c839514c9b8c,de253988-fadd-4f54-be9d-3e1585d94178,Nukatal Boom-Rang,Nukatal Boom-Rang,{},ophidian-2350_base-set_nukatal-boom-rang
cb75681f-27a3-4e68-97d7-1e7a4631420c,item,1,0,"{""obverse"": ""ophidian-2350_base-set_phase-blades"", ""reverse"": ""ophidian-2350_card-back""}","{""name_printed"": ""Phase Blades"", ""number"": ""41"", ""item_dimensions"": ""{\u0022height\u0022: \u00223.5\u0022, \u0022width\u0022: \u00222.5\u0022, \u0022unit\u0022: \u0022inch\u0022}""}",f31279db-1664-410d-ab37-c839514c9b8c,de253988-fadd-4f54-be9d-3e1585d94178,Phase Blades,Phase Blades,{},ophidian-2350_base-set_phase-blades
66f2fee4-7376-4be5-a4bd-9def7ab6ad05,item,1,0,"{""obverse"": ""ophidian-2350_base-set_re-gen-bot"", ""reverse"": ""ophidian-2350_card-back""}","{""name_printed"": ""Re-Gen Bot"", ""number"": ""42"", ""item_dimensions"": ""{\u0022height\u0022: \u00223.5\u0022, \u0022width\u0022: \u00222.5\u0022, \u0022unit\u0022: \u0022inch\u0022}""}",f31279db-1664-410d-ab37-c839514c9b8c,de253988-fadd-4f54-be9d-3e1585d94178,Re-Gen Bot,Re-Gen Bot,{},ophidian-2350_base-set_re-gen-bot
64ccd963-d581-41b3-b52e-f245559e0c87,item,1,0,"{""obverse"": ""ophidian-2350_base-set_siphon"", ""reverse"": ""ophidian-2350_card-back""}","{""name_printed"": ""Siphon"", ""number"": ""43"", ""item_dimensions"": ""{\u0022height\u0022: \u00223.5\u0022, \u0022width\u0022: \u00222.5\u0022, \u0022unit\u0022: \u0022inch\u0022}""}",f31279db-1664-410d-ab37-c839514c9b8c,de253988-fadd-4f54-be9d-3e1585d94178,Siphon,Siphon,{},ophidian-2350_base-set_siphon
885d12a0-d257-45c7-aeb9-10b9bbf751c7,item,1,0,"{""obverse"": ""ophidian-2350_base-set_summoning-locus"", ""reverse"": ""ophidian-2350_card-back""}","{""name_printed"": ""Summoning Locus"", ""number"": ""44"", ""item_dimensions"": ""{\u0022height\u0022: \u00223.5\u0022, \u0022width\u0022: \u00222.5\u0022, \u0022unit\u0022: \u0022inch\u0022}""}",f31279db-1664-410d-ab37-c839514c9b8c,de253988-fadd-4f54-be9d-3e1585d94178,Summoning Locus,Summoning Locus,{},ophidian-2350_base-set_summoning-locus
f3f4eee6-309c-4589-8c0e-fafb701a053b,item,1,0,"{""obverse"": ""ophidian-2350_base-set_supply-bot"", ""reverse"": ""ophidian-2350_card-back""}","{""name_printed"": ""Supply Bot"", ""number"": ""45"", ""item_dimensions"": ""{\u0022height\u0022: \u00223.5\u0022, \u0022width\u0022: \u00222.5\u0022, \u0022unit\u0022: \u0022inch\u0022}""}",f31279db-1664-410d-ab37-c839514c9b8c,de253988-fadd-4f54-be9d-3e1585d94178,Supply Bot,Supply Bot,{},ophidian-2350_base-set_supply-bot
a2de1e6c-9953-47e0-a811-10c030ac10d5,item,1,0,"{""obverse"": ""ophidian-2350_base-set_the-driller"", ""reverse"": ""ophidian-2350_card-back""}","{""name_printed"": ""The Driller"", ""number"": ""46"", ""item_dimensions"": ""{\u0022height\u0022: \u00223.5\u0022, \u0022width\u0022: \u00222.5\u0022, \u0022unit\u0022: \u0022inch\u0022}""}",f31279db-1664-410d-ab37-c839514c9b8c,de253988-fadd-4f54-be9d-3e1585d94178,The Driller,The Driller,{},ophidian-2350_base-set_the-driller
105aba6e-20fc-4f14-9ec1-ea621f659ef0,item,1,0,"{""obverse"": ""ophidian-2350_base-set_the-sweeper"", ""reverse"": ""ophidian-2350_card-back""}","{""name_printed"": ""The Sweeper"", ""number"": ""47"", ""item_dimensions"": ""{\u0022height\u0022: \u00223.5\u0022, \u0022width\u0022: \u00222.5\u0022, \u0022unit\u0022: \u0022inch\u0022}""}",f31279db-1664-410d-ab37-c839514c9b8c,de253988-fadd-4f54-be9d-3e1585d94178,The Sweeper,The Sweeper,{},ophidian-2350_base-set_the-sweeper
5d666f94-fc89-4dca-b69b-be1322965fa8,item,1,0,"{""obverse"": ""ophidian-2350_base-set_tomtakee"", ""reverse"": ""ophidian-2350_card-back""}","{""name_printed"": ""Tomtakee"", ""number"": ""48"", ""item_dimensions"": ""{\u0022height\u0022: \u00223.5\u0022, \u0022width\u0022: \u00222.5\u0022, \u0022unit\u0022: \u0022inch\u0022}""}",f31279db-1664-410d-ab37-c839514c9b8c,de253988-fadd-4f54-be9d-3e1585d94178,Tomtakee,Tomtakee,{},ophidian-2350_base-set_tomtakee
99ab6707-86c7-4125-85ff-3184a817371d,item,1,0,"{""obverse"": ""ophidian-2350_base-set_arm-of-draxile"", ""reverse"": ""ophidian-2350_card-back""}","{""name_printed"": ""Arm of Draxile"", ""number"": ""49"", ""item_dimensions"": ""{\u0022height\u0022: \u00223.5\u0022, \u0022width\u0022: \u00222.5\u0022, \u0022unit\u0022: \u0022inch\u0022}""}",f31279db-1664-410d-ab37-c839514c9b8c,de253988-fadd-4f54-be9d-3e1585d94178,Arm of Draxile,Arm of Draxile,{},ophidian-2350_base-set_arm-of-draxile
39be0982-4f13-459f-8ab9-416094264c5f,item,1,0,"{""obverse"": ""ophidian-2350_base-set_broozer"", ""reverse"": ""ophidian-2350_card-back""}","{""name_printed"": ""Broozer"", ""number"": ""50"", ""item_dimensions"": ""{\u0022height\u0022: \u00223.5\u0022, \u0022width\u0022: \u00222.5\u0022, \u0022unit\u0022: \u0022inch\u0022}""}",f31279db-1664-410d-ab37-c839514c9b8c,de253988-fadd-4f54-be9d-3e1585d94178,Broozer,Broozer,{},ophidian-2350_base-set_broozer
6d619547-f55b-4226-af01-956057ef6f57,item,1,0,"{""obverse"": ""ophidian-2350_base-set_cage-bot"", ""reverse"": ""ophidian-2350_card-back""}","{""name_printed"": ""Cage Bot"", ""number"": ""51"", ""item_dimensions"": ""{\u0022height\u0022: \u00223.5\u0022, \u0022width\u0022: \u00222.5\u0022, \u0022unit\u0022: \u0022inch\u0022}""}",f31279db-1664-410d-ab37-c839514c9b8c,de253988-fadd-4f54-be9d-3e1585d94178,Cage Bot,Cage Bot,{},ophidian-2350_base-set_cage-bot
fbcbba00-428b-4273-aaf9-fc1d2e331a61,item,1,0,"{""obverse"": ""ophidian-2350_base-set_chronic-chainsaw"", ""reverse"": ""ophidian-2350_card-back""}","{""name_printed"": ""Chronic Chainsaw"", ""number"": ""52"", ""item_dimensions"": ""{\u0022height\u0022: \u00223.5\u0022, \u0022width\u0022: \u00222.5\u0022, \u0022unit\u0022: \u0022inch\u0022}""}",f31279db-1664-410d-ab37-c839514c9b8c,de253988-fadd-4f54-be9d-3e1585d94178,Chronic Chainsaw,Chronic Chainsaw,{},ophidian-2350_base-set_chronic-chainsaw
f4ef317c-6f68-4e8b-87e2-56e2feca4f25,item,1,0,"{""obverse"": ""ophidian-2350_base-set_thrasherblade"", ""reverse"": ""ophidian-2350_card-back""}","{""name_printed"": ""ThrasherBlade"", ""number"": ""53"", ""item_dimensions"": ""{\u0022height\u0022: \u00223.5\u0022, \u0022width\u0022: \u00222.5\u0022, \u0022unit\u0022: \u0022inch\u0022}""}",f31279db-1664-410d-ab37-c839514c9b8c,de253988-fadd-4f54-be9d-3e1585d94178,ThrasherBlade,ThrasherBlade,{},ophidian-2350_base-set_thrasherblade
f81c477b-48f1-4c94-9f6f-41eba09e3f02,item,1,0,"{""obverse"": ""ophidian-2350_base-set_nerve-pulse-cannon"", ""reverse"": ""ophidian-2350_card-back""}","{""name_printed"": ""Nerve Pulse Cannon"", ""number"": ""54"", ""item_dimensions"": ""{\u0022height\u0022: \u00223.5\u0022, \u0022width\u0022: \u00222.5\u0022, \u0022unit\u0022: \u0022inch\u0022}""}",f31279db-1664-410d-ab37-c839514c9b8c,de253988-fadd-4f54-be9d-3e1585d94178,Nerve Pulse Cannon,Nerve Pulse Cannon,{},ophidian-2350_base-set_nerve-pulse-cannon
f6f49462-8838-46b1-a1b1-be35072bcfd0,item,1,0,"{""obverse"": ""ophidian-2350_base-set_system-download"", ""reverse"": ""ophidian-2350_card-back""}","{""name_printed"": ""System Download"", ""number"": ""55"", ""item_dimensions"": ""{\u0022height\u0022: \u00223.5\u0022, \u0022width\u0022: \u00222.5\u0022, \u0022unit\u0022: \u0022inch\u0022}""}",f31279db-1664-410d-ab37-c839514c9b8c,de253988-fadd-4f54-be9d-3e1585d94178,System Download,System Download,{},ophidian-2350_base-set_system-download
9e573dd7-fb44-48b9-9a0a-739b7d86ae3e,item,1,0,"{""obverse"": ""ophidian-2350_base-set_ti-te-to-tal-boom"", ""reverse"": ""ophidian-2350_card-back""}","{""name_printed"": ""Ti Te To Tal Boom"", ""number"": ""56"", ""item_dimensions"": ""{\u0022height\u0022: \u00223.5\u0022, \u0022width\u0022: \u00222.5\u0022, \u0022unit\u0022: \u0022inch\u0022}""}",f31279db-1664-410d-ab37-c839514c9b8c,de253988-fadd-4f54-be9d-3e1585d94178,Ti Te To Tal Boom,Ti Te To Tal Boom,{},ophidian-2350_base-set_ti-te-to-tal-boom
9a01fdcd-1f93-4291-8e18-bea42029503c,item,1,0,"{""obverse"": ""ophidian-2350_base-set_web-bot"", ""reverse"": ""ophidian-2350_card-back""}","{""name_printed"": ""Web Bot"", ""number"": ""57"", ""item_dimensions"": ""{\u0022height\u0022: \u00223.5\u0022, \u0022width\u0022: \u00222.5\u0022, \u0022unit\u0022: \u0022inch\u0022}""}",f31279db-1664-410d-ab37-c839514c9b8c,de253988-fadd-4f54-be9d-3e1585d94178,Web Bot,Web Bot,{},ophidian-2350_base-set_web-bot
65d3d3c1-d88e-439c-83ed-223ba9b14873,item,1,0,"{""obverse"": ""ophidian-2350_base-set_bombers"", ""reverse"": ""ophidian-2350_card-back""}","{""name_printed"": ""Bombers"", ""number"": ""58"", ""item_dimensions"": ""{\u0022height\u0022: \u00223.5\u0022, \u0022width\u0022: \u00222.5\u0022, \u0022unit\u0022: \u0022inch\u0022}""}",f31279db-1664-410d-ab37-c839514c9b8c,de253988-fadd-4f54-be9d-3e1585d94178,Bombers,Bombers,{},ophidian-2350_base-set_bombers
22229553-5443-409f-8014-b22f16bbdbf3,item,1,0,"{""obverse"": ""ophidian-2350_base-set_draxile"", ""reverse"": ""ophidian-2350_card-back""}","{""name_printed"": ""Draxile"", ""number"": ""59"", ""item_dimensions"": ""{\u0022height\u0022: \u00223.5\u0022, \u0022width\u0022: \u00222.5\u0022, \u0022unit\u0022: \u0022inch\u0022}""}",f31279db-1664-410d-ab37-c839514c9b8c,de253988-fadd-4f54-be9d-3e1585d94178,Draxile,Draxile,{},ophidian-2350_base-set_draxile
64ed0fca-0f05-4526-be68-b61479f1b29a,item,1,0,"{""obverse"": ""ophidian-2350_base-set_mannequin-droids"", ""reverse"": ""ophidian-2350_card-back""}","{""name_printed"": ""Mannequin Droids"", ""number"": ""60"", ""item_dimensions"": ""{\u0022height\u0022: \u00223.5\u0022, \u0022width\u0022: \u00222.5\u0022, \u0022unit\u0022: \u0022inch\u0022}""}",f31279db-1664-410d-ab37-c839514c9b8c,de253988-fadd-4f54-be9d-3e1585d94178,Mannequin Droids,Mannequin Droids,{},ophidian-2350_base-set_mannequin-droids
1ec06fee-da30-454c-ba52-ec9baaee82e5,item,1,0,"{""obverse"": ""ophidian-2350_base-set_spare-parts"", ""reverse"": ""ophidian-2350_card-back""}","{""name_printed"": ""Spare Parts"", ""number"": ""61"", ""item_dimensions"": ""{\u0022height\u0022: \u00223.5\u0022, \u0022width\u0022: \u00222.5\u0022, \u0022unit\u0022: \u0022inch\u0022}""}",f31279db-1664-410d-ab37-c839514c9b8c,de253988-fadd-4f54-be9d-3e1585d94178,Spare Parts,Spare Parts,{},ophidian-2350_base-set_spare-parts
8cc985b8-946f-44e8-a542-2e6f52d41378,item,1,0,"{""obverse"": ""ophidian-2350_base-set_mind-machine"", ""reverse"": ""ophidian-2350_card-back""}","{""name_printed"": ""Mind Machine"", ""number"": ""62"", ""item_dimensions"": ""{\u0022height\u0022: \u00223.5\u0022, \u0022width\u0022: \u00222.5\u0022, \u0022unit\u0022: \u0022inch\u0022}""}",f31279db-1664-410d-ab37-c839514c9b8c,de253988-fadd-4f54-be9d-3e1585d94178,Mind Machine,Mind Machine,{},ophidian-2350_base-set_mind-machine
e224fc99-2236-4a8e-824f-85992b668866,item,1,0,"{""obverse"": ""ophidian-2350_base-set_anti-mutation-agent"", ""reverse"": ""ophidian-2350_card-back""}","{""name_printed"": ""Anti-Mutation Agent"", ""number"": ""63"", ""item_dimensions"": ""{\u0022height\u0022: \u00223.5\u0022, \u0022width\u0022: \u00222.5\u0022, \u0022unit\u0022: \u0022inch\u0022}""}",f31279db-1664-410d-ab37-c839514c9b8c,de253988-fadd-4f54-be9d-3e1585d94178,Anti-Mutation Agent,Anti-Mutation Agent,{},ophidian-2350_base-set_anti-mutation-agent
07b30f1e-59e7-434d-87ea-b3086b179438,item,1,0,"{""obverse"": ""ophidian-2350_base-set_calm-hovering"", ""reverse"": ""ophidian-2350_card-back""}","{""name_printed"": ""Calm Hovering"", ""number"": ""64"", ""item_dimensions"": ""{\u0022height\u0022: \u00223.5\u0022, \u0022width\u0022: \u00222.5\u0022, \u0022unit\u0022: \u0022inch\u0022}""}",f31279db-1664-410d-ab37-c839514c9b8c,de253988-fadd-4f54-be9d-3e1585d94178,Calm Hovering,Calm Hovering,{},ophidian-2350_base-set_calm-hovering
4c04b5a1-c334-48c0-b38f-253fa6066477,item,1,0,"{""obverse"": ""ophidian-2350_base-set_flame-spirit"", ""reverse"": ""ophidian-2350_card-back""}","{""name_printed"": ""Flame Spirit"", ""number"": ""65"", ""item_dimensions"": ""{\u0022height\u0022: \u00223.5\u0022, \u0022width\u0022: \u00222.5\u0022, \u0022unit\u0022: \u0022inch\u0022}""}",f31279db-1664-410d-ab37-c839514c9b8c,de253988-fadd-4f54-be9d-3e1585d94178,Flame Spirit,Flame Spirit,{},ophidian-2350_base-set_flame-spirit
0df0e9a5-d08e-4199-be65-6da325ef4db2,item,1,0,"{""obverse"": ""ophidian-2350_base-set_gravel-spirit"", ""reverse"": ""ophidian-2350_card-back""}","{""name_printed"": ""Gravel Spirit"", ""number"": ""66"", ""item_dimensions"": ""{\u0022height\u0022: \u00223.5\u0022, \u0022width\u0022: \u00222.5\u0022, \u0022unit\u0022: \u0022inch\u0022}""}",f31279db-1664-410d-ab37-c839514c9b8c,de253988-fadd-4f54-be9d-3e1585d94178,Gravel Spirit,Gravel Spirit,{},ophidian-2350_base-set_gravel-spirit
68744bd5-a823-46e7-9330-a976dda4c99d,item,1,0,"{""obverse"": ""ophidian-2350_base-set_kaleem's-momentum"", ""reverse"": ""ophidian-2350_card-back""}","{""name_printed"": ""Kaleem's Momentum"", ""number"": ""67"", ""item_dimensions"": ""{\u0022height\u0022: \u00223.5\u0022, \u0022width\u0022: \u00222.5\u0022, \u0022unit\u0022: \u0022inch\u0022}""}",f31279db-1664-410d-ab37-c839514c9b8c,de253988-fadd-4f54-be9d-3e1585d94178,Kaleem's Momentum,Kaleem's Momentum,{},ophidian-2350_base-set_kaleem's-momentum
d91de54c-8081-4a9e-ade8-25c26fb2471a,item,1,0,"{""obverse"": ""ophidian-2350_base-set_lady-of-the-lagoon"", ""reverse"": ""ophidian-2350_card-back""}","{""name_printed"": ""Lady of the Lagoon"", ""number"": ""68"", ""item_dimensions"": ""{\u0022height\u0022: \u00223.5\u0022, \u0022width\u0022: \u00222.5\u0022, \u0022unit\u0022: \u0022inch\u0022}""}",f31279db-1664-410d-ab37-c839514c9b8c,de253988-fadd-4f54-be9d-3e1585d94178,Lady of the Lagoon,Lady of the Lagoon,{},ophidian-2350_base-set_lady-of-the-lagoon
33bcf66f-12c3-4907-8e81-b43158304d1e,item,1,0,"{""obverse"": ""ophidian-2350_base-set_lesser-healing"", ""reverse"": ""ophidian-2350_card-back""}","{""name_printed"": ""Lesser Healing"", ""number"": ""69"", ""item_dimensions"": ""{\u0022height\u0022: \u00223.5\u0022, \u0022width\u0022: \u00222.5\u0022, \u0022unit\u0022: \u0022inch\u0022}""}",f31279db-1664-410d-ab37-c839514c9b8c,de253988-fadd-4f54-be9d-3e1585d94178,Lesser Healing,Lesser Healing,{},ophidian-2350_base-set_lesser-healing
00753762-0035-4322-acb5-b6a6ea1b81c9,item,1,0,"{""obverse"": ""ophidian-2350_base-set_let-freedom-ring"", ""reverse"": ""ophidian-2350_card-back""}","{""name_printed"": ""Let Freedom Ring"", ""number"": ""70"", ""item_dimensions"": ""{\u0022height\u0022: \u00223.5\u0022, \u0022width\u0022: \u00222.5\u0022, \u0022unit\u0022: \u0022inch\u0022}""}",f31279db-1664-410d-ab37-c839514c9b8c,de253988-fadd-4f54-be9d-3e1585d94178,Let Freedom Ring,Let Freedom Ring,{},ophidian-2350_base-set_let-freedom-ring
d1a61032-84b6-4ace-84b8-209cc6ec464a,item,1,0,"{""obverse"": ""ophidian-2350_base-set_natural-surge"", ""reverse"": ""ophidian-2350_card-back""}","{""name_printed"": ""Natural Surge"", ""number"": ""71"", ""item_dimensions"": ""{\u0022height\u0022: \u00223.5\u0022, \u0022width\u0022: \u00222.5\u0022, \u0022unit\u0022: \u0022inch\u0022}""}",f31279db-1664-410d-ab37-c839514c9b8c,de253988-fadd-4f54-be9d-3e1585d94178,Natural Surge,Natural Surge,{},ophidian-2350_base-set_natural-surge
23737a5c-f1e8-429f-914c-9632d3a1ec56,item,1,0,"{""obverse"": ""ophidian-2350_base-set_resuscitation"", ""reverse"": ""ophidian-2350_card-back""}","{""name_printed"": ""Resuscitation"", ""number"": ""72"", ""item_dimensions"": ""{\u0022height\u0022: \u00223.5\u0022, \u0022width\u0022: \u00222.5\u0022, \u0022unit\u0022: \u0022inch\u0022}""}",f31279db-1664-410d-ab37-c839514c9b8c,de253988-fadd-4f54-be9d-3e1585d94178,Resuscitation,Resuscitation,{},ophidian-2350_base-set_resuscitation
228e313b-6a50-491f-8396-8f46361fc1fc,item,1,0,"{""obverse"": ""ophidian-2350_base-set_sympathy"", ""reverse"": ""ophidian-2350_card-back""}","{""name_printed"": ""Sympathy"", ""number"": ""73"", ""item_dimensions"": ""{\u0022height\u0022: \u00223.5\u0022, \u0022width\u0022: \u00222.5\u0022, \u0022unit\u0022: \u0022inch\u0022}""}",f31279db-1664-410d-ab37-c839514c9b8c,de253988-fadd-4f54-be9d-3e1585d94178,Sympathy,Sympathy,{},ophidian-2350_base-set_sympathy
9269737c-1386-412c-9aa0-6d2222a9a273,item,1,0,"{""obverse"": ""ophidian-2350_base-set_tainted-yin"", ""reverse"": ""ophidian-2350_card-back""}","{""name_printed"": ""Tainted Yin"", ""number"": ""74"", ""item_dimensions"": ""{\u0022height\u0022: \u00223.5\u0022, \u0022width\u0022: \u00222.5\u0022, \u0022unit\u0022: \u0022inch\u0022}""}",f31279db-1664-410d-ab37-c839514c9b8c,de253988-fadd-4f54-be9d-3e1585d94178,Tainted Yin,Tainted Yin,{},ophidian-2350_base-set_tainted-yin
23e952ef-bc46-4587-bb77-b84d933c3988,item,1,0,"{""obverse"": ""ophidian-2350_base-set_tainted-yang"", ""reverse"": ""ophidian-2350_card-back""}","{""name_printed"": ""Tainted Yang"", ""number"": ""75"", ""item_dimensions"": ""{\u0022height\u0022: \u00223.5\u0022, \u0022width\u0022: \u00222.5\u0022, \u0022unit\u0022: \u0022inch\u0022}""}",f31279db-1664-410d-ab37-c839514c9b8c,de253988-fadd-4f54-be9d-3e1585d94178,Tainted Yang,Tainted Yang,{},ophidian-2350_base-set_tainted-yang
1ee7e4a3-d74e-4e6d-a65c-ba92900683f2,item,1,0,"{""obverse"": ""ophidian-2350_base-set_treble-factor"", ""reverse"": ""ophidian-2350_card-back""}","{""name_printed"": ""Treble Factor"", ""number"": ""76"", ""item_dimensions"": ""{\u0022height\u0022: \u00223.5\u0022, \u0022width\u0022: \u00222.5\u0022, \u0022unit\u0022: \u0022inch\u0022}""}",f31279db-1664-410d-ab37-c839514c9b8c,de253988-fadd-4f54-be9d-3e1585d94178,Treble Factor,Treble Factor,{},ophidian-2350_base-set_treble-factor
a3d6f2b2-daa6-4b3f-8902-70ebc23261ca,item,1,0,"{""obverse"": ""ophidian-2350_base-set_truthful-delusion"", ""reverse"": ""ophidian-2350_card-back""}","{""name_printed"": ""Truthful Delusion"", ""number"": ""77"", ""item_dimensions"": ""{\u0022height\u0022: \u00223.5\u0022, \u0022width\u0022: \u00222.5\u0022, \u0022unit\u0022: \u0022inch\u0022}""}",f31279db-1664-410d-ab37-c839514c9b8c,de253988-fadd-4f54-be9d-3e1585d94178,Truthful Delusion,Truthful Delusion,{},ophidian-2350_base-set_truthful-delusion
f1ec0e02-3276-4baf-a1f4-bcdac7efb8c7,item,1,0,"{""obverse"": ""ophidian-2350_base-set_boon-of-earth"", ""reverse"": ""ophidian-2350_card-back""}","{""name_printed"": ""Boon of Earth"", ""number"": ""78"", ""item_dimensions"": ""{\u0022height\u0022: \u00223.5\u0022, \u0022width\u0022: \u00222.5\u0022, \u0022unit\u0022: \u0022inch\u0022}""}",f31279db-1664-410d-ab37-c839514c9b8c,de253988-fadd-4f54-be9d-3e1585d94178,Boon of Earth,Boon of Earth,{},ophidian-2350_base-set_boon-of-earth
96b72d26-77f2-458b-becf-a4017a7c572c,item,1,0,"{""obverse"": ""ophidian-2350_base-set_calm-aura"", ""reverse"": ""ophidian-2350_card-back""}","{""name_printed"": ""Calm Aura"", ""number"": ""79"", ""item_dimensions"": ""{\u0022height\u0022: \u00223.5\u0022, \u0022width\u0022: \u00222.5\u0022, \u0022unit\u0022: \u0022inch\u0022}""}",f31279db-1664-410d-ab37-c839514c9b8c,de253988-fadd-4f54-be9d-3e1585d94178,Calm Aura,Calm Aura,{},ophidian-2350_base-set_calm-aura
e368e5de-4c9b-4258-b833-aaf1d6c64566,item,1,0,"{""obverse"": ""ophidian-2350_base-set_fierce-aura"", ""reverse"": ""ophidian-2350_card-back""}","{""name_printed"": ""Fierce Aura"", ""number"": ""80"", ""item_dimensions"": ""{\u0022height\u0022: \u00223.5\u0022, \u0022width\u0022: \u00222.5\u0022, \u0022unit\u0022: \u0022inch\u0022}""}",f31279db-1664-410d-ab37-c839514c9b8c,de253988-fadd-4f54-be9d-3e1585d94178,Fierce Aura,Fierce Aura,{},ophidian-2350_base-set_fierce-aura
cb3ad981-923d-419c-ab7b-c9a8ac8fabe3,item,1,0,"{""obverse"": ""ophidian-2350_base-set_guardian-aura"", ""reverse"": ""ophidian-2350_card-back""}","{""name_printed"": ""Guardian Aura"", ""number"": ""81"", ""item_dimensions"": ""{\u0022height\u0022: \u00223.5\u0022, \u0022width\u0022: \u00222.5\u0022, \u0022unit\u0022: \u0022inch\u0022}""}",f31279db-1664-410d-ab37-c839514c9b8c,de253988-fadd-4f54-be9d-3e1585d94178,Guardian Aura,Guardian Aura,{},ophidian-2350_base-set_guardian-aura
de5aa4b0-89f7-4f7d-9017-b52deaf9cb0b,item,1,0,"{""obverse"": ""ophidian-2350_base-set_instant-better"", ""reverse"": ""ophidian-2350_card-back""}","{""name_printed"": ""Instant Better"", ""number"": ""82"", ""item_dimensions"": ""{\u0022height\u0022: \u00223.5\u0022, \u0022width\u0022: \u00222.5\u0022, \u0022unit\u0022: \u0022inch\u0022}""}",f31279db-1664-410d-ab37-c839514c9b8c,de253988-fadd-4f54-be9d-3e1585d94178,Instant Better,Instant Better,{},ophidian-2350_base-set_instant-better
2f75e247-2a4d-439c-bf70-f4e5f9b336d2,item,1,0,"{""obverse"": ""ophidian-2350_base-set_kaleem's-desire"", ""reverse"": ""ophidian-2350_card-back""}","{""name_printed"": ""Kaleem's Desire"", ""number"": ""83"", ""item_dimensions"": ""{\u0022height\u0022: \u00223.5\u0022, \u0022width\u0022: \u00222.5\u0022, \u0022unit\u0022: \u0022inch\u0022}""}",f31279db-1664-410d-ab37-c839514c9b8c,de253988-fadd-4f54-be9d-3e1585d94178,Kaleem's Desire,Kaleem's Desire,{},ophidian-2350_base-set_kaleem's-desire
d58a6186-8a9f-4c0a-af2b-70da79d82030,item,1,0,"{""obverse"": ""ophidian-2350_base-set_otherworld-presence"", ""reverse"": ""ophidian-2350_card-back""}","{""name_printed"": ""Otherworld Presence"", ""number"": ""84"", ""item_dimensions"": ""{\u0022height\u0022: \u00223.5\u0022, \u0022width\u0022: \u00222.5\u0022, \u0022unit\u0022: \u0022inch\u0022}""}",f31279db-1664-410d-ab37-c839514c9b8c,de253988-fadd-4f54-be9d-3e1585d94178,Otherworld Presence,Otherworld Presence,{},ophidian-2350_base-set_otherworld-presence
22ad7623-7000-4b98-bb3e-d41b406660d6,item,1,0,"{""obverse"": ""ophidian-2350_base-set_otherworld-whispers"", ""reverse"": ""ophidian-2350_card-back""}","{""name_printed"": ""Otherworld Whispers"", ""number"": ""85"", ""item_dimensions"": ""{\u0022height\u0022: \u00223.5\u0022, \u0022width\u0022: \u00222.5\u0022, \u0022unit\u0022: \u0022inch\u0022}""}",f31279db-1664-410d-ab37-c839514c9b8c,de253988-fadd-4f54-be9d-3e1585d94178,Otherworld Whispers,Otherworld Whispers,{},ophidian-2350_base-set_otherworld-whispers
45b94fda-21f8-4ba0-b818-f328903079fe,item,1,0,"{""obverse"": ""ophidian-2350_base-set_probable-healing"", ""reverse"": ""ophidian-2350_card-back""}","{""name_printed"": ""Probable Healing"", ""number"": ""86"", ""item_dimensions"": ""{\u0022height\u0022: \u00223.5\u0022, \u0022width\u0022: \u00222.5\u0022, \u0022unit\u0022: \u0022inch\u0022}""}",f31279db-1664-410d-ab37-c839514c9b8c,de253988-fadd-4f54-be9d-3e1585d94178,Probable Healing,Probable Healing,{},ophidian-2350_base-set_probable-healing
f6413f0b-e005-4150-95eb-46184785b3fc,item,1,0,"{""obverse"": ""ophidian-2350_base-set_viral-shield"", ""reverse"": ""ophidian-2350_card-back""}","{""name_printed"": ""Viral Shield"", ""number"": ""87"", ""item_dimensions"": ""{\u0022height\u0022: \u00223.5\u0022, \u0022width\u0022: \u00222.5\u0022, \u0022unit\u0022: \u0022inch\u0022}""}",f31279db-1664-410d-ab37-c839514c9b8c,de253988-fadd-4f54-be9d-3e1585d94178,Viral Shield,Viral Shield,{},ophidian-2350_base-set_viral-shield
9bf3db3a-d8a7-44ae-9e5b-a91ff22b17fa,item,1,0,"{""obverse"": ""ophidian-2350_base-set_revitalization"", ""reverse"": ""ophidian-2350_card-back""}","{""name_printed"": ""Revitalization"", ""number"": ""88"", ""item_dimensions"": ""{\u0022height\u0022: \u00223.5\u0022, \u0022width\u0022: \u00222.5\u0022, \u0022unit\u0022: \u0022inch\u0022}""}",f31279db-1664-410d-ab37-c839514c9b8c,de253988-fadd-4f54-be9d-3e1585d94178,Revitalization,Revitalization,{},ophidian-2350_base-set_revitalization
cfce7cf8-4743-4dc1-8f75-3fc19c05db4e,item,1,0,"{""obverse"": ""ophidian-2350_base-set_soul-bleed"", ""reverse"": ""ophidian-2350_card-back""}","{""name_printed"": ""Soul Bleed"", ""number"": ""89"", ""item_dimensions"": ""{\u0022height\u0022: \u00223.5\u0022, \u0022width\u0022: \u00222.5\u0022, \u0022unit\u0022: \u0022inch\u0022}""}",f31279db-1664-410d-ab37-c839514c9b8c,de253988-fadd-4f54-be9d-3e1585d94178,Soul Bleed,Soul Bleed,{},ophidian-2350_base-set_soul-bleed
7b13493d-ef51-4525-8b4b-5aeb5ece6d36,item,1,0,"{""obverse"": ""ophidian-2350_base-set_supported"", ""reverse"": ""ophidian-2350_card-back""}","{""name_printed"": ""Supported"", ""number"": ""90"", ""item_dimensions"": ""{\u0022height\u0022: \u00223.5\u0022, \u0022width\u0022: \u00222.5\u0022, \u0022unit\u0022: \u0022inch\u0022}""}",f31279db-1664-410d-ab37-c839514c9b8c,de253988-fadd-4f54-be9d-3e1585d94178,Supported,Supported,{},ophidian-2350_base-set_supported
9d8ad5bb-91e1-4a57-a684-074fac4f2a80,item,1,0,"{""obverse"": ""ophidian-2350_base-set_zdantal's-gift"", ""reverse"": ""ophidian-2350_card-back""}","{""name_printed"": ""Zdantal's Gift"", ""number"": ""91"", ""item_dimensions"": ""{\u0022height\u0022: \u00223.5\u0022, \u0022width\u0022: \u00222.5\u0022, \u0022unit\u0022: \u0022inch\u0022}""}",f31279db-1664-410d-ab37-c839514c9b8c,de253988-fadd-4f54-be9d-3e1585d94178,Zdantal's Gift,Zdantal's Gift,{},ophidian-2350_base-set_zdantal's-gift
e15d33d6-f7a4-42ac-aeb3-7161e8767492,item,1,0,"{""obverse"": ""ophidian-2350_base-set_final-embrace"", ""reverse"": ""ophidian-2350_card-back""}","{""name_printed"": ""Final Embrace"", ""number"": ""92"", ""item_dimensions"": ""{\u0022height\u0022: \u00223.5\u0022, \u0022width\u0022: \u00222.5\u0022, \u0022unit\u0022: \u0022inch\u0022}""}",f31279db-1664-410d-ab37-c839514c9b8c,de253988-fadd-4f54-be9d-3e1585d94178,Final Embrace,Final Embrace,{},ophidian-2350_base-set_final-embrace
8870c1d9-1063-4bed-a424-5910ef314e84,item,1,0,"{""obverse"": ""ophidian-2350_base-set_bloaters"", ""reverse"": ""ophidian-2350_card-back""}","{""name_printed"": ""Bloaters"", ""number"": ""93"", ""item_dimensions"": ""{\u0022height\u0022: \u00223.5\u0022, \u0022width\u0022: \u00222.5\u0022, \u0022unit\u0022: \u0022inch\u0022}""}",f31279db-1664-410d-ab37-c839514c9b8c,de253988-fadd-4f54-be9d-3e1585d94178,Bloaters,Bloaters,{},ophidian-2350_base-set_bloaters
f306d5ed-a82f-4ab2-b6c4-5b33a770da98,item,1,0,"{""obverse"": ""ophidian-2350_base-set_chronic-jim"", ""reverse"": ""ophidian-2350_card-back""}","{""name_printed"": ""Chronic Jim"", ""number"": ""94"", ""item_dimensions"": ""{\u0022height\u0022: \u00223.5\u0022, \u0022width\u0022: \u00222.5\u0022, \u0022unit\u0022: \u0022inch\u0022}""}",f31279db-1664-410d-ab37-c839514c9b8c,de253988-fadd-4f54-be9d-3e1585d94178,Chronic Jim,Chronic Jim,{},ophidian-2350_base-set_chronic-jim
a793d747-6c27-4f6a-abc2-cd82b91ef916,item,1,0,"{""obverse"": ""ophidian-2350_base-set_drosh"", ""reverse"": ""ophidian-2350_card-back""}","{""name_printed"": ""Drosh"", ""number"": ""95"", ""item_dimensions"": ""{\u0022height\u0022: \u00223.5\u0022, \u0022width\u0022: \u00222.5\u0022, \u0022unit\u0022: \u0022inch\u0022}""}",f31279db-1664-410d-ab37-c839514c9b8c,de253988-fadd-4f54-be9d-3e1585d94178,Drosh,Drosh,{},ophidian-2350_base-set_drosh
3f23d65d-ce25-42ea-830f-91477b7fd64f,item,1,0,"{""obverse"": ""ophidian-2350_base-set_flesh"", ""reverse"": ""ophidian-2350_card-back""}","{""name_printed"": ""Flesh"", ""number"": ""96"", ""item_dimensions"": ""{\u0022height\u0022: \u00223.5\u0022, \u0022width\u0022: \u00222.5\u0022, \u0022unit\u0022: \u0022inch\u0022}""}",f31279db-1664-410d-ab37-c839514c9b8c,de253988-fadd-4f54-be9d-3e1585d94178,Flesh,Flesh,{},ophidian-2350_base-set_flesh
a1e12ad2-ce66-4486-99a9-54491f024f09,item,1,0,"{""obverse"": ""ophidian-2350_base-set_glubus"", ""reverse"": ""ophidian-2350_card-back""}","{""name_printed"": ""Glubus"", ""number"": ""97"", ""item_dimensions"": ""{\u0022height\u0022: \u00223.5\u0022, \u0022width\u0022: \u00222.5\u0022, \u0022unit\u0022: \u0022inch\u0022}""}",f31279db-1664-410d-ab37-c839514c9b8c,de253988-fadd-4f54-be9d-3e1585d94178,Glubus,Glubus,{},ophidian-2350_base-set_glubus
990cef3e-24d9-4ec5-bca8-359d8676aed2,item,1,0,"{""obverse"": ""ophidian-2350_base-set_grendel"", ""reverse"": ""ophidian-2350_card-back""}","{""name_printed"": ""Grendel"", ""number"": ""98"", ""item_dimensions"": ""{\u0022height\u0022: \u00223.5\u0022, \u0022width\u0022: \u00222.5\u0022, \u0022unit\u0022: \u0022inch\u0022}""}",f31279db-1664-410d-ab37-c839514c9b8c,de253988-fadd-4f54-be9d-3e1585d94178,Grendel,Grendel,{},ophidian-2350_base-set_grendel
9e96948f-c792-422e-abe5-3c4923edd54d,item,1,0,"{""obverse"": ""ophidian-2350_base-set_iron-monster"", ""reverse"": ""ophidian-2350_card-back""}","{""name_printed"": ""Iron Monster"", ""number"": ""99"", ""item_dimensions"": ""{\u0022height\u0022: \u00223.5\u0022, \u0022width\u0022: \u00222.5\u0022, \u0022unit\u0022: \u0022inch\u0022}""}",f31279db-1664-410d-ab37-c839514c9b8c,de253988-fadd-4f54-be9d-3e1585d94178,Iron Monster,Iron Monster,{},ophidian-2350_base-set_iron-monster
99448d5d-8168-41fa-b134-a0a4c12ac844,item,1,0,"{""obverse"": ""ophidian-2350_base-set_pandu"", ""reverse"": ""ophidian-2350_card-back""}","{""name_printed"": ""Pandu"", ""number"": ""100"", ""item_dimensions"": ""{\u0022height\u0022: \u00223.5\u0022, \u0022width\u0022: \u00222.5\u0022, \u0022unit\u0022: \u0022inch\u0022}""}",f31279db-1664-410d-ab37-c839514c9b8c,de253988-fadd-4f54-be9d-3e1585d94178,Pandu,Pandu,{},ophidian-2350_base-set_pandu
2d3068b7-d87f-460a-afae-b984383a04a3,item,1,0,"{""obverse"": ""ophidian-2350_base-set_portal-transport"", ""reverse"": ""ophidian-2350_card-back""}","{""name_printed"": ""Portal Transport"", ""number"": ""101"", ""item_dimensions"": ""{\u0022height\u0022: \u00223.5\u0022, \u0022width\u0022: \u00222.5\u0022, \u0022unit\u0022: \u0022inch\u0022}""}",f31279db-1664-410d-ab37-c839514c9b8c,de253988-fadd-4f54-be9d-3e1585d94178,Portal Transport,Portal Transport,{},ophidian-2350_base-set_portal-transport
3f0c03d3-552a-406d-b9ec-9d3d4a4ab92b,item,1,0,"{""obverse"": ""ophidian-2350_base-set_portalled-heist"", ""reverse"": ""ophidian-2350_card-back""}","{""name_printed"": ""Portalled Heist"", ""number"": ""102"", ""item_dimensions"": ""{\u0022height\u0022: \u00223.5\u0022, \u0022width\u0022: \u00222.5\u0022, \u0022unit\u0022: \u0022inch\u0022}""}",f31279db-1664-410d-ab37-c839514c9b8c,de253988-fadd-4f54-be9d-3e1585d94178,Portalled Heist,Portalled Heist,{},ophidian-2350_base-set_portalled-heist
f4846d18-9291-4ab1-8586-ee82d1fe98d1,item,1,0,"{""obverse"": ""ophidian-2350_base-set_putaka"", ""reverse"": ""ophidian-2350_card-back""}","{""name_printed"": ""Putaka"", ""number"": ""103"", ""item_dimensions"": ""{\u0022height\u0022: \u00223.5\u0022, \u0022width\u0022: \u00222.5\u0022, \u0022unit\u0022: \u0022inch\u0022}""}",f31279db-1664-410d-ab37-c839514c9b8c,de253988-fadd-4f54-be9d-3e1585d94178,Putaka,Putaka,{},ophidian-2350_base-set_putaka
3c727a57-b908-4296-8c9e-dc35c81e1775,item,1,0,"{""obverse"": ""ophidian-2350_base-set_ranchek"", ""reverse"": ""ophidian-2350_card-back""}","{""name_printed"": ""Ranchek"", ""number"": ""104"", ""item_dimensions"": ""{\u0022height\u0022: \u00223.5\u0022, \u0022width\u0022: \u00222.5\u0022, \u0022unit\u0022: \u0022inch\u0022}""}",f31279db-1664-410d-ab37-c839514c9b8c,de253988-fadd-4f54-be9d-3e1585d94178,Ranchek,Ranchek,{},ophidian-2350_base-set_ranchek
1af44a84-d46d-482f-a6d8-ad45065058e8,item,1,0,"{""obverse"": ""ophidian-2350_base-set_scrambler"", ""reverse"": ""ophidian-2350_card-back""}","{""name_printed"": ""Scrambler"", ""number"": ""105"", ""item_dimensions"": ""{\u0022height\u0022: \u00223.5\u0022, \u0022width\u0022: \u00222.5\u0022, \u0022unit\u0022: \u0022inch\u0022}""}",f31279db-1664-410d-ab37-c839514c9b8c,de253988-fadd-4f54-be9d-3e1585d94178,Scrambler,Scrambler,{},ophidian-2350_base-set_scrambler
657d36a5-d31d-4212-97b1-2053d6f5858a,item,1,0,"{""obverse"": ""ophidian-2350_base-set_senet"", ""reverse"": ""ophidian-2350_card-back""}","{""name_printed"": ""Senet"", ""number"": ""106"", ""item_dimensions"": ""{\u0022height\u0022: \u00223.5\u0022, \u0022width\u0022: \u00222.5\u0022, \u0022unit\u0022: \u0022inch\u0022}""}",f31279db-1664-410d-ab37-c839514c9b8c,de253988-fadd-4f54-be9d-3e1585d94178,Senet,Senet,{},ophidian-2350_base-set_senet
b69738af-79b9-43e2-8a34-6ae77f6e7ac6,item,1,0,"{""obverse"": ""ophidian-2350_base-set_writhing-horror"", ""reverse"": ""ophidian-2350_card-back""}","{""name_printed"": ""Writhing Horror"", ""number"": ""107"", ""item_dimensions"": ""{\u0022height\u0022: \u00223.5\u0022, \u0022width\u0022: \u00222.5\u0022, \u0022unit\u0022: \u0022inch\u0022}""}",f31279db-1664-410d-ab37-c839514c9b8c,de253988-fadd-4f54-be9d-3e1585d94178,Writhing Horror,Writhing Horror,{},ophidian-2350_base-set_writhing-horror
a4bb90ca-63c3-4692-84a6-cdb606ece466,item,1,0,"{""obverse"": ""ophidian-2350_base-set_zwazaw"", ""reverse"": ""ophidian-2350_card-back""}","{""name_printed"": ""Zwazaw"", ""number"": ""108"", ""item_dimensions"": ""{\u0022height\u0022: \u00223.5\u0022, \u0022width\u0022: \u00222.5\u0022, \u0022unit\u0022: \u0022inch\u0022}""}",f31279db-1664-410d-ab37-c839514c9b8c,de253988-fadd-4f54-be9d-3e1585d94178,Zwazaw,Zwazaw,{},ophidian-2350_base-set_zwazaw
c7e91b78-2df7-4d47-8369-e178c44fd645,item,1,0,"{""obverse"": ""ophidian-2350_base-set_bone-beast"", ""reverse"": ""ophidian-2350_card-back""}","{""name_printed"": ""Bone Beast"", ""number"": ""109"", ""item_dimensions"": ""{\u0022height\u0022: \u00223.5\u0022, \u0022width\u0022: \u00222.5\u0022, \u0022unit\u0022: \u0022inch\u0022}""}",f31279db-1664-410d-ab37-c839514c9b8c,de253988-fadd-4f54-be9d-3e1585d94178,Bone Beast,Bone Beast,{},ophidian-2350_base-set_bone-beast
d8931143-acf4-4be0-b3ec-fdbf5d9b1b6d,item,1,0,"{""obverse"": ""ophidian-2350_base-set_breeding-larvae-fields"", ""reverse"": ""ophidian-2350_card-back""}","{""name_printed"": ""Breeding Larvae Fields"", ""number"": ""110"", ""item_dimensions"": ""{\u0022height\u0022: \u00223.5\u0022, \u0022width\u0022: \u00222.5\u0022, \u0022unit\u0022: \u0022inch\u0022}""}",f31279db-1664-410d-ab37-c839514c9b8c,de253988-fadd-4f54-be9d-3e1585d94178,Breeding Larvae Fields,Breeding Larvae Fields,{},ophidian-2350_base-set_breeding-larvae-fields
ba36b022-379d-4ec1-9912-b98d2088a3a2,item,1,0,"{""obverse"": ""ophidian-2350_base-set_demented-maggot-swarm"", ""reverse"": ""ophidian-2350_card-back""}","{""name_printed"": ""Demented Maggot Swarm"", ""number"": ""111"", ""item_dimensions"": ""{\u0022height\u0022: \u00223.5\u0022, \u0022width\u0022: \u00222.5\u0022, \u0022unit\u0022: \u0022inch\u0022}""}",f31279db-1664-410d-ab37-c839514c9b8c,de253988-fadd-4f54-be9d-3e1585d94178,Demented Maggot Swarm,Demented Maggot Swarm,{},ophidian-2350_base-set_demented-maggot-swarm
b142e408-705d-4109-9722-1f9c651de1c2,item,1,0,"{""obverse"": ""ophidian-2350_base-set_flow-flux-portal"", ""reverse"": ""ophidian-2350_card-back""}","{""name_printed"": ""Flow-Flux Portal"", ""number"": ""112"", ""item_dimensions"": ""{\u0022height\u0022: \u00223.5\u0022, \u0022width\u0022: \u00222.5\u0022, \u0022unit\u0022: \u0022inch\u0022}""}",f31279db-1664-410d-ab37-c839514c9b8c,de253988-fadd-4f54-be9d-3e1585d94178,Flow-Flux Portal,Flow-Flux Portal,{},ophidian-2350_base-set_flow-flux-portal
77e562f7-bc70-4660-80f2-71179b3ebf36,item,1,0,"{""obverse"": ""ophidian-2350_base-set_krevloc-screamer"", ""reverse"": ""ophidian-2350_card-back""}","{""name_printed"": ""Krevloc Screamer"", ""number"": ""113"", ""item_dimensions"": ""{\u0022height\u0022: \u00223.5\u0022, \u0022width\u0022: \u00222.5\u0022, \u0022unit\u0022: \u0022inch\u0022}""}",f31279db-1664-410d-ab37-c839514c9b8c,de253988-fadd-4f54-be9d-3e1585d94178,Krevloc Screamer,Krevloc Screamer,{},ophidian-2350_base-set_krevloc-screamer
c11fc5ba-57ba-46b0-8dc4-a5e7f186f2e4,item,1,0,"{""obverse"": ""ophidian-2350_base-set_lockjaw"", ""reverse"": ""ophidian-2350_card-back""}","{""name_printed"": ""Lockjaw"", ""number"": ""114"", ""item_dimensions"": ""{\u0022height\u0022: \u00223.5\u0022, \u0022width\u0022: \u00222.5\u0022, \u0022unit\u0022: \u0022inch\u0022}""}",f31279db-1664-410d-ab37-c839514c9b8c,de253988-fadd-4f54-be9d-3e1585d94178,Lockjaw,Lockjaw,{},ophidian-2350_base-set_lockjaw
e1d4400a-5034-42a2-a7b2-80626fa83a1f,item,1,0,"{""obverse"": ""ophidian-2350_base-set_shendondrian-dominatrix"", ""reverse"": ""ophidian-2350_card-back""}","{""name_printed"": ""Shendondrian Dominatrix"", ""number"": ""115"", ""item_dimensions"": ""{\u0022height\u0022: \u00223.5\u0022, \u0022width\u0022: \u00222.5\u0022, \u0022unit\u0022: \u0022inch\u0022}""}",f31279db-1664-410d-ab37-c839514c9b8c,de253988-fadd-4f54-be9d-3e1585d94178,Shendondrian Dominatrix,Shendondrian Dominatrix,{},ophidian-2350_base-set_shendondrian-dominatrix
a904cb3e-1dbf-46f8-b4c8-686fcb5fc155,item,1,0,"{""obverse"": ""ophidian-2350_base-set_royal-guard"", ""reverse"": ""ophidian-2350_card-back""}","{""name_printed"": ""Royal Guard"", ""number"": ""116"", ""item_dimensions"": ""{\u0022height\u0022: \u00223.5\u0022, \u0022width\u0022: \u00222.5\u0022, \u0022unit\u0022: \u0022inch\u0022}""}",f31279db-1664-410d-ab37-c839514c9b8c,de253988-fadd-4f54-be9d-3e1585d94178,Royal Guard,Royal Guard,{},ophidian-2350_base-set_royal-guard
2a0659c0-60c4-447e-8a39-25048ef2c8d4,item,1,0,"{""obverse"": ""ophidian-2350_base-set_snakes-of-wrath"", ""reverse"": ""ophidian-2350_card-back""}","{""name_printed"": ""Snakes of Wrath"", ""number"": ""117"", ""item_dimensions"": ""{\u0022height\u0022: \u00223.5\u0022, \u0022width\u0022: \u00222.5\u0022, \u0022unit\u0022: \u0022inch\u0022}""}",f31279db-1664-410d-ab37-c839514c9b8c,de253988-fadd-4f54-be9d-3e1585d94178,Snakes of Wrath,Snakes of Wrath,{},ophidian-2350_base-set_snakes-of-wrath
fe8924c9-b3bc-4fe9-bea4-60b231ca9e54,item,1,0,"{""obverse"": ""ophidian-2350_base-set_vacuous-portal"", ""reverse"": ""ophidian-2350_card-back""}","{""name_printed"": ""Vacuous Portal"", ""number"": ""118"", ""item_dimensions"": ""{\u0022height\u0022: \u00223.5\u0022, \u0022width\u0022: \u00222.5\u0022, \u0022unit\u0022: \u0022inch\u0022}""}",f31279db-1664-410d-ab37-c839514c9b8c,de253988-fadd-4f54-be9d-3e1585d94178,Vacuous Portal,Vacuous Portal,{},ophidian-2350_base-set_vacuous-portal
783cc9b6-0eef-4ca9-9b28-07d5ca458680,item,1,0,"{""obverse"": ""ophidian-2350_base-set_gun-kipa"", ""reverse"": ""ophidian-2350_card-back""}","{""name_printed"": ""Gun-Kipa"", ""number"": ""119"", ""item_dimensions"": ""{\u0022height\u0022: \u00223.5\u0022, \u0022width\u0022: \u00222.5\u0022, \u0022unit\u0022: \u0022inch\u0022}""}",f31279db-1664-410d-ab37-c839514c9b8c,de253988-fadd-4f54-be9d-3e1585d94178,Gun-Kipa,Gun-Kipa,{},ophidian-2350_base-set_gun-kipa
2cbc1d66-f180-475f-8511-91a5b193a308,item,1,0,"{""obverse"": ""ophidian-2350_base-set_king-solomon-cxiii"", ""reverse"": ""ophidian-2350_card-back""}","{""name_printed"": ""King Solomon CXIII"", ""number"": ""120"", ""item_dimensions"": ""{\u0022height\u0022: \u00223.5\u0022, \u0022width\u0022: \u00222.5\u0022, \u0022unit\u0022: \u0022inch\u0022}""}",f31279db-1664-410d-ab37-c839514c9b8c,de253988-fadd-4f54-be9d-3e1585d94178,King Solomon CXIII,King Solomon CXIII,{},ophidian-2350_base-set_king-solomon-cxiii
634d3e87-553d-44e0-9599-7c1862cb1a7d,item,1,0,"{""obverse"": ""ophidian-2350_base-set_portal-prison"", ""reverse"": ""ophidian-2350_card-back""}","{""name_printed"": ""Portal Prison"", ""number"": ""121"", ""item_dimensions"": ""{\u0022height\u0022: \u00223.5\u0022, \u0022width\u0022: \u00222.5\u0022, \u0022unit\u0022: \u0022inch\u0022}""}",f31279db-1664-410d-ab37-c839514c9b8c,de253988-fadd-4f54-be9d-3e1585d94178,Portal Prison,Portal Prison,{},ophidian-2350_base-set_portal-prison
7ce4278f-586e-461c-b04e-1b315d315f1d,item,1,0,"{""obverse"": ""ophidian-2350_base-set_unborn"", ""reverse"": ""ophidian-2350_card-back""}","{""name_printed"": ""Unborn"", ""number"": ""122"", ""item_dimensions"": ""{\u0022height\u0022: \u00223.5\u0022, \u0022width\u0022: \u00222.5\u0022, \u0022unit\u0022: \u0022inch\u0022}""}",f31279db-1664-410d-ab37-c839514c9b8c,de253988-fadd-4f54-be9d-3e1585d94178,Unborn,Unborn,{},ophidian-2350_base-set_unborn
83cdac86-2c83-4f29-9848-59f47dc93cc8,item,1,0,"{""obverse"": ""ophidian-2350_base-set_he-who-hungers"", ""reverse"": ""ophidian-2350_card-back""}","{""name_printed"": ""He Who Hungers"", ""number"": ""123"", ""item_dimensions"": ""{\u0022height\u0022: \u00223.5\u0022, \u0022width\u0022: \u00222.5\u0022, \u0022unit\u0022: \u0022inch\u0022}""}",f31279db-1664-410d-ab37-c839514c9b8c,de253988-fadd-4f54-be9d-3e1585d94178,He Who Hungers,He Who Hungers,{},ophidian-2350_base-set_he-who-hungers
2a8b0497-67ff-4cf7-99dd-0d58823a3082,item,1,0,"{""obverse"": ""ophidian-2350_base-set_breathe-deeply"", ""reverse"": ""ophidian-2350_card-back""}","{""name_printed"": ""Breathe Deeply"", ""number"": ""124"", ""item_dimensions"": ""{\u0022height\u0022: \u00223.5\u0022, \u0022width\u0022: \u00222.5\u0022, \u0022unit\u0022: \u0022inch\u0022}""}",f31279db-1664-410d-ab37-c839514c9b8c,de253988-fadd-4f54-be9d-3e1585d94178,Breathe Deeply,Breathe Deeply,{},ophidian-2350_base-set_breathe-deeply
78106259-48e7-45b6-a15a-a642c27b274c,item,1,0,"{""obverse"": ""ophidian-2350_base-set_cerebrum-swell"", ""reverse"": ""ophidian-2350_card-back""}","{""name_printed"": ""Cerebrum Swell"", ""number"": ""125"", ""item_dimensions"": ""{\u0022height\u0022: \u00223.5\u0022, \u0022width\u0022: \u00222.5\u0022, \u0022unit\u0022: \u0022inch\u0022}""}",f31279db-1664-410d-ab37-c839514c9b8c,de253988-fadd-4f54-be9d-3e1585d94178,Cerebrum Swell,Cerebrum Swell,{},ophidian-2350_base-set_cerebrum-swell
a066d0a5-d4a6-461b-9335-a185613c9477,item,1,0,"{""obverse"": ""ophidian-2350_base-set_combat-mind-trace"", ""reverse"": ""ophidian-2350_card-back""}","{""name_printed"": ""Combat Mind Trace"", ""number"": ""126"", ""item_dimensions"": ""{\u0022height\u0022: \u00223.5\u0022, \u0022width\u0022: \u00222.5\u0022, \u0022unit\u0022: \u0022inch\u0022}""}",f31279db-1664-410d-ab37-c839514c9b8c,de253988-fadd-4f54-be9d-3e1585d94178,Combat Mind Trace,Combat Mind Trace,{},ophidian-2350_base-set_combat-mind-trace
516f8eb6-de52-42cd-9004-4f67951965da,item,1,0,"{""obverse"": ""ophidian-2350_base-set_distraction"", ""reverse"": ""ophidian-2350_card-back""}","{""name_printed"": ""Distraction"", ""number"": ""127"", ""item_dimensions"": ""{\u0022height\u0022: \u00223.5\u0022, \u0022width\u0022: \u00222.5\u0022, \u0022unit\u0022: \u0022inch\u0022}""}",f31279db-1664-410d-ab37-c839514c9b8c,de253988-fadd-4f54-be9d-3e1585d94178,Distraction,Distraction,{},ophidian-2350_base-set_distraction
47e8f639-a1c5-40aa-8c29-fb4d54658886,item,1,0,"{""obverse"": ""ophidian-2350_base-set_fade"", ""reverse"": ""ophidian-2350_card-back""}","{""name_printed"": ""Fade"", ""number"": ""128"", ""item_dimensions"": ""{\u0022height\u0022: \u00223.5\u0022, \u0022width\u0022: \u00222.5\u0022, \u0022unit\u0022: \u0022inch\u0022}""}",f31279db-1664-410d-ab37-c839514c9b8c,de253988-fadd-4f54-be9d-3e1585d94178,Fade,Fade,{},ophidian-2350_base-set_fade
d835c8b2-3744-43ac-8110-da321075aee7,item,1,0,"{""obverse"": ""ophidian-2350_base-set_force-reversal"", ""reverse"": ""ophidian-2350_card-back""}","{""name_printed"": ""Force Reversal"", ""number"": ""129"", ""item_dimensions"": ""{\u0022height\u0022: \u00223.5\u0022, \u0022width\u0022: \u00222.5\u0022, \u0022unit\u0022: \u0022inch\u0022}""}",f31279db-1664-410d-ab37-c839514c9b8c,de253988-fadd-4f54-be9d-3e1585d94178,Force Reversal,Force Reversal,{},ophidian-2350_base-set_force-reversal
2c8f0b72-edcd-4a86-9fcb-027676e10fb1,item,1,0,"{""obverse"": ""ophidian-2350_base-set_full-monty"", ""reverse"": ""ophidian-2350_card-back""}","{""name_printed"": ""Full Monty"", ""number"": ""130"", ""item_dimensions"": ""{\u0022height\u0022: \u00223.5\u0022, \u0022width\u0022: \u00222.5\u0022, \u0022unit\u0022: \u0022inch\u0022}""}",f31279db-1664-410d-ab37-c839514c9b8c,de253988-fadd-4f54-be9d-3e1585d94178,Full Monty,Full Monty,{},ophidian-2350_base-set_full-monty
850961b4-07e5-4c44-a254-0e113deb3713,item,1,0,"{""obverse"": ""ophidian-2350_base-set_fumble"", ""reverse"": ""ophidian-2350_card-back""}","{""name_printed"": ""Fumble"", ""number"": ""131"", ""item_dimensions"": ""{\u0022height\u0022: \u00223.5\u0022, \u0022width\u0022: \u00222.5\u0022, \u0022unit\u0022: \u0022inch\u0022}""}",f31279db-1664-410d-ab37-c839514c9b8c,de253988-fadd-4f54-be9d-3e1585d94178,Fumble,Fumble,{},ophidian-2350_base-set_fumble
c200a42c-5bb6-438d-9230-89d351c519f8,item,1,0,"{""obverse"": ""ophidian-2350_base-set_hidden-danger"", ""reverse"": ""ophidian-2350_card-back""}","{""name_printed"": ""Hidden Danger"", ""number"": ""132"", ""item_dimensions"": ""{\u0022height\u0022: \u00223.5\u0022, \u0022width\u0022: \u00222.5\u0022, \u0022unit\u0022: \u0022inch\u0022}""}",f31279db-1664-410d-ab37-c839514c9b8c,de253988-fadd-4f54-be9d-3e1585d94178,Hidden Danger,Hidden Danger,{},ophidian-2350_base-set_hidden-danger
ef147211-3f6f-48d2-ac29-f2ee3c6d358e,item,1,0,"{""obverse"": ""ophidian-2350_base-set_macbeth-syndrome"", ""reverse"": ""ophidian-2350_card-back""}","{""name_printed"": ""Macbeth Syndrome"", ""number"": ""133"", ""item_dimensions"": ""{\u0022height\u0022: \u00223.5\u0022, \u0022width\u0022: \u00222.5\u0022, \u0022unit\u0022: \u0022inch\u0022}""}",f31279db-1664-410d-ab37-c839514c9b8c,de253988-fadd-4f54-be9d-3e1585d94178,Macbeth Syndrome,Macbeth Syndrome,{},ophidian-2350_base-set_macbeth-syndrome
7b314ee1-9d71-4c4c-bf4d-e78b185d39f1,item,1,0,"{""obverse"": ""ophidian-2350_base-set_mind-over-body"", ""reverse"": ""ophidian-2350_card-back""}","{""name_printed"": ""Mind Over Body"", ""number"": ""134"", ""item_dimensions"": ""{\u0022height\u0022: \u00223.5\u0022, \u0022width\u0022: \u00222.5\u0022, \u0022unit\u0022: \u0022inch\u0022}""}",f31279db-1664-410d-ab37-c839514c9b8c,de253988-fadd-4f54-be9d-3e1585d94178,Mind Over Body,Mind Over Body,{},ophidian-2350_base-set_mind-over-body
5cc7705f-18f0-4fe6-90cf-983045a6268d,item,1,0,"{""obverse"": ""ophidian-2350_base-set_mindlash"", ""reverse"": ""ophidian-2350_card-back""}","{""name_printed"": ""Mindlash"", ""number"": ""135"", ""item_dimensions"": ""{\u0022height\u0022: \u00223.5\u0022, \u0022width\u0022: \u00222.5\u0022, \u0022unit\u0022: \u0022inch\u0022}""}",f31279db-1664-410d-ab37-c839514c9b8c,de253988-fadd-4f54-be9d-3e1585d94178,Mindlash,Mindlash,{},ophidian-2350_base-set_mindlash
eba10375-7d7e-4c53-8ed6-4c096f48c74f,item,1,0,"{""obverse"": ""ophidian-2350_base-set_mistaken-identity"", ""reverse"": ""ophidian-2350_card-back""}","{""name_printed"": ""Mistaken Identity"", ""number"": ""136"", ""item_dimensions"": ""{\u0022height\u0022: \u00223.5\u0022, \u0022width\u0022: \u00222.5\u0022, \u0022unit\u0022: \u0022inch\u0022}""}",f31279db-1664-410d-ab37-c839514c9b8c,de253988-fadd-4f54-be9d-3e1585d94178,Mistaken Identity,Mistaken Identity,{},ophidian-2350_base-set_mistaken-identity
96b2e95a-301e-4750-8782-6dc9b5d0dbec,item,1,0,"{""obverse"": ""ophidian-2350_base-set_mute"", ""reverse"": ""ophidian-2350_card-back""}","{""name_printed"": ""Mute"", ""number"": ""137"", ""item_dimensions"": ""{\u0022height\u0022: \u00223.5\u0022, \u0022width\u0022: \u00222.5\u0022, \u0022unit\u0022: \u0022inch\u0022}""}",f31279db-1664-410d-ab37-c839514c9b8c,de253988-fadd-4f54-be9d-3e1585d94178,Mute,Mute,{},ophidian-2350_base-set_mute
627231af-1733-4c1d-aa03-9a7ec0878ed9,item,1,0,"{""obverse"": ""ophidian-2350_base-set_palm-ripples"", ""reverse"": ""ophidian-2350_card-back""}","{""name_printed"": ""Palm Ripples"", ""number"": ""138"", ""item_dimensions"": ""{\u0022height\u0022: \u00223.5\u0022, \u0022width\u0022: \u00222.5\u0022, \u0022unit\u0022: \u0022inch\u0022}""}",f31279db-1664-410d-ab37-c839514c9b8c,de253988-fadd-4f54-be9d-3e1585d94178,Palm Ripples,Palm Ripples,{},ophidian-2350_base-set_palm-ripples
8c27e251-1448-408b-8c70-e45518b8e668,item,1,0,"{""obverse"": ""ophidian-2350_base-set_skull-splice"", ""reverse"": ""ophidian-2350_card-back""}","{""name_printed"": ""Skull Splice"", ""number"": ""139"", ""item_dimensions"": ""{\u0022height\u0022: \u00223.5\u0022, \u0022width\u0022: \u00222.5\u0022, \u0022unit\u0022: \u0022inch\u0022}""}",f31279db-1664-410d-ab37-c839514c9b8c,de253988-fadd-4f54-be9d-3e1585d94178,Skull Splice,Skull Splice,{},ophidian-2350_base-set_skull-splice
8fe55f1e-019b-4d75-b256-6a374ec973f3,item,1,0,"{""obverse"": ""ophidian-2350_base-set_suffocation"", ""reverse"": ""ophidian-2350_card-back""}","{""name_printed"": ""Suffocation"", ""number"": ""140"", ""item_dimensions"": ""{\u0022height\u0022: \u00223.5\u0022, \u0022width\u0022: \u00222.5\u0022, \u0022unit\u0022: \u0022inch\u0022}""}",f31279db-1664-410d-ab37-c839514c9b8c,de253988-fadd-4f54-be9d-3e1585d94178,Suffocation,Suffocation,{},ophidian-2350_base-set_suffocation
062d4f64-241f-459d-919e-4ec55c8eb156,item,1,0,"{""obverse"": ""ophidian-2350_base-set_whiplash"", ""reverse"": ""ophidian-2350_card-back""}","{""name_printed"": ""Whiplash"", ""number"": ""141"", ""item_dimensions"": ""{\u0022height\u0022: \u00223.5\u0022, \u0022width\u0022: \u00222.5\u0022, \u0022unit\u0022: \u0022inch\u0022}""}",f31279db-1664-410d-ab37-c839514c9b8c,de253988-fadd-4f54-be9d-3e1585d94178,Whiplash,Whiplash,{},ophidian-2350_base-set_whiplash
55d04228-c46b-41ca-bd06-b1036a479184,item,1,0,"{""obverse"": ""ophidian-2350_base-set_backlash"", ""reverse"": ""ophidian-2350_card-back""}","{""name_printed"": ""Backlash"", ""number"": ""142"", ""item_dimensions"": ""{\u0022height\u0022: \u00223.5\u0022, \u0022width\u0022: \u00222.5\u0022, \u0022unit\u0022: \u0022inch\u0022}""}",f31279db-1664-410d-ab37-c839514c9b8c,de253988-fadd-4f54-be9d-3e1585d94178,Backlash,Backlash,{},ophidian-2350_base-set_backlash
84d7a121-2ae0-41ca-8bbe-71fa59e1e9e0,item,1,0,"{""obverse"": ""ophidian-2350_base-set_epiphany"", ""reverse"": ""ophidian-2350_card-back""}","{""name_printed"": ""Epiphany"", ""number"": ""143"", ""item_dimensions"": ""{\u0022height\u0022: \u00223.5\u0022, \u0022width\u0022: \u00222.5\u0022, \u0022unit\u0022: \u0022inch\u0022}""}",f31279db-1664-410d-ab37-c839514c9b8c,de253988-fadd-4f54-be9d-3e1585d94178,Epiphany,Epiphany,{},ophidian-2350_base-set_epiphany
bdf0a3bf-0d5d-489e-b1af-6e311e9c0222,item,1,0,"{""obverse"": ""ophidian-2350_base-set_free-your-mind"", ""reverse"": ""ophidian-2350_card-back""}","{""name_printed"": ""Free Your Mind"", ""number"": ""144"", ""item_dimensions"": ""{\u0022height\u0022: \u00223.5\u0022, \u0022width\u0022: \u00222.5\u0022, \u0022unit\u0022: \u0022inch\u0022}""}",f31279db-1664-410d-ab37-c839514c9b8c,de253988-fadd-4f54-be9d-3e1585d94178,Free Your Mind,Free Your Mind,{},ophidian-2350_base-set_free-your-mind
4f658d15-9286-429f-96e3-88a379884c02,item,1,0,"{""obverse"": ""ophidian-2350_base-set_inner-demons"", ""reverse"": ""ophidian-2350_card-back""}","{""name_printed"": ""Inner Demons"", ""number"": ""145"", ""item_dimensions"": ""{\u0022height\u0022: \u00223.5\u0022, \u0022width\u0022: \u00222.5\u0022, \u0022unit\u0022: \u0022inch\u0022}""}",f31279db-1664-410d-ab37-c839514c9b8c,de253988-fadd-4f54-be9d-3e1585d94178,Inner Demons,Inner Demons,{},ophidian-2350_base-set_inner-demons
4c9a8355-123a-4dc7-a5b4-708dfdf83620,item,1,0,"{""obverse"": ""ophidian-2350_base-set_iq-filter"", ""reverse"": ""ophidian-2350_card-back""}","{""name_printed"": ""IQ Filter"", ""number"": ""146"", ""item_dimensions"": ""{\u0022height\u0022: \u00223.5\u0022, \u0022width\u0022: \u00222.5\u0022, \u0022unit\u0022: \u0022inch\u0022}""}",f31279db-1664-410d-ab37-c839514c9b8c,de253988-fadd-4f54-be9d-3e1585d94178,IQ Filter,IQ Filter,{},ophidian-2350_base-set_iq-filter
bec65497-0525-487d-95e9-37e3c02713d1,item,1,0,"{""obverse"": ""ophidian-2350_base-set_kaleem's-triangle"", ""reverse"": ""ophidian-2350_card-back""}","{""name_printed"": ""Kaleem's Triangle"", ""number"": ""147"", ""item_dimensions"": ""{\u0022height\u0022: \u00223.5\u0022, \u0022width\u0022: \u00222.5\u0022, \u0022unit\u0022: \u0022inch\u0022}""}",f31279db-1664-410d-ab37-c839514c9b8c,de253988-fadd-4f54-be9d-3e1585d94178,Kaleem's Triangle,Kaleem's Triangle,{},ophidian-2350_base-set_kaleem's-triangle
21371d6f-edb9-4682-a7d1-35ecef04d454,item,1,0,"{""obverse"": ""ophidian-2350_base-set_love-tap"", ""reverse"": ""ophidian-2350_card-back""}","{""name_printed"": ""Love Tap"", ""number"": ""148"", ""item_dimensions"": ""{\u0022height\u0022: \u00223.5\u0022, \u0022width\u0022: \u00222.5\u0022, \u0022unit\u0022: \u0022inch\u0022}""}",f31279db-1664-410d-ab37-c839514c9b8c,de253988-fadd-4f54-be9d-3e1585d94178,Love Tap,Love Tap,{},ophidian-2350_base-set_love-tap
776a7f21-171d-4072-9a16-ecef64f04fbd,item,1,0,"{""obverse"": ""ophidian-2350_base-set_one-step-ahead"", ""reverse"": ""ophidian-2350_card-back""}","{""name_printed"": ""One Step Ahead"", ""number"": ""149"", ""item_dimensions"": ""{\u0022height\u0022: \u00223.5\u0022, \u0022width\u0022: \u00222.5\u0022, \u0022unit\u0022: \u0022inch\u0022}""}",f31279db-1664-410d-ab37-c839514c9b8c,de253988-fadd-4f54-be9d-3e1585d94178,One Step Ahead,One Step Ahead,{},ophidian-2350_base-set_one-step-ahead
77c900f1-9d8b-48ae-bb58-b337642c57ca,item,1,0,"{""obverse"": ""ophidian-2350_base-set_power-in-numbers"", ""reverse"": ""ophidian-2350_card-back""}","{""name_printed"": ""Power In Numbers"", ""number"": ""150"", ""item_dimensions"": ""{\u0022height\u0022: \u00223.5\u0022, \u0022width\u0022: \u00222.5\u0022, \u0022unit\u0022: \u0022inch\u0022}""}",f31279db-1664-410d-ab37-c839514c9b8c,de253988-fadd-4f54-be9d-3e1585d94178,Power In Numbers,Power In Numbers,{},ophidian-2350_base-set_power-in-numbers
340435cb-e3e6-4755-868c-4eb24929d6c7,item,1,0,"{""obverse"": ""ophidian-2350_base-set_weakened-thought"", ""reverse"": ""ophidian-2350_card-back""}","{""name_printed"": ""Weakened Thought"", ""number"": ""151"", ""item_dimensions"": ""{\u0022height\u0022: \u00223.5\u0022, \u0022width\u0022: \u00222.5\u0022, \u0022unit\u0022: \u0022inch\u0022}""}",f31279db-1664-410d-ab37-c839514c9b8c,de253988-fadd-4f54-be9d-3e1585d94178,Weakened Thought,Weakened Thought,{},ophidian-2350_base-set_weakened-thought
54613a4f-e25a-47e4-97d9-172d39e4a49b,item,1,0,"{""obverse"": ""ophidian-2350_base-set_alter-ego"", ""reverse"": ""ophidian-2350_card-back""}","{""name_printed"": ""Alter Ego"", ""number"": ""152"", ""item_dimensions"": ""{\u0022height\u0022: \u00223.5\u0022, \u0022width\u0022: \u00222.5\u0022, \u0022unit\u0022: \u0022inch\u0022}""}",f31279db-1664-410d-ab37-c839514c9b8c,de253988-fadd-4f54-be9d-3e1585d94178,Alter Ego,Alter Ego,{},ophidian-2350_base-set_alter-ego
e9f372fc-e22f-4dc8-bc1f-79b1bf07ffa3,item,1,0,"{""obverse"": ""ophidian-2350_base-set_for-the-mighty"", ""reverse"": ""ophidian-2350_card-back""}","{""name_printed"": ""For The Mighty"", ""number"": ""153"", ""item_dimensions"": ""{\u0022height\u0022: \u00223.5\u0022, \u0022width\u0022: \u00222.5\u0022, \u0022unit\u0022: \u0022inch\u0022}""}",f31279db-1664-410d-ab37-c839514c9b8c,de253988-fadd-4f54-be9d-3e1585d94178,For The Mighty,For The Mighty,{},ophidian-2350_base-set_for-the-mighty
ae5474cc-ab0f-45c3-8e3b-c0d5190ae359,item,1,0,"{""obverse"": ""ophidian-2350_base-set_thought-cyphon"", ""reverse"": ""ophidian-2350_card-back""}","{""name_printed"": ""Thought Cyphon"", ""number"": ""154"", ""item_dimensions"": ""{\u0022height\u0022: \u00223.5\u0022, \u0022width\u0022: \u00222.5\u0022, \u0022unit\u0022: \u0022inch\u0022}""}",f31279db-1664-410d-ab37-c839514c9b8c,de253988-fadd-4f54-be9d-3e1585d94178,Thought Cyphon,Thought Cyphon,{},ophidian-2350_base-set_thought-cyphon
2959bc10-fb22-4f65-a4d6-da7eac6a679e,item,1,0,"{""obverse"": ""ophidian-2350_base-set_vengeful-blow"", ""reverse"": ""ophidian-2350_card-back""}","{""name_printed"": ""Vengeful Blow"", ""number"": ""155"", ""item_dimensions"": ""{\u0022height\u0022: \u00223.5\u0022, \u0022width\u0022: \u00222.5\u0022, \u0022unit\u0022: \u0022inch\u0022}""}",f31279db-1664-410d-ab37-c839514c9b8c,de253988-fadd-4f54-be9d-3e1585d94178,Vengeful Blow,Vengeful Blow,{},ophidian-2350_base-set_vengeful-blow
ba666bd3-dcfb-4be3-8cf7-3dbfd07be63d,item,1,0,"{""obverse"": ""ophidian-2350_base-set_confused-alliance"", ""reverse"": ""ophidian-2350_card-back""}","{""name_printed"": ""Confused Alliance"", ""number"": ""156"", ""item_dimensions"": ""{\u0022height\u0022: \u00223.5\u0022, \u0022width\u0022: \u00222.5\u0022, \u0022unit\u0022: \u0022inch\u0022}""}",f31279db-1664-410d-ab37-c839514c9b8c,de253988-fadd-4f54-be9d-3e1585d94178,Confused Alliance,Confused Alliance,{},ophidian-2350_base-set_confused-alliance
d16b2f49-0d6c-444c-bec8-ad974e3d4138,item,1,0,"{""obverse"": ""ophidian-2350_base-set_adrenaline-shot"", ""reverse"": ""ophidian-2350_card-back""}","{""name_printed"": ""Adrenaline Shot"", ""number"": ""157"", ""item_dimensions"": ""{\u0022height\u0022: \u00223.5\u0022, \u0022width\u0022: \u00222.5\u0022, \u0022unit\u0022: \u0022inch\u0022}""}",f31279db-1664-410d-ab37-c839514c9b8c,de253988-fadd-4f54-be9d-3e1585d94178,Adrenaline Shot,Adrenaline Shot,{},ophidian-2350_base-set_adrenaline-shot
84362ee9-290e-41ec-8687-9fe5ec562017,item,1,0,"{""obverse"": ""ophidian-2350_base-set_defensive-anchor"", ""reverse"": ""ophidian-2350_card-back""}","{""name_printed"": ""Defensive Anchor"", ""number"": ""158"", ""item_dimensions"": ""{\u0022height\u0022: \u00223.5\u0022, \u0022width\u0022: \u00222.5\u0022, \u0022unit\u0022: \u0022inch\u0022}""}",f31279db-1664-410d-ab37-c839514c9b8c,de253988-fadd-4f54-be9d-3e1585d94178,Defensive Anchor,Defensive Anchor,{},ophidian-2350_base-set_defensive-anchor
9457ced4-8f62-4e64-b733-86d5fd42f651,item,1,0,"{""obverse"": ""ophidian-2350_base-set_double-team"", ""reverse"": ""ophidian-2350_card-back""}","{""name_printed"": ""Double Team"", ""number"": ""159"", ""item_dimensions"": ""{\u0022height\u0022: \u00223.5\u0022, \u0022width\u0022: \u00222.5\u0022, \u0022unit\u0022: \u0022inch\u0022}""}",f31279db-1664-410d-ab37-c839514c9b8c,de253988-fadd-4f54-be9d-3e1585d94178,Double Team,Double Team,{},ophidian-2350_base-set_double-team
38b25058-7f25-451b-bdf7-cf4457b71325,item,1,0,"{""obverse"": ""ophidian-2350_base-set_electro-chains"", ""reverse"": ""ophidian-2350_card-back""}","{""name_printed"": ""Electro Chains"", ""number"": ""160"", ""item_dimensions"": ""{\u0022height\u0022: \u00223.5\u0022, \u0022width\u0022: \u00222.5\u0022, \u0022unit\u0022: \u0022inch\u0022}""}",f31279db-1664-410d-ab37-c839514c9b8c,de253988-fadd-4f54-be9d-3e1585d94178,Electro Chains,Electro Chains,{},ophidian-2350_base-set_electro-chains
910c69b6-057c-4858-8894-4151a077b5a9,item,1,0,"{""obverse"": ""ophidian-2350_base-set_experimental-magenta-pill"", ""reverse"": ""ophidian-2350_card-back""}","{""name_printed"": ""Experimental Magenta Pill"", ""number"": ""161"", ""item_dimensions"": ""{\u0022height\u0022: \u00223.5\u0022, \u0022width\u0022: \u00222.5\u0022, \u0022unit\u0022: \u0022inch\u0022}""}",f31279db-1664-410d-ab37-c839514c9b8c,de253988-fadd-4f54-be9d-3e1585d94178,Experimental Magenta Pill,Experimental Magenta Pill,{},ophidian-2350_base-set_experimental-magenta-pill
d5a2132d-8766-45f6-8c4a-f17bb4cdb947,item,1,0,"{""obverse"": ""ophidian-2350_base-set_faulty-weapon"", ""reverse"": ""ophidian-2350_card-back""}","{""name_printed"": ""Faulty Weapon"", ""number"": ""162"", ""item_dimensions"": ""{\u0022height\u0022: \u00223.5\u0022, \u0022width\u0022: \u00222.5\u0022, \u0022unit\u0022: \u0022inch\u0022}""}",f31279db-1664-410d-ab37-c839514c9b8c,de253988-fadd-4f54-be9d-3e1585d94178,Faulty Weapon,Faulty Weapon,{},ophidian-2350_base-set_faulty-weapon
4c82a740-186a-4dc1-842e-3d5d616e969a,item,1,0,"{""obverse"": ""ophidian-2350_base-set_flexi-armor"", ""reverse"": ""ophidian-2350_card-back""}","{""name_printed"": ""Flexi Armor"", ""number"": ""163"", ""item_dimensions"": ""{\u0022height\u0022: \u00223.5\u0022, \u0022width\u0022: \u00222.5\u0022, \u0022unit\u0022: \u0022inch\u0022}""}",f31279db-1664-410d-ab37-c839514c9b8c,de253988-fadd-4f54-be9d-3e1585d94178,Flexi Armor,Flexi Armor,{},ophidian-2350_base-set_flexi-armor
f2856e1e-2c7e-4bc5-ac16-464ad76a81ec,item,1,0,"{""obverse"": ""ophidian-2350_base-set_gercan-side-step"", ""reverse"": ""ophidian-2350_card-back""}","{""name_printed"": ""Gercan Side Step"", ""number"": ""164"", ""item_dimensions"": ""{\u0022height\u0022: \u00223.5\u0022, \u0022width\u0022: \u00222.5\u0022, \u0022unit\u0022: \u0022inch\u0022}""}",f31279db-1664-410d-ab37-c839514c9b8c,de253988-fadd-4f54-be9d-3e1585d94178,Gercan Side Step,Gercan Side Step,{},ophidian-2350_base-set_gercan-side-step
88ba33a1-0a3d-46c8-9237-52603d5d9a2f,item,1,0,"{""obverse"": ""ophidian-2350_base-set_joint-lock"", ""reverse"": ""ophidian-2350_card-back""}","{""name_printed"": ""Joint Lock"", ""number"": ""165"", ""item_dimensions"": ""{\u0022height\u0022: \u00223.5\u0022, \u0022width\u0022: \u00222.5\u0022, \u0022unit\u0022: \u0022inch\u0022}""}",f31279db-1664-410d-ab37-c839514c9b8c,de253988-fadd-4f54-be9d-3e1585d94178,Joint Lock,Joint Lock,{},ophidian-2350_base-set_joint-lock
76acdbdb-8e4e-4aff-b929-90f8b256adcf,item,1,0,"{""obverse"": ""ophidian-2350_base-set_medi-patch"", ""reverse"": ""ophidian-2350_card-back""}","{""name_printed"": ""Medi-Patch"", ""number"": ""166"", ""item_dimensions"": ""{\u0022height\u0022: \u00223.5\u0022, \u0022width\u0022: \u00222.5\u0022, \u0022unit\u0022: \u0022inch\u0022}""}",f31279db-1664-410d-ab37-c839514c9b8c,de253988-fadd-4f54-be9d-3e1585d94178,Medi-Patch,Medi-Patch,{},ophidian-2350_base-set_medi-patch
1409f4a3-2dcd-4bf5-af99-c164fe45f330,item,1,0,"{""obverse"": ""ophidian-2350_base-set_one-for-the-team"", ""reverse"": ""ophidian-2350_card-back""}","{""name_printed"": ""One for the Team"", ""number"": ""167"", ""item_dimensions"": ""{\u0022height\u0022: \u00223.5\u0022, \u0022width\u0022: \u00222.5\u0022, \u0022unit\u0022: \u0022inch\u0022}""}",f31279db-1664-410d-ab37-c839514c9b8c,de253988-fadd-4f54-be9d-3e1585d94178,One for the Team,One for the Team,{},ophidian-2350_base-set_one-for-the-team
6cd29638-20f9-4f7e-b9dc-6763eb786953,item,1,0,"{""obverse"": ""ophidian-2350_base-set_rocket-launch"", ""reverse"": ""ophidian-2350_card-back""}","{""name_printed"": ""Rocket Launch"", ""number"": ""168"", ""item_dimensions"": ""{\u0022height\u0022: \u00223.5\u0022, \u0022width\u0022: \u00222.5\u0022, \u0022unit\u0022: \u0022inch\u0022}""}",f31279db-1664-410d-ab37-c839514c9b8c,de253988-fadd-4f54-be9d-3e1585d94178,Rocket Launch,Rocket Launch,{},ophidian-2350_base-set_rocket-launch
1a09ebf8-d914-4412-88b0-a71fc06733ae,item,1,0,"{""obverse"": ""ophidian-2350_base-set_spiked-fists"", ""reverse"": ""ophidian-2350_card-back""}","{""name_printed"": ""Spiked Fists"", ""number"": ""169"", ""item_dimensions"": ""{\u0022height\u0022: \u00223.5\u0022, \u0022width\u0022: \u00222.5\u0022, \u0022unit\u0022: \u0022inch\u0022}""}",f31279db-1664-410d-ab37-c839514c9b8c,de253988-fadd-4f54-be9d-3e1585d94178,Spiked Fists,Spiked Fists,{},ophidian-2350_base-set_spiked-fists
4c3e8d96-7e43-4a25-89b6-2d1d6b18f29a,item,1,0,"{""obverse"": ""ophidian-2350_base-set_sunder-maul"", ""reverse"": ""ophidian-2350_card-back""}","{""name_printed"": ""Sunder Maul"", ""number"": ""170"", ""item_dimensions"": ""{\u0022height\u0022: \u00223.5\u0022, \u0022width\u0022: \u00222.5\u0022, \u0022unit\u0022: \u0022inch\u0022}""}",f31279db-1664-410d-ab37-c839514c9b8c,de253988-fadd-4f54-be9d-3e1585d94178,Sunder Maul,Sunder Maul,{},ophidian-2350_base-set_sunder-maul
f2741c0b-d180-4ab6-b2a7-a55fee7da403,item,1,0,"{""obverse"": ""ophidian-2350_base-set_trauma-kit"", ""reverse"": ""ophidian-2350_card-back""}","{""name_printed"": ""Trauma Kit"", ""number"": ""171"", ""item_dimensions"": ""{\u0022height\u0022: \u00223.5\u0022, \u0022width\u0022: \u00222.5\u0022, \u0022unit\u0022: \u0022inch\u0022}""}",f31279db-1664-410d-ab37-c839514c9b8c,de253988-fadd-4f54-be9d-3e1585d94178,Trauma Kit,Trauma Kit,{},ophidian-2350_base-set_trauma-kit
09a2dbf8-04d7-441b-b90b-df66406cca20,item,1,0,"{""obverse"": ""ophidian-2350_base-set_aikido-strike"", ""reverse"": ""ophidian-2350_card-back""}","{""name_printed"": ""Aikido Strike"", ""number"": ""172"", ""item_dimensions"": ""{\u0022height\u0022: \u00223.5\u0022, \u0022width\u0022: \u00222.5\u0022, \u0022unit\u0022: \u0022inch\u0022}""}",f31279db-1664-410d-ab37-c839514c9b8c,de253988-fadd-4f54-be9d-3e1585d94178,Aikido Strike,Aikido Strike,{},ophidian-2350_base-set_aikido-strike
5df7cceb-4972-4f8e-b393-2ad9cf446619,item,1,0,"{""obverse"": ""ophidian-2350_base-set_arm-blade"", ""reverse"": ""ophidian-2350_card-back""}","{""name_printed"": ""Arm Blade"", ""number"": ""173"", ""item_dimensions"": ""{\u0022height\u0022: \u00223.5\u0022, \u0022width\u0022: \u00222.5\u0022, \u0022unit\u0022: \u0022inch\u0022}""}",f31279db-1664-410d-ab37-c839514c9b8c,de253988-fadd-4f54-be9d-3e1585d94178,Arm Blade,Arm Blade,{},ophidian-2350_base-set_arm-blade
7710c41b-518a-4c8c-b862-e91ee8095e2b,item,1,0,"{""obverse"": ""ophidian-2350_base-set_bio-suit"", ""reverse"": ""ophidian-2350_card-back""}","{""name_printed"": ""Bio Suit"", ""number"": ""174"", ""item_dimensions"": ""{\u0022height\u0022: \u00223.5\u0022, \u0022width\u0022: \u00222.5\u0022, \u0022unit\u0022: \u0022inch\u0022}""}",f31279db-1664-410d-ab37-c839514c9b8c,de253988-fadd-4f54-be9d-3e1585d94178,Bio Suit,Bio Suit,{},ophidian-2350_base-set_bio-suit
0d654b98-7769-4f0b-8b8e-743cb9051696,item,1,0,"{""obverse"": ""ophidian-2350_base-set_beasting-surge"", ""reverse"": ""ophidian-2350_card-back""}","{""name_printed"": ""Beasting Surge"", ""number"": ""175"", ""item_dimensions"": ""{\u0022height\u0022: \u00223.5\u0022, \u0022width\u0022: \u00222.5\u0022, \u0022unit\u0022: \u0022inch\u0022}""}",f31279db-1664-410d-ab37-c839514c9b8c,de253988-fadd-4f54-be9d-3e1585d94178,Beasting Surge,Beasting Surge,{},ophidian-2350_base-set_beasting-surge
6f26eba4-d1f4-4463-9a8f-9448b6e24555,item,1,0,"{""obverse"": ""ophidian-2350_base-set_electro-spear"", ""reverse"": ""ophidian-2350_card-back""}","{""name_printed"": ""Electro Spear"", ""number"": ""176"", ""item_dimensions"": ""{\u0022height\u0022: \u00223.5\u0022, \u0022width\u0022: \u00222.5\u0022, \u0022unit\u0022: \u0022inch\u0022}""}",f31279db-1664-410d-ab37-c839514c9b8c,de253988-fadd-4f54-be9d-3e1585d94178,Electro Spear,Electro Spear,{},ophidian-2350_base-set_electro-spear
61c1ecfe-bf21-405d-93d3-7bf5eb423fe0,item,1,0,"{""obverse"": ""ophidian-2350_base-set_exo-skeleton"", ""reverse"": ""ophidian-2350_card-back""}","{""name_printed"": ""Exo-Skeleton"", ""number"": ""177"", ""item_dimensions"": ""{\u0022height\u0022: \u00223.5\u0022, \u0022width\u0022: \u00222.5\u0022, \u0022unit\u0022: \u0022inch\u0022}""}",f31279db-1664-410d-ab37-c839514c9b8c,de253988-fadd-4f54-be9d-3e1585d94178,Exo-Skeleton,Exo-Skeleton,{},ophidian-2350_base-set_exo-skeleton
33f428be-ca6b-4781-82fb-0cc4d9e36cf8,item,1,0,"{""obverse"": ""ophidian-2350_base-set_gelhar's-spear-lobber"", ""reverse"": ""ophidian-2350_card-back""}","{""name_printed"": ""Gelhar's Spear Lobber"", ""number"": ""178"", ""item_dimensions"": ""{\u0022height\u0022: \u00223.5\u0022, \u0022width\u0022: \u00222.5\u0022, \u0022unit\u0022: \u0022inch\u0022}""}",f31279db-1664-410d-ab37-c839514c9b8c,de253988-fadd-4f54-be9d-3e1585d94178,Gelhar's Spear Lobber,Gelhar's Spear Lobber,{},ophidian-2350_base-set_gelhar's-spear-lobber
ed91f3c9-7ecc-4cc2-a986-0d000b532805,item,1,0,"{""obverse"": ""ophidian-2350_base-set_karate-strike"", ""reverse"": ""ophidian-2350_card-back""}","{""name_printed"": ""Karate Strike"", ""number"": ""179"", ""item_dimensions"": ""{\u0022height\u0022: \u00223.5\u0022, \u0022width\u0022: \u00222.5\u0022, \u0022unit\u0022: \u0022inch\u0022}""}",f31279db-1664-410d-ab37-c839514c9b8c,de253988-fadd-4f54-be9d-3e1585d94178,Karate Strike,Karate Strike,{},ophidian-2350_base-set_karate-strike
cc33fb9b-9441-423d-8018-91c29dcc3c38,item,1,0,"{""obverse"": ""ophidian-2350_base-set_kung-fu-dodge"", ""reverse"": ""ophidian-2350_card-back""}","{""name_printed"": ""Kung Fu Dodge"", ""number"": ""180"", ""item_dimensions"": ""{\u0022height\u0022: \u00223.5\u0022, \u0022width\u0022: \u00222.5\u0022, \u0022unit\u0022: \u0022inch\u0022}""}",f31279db-1664-410d-ab37-c839514c9b8c,de253988-fadd-4f54-be9d-3e1585d94178,Kung Fu Dodge,Kung Fu Dodge,{},ophidian-2350_base-set_kung-fu-dodge
fbdc4c60-44b6-4cfc-9496-32039292c008,item,1,0,"{""obverse"": ""ophidian-2350_base-set_minion-zipnot"", ""reverse"": ""ophidian-2350_card-back""}","{""name_printed"": ""Minion Zipnot"", ""number"": ""181"", ""item_dimensions"": ""{\u0022height\u0022: \u00223.5\u0022, \u0022width\u0022: \u00222.5\u0022, \u0022unit\u0022: \u0022inch\u0022}""}",f31279db-1664-410d-ab37-c839514c9b8c,de253988-fadd-4f54-be9d-3e1585d94178,Minion Zipnot,Minion Zipnot,{},ophidian-2350_base-set_minion-zipnot
2c784840-4f5a-40d6-b1aa-3739530b94b4,item,1,0,"{""obverse"": ""ophidian-2350_base-set_stealth-attack"", ""reverse"": ""ophidian-2350_card-back""}","{""name_printed"": ""Stealth Attack"", ""number"": ""182"", ""item_dimensions"": ""{\u0022height\u0022: \u00223.5\u0022, \u0022width\u0022: \u00222.5\u0022, \u0022unit\u0022: \u0022inch\u0022}""}",f31279db-1664-410d-ab37-c839514c9b8c,de253988-fadd-4f54-be9d-3e1585d94178,Stealth Attack,Stealth Attack,{},ophidian-2350_base-set_stealth-attack
ebdf0b66-e7f9-4fa9-82e9-3e1aaf99d0d2,item,1,0,"{""obverse"": ""ophidian-2350_base-set_tigbar-rolls"", ""reverse"": ""ophidian-2350_card-back""}","{""name_printed"": ""Tigbar Rolls"", ""number"": ""183"", ""item_dimensions"": ""{\u0022height\u0022: \u00223.5\u0022, \u0022width\u0022: \u00222.5\u0022, \u0022unit\u0022: \u0022inch\u0022}""}",f31279db-1664-410d-ab37-c839514c9b8c,de253988-fadd-4f54-be9d-3e1585d94178,Tigbar Rolls,Tigbar Rolls,{},ophidian-2350_base-set_tigbar-rolls
ab696187-d759-4505-b591-c3e55d66adde,item,1,0,"{""obverse"": ""ophidian-2350_base-set_x-assault-armor"", ""reverse"": ""ophidian-2350_card-back""}","{""name_printed"": ""X-Assault Armor"", ""number"": ""184"", ""item_dimensions"": ""{\u0022height\u0022: \u00223.5\u0022, \u0022width\u0022: \u00222.5\u0022, \u0022unit\u0022: \u0022inch\u0022}""}",f31279db-1664-410d-ab37-c839514c9b8c,de253988-fadd-4f54-be9d-3e1585d94178,X-Assault Armor,X-Assault Armor,{},ophidian-2350_base-set_x-assault-armor
89e5f54b-4fe4-4d33-b58a-96000f1c2943,item,1,0,"{""obverse"": ""ophidian-2350_base-set_gandrel's-ax"", ""reverse"": ""ophidian-2350_card-back""}","{""name_printed"": ""Gandrel's Ax"", ""number"": ""185"", ""item_dimensions"": ""{\u0022height\u0022: \u00223.5\u0022, \u0022width\u0022: \u00222.5\u0022, \u0022unit\u0022: \u0022inch\u0022}""}",f31279db-1664-410d-ab37-c839514c9b8c,de253988-fadd-4f54-be9d-3e1585d94178,Gandrel's Ax,Gandrel's Ax,{},ophidian-2350_base-set_gandrel's-ax
098953ef-66f2-42c6-8273-cedb9b561e21,item,1,0,"{""obverse"": ""ophidian-2350_base-set_kal-tasha's-molten-hammer"", ""reverse"": ""ophidian-2350_card-back""}","{""name_printed"": ""Kal Tasha's Molten Hammer"", ""number"": ""186"", ""item_dimensions"": ""{\u0022height\u0022: \u00223.5\u0022, \u0022width\u0022: \u00222.5\u0022, \u0022unit\u0022: \u0022inch\u0022}""}",f31279db-1664-410d-ab37-c839514c9b8c,de253988-fadd-4f54-be9d-3e1585d94178,Kal Tasha's Molten Hammer,Kal Tasha's Molten Hammer,{},ophidian-2350_base-set_kal-tasha's-molten-hammer
357edae3-cc39-4ac9-9d88-55d2f2fa1b2b,item,1,0,"{""obverse"": ""ophidian-2350_base-set_nukatal-shield"", ""reverse"": ""ophidian-2350_card-back""}","{""name_printed"": ""Nukatal Shield"", ""number"": ""187"", ""item_dimensions"": ""{\u0022height\u0022: \u00223.5\u0022, \u0022width\u0022: \u00222.5\u0022, \u0022unit\u0022: \u0022inch\u0022}""}",f31279db-1664-410d-ab37-c839514c9b8c,de253988-fadd-4f54-be9d-3e1585d94178,Nukatal Shield,Nukatal Shield,{},ophidian-2350_base-set_nukatal-shield
4f9bb763-d8bf-420e-b65a-f719fb3b4cd0,item,1,0,"{""obverse"": ""ophidian-2350_base-set_assault-jumppack"", ""reverse"": ""ophidian-2350_card-back""}","{""name_printed"": ""Assault Jumppack"", ""number"": ""188"", ""item_dimensions"": ""{\u0022height\u0022: \u00223.5\u0022, \u0022width\u0022: \u00222.5\u0022, \u0022unit\u0022: \u0022inch\u0022}""}",f31279db-1664-410d-ab37-c839514c9b8c,de253988-fadd-4f54-be9d-3e1585d94178,Assault Jumppack,Assault Jumppack,{},ophidian-2350_base-set_assault-jumppack
ba8d876c-40d6-46bc-8b31-6cc82bb38f60,item,1,0,"{""obverse"": ""ophidian-2350_base-set_arkzilipul-devourer-of-souls-(189)"", ""reverse"": ""ophidian-2350_card-back""}","{""name_printed"": ""Arkzilipul Devourer of Souls"", ""functional_disambiguator"": ""189"", ""number"": ""189"", ""item_dimensions"": ""{\u0022height\u0022: \u00223.5\u0022, \u0022width\u0022: \u00222.5\u0022, \u0022unit\u0022: \u0022inch\u0022}""}",f31279db-1664-410d-ab37-c839514c9b8c,de253988-fadd-4f54-be9d-3e1585d94178,Arkzilipul Devourer of Souls (189),Arkzilipul Devourer of Souls (189),{},ophidian-2350_base-set_arkzilipul-devourer-of-souls-(189)
aa85fa16-108b-494b-970e-1bb181c274d4,item,1,0,"{""obverse"": ""ophidian-2350_base-set_arkzilipul-devourer-of-souls-(190)"", ""reverse"": ""ophidian-2350_card-back""}","{""name_printed"": ""Arkzilipul Devourer of Souls"", ""functional_disambiguator"": ""190"", ""number"": ""190"", ""item_dimensions"": ""{\u0022height\u0022: \u00223.5\u0022, \u0022width\u0022: \u00222.5\u0022, \u0022unit\u0022: \u0022inch\u0022}""}",f31279db-1664-410d-ab37-c839514c9b8c,de253988-fadd-4f54-be9d-3e1585d94178,Arkzilipul Devourer of Souls (190),Arkzilipul Devourer of Souls (190),{},ophidian-2350_base-set_arkzilipul-devourer-of-souls-(190)
34a546cd-46b6-4c4b-8276-86a45be4b04d,item,1,0,"{""obverse"": ""ophidian-2350_base-set_cray-phillips-psychic-mutant-(191)"", ""reverse"": ""ophidian-2350_card-back""}","{""name_printed"": ""Cray Phillips Psychic Mutant"", ""functional_disambiguator"": ""191"", ""number"": ""191"", ""item_dimensions"": ""{\u0022height\u0022: \u00223.5\u0022, \u0022width\u0022: \u00222.5\u0022, \u0022unit\u0022: \u0022inch\u0022}""}",f31279db-1664-410d-ab37-c839514c9b8c,de253988-fadd-4f54-be9d-3e1585d94178,Cray Phillips Psychic Mutant (191),Cray Phillips Psychic Mutant (191),{},ophidian-2350_base-set_cray-phillips-psychic-mutant-(191)
a8e1ba3c-6d28-4c82-88cd-1a362f94206e,item,1,0,"{""obverse"": ""ophidian-2350_base-set_cray-phillips-psychic-mutant-(192)"", ""reverse"": ""ophidian-2350_card-back""}","{""name_printed"": ""Cray Phillips Psychic Mutant"", ""functional_disambiguator"": ""192"", ""number"": ""192"", ""item_dimensions"": ""{\u0022height\u0022: \u00223.5\u0022, \u0022width\u0022: \u00222.5\u0022, \u0022unit\u0022: \u0022inch\u0022}""}",f31279db-1664-410d-ab37-c839514c9b8c,de253988-fadd-4f54-be9d-3e1585d94178,Cray Phillips Psychic Mutant (192),Cray Phillips Psychic Mutant (192),{},ophidian-2350_base-set_cray-phillips-psychic-mutant-(192)
aa9e34c3-c7e0-4f24-b36c-1e67b957a0c6,item,1,0,"{""obverse"": ""ophidian-2350_base-set_freakshow-david-dangers-(193)"", ""reverse"": ""ophidian-2350_card-back""}","{""name_printed"": ""Freakshow David Dangers"", ""functional_disambiguator"": ""193"", ""number"": ""193"", ""item_dimensions"": ""{\u0022height\u0022: \u00223.5\u0022, \u0022width\u0022: \u00222.5\u0022, \u0022unit\u0022: \u0022inch\u0022}""}",f31279db-1664-410d-ab37-c839514c9b8c,de253988-fadd-4f54-be9d-3e1585d94178,Freakshow David Dangers (193),Freakshow David Dangers (193),{},ophidian-2350_base-set_freakshow-david-dangers-(193)
8a4d921a-0e89-4f1b-ac0e-2f8b5c0c540c,item,1,0,"{""obverse"": ""ophidian-2350_base-set_freakshow-david-dangers-(194)"", ""reverse"": ""ophidian-2350_card-back""}","{""name_printed"": ""Freakshow David Dangers"", ""functional_disambiguator"": ""194"", ""number"": ""194"", ""item_dimensions"": ""{\u0022height\u0022: \u00223.5\u0022, \u0022width\u0022: \u00222.5\u0022, \u0022unit\u0022: \u0022inch\u0022}""}",f31279db-1664-410d-ab37-c839514c9b8c,de253988-fadd-4f54-be9d-3e1585d94178,Freakshow David Dangers (194),Freakshow David Dangers (194),{},ophidian-2350_base-set_freakshow-david-dangers-(194)
5a51d245-4fbe-4c4f-ae2d-223b3e32bda4,item,1,0,"{""obverse"": ""ophidian-2350_base-set_ironsides-cyborg-agent-(195)"", ""reverse"": ""ophidian-2350_card-back""}","{""name_printed"": ""Ironsides Cyborg Agent"", ""functional_disambiguator"": ""195"", ""number"": ""195"", ""item_dimensions"": ""{\u0022height\u0022: \u00223.5\u0022, \u0022width\u0022: \u00222.5\u0022, \u0022unit\u0022: \u0022inch\u0022}""}",f31279db-1664-410d-ab37-c839514c9b8c,de253988-fadd-4f54-be9d-3e1585d94178,Ironsides Cyborg Agent (195),Ironsides Cyborg Agent (195),{},ophidian-2350_base-set_ironsides-cyborg-agent-(195)
047d7040-512d-49fa-843e-74756cc798ac,item,1,0,"{""obverse"": ""ophidian-2350_base-set_ironsides-cyborg-agent-(196)"", ""reverse"": ""ophidian-2350_card-back""}","{""name_printed"": ""Ironsides Cyborg Agent"", ""functional_disambiguator"": ""196"", ""number"": ""196"", ""item_dimensions"": ""{\u0022height\u0022: \u00223.5\u0022, \u0022width\u0022: \u00222.5\u0022, \u0022unit\u0022: \u0022inch\u0022}""}",f31279db-1664-410d-ab37-c839514c9b8c,de253988-fadd-4f54-be9d-3e1585d94178,Ironsides Cyborg Agent (196),Ironsides Cyborg Agent (196),{},ophidian-2350_base-set_ironsides-cyborg-agent-(196)
1f0ed8c0-807c-42ad-82dd-7218ed7378b9,item,1,0,"{""obverse"": ""ophidian-2350_base-set_lillith-defiler-of-death-(197)"", ""reverse"": ""ophidian-2350_card-back""}","{""name_printed"": ""Lillith Defiler of Death"", ""functional_disambiguator"": ""197"", ""number"": ""197"", ""item_dimensions"": ""{\u0022height\u0022: \u00223.5\u0022, \u0022width\u0022: \u00222.5\u0022, \u0022unit\u0022: \u0022inch\u0022}""}",f31279db-1664-410d-ab37-c839514c9b8c,de253988-fadd-4f54-be9d-3e1585d94178,Lillith Defiler of Death (197),Lillith Defiler of Death (197),{},ophidian-2350_base-set_lillith-defiler-of-death-(197)
ecd954a8-9fe1-4925-84b2-481c47bc5e51,item,1,0,"{""obverse"": ""ophidian-2350_base-set_lillith-defiler-of-death-(198)"", ""reverse"": ""ophidian-2350_card-back""}","{""name_printed"": ""Lillith Defiler of Death"", ""functional_disambiguator"": ""198"", ""number"": ""198"", ""item_dimensions"": ""{\u0022height\u0022: \u00223.5\u0022, \u0022width\u0022: \u00222.5\u0022, \u0022unit\u0022: \u0022inch\u0022}""}",f31279db-1664-410d-ab37-c839514c9b8c,de253988-fadd-4f54-be9d-3e1585d94178,Lillith Defiler of Death (198),Lillith Defiler of Death (198),{},ophidian-2350_base-set_lillith-defiler-of-death-(198)
c165f90b-37de-4de7-933a-1f042e8396c5,item,1,0,"{""obverse"": ""ophidian-2350_base-set_lothar-lord-of-contagion-(199)"", ""reverse"": ""ophidian-2350_card-back""}","{""name_printed"": ""Lothar Lord of Contagion"", ""functional_disambiguator"": ""199"", ""number"": ""199"", ""item_dimensions"": ""{\u0022height\u0022: \u00223.5\u0022, \u0022width\u0022: \u00222.5\u0022, \u0022unit\u0022: \u0022inch\u0022}""}",f31279db-1664-410d-ab37-c839514c9b8c,de253988-fadd-4f54-be9d-3e1585d94178,Lothar Lord of Contagion (199),Lothar Lord of Contagion (199),{},ophidian-2350_base-set_lothar-lord-of-contagion-(199)
0bd9d550-a73e-4cd0-adff-5d8788f68c25,item,1,0,"{""obverse"": ""ophidian-2350_base-set_lothar-lord-of-contagion-(200)"", ""reverse"": ""ophidian-2350_card-back""}","{""name_printed"": ""Lothar Lord of Contagion"", ""functional_disambiguator"": ""200"", ""number"": ""200"", ""item_dimensions"": ""{\u0022height\u0022: \u00223.5\u0022, \u0022width\u0022: \u00222.5\u0022, \u0022unit\u0022: \u0022inch\u0022}""}",f31279db-1664-410d-ab37-c839514c9b8c,de253988-fadd-4f54-be9d-3e1585d94178,Lothar Lord of Contagion (200),Lothar Lord of Contagion (200),{},ophidian-2350_base-set_lothar-lord-of-contagion-(200)
cf212cc4-6607-4a85-b9f0-47a49eabc583,item,1,0,"{""obverse"": ""ophidian-2350_base-set_queen-alexandra-mistress-of-evil-(201)"", ""reverse"": ""ophidian-2350_card-back""}","{""name_printed"": ""Queen Alexandra Mistress of Evil"", ""functional_disambiguator"": ""201"", ""number"": ""201"", ""item_dimensions"": ""{\u0022height\u0022: \u00223.5\u0022, \u0022width\u0022: \u00222.5\u0022, \u0022unit\u0022: \u0022inch\u0022}""}",f31279db-1664-410d-ab37-c839514c9b8c,de253988-fadd-4f54-be9d-3e1585d94178,Queen Alexandra Mistress of Evil (201),Queen Alexandra Mistress of Evil (201),{},ophidian-2350_base-set_queen-alexandra-mistress-of-evil-(201)
aa49f402-2bf4-47f7-8bba-0f9564a47f48,item,1,0,"{""obverse"": ""ophidian-2350_base-set_queen-alexandra-mistress-of-evil-(202)"", ""reverse"": ""ophidian-2350_card-back""}","{""name_printed"": ""Queen Alexandra Mistress of Evil"", ""functional_disambiguator"": ""202"", ""number"": ""202"", ""item_dimensions"": ""{\u0022height\u0022: \u00223.5\u0022, \u0022width\u0022: \u00222.5\u0022, \u0022unit\u0022: \u0022inch\u0022}""}",f31279db-1664-410d-ab37-c839514c9b8c,de253988-fadd-4f54-be9d-3e1585d94178,Queen Alexandra Mistress of Evil (202),Queen Alexandra Mistress of Evil (202),{},ophidian-2350_base-set_queen-alexandra-mistress-of-evil-(202)
05cef3dc-20c2-491f-8b37-60fd977c0b0b,item,1,0,"{""obverse"": ""ophidian-2350_base-set_prince-of-gates-xarz'ycus-(203)"", ""reverse"": ""ophidian-2350_card-back""}","{""name_printed"": ""Prince of Gates Xarz'ycus"", ""functional_disambiguator"": ""203"", ""number"": ""203"", ""item_dimensions"": ""{\u0022height\u0022: \u00223.5\u0022, \u0022width\u0022: \u00222.5\u0022, \u0022unit\u0022: \u0022inch\u0022}""}",f31279db-1664-410d-ab37-c839514c9b8c,de253988-fadd-4f54-be9d-3e1585d94178,Prince of Gates Xarz'ycus (203),Prince of Gates Xarz'ycus (203),{},ophidian-2350_base-set_prince-of-gates-xarz'ycus-(203)
8d7e4eaf-ed29-412f-83db-0a254a6f8d8a,item,1,0,"{""obverse"": ""ophidian-2350_base-set_prince-of-gates-xarz'ycus-(204)"", ""reverse"": ""ophidian-2350_card-back""}","{""name_printed"": ""Prince of Gates Xarz'ycus"", ""functional_disambiguator"": ""204"", ""number"": ""204"", ""item_dimensions"": ""{\u0022height\u0022: \u00223.5\u0022, \u0022width\u0022: \u00222.5\u0022, \u0022unit\u0022: \u0022inch\u0022}""}",f31279db-1664-410d-ab37-c839514c9b8c,de253988-fadd-4f54-be9d-3e1585d94178,Prince of Gates Xarz'ycus (204),Prince of Gates Xarz'ycus (204),{},ophidian-2350_base-set_prince-of-gates-xarz'ycus-(204)
8902b100-f7ef-45ca-adc7-6520856ded4a,item,1,0,"{""obverse"": ""ophidian-2350_base-set_the-fallen-one-archan-singazer-(205)"", ""reverse"": ""ophidian-2350_card-back""}","{""name_printed"": ""The Fallen One Archan Singazer"", ""functional_disambiguator"": ""205"", ""number"": ""205"", ""item_dimensions"": ""{\u0022height\u0022: \u00223.5\u0022, \u0022width\u0022: \u00222.5\u0022, \u0022unit\u0022: \u0022inch\u0022}""}",f31279db-1664-410d-ab37-c839514c9b8c,de253988-fadd-4f54-be9d-3e1585d94178,The Fallen One Archan Singazer (205),The Fallen One Archan Singazer (205),{},ophidian-2350_base-set_the-fallen-one-archan-singazer-(205)
9ed3c5dc-c039-48e9-9dad-af3b5582e68a,item,1,0,"{""obverse"": ""ophidian-2350_base-set_the-fallen-one-archan-singazer-(206)"", ""reverse"": ""ophidian-2350_card-back""}","{""name_printed"": ""The Fallen One Archan Singazer"", ""functional_disambiguator"": ""206"", ""number"": ""206"", ""item_dimensions"": ""{\u0022height\u0022: \u00223.5\u0022, \u0022width\u0022: \u00222.5\u0022, \u0022unit\u0022: \u0022inch\u0022}""}",f31279db-1664-410d-ab37-c839514c9b8c,de253988-fadd-4f54-be9d-3e1585d94178,The Fallen One Archan Singazer (206),The Fallen One Archan Singazer (206),{},ophidian-2350_base-set_the-fallen-one-archan-singazer-(206)
6fb83564-6da7-45b7-8e52-97959aed35b7,item,1,0,"{""obverse"": ""ophidian-2350_base-set_goth-garal-master-of-minions-(207)"", ""reverse"": ""ophidian-2350_card-back""}","{""name_printed"": ""Goth Garal Master of Minions"", ""functional_disambiguator"": ""207"", ""number"": ""207"", ""item_dimensions"": ""{\u0022height\u0022: \u00223.5\u0022, \u0022width\u0022: \u00222.5\u0022, \u0022unit\u0022: \u0022inch\u0022}""}",f31279db-1664-410d-ab37-c839514c9b8c,de253988-fadd-4f54-be9d-3e1585d94178,Goth Garal Master of Minions (207),Goth Garal Master of Minions (207),{},ophidian-2350_base-set_goth-garal-master-of-minions-(207)
a0aafc58-7b81-406a-97af-cb7d1fdd94fe,item,1,0,"{""obverse"": ""ophidian-2350_base-set_goth-garal-master-of-minions-(208)"", ""reverse"": ""ophidian-2350_card-back""}","{""name_printed"": ""Goth Garal Master of Minions"", ""functional_disambiguator"": ""208"", ""number"": ""208"", ""item_dimensions"": ""{\u0022height\u0022: \u00223.5\u0022, \u0022width\u0022: \u00222.5\u0022, \u0022unit\u0022: \u0022inch\u0022}""}",f31279db-1664-410d-ab37-c839514c9b8c,de253988-fadd-4f54-be9d-3e1585d94178,Goth Garal Master of Minions (208),Goth Garal Master of Minions (208),{},ophidian-2350_base-set_goth-garal-master-of-minions-(208)
fc4b79dd-0e60-4201-871a-183950a2a711,item,1,0,"{""obverse"": ""ophidian-2350_base-set_madame-petice-the-heart-of-wrath-(209)"", ""reverse"": ""ophidian-2350_card-back""}","{""name_printed"": ""Madame Petice The Heart of Wrath"", ""functional_disambiguator"": ""209"", ""number"": ""209"", ""item_dimensions"": ""{\u0022height\u0022: \u00223.5\u0022, \u0022width\u0022: \u00222.5\u0022, \u0022unit\u0022: \u0022inch\u0022}""}",f31279db-1664-410d-ab37-c839514c9b8c,de253988-fadd-4f54-be9d-3e1585d94178,Madame Petice The Heart of Wrath (209),Madame Petice The Heart of Wrath (209),{},ophidian-2350_base-set_madame-petice-the-heart-of-wrath-(209)
79bc38fc-e696-452c-aa4b-e8934b8524c4,item,1,0,"{""obverse"": ""ophidian-2350_base-set_madame-petice-the-heart-of-wrath-(210)"", ""reverse"": ""ophidian-2350_card-back""}","{""name_printed"": ""Madame Petice The Heart of Wrath"", ""functional_disambiguator"": ""210"", ""number"": ""210"", ""item_dimensions"": ""{\u0022height\u0022: \u00223.5\u0022, \u0022width\u0022: \u00222.5\u0022, \u0022unit\u0022: \u0022inch\u0022}""}",f31279db-1664-410d-ab37-c839514c9b8c,de253988-fadd-4f54-be9d-3e1585d94178,Madame Petice The Heart of Wrath (210),Madame Petice The Heart of Wrath (210),{},ophidian-2350_base-set_madame-petice-the-heart-of-wrath-(210)
10138d8c-7246-4cd0-8fca-7a7ce5d576c2,item,1,0,"{""obverse"": ""ophidian-2350_base-set_mannequin-experimental-enigma-(211)"", ""reverse"": ""ophidian-2350_card-back""}","{""name_printed"": ""Mannequin Experimental Enigma"", ""functional_disambiguator"": ""211"", ""number"": ""211"", ""item_dimensions"": ""{\u0022height\u0022: \u00223.5\u0022, \u0022width\u0022: \u00222.5\u0022, \u0022unit\u0022: \u0022inch\u0022}""}",f31279db-1664-410d-ab37-c839514c9b8c,de253988-fadd-4f54-be9d-3e1585d94178,Mannequin Experimental Enigma (211),Mannequin Experimental Enigma (211),{},ophidian-2350_base-set_mannequin-experimental-enigma-(211)
d0c4fd2a-ee06-43de-a37b-bcbefaf75628,item,1,0,"{""obverse"": ""ophidian-2350_base-set_mannequin-experimental-enigma-(212)"", ""reverse"": ""ophidian-2350_card-back""}","{""name_printed"": ""Mannequin Experimental Enigma"", ""functional_disambiguator"": ""212"", ""number"": ""212"", ""item_dimensions"": ""{\u0022height\u0022: \u00223.5\u0022, \u0022width\u0022: \u00222.5\u0022, \u0022unit\u0022: \u0022inch\u0022}""}",f31279db-1664-410d-ab37-c839514c9b8c,de253988-fadd-4f54-be9d-3e1585d94178,Mannequin Experimental Enigma (212),Mannequin Experimental Enigma (212),{},ophidian-2350_base-set_mannequin-experimental-enigma-(212)
f51a4307-6e62-4690-a684-baf9c7ecac25,item,1,0,"{""obverse"": ""ophidian-2350_base-set_maximillion-the-conqueror-(213)"", ""reverse"": ""ophidian-2350_card-back""}","{""name_printed"": ""Maximillion The Conqueror"", ""functional_disambiguator"": ""213"", ""number"": ""213"", ""item_dimensions"": ""{\u0022height\u0022: \u00223.5\u0022, \u0022width\u0022: \u00222.5\u0022, \u0022unit\u0022: \u0022inch\u0022}""}",f31279db-1664-410d-ab37-c839514c9b8c,de253988-fadd-4f54-be9d-3e1585d94178,Maximillion The Conqueror (213),Maximillion The Conqueror (213),{},ophidian-2350_base-set_maximillion-the-conqueror-(213)
ffd755ce-1c1c-40ab-8049-61e278a7e384,item,1,0,"{""obverse"": ""ophidian-2350_base-set_maximillion-the-conqueror-(214)"", ""reverse"": ""ophidian-2350_card-back""}","{""name_printed"": ""Maximillion The Conqueror"", ""functional_disambiguator"": ""214"", ""number"": ""214"", ""item_dimensions"": ""{\u0022height\u0022: \u00223.5\u0022, \u0022width\u0022: \u00222.5\u0022, \u0022unit\u0022: \u0022inch\u0022}""}",f31279db-1664-410d-ab37-c839514c9b8c,de253988-fadd-4f54-be9d-3e1585d94178,Maximillion The Conqueror (214),Maximillion The Conqueror (214),{},ophidian-2350_base-set_maximillion-the-conqueror-(214)
b9b9d68d-0f87-4f5a-a460-a0e49e43b6e2,item,1,0,"{""obverse"": ""ophidian-2350_base-set_opac-sentir-the-warmaster-of-rakaram-(215)"", ""reverse"": ""ophidian-2350_card-back""}","{""name_printed"": ""Opac Sentir The Warmaster of Rakaram"", ""functional_disambiguator"": ""215"", ""number"": ""215"", ""item_dimensions"": ""{\u0022height\u0022: \u00223.5\u0022, \u0022width\u0022: \u00222.5\u0022, \u0022unit\u0022: \u0022inch\u0022}""}",f31279db-1664-410d-ab37-c839514c9b8c,de253988-fadd-4f54-be9d-3e1585d94178,Opac Sentir The Warmaster of Rakaram (215),Opac Sentir The Warmaster of Rakaram (215),{},ophidian-2350_base-set_opac-sentir-the-warmaster-of-rakaram-(215)
fcb15c73-a8a3-4496-a406-09d47850dd23,item,1,0,"{""obverse"": ""ophidian-2350_base-set_opac-sentir-the-warmaster-of-rakaram-(216)"", ""reverse"": ""ophidian-2350_card-back""}","{""name_printed"": ""Opac Sentir The Warmaster of Rakaram"", ""functional_disambiguator"": ""216"", ""number"": ""216"", ""item_dimensions"": ""{\u0022height\u0022: \u00223.5\u0022, \u0022width\u0022: \u00222.5\u0022, \u0022unit\u0022: \u0022inch\u0022}""}",f31279db-1664-410d-ab37-c839514c9b8c,de253988-fadd-4f54-be9d-3e1585d94178,Opac Sentir The Warmaster of Rakaram (216),Opac Sentir The Warmaster of Rakaram (216),{},ophidian-2350_base-set_opac-sentir-the-warmaster-of-rakaram-(216)
862e969d-8dcd-4356-bc33-5ed5e59e3769,item,1,0,"{""obverse"": ""ophidian-2350_base-set_version-9-machine-of-death-(217)"", ""reverse"": ""ophidian-2350_card-back""}","{""name_printed"": ""Version 9 Machine of Death"", ""functional_disambiguator"": ""217"", ""number"": ""217"", ""item_dimensions"": ""{\u0022height\u0022: \u00223.5\u0022, \u0022width\u0022: \u00222.5\u0022, \u0022unit\u0022: \u0022inch\u0022}""}",f31279db-1664-410d-ab37-c839514c9b8c,de253988-fadd-4f54-be9d-3e1585d94178,Version 9 Machine of Death (217),Version 9 Machine of Death (217),{},ophidian-2350_base-set_version-9-machine-of-death-(217)
ff662136-98d5-4a59-87d7-0af41d9c884e,item,1,0,"{""obverse"": ""ophidian-2350_base-set_version-9-machine-of-death-(218)"", ""reverse"": ""ophidian-2350_card-back""}","{""name_printed"": ""Version 9 Machine of Death"", ""functional_disambiguator"": ""218"", ""number"": ""218"", ""item_dimensions"": ""{\u0022height\u0022: \u00223.5\u0022, \u0022width\u0022: \u00222.5\u0022, \u0022unit\u0022: \u0022inch\u0022}""}",f31279db-1664-410d-ab37-c839514c9b8c,de253988-fadd-4f54-be9d-3e1585d94178,Version 9 Machine of Death (218),Version 9 Machine of Death (218),{},ophidian-2350_base-set_version-9-machine-of-death-(218)
ef2f7548-6781-4b56-87a8-62638ff460c7,item,1,0,"{""obverse"": ""ophidian-2350_base-set_ryla-rogue-demon-(219)"", ""reverse"": ""ophidian-2350_card-back""}","{""name_printed"": ""Ryla Rogue Demon"", ""functional_disambiguator"": ""219"", ""number"": ""219"", ""item_dimensions"": ""{\u0022height\u0022: \u00223.5\u0022, \u0022width\u0022: \u00222.5\u0022, \u0022unit\u0022: \u0022inch\u0022}""}",f31279db-1664-410d-ab37-c839514c9b8c,de253988-fadd-4f54-be9d-3e1585d94178,Ryla Rogue Demon (219),Ryla Rogue Demon (219),{},ophidian-2350_base-set_ryla-rogue-demon-(219)
01e0b44c-436c-44a9-a508-874ad5b3869f,item,1,0,"{""obverse"": ""ophidian-2350_base-set_ryla-rogue-demon-(220)"", ""reverse"": ""ophidian-2350_card-back""}","{""name_printed"": ""Ryla Rogue Demon"", ""functional_disambiguator"": ""220"", ""number"": ""220"", ""item_dimensions"": ""{\u0022height\u0022: \u00223.5\u0022, \u0022width\u0022: \u00222.5\u0022, \u0022unit\u0022: \u0022inch\u0022}""}",f31279db-1664-410d-ab37-c839514c9b8c,de253988-fadd-4f54-be9d-3e1585d94178,Ryla Rogue Demon (220),Ryla Rogue Demon (220),{},ophidian-2350_base-set_ryla-rogue-demon-(220)
db39fc8d-c48c-4210-ad6b-8d3ff77edc04,item,1,0,"{""obverse"": ""ophidian-2350_base-set_bull's-eye-cutthroat-mercenary-(221)"", ""reverse"": ""ophidian-2350_card-back""}","{""name_printed"": ""Bull's Eye Cutthroat Mercenary"", ""functional_disambiguator"": ""221"", ""number"": ""221"", ""item_dimensions"": ""{\u0022height\u0022: \u00223.5\u0022, \u0022width\u0022: \u00222.5\u0022, \u0022unit\u0022: \u0022inch\u0022}""}",f31279db-1664-410d-ab37-c839514c9b8c,de253988-fadd-4f54-be9d-3e1585d94178,Bull's Eye Cutthroat Mercenary (221),Bull's Eye Cutthroat Mercenary (221),{},ophidian-2350_base-set_bull's-eye-cutthroat-mercenary-(221)
44336e55-f576-4c3e-977b-b27f3a8bbb44,item,1,0,"{""obverse"": ""ophidian-2350_base-set_h'ronka-mechanical-manipulator-(222)"", ""reverse"": ""ophidian-2350_card-back""}","{""name_printed"": ""H'Ronka Mechanical Manipulator"", ""functional_disambiguator"": ""222"", ""number"": ""222"", ""item_dimensions"": ""{\u0022height\u0022: \u00223.5\u0022, \u0022width\u0022: \u00222.5\u0022, \u0022unit\u0022: \u0022inch\u0022}""}",f31279db-1664-410d-ab37-c839514c9b8c,de253988-fadd-4f54-be9d-3e1585d94178,H'Ronka Mechanical Manipulator (222),H'Ronka Mechanical Manipulator (222),{},ophidian-2350_base-set_h'ronka-mechanical-manipulator-(222)
42cf1256-00aa-4ccf-8411-be5ce1118bfa,item,1,0,"{""obverse"": ""ophidian-2350_base-set_leetah-kalynda-battle-worn-assassin-(223)"", ""reverse"": ""ophidian-2350_card-back""}","{""name_printed"": ""Leetah Kalynda Battle-Worn Assassin"", ""functional_disambiguator"": ""223"", ""number"": ""223"", ""item_dimensions"": ""{\u0022height\u0022: \u00223.5\u0022, \u0022width\u0022: \u00222.5\u0022, \u0022unit\u0022: \u0022inch\u0022}""}",f31279db-1664-410d-ab37-c839514c9b8c,de253988-fadd-4f54-be9d-3e1585d94178,Leetah Kalynda Battle-Worn Assassin (223),Leetah Kalynda Battle-Worn Assassin (223),{},ophidian-2350_base-set_leetah-kalynda-battle-worn-assassin-(223)
ce71f95b-a17b-44c6-b0f9-ff60fc9ceb1e,item,1,0,"{""obverse"": ""ophidian-2350_base-set_little-jinx-alice-jenks-(224)"", ""reverse"": ""ophidian-2350_card-back""}","{""name_printed"": ""Little Jinx Alice Jenks"", ""functional_disambiguator"": ""224"", ""number"": ""224"", ""item_dimensions"": ""{\u0022height\u0022: \u00223.5\u0022, \u0022width\u0022: \u00222.5\u0022, \u0022unit\u0022: \u0022inch\u0022}""}",f31279db-1664-410d-ab37-c839514c9b8c,de253988-fadd-4f54-be9d-3e1585d94178,Little Jinx Alice Jenks (224),Little Jinx Alice Jenks (224),{},ophidian-2350_base-set_little-jinx-alice-jenks-(224)
2a664ea3-2ada-4b97-a147-ec859e695ba6,item,1,0,"{""obverse"": ""ophidian-2350_base-set_striking-dragon-naru-kami-(225)"", ""reverse"": ""ophidian-2350_card-back""}","{""name_printed"": ""Striking Dragon Naru Kami"", ""functional_disambiguator"": ""225"", ""number"": ""225"", ""item_dimensions"": ""{\u0022height\u0022: \u00223.5\u0022, \u0022width\u0022: \u00222.5\u0022, \u0022unit\u0022: \u0022inch\u0022}""}",f31279db-1664-410d-ab37-c839514c9b8c,de253988-fadd-4f54-be9d-3e1585d94178,Striking Dragon Naru Kami (225),Striking Dragon Naru Kami (225),{},ophidian-2350_base-set_striking-dragon-naru-kami-(225)
1f8944ef-ca63-4ed9-889d-3bd75007f6d1,item,1,0,"{""obverse"": ""ophidian-2350_base-set_pago-the-mangled-one-(226)"", ""reverse"": ""ophidian-2350_card-back""}","{""name_printed"": ""Pago The Mangled One"", ""functional_disambiguator"": ""226"", ""number"": ""226"", ""item_dimensions"": ""{\u0022height\u0022: \u00223.5\u0022, \u0022width\u0022: \u00222.5\u0022, \u0022unit\u0022: \u0022inch\u0022}""}",f31279db-1664-410d-ab37-c839514c9b8c,de253988-fadd-4f54-be9d-3e1585d94178,Pago The Mangled One (226),Pago The Mangled One (226),{},ophidian-2350_base-set_pago-the-mangled-one-(226)
2d41893e-9ac1-4287-826b-7671ec39bdf5,item,1,0,"{""obverse"": ""ophidian-2350_base-set_the-stranger-q'estaok-(227)"", ""reverse"": ""ophidian-2350_card-back""}","{""name_printed"": ""The Stranger Q'estaok"", ""functional_disambiguator"": ""227"", ""number"": ""227"", ""item_dimensions"": ""{\u0022height\u0022: \u00223.5\u0022, \u0022width\u0022: \u00222.5\u0022, \u0022unit\u0022: \u0022inch\u0022}""}",f31279db-1664-410d-ab37-c839514c9b8c,de253988-fadd-4f54-be9d-3e1585d94178,The Stranger Q'estaok (227),The Stranger Q'estaok (227),{},ophidian-2350_base-set_the-stranger-q'estaok-(227)
768abba1-35df-424b-a5ea-40397db0d766,item,1,0,"{""obverse"": ""ophidian-2350_base-set_trace-summoner-(228)"", ""reverse"": ""ophidian-2350_card-back""}","{""name_printed"": ""Trace Summoner"", ""functional_disambiguator"": ""228"", ""number"": ""228"", ""item_dimensions"": ""{\u0022height\u0022: \u00223.5\u0022, \u0022width\u0022: \u00222.5\u0022, \u0022unit\u0022: \u0022inch\u0022}""}",f31279db-1664-410d-ab37-c839514c9b8c,de253988-fadd-4f54-be9d-3e1585d94178,Trace Summoner (228),Trace Summoner (228),{},ophidian-2350_base-set_trace-summoner-(228)
2a285148-8f6b-4f45-be72-eda2cd66e02d,item,1,0,"{""obverse"": ""ophidian-2350_base-set_berserker-fanatical-genius-(229)"", ""reverse"": ""ophidian-2350_card-back""}","{""name_printed"": ""Berserker Fanatical Genius"", ""functional_disambiguator"": ""229"", ""number"": ""229"", ""item_dimensions"": ""{\u0022height\u0022: \u00223.5\u0022, \u0022width\u0022: \u00222.5\u0022, \u0022unit\u0022: \u0022inch\u0022}""}",f31279db-1664-410d-ab37-c839514c9b8c,de253988-fadd-4f54-be9d-3e1585d94178,Berserker Fanatical Genius (229),Berserker Fanatical Genius (229),{},ophidian-2350_base-set_berserker-fanatical-genius-(229)
ce25dd6d-c0a7-4e84-ae71-5332bf74c1a8,item,1,0,"{""obverse"": ""ophidian-2350_base-set_p-k--demon-of-honor-(230)"", ""reverse"": ""ophidian-2350_card-back""}","{""name_printed"": ""P.K. Demon of Honor"", ""functional_disambiguator"": ""230"", ""number"": ""230"", ""item_dimensions"": ""{\u0022height\u0022: \u00223.5\u0022, \u0022width\u0022: \u00222.5\u0022, \u0022unit\u0022: \u0022inch\u0022}""}",f31279db-1664-410d-ab37-c839514c9b8c,de253988-fadd-4f54-be9d-3e1585d94178,P.K. Demon of Honor (230),P.K. Demon of Honor (230),{},ophidian-2350_base-set_p-k--demon-of-honor-(230)
83f19d68-d403-45b4-827b-9171f5376df8,item,1,0,"{""obverse"": ""ophidian-2350_base-set_poc-shot-scion-of-evil-(231)"", ""reverse"": ""ophidian-2350_card-back""}","{""name_printed"": ""POC Shot Scion of Evil"", ""functional_disambiguator"": ""231"", ""number"": ""231"", ""item_dimensions"": ""{\u0022height\u0022: \u00223.5\u0022, \u0022width\u0022: \u00222.5\u0022, \u0022unit\u0022: \u0022inch\u0022}""}",f31279db-1664-410d-ab37-c839514c9b8c,de253988-fadd-4f54-be9d-3e1585d94178,POC Shot Scion of Evil (231),POC Shot Scion of Evil (231),{},ophidian-2350_base-set_poc-shot-scion-of-evil-(231)
e11b1f1f-17c0-4cda-922b-bb0fd327fe8b,item,1,0,"{""obverse"": ""ophidian-2350_base-set_the-stallion-schaeffer-steelarm-(232)"", ""reverse"": ""ophidian-2350_card-back""}","{""name_printed"": ""The Stallion Schaeffer Steelarm"", ""functional_disambiguator"": ""232"", ""number"": ""232"", ""item_dimensions"": ""{\u0022height\u0022: \u00223.5\u0022, \u0022width\u0022: \u00222.5\u0022, \u0022unit\u0022: \u0022inch\u0022}""}",f31279db-1664-410d-ab37-c839514c9b8c,de253988-fadd-4f54-be9d-3e1585d94178,The Stallion Schaeffer Steelarm (232),The Stallion Schaeffer Steelarm (232),{},ophidian-2350_base-set_the-stallion-schaeffer-steelarm-(232)
b823948a-576e-4545-837a-4dc0709aa5b0,item,1,0,"{""obverse"": ""ophidian-2350_base-set_simon-bantus-fish-(233)"", ""reverse"": ""ophidian-2350_card-back""}","{""name_printed"": ""Simon Bantus Fish"", ""functional_disambiguator"": ""233"", ""number"": ""233"", ""item_dimensions"": ""{\u0022height\u0022: \u00223.5\u0022, \u0022width\u0022: \u00222.5\u0022, \u0022unit\u0022: \u0022inch\u0022}""}",f31279db-1664-410d-ab37-c839514c9b8c,de253988-fadd-4f54-be9d-3e1585d94178,Simon Bantus Fish (233),Simon Bantus Fish (233),{},ophidian-2350_base-set_simon-bantus-fish-(233)
0313cd6e-4b4e-4069-af94-fc65360b79fe,item,1,0,"{""obverse"": ""ophidian-2350_base-set_taa-ra-seeker-of-shadows-(234)"", ""reverse"": ""ophidian-2350_card-back""}","{""name_printed"": ""Taa Ra Seeker of Shadows"", ""functional_disambiguator"": ""234"", ""number"": ""234"", ""item_dimensions"": ""{\u0022height\u0022: \u00223.5\u0022, \u0022width\u0022: \u00222.5\u0022, \u0022unit\u0022: \u0022inch\u0022}""}",f31279db-1664-410d-ab37-c839514c9b8c,de253988-fadd-4f54-be9d-3e1585d94178,Taa Ra Seeker of Shadows (234),Taa Ra Seeker of Shadows (234),{},ophidian-2350_base-set_taa-ra-seeker-of-shadows-(234)
04dd06a3-dc15-4f98-926f-e94e1747fb69,item,1,0,"{""obverse"": ""ophidian-2350_base-set_tessa-dimensional-seeker"", ""reverse"": ""ophidian-2350_card-back""}","{""name_printed"": ""Tessa Dimensional Seeker"", ""number"": ""235"", ""item_dimensions"": ""{\u0022height\u0022: \u00223.5\u0022, \u0022width\u0022: \u00222.5\u0022, \u0022unit\u0022: \u0022inch\u0022}""}",f31279db-1664-410d-ab37-c839514c9b8c,de253988-fadd-4f54-be9d-3e1585d94178,Tessa Dimensional Seeker,Tessa Dimensional Seeker,{},ophidian-2350_base-set_tessa-dimensional-seeker
f5dbf92d-0c9b-4d01-b494-291415daba6c,item,1,0,"{""obverse"": ""ophidian-2350_base-set_hammerhands-unfortunate-fiend"", ""reverse"": ""ophidian-2350_card-back""}","{""name_printed"": ""Hammerhands Unfortunate Fiend"", ""number"": ""236"", ""item_dimensions"": ""{\u0022height\u0022: \u00223.5\u0022, \u0022width\u0022: \u00222.5\u0022, \u0022unit\u0022: \u0022inch\u0022}""}",f31279db-1664-410d-ab37-c839514c9b8c,de253988-fadd-4f54-be9d-3e1585d94178,Hammerhands Unfortunate Fiend,Hammerhands Unfortunate Fiend,{},ophidian-2350_base-set_hammerhands-unfortunate-fiend
1771e138-be06-4a86-a5b0-2c6b50d100ad,item,1,0,"{""obverse"": ""ophidian-2350_base-set_jean-splice-electric-hag"", ""reverse"": ""ophidian-2350_card-back""}","{""name_printed"": ""Jean Splice Electric Hag"", ""number"": ""237"", ""item_dimensions"": ""{\u0022height\u0022: \u00223.5\u0022, \u0022width\u0022: \u00222.5\u0022, \u0022unit\u0022: \u0022inch\u0022}""}",f31279db-1664-410d-ab37-c839514c9b8c,de253988-fadd-4f54-be9d-3e1585d94178,Jean Splice Electric Hag,Jean Splice Electric Hag,{},ophidian-2350_base-set_jean-splice-electric-hag
58bf7cf9-a669-4693-b44b-06e90b0c8d9b,item,1,0,"{""obverse"": ""ophidian-2350_base-set_mandy-von-ulaga-demon-child"", ""reverse"": ""ophidian-2350_card-back""}","{""name_printed"": ""Mandy Von Ulaga Demon Child"", ""number"": ""238"", ""item_dimensions"": ""{\u0022height\u0022: \u00223.5\u0022, \u0022width\u0022: \u00222.5\u0022, \u0022unit\u0022: \u0022inch\u0022}""}",f31279db-1664-410d-ab37-c839514c9b8c,de253988-fadd-4f54-be9d-3e1585d94178,Mandy Von Ulaga Demon Child,Mandy Von Ulaga Demon Child,{},ophidian-2350_base-set_mandy-von-ulaga-demon-child
4cba54ab-03dc-4222-a8d7-a989294e767a,item,1,0,"{""obverse"": ""ophidian-2350_base-set_sara-la-konets-the-bloated-one"", ""reverse"": ""ophidian-2350_card-back""}","{""name_printed"": ""Sara-La Konets The Bloated One"", ""number"": ""239"", ""item_dimensions"": ""{\u0022height\u0022: \u00223.5\u0022, \u0022width\u0022: \u00222.5\u0022, \u0022unit\u0022: \u0022inch\u0022}""}",f31279db-1664-410d-ab37-c839514c9b8c,de253988-fadd-4f54-be9d-3e1585d94178,Sara-La Konets The Bloated One,Sara-La Konets The Bloated One,{},ophidian-2350_base-set_sara-la-konets-the-bloated-one
68ad476b-8139-4023-a16a-c95e947250e2,item,1,0,"{""obverse"": ""ophidian-2350_base-set_walter--boom-boom--drake-champion-of-old-times"", ""reverse"": ""ophidian-2350_card-back""}","{""name_printed"": ""Walter \u0022Boom-Boom\u0022 Drake Champion of Old Times"", ""number"": ""240"", ""item_dimensions"": ""{\u0022height\u0022: \u00223.5\u0022, \u0022width\u0022: \u00222.5\u0022, \u0022unit\u0022: \u0022inch\u0022}""}",f31279db-1664-410d-ab37-c839514c9b8c,de253988-fadd-4f54-be9d-3e1585d94178,"Walter ""Boom-Boom"" Drake Champion of Old Times","Walter ""Boom-Boom"" Drake Champion of Old Times",{},ophidian-2350_base-set_walter--boom-boom--drake-champion-of-old-times