id,source,imaged,documented,images,attributes,game_id,set_id,functional_name,item_name,source_notes,game_set_item_slug
09220250-0d6d-4e54-bcb4-6a0a2102b546,item,0,,"{""obverse"": ""hecatomb_base-set_agonel"", ""reverse"": ""hecatomb_card-back""}","{""name_printed"": ""Agonel"", ""rarity"": ""Common"", ""number"": ""1"", ""types"": ""[\u0022Minion\u0022]"", ""doom"": ""Corruption"", ""item_dimensions"": ""{\u0022height\u0022: \u00223.5\u0022, \u0022width\u0022: \u00222.5\u0022, \u0022unit\u0022: \u0022inch\u0022}""}",2a9bc512-584c-4798-ae72-e15e25cdbd8a,130ea10b-0413-48ce-982b-874c42c17893,Agonel,Agonel,{},hecatomb_base-set_agonel
02132309-b5cc-42d2-aa08-44b9e501f71e,item,0,,"{""obverse"": ""hecatomb_base-set_alastarian"", ""reverse"": ""hecatomb_card-back""}","{""name_printed"": ""Alastarian"", ""rarity"": ""Common"", ""number"": ""2"", ""types"": ""[\u0022Minion\u0022]"", ""doom"": ""Corruption"", ""item_dimensions"": ""{\u0022height\u0022: \u00223.5\u0022, \u0022width\u0022: \u00222.5\u0022, \u0022unit\u0022: \u0022inch\u0022}""}",2a9bc512-584c-4798-ae72-e15e25cdbd8a,130ea10b-0413-48ce-982b-874c42c17893,Alastarian,Alastarian,{},hecatomb_base-set_alastarian
d22ea7e3-d73b-4a4a-8b14-35fc80254efe,photo,0,,"{""obverse"": ""hecatomb_base-set_altar-of-atrocities"", ""reverse"": ""hecatomb_card-back""}","{""name_printed"": ""Altar of Atrocities"", ""rarity"": ""Rare"", ""number"": ""3"", ""types"": ""[\u0022Relic\u0022]"", ""cost"": ""3"", ""doom"": ""Greed"", ""rule_text"": ""Whenever one of your abominations reaps, untap a number of target mana cards up to its size."", ""artist_names_printed"": ""[\u0022Christopher Shy\u0022]"", ""item_dimensions"": ""{\u0022height\u0022: \u00223.5\u0022, \u0022width\u0022: \u00222.5\u0022, \u0022unit\u0022: \u0022inch\u0022}""}",2a9bc512-584c-4798-ae72-e15e25cdbd8a,130ea10b-0413-48ce-982b-874c42c17893,Altar of Atrocities,Altar of Atrocities,"{""source_notes"": ""Low quality image, needs verification""}",hecatomb_base-set_altar-of-atrocities
0c33d536-c8e2-46e1-9b13-677a9390b360,item,0,,"{""obverse"": ""hecatomb_base-set_angama"", ""reverse"": ""hecatomb_card-back""}","{""name_printed"": ""Angama"", ""rarity"": ""Common"", ""number"": ""4"", ""types"": ""[\u0022Minion\u0022]"", ""doom"": ""Destruction"", ""item_dimensions"": ""{\u0022height\u0022: \u00223.5\u0022, \u0022width\u0022: \u00222.5\u0022, \u0022unit\u0022: \u0022inch\u0022}""}",2a9bc512-584c-4798-ae72-e15e25cdbd8a,130ea10b-0413-48ce-982b-874c42c17893,Angama,Angama,{},hecatomb_base-set_angama
0dcc3053-0f41-48ca-a7b5-9becb1258425,item,0,,"{""obverse"": ""hecatomb_base-set_armorgraft"", ""reverse"": ""hecatomb_card-back""}","{""name_printed"": ""Armorgraft"", ""rarity"": ""Uncommon"", ""number"": ""5"", ""types"": ""[\u0022Fate\u0022]"", ""doom"": ""Greed"", ""speed"": ""Combat"", ""item_dimensions"": ""{\u0022height\u0022: \u00223.5\u0022, \u0022width\u0022: \u00222.5\u0022, \u0022unit\u0022: \u0022inch\u0022}""}",2a9bc512-584c-4798-ae72-e15e25cdbd8a,130ea10b-0413-48ce-982b-874c42c17893,Armorgraft,Armorgraft,{},hecatomb_base-set_armorgraft
c5040974-de48-4de8-b9ed-7d4e08d240e0,item,0,,"{""obverse"": ""hecatomb_base-set_avasculate"", ""reverse"": ""hecatomb_card-back""}","{""name_printed"": ""Avasculate"", ""rarity"": ""Uncommon"", ""number"": ""6"", ""types"": ""[\u0022Fate\u0022]"", ""doom"": ""Corruption"", ""speed"": ""Combat"", ""item_dimensions"": ""{\u0022height\u0022: \u00223.5\u0022, \u0022width\u0022: \u00222.5\u0022, \u0022unit\u0022: \u0022inch\u0022}""}",2a9bc512-584c-4798-ae72-e15e25cdbd8a,130ea10b-0413-48ce-982b-874c42c17893,Avasculate,Avasculate,{},hecatomb_base-set_avasculate
1e90c689-1d60-4e5d-864b-67d9466542f4,item,0,,"{""obverse"": ""hecatomb_base-set_baby-blood-monkey"", ""reverse"": ""hecatomb_card-back""}","{""name_printed"": ""Baby Blood Monkey"", ""rarity"": ""Uncommon"", ""number"": ""7"", ""types"": ""[\u0022Minion\u0022]"", ""doom"": ""Deceit"", ""item_dimensions"": ""{\u0022height\u0022: \u00223.5\u0022, \u0022width\u0022: \u00222.5\u0022, \u0022unit\u0022: \u0022inch\u0022}""}",2a9bc512-584c-4798-ae72-e15e25cdbd8a,130ea10b-0413-48ce-982b-874c42c17893,Baby Blood Monkey,Baby Blood Monkey,{},hecatomb_base-set_baby-blood-monkey
7adc4617-ab0e-4247-85df-033e1e0232dc,item,0,,"{""obverse"": ""hecatomb_base-set_being-from-beyond"", ""reverse"": ""hecatomb_card-back""}","{""name_printed"": ""Being from Beyond"", ""rarity"": ""Common"", ""number"": ""8"", ""types"": ""[\u0022Minion\u0022]"", ""doom"": ""Deceit"", ""item_dimensions"": ""{\u0022height\u0022: \u00223.5\u0022, \u0022width\u0022: \u00222.5\u0022, \u0022unit\u0022: \u0022inch\u0022}""}",2a9bc512-584c-4798-ae72-e15e25cdbd8a,130ea10b-0413-48ce-982b-874c42c17893,Being from Beyond,Being from Beyond,{},hecatomb_base-set_being-from-beyond
c3cd363a-37e7-4aa5-8d08-ea6ca1f3b6f0,item,0,,"{""obverse"": ""hecatomb_base-set_blood-monkey"", ""reverse"": ""hecatomb_card-back""}","{""name_printed"": ""Blood Monkey"", ""rarity"": ""Common"", ""number"": ""9"", ""types"": ""[\u0022Minion\u0022]"", ""doom"": ""Deceit"", ""item_dimensions"": ""{\u0022height\u0022: \u00223.5\u0022, \u0022width\u0022: \u00222.5\u0022, \u0022unit\u0022: \u0022inch\u0022}""}",2a9bc512-584c-4798-ae72-e15e25cdbd8a,130ea10b-0413-48ce-982b-874c42c17893,Blood Monkey,Blood Monkey,{},hecatomb_base-set_blood-monkey
dfa7942f-1d7c-424b-ab3a-7189abdb91eb,item,0,,"{""obverse"": ""hecatomb_base-set_bloodlust"", ""reverse"": ""hecatomb_card-back""}","{""name_printed"": ""Bloodlust"", ""rarity"": ""Uncommon"", ""number"": ""10"", ""types"": ""[\u0022Fate\u0022]"", ""doom"": ""Deceit"", ""speed"": ""Combat"", ""item_dimensions"": ""{\u0022height\u0022: \u00223.5\u0022, \u0022width\u0022: \u00222.5\u0022, \u0022unit\u0022: \u0022inch\u0022}""}",2a9bc512-584c-4798-ae72-e15e25cdbd8a,130ea10b-0413-48ce-982b-874c42c17893,Bloodlust,Bloodlust,{},hecatomb_base-set_bloodlust
0882c301-0f03-4b7a-b294-0f3014ce4c09,photo,0,,"{""obverse"": ""hecatomb_base-set_bloodstone"", ""reverse"": ""hecatomb_card-back""}","{""name_printed"": ""Bloodstone"", ""rarity"": ""Rare"", ""number"": ""11"", ""types"": ""[\u0022Relic\u0022]"", ""cost"": ""3"", ""doom"": ""Destruction"", ""rule_text"": ""Destruction fates cost 1 less."", ""artist_names_printed"": ""[\u0022Christopher Shy\u0022]"", ""item_dimensions"": ""{\u0022height\u0022: \u00223.5\u0022, \u0022width\u0022: \u00222.5\u0022, \u0022unit\u0022: \u0022inch\u0022}""}",2a9bc512-584c-4798-ae72-e15e25cdbd8a,130ea10b-0413-48ce-982b-874c42c17893,Bloodstone,Bloodstone,{},hecatomb_base-set_bloodstone
f71417ae-2252-42df-8bb6-cd8b98dd8741,item,0,,"{""obverse"": ""hecatomb_base-set_brain-canister"", ""reverse"": ""hecatomb_card-back""}","{""name_printed"": ""Brain Canister"", ""rarity"": ""Rare"", ""number"": ""12"", ""types"": ""[\u0022Relic\u0022]"", ""doom"": ""Corruption"", ""item_dimensions"": ""{\u0022height\u0022: \u00223.5\u0022, \u0022width\u0022: \u00222.5\u0022, \u0022unit\u0022: \u0022inch\u0022}""}",2a9bc512-584c-4798-ae72-e15e25cdbd8a,130ea10b-0413-48ce-982b-874c42c17893,Brain Canister,Brain Canister,{},hecatomb_base-set_brain-canister
cdefc60e-c5e2-4d3e-bf7c-267bdcd27cad,item,0,,"{""obverse"": ""hecatomb_base-set_brain-surgeon"", ""reverse"": ""hecatomb_card-back""}","{""name_printed"": ""Brain Surgeon"", ""rarity"": ""Common"", ""number"": ""13"", ""types"": ""[\u0022Minion\u0022]"", ""doom"": ""Greed"", ""item_dimensions"": ""{\u0022height\u0022: \u00223.5\u0022, \u0022width\u0022: \u00222.5\u0022, \u0022unit\u0022: \u0022inch\u0022}""}",2a9bc512-584c-4798-ae72-e15e25cdbd8a,130ea10b-0413-48ce-982b-874c42c17893,Brain Surgeon,Brain Surgeon,{},hecatomb_base-set_brain-surgeon
09605ce9-9d0e-4c4e-bc77-ba5f9fb61d2e,item,0,,"{""obverse"": ""hecatomb_base-set_breathstealer"", ""reverse"": ""hecatomb_card-back""}","{""name_printed"": ""Breathstealer"", ""rarity"": ""Uncommon"", ""number"": ""14"", ""types"": ""[\u0022Minion\u0022]"", ""doom"": ""Corruption"", ""item_dimensions"": ""{\u0022height\u0022: \u00223.5\u0022, \u0022width\u0022: \u00222.5\u0022, \u0022unit\u0022: \u0022inch\u0022}""}",2a9bc512-584c-4798-ae72-e15e25cdbd8a,130ea10b-0413-48ce-982b-874c42c17893,Breathstealer,Breathstealer,{},hecatomb_base-set_breathstealer
82ea4662-6700-449b-99d4-253417609547,item,0,,"{""obverse"": ""hecatomb_base-set_bringer-of-sacrifice"", ""reverse"": ""hecatomb_card-back""}","{""name_printed"": ""Bringer of Sacrifice"", ""rarity"": ""Common"", ""number"": ""15"", ""types"": ""[\u0022Minion\u0022]"", ""doom"": ""Corruption"", ""item_dimensions"": ""{\u0022height\u0022: \u00223.5\u0022, \u0022width\u0022: \u00222.5\u0022, \u0022unit\u0022: \u0022inch\u0022}""}",2a9bc512-584c-4798-ae72-e15e25cdbd8a,130ea10b-0413-48ce-982b-874c42c17893,Bringer of Sacrifice,Bringer of Sacrifice,{},hecatomb_base-set_bringer-of-sacrifice
b1e09c1c-72cc-4760-8bb5-31d8af249c51,item,0,,"{""obverse"": ""hecatomb_base-set_bull-of-minos"", ""reverse"": ""hecatomb_card-back""}","{""name_printed"": ""Bull of Minos"", ""rarity"": ""Uncommon"", ""number"": ""16"", ""types"": ""[\u0022Minion\u0022]"", ""doom"": ""Destruction"", ""item_dimensions"": ""{\u0022height\u0022: \u00223.5\u0022, \u0022width\u0022: \u00222.5\u0022, \u0022unit\u0022: \u0022inch\u0022}""}",2a9bc512-584c-4798-ae72-e15e25cdbd8a,130ea10b-0413-48ce-982b-874c42c17893,Bull of Minos,Bull of Minos,{},hecatomb_base-set_bull-of-minos
02b8105e-3677-4e5a-afab-df784f456f69,item,0,,"{""obverse"": ""hecatomb_base-set_byhakee"", ""reverse"": ""hecatomb_card-back""}","{""name_printed"": ""Byhakee"", ""rarity"": ""Common"", ""number"": ""18"", ""types"": ""[\u0022Minion\u0022]"", ""doom"": ""Corruption"", ""item_dimensions"": ""{\u0022height\u0022: \u00223.5\u0022, \u0022width\u0022: \u00222.5\u0022, \u0022unit\u0022: \u0022inch\u0022}""}",2a9bc512-584c-4798-ae72-e15e25cdbd8a,130ea10b-0413-48ce-982b-874c42c17893,Byhakee,Byhakee,{},hecatomb_base-set_byhakee
20ec97a8-eedb-42f9-8460-59dc82fce430,item,0,,"{""obverse"": ""hecatomb_base-set_callow-believer"", ""reverse"": ""hecatomb_card-back""}","{""name_printed"": ""Callow Believer"", ""rarity"": ""Common"", ""number"": ""19"", ""types"": ""[\u0022Minion\u0022]"", ""doom"": ""Deceit"", ""item_dimensions"": ""{\u0022height\u0022: \u00223.5\u0022, \u0022width\u0022: \u00222.5\u0022, \u0022unit\u0022: \u0022inch\u0022}""}",2a9bc512-584c-4798-ae72-e15e25cdbd8a,130ea10b-0413-48ce-982b-874c42c17893,Callow Believer,Callow Believer,{},hecatomb_base-set_callow-believer
b2b0010d-4231-4ef8-b8e8-571a55f7cd9f,item,0,,"{""obverse"": ""hecatomb_base-set_cephalopod"", ""reverse"": ""hecatomb_card-back""}","{""name_printed"": ""Cephalopod"", ""rarity"": ""Uncommon"", ""number"": ""20"", ""types"": ""[\u0022Minion\u0022]"", ""doom"": ""Corruption"", ""item_dimensions"": ""{\u0022height\u0022: \u00223.5\u0022, \u0022width\u0022: \u00222.5\u0022, \u0022unit\u0022: \u0022inch\u0022}""}",2a9bc512-584c-4798-ae72-e15e25cdbd8a,130ea10b-0413-48ce-982b-874c42c17893,Cephalopod,Cephalopod,{},hecatomb_base-set_cephalopod
1e27fa25-fae5-4041-ac99-b4d7010812dd,photo,0,,"{""obverse"": ""hecatomb_base-set_charnel-force"", ""reverse"": ""hecatomb_card-back""}","{""name_printed"": ""Charnel Force"", ""rarity"": ""Rare"", ""number"": ""21"", ""types"": ""[\u0022Minion\u0022]"", ""cost"": ""5"", ""doom"": ""Greed"", ""subtype"": ""Undead"", ""strength"": ""3"", ""conditional_ability"": ""Retrieve an Undead minion card."", ""rule_text"": ""All minions in this abomination have Martyr."", ""flavor_text"": ""Never bury too many murderers too close together."", ""item_dimensions"": ""{\u0022height\u0022: \u00223.5\u0022, \u0022width\u0022: \u00222.5\u0022, \u0022unit\u0022: \u0022inch\u0022}""}",2a9bc512-584c-4798-ae72-e15e25cdbd8a,130ea10b-0413-48ce-982b-874c42c17893,Charnel Force,Charnel Force,"{""source_notes"": ""Low quality image, needs verification""}",hecatomb_base-set_charnel-force
bcf9feb5-1344-437a-b5aa-29f055d954fc,item,0,,"{""obverse"": ""hecatomb_base-set_ciuteoteo"", ""reverse"": ""hecatomb_card-back""}","{""name_printed"": ""Ciuteoteo"", ""rarity"": ""Common"", ""number"": ""22"", ""types"": ""[\u0022Minion\u0022]"", ""doom"": ""Destruction"", ""item_dimensions"": ""{\u0022height\u0022: \u00223.5\u0022, \u0022width\u0022: \u00222.5\u0022, \u0022unit\u0022: \u0022inch\u0022}""}",2a9bc512-584c-4798-ae72-e15e25cdbd8a,130ea10b-0413-48ce-982b-874c42c17893,Ciuteoteo,Ciuteoteo,{},hecatomb_base-set_ciuteoteo
1a4664ff-0a72-4cb1-9f4b-90467c0942b2,photo,0,,"{""obverse"": ""hecatomb_base-set_corrosive-goo"", ""reverse"": ""hecatomb_card-back""}","{""name_printed"": ""Corrosive Goo"", ""rarity"": ""Rare"", ""number"": ""23"", ""types"": ""[\u0022Minion\u0022]"", ""cost"": ""3"", ""doom"": ""Destruction"", ""subtype"": ""Slime"", ""strength"": ""2"", ""conditional_ability"": ""Destroy target relic. Then deal damage equal to that relic's cost to target abomination."", ""conditional_ability_trigger_doom"": ""Greed"", ""rule_text"": ""Whenever this becomes blocked, you may sacrifice a relic to give this Rager +3."", ""artist_names_printed"": ""[\u0022Ben Templesmith\u0022]"", ""item_dimensions"": ""{\u0022height\u0022: \u00223.5\u0022, \u0022width\u0022: \u00222.5\u0022, \u0022unit\u0022: \u0022inch\u0022}""}",2a9bc512-584c-4798-ae72-e15e25cdbd8a,130ea10b-0413-48ce-982b-874c42c17893,Corrosive Goo,Corrosive Goo,{},hecatomb_base-set_corrosive-goo
012708b8-0eb1-4dce-81a5-726177244777,item,0,,"{""obverse"": ""hecatomb_base-set_creature-from-xhilo"", ""reverse"": ""hecatomb_card-back""}","{""name_printed"": ""Creature from Xhilo"", ""rarity"": ""Common"", ""number"": ""24"", ""types"": ""[\u0022Minion\u0022]"", ""doom"": ""Corruption"", ""speed"": ""Combat"", ""item_dimensions"": ""{\u0022height\u0022: \u00223.5\u0022, \u0022width\u0022: \u00222.5\u0022, \u0022unit\u0022: \u0022inch\u0022}""}",2a9bc512-584c-4798-ae72-e15e25cdbd8a,130ea10b-0413-48ce-982b-874c42c17893,Creature from Xhilo,Creature from Xhilo,{},hecatomb_base-set_creature-from-xhilo
8f404156-aeda-43e5-95eb-38fcdd4736b8,item,0,,"{""obverse"": ""hecatomb_base-set_cruel-reaper"", ""reverse"": ""hecatomb_card-back""}","{""name_printed"": ""Cruel Reaper"", ""rarity"": ""Rare"", ""number"": ""25"", ""types"": ""[\u0022Minion\u0022]"", ""cost"": ""6"", ""doom"": ""Corruption"", ""subtype"": ""Undead"", ""strength"": ""4"", ""rule_text"": ""Reaper +4. If this abomination attacks, destroy this minion at end of turn."", ""flavor_text"": ""It brings a necktie so you can dress for your funeral."", ""artist_names_printed"": ""[\u0022David Hugnut\u0022]"", ""item_dimensions"": ""{\u0022height\u0022: \u00223.5\u0022, \u0022width\u0022: \u00222.5\u0022, \u0022unit\u0022: \u0022inch\u0022}""}",2a9bc512-584c-4798-ae72-e15e25cdbd8a,130ea10b-0413-48ce-982b-874c42c17893,Cruel Reaper,Cruel Reaper,{},hecatomb_base-set_cruel-reaper
b0e3d1a0-f8e6-4784-946e-f7ab431597f5,item,0,,"{""obverse"": ""hecatomb_base-set_crypt-caller"", ""reverse"": ""hecatomb_card-back""}","{""name_printed"": ""Crypt Caller"", ""rarity"": ""Common"", ""number"": ""26"", ""types"": ""[\u0022Minion\u0022]"", ""doom"": ""Deceit"", ""item_dimensions"": ""{\u0022height\u0022: \u00223.5\u0022, \u0022width\u0022: \u00222.5\u0022, \u0022unit\u0022: \u0022inch\u0022}""}",2a9bc512-584c-4798-ae72-e15e25cdbd8a,130ea10b-0413-48ce-982b-874c42c17893,Crypt Caller,Crypt Caller,{},hecatomb_base-set_crypt-caller
ea2f451b-4798-440f-ac3b-948eed5d2437,item,0,,"{""obverse"": ""hecatomb_base-set_curse-of-the-ancients"", ""reverse"": ""hecatomb_card-back""}","{""name_printed"": ""Curse of the Ancients"", ""rarity"": ""Uncommon"", ""number"": ""27"", ""types"": ""[\u0022Fate\u0022]"", ""doom"": ""Destruction"", ""item_dimensions"": ""{\u0022height\u0022: \u00223.5\u0022, \u0022width\u0022: \u00222.5\u0022, \u0022unit\u0022: \u0022inch\u0022}""}",2a9bc512-584c-4798-ae72-e15e25cdbd8a,130ea10b-0413-48ce-982b-874c42c17893,Curse of the Ancients,Curse of the Ancients,{},hecatomb_base-set_curse-of-the-ancients
22e84059-e8d1-4408-8990-321e55e65a9d,item,0,,"{""obverse"": ""hecatomb_base-set_damned-thing"", ""reverse"": ""hecatomb_card-back""}","{""name_printed"": ""Damned Thing"", ""rarity"": ""Common"", ""number"": ""28"", ""types"": ""[\u0022Minion\u0022]"", ""doom"": ""Deceit"", ""item_dimensions"": ""{\u0022height\u0022: \u00223.5\u0022, \u0022width\u0022: \u00222.5\u0022, \u0022unit\u0022: \u0022inch\u0022}""}",2a9bc512-584c-4798-ae72-e15e25cdbd8a,130ea10b-0413-48ce-982b-874c42c17893,Damned Thing,Damned Thing,{},hecatomb_base-set_damned-thing
c017e321-61bd-4d3d-baee-c022f7df850e,item,0,,"{""obverse"": ""hecatomb_base-set_dark-genesis"", ""reverse"": ""hecatomb_card-back""}","{""name_printed"": ""Dark Genesis"", ""rarity"": ""Uncommon"", ""number"": ""29"", ""types"": ""[\u0022Fate\u0022]"", ""doom"": ""Corruption"", ""speed"": ""Combat"", ""item_dimensions"": ""{\u0022height\u0022: \u00223.5\u0022, \u0022width\u0022: \u00222.5\u0022, \u0022unit\u0022: \u0022inch\u0022}""}",2a9bc512-584c-4798-ae72-e15e25cdbd8a,130ea10b-0413-48ce-982b-874c42c17893,Dark Genesis,Dark Genesis,{},hecatomb_base-set_dark-genesis
40807181-7a2b-4f0c-8542-303ff89fffc7,item,0,,"{""obverse"": ""hecatomb_base-set_daughter-of-blood"", ""reverse"": ""hecatomb_card-back""}","{""name_printed"": ""Daughter of Blood"", ""rarity"": ""Uncommon"", ""number"": ""30"", ""types"": ""[\u0022Minion\u0022]"", ""doom"": ""Corruption"", ""item_dimensions"": ""{\u0022height\u0022: \u00223.5\u0022, \u0022width\u0022: \u00222.5\u0022, \u0022unit\u0022: \u0022inch\u0022}""}",2a9bc512-584c-4798-ae72-e15e25cdbd8a,130ea10b-0413-48ce-982b-874c42c17893,Daughter of Blood,Daughter of Blood,{},hecatomb_base-set_daughter-of-blood
5904a01d-f180-4b20-bcb1-8942c9caab43,item,0,,"{""obverse"": ""hecatomb_base-set_devoted-one"", ""reverse"": ""hecatomb_card-back""}","{""name_printed"": ""Devoted One"", ""rarity"": ""Common"", ""number"": ""31"", ""types"": ""[\u0022Minion\u0022]"", ""doom"": ""Corruption"", ""item_dimensions"": ""{\u0022height\u0022: \u00223.5\u0022, \u0022width\u0022: \u00222.5\u0022, \u0022unit\u0022: \u0022inch\u0022}""}",2a9bc512-584c-4798-ae72-e15e25cdbd8a,130ea10b-0413-48ce-982b-874c42c17893,Devoted One,Devoted One,{},hecatomb_base-set_devoted-one
a6b7d5e5-57d4-46c1-8695-07c53d077694,item,0,,"{""obverse"": ""hecatomb_base-set_ebriel"", ""reverse"": ""hecatomb_card-back""}","{""name_printed"": ""Ebriel"", ""rarity"": ""Uncommon"", ""number"": ""32"", ""types"": ""[\u0022Minion\u0022]"", ""doom"": ""Deceit"", ""item_dimensions"": ""{\u0022height\u0022: \u00223.5\u0022, \u0022width\u0022: \u00222.5\u0022, \u0022unit\u0022: \u0022inch\u0022}""}",2a9bc512-584c-4798-ae72-e15e25cdbd8a,130ea10b-0413-48ce-982b-874c42c17893,Ebriel,Ebriel,{},hecatomb_base-set_ebriel
bd3f2604-ad32-414f-896c-a923e1c7ddfd,item,0,,"{""obverse"": ""hecatomb_base-set_eviscerator"", ""reverse"": ""hecatomb_card-back""}","{""name_printed"": ""Eviscerator"", ""rarity"": ""Common"", ""number"": ""33"", ""types"": ""[\u0022Minion\u0022]"", ""doom"": ""Greed"", ""item_dimensions"": ""{\u0022height\u0022: \u00223.5\u0022, \u0022width\u0022: \u00222.5\u0022, \u0022unit\u0022: \u0022inch\u0022}""}",2a9bc512-584c-4798-ae72-e15e25cdbd8a,130ea10b-0413-48ce-982b-874c42c17893,Eviscerator,Eviscerator,{},hecatomb_base-set_eviscerator
833f2981-4b7e-456d-9e60-d51ea9346070,item,0,,"{""obverse"": ""hecatomb_base-set_feculus,-sewer-lord"", ""reverse"": ""hecatomb_card-back""}","{""name_printed"": ""Feculus, Sewer Lord"", ""rarity"": ""Uncommon"", ""number"": ""34"", ""types"": ""[\u0022Minion\u0022]"", ""doom"": ""Greed"", ""item_dimensions"": ""{\u0022height\u0022: \u00223.5\u0022, \u0022width\u0022: \u00222.5\u0022, \u0022unit\u0022: \u0022inch\u0022}""}",2a9bc512-584c-4798-ae72-e15e25cdbd8a,130ea10b-0413-48ce-982b-874c42c17893,"Feculus, Sewer Lord","Feculus, Sewer Lord",{},"hecatomb_base-set_feculus,-sewer-lord"
eeab3e00-bfcf-4afa-b156-c3d92cac3e80,photo,0,,"{""obverse"": ""hecatomb_base-set_fetish-of-alhazred"", ""reverse"": ""hecatomb_card-back""}","{""name_printed"": ""Fetish of Alhazred"", ""rarity"": ""Rare"", ""number"": ""35"", ""types"": ""[\u0022Relic\u0022]"", ""cost"": ""3"", ""doom"": ""Deceit"", ""rule_text"": ""Tapped abominations can block."", ""artist_names_printed"": ""[\u0022Christopher Shy\u0022]"", ""item_dimensions"": ""{\u0022height\u0022: \u00223.5\u0022, \u0022width\u0022: \u00222.5\u0022, \u0022unit\u0022: \u0022inch\u0022}""}",2a9bc512-584c-4798-ae72-e15e25cdbd8a,130ea10b-0413-48ce-982b-874c42c17893,Fetish of Alhazred,Fetish of Alhazred,"{""source_notes"": ""Low quality image, needs verification""}",hecatomb_base-set_fetish-of-alhazred
d8017bb5-3b3e-46a7-8047-3f4c94f26229,item,0,,"{""obverse"": ""hecatomb_base-set_filth-rat"", ""reverse"": ""hecatomb_card-back""}","{""name_printed"": ""Filth Rat"", ""rarity"": ""Uncommon"", ""number"": ""36"", ""types"": ""[\u0022Minion\u0022]"", ""doom"": ""Corruption"", ""item_dimensions"": ""{\u0022height\u0022: \u00223.5\u0022, \u0022width\u0022: \u00222.5\u0022, \u0022unit\u0022: \u0022inch\u0022}""}",2a9bc512-584c-4798-ae72-e15e25cdbd8a,130ea10b-0413-48ce-982b-874c42c17893,Filth Rat,Filth Rat,{},hecatomb_base-set_filth-rat
4eb0cbcc-61cf-41e6-a7ad-44c761479448,item,0,,"{""obverse"": ""hecatomb_base-set_fire-overwhelming"", ""reverse"": ""hecatomb_card-back""}","{""name_printed"": ""Fire Overwhelming"", ""rarity"": ""Uncommon"", ""number"": ""37"", ""types"": ""[\u0022Fate\u0022]"", ""doom"": ""Destruction"", ""speed"": ""Combat"", ""item_dimensions"": ""{\u0022height\u0022: \u00223.5\u0022, \u0022width\u0022: \u00222.5\u0022, \u0022unit\u0022: \u0022inch\u0022}""}",2a9bc512-584c-4798-ae72-e15e25cdbd8a,130ea10b-0413-48ce-982b-874c42c17893,Fire Overwhelming,Fire Overwhelming,{},hecatomb_base-set_fire-overwhelming
de4fda8c-cf20-4324-896c-75e8d75fff06,item,0,,"{""obverse"": ""hecatomb_base-set_fivespace-interloper"", ""reverse"": ""hecatomb_card-back""}","{""name_printed"": ""Fivespace Interloper"", ""rarity"": ""Common"", ""number"": ""38"", ""types"": ""[\u0022Minion\u0022]"", ""doom"": ""Destruction"", ""item_dimensions"": ""{\u0022height\u0022: \u00223.5\u0022, \u0022width\u0022: \u00222.5\u0022, \u0022unit\u0022: \u0022inch\u0022}""}",2a9bc512-584c-4798-ae72-e15e25cdbd8a,130ea10b-0413-48ce-982b-874c42c17893,Fivespace Interloper,Fivespace Interloper,{},hecatomb_base-set_fivespace-interloper
6eceb33d-31f5-4a10-a49b-de6c78ee6567,item,0,,"{""obverse"": ""hecatomb_base-set_flying-polyp"", ""reverse"": ""hecatomb_card-back""}","{""name_printed"": ""Flying Polyp"", ""rarity"": ""Uncommon"", ""number"": ""39"", ""types"": ""[\u0022Minion\u0022]"", ""doom"": ""Deceit"", ""item_dimensions"": ""{\u0022height\u0022: \u00223.5\u0022, \u0022width\u0022: \u00222.5\u0022, \u0022unit\u0022: \u0022inch\u0022}""}",2a9bc512-584c-4798-ae72-e15e25cdbd8a,130ea10b-0413-48ce-982b-874c42c17893,Flying Polyp,Flying Polyp,{},hecatomb_base-set_flying-polyp
af220de8-111b-4987-9397-6de03e4af798,item,0,,"{""obverse"": ""hecatomb_base-set_food-poisoning"", ""reverse"": ""hecatomb_card-back""}","{""name_printed"": ""Food Poisoning"", ""rarity"": ""Common"", ""number"": ""40"", ""types"": ""[\u0022Fate\u0022]"", ""doom"": ""Deceit"", ""speed"": ""Combat"", ""item_dimensions"": ""{\u0022height\u0022: \u00223.5\u0022, \u0022width\u0022: \u00222.5\u0022, \u0022unit\u0022: \u0022inch\u0022}""}",2a9bc512-584c-4798-ae72-e15e25cdbd8a,130ea10b-0413-48ce-982b-874c42c17893,Food Poisoning,Food Poisoning,{},hecatomb_base-set_food-poisoning
564d6dd2-dc51-4b4a-be2f-4a795291a59d,item,0,,"{""obverse"": ""hecatomb_base-set_forbidden-word"", ""reverse"": ""hecatomb_card-back""}","{""name_printed"": ""Forbidden Word"", ""rarity"": ""Common"", ""number"": ""41"", ""types"": ""[\u0022Fate\u0022]"", ""doom"": ""Greed"", ""item_dimensions"": ""{\u0022height\u0022: \u00223.5\u0022, \u0022width\u0022: \u00222.5\u0022, \u0022unit\u0022: \u0022inch\u0022}""}",2a9bc512-584c-4798-ae72-e15e25cdbd8a,130ea10b-0413-48ce-982b-874c42c17893,Forbidden Word,Forbidden Word,{},hecatomb_base-set_forbidden-word
668e2989-b981-47a8-807e-c1bfd5a521c0,item,0,,"{""obverse"": ""hecatomb_base-set_forsaken-shell"", ""reverse"": ""hecatomb_card-back""}","{""name_printed"": ""Forsaken Shell"", ""rarity"": ""Common"", ""number"": ""42"", ""types"": ""[\u0022Minion\u0022]"", ""doom"": ""Greed"", ""item_dimensions"": ""{\u0022height\u0022: \u00223.5\u0022, \u0022width\u0022: \u00222.5\u0022, \u0022unit\u0022: \u0022inch\u0022}""}",2a9bc512-584c-4798-ae72-e15e25cdbd8a,130ea10b-0413-48ce-982b-874c42c17893,Forsaken Shell,Forsaken Shell,{},hecatomb_base-set_forsaken-shell
251b96de-26a0-4c36-b79e-782172c9a56b,item,0,,"{""obverse"": ""hecatomb_base-set_gatekeeper"", ""reverse"": ""hecatomb_card-back""}","{""name_printed"": ""Gatekeeper"", ""rarity"": ""Rare"", ""number"": ""43"", ""types"": ""[\u0022Minion\u0022]"", ""cost"": ""3"", ""doom"": ""Corruption"", ""strength"": ""2"", ""conditional_ability"": ""Reveal the top card of each enemy's deck. You may play any revealed fates for no cost."", ""conditional_ability_trigger_doom"": ""Destruction"", ""artist_names_printed"": ""[\u0022Kari Christensen\u0022]"", ""item_dimensions"": ""{\u0022height\u0022: \u00223.5\u0022, \u0022width\u0022: \u00222.5\u0022, \u0022unit\u0022: \u0022inch\u0022}""}",2a9bc512-584c-4798-ae72-e15e25cdbd8a,130ea10b-0413-48ce-982b-874c42c17893,Gatekeeper,Gatekeeper,{},hecatomb_base-set_gatekeeper
6b211747-4ee4-44d3-a918-41cc452ffb79,item,0,,"{""obverse"": ""hecatomb_base-set_ghoulish-reanimator"", ""reverse"": ""hecatomb_card-back""}","{""name_printed"": ""Ghoulish Reanimator"", ""rarity"": ""Uncommon"", ""number"": ""44"", ""types"": ""[\u0022Minion\u0022]"", ""doom"": ""Greed"", ""item_dimensions"": ""{\u0022height\u0022: \u00223.5\u0022, \u0022width\u0022: \u00222.5\u0022, \u0022unit\u0022: \u0022inch\u0022}""}",2a9bc512-584c-4798-ae72-e15e25cdbd8a,130ea10b-0413-48ce-982b-874c42c17893,Ghoulish Reanimator,Ghoulish Reanimator,{},hecatomb_base-set_ghoulish-reanimator
c9284494-c4d0-4aa4-b7d5-46664356ceb1,item,0,,"{""obverse"": ""hecatomb_base-set_gift-of-hades"", ""reverse"": ""hecatomb_card-back""}","{""name_printed"": ""Gift of Hades"", ""rarity"": ""Common"", ""number"": ""45"", ""types"": ""[\u0022Fate\u0022]"", ""doom"": ""Greed"", ""speed"": ""Combat"", ""item_dimensions"": ""{\u0022height\u0022: \u00223.5\u0022, \u0022width\u0022: \u00222.5\u0022, \u0022unit\u0022: \u0022inch\u0022}""}",2a9bc512-584c-4798-ae72-e15e25cdbd8a,130ea10b-0413-48ce-982b-874c42c17893,Gift of Hades,Gift of Hades,{},hecatomb_base-set_gift-of-hades
6fa80c93-afe8-4b9b-9a99-56f646a4951f,item,0,,"{""obverse"": ""hecatomb_base-set_glimpse-of-the-cosmos"", ""reverse"": ""hecatomb_card-back""}","{""name_printed"": ""Glimpse of the Cosmos"", ""rarity"": ""Common"", ""number"": ""46"", ""types"": ""[\u0022Fate\u0022]"", ""doom"": ""Corruption"", ""item_dimensions"": ""{\u0022height\u0022: \u00223.5\u0022, \u0022width\u0022: \u00222.5\u0022, \u0022unit\u0022: \u0022inch\u0022}""}",2a9bc512-584c-4798-ae72-e15e25cdbd8a,130ea10b-0413-48ce-982b-874c42c17893,Glimpse of the Cosmos,Glimpse of the Cosmos,{},hecatomb_base-set_glimpse-of-the-cosmos
6710207c-82aa-4269-b042-7ffd7f46cf19,item,0,,"{""obverse"": ""hecatomb_base-set_glotra-the-collector"", ""reverse"": ""hecatomb_card-back""}","{""name_printed"": ""Glotra the Collector"", ""rarity"": ""Rare"", ""number"": ""47"", ""types"": ""[\u0022Minion\u0022]"", ""doom"": ""Greed"", ""item_dimensions"": ""{\u0022height\u0022: \u00223.5\u0022, \u0022width\u0022: \u00222.5\u0022, \u0022unit\u0022: \u0022inch\u0022}""}",2a9bc512-584c-4798-ae72-e15e25cdbd8a,130ea10b-0413-48ce-982b-874c42c17893,Glotra the Collector,Glotra the Collector,{},hecatomb_base-set_glotra-the-collector
d3693a25-e330-4ce8-bb8b-2e6b39d74a65,item,0,,"{""obverse"": ""hecatomb_base-set_gluttonous-fleshbag"", ""reverse"": ""hecatomb_card-back""}","{""name_printed"": ""Gluttonous Fleshbag"", ""rarity"": ""Uncommon"", ""number"": ""48"", ""types"": ""[\u0022Minion\u0022]"", ""doom"": ""Greed"", ""item_dimensions"": ""{\u0022height\u0022: \u00223.5\u0022, \u0022width\u0022: \u00222.5\u0022, \u0022unit\u0022: \u0022inch\u0022}""}",2a9bc512-584c-4798-ae72-e15e25cdbd8a,130ea10b-0413-48ce-982b-874c42c17893,Gluttonous Fleshbag,Gluttonous Fleshbag,{},hecatomb_base-set_gluttonous-fleshbag
7b7a73f3-334f-4882-8dd6-97c8092e5386,photo,0,,"{""obverse"": ""hecatomb_base-set_great-cthulhu-highest-of-the-great-old-ones"", ""reverse"": ""hecatomb_card-back""}","{""name_printed"": ""GREAT CTHULHU Highest of the Great Old Ones"", ""rarity"": ""Rare"", ""number"": ""49"", ""types"": ""[\u0022God\u0022]"", ""cost"": ""8"", ""doom"": ""Corruption"", ""rule_text"": ""All enemies discard their hands. Wherever you're attacked, the aggressor sacrifices a minion."", ""item_dimensions"": ""{\u0022height\u0022: \u00223.5\u0022, \u0022width\u0022: \u00222.5\u0022, \u0022unit\u0022: \u0022inch\u0022}""}",2a9bc512-584c-4798-ae72-e15e25cdbd8a,130ea10b-0413-48ce-982b-874c42c17893,GREAT CTHULHU Highest of the Great Old Ones,GREAT CTHULHU Highest of the Great Old Ones,"{""source_notes"": ""Low quality image, needs verification""}",hecatomb_base-set_great-cthulhu-highest-of-the-great-old-ones
74533ddc-2651-4c22-8347-a11e55b05a03,item,0,,"{""obverse"": ""hecatomb_base-set_great-mother"", ""reverse"": ""hecatomb_card-back""}","{""name_printed"": ""Great Mother"", ""rarity"": ""Uncommon"", ""number"": ""50"", ""types"": ""[\u0022Minion\u0022]"", ""doom"": ""Destruction"", ""item_dimensions"": ""{\u0022height\u0022: \u00223.5\u0022, \u0022width\u0022: \u00222.5\u0022, \u0022unit\u0022: \u0022inch\u0022}""}",2a9bc512-584c-4798-ae72-e15e25cdbd8a,130ea10b-0413-48ce-982b-874c42c17893,Great Mother,Great Mother,{},hecatomb_base-set_great-mother
394f1692-f273-45ad-80c0-112b5b342473,item,0,,"{""obverse"": ""hecatomb_base-set_greater-cthugian"", ""reverse"": ""hecatomb_card-back""}","{""name_printed"": ""Greater Cthugian"", ""rarity"": ""Rare"", ""number"": ""51"", ""types"": ""[\u0022Minion\u0022]"", ""doom"": ""Corruption"", ""item_dimensions"": ""{\u0022height\u0022: \u00223.5\u0022, \u0022width\u0022: \u00222.5\u0022, \u0022unit\u0022: \u0022inch\u0022}""}",2a9bc512-584c-4798-ae72-e15e25cdbd8a,130ea10b-0413-48ce-982b-874c42c17893,Greater Cthugian,Greater Cthugian,{},hecatomb_base-set_greater-cthugian
6c44feac-5799-4aff-93a6-d85a4dc5b9c9,item,0,,"{""obverse"": ""hecatomb_base-set_greater-wolfling"", ""reverse"": ""hecatomb_card-back""}","{""name_printed"": ""Greater Wolfling"", ""rarity"": ""Common"", ""number"": ""52"", ""types"": ""[\u0022Minion\u0022]"", ""doom"": ""Destruction"", ""item_dimensions"": ""{\u0022height\u0022: \u00223.5\u0022, \u0022width\u0022: \u00222.5\u0022, \u0022unit\u0022: \u0022inch\u0022}""}",2a9bc512-584c-4798-ae72-e15e25cdbd8a,130ea10b-0413-48ce-982b-874c42c17893,Greater Wolfling,Greater Wolfling,{},hecatomb_base-set_greater-wolfling
7baa2eed-2366-4941-8228-b786bbbef8d3,item,0,,"{""obverse"": ""hecatomb_base-set_gurog"", ""reverse"": ""hecatomb_card-back""}","{""name_printed"": ""Gurog"", ""rarity"": ""Rare"", ""number"": ""53"", ""types"": ""[\u0022Minion\u0022]"", ""doom"": ""Destruction"", ""item_dimensions"": ""{\u0022height\u0022: \u00223.5\u0022, \u0022width\u0022: \u00222.5\u0022, \u0022unit\u0022: \u0022inch\u0022}""}",2a9bc512-584c-4798-ae72-e15e25cdbd8a,130ea10b-0413-48ce-982b-874c42c17893,Gurog,Gurog,{},hecatomb_base-set_gurog
c895a4ff-5aa6-43eb-84cf-4494bf9b326c,photo,0,,"{""obverse"": ""hecatomb_base-set_hades-lord-of-the-underworld"", ""reverse"": ""hecatomb_card-back""}","{""name_printed"": ""HADES Lord of the Underworld"", ""rarity"": ""Rare"", ""number"": ""54"", ""types"": ""[\u0022God\u0022]"", ""cost"": ""8"", ""doom"": ""Greed"", ""rule_text"": ""Remove all minion cards in your graveyard and put them under this. Whenever you play a minion, stitch a card from this onto that minion."", ""item_dimensions"": ""{\u0022height\u0022: \u00223.5\u0022, \u0022width\u0022: \u00222.5\u0022, \u0022unit\u0022: \u0022inch\u0022}""}",2a9bc512-584c-4798-ae72-e15e25cdbd8a,130ea10b-0413-48ce-982b-874c42c17893,HADES Lord of the Underworld,HADES Lord of the Underworld,"{""source_notes"": ""Low quality image, needs verification""}",hecatomb_base-set_hades-lord-of-the-underworld
39c1a0ef-2daf-4718-b95f-5da7e3b244a7,item,0,,"{""obverse"": ""hecatomb_base-set_hadribor"", ""reverse"": ""hecatomb_card-back""}","{""name_printed"": ""Hadribor"", ""rarity"": ""Common"", ""number"": ""55"", ""types"": ""[\u0022Minion\u0022]"", ""doom"": ""Corruption"", ""item_dimensions"": ""{\u0022height\u0022: \u00223.5\u0022, \u0022width\u0022: \u00222.5\u0022, \u0022unit\u0022: \u0022inch\u0022}""}",2a9bc512-584c-4798-ae72-e15e25cdbd8a,130ea10b-0413-48ce-982b-874c42c17893,Hadribor,Hadribor,{},hecatomb_base-set_hadribor
d71d4354-8e08-4a54-8986-e259cc7f80c5,item,0,,"{""obverse"": ""hecatomb_base-set_halve"", ""reverse"": ""hecatomb_card-back""}","{""name_printed"": ""Halve"", ""rarity"": ""Common"", ""number"": ""56"", ""types"": ""[\u0022Fate\u0022]"", ""doom"": ""Deceit"", ""speed"": ""Combat"", ""item_dimensions"": ""{\u0022height\u0022: \u00223.5\u0022, \u0022width\u0022: \u00222.5\u0022, \u0022unit\u0022: \u0022inch\u0022}""}",2a9bc512-584c-4798-ae72-e15e25cdbd8a,130ea10b-0413-48ce-982b-874c42c17893,Halve,Halve,{},hecatomb_base-set_halve
1d29623a-be8a-4914-a9fc-f4d125409b0f,item,0,,"{""obverse"": ""hecatomb_base-set_hatcheteer"", ""reverse"": ""hecatomb_card-back""}","{""name_printed"": ""Hatcheteer"", ""rarity"": ""Common"", ""number"": ""57"", ""types"": ""[\u0022Minion\u0022]"", ""doom"": ""Destruction"", ""item_dimensions"": ""{\u0022height\u0022: \u00223.5\u0022, \u0022width\u0022: \u00222.5\u0022, \u0022unit\u0022: \u0022inch\u0022}""}",2a9bc512-584c-4798-ae72-e15e25cdbd8a,130ea10b-0413-48ce-982b-874c42c17893,Hatcheteer,Hatcheteer,{},hecatomb_base-set_hatcheteer
7df68191-49b8-40fc-aa3e-91b19c187fc5,item,0,,"{""obverse"": ""hecatomb_base-set_hellevator"", ""reverse"": ""hecatomb_card-back""}","{""name_printed"": ""Hellevator"", ""rarity"": ""Uncommon"", ""number"": ""58"", ""types"": ""[\u0022Minion\u0022]"", ""doom"": ""Deceit"", ""item_dimensions"": ""{\u0022height\u0022: \u00223.5\u0022, \u0022width\u0022: \u00222.5\u0022, \u0022unit\u0022: \u0022inch\u0022}""}",2a9bc512-584c-4798-ae72-e15e25cdbd8a,130ea10b-0413-48ce-982b-874c42c17893,Hellevator,Hellevator,{},hecatomb_base-set_hellevator
1d7a8cd7-faa6-46c6-b298-7446458ff328,item,0,,"{""obverse"": ""hecatomb_base-set_helminth"", ""reverse"": ""hecatomb_card-back""}","{""name_printed"": ""Helminth"", ""rarity"": ""Uncommon"", ""number"": ""59"", ""types"": ""[\u0022Minion\u0022]"", ""doom"": ""Greed"", ""item_dimensions"": ""{\u0022height\u0022: \u00223.5\u0022, \u0022width\u0022: \u00222.5\u0022, \u0022unit\u0022: \u0022inch\u0022}""}",2a9bc512-584c-4798-ae72-e15e25cdbd8a,130ea10b-0413-48ce-982b-874c42c17893,Helminth,Helminth,{},hecatomb_base-set_helminth
8ed00e21-aac2-49b4-9bf0-8f160163f9ad,item,0,,"{""obverse"": ""hecatomb_base-set_hiana"", ""reverse"": ""hecatomb_card-back""}","{""name_printed"": ""Hiana"", ""rarity"": ""Rare"", ""number"": ""60"", ""types"": ""[\u0022Minion\u0022]"", ""doom"": ""Deceit"", ""item_dimensions"": ""{\u0022height\u0022: \u00223.5\u0022, \u0022width\u0022: \u00222.5\u0022, \u0022unit\u0022: \u0022inch\u0022}""}",2a9bc512-584c-4798-ae72-e15e25cdbd8a,130ea10b-0413-48ce-982b-874c42c17893,Hiana,Hiana,{},hecatomb_base-set_hiana
319bdfaf-fd76-4c16-9671-f98993402083,item,0,,"{""obverse"": ""hecatomb_base-set_hidden-power"", ""reverse"": ""hecatomb_card-back""}","{""name_printed"": ""Hidden Power"", ""rarity"": ""Common"", ""number"": ""61"", ""types"": ""[\u0022Fate\u0022]"", ""doom"": ""Deceit"", ""speed"": ""Combat"", ""item_dimensions"": ""{\u0022height\u0022: \u00223.5\u0022, \u0022width\u0022: \u00222.5\u0022, \u0022unit\u0022: \u0022inch\u0022}""}",2a9bc512-584c-4798-ae72-e15e25cdbd8a,130ea10b-0413-48ce-982b-874c42c17893,Hidden Power,Hidden Power,{},hecatomb_base-set_hidden-power
8cd41d3c-3d25-4295-940e-bd4a1a320a9e,item,0,,"{""obverse"": ""hecatomb_base-set_horseman-of-conquest"", ""reverse"": ""hecatomb_card-back""}","{""name_printed"": ""Horseman of Conquest"", ""rarity"": ""Rare"", ""number"": ""62"", ""types"": ""[\u0022Minion\u0022]"", ""doom"": ""Deceit"", ""item_dimensions"": ""{\u0022height\u0022: \u00223.5\u0022, \u0022width\u0022: \u00222.5\u0022, \u0022unit\u0022: \u0022inch\u0022}""}",2a9bc512-584c-4798-ae72-e15e25cdbd8a,130ea10b-0413-48ce-982b-874c42c17893,Horseman of Conquest,Horseman of Conquest,{},hecatomb_base-set_horseman-of-conquest
15c651d8-ff1c-46ab-85f5-a695a044d07f,item,0,,"{""obverse"": ""hecatomb_base-set_hound-of-leng"", ""reverse"": ""hecatomb_card-back""}","{""name_printed"": ""Hound of Leng"", ""rarity"": ""Uncommon"", ""number"": ""63"", ""types"": ""[\u0022Minion\u0022]"", ""doom"": ""Corruption"", ""item_dimensions"": ""{\u0022height\u0022: \u00223.5\u0022, \u0022width\u0022: \u00222.5\u0022, \u0022unit\u0022: \u0022inch\u0022}""}",2a9bc512-584c-4798-ae72-e15e25cdbd8a,130ea10b-0413-48ce-982b-874c42c17893,Hound of Leng,Hound of Leng,{},hecatomb_base-set_hound-of-leng
54d8944e-2cae-4ea0-97e6-0fe9737f07cf,item,0,,"{""obverse"": ""hecatomb_base-set_hungry-chupacabra"", ""reverse"": ""hecatomb_card-back""}","{""name_printed"": ""Hungry Chupacabra"", ""rarity"": ""Uncommon"", ""number"": ""64"", ""types"": ""[\u0022Minion\u0022]"", ""doom"": ""Greed"", ""item_dimensions"": ""{\u0022height\u0022: \u00223.5\u0022, \u0022width\u0022: \u00222.5\u0022, \u0022unit\u0022: \u0022inch\u0022}""}",2a9bc512-584c-4798-ae72-e15e25cdbd8a,130ea10b-0413-48ce-982b-874c42c17893,Hungry Chupacabra,Hungry Chupacabra,{},hecatomb_base-set_hungry-chupacabra
8ec24802-09fc-4bc2-904b-367f0f41eeb2,item,0,,"{""obverse"": ""hecatomb_base-set_hush"", ""reverse"": ""hecatomb_card-back""}","{""name_printed"": ""Hush"", ""rarity"": ""Common"", ""number"": ""65"", ""types"": ""[\u0022Fate\u0022]"", ""doom"": ""Greed"", ""item_dimensions"": ""{\u0022height\u0022: \u00223.5\u0022, \u0022width\u0022: \u00222.5\u0022, \u0022unit\u0022: \u0022inch\u0022}""}",2a9bc512-584c-4798-ae72-e15e25cdbd8a,130ea10b-0413-48ce-982b-874c42c17893,Hush,Hush,{},hecatomb_base-set_hush
d6f6d13a-3b43-4aa2-b63c-6993447e7ee2,item,0,,"{""obverse"": ""hecatomb_base-set_hypersonic-fiend"", ""reverse"": ""hecatomb_card-back""}","{""name_printed"": ""Hypersonic Fiend"", ""rarity"": ""Common"", ""number"": ""66"", ""types"": ""[\u0022Minion\u0022]"", ""doom"": ""Deceit"", ""item_dimensions"": ""{\u0022height\u0022: \u00223.5\u0022, \u0022width\u0022: \u00222.5\u0022, \u0022unit\u0022: \u0022inch\u0022}""}",2a9bc512-584c-4798-ae72-e15e25cdbd8a,130ea10b-0413-48ce-982b-874c42c17893,Hypersonic Fiend,Hypersonic Fiend,{},hecatomb_base-set_hypersonic-fiend
03aafb64-9ff9-4cce-a8b7-efe056163299,item,0,,"{""obverse"": ""hecatomb_base-set_impale"", ""reverse"": ""hecatomb_card-back""}","{""name_printed"": ""Impale"", ""rarity"": ""Uncommon"", ""number"": ""67"", ""types"": ""[\u0022Fate\u0022]"", ""doom"": ""Deceit"", ""speed"": ""Combat"", ""item_dimensions"": ""{\u0022height\u0022: \u00223.5\u0022, \u0022width\u0022: \u00222.5\u0022, \u0022unit\u0022: \u0022inch\u0022}""}",2a9bc512-584c-4798-ae72-e15e25cdbd8a,130ea10b-0413-48ce-982b-874c42c17893,Impale,Impale,{},hecatomb_base-set_impale
ae968ccf-67d5-443e-bb5a-0026595c996e,item,0,,"{""obverse"": ""hecatomb_base-set_it-was-only-a-dream"", ""reverse"": ""hecatomb_card-back""}","{""name_printed"": ""It Was Only a Dream"", ""rarity"": ""Common"", ""number"": ""68"", ""types"": ""[\u0022Fate\u0022]"", ""doom"": ""Deceit"", ""item_dimensions"": ""{\u0022height\u0022: \u00223.5\u0022, \u0022width\u0022: \u00222.5\u0022, \u0022unit\u0022: \u0022inch\u0022}""}",2a9bc512-584c-4798-ae72-e15e25cdbd8a,130ea10b-0413-48ce-982b-874c42c17893,It Was Only a Dream,It Was Only a Dream,{},hecatomb_base-set_it-was-only-a-dream
7c8fd2be-0d71-4db2-918c-71cd8da7b46b,item,0,,"{""obverse"": ""hecatomb_base-set_ixecudor-of-ymog"", ""reverse"": ""hecatomb_card-back""}","{""name_printed"": ""Ixecudor of Ymog"", ""rarity"": ""Rare"", ""number"": ""69"", ""types"": ""[\u0022Minion\u0022]"", ""doom"": ""Deceit"", ""item_dimensions"": ""{\u0022height\u0022: \u00223.5\u0022, \u0022width\u0022: \u00222.5\u0022, \u0022unit\u0022: \u0022inch\u0022}""}",2a9bc512-584c-4798-ae72-e15e25cdbd8a,130ea10b-0413-48ce-982b-874c42c17893,Ixecudor of Ymog,Ixecudor of Ymog,{},hecatomb_base-set_ixecudor-of-ymog
f8ff8b73-6500-4f2d-8209-f6cc2c9b2ce8,photo,0,,"{""obverse"": ""hecatomb_base-set_king-voltagar"", ""reverse"": ""hecatomb_card-back""}","{""name_printed"": ""King Voltagar"", ""rarity"": ""Rare"", ""number"": ""71"", ""types"": ""[\u0022Minion\u0022]"", ""cost"": ""9"", ""doom"": ""Greed"", ""subtype"": ""Dragon"", ""strength"": ""7"", ""conditional_ability"": ""You may play a fate for no cost."", ""rule_text"": ""Whenever you play a minion, draw 1."", ""artist_names_printed"": ""[\u0022Christopher Shy\u0022]"", ""item_dimensions"": ""{\u0022height\u0022: \u00223.5\u0022, \u0022width\u0022: \u00222.5\u0022, \u0022unit\u0022: \u0022inch\u0022}""}",2a9bc512-584c-4798-ae72-e15e25cdbd8a,130ea10b-0413-48ce-982b-874c42c17893,King Voltagar,King Voltagar,"{""source_notes"": ""Low quality image, needs verification""}",hecatomb_base-set_king-voltagar
10ad7be2-07ae-4a85-bbbc-fc103dbb8374,item,0,,"{""obverse"": ""hecatomb_base-set_krocothrope"", ""reverse"": ""hecatomb_card-back""}","{""name_printed"": ""Krocothrope"", ""rarity"": ""Uncommon"", ""number"": ""72"", ""types"": ""[\u0022Minion\u0022]"", ""doom"": ""Deceit"", ""item_dimensions"": ""{\u0022height\u0022: \u00223.5\u0022, \u0022width\u0022: \u00222.5\u0022, \u0022unit\u0022: \u0022inch\u0022}""}",2a9bc512-584c-4798-ae72-e15e25cdbd8a,130ea10b-0413-48ce-982b-874c42c17893,Krocothrope,Krocothrope,{},hecatomb_base-set_krocothrope
c1ce52a0-d2c3-4eec-8728-7584ae8f7133,item,0,,"{""obverse"": ""hecatomb_base-set_life-extraction"", ""reverse"": ""hecatomb_card-back""}","{""name_printed"": ""Life Extraction"", ""rarity"": ""Common"", ""number"": ""73"", ""types"": ""[\u0022Fate\u0022]"", ""doom"": ""Greed"", ""item_dimensions"": ""{\u0022height\u0022: \u00223.5\u0022, \u0022width\u0022: \u00222.5\u0022, \u0022unit\u0022: \u0022inch\u0022}""}",2a9bc512-584c-4798-ae72-e15e25cdbd8a,130ea10b-0413-48ce-982b-874c42c17893,Life Extraction,Life Extraction,{},hecatomb_base-set_life-extraction
93f05f1c-9f48-490d-98d7-411b79544b92,photo,0,,"{""obverse"": ""hecatomb_base-set_limos"", ""reverse"": ""hecatomb_card-back""}","{""name_printed"": ""Limos"", ""rarity"": ""Rare"", ""number"": ""74"", ""types"": ""[\u0022Minion\u0022]"", ""cost"": ""8"", ""doom"": ""Destruction"", ""subtype"": ""Demon"", ""strength"": ""9"", ""conditional_ability"": ""Each player discards their hand, then draws 1 for each of their abominations."", ""conditional_ability_trigger_doom"": ""Deceit"", ""artist_names_printed"": ""[\u0022Daarken\u0022]"", ""item_dimensions"": ""{\u0022height\u0022: \u00223.5\u0022, \u0022width\u0022: \u00222.5\u0022, \u0022unit\u0022: \u0022inch\u0022}""}",2a9bc512-584c-4798-ae72-e15e25cdbd8a,130ea10b-0413-48ce-982b-874c42c17893,Limos,Limos,{},hecatomb_base-set_limos
d207df8b-9749-4bfa-8ff7-d023832295d9,photo,0,,"{""obverse"": ""hecatomb_base-set_loki-prince-of-treachery"", ""reverse"": ""hecatomb_card-back""}","{""name_printed"": ""LOKI Prince of Treachery"", ""rarity"": ""Rare"", ""number"": ""75"", ""types"": ""[\u0022God\u0022]"", ""cost"": ""8"", ""doom"": ""Deceit"", ""rule_text"": ""Reap a number of souls from target abomination's controller equal to its size. You may play minions as combat fates and at end of any player's turn."", ""item_dimensions"": ""{\u0022height\u0022: \u00223.5\u0022, \u0022width\u0022: \u00222.5\u0022, \u0022unit\u0022: \u0022inch\u0022}""}",2a9bc512-584c-4798-ae72-e15e25cdbd8a,130ea10b-0413-48ce-982b-874c42c17893,LOKI Prince of Treachery,LOKI Prince of Treachery,"{""source_notes"": ""Low quality image, needs verification""}",hecatomb_base-set_loki-prince-of-treachery
d05a0bb9-dc09-4a4f-b6c1-17e916aaa3e0,item,0,,"{""obverse"": ""hecatomb_base-set_lord-of-sacrifices"", ""reverse"": ""hecatomb_card-back""}","{""name_printed"": ""Lord of Sacrifices"", ""rarity"": ""Uncommon"", ""number"": ""76"", ""types"": ""[\u0022Minion\u0022]"", ""doom"": ""Corruption"", ""item_dimensions"": ""{\u0022height\u0022: \u00223.5\u0022, \u0022width\u0022: \u00222.5\u0022, \u0022unit\u0022: \u0022inch\u0022}""}",2a9bc512-584c-4798-ae72-e15e25cdbd8a,130ea10b-0413-48ce-982b-874c42c17893,Lord of Sacrifices,Lord of Sacrifices,{},hecatomb_base-set_lord-of-sacrifices
d3ae5d71-8961-486c-aea9-11c720310eea,item,0,,"{""obverse"": ""hecatomb_base-set_maniacal-silverback"", ""reverse"": ""hecatomb_card-back""}","{""name_printed"": ""Maniacal Silverback"", ""rarity"": ""Uncommon"", ""number"": ""77"", ""types"": ""[\u0022Minion\u0022]"", ""doom"": ""Destruction"", ""item_dimensions"": ""{\u0022height\u0022: \u00223.5\u0022, \u0022width\u0022: \u00222.5\u0022, \u0022unit\u0022: \u0022inch\u0022}""}",2a9bc512-584c-4798-ae72-e15e25cdbd8a,130ea10b-0413-48ce-982b-874c42c17893,Maniacal Silverback,Maniacal Silverback,{},hecatomb_base-set_maniacal-silverback
27050208-d45e-4d6a-99ce-b69ad76fc7f2,photo,0,,"{""obverse"": ""hecatomb_base-set_mawblade"", ""reverse"": ""hecatomb_card-back""}","{""name_printed"": ""Mawblade"", ""rarity"": ""Rare"", ""number"": ""78"", ""types"": ""[\u0022Minion\u0022]"", ""cost"": ""8"", ""doom"": ""Greed"", ""subtype"": ""Animate"", ""strength"": ""6"", ""conditional_ability"": ""Exile target minion."", ""conditional_ability_trigger_doom"": ""Deceit"", ""flavor_text"": ""Man Murdered with Missing Mower - Danvers Herald headline, Massachusetts"", ""artist_names_printed"": ""[\u0022Christopher Shy\u0022]"", ""item_dimensions"": ""{\u0022height\u0022: \u00223.5\u0022, \u0022width\u0022: \u00222.5\u0022, \u0022unit\u0022: \u0022inch\u0022}""}",2a9bc512-584c-4798-ae72-e15e25cdbd8a,130ea10b-0413-48ce-982b-874c42c17893,Mawblade,Mawblade,{},hecatomb_base-set_mawblade
82dbee42-181c-4aa4-aca5-922e6f751377,item,0,,"{""obverse"": ""hecatomb_base-set_mecatl"", ""reverse"": ""hecatomb_card-back""}","{""name_printed"": ""Mecatl"", ""rarity"": ""Common"", ""number"": ""79"", ""types"": ""[\u0022Minion\u0022]"", ""doom"": ""Corruption"", ""item_dimensions"": ""{\u0022height\u0022: \u00223.5\u0022, \u0022width\u0022: \u00222.5\u0022, \u0022unit\u0022: \u0022inch\u0022}""}",2a9bc512-584c-4798-ae72-e15e25cdbd8a,130ea10b-0413-48ce-982b-874c42c17893,Mecatl,Mecatl,{},hecatomb_base-set_mecatl
cbbe18d4-3d37-4abc-a41a-3ac8d80400de,item,0,,"{""obverse"": ""hecatomb_base-set_meddling-kids"", ""reverse"": ""hecatomb_card-back""}","{""name_printed"": ""Meddling Kids"", ""rarity"": ""Uncommon"", ""number"": ""80"", ""types"": ""[\u0022Fate\u0022]"", ""doom"": ""Greed"", ""item_dimensions"": ""{\u0022height\u0022: \u00223.5\u0022, \u0022width\u0022: \u00222.5\u0022, \u0022unit\u0022: \u0022inch\u0022}""}",2a9bc512-584c-4798-ae72-e15e25cdbd8a,130ea10b-0413-48ce-982b-874c42c17893,Meddling Kids,Meddling Kids,{},hecatomb_base-set_meddling-kids
36155486-a4c0-46f8-b7fb-2e1f15ad2e59,item,0,,"{""obverse"": ""hecatomb_base-set_midnight-snack"", ""reverse"": ""hecatomb_card-back""}","{""name_printed"": ""Midnight Snack"", ""rarity"": ""Common"", ""number"": ""81"", ""types"": ""[\u0022Fate\u0022]"", ""doom"": ""Corruption"", ""item_dimensions"": ""{\u0022height\u0022: \u00223.5\u0022, \u0022width\u0022: \u00222.5\u0022, \u0022unit\u0022: \u0022inch\u0022}""}",2a9bc512-584c-4798-ae72-e15e25cdbd8a,130ea10b-0413-48ce-982b-874c42c17893,Midnight Snack,Midnight Snack,{},hecatomb_base-set_midnight-snack
618aed0f-ccc1-4065-bad2-62693370f26c,item,0,,"{""obverse"": ""hecatomb_base-set_mindless-servant"", ""reverse"": ""hecatomb_card-back""}","{""name_printed"": ""Mindless Servant"", ""rarity"": ""Common"", ""number"": ""82"", ""types"": ""[\u0022Minion\u0022]"", ""doom"": ""Greed"", ""item_dimensions"": ""{\u0022height\u0022: \u00223.5\u0022, \u0022width\u0022: \u00222.5\u0022, \u0022unit\u0022: \u0022inch\u0022}""}",2a9bc512-584c-4798-ae72-e15e25cdbd8a,130ea10b-0413-48ce-982b-874c42c17893,Mindless Servant,Mindless Servant,{},hecatomb_base-set_mindless-servant
e0f7a0c6-4eff-4d38-af69-457cfdbd798d,item,0,,"{""obverse"": ""hecatomb_base-set_mister-bananas"", ""reverse"": ""hecatomb_card-back""}","{""name_printed"": ""Mister Bananas"", ""rarity"": ""Uncommon"", ""number"": ""83"", ""types"": ""[\u0022Minion\u0022]"", ""doom"": ""Greed"", ""item_dimensions"": ""{\u0022height\u0022: \u00223.5\u0022, \u0022width\u0022: \u00222.5\u0022, \u0022unit\u0022: \u0022inch\u0022}""}",2a9bc512-584c-4798-ae72-e15e25cdbd8a,130ea10b-0413-48ce-982b-874c42c17893,Mister Bananas,Mister Bananas,{},hecatomb_base-set_mister-bananas
4a059b45-33b9-49c4-8fee-878691193666,item,0,,"{""obverse"": ""hecatomb_base-set_moloch-eater-of-children"", ""reverse"": ""hecatomb_card-back""}","{""name_printed"": ""MOLOCH Eater of Children"", ""rarity"": ""Rare"", ""number"": ""84"", ""types"": ""[\u0022God\u0022]"", ""cost"": ""9"", ""doom"": ""Greed"", ""rule_text"": ""Put a minion card from your mana zone into play. You may play minion cards from your mana zone. (Their summon effects don't happen.)"", ""artist_names_printed"": ""[\u0022John Van Fleet\u0022]"", ""item_dimensions"": ""{\u0022height\u0022: \u00223.5\u0022, \u0022width\u0022: \u00222.5\u0022, \u0022unit\u0022: \u0022inch\u0022}""}",2a9bc512-584c-4798-ae72-e15e25cdbd8a,130ea10b-0413-48ce-982b-874c42c17893,MOLOCH Eater of Children,MOLOCH Eater of Children,{},hecatomb_base-set_moloch-eater-of-children
8d9f42e1-85ae-4bb4-9b2e-e318cc491737,item,0,,"{""obverse"": ""hecatomb_base-set_murder-of-crows"", ""reverse"": ""hecatomb_card-back""}","{""name_printed"": ""Murder of Crows"", ""rarity"": ""Uncommon"", ""number"": ""85"", ""types"": ""[\u0022Minion\u0022]"", ""doom"": ""Greed"", ""item_dimensions"": ""{\u0022height\u0022: \u00223.5\u0022, \u0022width\u0022: \u00222.5\u0022, \u0022unit\u0022: \u0022inch\u0022}""}",2a9bc512-584c-4798-ae72-e15e25cdbd8a,130ea10b-0413-48ce-982b-874c42c17893,Murder of Crows,Murder of Crows,{},hecatomb_base-set_murder-of-crows
b7c561cf-7d0b-4f7f-b125-9b6a930b733c,item,0,,"{""obverse"": ""hecatomb_base-set_nahual"", ""reverse"": ""hecatomb_card-back""}","{""name_printed"": ""Nahual"", ""rarity"": ""Uncommon"", ""number"": ""86"", ""types"": ""[\u0022Minion\u0022]"", ""doom"": ""Corruption"", ""item_dimensions"": ""{\u0022height\u0022: \u00223.5\u0022, \u0022width\u0022: \u00222.5\u0022, \u0022unit\u0022: \u0022inch\u0022}""}",2a9bc512-584c-4798-ae72-e15e25cdbd8a,130ea10b-0413-48ce-982b-874c42c17893,Nahual,Nahual,{},hecatomb_base-set_nahual
3faf54a3-aca6-4449-adf7-8e690270f97b,item,0,,"{""obverse"": ""hecatomb_base-set_nebrios"", ""reverse"": ""hecatomb_card-back""}","{""name_printed"": ""Nebrios"", ""rarity"": ""Uncommon"", ""number"": ""87"", ""types"": ""[\u0022Minion\u0022]"", ""doom"": ""Destruction"", ""item_dimensions"": ""{\u0022height\u0022: \u00223.5\u0022, \u0022width\u0022: \u00222.5\u0022, \u0022unit\u0022: \u0022inch\u0022}""}",2a9bc512-584c-4798-ae72-e15e25cdbd8a,130ea10b-0413-48ce-982b-874c42c17893,Nebrios,Nebrios,{},hecatomb_base-set_nebrios
b7b43211-8a44-45f6-a44e-795987c2a1b4,item,0,,"{""obverse"": ""hecatomb_base-set_needle-shaman"", ""reverse"": ""hecatomb_card-back""}","{""name_printed"": ""Needle Shaman"", ""rarity"": ""Uncommon"", ""number"": ""88"", ""types"": ""[\u0022Minion\u0022]"", ""doom"": ""Greed"", ""item_dimensions"": ""{\u0022height\u0022: \u00223.5\u0022, \u0022width\u0022: \u00222.5\u0022, \u0022unit\u0022: \u0022inch\u0022}""}",2a9bc512-584c-4798-ae72-e15e25cdbd8a,130ea10b-0413-48ce-982b-874c42c17893,Needle Shaman,Needle Shaman,{},hecatomb_base-set_needle-shaman
7fb49509-0b2d-4a31-8399-a55c7ffa8b4e,item,0,,"{""obverse"": ""hecatomb_base-set_nephilim"", ""reverse"": ""hecatomb_card-back""}","{""name_printed"": ""Nephilim"", ""rarity"": ""Common"", ""number"": ""89"", ""types"": ""[\u0022Minion\u0022]"", ""doom"": ""Destruction"", ""item_dimensions"": ""{\u0022height\u0022: \u00223.5\u0022, \u0022width\u0022: \u00222.5\u0022, \u0022unit\u0022: \u0022inch\u0022}""}",2a9bc512-584c-4798-ae72-e15e25cdbd8a,130ea10b-0413-48ce-982b-874c42c17893,Nephilim,Nephilim,{},hecatomb_base-set_nephilim
5e1de35d-dcb6-473c-a1e1-64e1a893a128,item,0,,"{""obverse"": ""hecatomb_base-set_night-child"", ""reverse"": ""hecatomb_card-back""}","{""name_printed"": ""Night Child"", ""rarity"": ""Common"", ""number"": ""90"", ""types"": ""[\u0022Minion\u0022]"", ""doom"": ""Deceit"", ""item_dimensions"": ""{\u0022height\u0022: \u00223.5\u0022, \u0022width\u0022: \u00222.5\u0022, \u0022unit\u0022: \u0022inch\u0022}""}",2a9bc512-584c-4798-ae72-e15e25cdbd8a,130ea10b-0413-48ce-982b-874c42c17893,Night Child,Night Child,{},hecatomb_base-set_night-child
d3978972-fa57-4e90-8521-33730f912907,photo,0,,"{""obverse"": ""hecatomb_base-set_nyarlathotep-thing-outside-time-and-space"", ""reverse"": ""hecatomb_card-back""}","{""name_printed"": ""NYARLATHOTEP Thing Outside Time and Space"", ""rarity"": ""Rare"", ""number"": ""91"", ""types"": ""[\u0022God\u0022]"", ""cost"": ""7"", ""doom"": ""Deceit"", ""rule_text"": ""Exile one target minion from each enemy. Once during each of your turns, you may stitch up to 5 of your minions together."", ""artist_names_printed"": ""[\u0022Igor-Alban Chevalier\u0022]"", ""item_dimensions"": ""{\u0022height\u0022: \u00223.5\u0022, \u0022width\u0022: \u00222.5\u0022, \u0022unit\u0022: \u0022inch\u0022}""}",2a9bc512-584c-4798-ae72-e15e25cdbd8a,130ea10b-0413-48ce-982b-874c42c17893,NYARLATHOTEP Thing Outside Time and Space,NYARLATHOTEP Thing Outside Time and Space,{},hecatomb_base-set_nyarlathotep-thing-outside-time-and-space
752432ea-b54c-4774-b182-1ebde6b4476d,item,0,,"{""obverse"": ""hecatomb_base-set_nybrian-elephant"", ""reverse"": ""hecatomb_card-back""}","{""name_printed"": ""Nybrian Elephant"", ""rarity"": ""Common"", ""number"": ""92"", ""types"": ""[\u0022Minion\u0022]"", ""doom"": ""Destruction"", ""item_dimensions"": ""{\u0022height\u0022: \u00223.5\u0022, \u0022width\u0022: \u00222.5\u0022, \u0022unit\u0022: \u0022inch\u0022}""}",2a9bc512-584c-4798-ae72-e15e25cdbd8a,130ea10b-0413-48ce-982b-874c42c17893,Nybrian Elephant,Nybrian Elephant,{},hecatomb_base-set_nybrian-elephant
9491ac60-7f2b-4df9-bd98-c3031cf4f613,item,0,,"{""obverse"": ""hecatomb_base-set_one-hundred-lashes"", ""reverse"": ""hecatomb_card-back""}","{""name_printed"": ""One Hundred Lashes"", ""rarity"": ""Common"", ""number"": ""93"", ""types"": ""[\u0022Fate\u0022]"", ""doom"": ""Destruction"", ""item_dimensions"": ""{\u0022height\u0022: \u00223.5\u0022, \u0022width\u0022: \u00222.5\u0022, \u0022unit\u0022: \u0022inch\u0022}""}",2a9bc512-584c-4798-ae72-e15e25cdbd8a,130ea10b-0413-48ce-982b-874c42c17893,One Hundred Lashes,One Hundred Lashes,{},hecatomb_base-set_one-hundred-lashes
bdccc34f-2bc1-4eef-85b1-2b7b7d371dcb,item,0,,"{""obverse"": ""hecatomb_base-set_open-the-tomb"", ""reverse"": ""hecatomb_card-back""}","{""name_printed"": ""Open the Tomb"", ""rarity"": ""Uncommon"", ""number"": ""94"", ""types"": ""[\u0022Fate\u0022]"", ""doom"": ""Destruction"", ""item_dimensions"": ""{\u0022height\u0022: \u00223.5\u0022, \u0022width\u0022: \u00222.5\u0022, \u0022unit\u0022: \u0022inch\u0022}""}",2a9bc512-584c-4798-ae72-e15e25cdbd8a,130ea10b-0413-48ce-982b-874c42c17893,Open the Tomb,Open the Tomb,{},hecatomb_base-set_open-the-tomb
d72756b6-9046-4240-9c98-bfca19a4403b,item,0,,"{""obverse"": ""hecatomb_base-set_orthon"", ""reverse"": ""hecatomb_card-back""}","{""name_printed"": ""Orthon"", ""rarity"": ""Uncommon"", ""number"": ""95"", ""types"": ""[\u0022Minion\u0022]"", ""doom"": ""Corruption"", ""item_dimensions"": ""{\u0022height\u0022: \u00223.5\u0022, \u0022width\u0022: \u00222.5\u0022, \u0022unit\u0022: \u0022inch\u0022}""}",2a9bc512-584c-4798-ae72-e15e25cdbd8a,130ea10b-0413-48ce-982b-874c42c17893,Orthon,Orthon,{},hecatomb_base-set_orthon
0a759cc0-4af0-46c5-b013-1e2d3c4f28be,item,0,,"{""obverse"": ""hecatomb_base-set_price-of-insolence"", ""reverse"": ""hecatomb_card-back""}","{""name_printed"": ""Price of Insolence"", ""rarity"": ""Rare"", ""number"": ""96"", ""types"": ""[\u0022Fate\u0022]"", ""doom"": ""Destruction"", ""item_dimensions"": ""{\u0022height\u0022: \u00223.5\u0022, \u0022width\u0022: \u00222.5\u0022, \u0022unit\u0022: \u0022inch\u0022}""}",2a9bc512-584c-4798-ae72-e15e25cdbd8a,130ea10b-0413-48ce-982b-874c42c17893,Price of Insolence,Price of Insolence,{},hecatomb_base-set_price-of-insolence
1e91dfc7-eca2-4d84-b4e7-4837982510ed,item,0,,"{""obverse"": ""hecatomb_base-set_primeval-larva"", ""reverse"": ""hecatomb_card-back""}","{""name_printed"": ""Primeval Larva"", ""rarity"": ""Uncommon"", ""number"": ""97"", ""types"": ""[\u0022Minion\u0022]"", ""doom"": ""Destruction"", ""item_dimensions"": ""{\u0022height\u0022: \u00223.5\u0022, \u0022width\u0022: \u00222.5\u0022, \u0022unit\u0022: \u0022inch\u0022}""}",2a9bc512-584c-4798-ae72-e15e25cdbd8a,130ea10b-0413-48ce-982b-874c42c17893,Primeval Larva,Primeval Larva,{},hecatomb_base-set_primeval-larva
7b491310-5d0a-4bbe-8808-500bf49b9b46,photo,0,,"{""obverse"": ""hecatomb_base-set_princess-eternal"", ""reverse"": ""hecatomb_card-back""}","{""name_printed"": ""Princess Eternal"", ""rarity"": ""Rare"", ""number"": ""98"", ""types"": ""[\u0022Minion\u0022]"", ""cost"": ""5"", ""doom"": ""Greed"", ""speed"": ""Combat"", ""subtype"": ""Undead"", ""strength"": ""3"", ""conditional_ability"": ""Whenever this blocks, target player discards 1."", ""conditional_ability_trigger_doom"": ""Corrumption"", ""rule_text"": ""Guardian. Survivor +5."", ""artist_names_printed"": ""[\u0022John Van Fleet\u0022]"", ""item_dimensions"": ""{\u0022height\u0022: \u00223.5\u0022, \u0022width\u0022: \u00222.5\u0022, \u0022unit\u0022: \u0022inch\u0022}""}",2a9bc512-584c-4798-ae72-e15e25cdbd8a,130ea10b-0413-48ce-982b-874c42c17893,Princess Eternal,Princess Eternal,{},hecatomb_base-set_princess-eternal
a8296b03-0317-4379-9ecd-f73698b1ff56,item,0,,"{""obverse"": ""hecatomb_base-set_pthonos"", ""reverse"": ""hecatomb_card-back""}","{""name_printed"": ""Pthonos"", ""rarity"": ""Rare"", ""number"": ""99"", ""types"": ""[\u0022Minion\u0022]"", ""doom"": ""Greed"", ""item_dimensions"": ""{\u0022height\u0022: \u00223.5\u0022, \u0022width\u0022: \u00222.5\u0022, \u0022unit\u0022: \u0022inch\u0022}""}",2a9bc512-584c-4798-ae72-e15e25cdbd8a,130ea10b-0413-48ce-982b-874c42c17893,Pthonos,Pthonos,{},hecatomb_base-set_pthonos
1e0c39fc-8b06-4863-af7d-67a00a42da3c,item,0,,"{""obverse"": ""hecatomb_base-set_raging-goretusk"", ""reverse"": ""hecatomb_card-back""}","{""name_printed"": ""Raging Goretusk"", ""rarity"": ""Rare"", ""number"": ""100"", ""types"": ""[\u0022Minion\u0022]"", ""doom"": ""Destruction"", ""item_dimensions"": ""{\u0022height\u0022: \u00223.5\u0022, \u0022width\u0022: \u00222.5\u0022, \u0022unit\u0022: \u0022inch\u0022}""}",2a9bc512-584c-4798-ae72-e15e25cdbd8a,130ea10b-0413-48ce-982b-874c42c17893,Raging Goretusk,Raging Goretusk,{},hecatomb_base-set_raging-goretusk
d985f2b0-8096-41ca-ac7a-bb65e28e6a3f,item,0,,"{""obverse"": ""hecatomb_base-set_ravenmancer"", ""reverse"": ""hecatomb_card-back""}","{""name_printed"": ""Ravenmancer"", ""rarity"": ""Uncommon"", ""number"": ""101"", ""types"": ""[\u0022Minion\u0022]"", ""doom"": ""Greed"", ""item_dimensions"": ""{\u0022height\u0022: \u00223.5\u0022, \u0022width\u0022: \u00222.5\u0022, \u0022unit\u0022: \u0022inch\u0022}""}",2a9bc512-584c-4798-ae72-e15e25cdbd8a,130ea10b-0413-48ce-982b-874c42c17893,Ravenmancer,Ravenmancer,{},hecatomb_base-set_ravenmancer
0d26df8f-3759-45b3-9e65-47c96982d3df,item,0,,"{""obverse"": ""hecatomb_base-set_ravenous-reaver"", ""reverse"": ""hecatomb_card-back""}","{""name_printed"": ""Ravenous Reaver"", ""rarity"": ""Rare"", ""number"": ""102"", ""types"": ""[\u0022Minion\u0022]"", ""doom"": ""Destruction"", ""item_dimensions"": ""{\u0022height\u0022: \u00223.5\u0022, \u0022width\u0022: \u00222.5\u0022, \u0022unit\u0022: \u0022inch\u0022}""}",2a9bc512-584c-4798-ae72-e15e25cdbd8a,130ea10b-0413-48ce-982b-874c42c17893,Ravenous Reaver,Ravenous Reaver,{},hecatomb_base-set_ravenous-reaver
5401847e-b7dd-45b5-adbf-6d400931bbfe,item,0,,"{""obverse"": ""hecatomb_base-set_razorwire-artist"", ""reverse"": ""hecatomb_card-back""}","{""name_printed"": ""Razorwire Artist"", ""rarity"": ""Uncommon"", ""number"": ""103"", ""types"": ""[\u0022Minion\u0022]"", ""doom"": ""Destruction"", ""item_dimensions"": ""{\u0022height\u0022: \u00223.5\u0022, \u0022width\u0022: \u00222.5\u0022, \u0022unit\u0022: \u0022inch\u0022}""}",2a9bc512-584c-4798-ae72-e15e25cdbd8a,130ea10b-0413-48ce-982b-874c42c17893,Razorwire Artist,Razorwire Artist,{},hecatomb_base-set_razorwire-artist
ae152c45-8a56-4f74-b11a-bb8557874353,item,0,,"{""obverse"": ""hecatomb_base-set_reprocess"", ""reverse"": ""hecatomb_card-back""}","{""name_printed"": ""Reprocess"", ""rarity"": ""Uncommon"", ""number"": ""104"", ""types"": ""[\u0022Fate\u0022]"", ""doom"": ""Greed"", ""item_dimensions"": ""{\u0022height\u0022: \u00223.5\u0022, \u0022width\u0022: \u00222.5\u0022, \u0022unit\u0022: \u0022inch\u0022}""}",2a9bc512-584c-4798-ae72-e15e25cdbd8a,130ea10b-0413-48ce-982b-874c42c17893,Reprocess,Reprocess,{},hecatomb_base-set_reprocess
77a0675b-4a20-4428-babe-9d4bbbeb43c8,item,0,,"{""obverse"": ""hecatomb_base-set_roachkeeper"", ""reverse"": ""hecatomb_card-back""}","{""name_printed"": ""Roachkeeper"", ""rarity"": ""Uncommon"", ""number"": ""105"", ""types"": ""[\u0022Minion\u0022]"", ""doom"": ""Destruction"", ""item_dimensions"": ""{\u0022height\u0022: \u00223.5\u0022, \u0022width\u0022: \u00222.5\u0022, \u0022unit\u0022: \u0022inch\u0022}""}",2a9bc512-584c-4798-ae72-e15e25cdbd8a,130ea10b-0413-48ce-982b-874c42c17893,Roachkeeper,Roachkeeper,{},hecatomb_base-set_roachkeeper
cbe3830f-02f3-43d4-acb3-7be09de70027,item,0,,"{""obverse"": ""hecatomb_base-set_ruin-sifter"", ""reverse"": ""hecatomb_card-back""}","{""name_printed"": ""Ruin Sifter"", ""rarity"": ""Uncommon"", ""number"": ""106"", ""types"": ""[\u0022Minion\u0022]"", ""doom"": ""Destruction"", ""item_dimensions"": ""{\u0022height\u0022: \u00223.5\u0022, \u0022width\u0022: \u00222.5\u0022, \u0022unit\u0022: \u0022inch\u0022}""}",2a9bc512-584c-4798-ae72-e15e25cdbd8a,130ea10b-0413-48ce-982b-874c42c17893,Ruin Sifter,Ruin Sifter,{},hecatomb_base-set_ruin-sifter
d8e87b2f-783b-47c5-a9e0-707d2647acab,item,0,,"{""obverse"": ""hecatomb_base-set_scartist"", ""reverse"": ""hecatomb_card-back""}","{""name_printed"": ""Scartist"", ""rarity"": ""Common"", ""number"": ""107"", ""types"": ""[\u0022Minion\u0022]"", ""doom"": ""Greed"", ""item_dimensions"": ""{\u0022height\u0022: \u00223.5\u0022, \u0022width\u0022: \u00222.5\u0022, \u0022unit\u0022: \u0022inch\u0022}""}",2a9bc512-584c-4798-ae72-e15e25cdbd8a,130ea10b-0413-48ce-982b-874c42c17893,Scartist,Scartist,{},hecatomb_base-set_scartist
94fb6e3e-6f38-4ed8-869b-cb77d63a5df5,photo,0,,"{""obverse"": ""hecatomb_base-set_screaming-star-spawn"", ""reverse"": ""hecatomb_card-back""}","{""name_printed"": ""Screaming Star-Spawn"", ""rarity"": ""Rare"", ""number"": ""108"", ""types"": ""[\u0022Minion\u0022]"", ""cost"": ""8"", ""doom"": ""Deceit"", ""subtype"": ""Outsider"", ""strength"": ""8"", ""conditional_ability"": ""Each enemy discards 4. Choose one of those cards and destroy each minion with the same name."", ""conditional_ability_trigger_doom"": ""Corruption"", ""item_dimensions"": ""{\u0022height\u0022: \u00223.5\u0022, \u0022width\u0022: \u00222.5\u0022, \u0022unit\u0022: \u0022inch\u0022}""}",2a9bc512-584c-4798-ae72-e15e25cdbd8a,130ea10b-0413-48ce-982b-874c42c17893,Screaming Star-Spawn,Screaming Star-Spawn,"{""source_notes"": ""Low quality image, needs verification""}",hecatomb_base-set_screaming-star-spawn
e547c549-2ce0-42d6-be0a-28b828d1c66f,item,0,,"{""obverse"": ""hecatomb_base-set_sermon-of-lies"", ""reverse"": ""hecatomb_card-back""}","{""name_printed"": ""Sermon of Lies"", ""rarity"": ""Rare"", ""number"": ""109"", ""types"": ""[\u0022Fate\u0022]"", ""doom"": ""Deceit"", ""item_dimensions"": ""{\u0022height\u0022: \u00223.5\u0022, \u0022width\u0022: \u00222.5\u0022, \u0022unit\u0022: \u0022inch\u0022}""}",2a9bc512-584c-4798-ae72-e15e25cdbd8a,130ea10b-0413-48ce-982b-874c42c17893,Sermon of Lies,Sermon of Lies,{},hecatomb_base-set_sermon-of-lies
ef23a423-5732-4045-b1b4-865ad9b1c160,item,0,,"{""obverse"": ""hecatomb_base-set_set-god-of-slaughter"", ""reverse"": ""hecatomb_card-back""}","{""name_printed"": ""SET God of Slaughter"", ""rarity"": ""Rare"", ""number"": ""110"", ""types"": ""[\u0022God\u0022]"", ""doom"": ""Destruction"", ""item_dimensions"": ""{\u0022height\u0022: \u00223.5\u0022, \u0022width\u0022: \u00222.5\u0022, \u0022unit\u0022: \u0022inch\u0022}""}",2a9bc512-584c-4798-ae72-e15e25cdbd8a,130ea10b-0413-48ce-982b-874c42c17893,SET God of Slaughter,SET God of Slaughter,{},hecatomb_base-set_set-god-of-slaughter
65b72eeb-e033-4e83-94e3-744bcdaffca5,item,0,,"{""obverse"": ""hecatomb_base-set_shoggoth"", ""reverse"": ""hecatomb_card-back""}","{""name_printed"": ""Shoggoth"", ""rarity"": ""Rare"", ""number"": ""111"", ""types"": ""[\u0022Minion\u0022]"", ""doom"": ""Corruption"", ""speed"": ""Combat"", ""item_dimensions"": ""{\u0022height\u0022: \u00223.5\u0022, \u0022width\u0022: \u00222.5\u0022, \u0022unit\u0022: \u0022inch\u0022}""}",2a9bc512-584c-4798-ae72-e15e25cdbd8a,130ea10b-0413-48ce-982b-874c42c17893,Shoggoth,Shoggoth,{},hecatomb_base-set_shoggoth
3b22876e-e90b-4bab-9bc4-679a31ecf578,item,0,,"{""obverse"": ""hecatomb_base-set_signet-of-loki"", ""reverse"": ""hecatomb_card-back""}","{""name_printed"": ""Signet of Loki"", ""rarity"": ""Rare"", ""number"": ""112"", ""types"": ""[\u0022Relic\u0022]"", ""doom"": ""Deceit"", ""item_dimensions"": ""{\u0022height\u0022: \u00223.5\u0022, \u0022width\u0022: \u00222.5\u0022, \u0022unit\u0022: \u0022inch\u0022}""}",2a9bc512-584c-4798-ae72-e15e25cdbd8a,130ea10b-0413-48ce-982b-874c42c17893,Signet of Loki,Signet of Loki,{},hecatomb_base-set_signet-of-loki
361f0abd-1d0d-4c7f-8f99-a76da7c7f0a3,item,0,,"{""obverse"": ""hecatomb_base-set_skin-melder"", ""reverse"": ""hecatomb_card-back""}","{""name_printed"": ""Skin Melder"", ""rarity"": ""Uncommon"", ""number"": ""113"", ""types"": ""[\u0022Minion\u0022]"", ""doom"": ""Deceit"", ""item_dimensions"": ""{\u0022height\u0022: \u00223.5\u0022, \u0022width\u0022: \u00222.5\u0022, \u0022unit\u0022: \u0022inch\u0022}""}",2a9bc512-584c-4798-ae72-e15e25cdbd8a,130ea10b-0413-48ce-982b-874c42c17893,Skin Melder,Skin Melder,{},hecatomb_base-set_skin-melder
1ef21ca8-8a13-40b5-81d5-809cb31f9ed6,item,0,,"{""obverse"": ""hecatomb_base-set_skintaker"", ""reverse"": ""hecatomb_card-back""}","{""name_printed"": ""Skintaker"", ""rarity"": ""Uncommon"", ""number"": ""114"", ""types"": ""[\u0022Minion\u0022]"", ""doom"": ""Destruction"", ""item_dimensions"": ""{\u0022height\u0022: \u00223.5\u0022, \u0022width\u0022: \u00222.5\u0022, \u0022unit\u0022: \u0022inch\u0022}""}",2a9bc512-584c-4798-ae72-e15e25cdbd8a,130ea10b-0413-48ce-982b-874c42c17893,Skintaker,Skintaker,{},hecatomb_base-set_skintaker
aa342c43-4f21-445d-be00-4a5ecbbc5358,third-party-document,0,,"{""obverse"": ""hecatomb_base-set_skull-swarm"", ""reverse"": ""hecatomb_card-back""}","{""name_printed"": ""Skull Swarm"", ""rarity"": ""Rare"", ""types"": ""[\u0022Minion\u0022]"", ""doom"": ""Deceit"", ""item_dimensions"": ""{\u0022height\u0022: \u00223.5\u0022, \u0022width\u0022: \u00222.5\u0022, \u0022unit\u0022: \u0022inch\u0022}""}",2a9bc512-584c-4798-ae72-e15e25cdbd8a,130ea10b-0413-48ce-982b-874c42c17893,Skull Swarm,Skull Swarm,{},hecatomb_base-set_skull-swarm
acbea0ca-ecc2-4bf3-89d8-ab4ceb06ca0f,item,0,,"{""obverse"": ""hecatomb_base-set_skyslayer"", ""reverse"": ""hecatomb_card-back""}","{""name_printed"": ""Skyslayer"", ""rarity"": ""Rare"", ""number"": ""116"", ""types"": ""[\u0022Relic\u0022]"", ""cost"": ""1"", ""doom"": ""Corruption"", ""rule_text"": ""Each of your corruption abominations gets +1 strength."", ""artist_names_printed"": ""[\u0022Dan Seagrave\u0022]"", ""item_dimensions"": ""{\u0022height\u0022: \u00223.5\u0022, \u0022width\u0022: \u00222.5\u0022, \u0022unit\u0022: \u0022inch\u0022}""}",2a9bc512-584c-4798-ae72-e15e25cdbd8a,130ea10b-0413-48ce-982b-874c42c17893,Skyslayer,Skyslayer,{},hecatomb_base-set_skyslayer
27b590aa-2303-4264-8268-309865d88377,third-party-document,0,,"{""obverse"": ""hecatomb_base-set_slaughter-wheel"", ""reverse"": ""hecatomb_card-back""}","{""name_printed"": ""Slaughter Wheel"", ""rarity"": ""Rare"", ""types"": ""[\u0022Minion\u0022]"", ""doom"": ""Deceit"", ""item_dimensions"": ""{\u0022height\u0022: \u00223.5\u0022, \u0022width\u0022: \u00222.5\u0022, \u0022unit\u0022: \u0022inch\u0022}""}",2a9bc512-584c-4798-ae72-e15e25cdbd8a,130ea10b-0413-48ce-982b-874c42c17893,Slaughter Wheel,Slaughter Wheel,{},hecatomb_base-set_slaughter-wheel
e97a0d4f-22bc-486d-9b74-4942ed6ddc8a,item,0,,"{""obverse"": ""hecatomb_base-set_slimeoid"", ""reverse"": ""hecatomb_card-back""}","{""name_printed"": ""Slimeoid"", ""rarity"": ""Uncommon"", ""number"": ""118"", ""types"": ""[\u0022Minion\u0022]"", ""doom"": ""Corruption"", ""item_dimensions"": ""{\u0022height\u0022: \u00223.5\u0022, \u0022width\u0022: \u00222.5\u0022, \u0022unit\u0022: \u0022inch\u0022}""}",2a9bc512-584c-4798-ae72-e15e25cdbd8a,130ea10b-0413-48ce-982b-874c42c17893,Slimeoid,Slimeoid,{},hecatomb_base-set_slimeoid
fcac5ccf-d0c6-46c3-8386-8687b85993ca,item,0,,"{""obverse"": ""hecatomb_base-set_smothering-curtains"", ""reverse"": ""hecatomb_card-back""}","{""name_printed"": ""Smothering Curtains"", ""rarity"": ""Uncommon"", ""number"": ""119"", ""types"": ""[\u0022Minion\u0022]"", ""doom"": ""Deceit"", ""item_dimensions"": ""{\u0022height\u0022: \u00223.5\u0022, \u0022width\u0022: \u00222.5\u0022, \u0022unit\u0022: \u0022inch\u0022}""}",2a9bc512-584c-4798-ae72-e15e25cdbd8a,130ea10b-0413-48ce-982b-874c42c17893,Smothering Curtains,Smothering Curtains,{},hecatomb_base-set_smothering-curtains
b39d118f-c383-4fc9-aee2-adf6e7362ef4,item,0,,"{""obverse"": ""hecatomb_base-set_soul-drain"", ""reverse"": ""hecatomb_card-back""}","{""name_printed"": ""Soul Drain"", ""rarity"": ""Common"", ""number"": ""120"", ""types"": ""[\u0022Fate\u0022]"", ""doom"": ""Corruption"", ""speed"": ""Combat"", ""item_dimensions"": ""{\u0022height\u0022: \u00223.5\u0022, \u0022width\u0022: \u00222.5\u0022, \u0022unit\u0022: \u0022inch\u0022}""}",2a9bc512-584c-4798-ae72-e15e25cdbd8a,130ea10b-0413-48ce-982b-874c42c17893,Soul Drain,Soul Drain,{},hecatomb_base-set_soul-drain
1d055f81-d879-4b3a-b10e-b9866ec0a21c,item,0,,"{""obverse"": ""hecatomb_base-set_spirit-of-fury"", ""reverse"": ""hecatomb_card-back""}","{""name_printed"": ""Spirit of Fury"", ""rarity"": ""Common"", ""number"": ""121"", ""types"": ""[\u0022Minion\u0022]"", ""doom"": ""Greed"", ""item_dimensions"": ""{\u0022height\u0022: \u00223.5\u0022, \u0022width\u0022: \u00222.5\u0022, \u0022unit\u0022: \u0022inch\u0022}""}",2a9bc512-584c-4798-ae72-e15e25cdbd8a,130ea10b-0413-48ce-982b-874c42c17893,Spirit of Fury,Spirit of Fury,{},hecatomb_base-set_spirit-of-fury
6b51c71f-88b5-4242-a369-c0e45b4f8485,item,0,,"{""obverse"": ""hecatomb_base-set_suckling"", ""reverse"": ""hecatomb_card-back""}","{""name_printed"": ""Suckling"", ""rarity"": ""Common"", ""number"": ""122"", ""types"": ""[\u0022Minion\u0022]"", ""doom"": ""Corruption"", ""item_dimensions"": ""{\u0022height\u0022: \u00223.5\u0022, \u0022width\u0022: \u00222.5\u0022, \u0022unit\u0022: \u0022inch\u0022}""}",2a9bc512-584c-4798-ae72-e15e25cdbd8a,130ea10b-0413-48ce-982b-874c42c17893,Suckling,Suckling,{},hecatomb_base-set_suckling
9e62d394-7c20-4c7d-844f-d3353504cf01,item,0,,"{""obverse"": ""hecatomb_base-set_sunder"", ""reverse"": ""hecatomb_card-back""}","{""name_printed"": ""Sunder"", ""rarity"": ""Uncommon"", ""number"": ""123"", ""types"": ""[\u0022Fate\u0022]"", ""doom"": ""Deceit"", ""item_dimensions"": ""{\u0022height\u0022: \u00223.5\u0022, \u0022width\u0022: \u00222.5\u0022, \u0022unit\u0022: \u0022inch\u0022}""}",2a9bc512-584c-4798-ae72-e15e25cdbd8a,130ea10b-0413-48ce-982b-874c42c17893,Sunder,Sunder,{},hecatomb_base-set_sunder
9e7936e6-255a-4372-a3ff-7feb67e9f445,item,0,,"{""obverse"": ""hecatomb_base-set_surrounded-by-idiots!"", ""reverse"": ""hecatomb_card-back""}","{""name_printed"": ""Surrounded by Idiots!"", ""rarity"": ""Common"", ""number"": ""124"", ""types"": ""[\u0022Fate\u0022]"", ""doom"": ""Destruction"", ""item_dimensions"": ""{\u0022height\u0022: \u00223.5\u0022, \u0022width\u0022: \u00222.5\u0022, \u0022unit\u0022: \u0022inch\u0022}""}",2a9bc512-584c-4798-ae72-e15e25cdbd8a,130ea10b-0413-48ce-982b-874c42c17893,Surrounded by Idiots!,Surrounded by Idiots!,{},hecatomb_base-set_surrounded-by-idiots!
3cc00c8f-4321-4bbb-98e4-cc7131021ca0,photo,0,,"{""obverse"": ""hecatomb_base-set_tamnnis-the-dreamer"", ""reverse"": ""hecatomb_card-back""}","{""name_printed"": ""Tamnnis the Dreamer"", ""rarity"": ""Rare"", ""number"": ""125"", ""types"": ""[\u0022Minion\u0022]"", ""cost"": ""10"", ""doom"": ""Deceit"", ""subtype"": ""Shapeshifter"", ""strength"": ""10"", ""conditional_ability"": ""Untap target abomination."", ""conditional_ability_trigger_doom"": ""Deceit"", ""rule_text"": ""Parasite. Fanatic."", ""artist_names_printed"": ""[\u0022Igor-Alban Chevalier\u0022]"", ""item_dimensions"": ""{\u0022height\u0022: \u00223.5\u0022, \u0022width\u0022: \u00222.5\u0022, \u0022unit\u0022: \u0022inch\u0022}""}",2a9bc512-584c-4798-ae72-e15e25cdbd8a,130ea10b-0413-48ce-982b-874c42c17893,Tamnnis the Dreamer,Tamnnis the Dreamer,{},hecatomb_base-set_tamnnis-the-dreamer
0691d1e0-bda8-4177-ad11-b7af203b343c,photo,0,,"{""obverse"": ""hecatomb_base-set_tecciztecatl"", ""reverse"": ""hecatomb_card-back""}","{""name_printed"": ""Tecciztecatl"", ""rarity"": ""Rare"", ""number"": ""126"", ""types"": ""[\u0022Minion\u0022]"", ""cost"": ""7"", ""doom"": ""Destruction"", ""subtype"": ""Aztecal"", ""strength"": ""6"", ""conditional_ability"": ""Destroy target strength 4- minion."", ""conditional_ability_trigger_doom"": ""Corruption"", ""rule_text"": ""Parasite. Whenever this destroys a minion, that minion's controller loses 1 soul."", ""artist_names_printed"": ""[\u0022David Hudnut\u0022]"", ""item_dimensions"": ""{\u0022height\u0022: \u00223.5\u0022, \u0022width\u0022: \u00222.5\u0022, \u0022unit\u0022: \u0022inch\u0022}""}",2a9bc512-584c-4798-ae72-e15e25cdbd8a,130ea10b-0413-48ce-982b-874c42c17893,Tecciztecatl,Tecciztecatl,{},hecatomb_base-set_tecciztecatl
c79c4c94-7d61-47ec-9b39-50e6539da931,item,0,,"{""obverse"": ""hecatomb_base-set_tenochtitlan-king"", ""reverse"": ""hecatomb_card-back""}","{""name_printed"": ""Tenochtitlan King"", ""rarity"": ""Rare"", ""number"": ""127"", ""types"": ""[\u0022Minion\u0022]"", ""doom"": ""Corruption"", ""item_dimensions"": ""{\u0022height\u0022: \u00223.5\u0022, \u0022width\u0022: \u00222.5\u0022, \u0022unit\u0022: \u0022inch\u0022}""}",2a9bc512-584c-4798-ae72-e15e25cdbd8a,130ea10b-0413-48ce-982b-874c42c17893,Tenochtitlan King,Tenochtitlan King,{},hecatomb_base-set_tenochtitlan-king
a845ecb2-118c-4242-a54a-bb5cd89817be,third-party-document,0,,"{""obverse"": ""hecatomb_base-set_tesla-reactor"", ""reverse"": ""hecatomb_card-back""}","{""name_printed"": ""Tesla Reactor"", ""rarity"": ""Rare"", ""types"": ""[\u0022Relic\u0022]"", ""doom"": ""Destruction"", ""item_dimensions"": ""{\u0022height\u0022: \u00223.5\u0022, \u0022width\u0022: \u00222.5\u0022, \u0022unit\u0022: \u0022inch\u0022}""}",2a9bc512-584c-4798-ae72-e15e25cdbd8a,130ea10b-0413-48ce-982b-874c42c17893,Tesla Reactor,Tesla Reactor,{},hecatomb_base-set_tesla-reactor
3c025e2b-d240-4513-a3b0-ff748ea41054,third-party-document,0,,"{""obverse"": ""hecatomb_base-set_tezcatlipoca-master-of-human-suffering"", ""reverse"": ""hecatomb_card-back""}","{""name_printed"": ""TEZCATLIPOCA Master of Human Suffering"", ""rarity"": ""Rare"", ""types"": ""[\u0022God\u0022]"", ""doom"": ""Corruption"", ""item_dimensions"": ""{\u0022height\u0022: \u00223.5\u0022, \u0022width\u0022: \u00222.5\u0022, \u0022unit\u0022: \u0022inch\u0022}""}",2a9bc512-584c-4798-ae72-e15e25cdbd8a,130ea10b-0413-48ce-982b-874c42c17893,TEZCATLIPOCA Master of Human Suffering,TEZCATLIPOCA Master of Human Suffering,{},hecatomb_base-set_tezcatlipoca-master-of-human-suffering
8ab22897-595e-42be-9b31-1868db934229,item,0,,"{""obverse"": ""hecatomb_base-set_the-butcher"", ""reverse"": ""hecatomb_card-back""}","{""name_printed"": ""The Butcher"", ""rarity"": ""Common"", ""number"": ""17"", ""types"": ""[\u0022Minion\u0022]"", ""doom"": ""Destruction"", ""item_dimensions"": ""{\u0022height\u0022: \u00223.5\u0022, \u0022width\u0022: \u00222.5\u0022, \u0022unit\u0022: \u0022inch\u0022}""}",2a9bc512-584c-4798-ae72-e15e25cdbd8a,130ea10b-0413-48ce-982b-874c42c17893,The Butcher,The Butcher,{},hecatomb_base-set_the-butcher
3b071306-f4d1-4e78-92d7-c4aa09b04294,item,0,,"{""obverse"": ""hecatomb_base-set_the-jester"", ""reverse"": ""hecatomb_card-back""}","{""name_printed"": ""The Jester"", ""rarity"": ""Rare"", ""number"": ""70"", ""types"": ""[\u0022Minion\u0022]"", ""doom"": ""Greed"", ""item_dimensions"": ""{\u0022height\u0022: \u00223.5\u0022, \u0022width\u0022: \u00222.5\u0022, \u0022unit\u0022: \u0022inch\u0022}""}",2a9bc512-584c-4798-ae72-e15e25cdbd8a,130ea10b-0413-48ce-982b-874c42c17893,The Jester,The Jester,{},hecatomb_base-set_the-jester
d900d667-f9f8-49ce-b658-16cd2903f91e,item,0,,"{""obverse"": ""hecatomb_base-set_thousand-faced-one"", ""reverse"": ""hecatomb_card-back""}","{""name_printed"": ""Thousand-Faced One"", ""rarity"": ""Uncommon"", ""number"": ""130"", ""types"": ""[\u0022Minion\u0022]"", ""doom"": ""Deceit"", ""item_dimensions"": ""{\u0022height\u0022: \u00223.5\u0022, \u0022width\u0022: \u00222.5\u0022, \u0022unit\u0022: \u0022inch\u0022}""}",2a9bc512-584c-4798-ae72-e15e25cdbd8a,130ea10b-0413-48ce-982b-874c42c17893,Thousand-Faced One,Thousand-Faced One,{},hecatomb_base-set_thousand-faced-one
c94756d4-787c-49e8-99ac-3cbbac457e3a,item,0,,"{""obverse"": ""hecatomb_base-set_thulykos"", ""reverse"": ""hecatomb_card-back""}","{""name_printed"": ""Thulykos"", ""rarity"": ""Rare"", ""number"": ""131"", ""types"": ""[\u0022Minion\u0022]"", ""doom"": ""Corruption"", ""item_dimensions"": ""{\u0022height\u0022: \u00223.5\u0022, \u0022width\u0022: \u00222.5\u0022, \u0022unit\u0022: \u0022inch\u0022}""}",2a9bc512-584c-4798-ae72-e15e25cdbd8a,130ea10b-0413-48ce-982b-874c42c17893,Thulykos,Thulykos,{},hecatomb_base-set_thulykos
c707a7e1-e320-4b6c-b774-7bbba5fa317c,item,0,,"{""obverse"": ""hecatomb_base-set_tiamat-chaos-incarnate"", ""reverse"": ""hecatomb_card-back""}","{""name_printed"": ""TIAMAT Chaos Incarnate"", ""rarity"": ""Rare"", ""number"": ""132"", ""types"": ""[\u0022God\u0022]"", ""doom"": ""Destruction"", ""item_dimensions"": ""{\u0022height\u0022: \u00223.5\u0022, \u0022width\u0022: \u00222.5\u0022, \u0022unit\u0022: \u0022inch\u0022}""}",2a9bc512-584c-4798-ae72-e15e25cdbd8a,130ea10b-0413-48ce-982b-874c42c17893,TIAMAT Chaos Incarnate,TIAMAT Chaos Incarnate,{},hecatomb_base-set_tiamat-chaos-incarnate
2e0984d8-98bc-402e-9146-7ddb80ec85af,item,0,,"{""obverse"": ""hecatomb_base-set_torment"", ""reverse"": ""hecatomb_card-back""}","{""name_printed"": ""Torment"", ""rarity"": ""Uncommon"", ""number"": ""133"", ""types"": ""[\u0022Fate\u0022]"", ""doom"": ""Corruption"", ""item_dimensions"": ""{\u0022height\u0022: \u00223.5\u0022, \u0022width\u0022: \u00222.5\u0022, \u0022unit\u0022: \u0022inch\u0022}""}",2a9bc512-584c-4798-ae72-e15e25cdbd8a,130ea10b-0413-48ce-982b-874c42c17893,Torment,Torment,{},hecatomb_base-set_torment
a1ae4969-0408-4259-9048-d338ae1c1e23,item,0,,"{""obverse"": ""hecatomb_base-set_true-gargoyle"", ""reverse"": ""hecatomb_card-back""}","{""name_printed"": ""True Gargoyle"", ""rarity"": ""Common"", ""number"": ""134"", ""types"": ""[\u0022Minion\u0022]"", ""doom"": ""Deceit"", ""item_dimensions"": ""{\u0022height\u0022: \u00223.5\u0022, \u0022width\u0022: \u00222.5\u0022, \u0022unit\u0022: \u0022inch\u0022}""}",2a9bc512-584c-4798-ae72-e15e25cdbd8a,130ea10b-0413-48ce-982b-874c42c17893,True Gargoyle,True Gargoyle,{},hecatomb_base-set_true-gargoyle
65a7e6b4-7dbd-4480-832c-f339c2dc91ab,item,0,,"{""obverse"": ""hecatomb_base-set_twinned-husk"", ""reverse"": ""hecatomb_card-back""}","{""name_printed"": ""Twinned Husk"", ""rarity"": ""Common"", ""number"": ""135"", ""types"": ""[\u0022Minion\u0022]"", ""doom"": ""Greed"", ""item_dimensions"": ""{\u0022height\u0022: \u00223.5\u0022, \u0022width\u0022: \u00222.5\u0022, \u0022unit\u0022: \u0022inch\u0022}""}",2a9bc512-584c-4798-ae72-e15e25cdbd8a,130ea10b-0413-48ce-982b-874c42c17893,Twinned Husk,Twinned Husk,{},hecatomb_base-set_twinned-husk
392f5fc2-5cce-4e5d-a415-7433d0a97342,item,0,,"{""obverse"": ""hecatomb_base-set_unholy-fusion"", ""reverse"": ""hecatomb_card-back""}","{""name_printed"": ""Unholy Fusion"", ""rarity"": ""Rare"", ""number"": ""136"", ""types"": ""[\u0022Fate\u0022]"", ""doom"": ""Corruption"", ""item_dimensions"": ""{\u0022height\u0022: \u00223.5\u0022, \u0022width\u0022: \u00222.5\u0022, \u0022unit\u0022: \u0022inch\u0022}""}",2a9bc512-584c-4798-ae72-e15e25cdbd8a,130ea10b-0413-48ce-982b-874c42c17893,Unholy Fusion,Unholy Fusion,{},hecatomb_base-set_unholy-fusion
6f896b45-1c19-4585-b61a-07c83bae8234,item,0,,"{""obverse"": ""hecatomb_base-set_unspeakable-talisman"", ""reverse"": ""hecatomb_card-back""}","{""name_printed"": ""Unspeakable Talisman"", ""rarity"": ""Rare"", ""number"": ""137"", ""types"": ""[\u0022Relic\u0022]"", ""doom"": ""Greed"", ""item_dimensions"": ""{\u0022height\u0022: \u00223.5\u0022, \u0022width\u0022: \u00222.5\u0022, \u0022unit\u0022: \u0022inch\u0022}""}",2a9bc512-584c-4798-ae72-e15e25cdbd8a,130ea10b-0413-48ce-982b-874c42c17893,Unspeakable Talisman,Unspeakable Talisman,{},hecatomb_base-set_unspeakable-talisman
e4a7d764-2af5-4b56-a874-5ab82059a463,item,0,,"{""obverse"": ""hecatomb_base-set_victimize"", ""reverse"": ""hecatomb_card-back""}","{""name_printed"": ""Victimize"", ""rarity"": ""Common"", ""number"": ""138"", ""types"": ""[\u0022Fate\u0022]"", ""doom"": ""Destruction"", ""speed"": ""Combat"", ""item_dimensions"": ""{\u0022height\u0022: \u00223.5\u0022, \u0022width\u0022: \u00222.5\u0022, \u0022unit\u0022: \u0022inch\u0022}""}",2a9bc512-584c-4798-ae72-e15e25cdbd8a,130ea10b-0413-48ce-982b-874c42c17893,Victimize,Victimize,{},hecatomb_base-set_victimize
94e78805-4985-4ffa-b39b-b7216cd67e28,item,0,,"{""obverse"": ""hecatomb_base-set_vision-of-death"", ""reverse"": ""hecatomb_card-back""}","{""name_printed"": ""Vision of Death"", ""rarity"": ""Rare"", ""number"": ""139"", ""types"": ""[\u0022Fate\u0022]"", ""doom"": ""Greed"", ""item_dimensions"": ""{\u0022height\u0022: \u00223.5\u0022, \u0022width\u0022: \u00222.5\u0022, \u0022unit\u0022: \u0022inch\u0022}""}",2a9bc512-584c-4798-ae72-e15e25cdbd8a,130ea10b-0413-48ce-982b-874c42c17893,Vision of Death,Vision of Death,{},hecatomb_base-set_vision-of-death
3f896354-a4a5-44c9-9409-a6ee666fea12,photo,0,,"{""obverse"": ""hecatomb_base-set_vitiosus"", ""reverse"": ""hecatomb_card-back""}","{""name_printed"": ""Vitiosus"", ""rarity"": ""Rare"", ""number"": ""140"", ""types"": ""[\u0022Minion\u0022]"", ""cost"": ""4"", ""doom"": ""Corruption"", ""subtype"": ""Fleshling"", ""strength"": ""3"", ""conditional_ability"": ""Destroy target relic."", ""conditional_ability_trigger_doom"": ""Greed"", ""rule_text"": ""Reaper +X. X = number of relic cards in defender's graveyard."", ""item_dimensions"": ""{\u0022height\u0022: \u00223.5\u0022, \u0022width\u0022: \u00222.5\u0022, \u0022unit\u0022: \u0022inch\u0022}""}",2a9bc512-584c-4798-ae72-e15e25cdbd8a,130ea10b-0413-48ce-982b-874c42c17893,Vitiosus,Vitiosus,"{""source_notes"": ""Low quality image, needs verification""}",hecatomb_base-set_vitiosus
5f10f8fd-47a5-4549-ad22-b96756694b05,item,0,,"{""obverse"": ""hecatomb_base-set_weretick"", ""reverse"": ""hecatomb_card-back""}","{""name_printed"": ""Weretick"", ""rarity"": ""Uncommon"", ""number"": ""141"", ""types"": ""[\u0022Minion\u0022]"", ""cost"": ""2"", ""doom"": ""Deceit"", ""subtype"": ""Shapeshifter"", ""strength"": ""2"", ""conditional_ability"": ""Untap target abomination."", ""conditional_ability_trigger_doom"": ""Deceit"", ""rule_text"": ""Parasite."", ""flavor_text"": ""Darling, there's something you don't know about me..."", ""artist_names_printed"": ""[\u0022Dan Seagrave\u0022]"", ""item_dimensions"": ""{\u0022height\u0022: \u00223.5\u0022, \u0022width\u0022: \u00222.5\u0022, \u0022unit\u0022: \u0022inch\u0022}""}",2a9bc512-584c-4798-ae72-e15e25cdbd8a,130ea10b-0413-48ce-982b-874c42c17893,Weretick,Weretick,{},hecatomb_base-set_weretick
e91d4e36-1ee8-4a87-b881-69b41f7f0d12,item,0,,"{""obverse"": ""hecatomb_base-set_winchester-blessing"", ""reverse"": ""hecatomb_card-back""}","{""name_printed"": ""Winchester Blessing"", ""rarity"": ""Common"", ""number"": ""142"", ""types"": ""[\u0022Fate\u0022]"", ""doom"": ""Destruction"", ""speed"": ""Combat"", ""item_dimensions"": ""{\u0022height\u0022: \u00223.5\u0022, \u0022width\u0022: \u00222.5\u0022, \u0022unit\u0022: \u0022inch\u0022}""}",2a9bc512-584c-4798-ae72-e15e25cdbd8a,130ea10b-0413-48ce-982b-874c42c17893,Winchester Blessing,Winchester Blessing,{},hecatomb_base-set_winchester-blessing
01c61c11-c9b7-42bf-beaa-6d600b947558,item,0,,"{""obverse"": ""hecatomb_base-set_withering-mistress"", ""reverse"": ""hecatomb_card-back""}","{""name_printed"": ""Withering Mistress"", ""rarity"": ""Rare"", ""number"": ""143"", ""types"": ""[\u0022Minion\u0022]"", ""doom"": ""Destruction"", ""item_dimensions"": ""{\u0022height\u0022: \u00223.5\u0022, \u0022width\u0022: \u00222.5\u0022, \u0022unit\u0022: \u0022inch\u0022}""}",2a9bc512-584c-4798-ae72-e15e25cdbd8a,130ea10b-0413-48ce-982b-874c42c17893,Withering Mistress,Withering Mistress,{},hecatomb_base-set_withering-mistress
459d8206-e6f2-44f6-b925-fde7327607d1,item,0,,"{""obverse"": ""hecatomb_base-set_yophaaqua"", ""reverse"": ""hecatomb_card-back""}","{""name_printed"": ""Yophaaqua"", ""rarity"": ""Common"", ""number"": ""144"", ""types"": ""[\u0022Minion\u0022]"", ""doom"": ""Greed"", ""item_dimensions"": ""{\u0022height\u0022: \u00223.5\u0022, \u0022width\u0022: \u00222.5\u0022, \u0022unit\u0022: \u0022inch\u0022}""}",2a9bc512-584c-4798-ae72-e15e25cdbd8a,130ea10b-0413-48ce-982b-874c42c17893,Yophaaqua,Yophaaqua,{},hecatomb_base-set_yophaaqua
ec6032c6-db30-4618-a80e-9e36040076ea,third-party-document,0,,"{""obverse"": ""hecatomb_blanket-of-lies_1"", ""reverse"": ""hecatomb_card-back""}","{""name_printed"": ""1"", ""rarity"": ""Common"", ""types"": ""[\u0022Minion\u0022]"", ""doom"": ""Greed"", ""item_dimensions"": ""{\u0022height\u0022: \u00223.5\u0022, \u0022width\u0022: \u00222.5\u0022, \u0022unit\u0022: \u0022inch\u0022}""}",2a9bc512-584c-4798-ae72-e15e25cdbd8a,6f72d42f-ce0c-4bde-8f1f-394a15dfe031,1,1,{},hecatomb_blanket-of-lies_1
dc2a5193-9ef7-484a-960e-000ccb0eb6da,third-party-document,0,,"{""obverse"": ""hecatomb_blanket-of-lies_all-terrain-victimizer"", ""reverse"": ""hecatomb_card-back""}","{""name_printed"": ""All-Terrain Victimizer"", ""rarity"": ""Common"", ""types"": ""[\u0022Minion\u0022]"", ""doom"": ""Deceit"", ""item_dimensions"": ""{\u0022height\u0022: \u00223.5\u0022, \u0022width\u0022: \u00222.5\u0022, \u0022unit\u0022: \u0022inch\u0022}""}",2a9bc512-584c-4798-ae72-e15e25cdbd8a,6f72d42f-ce0c-4bde-8f1f-394a15dfe031,All-Terrain Victimizer,All-Terrain Victimizer,{},hecatomb_blanket-of-lies_all-terrain-victimizer
46b381eb-f28b-4fb4-9a8b-d77e314a2713,third-party-document,0,,"{""obverse"": ""hecatomb_blanket-of-lies_area-51"", ""reverse"": ""hecatomb_card-back""}","{""name_printed"": ""Area 51"", ""rarity"": ""Rare"", ""types"": ""[\u0022Fate\u0022]"", ""doom"": ""Deceit"", ""speed"": ""Combat"", ""item_dimensions"": ""{\u0022height\u0022: \u00223.5\u0022, \u0022width\u0022: \u00222.5\u0022, \u0022unit\u0022: \u0022inch\u0022}""}",2a9bc512-584c-4798-ae72-e15e25cdbd8a,6f72d42f-ce0c-4bde-8f1f-394a15dfe031,Area 51,Area 51,{},hecatomb_blanket-of-lies_area-51
0ca272c0-f51e-4f67-bd83-1eba5d69213b,third-party-document,0,,"{""obverse"": ""hecatomb_blanket-of-lies_arsh,-the-cleansing-flame"", ""reverse"": ""hecatomb_card-back""}","{""name_printed"": ""Arsh, the Cleansing Flame"", ""rarity"": ""Rare"", ""types"": ""[\u0022Minion\u0022]"", ""doom"": ""Destruction"", ""item_dimensions"": ""{\u0022height\u0022: \u00223.5\u0022, \u0022width\u0022: \u00222.5\u0022, \u0022unit\u0022: \u0022inch\u0022}""}",2a9bc512-584c-4798-ae72-e15e25cdbd8a,6f72d42f-ce0c-4bde-8f1f-394a15dfe031,"Arsh, the Cleansing Flame","Arsh, the Cleansing Flame",{},"hecatomb_blanket-of-lies_arsh,-the-cleansing-flame"
467facb3-0ddd-4e28-b2d9-46f35cf205f9,third-party-document,0,,"{""obverse"": ""hecatomb_blanket-of-lies_assimilation"", ""reverse"": ""hecatomb_card-back""}","{""name_printed"": ""Assimilation"", ""rarity"": ""Uncommon"", ""types"": ""[\u0022Fate\u0022]"", ""doom"": ""Greed"", ""item_dimensions"": ""{\u0022height\u0022: \u00223.5\u0022, \u0022width\u0022: \u00222.5\u0022, \u0022unit\u0022: \u0022inch\u0022}""}",2a9bc512-584c-4798-ae72-e15e25cdbd8a,6f72d42f-ce0c-4bde-8f1f-394a15dfe031,Assimilation,Assimilation,{},hecatomb_blanket-of-lies_assimilation
d84e5dc3-35b9-46d2-b484-85bacec3f8d9,third-party-document,0,,"{""obverse"": ""hecatomb_blanket-of-lies_atomic-disperser"", ""reverse"": ""hecatomb_card-back""}","{""name_printed"": ""Atomic Disperser"", ""rarity"": ""Common"", ""types"": ""[\u0022Relic\u0022, \u0022Minion\u0022]"", ""doom"": ""Corruption"", ""item_dimensions"": ""{\u0022height\u0022: \u00223.5\u0022, \u0022width\u0022: \u00222.5\u0022, \u0022unit\u0022: \u0022inch\u0022}""}",2a9bc512-584c-4798-ae72-e15e25cdbd8a,6f72d42f-ce0c-4bde-8f1f-394a15dfe031,Atomic Disperser,Atomic Disperser,{},hecatomb_blanket-of-lies_atomic-disperser
b29402e4-7fd5-4735-9307-d8b37847fe01,third-party-document,0,,"{""obverse"": ""hecatomb_blanket-of-lies_bat-boy!"", ""reverse"": ""hecatomb_card-back""}","{""name_printed"": ""Bat Boy!"", ""rarity"": ""Common"", ""types"": ""[\u0022Minion\u0022]"", ""doom"": ""Destruction"", ""speed"": ""Combat"", ""item_dimensions"": ""{\u0022height\u0022: \u00223.5\u0022, \u0022width\u0022: \u00222.5\u0022, \u0022unit\u0022: \u0022inch\u0022}""}",2a9bc512-584c-4798-ae72-e15e25cdbd8a,6f72d42f-ce0c-4bde-8f1f-394a15dfe031,Bat Boy!,Bat Boy!,{},hecatomb_blanket-of-lies_bat-boy!
56caae69-7906-424c-aaeb-b6b22f1c999a,third-party-document,0,,"{""obverse"": ""hecatomb_blanket-of-lies_binarius"", ""reverse"": ""hecatomb_card-back""}","{""name_printed"": ""BINARIUS"", ""rarity"": ""Rare"", ""types"": ""[\u0022God\u0022]"", ""doom"": ""Deceit"", ""item_dimensions"": ""{\u0022height\u0022: \u00223.5\u0022, \u0022width\u0022: \u00222.5\u0022, \u0022unit\u0022: \u0022inch\u0022}""}",2a9bc512-584c-4798-ae72-e15e25cdbd8a,6f72d42f-ce0c-4bde-8f1f-394a15dfe031,BINARIUS,BINARIUS,{},hecatomb_blanket-of-lies_binarius
11979f87-7e40-4cfc-81cd-712a541cf088,third-party-document,0,,"{""obverse"": ""hecatomb_blanket-of-lies_bounty-hunter"", ""reverse"": ""hecatomb_card-back""}","{""name_printed"": ""Bounty Hunter"", ""rarity"": ""Common"", ""types"": ""[\u0022Minion\u0022]"", ""doom"": ""Destruction"", ""item_dimensions"": ""{\u0022height\u0022: \u00223.5\u0022, \u0022width\u0022: \u00222.5\u0022, \u0022unit\u0022: \u0022inch\u0022}""}",2a9bc512-584c-4798-ae72-e15e25cdbd8a,6f72d42f-ce0c-4bde-8f1f-394a15dfe031,Bounty Hunter,Bounty Hunter,{},hecatomb_blanket-of-lies_bounty-hunter
041ac296-964e-406d-a98b-4afeac13e772,third-party-document,0,,"{""obverse"": ""hecatomb_blanket-of-lies_buzzsaw"", ""reverse"": ""hecatomb_card-back""}","{""name_printed"": ""Buzzsaw"", ""rarity"": ""Rare"", ""types"": ""[\u0022Minion\u0022]"", ""doom"": ""Corruption"", ""item_dimensions"": ""{\u0022height\u0022: \u00223.5\u0022, \u0022width\u0022: \u00222.5\u0022, \u0022unit\u0022: \u0022inch\u0022}""}",2a9bc512-584c-4798-ae72-e15e25cdbd8a,6f72d42f-ce0c-4bde-8f1f-394a15dfe031,Buzzsaw,Buzzsaw,{},hecatomb_blanket-of-lies_buzzsaw
3e1dadb9-6659-4a8d-9c44-824fe17a37b8,third-party-document,0,,"{""obverse"": ""hecatomb_blanket-of-lies_chitin-queen"", ""reverse"": ""hecatomb_card-back""}","{""name_printed"": ""Chitin Queen"", ""rarity"": ""Common"", ""types"": ""[\u0022Minion\u0022]"", ""doom"": ""Deceit"", ""item_dimensions"": ""{\u0022height\u0022: \u00223.5\u0022, \u0022width\u0022: \u00222.5\u0022, \u0022unit\u0022: \u0022inch\u0022}""}",2a9bc512-584c-4798-ae72-e15e25cdbd8a,6f72d42f-ce0c-4bde-8f1f-394a15dfe031,Chitin Queen,Chitin Queen,{},hecatomb_blanket-of-lies_chitin-queen
9d292129-e969-4a96-9028-eaba47d719d6,third-party-document,0,,"{""obverse"": ""hecatomb_blanket-of-lies_contamination-team"", ""reverse"": ""hecatomb_card-back""}","{""name_printed"": ""Contamination Team"", ""rarity"": ""Uncommon"", ""types"": ""[\u0022Minion\u0022]"", ""doom"": ""Greed"", ""item_dimensions"": ""{\u0022height\u0022: \u00223.5\u0022, \u0022width\u0022: \u00222.5\u0022, \u0022unit\u0022: \u0022inch\u0022}""}",2a9bc512-584c-4798-ae72-e15e25cdbd8a,6f72d42f-ce0c-4bde-8f1f-394a15dfe031,Contamination Team,Contamination Team,{},hecatomb_blanket-of-lies_contamination-team
c08f5a42-b027-4d3e-8bc3-63daa33f2f82,third-party-document,0,,"{""obverse"": ""hecatomb_blanket-of-lies_dark-rebirth"", ""reverse"": ""hecatomb_card-back""}","{""name_printed"": ""Dark Rebirth"", ""rarity"": ""Rare"", ""types"": ""[\u0022Fate\u0022]"", ""doom"": ""Greed"", ""item_dimensions"": ""{\u0022height\u0022: \u00223.5\u0022, \u0022width\u0022: \u00222.5\u0022, \u0022unit\u0022: \u0022inch\u0022}""}",2a9bc512-584c-4798-ae72-e15e25cdbd8a,6f72d42f-ce0c-4bde-8f1f-394a15dfe031,Dark Rebirth,Dark Rebirth,{},hecatomb_blanket-of-lies_dark-rebirth
53bc3420-e722-46a4-8281-95c2d95bf505,third-party-document,0,,"{""obverse"": ""hecatomb_blanket-of-lies_dead-man's-hand"", ""reverse"": ""hecatomb_card-back""}","{""name_printed"": ""Dead Man's Hand"", ""rarity"": ""Common"", ""types"": ""[\u0022Relic\u0022, \u0022Minion\u0022]"", ""doom"": ""Greed"", ""item_dimensions"": ""{\u0022height\u0022: \u00223.5\u0022, \u0022width\u0022: \u00222.5\u0022, \u0022unit\u0022: \u0022inch\u0022}""}",2a9bc512-584c-4798-ae72-e15e25cdbd8a,6f72d42f-ce0c-4bde-8f1f-394a15dfe031,Dead Man's Hand,Dead Man's Hand,{},hecatomb_blanket-of-lies_dead-man's-hand
eea0070e-d62c-46a7-b00f-23a9b48eac10,third-party-document,0,,"{""obverse"": ""hecatomb_blanket-of-lies_dna-injector"", ""reverse"": ""hecatomb_card-back""}","{""name_printed"": ""DNA Injector"", ""rarity"": ""Uncommon"", ""types"": ""[\u0022Relic\u0022]"", ""doom"": ""Destruction"", ""item_dimensions"": ""{\u0022height\u0022: \u00223.5\u0022, \u0022width\u0022: \u00222.5\u0022, \u0022unit\u0022: \u0022inch\u0022}""}",2a9bc512-584c-4798-ae72-e15e25cdbd8a,6f72d42f-ce0c-4bde-8f1f-394a15dfe031,DNA Injector,DNA Injector,{},hecatomb_blanket-of-lies_dna-injector
3b018ecf-0926-4c99-8fb7-9da52afa7bac,third-party-document,0,,"{""obverse"": ""hecatomb_blanket-of-lies_dr--frost"", ""reverse"": ""hecatomb_card-back""}","{""name_printed"": ""Dr. Frost"", ""rarity"": ""Uncommon"", ""types"": ""[\u0022Minion\u0022]"", ""doom"": ""Corruption"", ""item_dimensions"": ""{\u0022height\u0022: \u00223.5\u0022, \u0022width\u0022: \u00222.5\u0022, \u0022unit\u0022: \u0022inch\u0022}""}",2a9bc512-584c-4798-ae72-e15e25cdbd8a,6f72d42f-ce0c-4bde-8f1f-394a15dfe031,Dr. Frost,Dr. Frost,{},hecatomb_blanket-of-lies_dr--frost
9a0cf8e9-6a0a-48fc-a9ff-a21ef3bf671c,third-party-document,0,,"{""obverse"": ""hecatomb_blanket-of-lies_f-l-y-"", ""reverse"": ""hecatomb_card-back""}","{""name_printed"": ""F.L.Y."", ""rarity"": ""Common"", ""types"": ""[\u0022Minion\u0022]"", ""doom"": ""Destruction"", ""item_dimensions"": ""{\u0022height\u0022: \u00223.5\u0022, \u0022width\u0022: \u00222.5\u0022, \u0022unit\u0022: \u0022inch\u0022}""}",2a9bc512-584c-4798-ae72-e15e25cdbd8a,6f72d42f-ce0c-4bde-8f1f-394a15dfe031,F.L.Y.,F.L.Y.,{},hecatomb_blanket-of-lies_f-l-y-
d8246e2f-d854-4922-a66b-45c96426e5e4,third-party-document,0,,"{""obverse"": ""hecatomb_blanket-of-lies_flesh-armor"", ""reverse"": ""hecatomb_card-back""}","{""name_printed"": ""Flesh Armor"", ""rarity"": ""Uncommon"", ""types"": ""[\u0022Relic\u0022, \u0022Minion\u0022]"", ""doom"": ""Destruction"", ""item_dimensions"": ""{\u0022height\u0022: \u00223.5\u0022, \u0022width\u0022: \u00222.5\u0022, \u0022unit\u0022: \u0022inch\u0022}""}",2a9bc512-584c-4798-ae72-e15e25cdbd8a,6f72d42f-ce0c-4bde-8f1f-394a15dfe031,Flesh Armor,Flesh Armor,{},hecatomb_blanket-of-lies_flesh-armor
6297a4c8-d7af-4071-ac0b-e1073919ceeb,third-party-document,0,,"{""obverse"": ""hecatomb_blanket-of-lies_foiled-again!"", ""reverse"": ""hecatomb_card-back""}","{""name_printed"": ""Foiled Again!"", ""rarity"": ""Uncommon"", ""types"": ""[\u0022Fate\u0022]"", ""doom"": ""Deceit"", ""speed"": ""Combat"", ""item_dimensions"": ""{\u0022height\u0022: \u00223.5\u0022, \u0022width\u0022: \u00222.5\u0022, \u0022unit\u0022: \u0022inch\u0022}""}",2a9bc512-584c-4798-ae72-e15e25cdbd8a,6f72d42f-ce0c-4bde-8f1f-394a15dfe031,Foiled Again!,Foiled Again!,{},hecatomb_blanket-of-lies_foiled-again!
0922ebfa-b0a7-4a6b-9998-21d4d97b54ad,third-party-document,0,,"{""obverse"": ""hecatomb_blanket-of-lies_giant-feeder"", ""reverse"": ""hecatomb_card-back""}","{""name_printed"": ""Giant Feeder"", ""rarity"": ""Uncommon"", ""types"": ""[\u0022Minion\u0022]"", ""doom"": ""Greed"", ""item_dimensions"": ""{\u0022height\u0022: \u00223.5\u0022, \u0022width\u0022: \u00222.5\u0022, \u0022unit\u0022: \u0022inch\u0022}""}",2a9bc512-584c-4798-ae72-e15e25cdbd8a,6f72d42f-ce0c-4bde-8f1f-394a15dfe031,Giant Feeder,Giant Feeder,{},hecatomb_blanket-of-lies_giant-feeder
7943181f-f1dd-4053-a653-c2de8a0365b3,third-party-document,0,,"{""obverse"": ""hecatomb_blanket-of-lies_glasdrache"", ""reverse"": ""hecatomb_card-back""}","{""name_printed"": ""Glasdrache"", ""rarity"": ""Rare"", ""types"": ""[\u0022Minion\u0022]"", ""doom"": ""Deceit"", ""item_dimensions"": ""{\u0022height\u0022: \u00223.5\u0022, \u0022width\u0022: \u00222.5\u0022, \u0022unit\u0022: \u0022inch\u0022}""}",2a9bc512-584c-4798-ae72-e15e25cdbd8a,6f72d42f-ce0c-4bde-8f1f-394a15dfe031,Glasdrache,Glasdrache,{},hecatomb_blanket-of-lies_glasdrache
5a201300-391d-443c-8c64-73f00b414074,third-party-document,0,,"{""obverse"": ""hecatomb_blanket-of-lies_goro-onikuma"", ""reverse"": ""hecatomb_card-back""}","{""name_printed"": ""Goro Onikuma"", ""rarity"": ""Uncommon"", ""types"": ""[\u0022Minion\u0022]"", ""doom"": ""Deceit"", ""item_dimensions"": ""{\u0022height\u0022: \u00223.5\u0022, \u0022width\u0022: \u00222.5\u0022, \u0022unit\u0022: \u0022inch\u0022}""}",2a9bc512-584c-4798-ae72-e15e25cdbd8a,6f72d42f-ce0c-4bde-8f1f-394a15dfe031,Goro Onikuma,Goro Onikuma,{},hecatomb_blanket-of-lies_goro-onikuma
056c5ba3-a6cd-4be1-905c-8ba1570195ad,third-party-document,0,,"{""obverse"": ""hecatomb_blanket-of-lies_gray-inquisitor"", ""reverse"": ""hecatomb_card-back""}","{""name_printed"": ""Gray Inquisitor"", ""rarity"": ""Common"", ""types"": ""[\u0022Minion\u0022]"", ""doom"": ""Corruption"", ""item_dimensions"": ""{\u0022height\u0022: \u00223.5\u0022, \u0022width\u0022: \u00222.5\u0022, \u0022unit\u0022: \u0022inch\u0022}""}",2a9bc512-584c-4798-ae72-e15e25cdbd8a,6f72d42f-ce0c-4bde-8f1f-394a15dfe031,Gray Inquisitor,Gray Inquisitor,{},hecatomb_blanket-of-lies_gray-inquisitor
08ccc28e-dca4-48ee-a9b5-3fc1e4cd9645,third-party-document,0,,"{""obverse"": ""hecatomb_blanket-of-lies_haarael,-esq-"", ""reverse"": ""hecatomb_card-back""}","{""name_printed"": ""Haarael, Esq."", ""rarity"": ""Rare"", ""types"": ""[\u0022Minion\u0022]"", ""doom"": ""Destruction"", ""item_dimensions"": ""{\u0022height\u0022: \u00223.5\u0022, \u0022width\u0022: \u00222.5\u0022, \u0022unit\u0022: \u0022inch\u0022}""}",2a9bc512-584c-4798-ae72-e15e25cdbd8a,6f72d42f-ce0c-4bde-8f1f-394a15dfe031,"Haarael, Esq.","Haarael, Esq.",{},"hecatomb_blanket-of-lies_haarael,-esq-"
738a0d8c-6c17-4ce6-ae97-9f6a331f9a42,third-party-document,0,,"{""obverse"": ""hecatomb_blanket-of-lies_hastur"", ""reverse"": ""hecatomb_card-back""}","{""name_printed"": ""HASTUR"", ""rarity"": ""Rare"", ""types"": ""[\u0022God\u0022]"", ""doom"": ""Corruption"", ""item_dimensions"": ""{\u0022height\u0022: \u00223.5\u0022, \u0022width\u0022: \u00222.5\u0022, \u0022unit\u0022: \u0022inch\u0022}""}",2a9bc512-584c-4798-ae72-e15e25cdbd8a,6f72d42f-ce0c-4bde-8f1f-394a15dfe031,HASTUR,HASTUR,{},hecatomb_blanket-of-lies_hastur
c0a60cea-5331-4286-8cde-9138c4271469,third-party-document,0,,"{""obverse"": ""hecatomb_blanket-of-lies_holographic-decoy"", ""reverse"": ""hecatomb_card-back""}","{""name_printed"": ""Holographic Decoy"", ""rarity"": ""Common"", ""types"": ""[\u0022Fate\u0022]"", ""doom"": ""Deceit"", ""item_dimensions"": ""{\u0022height\u0022: \u00223.5\u0022, \u0022width\u0022: \u00222.5\u0022, \u0022unit\u0022: \u0022inch\u0022}""}",2a9bc512-584c-4798-ae72-e15e25cdbd8a,6f72d42f-ce0c-4bde-8f1f-394a15dfe031,Holographic Decoy,Holographic Decoy,{},hecatomb_blanket-of-lies_holographic-decoy
250e4709-5ce5-40fb-bf71-dc0af5fe4001,third-party-document,0,,"{""obverse"": ""hecatomb_blanket-of-lies_horseman-of-famine"", ""reverse"": ""hecatomb_card-back""}","{""name_printed"": ""Horseman of Famine"", ""rarity"": ""Rare"", ""types"": ""[\u0022Minion\u0022]"", ""doom"": ""Corruption"", ""item_dimensions"": ""{\u0022height\u0022: \u00223.5\u0022, \u0022width\u0022: \u00222.5\u0022, \u0022unit\u0022: \u0022inch\u0022}""}",2a9bc512-584c-4798-ae72-e15e25cdbd8a,6f72d42f-ce0c-4bde-8f1f-394a15dfe031,Horseman of Famine,Horseman of Famine,{},hecatomb_blanket-of-lies_horseman-of-famine
470e9c44-d43a-4d02-99e3-c08cec406411,third-party-document,0,,"{""obverse"": ""hecatomb_blanket-of-lies_hoverdisc"", ""reverse"": ""hecatomb_card-back""}","{""name_printed"": ""Hoverdisc"", ""rarity"": ""Common"", ""types"": ""[\u0022Relic\u0022, \u0022Minion\u0022]"", ""doom"": ""Greed"", ""item_dimensions"": ""{\u0022height\u0022: \u00223.5\u0022, \u0022width\u0022: \u00222.5\u0022, \u0022unit\u0022: \u0022inch\u0022}""}",2a9bc512-584c-4798-ae72-e15e25cdbd8a,6f72d42f-ce0c-4bde-8f1f-394a15dfe031,Hoverdisc,Hoverdisc,{},hecatomb_blanket-of-lies_hoverdisc
c89c2ec7-91fd-4dea-adbd-6736f941b433,third-party-document,0,,"{""obverse"": ""hecatomb_blanket-of-lies_husker-anima"", ""reverse"": ""hecatomb_card-back""}","{""name_printed"": ""Husker Anima"", ""rarity"": ""Rare"", ""types"": ""[\u0022Minion\u0022]"", ""doom"": ""Greed"", ""item_dimensions"": ""{\u0022height\u0022: \u00223.5\u0022, \u0022width\u0022: \u00222.5\u0022, \u0022unit\u0022: \u0022inch\u0022}""}",2a9bc512-584c-4798-ae72-e15e25cdbd8a,6f72d42f-ce0c-4bde-8f1f-394a15dfe031,Husker Anima,Husker Anima,{},hecatomb_blanket-of-lies_husker-anima
4d97a8db-3b8b-4228-9c48-8d3971cb8886,third-party-document,0,,"{""obverse"": ""hecatomb_blanket-of-lies_husker-glass-armor"", ""reverse"": ""hecatomb_card-back""}","{""name_printed"": ""Husker Glass Armor"", ""rarity"": ""Common"", ""types"": ""[\u0022Relic\u0022, \u0022Minion\u0022]"", ""doom"": ""Corruption"", ""item_dimensions"": ""{\u0022height\u0022: \u00223.5\u0022, \u0022width\u0022: \u00222.5\u0022, \u0022unit\u0022: \u0022inch\u0022}""}",2a9bc512-584c-4798-ae72-e15e25cdbd8a,6f72d42f-ce0c-4bde-8f1f-394a15dfe031,Husker Glass Armor,Husker Glass Armor,{},hecatomb_blanket-of-lies_husker-glass-armor
c5a9b5c3-e8ab-42d7-bc8f-4bb37f32b936,third-party-document,0,,"{""obverse"": ""hecatomb_blanket-of-lies_husker-scout"", ""reverse"": ""hecatomb_card-back""}","{""name_printed"": ""Husker Scout"", ""rarity"": ""Common"", ""types"": ""[\u0022Minion\u0022]"", ""doom"": ""Deceit"", ""item_dimensions"": ""{\u0022height\u0022: \u00223.5\u0022, \u0022width\u0022: \u00222.5\u0022, \u0022unit\u0022: \u0022inch\u0022}""}",2a9bc512-584c-4798-ae72-e15e25cdbd8a,6f72d42f-ce0c-4bde-8f1f-394a15dfe031,Husker Scout,Husker Scout,{},hecatomb_blanket-of-lies_husker-scout
4d1149be-681c-46c7-9e0a-b8a159c69d14,third-party-document,0,,"{""obverse"": ""hecatomb_blanket-of-lies_husker-spirit-stone"", ""reverse"": ""hecatomb_card-back""}","{""name_printed"": ""Husker Spirit Stone"", ""rarity"": ""Rare"", ""types"": ""[\u0022Relic\u0022]"", ""doom"": ""Greed"", ""item_dimensions"": ""{\u0022height\u0022: \u00223.5\u0022, \u0022width\u0022: \u00222.5\u0022, \u0022unit\u0022: \u0022inch\u0022}""}",2a9bc512-584c-4798-ae72-e15e25cdbd8a,6f72d42f-ce0c-4bde-8f1f-394a15dfe031,Husker Spirit Stone,Husker Spirit Stone,{},hecatomb_blanket-of-lies_husker-spirit-stone
33367984-b761-4daf-a90b-e60a8d05cd8b,third-party-document,0,,"{""obverse"": ""hecatomb_blanket-of-lies_husker-squad-leader"", ""reverse"": ""hecatomb_card-back""}","{""name_printed"": ""Husker Squad Leader"", ""rarity"": ""Common"", ""types"": ""[\u0022Minion\u0022]"", ""doom"": ""Corruption"", ""speed"": ""Combat"", ""item_dimensions"": ""{\u0022height\u0022: \u00223.5\u0022, \u0022width\u0022: \u00222.5\u0022, \u0022unit\u0022: \u0022inch\u0022}""}",2a9bc512-584c-4798-ae72-e15e25cdbd8a,6f72d42f-ce0c-4bde-8f1f-394a15dfe031,Husker Squad Leader,Husker Squad Leader,{},hecatomb_blanket-of-lies_husker-squad-leader
b99ccb14-2460-4eeb-997b-9d776bb2a514,third-party-document,0,,"{""obverse"": ""hecatomb_blanket-of-lies_hybrid-embryo"", ""reverse"": ""hecatomb_card-back""}","{""name_printed"": ""Hybrid Embryo"", ""rarity"": ""Rare"", ""types"": ""[\u0022Relic\u0022]"", ""doom"": ""Corruption"", ""item_dimensions"": ""{\u0022height\u0022: \u00223.5\u0022, \u0022width\u0022: \u00222.5\u0022, \u0022unit\u0022: \u0022inch\u0022}""}",2a9bc512-584c-4798-ae72-e15e25cdbd8a,6f72d42f-ce0c-4bde-8f1f-394a15dfe031,Hybrid Embryo,Hybrid Embryo,{},hecatomb_blanket-of-lies_hybrid-embryo
69c8d86a-3052-4d17-b89c-f1925ea7cc66,third-party-document,0,,"{""obverse"": ""hecatomb_blanket-of-lies_integratron"", ""reverse"": ""hecatomb_card-back""}","{""name_printed"": ""Integratron"", ""rarity"": ""Rare"", ""types"": ""[\u0022Relic\u0022]"", ""doom"": ""Greed"", ""item_dimensions"": ""{\u0022height\u0022: \u00223.5\u0022, \u0022width\u0022: \u00222.5\u0022, \u0022unit\u0022: \u0022inch\u0022}""}",2a9bc512-584c-4798-ae72-e15e25cdbd8a,6f72d42f-ce0c-4bde-8f1f-394a15dfe031,Integratron,Integratron,{},hecatomb_blanket-of-lies_integratron
0c7281e8-4ad5-4908-be96-1aa81227afd3,third-party-document,0,,"{""obverse"": ""hecatomb_blanket-of-lies_krakon"", ""reverse"": ""hecatomb_card-back""}","{""name_printed"": ""Krakon"", ""rarity"": ""Rare"", ""types"": ""[\u0022Minion\u0022]"", ""doom"": ""Destruction"", ""item_dimensions"": ""{\u0022height\u0022: \u00223.5\u0022, \u0022width\u0022: \u00222.5\u0022, \u0022unit\u0022: \u0022inch\u0022}""}",2a9bc512-584c-4798-ae72-e15e25cdbd8a,6f72d42f-ce0c-4bde-8f1f-394a15dfe031,Krakon,Krakon,{},hecatomb_blanket-of-lies_krakon
027a2ce7-07ad-4e0a-ba16-27c56a1aec07,third-party-document,0,,"{""obverse"": ""hecatomb_blanket-of-lies_last-rites"", ""reverse"": ""hecatomb_card-back""}","{""name_printed"": ""Last Rites"", ""rarity"": ""Common"", ""types"": ""[\u0022Fate\u0022]"", ""doom"": ""Greed"", ""speed"": ""Combat"", ""item_dimensions"": ""{\u0022height\u0022: \u00223.5\u0022, \u0022width\u0022: \u00222.5\u0022, \u0022unit\u0022: \u0022inch\u0022}""}",2a9bc512-584c-4798-ae72-e15e25cdbd8a,6f72d42f-ce0c-4bde-8f1f-394a15dfe031,Last Rites,Last Rites,{},hecatomb_blanket-of-lies_last-rites
24879f20-fcf9-4330-adc1-7ac79902c78a,third-party-document,0,,"{""obverse"": ""hecatomb_blanket-of-lies_majestic-12"", ""reverse"": ""hecatomb_card-back""}","{""name_printed"": ""Majestic 12"", ""rarity"": ""Rare"", ""types"": ""[\u0022Fate\u0022]"", ""doom"": ""Corruption"", ""item_dimensions"": ""{\u0022height\u0022: \u00223.5\u0022, \u0022width\u0022: \u00222.5\u0022, \u0022unit\u0022: \u0022inch\u0022}""}",2a9bc512-584c-4798-ae72-e15e25cdbd8a,6f72d42f-ce0c-4bde-8f1f-394a15dfe031,Majestic 12,Majestic 12,{},hecatomb_blanket-of-lies_majestic-12
450c0aa5-abf0-4ae9-bfec-eb52c5084688,third-party-document,0,,"{""obverse"": ""hecatomb_blanket-of-lies_megavore"", ""reverse"": ""hecatomb_card-back""}","{""name_printed"": ""Megavore"", ""rarity"": ""Rare"", ""types"": ""[\u0022Minion\u0022]"", ""doom"": ""Destruction"", ""item_dimensions"": ""{\u0022height\u0022: \u00223.5\u0022, \u0022width\u0022: \u00222.5\u0022, \u0022unit\u0022: \u0022inch\u0022}""}",2a9bc512-584c-4798-ae72-e15e25cdbd8a,6f72d42f-ce0c-4bde-8f1f-394a15dfe031,Megavore,Megavore,{},hecatomb_blanket-of-lies_megavore
b730985c-7189-4fed-843b-4cf03edb6f7a,third-party-document,0,,"{""obverse"": ""hecatomb_blanket-of-lies_minion-of-hastur"", ""reverse"": ""hecatomb_card-back""}","{""name_printed"": ""Minion of Hastur"", ""rarity"": ""Rare"", ""types"": ""[\u0022Minion\u0022]"", ""doom"": ""Corruption"", ""item_dimensions"": ""{\u0022height\u0022: \u00223.5\u0022, \u0022width\u0022: \u00222.5\u0022, \u0022unit\u0022: \u0022inch\u0022}""}",2a9bc512-584c-4798-ae72-e15e25cdbd8a,6f72d42f-ce0c-4bde-8f1f-394a15dfe031,Minion of Hastur,Minion of Hastur,{},hecatomb_blanket-of-lies_minion-of-hastur
ed3e987e-16b2-454b-a13b-d1cdf885c3f2,third-party-document,0,,"{""obverse"": ""hecatomb_blanket-of-lies_morbid-inspiration"", ""reverse"": ""hecatomb_card-back""}","{""name_printed"": ""Morbid Inspiration"", ""rarity"": ""Common"", ""types"": ""[\u0022Fate\u0022]"", ""doom"": ""Destruction"", ""item_dimensions"": ""{\u0022height\u0022: \u00223.5\u0022, \u0022width\u0022: \u00222.5\u0022, \u0022unit\u0022: \u0022inch\u0022}""}",2a9bc512-584c-4798-ae72-e15e25cdbd8a,6f72d42f-ce0c-4bde-8f1f-394a15dfe031,Morbid Inspiration,Morbid Inspiration,{},hecatomb_blanket-of-lies_morbid-inspiration
36f0ab33-d1c4-46d1-be25-9109de54d3a1,third-party-document,0,,"{""obverse"": ""hecatomb_blanket-of-lies_neck-redder"", ""reverse"": ""hecatomb_card-back""}","{""name_printed"": ""Neck Redder"", ""rarity"": ""Uncommon"", ""types"": ""[\u0022Minion\u0022]"", ""doom"": ""Greed"", ""item_dimensions"": ""{\u0022height\u0022: \u00223.5\u0022, \u0022width\u0022: \u00222.5\u0022, \u0022unit\u0022: \u0022inch\u0022}""}",2a9bc512-584c-4798-ae72-e15e25cdbd8a,6f72d42f-ce0c-4bde-8f1f-394a15dfe031,Neck Redder,Neck Redder,{},hecatomb_blanket-of-lies_neck-redder
2e1e22c8-f29e-4518-b915-c3a50e40496d,third-party-document,0,,"{""obverse"": ""hecatomb_blanket-of-lies_nephrodyte"", ""reverse"": ""hecatomb_card-back""}","{""name_printed"": ""Nephrodyte"", ""rarity"": ""Rare"", ""types"": ""[\u0022Minion\u0022]"", ""doom"": ""Greed"", ""item_dimensions"": ""{\u0022height\u0022: \u00223.5\u0022, \u0022width\u0022: \u00222.5\u0022, \u0022unit\u0022: \u0022inch\u0022}""}",2a9bc512-584c-4798-ae72-e15e25cdbd8a,6f72d42f-ce0c-4bde-8f1f-394a15dfe031,Nephrodyte,Nephrodyte,{},hecatomb_blanket-of-lies_nephrodyte
8ebff68b-2af7-4046-a0dc-25f09eb184bc,third-party-document,0,,"{""obverse"": ""hecatomb_blanket-of-lies_nerve-gas"", ""reverse"": ""hecatomb_card-back""}","{""name_printed"": ""Nerve Gas"", ""rarity"": ""Uncommon"", ""types"": ""[\u0022Relic\u0022]"", ""doom"": ""Corruption"", ""item_dimensions"": ""{\u0022height\u0022: \u00223.5\u0022, \u0022width\u0022: \u00222.5\u0022, \u0022unit\u0022: \u0022inch\u0022}""}",2a9bc512-584c-4798-ae72-e15e25cdbd8a,6f72d42f-ce0c-4bde-8f1f-394a15dfe031,Nerve Gas,Nerve Gas,{},hecatomb_blanket-of-lies_nerve-gas
efe3dc1b-8899-4253-92bd-ef596185c621,third-party-document,0,,"{""obverse"": ""hecatomb_blanket-of-lies_neural-graft"", ""reverse"": ""hecatomb_card-back""}","{""name_printed"": ""Neural Graft"", ""rarity"": ""Common"", ""types"": ""[\u0022Relic\u0022, \u0022Minion\u0022]"", ""doom"": ""Destruction"", ""item_dimensions"": ""{\u0022height\u0022: \u00223.5\u0022, \u0022width\u0022: \u00222.5\u0022, \u0022unit\u0022: \u0022inch\u0022}""}",2a9bc512-584c-4798-ae72-e15e25cdbd8a,6f72d42f-ce0c-4bde-8f1f-394a15dfe031,Neural Graft,Neural Graft,{},hecatomb_blanket-of-lies_neural-graft
1bcacb15-22ef-4dbd-ab31-a901c45e3843,third-party-document,0,,"{""obverse"": ""hecatomb_blanket-of-lies_nocturnal-grazer"", ""reverse"": ""hecatomb_card-back""}","{""name_printed"": ""Nocturnal Grazer"", ""rarity"": ""Uncommon"", ""types"": ""[\u0022Minion\u0022]"", ""doom"": ""Destruction"", ""speed"": ""Combat"", ""item_dimensions"": ""{\u0022height\u0022: \u00223.5\u0022, \u0022width\u0022: \u00222.5\u0022, \u0022unit\u0022: \u0022inch\u0022}""}",2a9bc512-584c-4798-ae72-e15e25cdbd8a,6f72d42f-ce0c-4bde-8f1f-394a15dfe031,Nocturnal Grazer,Nocturnal Grazer,{},hecatomb_blanket-of-lies_nocturnal-grazer
4816c17f-aba1-4b63-88b5-4cf2ccdf2698,third-party-document,0,,"{""obverse"": ""hecatomb_blanket-of-lies_nuclear-strike"", ""reverse"": ""hecatomb_card-back""}","{""name_printed"": ""Nuclear Strike"", ""rarity"": ""Uncommon"", ""types"": ""[\u0022Fate\u0022]"", ""doom"": ""Destruction"", ""item_dimensions"": ""{\u0022height\u0022: \u00223.5\u0022, \u0022width\u0022: \u00222.5\u0022, \u0022unit\u0022: \u0022inch\u0022}""}",2a9bc512-584c-4798-ae72-e15e25cdbd8a,6f72d42f-ce0c-4bde-8f1f-394a15dfe031,Nuclear Strike,Nuclear Strike,{},hecatomb_blanket-of-lies_nuclear-strike
12d7dc36-cc46-433b-8d23-883225073ed6,third-party-document,0,,"{""obverse"": ""hecatomb_blanket-of-lies_nuit"", ""reverse"": ""hecatomb_card-back""}","{""name_printed"": ""NUIT"", ""rarity"": ""Rare"", ""types"": ""[\u0022God\u0022]"", ""doom"": ""Destruction"", ""item_dimensions"": ""{\u0022height\u0022: \u00223.5\u0022, \u0022width\u0022: \u00222.5\u0022, \u0022unit\u0022: \u0022inch\u0022}""}",2a9bc512-584c-4798-ae72-e15e25cdbd8a,6f72d42f-ce0c-4bde-8f1f-394a15dfe031,NUIT,NUIT,{},hecatomb_blanket-of-lies_nuit
5c763dc3-6ba6-4295-8453-c59a4b6bd6cb,third-party-document,0,,"{""obverse"": ""hecatomb_blanket-of-lies_omnivian"", ""reverse"": ""hecatomb_card-back""}","{""name_printed"": ""Omnivian"", ""rarity"": ""Common"", ""types"": ""[\u0022Minion\u0022]"", ""doom"": ""Deceit"", ""speed"": ""Combat"", ""item_dimensions"": ""{\u0022height\u0022: \u00223.5\u0022, \u0022width\u0022: \u00222.5\u0022, \u0022unit\u0022: \u0022inch\u0022}""}",2a9bc512-584c-4798-ae72-e15e25cdbd8a,6f72d42f-ce0c-4bde-8f1f-394a15dfe031,Omnivian,Omnivian,{},hecatomb_blanket-of-lies_omnivian
e5f17ff3-ba25-4fae-b992-68ac6273b637,third-party-document,0,,"{""obverse"": ""hecatomb_blanket-of-lies_optilian"", ""reverse"": ""hecatomb_card-back""}","{""name_printed"": ""Optilian"", ""rarity"": ""Rare"", ""types"": ""[\u0022Minion\u0022]"", ""doom"": ""Deceit"", ""item_dimensions"": ""{\u0022height\u0022: \u00223.5\u0022, \u0022width\u0022: \u00222.5\u0022, \u0022unit\u0022: \u0022inch\u0022}""}",2a9bc512-584c-4798-ae72-e15e25cdbd8a,6f72d42f-ce0c-4bde-8f1f-394a15dfe031,Optilian,Optilian,{},hecatomb_blanket-of-lies_optilian
66dd6930-0b87-4833-969c-9cb5db27d62d,third-party-document,0,,"{""obverse"": ""hecatomb_blanket-of-lies_orbital-mind-control"", ""reverse"": ""hecatomb_card-back""}","{""name_printed"": ""Orbital Mind Control"", ""rarity"": ""Uncommon"", ""types"": ""[\u0022Relic\u0022]"", ""doom"": ""Deceit"", ""item_dimensions"": ""{\u0022height\u0022: \u00223.5\u0022, \u0022width\u0022: \u00222.5\u0022, \u0022unit\u0022: \u0022inch\u0022}""}",2a9bc512-584c-4798-ae72-e15e25cdbd8a,6f72d42f-ce0c-4bde-8f1f-394a15dfe031,Orbital Mind Control,Orbital Mind Control,{},hecatomb_blanket-of-lies_orbital-mind-control
d303acf5-fc82-4bc1-b348-aed298aa4d6a,third-party-document,0,,"{""obverse"": ""hecatomb_blanket-of-lies_overmaster"", ""reverse"": ""hecatomb_card-back""}","{""name_printed"": ""Overmaster"", ""rarity"": ""Uncommon"", ""types"": ""[\u0022Minion\u0022]"", ""doom"": ""Deceit"", ""item_dimensions"": ""{\u0022height\u0022: \u00223.5\u0022, \u0022width\u0022: \u00222.5\u0022, \u0022unit\u0022: \u0022inch\u0022}""}",2a9bc512-584c-4798-ae72-e15e25cdbd8a,6f72d42f-ce0c-4bde-8f1f-394a15dfe031,Overmaster,Overmaster,{},hecatomb_blanket-of-lies_overmaster
a703391e-7663-4025-9e9d-5cc3cc0eb0a1,third-party-document,0,,"{""obverse"": ""hecatomb_blanket-of-lies_probed"", ""reverse"": ""hecatomb_card-back""}","{""name_printed"": ""Probed"", ""rarity"": ""Common"", ""types"": ""[\u0022Fate\u0022]"", ""doom"": ""Corruption"", ""item_dimensions"": ""{\u0022height\u0022: \u00223.5\u0022, \u0022width\u0022: \u00222.5\u0022, \u0022unit\u0022: \u0022inch\u0022}""}",2a9bc512-584c-4798-ae72-e15e25cdbd8a,6f72d42f-ce0c-4bde-8f1f-394a15dfe031,Probed,Probed,{},hecatomb_blanket-of-lies_probed
30e0f2bb-7db8-4ba9-98f2-1442ae2e1cf3,third-party-document,0,,"{""obverse"": ""hecatomb_blanket-of-lies_psigorger"", ""reverse"": ""hecatomb_card-back""}","{""name_printed"": ""Psigorger"", ""rarity"": ""Uncommon"", ""types"": ""[\u0022Minion\u0022]"", ""doom"": ""Deceit"", ""item_dimensions"": ""{\u0022height\u0022: \u00223.5\u0022, \u0022width\u0022: \u00222.5\u0022, \u0022unit\u0022: \u0022inch\u0022}""}",2a9bc512-584c-4798-ae72-e15e25cdbd8a,6f72d42f-ce0c-4bde-8f1f-394a15dfe031,Psigorger,Psigorger,{},hecatomb_blanket-of-lies_psigorger
11ffaf91-f0f7-4647-a526-104834d286de,third-party-document,0,,"{""obverse"": ""hecatomb_blanket-of-lies_queen-neferu"", ""reverse"": ""hecatomb_card-back""}","{""name_printed"": ""Queen Neferu"", ""rarity"": ""Uncommon"", ""types"": ""[\u0022Minion\u0022]"", ""doom"": ""Destruction"", ""item_dimensions"": ""{\u0022height\u0022: \u00223.5\u0022, \u0022width\u0022: \u00222.5\u0022, \u0022unit\u0022: \u0022inch\u0022}""}",2a9bc512-584c-4798-ae72-e15e25cdbd8a,6f72d42f-ce0c-4bde-8f1f-394a15dfe031,Queen Neferu,Queen Neferu,{},hecatomb_blanket-of-lies_queen-neferu
3a8ba1ff-8e77-4631-9c86-3c440bc7ab09,third-party-document,0,,"{""obverse"": ""hecatomb_blanket-of-lies_replication-chamber"", ""reverse"": ""hecatomb_card-back""}","{""name_printed"": ""Replication Chamber"", ""rarity"": ""Rare"", ""types"": ""[\u0022Relic\u0022]"", ""doom"": ""Destruction"", ""item_dimensions"": ""{\u0022height\u0022: \u00223.5\u0022, \u0022width\u0022: \u00222.5\u0022, \u0022unit\u0022: \u0022inch\u0022}""}",2a9bc512-584c-4798-ae72-e15e25cdbd8a,6f72d42f-ce0c-4bde-8f1f-394a15dfe031,Replication Chamber,Replication Chamber,{},hecatomb_blanket-of-lies_replication-chamber
359e25c3-9c3b-43c9-8ef6-078f50afb64e,third-party-document,0,,"{""obverse"": ""hecatomb_blanket-of-lies_reverend-koptick"", ""reverse"": ""hecatomb_card-back""}","{""name_printed"": ""Reverend Koptick"", ""rarity"": ""Common"", ""types"": ""[\u0022Minion\u0022]"", ""doom"": ""Deceit"", ""item_dimensions"": ""{\u0022height\u0022: \u00223.5\u0022, \u0022width\u0022: \u00222.5\u0022, \u0022unit\u0022: \u0022inch\u0022}""}",2a9bc512-584c-4798-ae72-e15e25cdbd8a,6f72d42f-ce0c-4bde-8f1f-394a15dfe031,Reverend Koptick,Reverend Koptick,{},hecatomb_blanket-of-lies_reverend-koptick
d779f5ff-9446-4a93-9fb0-0c826efcdacf,third-party-document,0,,"{""obverse"": ""hecatomb_blanket-of-lies_selective-dissection"", ""reverse"": ""hecatomb_card-back""}","{""name_printed"": ""Selective Dissection"", ""rarity"": ""Common"", ""types"": ""[\u0022Fate\u0022]"", ""doom"": ""Destruction"", ""item_dimensions"": ""{\u0022height\u0022: \u00223.5\u0022, \u0022width\u0022: \u00222.5\u0022, \u0022unit\u0022: \u0022inch\u0022}""}",2a9bc512-584c-4798-ae72-e15e25cdbd8a,6f72d42f-ce0c-4bde-8f1f-394a15dfe031,Selective Dissection,Selective Dissection,{},hecatomb_blanket-of-lies_selective-dissection
ea593fec-7cea-4585-ace6-9c48db8f2846,third-party-document,0,,"{""obverse"": ""hecatomb_blanket-of-lies_shredding"", ""reverse"": ""hecatomb_card-back""}","{""name_printed"": ""Shredding"", ""rarity"": ""Uncommon"", ""types"": ""[\u0022Fate\u0022]"", ""doom"": ""Corruption"", ""item_dimensions"": ""{\u0022height\u0022: \u00223.5\u0022, \u0022width\u0022: \u00222.5\u0022, \u0022unit\u0022: \u0022inch\u0022}""}",2a9bc512-584c-4798-ae72-e15e25cdbd8a,6f72d42f-ce0c-4bde-8f1f-394a15dfe031,Shredding,Shredding,{},hecatomb_blanket-of-lies_shredding
f178df24-359a-4c00-bcd5-f148a184d3ff,third-party-document,0,,"{""obverse"": ""hecatomb_blanket-of-lies_skinshroud"", ""reverse"": ""hecatomb_card-back""}","{""name_printed"": ""Skinshroud"", ""rarity"": ""Uncommon"", ""types"": ""[\u0022Relic\u0022, \u0022Minion\u0022]"", ""doom"": ""Deceit"", ""item_dimensions"": ""{\u0022height\u0022: \u00223.5\u0022, \u0022width\u0022: \u00222.5\u0022, \u0022unit\u0022: \u0022inch\u0022}""}",2a9bc512-584c-4798-ae72-e15e25cdbd8a,6f72d42f-ce0c-4bde-8f1f-394a15dfe031,Skinshroud,Skinshroud,{},hecatomb_blanket-of-lies_skinshroud
21b71532-a875-43ce-8df8-408922f2b42d,third-party-document,0,,"{""obverse"": ""hecatomb_blanket-of-lies_sky-watcher"", ""reverse"": ""hecatomb_card-back""}","{""name_printed"": ""Sky Watcher"", ""rarity"": ""Uncommon"", ""types"": ""[\u0022Minion\u0022]"", ""doom"": ""Greed"", ""item_dimensions"": ""{\u0022height\u0022: \u00223.5\u0022, \u0022width\u0022: \u00222.5\u0022, \u0022unit\u0022: \u0022inch\u0022}""}",2a9bc512-584c-4798-ae72-e15e25cdbd8a,6f72d42f-ce0c-4bde-8f1f-394a15dfe031,Sky Watcher,Sky Watcher,{},hecatomb_blanket-of-lies_sky-watcher
27323f8d-c293-439c-83af-319b956f52a1,third-party-document,0,,"{""obverse"": ""hecatomb_blanket-of-lies_squirming-horror"", ""reverse"": ""hecatomb_card-back""}","{""name_printed"": ""Squirming Horror"", ""rarity"": ""Common"", ""types"": ""[\u0022Minion\u0022]"", ""doom"": ""Greed"", ""item_dimensions"": ""{\u0022height\u0022: \u00223.5\u0022, \u0022width\u0022: \u00222.5\u0022, \u0022unit\u0022: \u0022inch\u0022}""}",2a9bc512-584c-4798-ae72-e15e25cdbd8a,6f72d42f-ce0c-4bde-8f1f-394a15dfe031,Squirming Horror,Squirming Horror,{},hecatomb_blanket-of-lies_squirming-horror
596d16f5-7dbb-482a-861c-964f6082d868,third-party-document,0,,"{""obverse"": ""hecatomb_blanket-of-lies_tepaphone"", ""reverse"": ""hecatomb_card-back""}","{""name_printed"": ""Tepaphone"", ""rarity"": ""Uncommon"", ""types"": ""[\u0022Relic\u0022, \u0022Minion\u0022]"", ""doom"": ""Corruption"", ""item_dimensions"": ""{\u0022height\u0022: \u00223.5\u0022, \u0022width\u0022: \u00222.5\u0022, \u0022unit\u0022: \u0022inch\u0022}""}",2a9bc512-584c-4798-ae72-e15e25cdbd8a,6f72d42f-ce0c-4bde-8f1f-394a15dfe031,Tepaphone,Tepaphone,{},hecatomb_blanket-of-lies_tepaphone
4816304e-eb7a-4cb8-a332-8cd2e2117957,third-party-document,0,,"{""obverse"": ""hecatomb_blanket-of-lies_the-first"", ""reverse"": ""hecatomb_card-back""}","{""name_printed"": ""The First"", ""rarity"": ""Uncommon"", ""types"": ""[\u0022Minion\u0022]"", ""doom"": ""Corruption"", ""item_dimensions"": ""{\u0022height\u0022: \u00223.5\u0022, \u0022width\u0022: \u00222.5\u0022, \u0022unit\u0022: \u0022inch\u0022}""}",2a9bc512-584c-4798-ae72-e15e25cdbd8a,6f72d42f-ce0c-4bde-8f1f-394a15dfe031,The First,The First,{},hecatomb_blanket-of-lies_the-first
ccf869bc-3a65-42f9-aa1a-da5c6845c4ca,third-party-document,0,,"{""obverse"": ""hecatomb_blanket-of-lies_the-hive"", ""reverse"": ""hecatomb_card-back""}","{""name_printed"": ""THE HIVE"", ""rarity"": ""Rare"", ""types"": ""[\u0022God\u0022]"", ""doom"": ""Greed"", ""item_dimensions"": ""{\u0022height\u0022: \u00223.5\u0022, \u0022width\u0022: \u00222.5\u0022, \u0022unit\u0022: \u0022inch\u0022}""}",2a9bc512-584c-4798-ae72-e15e25cdbd8a,6f72d42f-ce0c-4bde-8f1f-394a15dfe031,THE HIVE,THE HIVE,{},hecatomb_blanket-of-lies_the-hive
e4ff78a3-2ede-4176-a9d9-14c7ebf050dd,third-party-document,0,,"{""obverse"": ""hecatomb_blanket-of-lies_twilight-hunters"", ""reverse"": ""hecatomb_card-back""}","{""name_printed"": ""Twilight Hunters"", ""rarity"": ""Rare"", ""types"": ""[\u0022Minion\u0022]"", ""doom"": ""Deceit"", ""item_dimensions"": ""{\u0022height\u0022: \u00223.5\u0022, \u0022width\u0022: \u00222.5\u0022, \u0022unit\u0022: \u0022inch\u0022}""}",2a9bc512-584c-4798-ae72-e15e25cdbd8a,6f72d42f-ce0c-4bde-8f1f-394a15dfe031,Twilight Hunters,Twilight Hunters,{},hecatomb_blanket-of-lies_twilight-hunters
f4f82a97-8baa-4eb2-9d94-5abc16eaaa33,third-party-document,0,,"{""obverse"": ""hecatomb_blanket-of-lies_typhon"", ""reverse"": ""hecatomb_card-back""}","{""name_printed"": ""Typhon"", ""rarity"": ""Uncommon"", ""types"": ""[\u0022Minion\u0022]"", ""doom"": ""Greed"", ""item_dimensions"": ""{\u0022height\u0022: \u00223.5\u0022, \u0022width\u0022: \u00222.5\u0022, \u0022unit\u0022: \u0022inch\u0022}""}",2a9bc512-584c-4798-ae72-e15e25cdbd8a,6f72d42f-ce0c-4bde-8f1f-394a15dfe031,Typhon,Typhon,{},hecatomb_blanket-of-lies_typhon
da6a61b9-d9ad-4aa1-a364-7af8d0613b4d,third-party-document,0,,"{""obverse"": ""hecatomb_blanket-of-lies_weather-balloon"", ""reverse"": ""hecatomb_card-back""}","{""name_printed"": ""Weather Balloon"", ""rarity"": ""Rare"", ""types"": ""[\u0022Relic\u0022]"", ""doom"": ""Deceit"", ""item_dimensions"": ""{\u0022height\u0022: \u00223.5\u0022, \u0022width\u0022: \u00222.5\u0022, \u0022unit\u0022: \u0022inch\u0022}""}",2a9bc512-584c-4798-ae72-e15e25cdbd8a,6f72d42f-ce0c-4bde-8f1f-394a15dfe031,Weather Balloon,Weather Balloon,{},hecatomb_blanket-of-lies_weather-balloon
dc09ddc2-94f5-41f7-b60a-e9ab9333425a,third-party-document,0,,"{""obverse"": ""hecatomb_blanket-of-lies_wee-willie"", ""reverse"": ""hecatomb_card-back""}","{""name_printed"": ""Wee Willie"", ""rarity"": ""Common"", ""types"": ""[\u0022Minion\u0022]"", ""doom"": ""Greed"", ""item_dimensions"": ""{\u0022height\u0022: \u00223.5\u0022, \u0022width\u0022: \u00222.5\u0022, \u0022unit\u0022: \u0022inch\u0022}""}",2a9bc512-584c-4798-ae72-e15e25cdbd8a,6f72d42f-ce0c-4bde-8f1f-394a15dfe031,Wee Willie,Wee Willie,{},hecatomb_blanket-of-lies_wee-willie
dbe84e30-cfed-4bb3-897d-45e97d7d16c8,third-party-document,0,,"{""obverse"": ""hecatomb_blanket-of-lies_willing-vessel"", ""reverse"": ""hecatomb_card-back""}","{""name_printed"": ""Willing Vessel"", ""rarity"": ""Uncommon"", ""types"": ""[\u0022Minion\u0022]"", ""doom"": ""Destruction"", ""item_dimensions"": ""{\u0022height\u0022: \u00223.5\u0022, \u0022width\u0022: \u00222.5\u0022, \u0022unit\u0022: \u0022inch\u0022}""}",2a9bc512-584c-4798-ae72-e15e25cdbd8a,6f72d42f-ce0c-4bde-8f1f-394a15dfe031,Willing Vessel,Willing Vessel,{},hecatomb_blanket-of-lies_willing-vessel
e5ccb61f-49e5-4b70-bd03-394cda020c12,third-party-document,0,,"{""obverse"": ""hecatomb_blanket-of-lies_witness"", ""reverse"": ""hecatomb_card-back""}","{""name_printed"": ""Witness"", ""rarity"": ""Common"", ""types"": ""[\u0022Minion\u0022]"", ""doom"": ""Corruption"", ""item_dimensions"": ""{\u0022height\u0022: \u00223.5\u0022, \u0022width\u0022: \u00222.5\u0022, \u0022unit\u0022: \u0022inch\u0022}""}",2a9bc512-584c-4798-ae72-e15e25cdbd8a,6f72d42f-ce0c-4bde-8f1f-394a15dfe031,Witness,Witness,{},hecatomb_blanket-of-lies_witness
b84ea7b5-db2f-420d-99ed-b216e4cca812,third-party-document,0,,"{""obverse"": ""hecatomb_blanket-of-lies_xysticus"", ""reverse"": ""hecatomb_card-back""}","{""name_printed"": ""Xysticus"", ""rarity"": ""Uncommon"", ""types"": ""[\u0022Relic\u0022, \u0022Minion\u0022]"", ""doom"": ""Corruption"", ""item_dimensions"": ""{\u0022height\u0022: \u00223.5\u0022, \u0022width\u0022: \u00222.5\u0022, \u0022unit\u0022: \u0022inch\u0022}""}",2a9bc512-584c-4798-ae72-e15e25cdbd8a,6f72d42f-ce0c-4bde-8f1f-394a15dfe031,Xysticus,Xysticus,{},hecatomb_blanket-of-lies_xysticus
1cf08347-17ff-41e4-8d33-871ac0557bb4,third-party-document,0,,"{""obverse"": ""hecatomb_last-hallow's-eve_abhorrent-enforcer"", ""reverse"": ""hecatomb_card-back""}","{""name_printed"": ""Abhorrent Enforcer"", ""rarity"": ""Common"", ""types"": ""[\u0022Minion\u0022]"", ""doom"": ""Corruption"", ""item_dimensions"": ""{\u0022height\u0022: \u00223.5\u0022, \u0022width\u0022: \u00222.5\u0022, \u0022unit\u0022: \u0022inch\u0022}""}",2a9bc512-584c-4798-ae72-e15e25cdbd8a,07bfe7a8-4145-4fc2-9a2c-300c2a5b2573,Abhorrent Enforcer,Abhorrent Enforcer,{},hecatomb_last-hallow's-eve_abhorrent-enforcer
dd6731fa-76c3-4efe-8950-7354b483e381,third-party-document,0,,"{""obverse"": ""hecatomb_last-hallow's-eve_aeshma"", ""reverse"": ""hecatomb_card-back""}","{""name_printed"": ""Aeshma"", ""rarity"": ""Rare"", ""types"": ""[\u0022Minion\u0022]"", ""doom"": ""Corruption"", ""item_dimensions"": ""{\u0022height\u0022: \u00223.5\u0022, \u0022width\u0022: \u00222.5\u0022, \u0022unit\u0022: \u0022inch\u0022}""}",2a9bc512-584c-4798-ae72-e15e25cdbd8a,07bfe7a8-4145-4fc2-9a2c-300c2a5b2573,Aeshma,Aeshma,{},hecatomb_last-hallow's-eve_aeshma
622cf0da-b450-404d-b5cd-3b1ab8c27a53,third-party-document,0,,"{""obverse"": ""hecatomb_last-hallow's-eve_amashki"", ""reverse"": ""hecatomb_card-back""}","{""name_printed"": ""Amashki"", ""rarity"": ""Rare"", ""types"": ""[\u0022Minion\u0022]"", ""doom"": ""Greed"", ""item_dimensions"": ""{\u0022height\u0022: \u00223.5\u0022, \u0022width\u0022: \u00222.5\u0022, \u0022unit\u0022: \u0022inch\u0022}""}",2a9bc512-584c-4798-ae72-e15e25cdbd8a,07bfe7a8-4145-4fc2-9a2c-300c2a5b2573,Amashki,Amashki,{},hecatomb_last-hallow's-eve_amashki
ab5415f4-99da-483c-9b8f-a4139de8a140,third-party-document,0,,"{""obverse"": ""hecatomb_last-hallow's-eve_amatsu,-dread-star-of-heaven"", ""reverse"": ""hecatomb_card-back""}","{""name_printed"": ""AMATSU, Dread Star of Heaven"", ""rarity"": ""Rare"", ""types"": ""[\u0022God\u0022]"", ""doom"": ""Corruption"", ""item_dimensions"": ""{\u0022height\u0022: \u00223.5\u0022, \u0022width\u0022: \u00222.5\u0022, \u0022unit\u0022: \u0022inch\u0022}""}",2a9bc512-584c-4798-ae72-e15e25cdbd8a,07bfe7a8-4145-4fc2-9a2c-300c2a5b2573,"AMATSU, Dread Star of Heaven","AMATSU, Dread Star of Heaven",{},"hecatomb_last-hallow's-eve_amatsu,-dread-star-of-heaven"
ffde8857-1d18-40bc-8873-825862d31b0b,third-party-document,0,,"{""obverse"": ""hecatomb_last-hallow's-eve_amorphous-psychic"", ""reverse"": ""hecatomb_card-back""}","{""name_printed"": ""Amorphous Psychic"", ""rarity"": ""Common"", ""types"": ""[\u0022Minion\u0022]"", ""doom"": ""Corruption"", ""item_dimensions"": ""{\u0022height\u0022: \u00223.5\u0022, \u0022width\u0022: \u00222.5\u0022, \u0022unit\u0022: \u0022inch\u0022}""}",2a9bc512-584c-4798-ae72-e15e25cdbd8a,07bfe7a8-4145-4fc2-9a2c-300c2a5b2573,Amorphous Psychic,Amorphous Psychic,{},hecatomb_last-hallow's-eve_amorphous-psychic
f3f08e0a-b09f-42c9-b272-608ed94d80ab,third-party-document,0,,"{""obverse"": ""hecatomb_last-hallow's-eve_ancient-maiden"", ""reverse"": ""hecatomb_card-back""}","{""name_printed"": ""Ancient Maiden"", ""rarity"": ""Uncommon"", ""types"": ""[\u0022Relic\u0022]"", ""doom"": ""Deceit"", ""item_dimensions"": ""{\u0022height\u0022: \u00223.5\u0022, \u0022width\u0022: \u00222.5\u0022, \u0022unit\u0022: \u0022inch\u0022}""}",2a9bc512-584c-4798-ae72-e15e25cdbd8a,07bfe7a8-4145-4fc2-9a2c-300c2a5b2573,Ancient Maiden,Ancient Maiden,{},hecatomb_last-hallow's-eve_ancient-maiden
4a529ad2-1b8b-49f9-810f-67c315bd0068,third-party-document,0,,"{""obverse"": ""hecatomb_last-hallow's-eve_anklebiters"", ""reverse"": ""hecatomb_card-back""}","{""name_printed"": ""Anklebiters"", ""rarity"": ""Uncommon"", ""types"": ""[\u0022Minion\u0022]"", ""doom"": ""Greed"", ""item_dimensions"": ""{\u0022height\u0022: \u00223.5\u0022, \u0022width\u0022: \u00222.5\u0022, \u0022unit\u0022: \u0022inch\u0022}""}",2a9bc512-584c-4798-ae72-e15e25cdbd8a,07bfe7a8-4145-4fc2-9a2c-300c2a5b2573,Anklebiters,Anklebiters,{},hecatomb_last-hallow's-eve_anklebiters
1e2a9451-20ad-4123-ad08-81e6f3887240,third-party-document,0,,"{""obverse"": ""hecatomb_last-hallow's-eve_antediluvian"", ""reverse"": ""hecatomb_card-back""}","{""name_printed"": ""Antediluvian"", ""rarity"": ""Uncommon"", ""types"": ""[\u0022Minion\u0022]"", ""doom"": ""Deceit"", ""item_dimensions"": ""{\u0022height\u0022: \u00223.5\u0022, \u0022width\u0022: \u00222.5\u0022, \u0022unit\u0022: \u0022inch\u0022}""}",2a9bc512-584c-4798-ae72-e15e25cdbd8a,07bfe7a8-4145-4fc2-9a2c-300c2a5b2573,Antediluvian,Antediluvian,{},hecatomb_last-hallow's-eve_antediluvian
4dd8c592-5d4f-4e09-86bc-585cce6e0a12,third-party-document,0,,"{""obverse"": ""hecatomb_last-hallow's-eve_archbishop"", ""reverse"": ""hecatomb_card-back""}","{""name_printed"": ""Archbishop"", ""rarity"": ""Rare"", ""types"": ""[\u0022Minion\u0022]"", ""doom"": ""Corruption"", ""item_dimensions"": ""{\u0022height\u0022: \u00223.5\u0022, \u0022width\u0022: \u00222.5\u0022, \u0022unit\u0022: \u0022inch\u0022}""}",2a9bc512-584c-4798-ae72-e15e25cdbd8a,07bfe7a8-4145-4fc2-9a2c-300c2a5b2573,Archbishop,Archbishop,{},hecatomb_last-hallow's-eve_archbishop
73f1127c-c583-4010-b4f9-90b25722c00e,third-party-document,0,,"{""obverse"": ""hecatomb_last-hallow's-eve_ares,-the-devastator"", ""reverse"": ""hecatomb_card-back""}","{""name_printed"": ""ARES, The Devastator"", ""rarity"": ""Rare"", ""types"": ""[\u0022God\u0022]"", ""doom"": ""Destruction"", ""item_dimensions"": ""{\u0022height\u0022: \u00223.5\u0022, \u0022width\u0022: \u00222.5\u0022, \u0022unit\u0022: \u0022inch\u0022}""}",2a9bc512-584c-4798-ae72-e15e25cdbd8a,07bfe7a8-4145-4fc2-9a2c-300c2a5b2573,"ARES, The Devastator","ARES, The Devastator",{},"hecatomb_last-hallow's-eve_ares,-the-devastator"
dfa48d02-d6c0-459d-bb52-019655f4fdf8,third-party-document,0,,"{""obverse"": ""hecatomb_last-hallow's-eve_aura-projector"", ""reverse"": ""hecatomb_card-back""}","{""name_printed"": ""Aura Projector"", ""rarity"": ""Uncommon"", ""types"": ""[\u0022Relic\u0022]"", ""doom"": ""Corruption"", ""item_dimensions"": ""{\u0022height\u0022: \u00223.5\u0022, \u0022width\u0022: \u00222.5\u0022, \u0022unit\u0022: \u0022inch\u0022}""}",2a9bc512-584c-4798-ae72-e15e25cdbd8a,07bfe7a8-4145-4fc2-9a2c-300c2a5b2573,Aura Projector,Aura Projector,{},hecatomb_last-hallow's-eve_aura-projector
8fce9334-435f-4443-b99c-bd4ae3a05594,third-party-document,0,,"{""obverse"": ""hecatomb_last-hallow's-eve_baalzebub,-lord-of-the-flies"", ""reverse"": ""hecatomb_card-back""}","{""name_printed"": ""BAALZEBUB, Lord of the Flies"", ""rarity"": ""Rare"", ""types"": ""[\u0022God\u0022]"", ""doom"": ""Deceit"", ""item_dimensions"": ""{\u0022height\u0022: \u00223.5\u0022, \u0022width\u0022: \u00222.5\u0022, \u0022unit\u0022: \u0022inch\u0022}""}",2a9bc512-584c-4798-ae72-e15e25cdbd8a,07bfe7a8-4145-4fc2-9a2c-300c2a5b2573,"BAALZEBUB, Lord of the Flies","BAALZEBUB, Lord of the Flies",{},"hecatomb_last-hallow's-eve_baalzebub,-lord-of-the-flies"
fcd889eb-f3ab-4829-8614-72777ccdefed,third-party-document,0,,"{""obverse"": ""hecatomb_last-hallow's-eve_bastet-priestess"", ""reverse"": ""hecatomb_card-back""}","{""name_printed"": ""Bastet Priestess"", ""rarity"": ""Uncommon"", ""types"": ""[\u0022Minion\u0022]"", ""doom"": ""Greed"", ""item_dimensions"": ""{\u0022height\u0022: \u00223.5\u0022, \u0022width\u0022: \u00222.5\u0022, \u0022unit\u0022: \u0022inch\u0022}""}",2a9bc512-584c-4798-ae72-e15e25cdbd8a,07bfe7a8-4145-4fc2-9a2c-300c2a5b2573,Bastet Priestess,Bastet Priestess,{},hecatomb_last-hallow's-eve_bastet-priestess
e0de113e-aa21-4686-81ca-b44afe74fd21,third-party-document,0,,"{""obverse"": ""hecatomb_last-hallow's-eve_black-jack"", ""reverse"": ""hecatomb_card-back""}","{""name_printed"": ""Black Jack"", ""rarity"": ""Rare"", ""types"": ""[\u0022Minion\u0022]"", ""doom"": ""Deceit"", ""item_dimensions"": ""{\u0022height\u0022: \u00223.5\u0022, \u0022width\u0022: \u00222.5\u0022, \u0022unit\u0022: \u0022inch\u0022}""}",2a9bc512-584c-4798-ae72-e15e25cdbd8a,07bfe7a8-4145-4fc2-9a2c-300c2a5b2573,Black Jack,Black Jack,{},hecatomb_last-hallow's-eve_black-jack
922d6028-fb54-46ed-9f0e-cfb5bb76dd77,third-party-document,0,,"{""obverse"": ""hecatomb_last-hallow's-eve_book-of-the-dead"", ""reverse"": ""hecatomb_card-back""}","{""name_printed"": ""Book of the Dead"", ""rarity"": ""Rare"", ""types"": ""[\u0022Relic\u0022]"", ""doom"": ""Greed"", ""item_dimensions"": ""{\u0022height\u0022: \u00223.5\u0022, \u0022width\u0022: \u00222.5\u0022, \u0022unit\u0022: \u0022inch\u0022}""}",2a9bc512-584c-4798-ae72-e15e25cdbd8a,07bfe7a8-4145-4fc2-9a2c-300c2a5b2573,Book of the Dead,Book of the Dead,{},hecatomb_last-hallow's-eve_book-of-the-dead
846e78fc-b046-4147-878c-de7963b0dba2,third-party-document,0,,"{""obverse"": ""hecatomb_last-hallow's-eve_bothus-horridus"", ""reverse"": ""hecatomb_card-back""}","{""name_printed"": ""Bothus Horridus"", ""rarity"": ""Common"", ""types"": ""[\u0022Minion\u0022]"", ""doom"": ""Destruction"", ""item_dimensions"": ""{\u0022height\u0022: \u00223.5\u0022, \u0022width\u0022: \u00222.5\u0022, \u0022unit\u0022: \u0022inch\u0022}""}",2a9bc512-584c-4798-ae72-e15e25cdbd8a,07bfe7a8-4145-4fc2-9a2c-300c2a5b2573,Bothus Horridus,Bothus Horridus,{},hecatomb_last-hallow's-eve_bothus-horridus
0d2be54e-11fc-423a-a228-2d36d95faa15,third-party-document,0,,"{""obverse"": ""hecatomb_last-hallow's-eve_brain-worm"", ""reverse"": ""hecatomb_card-back""}","{""name_printed"": ""Brain Worm"", ""rarity"": ""Common"", ""types"": ""[\u0022Minion\u0022]"", ""doom"": ""Destruction"", ""item_dimensions"": ""{\u0022height\u0022: \u00223.5\u0022, \u0022width\u0022: \u00222.5\u0022, \u0022unit\u0022: \u0022inch\u0022}""}",2a9bc512-584c-4798-ae72-e15e25cdbd8a,07bfe7a8-4145-4fc2-9a2c-300c2a5b2573,Brain Worm,Brain Worm,{},hecatomb_last-hallow's-eve_brain-worm
f1460a3f-a84d-4fb9-a1ee-ce886dce74e3,third-party-document,0,,"{""obverse"": ""hecatomb_last-hallow's-eve_cement-shoes"", ""reverse"": ""hecatomb_card-back""}","{""name_printed"": ""Cement Shoes"", ""rarity"": ""Uncommon"", ""types"": ""[\u0022Fate\u0022]"", ""doom"": ""Greed"", ""item_dimensions"": ""{\u0022height\u0022: \u00223.5\u0022, \u0022width\u0022: \u00222.5\u0022, \u0022unit\u0022: \u0022inch\u0022}""}",2a9bc512-584c-4798-ae72-e15e25cdbd8a,07bfe7a8-4145-4fc2-9a2c-300c2a5b2573,Cement Shoes,Cement Shoes,{},hecatomb_last-hallow's-eve_cement-shoes
dd58f980-431e-489c-a2d8-143121ea672b,third-party-document,0,,"{""obverse"": ""hecatomb_last-hallow's-eve_chacutl-harpy"", ""reverse"": ""hecatomb_card-back""}","{""name_printed"": ""Chacutl Harpy"", ""rarity"": ""Uncommon"", ""types"": ""[\u0022Minion\u0022]"", ""doom"": ""Corruption"", ""item_dimensions"": ""{\u0022height\u0022: \u00223.5\u0022, \u0022width\u0022: \u00222.5\u0022, \u0022unit\u0022: \u0022inch\u0022}""}",2a9bc512-584c-4798-ae72-e15e25cdbd8a,07bfe7a8-4145-4fc2-9a2c-300c2a5b2573,Chacutl Harpy,Chacutl Harpy,{},hecatomb_last-hallow's-eve_chacutl-harpy
55b9cdc2-f0da-4e5b-af67-efcaf72ab9a6,third-party-document,0,,"{""obverse"": ""hecatomb_last-hallow's-eve_chammelganger"", ""reverse"": ""hecatomb_card-back""}","{""name_printed"": ""Chammelganger"", ""rarity"": ""Common"", ""types"": ""[\u0022Minion\u0022]"", ""doom"": ""Deceit"", ""item_dimensions"": ""{\u0022height\u0022: \u00223.5\u0022, \u0022width\u0022: \u00222.5\u0022, \u0022unit\u0022: \u0022inch\u0022}""}",2a9bc512-584c-4798-ae72-e15e25cdbd8a,07bfe7a8-4145-4fc2-9a2c-300c2a5b2573,Chammelganger,Chammelganger,{},hecatomb_last-hallow's-eve_chammelganger
01c43481-00f1-4a7c-bbb8-4175c4850543,third-party-document,0,,"{""obverse"": ""hecatomb_last-hallow's-eve_chemical-specialist"", ""reverse"": ""hecatomb_card-back""}","{""name_printed"": ""Chemical Specialist"", ""rarity"": ""Rare"", ""types"": ""[\u0022Minion\u0022]"", ""doom"": ""Deceit"", ""item_dimensions"": ""{\u0022height\u0022: \u00223.5\u0022, \u0022width\u0022: \u00222.5\u0022, \u0022unit\u0022: \u0022inch\u0022}""}",2a9bc512-584c-4798-ae72-e15e25cdbd8a,07bfe7a8-4145-4fc2-9a2c-300c2a5b2573,Chemical Specialist,Chemical Specialist,{},hecatomb_last-hallow's-eve_chemical-specialist
70aabcb1-8868-45b4-9b14-c5d524cca2c5,third-party-document,0,,"{""obverse"": ""hecatomb_last-hallow's-eve_chronic-fatigue"", ""reverse"": ""hecatomb_card-back""}","{""name_printed"": ""Chronic Fatigue"", ""rarity"": ""Common"", ""types"": ""[\u0022Fate\u0022]"", ""doom"": ""Greed"", ""speed"": ""Combat"", ""item_dimensions"": ""{\u0022height\u0022: \u00223.5\u0022, \u0022width\u0022: \u00222.5\u0022, \u0022unit\u0022: \u0022inch\u0022}""}",2a9bc512-584c-4798-ae72-e15e25cdbd8a,07bfe7a8-4145-4fc2-9a2c-300c2a5b2573,Chronic Fatigue,Chronic Fatigue,{},hecatomb_last-hallow's-eve_chronic-fatigue
35ad902d-93ab-4881-a44d-c38b3a928b8d,third-party-document,0,,"{""obverse"": ""hecatomb_last-hallow's-eve_chupacabra-del-muerte"", ""reverse"": ""hecatomb_card-back""}","{""name_printed"": ""Chupacabra del Muerte"", ""rarity"": ""Rare"", ""types"": ""[\u0022Minion\u0022]"", ""doom"": ""Greed"", ""item_dimensions"": ""{\u0022height\u0022: \u00223.5\u0022, \u0022width\u0022: \u00222.5\u0022, \u0022unit\u0022: \u0022inch\u0022}""}",2a9bc512-584c-4798-ae72-e15e25cdbd8a,07bfe7a8-4145-4fc2-9a2c-300c2a5b2573,Chupacabra del Muerte,Chupacabra del Muerte,{},hecatomb_last-hallow's-eve_chupacabra-del-muerte
b85f960c-def2-40ee-b2b1-eaf2d858a180,third-party-document,0,,"{""obverse"": ""hecatomb_last-hallow's-eve_cranioderm"", ""reverse"": ""hecatomb_card-back""}","{""name_printed"": ""Cranioderm"", ""rarity"": ""Uncommon"", ""types"": ""[\u0022Minion\u0022]"", ""doom"": ""Greed"", ""item_dimensions"": ""{\u0022height\u0022: \u00223.5\u0022, \u0022width\u0022: \u00222.5\u0022, \u0022unit\u0022: \u0022inch\u0022}""}",2a9bc512-584c-4798-ae72-e15e25cdbd8a,07bfe7a8-4145-4fc2-9a2c-300c2a5b2573,Cranioderm,Cranioderm,{},hecatomb_last-hallow's-eve_cranioderm
dce65d99-7989-4512-a3ba-b45d8b0fab58,third-party-document,0,,"{""obverse"": ""hecatomb_last-hallow's-eve_crown-of-namtar"", ""reverse"": ""hecatomb_card-back""}","{""name_printed"": ""Crown of Namtar"", ""rarity"": ""Rare"", ""types"": ""[\u0022Relic\u0022]"", ""doom"": ""Greed"", ""item_dimensions"": ""{\u0022height\u0022: \u00223.5\u0022, \u0022width\u0022: \u00222.5\u0022, \u0022unit\u0022: \u0022inch\u0022}""}",2a9bc512-584c-4798-ae72-e15e25cdbd8a,07bfe7a8-4145-4fc2-9a2c-300c2a5b2573,Crown of Namtar,Crown of Namtar,{},hecatomb_last-hallow's-eve_crown-of-namtar
2901f18b-d99c-47a4-a6df-76616d15279a,third-party-document,0,,"{""obverse"": ""hecatomb_last-hallow's-eve_cth'-aboth"", ""reverse"": ""hecatomb_card-back""}","{""name_printed"": ""Cth' Aboth"", ""rarity"": ""Rare"", ""types"": ""[\u0022Minion\u0022]"", ""doom"": ""Corruption"", ""item_dimensions"": ""{\u0022height\u0022: \u00223.5\u0022, \u0022width\u0022: \u00222.5\u0022, \u0022unit\u0022: \u0022inch\u0022}""}",2a9bc512-584c-4798-ae72-e15e25cdbd8a,07bfe7a8-4145-4fc2-9a2c-300c2a5b2573,Cth' Aboth,Cth' Aboth,{},hecatomb_last-hallow's-eve_cth'-aboth
9e872ca9-0b1e-4e90-a8c9-730137389ea2,third-party-document,0,,"{""obverse"": ""hecatomb_last-hallow's-eve_cursed-galleon"", ""reverse"": ""hecatomb_card-back""}","{""name_printed"": ""Cursed Galleon"", ""rarity"": ""Uncommon"", ""types"": ""[\u0022Relic\u0022]"", ""doom"": ""Corruption"", ""item_dimensions"": ""{\u0022height\u0022: \u00223.5\u0022, \u0022width\u0022: \u00222.5\u0022, \u0022unit\u0022: \u0022inch\u0022}""}",2a9bc512-584c-4798-ae72-e15e25cdbd8a,07bfe7a8-4145-4fc2-9a2c-300c2a5b2573,Cursed Galleon,Cursed Galleon,{},hecatomb_last-hallow's-eve_cursed-galleon
45d3be69-cd0d-448c-8ea6-fc96f2833ca5,third-party-document,0,,"{""obverse"": ""hecatomb_last-hallow's-eve_daka-azu"", ""reverse"": ""hecatomb_card-back""}","{""name_printed"": ""Daka Azu"", ""rarity"": ""Common"", ""types"": ""[\u0022Minion\u0022]"", ""doom"": ""Greed"", ""item_dimensions"": ""{\u0022height\u0022: \u00223.5\u0022, \u0022width\u0022: \u00222.5\u0022, \u0022unit\u0022: \u0022inch\u0022}""}",2a9bc512-584c-4798-ae72-e15e25cdbd8a,07bfe7a8-4145-4fc2-9a2c-300c2a5b2573,Daka Azu,Daka Azu,{},hecatomb_last-hallow's-eve_daka-azu
9090d56f-8ed0-4ad2-a30e-b849149b8c53,third-party-document,0,,"{""obverse"": ""hecatomb_last-hallow's-eve_dead-dog"", ""reverse"": ""hecatomb_card-back""}","{""name_printed"": ""Dead Dog"", ""rarity"": ""Rare"", ""types"": ""[\u0022Minion\u0022]"", ""doom"": ""Deceit"", ""item_dimensions"": ""{\u0022height\u0022: \u00223.5\u0022, \u0022width\u0022: \u00222.5\u0022, \u0022unit\u0022: \u0022inch\u0022}""}",2a9bc512-584c-4798-ae72-e15e25cdbd8a,07bfe7a8-4145-4fc2-9a2c-300c2a5b2573,Dead Dog,Dead Dog,{},hecatomb_last-hallow's-eve_dead-dog
a16d08f3-fe19-4e19-a4a8-6a28c073dfd7,third-party-document,0,,"{""obverse"": ""hecatomb_last-hallow's-eve_deadphones"", ""reverse"": ""hecatomb_card-back""}","{""name_printed"": ""Deadphones"", ""rarity"": ""Common"", ""types"": ""[\u0022Minion\u0022]"", ""doom"": ""Greed"", ""item_dimensions"": ""{\u0022height\u0022: \u00223.5\u0022, \u0022width\u0022: \u00222.5\u0022, \u0022unit\u0022: \u0022inch\u0022}""}",2a9bc512-584c-4798-ae72-e15e25cdbd8a,07bfe7a8-4145-4fc2-9a2c-300c2a5b2573,Deadphones,Deadphones,{},hecatomb_last-hallow's-eve_deadphones
77a38105-4f54-4c27-8b0b-e507ef9ab70b,third-party-document,0,,"{""obverse"": ""hecatomb_last-hallow's-eve_death-frog"", ""reverse"": ""hecatomb_card-back""}","{""name_printed"": ""Death Frog"", ""rarity"": ""Uncommon"", ""types"": ""[\u0022Minion\u0022]"", ""doom"": ""Greed"", ""item_dimensions"": ""{\u0022height\u0022: \u00223.5\u0022, \u0022width\u0022: \u00222.5\u0022, \u0022unit\u0022: \u0022inch\u0022}""}",2a9bc512-584c-4798-ae72-e15e25cdbd8a,07bfe7a8-4145-4fc2-9a2c-300c2a5b2573,Death Frog,Death Frog,{},hecatomb_last-hallow's-eve_death-frog
84ad4050-8ca8-41b3-9854-b30dbf804476,third-party-document,0,,"{""obverse"": ""hecatomb_last-hallow's-eve_death-speaker"", ""reverse"": ""hecatomb_card-back""}","{""name_printed"": ""Death Speaker"", ""rarity"": ""Common"", ""types"": ""[\u0022Minion\u0022]"", ""doom"": ""Destruction"", ""item_dimensions"": ""{\u0022height\u0022: \u00223.5\u0022, \u0022width\u0022: \u00222.5\u0022, \u0022unit\u0022: \u0022inch\u0022}""}",2a9bc512-584c-4798-ae72-e15e25cdbd8a,07bfe7a8-4145-4fc2-9a2c-300c2a5b2573,Death Speaker,Death Speaker,{},hecatomb_last-hallow's-eve_death-speaker
a47a27e0-c98e-4417-bbef-37b01a5fb478,third-party-document,0,,"{""obverse"": ""hecatomb_last-hallow's-eve_deathsong-shrieker"", ""reverse"": ""hecatomb_card-back""}","{""name_printed"": ""Deathsong Shrieker"", ""rarity"": ""Common"", ""types"": ""[\u0022Minion\u0022]"", ""doom"": ""Destruction"", ""speed"": ""Combat"", ""item_dimensions"": ""{\u0022height\u0022: \u00223.5\u0022, \u0022width\u0022: \u00222.5\u0022, \u0022unit\u0022: \u0022inch\u0022}""}",2a9bc512-584c-4798-ae72-e15e25cdbd8a,07bfe7a8-4145-4fc2-9a2c-300c2a5b2573,Deathsong Shrieker,Deathsong Shrieker,{},hecatomb_last-hallow's-eve_deathsong-shrieker
8a525599-2630-4865-93d6-4dba7e84ebbf,third-party-document,0,,"{""obverse"": ""hecatomb_last-hallow's-eve_deep-lurker"", ""reverse"": ""hecatomb_card-back""}","{""name_printed"": ""Deep Lurker"", ""rarity"": ""Uncommon"", ""types"": ""[\u0022Minion\u0022]"", ""doom"": ""Corruption"", ""item_dimensions"": ""{\u0022height\u0022: \u00223.5\u0022, \u0022width\u0022: \u00222.5\u0022, \u0022unit\u0022: \u0022inch\u0022}""}",2a9bc512-584c-4798-ae72-e15e25cdbd8a,07bfe7a8-4145-4fc2-9a2c-300c2a5b2573,Deep Lurker,Deep Lurker,{},hecatomb_last-hallow's-eve_deep-lurker
4a532110-00cf-4835-8476-9825229f951a,third-party-document,0,,"{""obverse"": ""hecatomb_last-hallow's-eve_destroy-the-mall"", ""reverse"": ""hecatomb_card-back""}","{""name_printed"": ""Destroy the Mall"", ""rarity"": ""Uncommon"", ""types"": ""[\u0022Fate\u0022]"", ""doom"": ""Corruption"", ""item_dimensions"": ""{\u0022height\u0022: \u00223.5\u0022, \u0022width\u0022: \u00222.5\u0022, \u0022unit\u0022: \u0022inch\u0022}""}",2a9bc512-584c-4798-ae72-e15e25cdbd8a,07bfe7a8-4145-4fc2-9a2c-300c2a5b2573,Destroy the Mall,Destroy the Mall,{},hecatomb_last-hallow's-eve_destroy-the-mall
71a14dd0-a496-4e55-b774-80cff75f48a4,third-party-document,0,,"{""obverse"": ""hecatomb_last-hallow's-eve_dimensional-rift"", ""reverse"": ""hecatomb_card-back""}","{""name_printed"": ""Dimensional Rift"", ""rarity"": ""Rare"", ""types"": ""[\u0022Fate\u0022]"", ""doom"": ""Corruption"", ""speed"": ""Combat"", ""item_dimensions"": ""{\u0022height\u0022: \u00223.5\u0022, \u0022width\u0022: \u00222.5\u0022, \u0022unit\u0022: \u0022inch\u0022}""}",2a9bc512-584c-4798-ae72-e15e25cdbd8a,07bfe7a8-4145-4fc2-9a2c-300c2a5b2573,Dimensional Rift,Dimensional Rift,{},hecatomb_last-hallow's-eve_dimensional-rift
6cbc4d12-8441-49fd-adba-706011a01aea,third-party-document,0,,"{""obverse"": ""hecatomb_last-hallow's-eve_divine-mantis-punch"", ""reverse"": ""hecatomb_card-back""}","{""name_printed"": ""Divine Mantis Punch"", ""rarity"": ""Common"", ""types"": ""[\u0022Fate\u0022]"", ""doom"": ""Deceit"", ""speed"": ""Combat"", ""item_dimensions"": ""{\u0022height\u0022: \u00223.5\u0022, \u0022width\u0022: \u00222.5\u0022, \u0022unit\u0022: \u0022inch\u0022}""}",2a9bc512-584c-4798-ae72-e15e25cdbd8a,07bfe7a8-4145-4fc2-9a2c-300c2a5b2573,Divine Mantis Punch,Divine Mantis Punch,{},hecatomb_last-hallow's-eve_divine-mantis-punch
556bb3d1-30db-456e-8aec-e2a777629ce0,third-party-document,0,,"{""obverse"": ""hecatomb_last-hallow's-eve_dog-of-war"", ""reverse"": ""hecatomb_card-back""}","{""name_printed"": ""Dog of War"", ""rarity"": ""Uncommon"", ""types"": ""[\u0022Minion\u0022]"", ""doom"": ""Destruction"", ""speed"": ""Combat"", ""item_dimensions"": ""{\u0022height\u0022: \u00223.5\u0022, \u0022width\u0022: \u00222.5\u0022, \u0022unit\u0022: \u0022inch\u0022}""}",2a9bc512-584c-4798-ae72-e15e25cdbd8a,07bfe7a8-4145-4fc2-9a2c-300c2a5b2573,Dog of War,Dog of War,{},hecatomb_last-hallow's-eve_dog-of-war
50edae7c-1785-4d5e-aa21-25eba5fcb8d3,third-party-document,0,,"{""obverse"": ""hecatomb_last-hallow's-eve_doublethinker"", ""reverse"": ""hecatomb_card-back""}","{""name_printed"": ""Doublethinker"", ""rarity"": ""Rare"", ""types"": ""[\u0022Minion\u0022]"", ""doom"": ""Corruption"", ""speed"": ""Combat"", ""item_dimensions"": ""{\u0022height\u0022: \u00223.5\u0022, \u0022width\u0022: \u00222.5\u0022, \u0022unit\u0022: \u0022inch\u0022}""}",2a9bc512-584c-4798-ae72-e15e25cdbd8a,07bfe7a8-4145-4fc2-9a2c-300c2a5b2573,Doublethinker,Doublethinker,{},hecatomb_last-hallow's-eve_doublethinker
7e6907fb-deab-4736-8f44-8484c4d1c3b8,third-party-document,0,,"{""obverse"": ""hecatomb_last-hallow's-eve_dravulok-the-breeder"", ""reverse"": ""hecatomb_card-back""}","{""name_printed"": ""Dravulok the Breeder"", ""rarity"": ""Rare"", ""types"": ""[\u0022Minion\u0022]"", ""doom"": ""Destruction"", ""item_dimensions"": ""{\u0022height\u0022: \u00223.5\u0022, \u0022width\u0022: \u00222.5\u0022, \u0022unit\u0022: \u0022inch\u0022}""}",2a9bc512-584c-4798-ae72-e15e25cdbd8a,07bfe7a8-4145-4fc2-9a2c-300c2a5b2573,Dravulok the Breeder,Dravulok the Breeder,{},hecatomb_last-hallow's-eve_dravulok-the-breeder
ab0b928a-e996-4e93-b922-e31cf494cafd,third-party-document,0,,"{""obverse"": ""hecatomb_last-hallow's-eve_dromedary-mystic"", ""reverse"": ""hecatomb_card-back""}","{""name_printed"": ""Dromedary Mystic"", ""rarity"": ""Uncommon"", ""types"": ""[\u0022Minion\u0022]"", ""doom"": ""Deceit"", ""item_dimensions"": ""{\u0022height\u0022: \u00223.5\u0022, \u0022width\u0022: \u00222.5\u0022, \u0022unit\u0022: \u0022inch\u0022}""}",2a9bc512-584c-4798-ae72-e15e25cdbd8a,07bfe7a8-4145-4fc2-9a2c-300c2a5b2573,Dromedary Mystic,Dromedary Mystic,{},hecatomb_last-hallow's-eve_dromedary-mystic
c59e20fc-fff0-4e8e-abf1-5c5e00b5f356,third-party-document,0,,"{""obverse"": ""hecatomb_last-hallow's-eve_eihort"", ""reverse"": ""hecatomb_card-back""}","{""name_printed"": ""Eihort"", ""rarity"": ""Rare"", ""types"": ""[\u0022Minion\u0022]"", ""doom"": ""Greed"", ""item_dimensions"": ""{\u0022height\u0022: \u00223.5\u0022, \u0022width\u0022: \u00222.5\u0022, \u0022unit\u0022: \u0022inch\u0022}""}",2a9bc512-584c-4798-ae72-e15e25cdbd8a,07bfe7a8-4145-4fc2-9a2c-300c2a5b2573,Eihort,Eihort,{},hecatomb_last-hallow's-eve_eihort
9d5b133e-5fed-43a3-b4d3-137159ab07aa,third-party-document,0,,"{""obverse"": ""hecatomb_last-hallow's-eve_elder-sign"", ""reverse"": ""hecatomb_card-back""}","{""name_printed"": ""Elder Sign"", ""rarity"": ""Uncommon"", ""types"": ""[\u0022Relic\u0022]"", ""doom"": ""Deceit"", ""item_dimensions"": ""{\u0022height\u0022: \u00223.5\u0022, \u0022width\u0022: \u00222.5\u0022, \u0022unit\u0022: \u0022inch\u0022}""}",2a9bc512-584c-4798-ae72-e15e25cdbd8a,07bfe7a8-4145-4fc2-9a2c-300c2a5b2573,Elder Sign,Elder Sign,{},hecatomb_last-hallow's-eve_elder-sign
7f05a9c0-10df-4ef6-b995-1a970cad6e23,third-party-document,0,,"{""obverse"": ""hecatomb_last-hallow's-eve_evil-spawn"", ""reverse"": ""hecatomb_card-back""}","{""name_printed"": ""Evil Spawn"", ""rarity"": ""Common"", ""types"": ""[\u0022Minion\u0022]"", ""doom"": ""Deceit"", ""item_dimensions"": ""{\u0022height\u0022: \u00223.5\u0022, \u0022width\u0022: \u00222.5\u0022, \u0022unit\u0022: \u0022inch\u0022}""}",2a9bc512-584c-4798-ae72-e15e25cdbd8a,07bfe7a8-4145-4fc2-9a2c-300c2a5b2573,Evil Spawn,Evil Spawn,{},hecatomb_last-hallow's-eve_evil-spawn
004cf107-1a8f-4b1b-a875-972cfa4bec01,third-party-document,0,,"{""obverse"": ""hecatomb_last-hallow's-eve_experiment-17"", ""reverse"": ""hecatomb_card-back""}","{""name_printed"": ""Experiment 17"", ""rarity"": ""Common"", ""types"": ""[\u0022Minion\u0022]"", ""doom"": ""Corruption"", ""item_dimensions"": ""{\u0022height\u0022: \u00223.5\u0022, \u0022width\u0022: \u00222.5\u0022, \u0022unit\u0022: \u0022inch\u0022}""}",2a9bc512-584c-4798-ae72-e15e25cdbd8a,07bfe7a8-4145-4fc2-9a2c-300c2a5b2573,Experiment 17,Experiment 17,{},hecatomb_last-hallow's-eve_experiment-17
adfefa43-b3c4-4d64-ba7f-09837164da2b,third-party-document,0,,"{""obverse"": ""hecatomb_last-hallow's-eve_felis-mortis"", ""reverse"": ""hecatomb_card-back""}","{""name_printed"": ""Felis Mortis"", ""rarity"": ""Common"", ""types"": ""[\u0022Minion\u0022]"", ""doom"": ""Greed"", ""item_dimensions"": ""{\u0022height\u0022: \u00223.5\u0022, \u0022width\u0022: \u00222.5\u0022, \u0022unit\u0022: \u0022inch\u0022}""}",2a9bc512-584c-4798-ae72-e15e25cdbd8a,07bfe7a8-4145-4fc2-9a2c-300c2a5b2573,Felis Mortis,Felis Mortis,{},hecatomb_last-hallow's-eve_felis-mortis
696fdbad-5649-4efd-b68c-c5f886ad73f8,third-party-document,0,,"{""obverse"": ""hecatomb_last-hallow's-eve_filth-dweller"", ""reverse"": ""hecatomb_card-back""}","{""name_printed"": ""Filth Dweller"", ""rarity"": ""Uncommon"", ""types"": ""[\u0022Minion\u0022]"", ""doom"": ""Greed"", ""item_dimensions"": ""{\u0022height\u0022: \u00223.5\u0022, \u0022width\u0022: \u00222.5\u0022, \u0022unit\u0022: \u0022inch\u0022}""}",2a9bc512-584c-4798-ae72-e15e25cdbd8a,07bfe7a8-4145-4fc2-9a2c-300c2a5b2573,Filth Dweller,Filth Dweller,{},hecatomb_last-hallow's-eve_filth-dweller
ff4829ea-43bc-4934-ae5c-1596573e3ede,third-party-document,0,,"{""obverse"": ""hecatomb_last-hallow's-eve_finger-walker"", ""reverse"": ""hecatomb_card-back""}","{""name_printed"": ""Finger Walker"", ""rarity"": ""Uncommon"", ""types"": ""[\u0022Minion\u0022]"", ""doom"": ""Deceit"", ""item_dimensions"": ""{\u0022height\u0022: \u00223.5\u0022, \u0022width\u0022: \u00222.5\u0022, \u0022unit\u0022: \u0022inch\u0022}""}",2a9bc512-584c-4798-ae72-e15e25cdbd8a,07bfe7a8-4145-4fc2-9a2c-300c2a5b2573,Finger Walker,Finger Walker,{},hecatomb_last-hallow's-eve_finger-walker
ca898e76-ec3e-4f8d-8ff3-fa1cc867bf9e,third-party-document,0,,"{""obverse"": ""hecatomb_last-hallow's-eve_fomorian-elder"", ""reverse"": ""hecatomb_card-back""}","{""name_printed"": ""Fomorian Elder"", ""rarity"": ""Common"", ""types"": ""[\u0022Minion\u0022]"", ""doom"": ""Destruction"", ""item_dimensions"": ""{\u0022height\u0022: \u00223.5\u0022, \u0022width\u0022: \u00222.5\u0022, \u0022unit\u0022: \u0022inch\u0022}""}",2a9bc512-584c-4798-ae72-e15e25cdbd8a,07bfe7a8-4145-4fc2-9a2c-300c2a5b2573,Fomorian Elder,Fomorian Elder,{},hecatomb_last-hallow's-eve_fomorian-elder
daf912d7-5e70-4c68-83d9-74434cf488e4,third-party-document,0,,"{""obverse"": ""hecatomb_last-hallow's-eve_formless-shifter"", ""reverse"": ""hecatomb_card-back""}","{""name_printed"": ""Formless Shifter"", ""rarity"": ""Rare"", ""types"": ""[\u0022Minion\u0022]"", ""doom"": ""Deceit"", ""item_dimensions"": ""{\u0022height\u0022: \u00223.5\u0022, \u0022width\u0022: \u00222.5\u0022, \u0022unit\u0022: \u0022inch\u0022}""}",2a9bc512-584c-4798-ae72-e15e25cdbd8a,07bfe7a8-4145-4fc2-9a2c-300c2a5b2573,Formless Shifter,Formless Shifter,{},hecatomb_last-hallow's-eve_formless-shifter
e5cb270f-51e7-46eb-9309-9502f32e3181,third-party-document,0,,"{""obverse"": ""hecatomb_last-hallow's-eve_fortune's-soldier"", ""reverse"": ""hecatomb_card-back""}","{""name_printed"": ""Fortune's Soldier"", ""rarity"": ""Uncommon"", ""types"": ""[\u0022Minion\u0022]"", ""doom"": ""Destruction"", ""item_dimensions"": ""{\u0022height\u0022: \u00223.5\u0022, \u0022width\u0022: \u00222.5\u0022, \u0022unit\u0022: \u0022inch\u0022}""}",2a9bc512-584c-4798-ae72-e15e25cdbd8a,07bfe7a8-4145-4fc2-9a2c-300c2a5b2573,Fortune's Soldier,Fortune's Soldier,{},hecatomb_last-hallow's-eve_fortune's-soldier
d2c9b357-ec40-4244-9e5d-51108d59ca31,third-party-document,0,,"{""obverse"": ""hecatomb_last-hallow's-eve_fricatrice"", ""reverse"": ""hecatomb_card-back""}","{""name_printed"": ""Fricatrice"", ""rarity"": ""Uncommon"", ""types"": ""[\u0022Minion\u0022]"", ""doom"": ""Corruption"", ""item_dimensions"": ""{\u0022height\u0022: \u00223.5\u0022, \u0022width\u0022: \u00222.5\u0022, \u0022unit\u0022: \u0022inch\u0022}""}",2a9bc512-584c-4798-ae72-e15e25cdbd8a,07bfe7a8-4145-4fc2-9a2c-300c2a5b2573,Fricatrice,Fricatrice,{},hecatomb_last-hallow's-eve_fricatrice
ee8f2f2e-4e4c-45d7-aeb3-0d016e3dc53c,third-party-document,0,,"{""obverse"": ""hecatomb_last-hallow's-eve_gauss-rifle"", ""reverse"": ""hecatomb_card-back""}","{""name_printed"": ""Gauss Rifle"", ""rarity"": ""Rare"", ""types"": ""[\u0022Relic\u0022]"", ""doom"": ""Destruction"", ""item_dimensions"": ""{\u0022height\u0022: \u00223.5\u0022, \u0022width\u0022: \u00222.5\u0022, \u0022unit\u0022: \u0022inch\u0022}""}",2a9bc512-584c-4798-ae72-e15e25cdbd8a,07bfe7a8-4145-4fc2-9a2c-300c2a5b2573,Gauss Rifle,Gauss Rifle,{},hecatomb_last-hallow's-eve_gauss-rifle
dea98e2f-017b-46f5-bad3-0999e7be0d11,third-party-document,0,,"{""obverse"": ""hecatomb_last-hallow's-eve_gift-of-yog-sothoth"", ""reverse"": ""hecatomb_card-back""}","{""name_printed"": ""Gift of Yog-Sothoth"", ""rarity"": ""Common"", ""types"": ""[\u0022Fate\u0022]"", ""doom"": ""Corruption"", ""item_dimensions"": ""{\u0022height\u0022: \u00223.5\u0022, \u0022width\u0022: \u00222.5\u0022, \u0022unit\u0022: \u0022inch\u0022}""}",2a9bc512-584c-4798-ae72-e15e25cdbd8a,07bfe7a8-4145-4fc2-9a2c-300c2a5b2573,Gift of Yog-Sothoth,Gift of Yog-Sothoth,{},hecatomb_last-hallow's-eve_gift-of-yog-sothoth
ca354427-3c29-491d-84c2-8d6bd779bd59,third-party-document,0,,"{""obverse"": ""hecatomb_last-hallow's-eve_greater-khoshu"", ""reverse"": ""hecatomb_card-back""}","{""name_printed"": ""Greater Khoshu"", ""rarity"": ""Uncommon"", ""types"": ""[\u0022Minion\u0022]"", ""doom"": ""Deceit"", ""item_dimensions"": ""{\u0022height\u0022: \u00223.5\u0022, \u0022width\u0022: \u00222.5\u0022, \u0022unit\u0022: \u0022inch\u0022}""}",2a9bc512-584c-4798-ae72-e15e25cdbd8a,07bfe7a8-4145-4fc2-9a2c-300c2a5b2573,Greater Khoshu,Greater Khoshu,{},hecatomb_last-hallow's-eve_greater-khoshu
da5c1b51-f51d-440d-9486-a2c172b04d03,third-party-document,0,,"{""obverse"": ""hecatomb_last-hallow's-eve_grim-judge"", ""reverse"": ""hecatomb_card-back""}","{""name_printed"": ""Grim Judge"", ""rarity"": ""Rare"", ""types"": ""[\u0022Minion\u0022]"", ""doom"": ""Deceit"", ""item_dimensions"": ""{\u0022height\u0022: \u00223.5\u0022, \u0022width\u0022: \u00222.5\u0022, \u0022unit\u0022: \u0022inch\u0022}""}",2a9bc512-584c-4798-ae72-e15e25cdbd8a,07bfe7a8-4145-4fc2-9a2c-300c2a5b2573,Grim Judge,Grim Judge,{},hecatomb_last-hallow's-eve_grim-judge
b2fd8334-cc76-4cb3-8694-ecc362b43f22,third-party-document,0,,"{""obverse"": ""hecatomb_last-hallow's-eve_gug"", ""reverse"": ""hecatomb_card-back""}","{""name_printed"": ""Gug"", ""rarity"": ""Rare"", ""types"": ""[\u0022Minion\u0022]"", ""doom"": ""Destruction"", ""item_dimensions"": ""{\u0022height\u0022: \u00223.5\u0022, \u0022width\u0022: \u00222.5\u0022, \u0022unit\u0022: \u0022inch\u0022}""}",2a9bc512-584c-4798-ae72-e15e25cdbd8a,07bfe7a8-4145-4fc2-9a2c-300c2a5b2573,Gug,Gug,{},hecatomb_last-hallow's-eve_gug
4e8f80dc-1b4c-4627-883d-52bfde4ae8fd,third-party-document,0,,"{""obverse"": ""hecatomb_last-hallow's-eve_hatchoq"", ""reverse"": ""hecatomb_card-back""}","{""name_printed"": ""Hatchoq"", ""rarity"": ""Rare"", ""types"": ""[\u0022Minion\u0022]"", ""doom"": ""Corruption"", ""item_dimensions"": ""{\u0022height\u0022: \u00223.5\u0022, \u0022width\u0022: \u00222.5\u0022, \u0022unit\u0022: \u0022inch\u0022}""}",2a9bc512-584c-4798-ae72-e15e25cdbd8a,07bfe7a8-4145-4fc2-9a2c-300c2a5b2573,Hatchoq,Hatchoq,{},hecatomb_last-hallow's-eve_hatchoq
0cd552a6-da5a-442d-8a40-39e296154b5f,third-party-document,0,,"{""obverse"": ""hecatomb_last-hallow's-eve_hekatoncheir"", ""reverse"": ""hecatomb_card-back""}","{""name_printed"": ""Hekatoncheir"", ""rarity"": ""Uncommon"", ""types"": ""[\u0022Minion\u0022]"", ""doom"": ""Destruction"", ""item_dimensions"": ""{\u0022height\u0022: \u00223.5\u0022, \u0022width\u0022: \u00222.5\u0022, \u0022unit\u0022: \u0022inch\u0022}""}",2a9bc512-584c-4798-ae72-e15e25cdbd8a,07bfe7a8-4145-4fc2-9a2c-300c2a5b2573,Hekatoncheir,Hekatoncheir,{},hecatomb_last-hallow's-eve_hekatoncheir
cb8a8140-9208-476e-8917-cc8ea36e8c00,photo,0,,"{""obverse"": ""hecatomb_last-hallow's-eve_hell-on-wheels"", ""reverse"": ""hecatomb_card-back""}","{""name_printed"": ""Hell on Wheels"", ""rarity"": ""Common"", ""number"": ""63"", ""types"": ""[\u0022Minion\u0022]"", ""cost"": ""2"", ""doom"": ""Destruction"", ""subtype"": ""Animate"", ""strength"": ""1"", ""conditional_ability"": ""Target abomination can attack as though it weren't a Guardian."", ""conditional_ability_trigger_doom"": ""Corruption"", ""flavor_text"": ""Zero to sixty in five seconds. Killings, that is."", ""artist_names_printed"": ""[\u0022John Van Fleet\u0022]"", ""item_dimensions"": ""{\u0022height\u0022: \u00223.5\u0022, \u0022width\u0022: \u00222.5\u0022, \u0022unit\u0022: \u0022inch\u0022}""}",2a9bc512-584c-4798-ae72-e15e25cdbd8a,07bfe7a8-4145-4fc2-9a2c-300c2a5b2573,Hell on Wheels,Hell on Wheels,{},hecatomb_last-hallow's-eve_hell-on-wheels
3347bb9d-7380-4e5a-b0a2-ce3c0930f376,third-party-document,0,,"{""obverse"": ""hecatomb_last-hallow's-eve_hippogog"", ""reverse"": ""hecatomb_card-back""}","{""name_printed"": ""Hippogog"", ""rarity"": ""Rare"", ""types"": ""[\u0022Minion\u0022]"", ""doom"": ""Greed"", ""item_dimensions"": ""{\u0022height\u0022: \u00223.5\u0022, \u0022width\u0022: \u00222.5\u0022, \u0022unit\u0022: \u0022inch\u0022}""}",2a9bc512-584c-4798-ae72-e15e25cdbd8a,07bfe7a8-4145-4fc2-9a2c-300c2a5b2573,Hippogog,Hippogog,{},hecatomb_last-hallow's-eve_hippogog
ab363a96-b866-4172-ad48-035260e9b074,third-party-document,0,,"{""obverse"": ""hecatomb_last-hallow's-eve_hiveling"", ""reverse"": ""hecatomb_card-back""}","{""name_printed"": ""Hiveling"", ""rarity"": ""Common"", ""types"": ""[\u0022Minion\u0022]"", ""doom"": ""Deceit"", ""item_dimensions"": ""{\u0022height\u0022: \u00223.5\u0022, \u0022width\u0022: \u00222.5\u0022, \u0022unit\u0022: \u0022inch\u0022}""}",2a9bc512-584c-4798-ae72-e15e25cdbd8a,07bfe7a8-4145-4fc2-9a2c-300c2a5b2573,Hiveling,Hiveling,{},hecatomb_last-hallow's-eve_hiveling
9cb73c99-0994-40ea-8653-ab1c133aa12a,third-party-document,0,,"{""obverse"": ""hecatomb_last-hallow's-eve_hooked-bloodworm"", ""reverse"": ""hecatomb_card-back""}","{""name_printed"": ""Hooked Bloodworm"", ""rarity"": ""Uncommon"", ""types"": ""[\u0022Minion\u0022]"", ""doom"": ""Deceit"", ""item_dimensions"": ""{\u0022height\u0022: \u00223.5\u0022, \u0022width\u0022: \u00222.5\u0022, \u0022unit\u0022: \u0022inch\u0022}""}",2a9bc512-584c-4798-ae72-e15e25cdbd8a,07bfe7a8-4145-4fc2-9a2c-300c2a5b2573,Hooked Bloodworm,Hooked Bloodworm,{},hecatomb_last-hallow's-eve_hooked-bloodworm
3ca37cb9-f431-4c3e-9c75-6d450f7aab40,third-party-document,0,,"{""obverse"": ""hecatomb_last-hallow's-eve_horseman-of-war"", ""reverse"": ""hecatomb_card-back""}","{""name_printed"": ""Horseman of War"", ""rarity"": ""Rare"", ""types"": ""[\u0022Minion\u0022]"", ""doom"": ""Destruction"", ""item_dimensions"": ""{\u0022height\u0022: \u00223.5\u0022, \u0022width\u0022: \u00222.5\u0022, \u0022unit\u0022: \u0022inch\u0022}""}",2a9bc512-584c-4798-ae72-e15e25cdbd8a,07bfe7a8-4145-4fc2-9a2c-300c2a5b2573,Horseman of War,Horseman of War,{},hecatomb_last-hallow's-eve_horseman-of-war
a8442864-30b2-4469-86d3-626376488193,third-party-document,0,,"{""obverse"": ""hecatomb_last-hallow's-eve_infestation"", ""reverse"": ""hecatomb_card-back""}","{""name_printed"": ""Infestation"", ""rarity"": ""Uncommon"", ""types"": ""[\u0022Minion\u0022]"", ""doom"": ""Destruction"", ""item_dimensions"": ""{\u0022height\u0022: \u00223.5\u0022, \u0022width\u0022: \u00222.5\u0022, \u0022unit\u0022: \u0022inch\u0022}""}",2a9bc512-584c-4798-ae72-e15e25cdbd8a,07bfe7a8-4145-4fc2-9a2c-300c2a5b2573,Infestation,Infestation,{},hecatomb_last-hallow's-eve_infestation
a0c242fc-7d5b-42bc-8a0b-fcc005aa9f71,third-party-document,0,,"{""obverse"": ""hecatomb_last-hallow's-eve_infusion"", ""reverse"": ""hecatomb_card-back""}","{""name_printed"": ""Infusion"", ""rarity"": ""Common"", ""types"": ""[\u0022Fate\u0022]"", ""doom"": ""Deceit"", ""speed"": ""Combat"", ""item_dimensions"": ""{\u0022height\u0022: \u00223.5\u0022, \u0022width\u0022: \u00222.5\u0022, \u0022unit\u0022: \u0022inch\u0022}""}",2a9bc512-584c-4798-ae72-e15e25cdbd8a,07bfe7a8-4145-4fc2-9a2c-300c2a5b2573,Infusion,Infusion,{},hecatomb_last-hallow's-eve_infusion
743d71d5-b1cb-4f3c-980d-973806b6f621,third-party-document,0,,"{""obverse"": ""hecatomb_last-hallow's-eve_inscrutable-mechanism"", ""reverse"": ""hecatomb_card-back""}","{""name_printed"": ""Inscrutable Mechanism"", ""rarity"": ""Rare"", ""types"": ""[\u0022Relic\u0022]"", ""doom"": ""Deceit"", ""item_dimensions"": ""{\u0022height\u0022: \u00223.5\u0022, \u0022width\u0022: \u00222.5\u0022, \u0022unit\u0022: \u0022inch\u0022}""}",2a9bc512-584c-4798-ae72-e15e25cdbd8a,07bfe7a8-4145-4fc2-9a2c-300c2a5b2573,Inscrutable Mechanism,Inscrutable Mechanism,{},hecatomb_last-hallow's-eve_inscrutable-mechanism
ee56193d-3db3-4553-8929-40fe35dec3e6,third-party-document,0,,"{""obverse"": ""hecatomb_last-hallow's-eve_interactive-television"", ""reverse"": ""hecatomb_card-back""}","{""name_printed"": ""Interactive Television"", ""rarity"": ""Common"", ""types"": ""[\u0022Fate\u0022]"", ""doom"": ""Destruction"", ""item_dimensions"": ""{\u0022height\u0022: \u00223.5\u0022, \u0022width\u0022: \u00222.5\u0022, \u0022unit\u0022: \u0022inch\u0022}""}",2a9bc512-584c-4798-ae72-e15e25cdbd8a,07bfe7a8-4145-4fc2-9a2c-300c2a5b2573,Interactive Television,Interactive Television,{},hecatomb_last-hallow's-eve_interactive-television
69604d97-2812-4edc-b7d4-829ee0224928,third-party-document,0,,"{""obverse"": ""hecatomb_last-hallow's-eve_jackal-shaman"", ""reverse"": ""hecatomb_card-back""}","{""name_printed"": ""Jackal Shaman"", ""rarity"": ""Common"", ""types"": ""[\u0022Minion\u0022]"", ""doom"": ""Greed"", ""item_dimensions"": ""{\u0022height\u0022: \u00223.5\u0022, \u0022width\u0022: \u00222.5\u0022, \u0022unit\u0022: \u0022inch\u0022}""}",2a9bc512-584c-4798-ae72-e15e25cdbd8a,07bfe7a8-4145-4fc2-9a2c-300c2a5b2573,Jackal Shaman,Jackal Shaman,{},hecatomb_last-hallow's-eve_jackal-shaman
d24ad552-64f8-4d0b-9ea9-d19ad04e6143,third-party-document,0,,"{""obverse"": ""hecatomb_last-hallow's-eve_jaguar-warrior"", ""reverse"": ""hecatomb_card-back""}","{""name_printed"": ""Jaguar Warrior"", ""rarity"": ""Common"", ""types"": ""[\u0022Minion\u0022]"", ""doom"": ""Corruption"", ""speed"": ""Combat"", ""item_dimensions"": ""{\u0022height\u0022: \u00223.5\u0022, \u0022width\u0022: \u00222.5\u0022, \u0022unit\u0022: \u0022inch\u0022}""}",2a9bc512-584c-4798-ae72-e15e25cdbd8a,07bfe7a8-4145-4fc2-9a2c-300c2a5b2573,Jaguar Warrior,Jaguar Warrior,{},hecatomb_last-hallow's-eve_jaguar-warrior
8f94da6a-31dd-4c18-b6c4-f2e8c9672e12,third-party-document,0,,"{""obverse"": ""hecatomb_last-hallow's-eve_jeweled-heirloom"", ""reverse"": ""hecatomb_card-back""}","{""name_printed"": ""Jeweled Heirloom"", ""rarity"": ""Common"", ""types"": ""[\u0022Minion\u0022]"", ""doom"": ""Greed"", ""item_dimensions"": ""{\u0022height\u0022: \u00223.5\u0022, \u0022width\u0022: \u00222.5\u0022, \u0022unit\u0022: \u0022inch\u0022}""}",2a9bc512-584c-4798-ae72-e15e25cdbd8a,07bfe7a8-4145-4fc2-9a2c-300c2a5b2573,Jeweled Heirloom,Jeweled Heirloom,{},hecatomb_last-hallow's-eve_jeweled-heirloom
6766fe3c-914a-421f-94f6-14016c7b8f21,third-party-document,0,,"{""obverse"": ""hecatomb_last-hallow's-eve_jungle-hunter"", ""reverse"": ""hecatomb_card-back""}","{""name_printed"": ""Jungle Hunter"", ""rarity"": ""Common"", ""types"": ""[\u0022Minion\u0022]"", ""doom"": ""Corruption"", ""item_dimensions"": ""{\u0022height\u0022: \u00223.5\u0022, \u0022width\u0022: \u00222.5\u0022, \u0022unit\u0022: \u0022inch\u0022}""}",2a9bc512-584c-4798-ae72-e15e25cdbd8a,07bfe7a8-4145-4fc2-9a2c-300c2a5b2573,Jungle Hunter,Jungle Hunter,{},hecatomb_last-hallow's-eve_jungle-hunter
54cf05ef-061d-436b-a7aa-d5c014f7efa5,third-party-document,0,,"{""obverse"": ""hecatomb_last-hallow's-eve_khamses"", ""reverse"": ""hecatomb_card-back""}","{""name_printed"": ""Khamses"", ""rarity"": ""Common"", ""types"": ""[\u0022Minion\u0022]"", ""doom"": ""Corruption"", ""item_dimensions"": ""{\u0022height\u0022: \u00223.5\u0022, \u0022width\u0022: \u00222.5\u0022, \u0022unit\u0022: \u0022inch\u0022}""}",2a9bc512-584c-4798-ae72-e15e25cdbd8a,07bfe7a8-4145-4fc2-9a2c-300c2a5b2573,Khamses,Khamses,{},hecatomb_last-hallow's-eve_khamses
6272bd76-7dd6-41bb-817a-ba3c4768984b,third-party-document,0,,"{""obverse"": ""hecatomb_last-hallow's-eve_killer-party"", ""reverse"": ""hecatomb_card-back""}","{""name_printed"": ""Killer Party"", ""rarity"": ""Common"", ""types"": ""[\u0022Fate\u0022]"", ""doom"": ""Deceit"", ""item_dimensions"": ""{\u0022height\u0022: \u00223.5\u0022, \u0022width\u0022: \u00222.5\u0022, \u0022unit\u0022: \u0022inch\u0022}""}",2a9bc512-584c-4798-ae72-e15e25cdbd8a,07bfe7a8-4145-4fc2-9a2c-300c2a5b2573,Killer Party,Killer Party,{},hecatomb_last-hallow's-eve_killer-party
f94cef0d-c798-43f3-ae6c-6101acdafe62,third-party-document,0,,"{""obverse"": ""hecatomb_last-hallow's-eve_labrys"", ""reverse"": ""hecatomb_card-back""}","{""name_printed"": ""Labrys"", ""rarity"": ""Uncommon"", ""types"": ""[\u0022Relic\u0022]"", ""doom"": ""Deceit"", ""item_dimensions"": ""{\u0022height\u0022: \u00223.5\u0022, \u0022width\u0022: \u00222.5\u0022, \u0022unit\u0022: \u0022inch\u0022}""}",2a9bc512-584c-4798-ae72-e15e25cdbd8a,07bfe7a8-4145-4fc2-9a2c-300c2a5b2573,Labrys,Labrys,{},hecatomb_last-hallow's-eve_labrys
3f393a83-40da-4475-b096-a17c51f2e296,third-party-document,0,,"{""obverse"": ""hecatomb_last-hallow's-eve_lamia-huntress"", ""reverse"": ""hecatomb_card-back""}","{""name_printed"": ""Lamia Huntress"", ""rarity"": ""Rare"", ""types"": ""[\u0022Minion\u0022]"", ""doom"": ""Deceit"", ""item_dimensions"": ""{\u0022height\u0022: \u00223.5\u0022, \u0022width\u0022: \u00222.5\u0022, \u0022unit\u0022: \u0022inch\u0022}""}",2a9bc512-584c-4798-ae72-e15e25cdbd8a,07bfe7a8-4145-4fc2-9a2c-300c2a5b2573,Lamia Huntress,Lamia Huntress,{},hecatomb_last-hallow's-eve_lamia-huntress
f9fa74fe-1bbd-4591-bce5-8e1f1fca0b64,third-party-document,0,,"{""obverse"": ""hecatomb_last-hallow's-eve_larval-devourer"", ""reverse"": ""hecatomb_card-back""}","{""name_printed"": ""Larval Devourer"", ""rarity"": ""Rare"", ""types"": ""[\u0022Minion\u0022]"", ""doom"": ""Deceit"", ""item_dimensions"": ""{\u0022height\u0022: \u00223.5\u0022, \u0022width\u0022: \u00222.5\u0022, \u0022unit\u0022: \u0022inch\u0022}""}",2a9bc512-584c-4798-ae72-e15e25cdbd8a,07bfe7a8-4145-4fc2-9a2c-300c2a5b2573,Larval Devourer,Larval Devourer,{},hecatomb_last-hallow's-eve_larval-devourer
726b5c86-b1a0-4458-a3bb-c445f22705d7,third-party-document,0,,"{""obverse"": ""hecatomb_last-hallow's-eve_liquid-corruption"", ""reverse"": ""hecatomb_card-back""}","{""name_printed"": ""Liquid Corruption"", ""rarity"": ""Rare"", ""types"": ""[\u0022Relic\u0022]"", ""doom"": ""Corruption"", ""item_dimensions"": ""{\u0022height\u0022: \u00223.5\u0022, \u0022width\u0022: \u00222.5\u0022, \u0022unit\u0022: \u0022inch\u0022}""}",2a9bc512-584c-4798-ae72-e15e25cdbd8a,07bfe7a8-4145-4fc2-9a2c-300c2a5b2573,Liquid Corruption,Liquid Corruption,{},hecatomb_last-hallow's-eve_liquid-corruption
5105d282-032d-4399-8659-d340191a1726,third-party-document,0,,"{""obverse"": ""hecatomb_last-hallow's-eve_locust-swarm"", ""reverse"": ""hecatomb_card-back""}","{""name_printed"": ""Locust Swarm"", ""rarity"": ""Common"", ""types"": ""[\u0022Minion\u0022]"", ""doom"": ""Destruction"", ""item_dimensions"": ""{\u0022height\u0022: \u00223.5\u0022, \u0022width\u0022: \u00222.5\u0022, \u0022unit\u0022: \u0022inch\u0022}""}",2a9bc512-584c-4798-ae72-e15e25cdbd8a,07bfe7a8-4145-4fc2-9a2c-300c2a5b2573,Locust Swarm,Locust Swarm,{},hecatomb_last-hallow's-eve_locust-swarm
9b06762a-75aa-4fc1-a6a4-ed0bbda94328,third-party-document,0,,"{""obverse"": ""hecatomb_last-hallow's-eve_low-bid-contract"", ""reverse"": ""hecatomb_card-back""}","{""name_printed"": ""Low-Bid Contract"", ""rarity"": ""Uncommon"", ""types"": ""[\u0022Fate\u0022]"", ""doom"": ""Destruction"", ""item_dimensions"": ""{\u0022height\u0022: \u00223.5\u0022, \u0022width\u0022: \u00222.5\u0022, \u0022unit\u0022: \u0022inch\u0022}""}",2a9bc512-584c-4798-ae72-e15e25cdbd8a,07bfe7a8-4145-4fc2-9a2c-300c2a5b2573,Low-Bid Contract,Low-Bid Contract,{},hecatomb_last-hallow's-eve_low-bid-contract
7988e2ba-e41c-406f-a578-b68a1a9196fc,third-party-document,0,,"{""obverse"": ""hecatomb_last-hallow's-eve_meatshooter"", ""reverse"": ""hecatomb_card-back""}","{""name_printed"": ""Meatshooter"", ""rarity"": ""Common"", ""types"": ""[\u0022Minion\u0022]"", ""doom"": ""Greed"", ""item_dimensions"": ""{\u0022height\u0022: \u00223.5\u0022, \u0022width\u0022: \u00222.5\u0022, \u0022unit\u0022: \u0022inch\u0022}""}",2a9bc512-584c-4798-ae72-e15e25cdbd8a,07bfe7a8-4145-4fc2-9a2c-300c2a5b2573,Meatshooter,Meatshooter,{},hecatomb_last-hallow's-eve_meatshooter
fb2acab4-c52f-480b-a293-c9f7a0af1423,third-party-document,0,,"{""obverse"": ""hecatomb_last-hallow's-eve_monkey's-paw"", ""reverse"": ""hecatomb_card-back""}","{""name_printed"": ""Monkey's Paw"", ""rarity"": ""Rare"", ""types"": ""[\u0022Relic\u0022]"", ""doom"": ""Destruction"", ""item_dimensions"": ""{\u0022height\u0022: \u00223.5\u0022, \u0022width\u0022: \u00222.5\u0022, \u0022unit\u0022: \u0022inch\u0022}""}",2a9bc512-584c-4798-ae72-e15e25cdbd8a,07bfe7a8-4145-4fc2-9a2c-300c2a5b2573,Monkey's Paw,Monkey's Paw,{},hecatomb_last-hallow's-eve_monkey's-paw
69462fa7-f61a-4865-8729-22199169a038,third-party-document,0,,"{""obverse"": ""hecatomb_last-hallow's-eve_mountain-sasquatch"", ""reverse"": ""hecatomb_card-back""}","{""name_printed"": ""Mountain Sasquatch"", ""rarity"": ""Common"", ""types"": ""[\u0022Minion\u0022]"", ""doom"": ""Greed"", ""item_dimensions"": ""{\u0022height\u0022: \u00223.5\u0022, \u0022width\u0022: \u00222.5\u0022, \u0022unit\u0022: \u0022inch\u0022}""}",2a9bc512-584c-4798-ae72-e15e25cdbd8a,07bfe7a8-4145-4fc2-9a2c-300c2a5b2573,Mountain Sasquatch,Mountain Sasquatch,{},hecatomb_last-hallow's-eve_mountain-sasquatch
78f0f1f0-2352-4fa9-993f-ce727a4f2532,third-party-document,0,,"{""obverse"": ""hecatomb_last-hallow's-eve_naive-pawn"", ""reverse"": ""hecatomb_card-back""}","{""name_printed"": ""Naive Pawn"", ""rarity"": ""Common"", ""types"": ""[\u0022Minion\u0022]"", ""doom"": ""Destruction"", ""item_dimensions"": ""{\u0022height\u0022: \u00223.5\u0022, \u0022width\u0022: \u00222.5\u0022, \u0022unit\u0022: \u0022inch\u0022}""}",2a9bc512-584c-4798-ae72-e15e25cdbd8a,07bfe7a8-4145-4fc2-9a2c-300c2a5b2573,Naive Pawn,Naive Pawn,{},hecatomb_last-hallow's-eve_naive-pawn
26777676-b4e2-44a7-bed3-c8db98d09ddd,third-party-document,0,,"{""obverse"": ""hecatomb_last-hallow's-eve_namtar,-the-fate-cutter"", ""reverse"": ""hecatomb_card-back""}","{""name_printed"": ""NAMTAR, The Fate Cutter"", ""rarity"": ""Rare"", ""types"": ""[\u0022God\u0022]"", ""doom"": ""Greed"", ""item_dimensions"": ""{\u0022height\u0022: \u00223.5\u0022, \u0022width\u0022: \u00222.5\u0022, \u0022unit\u0022: \u0022inch\u0022}""}",2a9bc512-584c-4798-ae72-e15e25cdbd8a,07bfe7a8-4145-4fc2-9a2c-300c2a5b2573,"NAMTAR, The Fate Cutter","NAMTAR, The Fate Cutter",{},"hecatomb_last-hallow's-eve_namtar,-the-fate-cutter"
201045cc-5622-49b9-bc76-edbe191b03d0,third-party-document,0,,"{""obverse"": ""hecatomb_last-hallow's-eve_needle-slave"", ""reverse"": ""hecatomb_card-back""}","{""name_printed"": ""Needle Slave"", ""rarity"": ""Uncommon"", ""types"": ""[\u0022Minion\u0022]"", ""doom"": ""Deceit"", ""item_dimensions"": ""{\u0022height\u0022: \u00223.5\u0022, \u0022width\u0022: \u00222.5\u0022, \u0022unit\u0022: \u0022inch\u0022}""}",2a9bc512-584c-4798-ae72-e15e25cdbd8a,07bfe7a8-4145-4fc2-9a2c-300c2a5b2573,Needle Slave,Needle Slave,{},hecatomb_last-hallow's-eve_needle-slave
6a42a9d2-be1f-4c60-a969-e1b08a18e9eb,third-party-document,0,,"{""obverse"": ""hecatomb_last-hallow's-eve_nhandu"", ""reverse"": ""hecatomb_card-back""}","{""name_printed"": ""Nhandu"", ""rarity"": ""Uncommon"", ""types"": ""[\u0022Minion\u0022]"", ""doom"": ""Corruption"", ""item_dimensions"": ""{\u0022height\u0022: \u00223.5\u0022, \u0022width\u0022: \u00222.5\u0022, \u0022unit\u0022: \u0022inch\u0022}""}",2a9bc512-584c-4798-ae72-e15e25cdbd8a,07bfe7a8-4145-4fc2-9a2c-300c2a5b2573,Nhandu,Nhandu,{},hecatomb_last-hallow's-eve_nhandu
ca048f80-a2ae-482b-b5c6-68f57c629080,third-party-document,0,,"{""obverse"": ""hecatomb_last-hallow's-eve_night-thorn"", ""reverse"": ""hecatomb_card-back""}","{""name_printed"": ""Night Thorn"", ""rarity"": ""Uncommon"", ""types"": ""[\u0022Minion\u0022]"", ""doom"": ""Greed"", ""item_dimensions"": ""{\u0022height\u0022: \u00223.5\u0022, \u0022width\u0022: \u00222.5\u0022, \u0022unit\u0022: \u0022inch\u0022}""}",2a9bc512-584c-4798-ae72-e15e25cdbd8a,07bfe7a8-4145-4fc2-9a2c-300c2a5b2573,Night Thorn,Night Thorn,{},hecatomb_last-hallow's-eve_night-thorn
96fe77b6-8305-41af-8b09-0cd37e054c8f,third-party-document,0,,"{""obverse"": ""hecatomb_last-hallow's-eve_oblivion-seeker"", ""reverse"": ""hecatomb_card-back""}","{""name_printed"": ""Oblivion Seeker"", ""rarity"": ""Uncommon"", ""types"": ""[\u0022Minion\u0022]"", ""doom"": ""Corruption"", ""item_dimensions"": ""{\u0022height\u0022: \u00223.5\u0022, \u0022width\u0022: \u00222.5\u0022, \u0022unit\u0022: \u0022inch\u0022}""}",2a9bc512-584c-4798-ae72-e15e25cdbd8a,07bfe7a8-4145-4fc2-9a2c-300c2a5b2573,Oblivion Seeker,Oblivion Seeker,{},hecatomb_last-hallow's-eve_oblivion-seeker
1d8fc223-e213-474b-bf25-bcbe43932bc3,third-party-document,0,,"{""obverse"": ""hecatomb_last-hallow's-eve_obsidian-skull"", ""reverse"": ""hecatomb_card-back""}","{""name_printed"": ""Obsidian Skull"", ""rarity"": ""Rare"", ""types"": ""[\u0022Relic\u0022]"", ""doom"": ""Destruction"", ""item_dimensions"": ""{\u0022height\u0022: \u00223.5\u0022, \u0022width\u0022: \u00222.5\u0022, \u0022unit\u0022: \u0022inch\u0022}""}",2a9bc512-584c-4798-ae72-e15e25cdbd8a,07bfe7a8-4145-4fc2-9a2c-300c2a5b2573,Obsidian Skull,Obsidian Skull,{},hecatomb_last-hallow's-eve_obsidian-skull
ef175900-5bfb-4907-82f3-a3245d127804,third-party-document,0,,"{""obverse"": ""hecatomb_last-hallow's-eve_obura"", ""reverse"": ""hecatomb_card-back""}","{""name_printed"": ""Obura"", ""rarity"": ""Uncommon"", ""types"": ""[\u0022Minion\u0022]"", ""doom"": ""Deceit"", ""item_dimensions"": ""{\u0022height\u0022: \u00223.5\u0022, \u0022width\u0022: \u00222.5\u0022, \u0022unit\u0022: \u0022inch\u0022}""}",2a9bc512-584c-4798-ae72-e15e25cdbd8a,07bfe7a8-4145-4fc2-9a2c-300c2a5b2573,Obura,Obura,{},hecatomb_last-hallow's-eve_obura
5c42d8bb-a077-4db0-aedf-916a9142d00d,third-party-document,0,,"{""obverse"": ""hecatomb_last-hallow's-eve_osiris,-judge-of-souls"", ""reverse"": ""hecatomb_card-back""}","{""name_printed"": ""OSIRIS, Judge of Souls"", ""rarity"": ""Rare"", ""types"": ""[\u0022God\u0022]"", ""doom"": ""Corruption"", ""item_dimensions"": ""{\u0022height\u0022: \u00223.5\u0022, \u0022width\u0022: \u00222.5\u0022, \u0022unit\u0022: \u0022inch\u0022}""}",2a9bc512-584c-4798-ae72-e15e25cdbd8a,07bfe7a8-4145-4fc2-9a2c-300c2a5b2573,"OSIRIS, Judge of Souls","OSIRIS, Judge of Souls",{},"hecatomb_last-hallow's-eve_osiris,-judge-of-souls"
b9c20059-6bd0-45cc-bcaf-cc10d9806df9,third-party-document,0,,"{""obverse"": ""hecatomb_last-hallow's-eve_overdue-feeding-time"", ""reverse"": ""hecatomb_card-back""}","{""name_printed"": ""Overdue Feeding Time"", ""rarity"": ""Uncommon"", ""types"": ""[\u0022Fate\u0022]"", ""doom"": ""Deceit"", ""item_dimensions"": ""{\u0022height\u0022: \u00223.5\u0022, \u0022width\u0022: \u00222.5\u0022, \u0022unit\u0022: \u0022inch\u0022}""}",2a9bc512-584c-4798-ae72-e15e25cdbd8a,07bfe7a8-4145-4fc2-9a2c-300c2a5b2573,Overdue Feeding Time,Overdue Feeding Time,{},hecatomb_last-hallow's-eve_overdue-feeding-time
740611de-ba7c-45c8-a89e-2dbb03343bb2,third-party-document,0,,"{""obverse"": ""hecatomb_last-hallow's-eve_pain-merchant"", ""reverse"": ""hecatomb_card-back""}","{""name_printed"": ""Pain Merchant"", ""rarity"": ""Common"", ""types"": ""[\u0022Minion\u0022]"", ""doom"": ""Greed"", ""item_dimensions"": ""{\u0022height\u0022: \u00223.5\u0022, \u0022width\u0022: \u00222.5\u0022, \u0022unit\u0022: \u0022inch\u0022}""}",2a9bc512-584c-4798-ae72-e15e25cdbd8a,07bfe7a8-4145-4fc2-9a2c-300c2a5b2573,Pain Merchant,Pain Merchant,{},hecatomb_last-hallow's-eve_pain-merchant
19fbd78c-55b5-446a-ad9f-a954e78e43f3,third-party-document,0,,"{""obverse"": ""hecatomb_last-hallow's-eve_pandora"", ""reverse"": ""hecatomb_card-back""}","{""name_printed"": ""Pandora"", ""rarity"": ""Rare"", ""types"": ""[\u0022Minion\u0022]"", ""doom"": ""Deceit"", ""item_dimensions"": ""{\u0022height\u0022: \u00223.5\u0022, \u0022width\u0022: \u00222.5\u0022, \u0022unit\u0022: \u0022inch\u0022}""}",2a9bc512-584c-4798-ae72-e15e25cdbd8a,07bfe7a8-4145-4fc2-9a2c-300c2a5b2573,Pandora,Pandora,{},hecatomb_last-hallow's-eve_pandora
90a4feec-aa0a-4048-b77b-f1187dedc5ef,third-party-document,0,,"{""obverse"": ""hecatomb_last-hallow's-eve_pharaoh's-chosen"", ""reverse"": ""hecatomb_card-back""}","{""name_printed"": ""Pharaoh's Chosen"", ""rarity"": ""Uncommon"", ""types"": ""[\u0022Minion\u0022]"", ""doom"": ""Destruction"", ""item_dimensions"": ""{\u0022height\u0022: \u00223.5\u0022, \u0022width\u0022: \u00222.5\u0022, \u0022unit\u0022: \u0022inch\u0022}""}",2a9bc512-584c-4798-ae72-e15e25cdbd8a,07bfe7a8-4145-4fc2-9a2c-300c2a5b2573,Pharaoh's Chosen,Pharaoh's Chosen,{},hecatomb_last-hallow's-eve_pharaoh's-chosen
fe4ef086-982d-4095-9569-7e1b01a3bcbc,third-party-document,0,,"{""obverse"": ""hecatomb_last-hallow's-eve_power-outage"", ""reverse"": ""hecatomb_card-back""}","{""name_printed"": ""Power Outage"", ""rarity"": ""Uncommon"", ""types"": ""[\u0022Fate\u0022]"", ""doom"": ""Greed"", ""speed"": ""Combat"", ""item_dimensions"": ""{\u0022height\u0022: \u00223.5\u0022, \u0022width\u0022: \u00222.5\u0022, \u0022unit\u0022: \u0022inch\u0022}""}",2a9bc512-584c-4798-ae72-e15e25cdbd8a,07bfe7a8-4145-4fc2-9a2c-300c2a5b2573,Power Outage,Power Outage,{},hecatomb_last-hallow's-eve_power-outage
fb0e1adf-eabd-455c-80e7-50a5f4c9c9e4,third-party-document,0,,"{""obverse"": ""hecatomb_last-hallow's-eve_quangle"", ""reverse"": ""hecatomb_card-back""}","{""name_printed"": ""Quangle"", ""rarity"": ""Common"", ""types"": ""[\u0022Minion\u0022]"", ""doom"": ""Deceit"", ""item_dimensions"": ""{\u0022height\u0022: \u00223.5\u0022, \u0022width\u0022: \u00222.5\u0022, \u0022unit\u0022: \u0022inch\u0022}""}",2a9bc512-584c-4798-ae72-e15e25cdbd8a,07bfe7a8-4145-4fc2-9a2c-300c2a5b2573,Quangle,Quangle,{},hecatomb_last-hallow's-eve_quangle
425367fa-2850-4f7c-932e-3294dd0437cc,third-party-document,0,,"{""obverse"": ""hecatomb_last-hallow's-eve_questionable-virginity"", ""reverse"": ""hecatomb_card-back""}","{""name_printed"": ""Questionable Virginity"", ""rarity"": ""Common"", ""types"": ""[\u0022Fate\u0022]"", ""doom"": ""Greed"", ""item_dimensions"": ""{\u0022height\u0022: \u00223.5\u0022, \u0022width\u0022: \u00222.5\u0022, \u0022unit\u0022: \u0022inch\u0022}""}",2a9bc512-584c-4798-ae72-e15e25cdbd8a,07bfe7a8-4145-4fc2-9a2c-300c2a5b2573,Questionable Virginity,Questionable Virginity,{},hecatomb_last-hallow's-eve_questionable-virginity
e9e97199-690f-4425-a893-1fc3f00214fd,third-party-document,0,,"{""obverse"": ""hecatomb_last-hallow's-eve_rob-the-tomb"", ""reverse"": ""hecatomb_card-back""}","{""name_printed"": ""Rob the Tomb"", ""rarity"": ""Common"", ""types"": ""[\u0022Fate\u0022]"", ""doom"": ""Corruption"", ""item_dimensions"": ""{\u0022height\u0022: \u00223.5\u0022, \u0022width\u0022: \u00222.5\u0022, \u0022unit\u0022: \u0022inch\u0022}""}",2a9bc512-584c-4798-ae72-e15e25cdbd8a,07bfe7a8-4145-4fc2-9a2c-300c2a5b2573,Rob the Tomb,Rob the Tomb,{},hecatomb_last-hallow's-eve_rob-the-tomb
3fdbbee6-e7ac-4bd1-9473-636e5f0e4002,third-party-document,0,,"{""obverse"": ""hecatomb_last-hallow's-eve_runed-charger"", ""reverse"": ""hecatomb_card-back""}","{""name_printed"": ""Runed Charger"", ""rarity"": ""Rare"", ""types"": ""[\u0022Minion\u0022]"", ""doom"": ""Destruction"", ""item_dimensions"": ""{\u0022height\u0022: \u00223.5\u0022, \u0022width\u0022: \u00222.5\u0022, \u0022unit\u0022: \u0022inch\u0022}""}",2a9bc512-584c-4798-ae72-e15e25cdbd8a,07bfe7a8-4145-4fc2-9a2c-300c2a5b2573,Runed Charger,Runed Charger,{},hecatomb_last-hallow's-eve_runed-charger
d564cc7c-0efe-42ed-80be-4ed6f52d1205,third-party-document,0,,"{""obverse"": ""hecatomb_last-hallow's-eve_runic-sorcerer"", ""reverse"": ""hecatomb_card-back""}","{""name_printed"": ""Runic Sorcerer"", ""rarity"": ""Uncommon"", ""types"": ""[\u0022Minion\u0022]"", ""doom"": ""Deceit"", ""item_dimensions"": ""{\u0022height\u0022: \u00223.5\u0022, \u0022width\u0022: \u00222.5\u0022, \u0022unit\u0022: \u0022inch\u0022}""}",2a9bc512-584c-4798-ae72-e15e25cdbd8a,07bfe7a8-4145-4fc2-9a2c-300c2a5b2573,Runic Sorcerer,Runic Sorcerer,{},hecatomb_last-hallow's-eve_runic-sorcerer
b55847ad-ac95-4e07-bff4-a2bc35695f08,third-party-document,0,,"{""obverse"": ""hecatomb_last-hallow's-eve_sanguimancer"", ""reverse"": ""hecatomb_card-back""}","{""name_printed"": ""Sanguimancer"", ""rarity"": ""Uncommon"", ""types"": ""[\u0022Minion\u0022]"", ""doom"": ""Destruction"", ""item_dimensions"": ""{\u0022height\u0022: \u00223.5\u0022, \u0022width\u0022: \u00222.5\u0022, \u0022unit\u0022: \u0022inch\u0022}""}",2a9bc512-584c-4798-ae72-e15e25cdbd8a,07bfe7a8-4145-4fc2-9a2c-300c2a5b2573,Sanguimancer,Sanguimancer,{},hecatomb_last-hallow's-eve_sanguimancer
8ddac89b-bb8a-44c1-9aaf-574d9098a30f,third-party-document,0,,"{""obverse"": ""hecatomb_last-hallow's-eve_scare-man"", ""reverse"": ""hecatomb_card-back""}","{""name_printed"": ""Scare-Man"", ""rarity"": ""Common"", ""types"": ""[\u0022Minion\u0022]"", ""doom"": ""Deceit"", ""item_dimensions"": ""{\u0022height\u0022: \u00223.5\u0022, \u0022width\u0022: \u00222.5\u0022, \u0022unit\u0022: \u0022inch\u0022}""}",2a9bc512-584c-4798-ae72-e15e25cdbd8a,07bfe7a8-4145-4fc2-9a2c-300c2a5b2573,Scare-Man,Scare-Man,{},hecatomb_last-hallow's-eve_scare-man
2d963794-8b64-4829-9e1e-2845c920526c,third-party-document,0,,"{""obverse"": ""hecatomb_last-hallow's-eve_scepter-of-osiris"", ""reverse"": ""hecatomb_card-back""}","{""name_printed"": ""Scepter of Osiris"", ""rarity"": ""Uncommon"", ""types"": ""[\u0022Relic\u0022]"", ""doom"": ""Destruction"", ""item_dimensions"": ""{\u0022height\u0022: \u00223.5\u0022, \u0022width\u0022: \u00222.5\u0022, \u0022unit\u0022: \u0022inch\u0022}""}",2a9bc512-584c-4798-ae72-e15e25cdbd8a,07bfe7a8-4145-4fc2-9a2c-300c2a5b2573,Scepter of Osiris,Scepter of Osiris,{},hecatomb_last-hallow's-eve_scepter-of-osiris
0c551901-a752-4f76-a833-b8843dcbde2f,third-party-document,0,,"{""obverse"": ""hecatomb_last-hallow's-eve_screaming-mold"", ""reverse"": ""hecatomb_card-back""}","{""name_printed"": ""Screaming Mold"", ""rarity"": ""Common"", ""types"": ""[\u0022Minion\u0022]"", ""doom"": ""Greed"", ""item_dimensions"": ""{\u0022height\u0022: \u00223.5\u0022, \u0022width\u0022: \u00222.5\u0022, \u0022unit\u0022: \u0022inch\u0022}""}",2a9bc512-584c-4798-ae72-e15e25cdbd8a,07bfe7a8-4145-4fc2-9a2c-300c2a5b2573,Screaming Mold,Screaming Mold,{},hecatomb_last-hallow's-eve_screaming-mold
2fbd5065-674b-4917-a872-8f4e30f2063e,third-party-document,0,,"{""obverse"": ""hecatomb_last-hallow's-eve_screamroller"", ""reverse"": ""hecatomb_card-back""}","{""name_printed"": ""Screamroller"", ""rarity"": ""Common"", ""types"": ""[\u0022Minion\u0022]"", ""doom"": ""Deceit"", ""item_dimensions"": ""{\u0022height\u0022: \u00223.5\u0022, \u0022width\u0022: \u00222.5\u0022, \u0022unit\u0022: \u0022inch\u0022}""}",2a9bc512-584c-4798-ae72-e15e25cdbd8a,07bfe7a8-4145-4fc2-9a2c-300c2a5b2573,Screamroller,Screamroller,{},hecatomb_last-hallow's-eve_screamroller
7b069d6f-e0c7-465a-83ca-2504e5d16c7f,third-party-document,0,,"{""obverse"": ""hecatomb_last-hallow's-eve_serpent-queen"", ""reverse"": ""hecatomb_card-back""}","{""name_printed"": ""Serpent Queen"", ""rarity"": ""Rare"", ""types"": ""[\u0022Minion\u0022]"", ""doom"": ""Destruction"", ""item_dimensions"": ""{\u0022height\u0022: \u00223.5\u0022, \u0022width\u0022: \u00222.5\u0022, \u0022unit\u0022: \u0022inch\u0022}""}",2a9bc512-584c-4798-ae72-e15e25cdbd8a,07bfe7a8-4145-4fc2-9a2c-300c2a5b2573,Serpent Queen,Serpent Queen,{},hecatomb_last-hallow's-eve_serpent-queen
82fc1d4f-c5a3-48bf-8393-48349b87b36d,third-party-document,0,,"{""obverse"": ""hecatomb_last-hallow's-eve_shi-mung"", ""reverse"": ""hecatomb_card-back""}","{""name_printed"": ""Shi Mung"", ""rarity"": ""Common"", ""types"": ""[\u0022Minion\u0022]"", ""doom"": ""Deceit"", ""speed"": ""Combat"", ""item_dimensions"": ""{\u0022height\u0022: \u00223.5\u0022, \u0022width\u0022: \u00222.5\u0022, \u0022unit\u0022: \u0022inch\u0022}""}",2a9bc512-584c-4798-ae72-e15e25cdbd8a,07bfe7a8-4145-4fc2-9a2c-300c2a5b2573,Shi Mung,Shi Mung,{},hecatomb_last-hallow's-eve_shi-mung
da16c555-f00d-478b-a332-27d44b8035dd,third-party-document,0,,"{""obverse"": ""hecatomb_last-hallow's-eve_skinny-pete"", ""reverse"": ""hecatomb_card-back""}","{""name_printed"": ""Skinny Pete"", ""rarity"": ""Common"", ""types"": ""[\u0022Minion\u0022]"", ""doom"": ""Deceit"", ""item_dimensions"": ""{\u0022height\u0022: \u00223.5\u0022, \u0022width\u0022: \u00222.5\u0022, \u0022unit\u0022: \u0022inch\u0022}""}",2a9bc512-584c-4798-ae72-e15e25cdbd8a,07bfe7a8-4145-4fc2-9a2c-300c2a5b2573,Skinny Pete,Skinny Pete,{},hecatomb_last-hallow's-eve_skinny-pete
37472fcc-591e-4570-9361-06c651484cdd,third-party-document,0,,"{""obverse"": ""hecatomb_last-hallow's-eve_slayjacket"", ""reverse"": ""hecatomb_card-back""}","{""name_printed"": ""Slayjacket"", ""rarity"": ""Uncommon"", ""types"": ""[\u0022Minion\u0022]"", ""doom"": ""Greed"", ""item_dimensions"": ""{\u0022height\u0022: \u00223.5\u0022, \u0022width\u0022: \u00222.5\u0022, \u0022unit\u0022: \u0022inch\u0022}""}",2a9bc512-584c-4798-ae72-e15e25cdbd8a,07bfe7a8-4145-4fc2-9a2c-300c2a5b2573,Slayjacket,Slayjacket,{},hecatomb_last-hallow's-eve_slayjacket
5aed2d40-22e7-4a28-84cb-ecf81755c99d,third-party-document,0,,"{""obverse"": ""hecatomb_last-hallow's-eve_smothering-ooze"", ""reverse"": ""hecatomb_card-back""}","{""name_printed"": ""Smothering Ooze"", ""rarity"": ""Uncommon"", ""types"": ""[\u0022Minion\u0022]"", ""doom"": ""Corruption"", ""item_dimensions"": ""{\u0022height\u0022: \u00223.5\u0022, \u0022width\u0022: \u00222.5\u0022, \u0022unit\u0022: \u0022inch\u0022}""}",2a9bc512-584c-4798-ae72-e15e25cdbd8a,07bfe7a8-4145-4fc2-9a2c-300c2a5b2573,Smothering Ooze,Smothering Ooze,{},hecatomb_last-hallow's-eve_smothering-ooze
f90b2e38-b7f9-4eb4-b156-f1a7223a729b,third-party-document,0,,"{""obverse"": ""hecatomb_last-hallow's-eve_soldier-of-the-sun"", ""reverse"": ""hecatomb_card-back""}","{""name_printed"": ""Soldier of the Sun"", ""rarity"": ""Rare"", ""types"": ""[\u0022Minion\u0022]"", ""doom"": ""Corruption"", ""item_dimensions"": ""{\u0022height\u0022: \u00223.5\u0022, \u0022width\u0022: \u00222.5\u0022, \u0022unit\u0022: \u0022inch\u0022}""}",2a9bc512-584c-4798-ae72-e15e25cdbd8a,07bfe7a8-4145-4fc2-9a2c-300c2a5b2573,Soldier of the Sun,Soldier of the Sun,{},hecatomb_last-hallow's-eve_soldier-of-the-sun
4a2ec3f2-6bf4-465c-ab54-6f889a978db0,third-party-document,0,,"{""obverse"": ""hecatomb_last-hallow's-eve_soul-prison"", ""reverse"": ""hecatomb_card-back""}","{""name_printed"": ""Soul Prison"", ""rarity"": ""Rare"", ""types"": ""[\u0022Relic\u0022]"", ""doom"": ""Corruption"", ""item_dimensions"": ""{\u0022height\u0022: \u00223.5\u0022, \u0022width\u0022: \u00222.5\u0022, \u0022unit\u0022: \u0022inch\u0022}""}",2a9bc512-584c-4798-ae72-e15e25cdbd8a,07bfe7a8-4145-4fc2-9a2c-300c2a5b2573,Soul Prison,Soul Prison,{},hecatomb_last-hallow's-eve_soul-prison
4470e01d-1ac6-4bb1-a5c6-d5daa31ceb36,third-party-document,0,,"{""obverse"": ""hecatomb_last-hallow's-eve_spear-of-destiny"", ""reverse"": ""hecatomb_card-back""}","{""name_printed"": ""Spear of Destiny"", ""rarity"": ""Rare"", ""types"": ""[\u0022Relic\u0022]"", ""doom"": ""Deceit"", ""item_dimensions"": ""{\u0022height\u0022: \u00223.5\u0022, \u0022width\u0022: \u00222.5\u0022, \u0022unit\u0022: \u0022inch\u0022}""}",2a9bc512-584c-4798-ae72-e15e25cdbd8a,07bfe7a8-4145-4fc2-9a2c-300c2a5b2573,Spear of Destiny,Spear of Destiny,{},hecatomb_last-hallow's-eve_spear-of-destiny
3247560c-8300-4343-898e-6270cfcbefb6,third-party-document,0,,"{""obverse"": ""hecatomb_last-hallow's-eve_spirit-of-malevolence"", ""reverse"": ""hecatomb_card-back""}","{""name_printed"": ""Spirit of Malevolence"", ""rarity"": ""Rare"", ""types"": ""[\u0022Minion\u0022]"", ""doom"": ""Destruction"", ""item_dimensions"": ""{\u0022height\u0022: \u00223.5\u0022, \u0022width\u0022: \u00222.5\u0022, \u0022unit\u0022: \u0022inch\u0022}""}",2a9bc512-584c-4798-ae72-e15e25cdbd8a,07bfe7a8-4145-4fc2-9a2c-300c2a5b2573,Spirit of Malevolence,Spirit of Malevolence,{},hecatomb_last-hallow's-eve_spirit-of-malevolence
2537238c-a758-4299-90e2-123523aed31c,third-party-document,0,,"{""obverse"": ""hecatomb_last-hallow's-eve_spirit-warrior"", ""reverse"": ""hecatomb_card-back""}","{""name_printed"": ""Spirit Warrior"", ""rarity"": ""Common"", ""types"": ""[\u0022Minion\u0022]"", ""doom"": ""Corruption"", ""item_dimensions"": ""{\u0022height\u0022: \u00223.5\u0022, \u0022width\u0022: \u00222.5\u0022, \u0022unit\u0022: \u0022inch\u0022}""}",2a9bc512-584c-4798-ae72-e15e25cdbd8a,07bfe7a8-4145-4fc2-9a2c-300c2a5b2573,Spirit Warrior,Spirit Warrior,{},hecatomb_last-hallow's-eve_spirit-warrior
f576b03c-810a-464a-8729-2b5669ed629d,third-party-document,0,,"{""obverse"": ""hecatomb_last-hallow's-eve_spiteful-flame"", ""reverse"": ""hecatomb_card-back""}","{""name_printed"": ""Spiteful Flame"", ""rarity"": ""Uncommon"", ""types"": ""[\u0022Fate\u0022]"", ""doom"": ""Destruction"", ""item_dimensions"": ""{\u0022height\u0022: \u00223.5\u0022, \u0022width\u0022: \u00222.5\u0022, \u0022unit\u0022: \u0022inch\u0022}""}",2a9bc512-584c-4798-ae72-e15e25cdbd8a,07bfe7a8-4145-4fc2-9a2c-300c2a5b2573,Spiteful Flame,Spiteful Flame,{},hecatomb_last-hallow's-eve_spiteful-flame
e47dc472-eee1-40c5-bab1-e8ca146247e3,third-party-document,0,,"{""obverse"": ""hecatomb_last-hallow's-eve_staff-of-xipe-totec"", ""reverse"": ""hecatomb_card-back""}","{""name_printed"": ""Staff of Xipe Totec"", ""rarity"": ""Common"", ""types"": ""[\u0022Relic\u0022]"", ""doom"": ""Destruction"", ""item_dimensions"": ""{\u0022height\u0022: \u00223.5\u0022, \u0022width\u0022: \u00222.5\u0022, \u0022unit\u0022: \u0022inch\u0022}""}",2a9bc512-584c-4798-ae72-e15e25cdbd8a,07bfe7a8-4145-4fc2-9a2c-300c2a5b2573,Staff of Xipe Totec,Staff of Xipe Totec,{},hecatomb_last-hallow's-eve_staff-of-xipe-totec
f4ffb642-71fb-49d4-b7d3-83386cd382bd,third-party-document,0,,"{""obverse"": ""hecatomb_last-hallow's-eve_star-flung-nightmare"", ""reverse"": ""hecatomb_card-back""}","{""name_printed"": ""Star-Flung Nightmare"", ""rarity"": ""Uncommon"", ""types"": ""[\u0022Minion\u0022]"", ""doom"": ""Destruction"", ""item_dimensions"": ""{\u0022height\u0022: \u00223.5\u0022, \u0022width\u0022: \u00222.5\u0022, \u0022unit\u0022: \u0022inch\u0022}""}",2a9bc512-584c-4798-ae72-e15e25cdbd8a,07bfe7a8-4145-4fc2-9a2c-300c2a5b2573,Star-Flung Nightmare,Star-Flung Nightmare,{},hecatomb_last-hallow's-eve_star-flung-nightmare
9ae20a5e-2e03-4f4a-9309-97db51855cc0,third-party-document,0,,"{""obverse"": ""hecatomb_last-hallow's-eve_star-jelly"", ""reverse"": ""hecatomb_card-back""}","{""name_printed"": ""Star Jelly"", ""rarity"": ""Rare"", ""types"": ""[\u0022Minion\u0022]"", ""doom"": ""Greed"", ""item_dimensions"": ""{\u0022height\u0022: \u00223.5\u0022, \u0022width\u0022: \u00222.5\u0022, \u0022unit\u0022: \u0022inch\u0022}""}",2a9bc512-584c-4798-ae72-e15e25cdbd8a,07bfe7a8-4145-4fc2-9a2c-300c2a5b2573,Star Jelly,Star Jelly,{},hecatomb_last-hallow's-eve_star-jelly
462c72e0-d7e1-4ace-acaf-32b68c7e96de,third-party-document,0,,"{""obverse"": ""hecatomb_last-hallow's-eve_stonestalker"", ""reverse"": ""hecatomb_card-back""}","{""name_printed"": ""Stonestalker"", ""rarity"": ""Uncommon"", ""types"": ""[\u0022Minion\u0022]"", ""doom"": ""Greed"", ""item_dimensions"": ""{\u0022height\u0022: \u00223.5\u0022, \u0022width\u0022: \u00222.5\u0022, \u0022unit\u0022: \u0022inch\u0022}""}",2a9bc512-584c-4798-ae72-e15e25cdbd8a,07bfe7a8-4145-4fc2-9a2c-300c2a5b2573,Stonestalker,Stonestalker,{},hecatomb_last-hallow's-eve_stonestalker
776ac49c-c047-43e3-bf2f-7eb4e0734e2d,third-party-document,0,,"{""obverse"": ""hecatomb_last-hallow's-eve_symbiotic-appendage"", ""reverse"": ""hecatomb_card-back""}","{""name_printed"": ""Symbiotic Appendage"", ""rarity"": ""Common"", ""types"": ""[\u0022Minion\u0022]"", ""doom"": ""Corruption"", ""item_dimensions"": ""{\u0022height\u0022: \u00223.5\u0022, \u0022width\u0022: \u00222.5\u0022, \u0022unit\u0022: \u0022inch\u0022}""}",2a9bc512-584c-4798-ae72-e15e25cdbd8a,07bfe7a8-4145-4fc2-9a2c-300c2a5b2573,Symbiotic Appendage,Symbiotic Appendage,{},hecatomb_last-hallow's-eve_symbiotic-appendage
676848db-abd8-4212-b7bf-ff956e8bb721,third-party-document,0,,"{""obverse"": ""hecatomb_last-hallow's-eve_teloth-propet"", ""reverse"": ""hecatomb_card-back""}","{""name_printed"": ""Teloth Propet"", ""rarity"": ""Uncommon"", ""types"": ""[\u0022Minion\u0022]"", ""doom"": ""Corruption"", ""item_dimensions"": ""{\u0022height\u0022: \u00223.5\u0022, \u0022width\u0022: \u00222.5\u0022, \u0022unit\u0022: \u0022inch\u0022}""}",2a9bc512-584c-4798-ae72-e15e25cdbd8a,07bfe7a8-4145-4fc2-9a2c-300c2a5b2573,Teloth Propet,Teloth Propet,{},hecatomb_last-hallow's-eve_teloth-propet
1ed866fe-5bb5-4c12-bbb4-795b68a9ce7c,third-party-document,0,,"{""obverse"": ""hecatomb_last-hallow's-eve_the-amazing-bobo"", ""reverse"": ""hecatomb_card-back""}","{""name_printed"": ""The Amazing Bobo"", ""rarity"": ""Rare"", ""types"": ""[\u0022Minion\u0022]"", ""doom"": ""Corruption"", ""item_dimensions"": ""{\u0022height\u0022: \u00223.5\u0022, \u0022width\u0022: \u00222.5\u0022, \u0022unit\u0022: \u0022inch\u0022}""}",2a9bc512-584c-4798-ae72-e15e25cdbd8a,07bfe7a8-4145-4fc2-9a2c-300c2a5b2573,The Amazing Bobo,The Amazing Bobo,{},hecatomb_last-hallow's-eve_the-amazing-bobo
8145e78d-e3d6-4401-ad19-94c0e86ae4e6,third-party-document,0,,"{""obverse"": ""hecatomb_last-hallow's-eve_the-box"", ""reverse"": ""hecatomb_card-back""}","{""name_printed"": ""The Box"", ""rarity"": ""Common"", ""types"": ""[\u0022Relic\u0022]"", ""doom"": ""Greed"", ""item_dimensions"": ""{\u0022height\u0022: \u00223.5\u0022, \u0022width\u0022: \u00222.5\u0022, \u0022unit\u0022: \u0022inch\u0022}""}",2a9bc512-584c-4798-ae72-e15e25cdbd8a,07bfe7a8-4145-4fc2-9a2c-300c2a5b2573,The Box,The Box,{},hecatomb_last-hallow's-eve_the-box
41ad2342-aec0-4a8b-a37b-f949200116a9,third-party-document,0,,"{""obverse"": ""hecatomb_last-hallow's-eve_the-entombed"", ""reverse"": ""hecatomb_card-back""}","{""name_printed"": ""The Entombed"", ""rarity"": ""Rare"", ""types"": ""[\u0022Minion\u0022]"", ""doom"": ""Greed"", ""item_dimensions"": ""{\u0022height\u0022: \u00223.5\u0022, \u0022width\u0022: \u00222.5\u0022, \u0022unit\u0022: \u0022inch\u0022}""}",2a9bc512-584c-4798-ae72-e15e25cdbd8a,07bfe7a8-4145-4fc2-9a2c-300c2a5b2573,The Entombed,The Entombed,{},hecatomb_last-hallow's-eve_the-entombed
b363d20e-888b-4466-b9c8-c4cf374d5564,third-party-document,0,,"{""obverse"": ""hecatomb_last-hallow's-eve_the-yellow-sign"", ""reverse"": ""hecatomb_card-back""}","{""name_printed"": ""The Yellow Sign"", ""rarity"": ""Common"", ""types"": ""[\u0022Relic\u0022]"", ""doom"": ""Corruption"", ""item_dimensions"": ""{\u0022height\u0022: \u00223.5\u0022, \u0022width\u0022: \u00222.5\u0022, \u0022unit\u0022: \u0022inch\u0022}""}",2a9bc512-584c-4798-ae72-e15e25cdbd8a,07bfe7a8-4145-4fc2-9a2c-300c2a5b2573,The Yellow Sign,The Yellow Sign,{},hecatomb_last-hallow's-eve_the-yellow-sign
dbcba7ae-675a-41ff-9bb9-8e5267fdf73e,third-party-document,0,,"{""obverse"": ""hecatomb_last-hallow's-eve_transfix"", ""reverse"": ""hecatomb_card-back""}","{""name_printed"": ""Transfix"", ""rarity"": ""Uncommon"", ""types"": ""[\u0022Fate\u0022]"", ""doom"": ""Destruction"", ""item_dimensions"": ""{\u0022height\u0022: \u00223.5\u0022, \u0022width\u0022: \u00222.5\u0022, \u0022unit\u0022: \u0022inch\u0022}""}",2a9bc512-584c-4798-ae72-e15e25cdbd8a,07bfe7a8-4145-4fc2-9a2c-300c2a5b2573,Transfix,Transfix,{},hecatomb_last-hallow's-eve_transfix
8315bf61-9a91-45e7-8ddb-0905b2eeec3d,third-party-document,0,,"{""obverse"": ""hecatomb_last-hallow's-eve_twilight-quickling"", ""reverse"": ""hecatomb_card-back""}","{""name_printed"": ""Twilight Quickling"", ""rarity"": ""Rare"", ""types"": ""[\u0022Minion\u0022]"", ""doom"": ""Destruction"", ""item_dimensions"": ""{\u0022height\u0022: \u00223.5\u0022, \u0022width\u0022: \u00222.5\u0022, \u0022unit\u0022: \u0022inch\u0022}""}",2a9bc512-584c-4798-ae72-e15e25cdbd8a,07bfe7a8-4145-4fc2-9a2c-300c2a5b2573,Twilight Quickling,Twilight Quickling,{},hecatomb_last-hallow's-eve_twilight-quickling
544b4488-68ce-4aec-b658-7f48a3339c55,third-party-document,0,,"{""obverse"": ""hecatomb_last-hallow's-eve_tzi-tzi-tzo"", ""reverse"": ""hecatomb_card-back""}","{""name_printed"": ""Tzi Tzi Tzo"", ""rarity"": ""Common"", ""types"": ""[\u0022Minion\u0022]"", ""doom"": ""Destruction"", ""item_dimensions"": ""{\u0022height\u0022: \u00223.5\u0022, \u0022width\u0022: \u00222.5\u0022, \u0022unit\u0022: \u0022inch\u0022}""}",2a9bc512-584c-4798-ae72-e15e25cdbd8a,07bfe7a8-4145-4fc2-9a2c-300c2a5b2573,Tzi Tzi Tzo,Tzi Tzi Tzo,{},hecatomb_last-hallow's-eve_tzi-tzi-tzo
d1bb9808-a8ca-4886-adee-b358096245ef,third-party-document,0,,"{""obverse"": ""hecatomb_last-hallow's-eve_unbound-ba"", ""reverse"": ""hecatomb_card-back""}","{""name_printed"": ""Unbound Ba"", ""rarity"": ""Common"", ""types"": ""[\u0022Minion\u0022]"", ""doom"": ""Deceit"", ""item_dimensions"": ""{\u0022height\u0022: \u00223.5\u0022, \u0022width\u0022: \u00222.5\u0022, \u0022unit\u0022: \u0022inch\u0022}""}",2a9bc512-584c-4798-ae72-e15e25cdbd8a,07bfe7a8-4145-4fc2-9a2c-300c2a5b2573,Unbound Ba,Unbound Ba,{},hecatomb_last-hallow's-eve_unbound-ba
d2ebd3a4-4fd8-4cfb-b0b6-5a5a26531c72,third-party-document,0,,"{""obverse"": ""hecatomb_last-hallow's-eve_uncle-andrew"", ""reverse"": ""hecatomb_card-back""}","{""name_printed"": ""Uncle Andrew"", ""rarity"": ""Uncommon"", ""types"": ""[\u0022Relic\u0022]"", ""doom"": ""Greed"", ""item_dimensions"": ""{\u0022height\u0022: \u00223.5\u0022, \u0022width\u0022: \u00222.5\u0022, \u0022unit\u0022: \u0022inch\u0022}""}",2a9bc512-584c-4798-ae72-e15e25cdbd8a,07bfe7a8-4145-4fc2-9a2c-300c2a5b2573,Uncle Andrew,Uncle Andrew,{},hecatomb_last-hallow's-eve_uncle-andrew
22b072ea-5241-4f24-8a6b-03a43286e3ca,third-party-document,0,,"{""obverse"": ""hecatomb_last-hallow's-eve_unsafe"", ""reverse"": ""hecatomb_card-back""}","{""name_printed"": ""Unsafe"", ""rarity"": ""Rare"", ""types"": ""[\u0022Minion\u0022]"", ""doom"": ""Greed"", ""speed"": ""Combat"", ""item_dimensions"": ""{\u0022height\u0022: \u00223.5\u0022, \u0022width\u0022: \u00222.5\u0022, \u0022unit\u0022: \u0022inch\u0022}""}",2a9bc512-584c-4798-ae72-e15e25cdbd8a,07bfe7a8-4145-4fc2-9a2c-300c2a5b2573,Unsafe,Unsafe,{},hecatomb_last-hallow's-eve_unsafe
1d0399ed-aadd-4ad9-98d2-922e8236a360,third-party-document,0,,"{""obverse"": ""hecatomb_last-hallow's-eve_vamshuul"", ""reverse"": ""hecatomb_card-back""}","{""name_printed"": ""VAMSHUUL"", ""rarity"": ""Rare"", ""types"": ""[\u0022God\u0022]"", ""doom"": ""Deceit"", ""item_dimensions"": ""{\u0022height\u0022: \u00223.5\u0022, \u0022width\u0022: \u00222.5\u0022, \u0022unit\u0022: \u0022inch\u0022}""}",2a9bc512-584c-4798-ae72-e15e25cdbd8a,07bfe7a8-4145-4fc2-9a2c-300c2a5b2573,VAMSHUUL,VAMSHUUL,{},hecatomb_last-hallow's-eve_vamshuul
9c0a2011-3abe-42c9-949c-a303bcdeed99,third-party-document,0,,"{""obverse"": ""hecatomb_last-hallow's-eve_veined-horror"", ""reverse"": ""hecatomb_card-back""}","{""name_printed"": ""Veined Horror"", ""rarity"": ""Uncommon"", ""types"": ""[\u0022Minion\u0022]"", ""doom"": ""Destruction"", ""item_dimensions"": ""{\u0022height\u0022: \u00223.5\u0022, \u0022width\u0022: \u00222.5\u0022, \u0022unit\u0022: \u0022inch\u0022}""}",2a9bc512-584c-4798-ae72-e15e25cdbd8a,07bfe7a8-4145-4fc2-9a2c-300c2a5b2573,Veined Horror,Veined Horror,{},hecatomb_last-hallow's-eve_veined-horror
e95ae618-ada2-471b-83e8-6c5e087cae49,third-party-document,0,,"{""obverse"": ""hecatomb_last-hallow's-eve_voice-of-the-whisperer"", ""reverse"": ""hecatomb_card-back""}","{""name_printed"": ""Voice of the Whisperer"", ""rarity"": ""Uncommon"", ""types"": ""[\u0022Relic\u0022]"", ""doom"": ""Greed"", ""item_dimensions"": ""{\u0022height\u0022: \u00223.5\u0022, \u0022width\u0022: \u00222.5\u0022, \u0022unit\u0022: \u0022inch\u0022}""}",2a9bc512-584c-4798-ae72-e15e25cdbd8a,07bfe7a8-4145-4fc2-9a2c-300c2a5b2573,Voice of the Whisperer,Voice of the Whisperer,{},hecatomb_last-hallow's-eve_voice-of-the-whisperer
a9d2250a-4aad-4203-8cf2-3a1f11c26785,third-party-document,0,,"{""obverse"": ""hecatomb_last-hallow's-eve_watcher-in-the-vault"", ""reverse"": ""hecatomb_card-back""}","{""name_printed"": ""Watcher in the Vault"", ""rarity"": ""Rare"", ""types"": ""[\u0022Minion\u0022]"", ""doom"": ""Greed"", ""item_dimensions"": ""{\u0022height\u0022: \u00223.5\u0022, \u0022width\u0022: \u00222.5\u0022, \u0022unit\u0022: \u0022inch\u0022}""}",2a9bc512-584c-4798-ae72-e15e25cdbd8a,07bfe7a8-4145-4fc2-9a2c-300c2a5b2573,Watcher in the Vault,Watcher in the Vault,{},hecatomb_last-hallow's-eve_watcher-in-the-vault
fef5fb8c-d4da-4deb-b24f-f105f01c0d7c,third-party-document,0,,"{""obverse"": ""hecatomb_last-hallow's-eve_willing-sacrifice"", ""reverse"": ""hecatomb_card-back""}","{""name_printed"": ""Willing Sacrifice"", ""rarity"": ""Common"", ""types"": ""[\u0022Minion\u0022]"", ""doom"": ""Corruption"", ""item_dimensions"": ""{\u0022height\u0022: \u00223.5\u0022, \u0022width\u0022: \u00222.5\u0022, \u0022unit\u0022: \u0022inch\u0022}""}",2a9bc512-584c-4798-ae72-e15e25cdbd8a,07bfe7a8-4145-4fc2-9a2c-300c2a5b2573,Willing Sacrifice,Willing Sacrifice,{},hecatomb_last-hallow's-eve_willing-sacrifice
24853ae3-4ed1-438e-838b-bdf6ed76b0b3,third-party-document,0,,"{""obverse"": ""hecatomb_last-hallow's-eve_wind-walker"", ""reverse"": ""hecatomb_card-back""}","{""name_printed"": ""Wind Walker"", ""rarity"": ""Common"", ""types"": ""[\u0022Minion\u0022]"", ""doom"": ""Destruction"", ""item_dimensions"": ""{\u0022height\u0022: \u00223.5\u0022, \u0022width\u0022: \u00222.5\u0022, \u0022unit\u0022: \u0022inch\u0022}""}",2a9bc512-584c-4798-ae72-e15e25cdbd8a,07bfe7a8-4145-4fc2-9a2c-300c2a5b2573,Wind Walker,Wind Walker,{},hecatomb_last-hallow's-eve_wind-walker
0cd7fadb-e30b-4ab1-b78a-709196c653d7,third-party-document,0,,"{""obverse"": ""hecatomb_last-hallow's-eve_xhilovian-priest"", ""reverse"": ""hecatomb_card-back""}","{""name_printed"": ""Xhilovian Priest"", ""rarity"": ""Uncommon"", ""types"": ""[\u0022Minion\u0022]"", ""doom"": ""Corruption"", ""item_dimensions"": ""{\u0022height\u0022: \u00223.5\u0022, \u0022width\u0022: \u00222.5\u0022, \u0022unit\u0022: \u0022inch\u0022}""}",2a9bc512-584c-4798-ae72-e15e25cdbd8a,07bfe7a8-4145-4fc2-9a2c-300c2a5b2573,Xhilovian Priest,Xhilovian Priest,{},hecatomb_last-hallow's-eve_xhilovian-priest
40b01952-5a6a-47c5-bbd0-e128d9519f33,third-party-document,0,,"{""obverse"": ""hecatomb_last-hallow's-eve_xipe-totec,-the-flayed-one"", ""reverse"": ""hecatomb_card-back""}","{""name_printed"": ""XIPE TOTEC, The Flayed One"", ""rarity"": ""Rare"", ""types"": ""[\u0022God\u0022]"", ""doom"": ""Destruction"", ""item_dimensions"": ""{\u0022height\u0022: \u00223.5\u0022, \u0022width\u0022: \u00222.5\u0022, \u0022unit\u0022: \u0022inch\u0022}""}",2a9bc512-584c-4798-ae72-e15e25cdbd8a,07bfe7a8-4145-4fc2-9a2c-300c2a5b2573,"XIPE TOTEC, The Flayed One","XIPE TOTEC, The Flayed One",{},"hecatomb_last-hallow's-eve_xipe-totec,-the-flayed-one"
04d2aab5-9d49-4877-af57-896e2999ef68,third-party-document,0,,"{""obverse"": ""hecatomb_last-hallow's-eve_yog-sothoth,-the-key-to-the-gate"", ""reverse"": ""hecatomb_card-back""}","{""name_printed"": ""YOG-SOTHOTH, The Key to the Gate"", ""rarity"": ""Rare"", ""types"": ""[\u0022God\u0022]"", ""doom"": ""Greed"", ""item_dimensions"": ""{\u0022height\u0022: \u00223.5\u0022, \u0022width\u0022: \u00222.5\u0022, \u0022unit\u0022: \u0022inch\u0022}""}",2a9bc512-584c-4798-ae72-e15e25cdbd8a,07bfe7a8-4145-4fc2-9a2c-300c2a5b2573,"YOG-SOTHOTH, The Key to the Gate","YOG-SOTHOTH, The Key to the Gate",{},"hecatomb_last-hallow's-eve_yog-sothoth,-the-key-to-the-gate"
939fa6ed-d3bc-4780-a00c-7f5e624c2293,third-party-document,0,,"{""obverse"": ""hecatomb_last-hallow's-eve_zurlych"", ""reverse"": ""hecatomb_card-back""}","{""name_printed"": ""Zurlych"", ""rarity"": ""Uncommon"", ""types"": ""[\u0022Minion\u0022]"", ""doom"": ""Corruption"", ""item_dimensions"": ""{\u0022height\u0022: \u00223.5\u0022, \u0022width\u0022: \u00222.5\u0022, \u0022unit\u0022: \u0022inch\u0022}""}",2a9bc512-584c-4798-ae72-e15e25cdbd8a,07bfe7a8-4145-4fc2-9a2c-300c2a5b2573,Zurlych,Zurlych,{},hecatomb_last-hallow's-eve_zurlych
1667e124-c6db-44f4-aa7a-5fff0bb834b6,third-party-document,0,,"{""obverse"": ""hecatomb_other_blender-zombie-(unique-card)"", ""reverse"": ""hecatomb_card-back""}","{""name_printed"": ""Blender Zombie (unique card)"", ""rarity"": ""Rare"", ""types"": ""[\u0022Minion\u0022]"", ""doom"": ""Greed"", ""item_dimensions"": ""{\u0022height\u0022: \u00223.5\u0022, \u0022width\u0022: \u00222.5\u0022, \u0022unit\u0022: \u0022inch\u0022}""}",2a9bc512-584c-4798-ae72-e15e25cdbd8a,cbd11ace-3921-4b87-8bae-34d4351af16e,Blender Zombie (unique card),Blender Zombie (unique card),{},hecatomb_other_blender-zombie-(unique-card)
e18e7afc-d604-4a9f-b1b6-6bd4ddf7011b,third-party-document,0,,"{""obverse"": ""hecatomb_other_ghoulish-reanimator-(alternate-art)"", ""reverse"": ""hecatomb_card-back""}","{""name_printed"": ""Ghoulish Reanimator (alternate art)"", ""rarity"": ""Rare"", ""types"": ""[\u0022Minion\u0022]"", ""doom"": ""Greed"", ""item_dimensions"": ""{\u0022height\u0022: \u00223.5\u0022, \u0022width\u0022: \u00222.5\u0022, \u0022unit\u0022: \u0022inch\u0022}""}",2a9bc512-584c-4798-ae72-e15e25cdbd8a,cbd11ace-3921-4b87-8bae-34d4351af16e,Ghoulish Reanimator (alternate art),Ghoulish Reanimator (alternate art),{},hecatomb_other_ghoulish-reanimator-(alternate-art)
d6f59c22-b340-4574-b02d-aaf560460949,third-party-document,0,,"{""obverse"": ""hecatomb_other_greater-cthugian-(promo)"", ""reverse"": ""hecatomb_card-back""}","{""name_printed"": ""Greater Cthugian (promo)"", ""rarity"": ""Rare"", ""types"": ""[\u0022Minion\u0022]"", ""doom"": ""Corruption"", ""item_dimensions"": ""{\u0022height\u0022: \u00223.5\u0022, \u0022width\u0022: \u00222.5\u0022, \u0022unit\u0022: \u0022inch\u0022}""}",2a9bc512-584c-4798-ae72-e15e25cdbd8a,cbd11ace-3921-4b87-8bae-34d4351af16e,Greater Cthugian (promo),Greater Cthugian (promo),{},hecatomb_other_greater-cthugian-(promo)
723723f8-386d-4577-a2eb-b5916c941f5c,third-party-document,0,,"{""obverse"": ""hecatomb_other_ruin-sifter-(alternate-art)"", ""reverse"": ""hecatomb_card-back""}","{""name_printed"": ""Ruin Sifter (alternate art)"", ""rarity"": ""Rare"", ""types"": ""[\u0022Minion\u0022]"", ""doom"": ""Destruction"", ""item_dimensions"": ""{\u0022height\u0022: \u00223.5\u0022, \u0022width\u0022: \u00222.5\u0022, \u0022unit\u0022: \u0022inch\u0022}""}",2a9bc512-584c-4798-ae72-e15e25cdbd8a,cbd11ace-3921-4b87-8bae-34d4351af16e,Ruin Sifter (alternate art),Ruin Sifter (alternate art),{},hecatomb_other_ruin-sifter-(alternate-art)
0be49aa9-f51d-4934-b8d0-8bf56d53a864,third-party-document,0,,"{""obverse"": ""hecatomb_other_sentient-heart-(unique-card)"", ""reverse"": ""hecatomb_card-back""}","{""name_printed"": ""Sentient Heart (unique card)"", ""rarity"": ""Rare"", ""types"": ""[\u0022Relic\u0022]"", ""doom"": ""Destruction"", ""item_dimensions"": ""{\u0022height\u0022: \u00223.5\u0022, \u0022width\u0022: \u00222.5\u0022, \u0022unit\u0022: \u0022inch\u0022}""}",2a9bc512-584c-4798-ae72-e15e25cdbd8a,cbd11ace-3921-4b87-8bae-34d4351af16e,Sentient Heart (unique card),Sentient Heart (unique card),{},hecatomb_other_sentient-heart-(unique-card)