id,source,imaged,documented,images,attributes,game_id,set_id,functional_name,item_name,source_notes,game_set_item_slug
2f825551-d669-4675-918c-b4b6b60d817d,third-party-document,0,0,"{""obverse"": ""wars-trading-card-game_beta_air-support-vehicle"", ""reverse"": ""wars-trading-card-game_card-back""}","{""name_printed"": ""Air Support Vehicle"", ""rarity"": ""Fixed"", ""item_dimensions"": ""{\u0022height\u0022: \u00223.5\u0022, \u0022width\u0022: \u00222.5\u0022, \u0022unit\u0022: \u0022inch\u0022}""}",017cb0cd-aeb7-4c0b-941d-4f48d13f8145,27b34a69-c510-45f1-9b8d-523db37ba671,Air Support Vehicle,Air Support Vehicle,{},wars-trading-card-game_beta_air-support-vehicle
e7b48625-8896-426e-b8a3-c8f257f91909,third-party-document,0,0,"{""obverse"": ""wars-trading-card-game_beta_alnak-station-captured-base"", ""reverse"": ""wars-trading-card-game_card-back""}","{""name_printed"": ""Alnak Station/Captured Base"", ""rarity"": ""Fixed"", ""type"": ""Location"", ""item_dimensions"": ""{\u0022height\u0022: \u00223.5\u0022, \u0022width\u0022: \u00222.5\u0022, \u0022unit\u0022: \u0022inch\u0022}""}",017cb0cd-aeb7-4c0b-941d-4f48d13f8145,27b34a69-c510-45f1-9b8d-523db37ba671,Alnak Station/Captured Base,Alnak Station/Captured Base,{},wars-trading-card-game_beta_alnak-station-captured-base
94d81a77-2d8e-48ab-a9c7-2a5869638224,third-party-document,0,0,"{""obverse"": ""wars-trading-card-game_beta_alnak-station-hallway"", ""reverse"": ""wars-trading-card-game_card-back""}","{""name_printed"": ""Alnak Station/Hallway"", ""rarity"": ""Fixed"", ""type"": ""Location"", ""item_dimensions"": ""{\u0022height\u0022: \u00223.5\u0022, \u0022width\u0022: \u00222.5\u0022, \u0022unit\u0022: \u0022inch\u0022}""}",017cb0cd-aeb7-4c0b-941d-4f48d13f8145,27b34a69-c510-45f1-9b8d-523db37ba671,Alnak Station/Hallway,Alnak Station/Hallway,{},wars-trading-card-game_beta_alnak-station-hallway
6e3a1220-ef6c-404d-97de-e24ce09cb17e,third-party-document,0,0,"{""obverse"": ""wars-trading-card-game_beta_asktatru-claw-beast"", ""reverse"": ""wars-trading-card-game_card-back""}","{""name_printed"": ""Asktatru Claw Beast"", ""rarity"": ""Fixed"", ""item_dimensions"": ""{\u0022height\u0022: \u00223.5\u0022, \u0022width\u0022: \u00222.5\u0022, \u0022unit\u0022: \u0022inch\u0022}""}",017cb0cd-aeb7-4c0b-941d-4f48d13f8145,27b34a69-c510-45f1-9b8d-523db37ba671,Asktatru Claw Beast,Asktatru Claw Beast,{},wars-trading-card-game_beta_asktatru-claw-beast
f41cdd15-df1f-4697-b3fd-6349479c96b7,third-party-document,0,0,"{""obverse"": ""wars-trading-card-game_beta_balkatana-inciter"", ""reverse"": ""wars-trading-card-game_card-back""}","{""name_printed"": ""Balkatana Inciter"", ""rarity"": ""Fixed"", ""item_dimensions"": ""{\u0022height\u0022: \u00223.5\u0022, \u0022width\u0022: \u00222.5\u0022, \u0022unit\u0022: \u0022inch\u0022}""}",017cb0cd-aeb7-4c0b-941d-4f48d13f8145,27b34a69-c510-45f1-9b8d-523db37ba671,Balkatana Inciter,Balkatana Inciter,{},wars-trading-card-game_beta_balkatana-inciter
caee1da5-2508-499d-8dcb-6884c8d126d0,third-party-document,0,0,"{""obverse"": ""wars-trading-card-game_beta_close-support-pilot"", ""reverse"": ""wars-trading-card-game_card-back""}","{""name_printed"": ""Close Support Pilot"", ""rarity"": ""Fixed"", ""type"": ""Character"", ""allegiance"": ""Earther"", ""item_dimensions"": ""{\u0022height\u0022: \u00223.5\u0022, \u0022width\u0022: \u00222.5\u0022, \u0022unit\u0022: \u0022inch\u0022}""}",017cb0cd-aeb7-4c0b-941d-4f48d13f8145,27b34a69-c510-45f1-9b8d-523db37ba671,Close Support Pilot,Close Support Pilot,{},wars-trading-card-game_beta_close-support-pilot
3d5e0f1a-a7c2-43db-82ac-d680d50d8bb7,third-party-document,0,0,"{""obverse"": ""wars-trading-card-game_beta_converted-type-iii"", ""reverse"": ""wars-trading-card-game_card-back""}","{""name_printed"": ""Converted Type III"", ""rarity"": ""Fixed"", ""item_dimensions"": ""{\u0022height\u0022: \u00223.5\u0022, \u0022width\u0022: \u00222.5\u0022, \u0022unit\u0022: \u0022inch\u0022}""}",017cb0cd-aeb7-4c0b-941d-4f48d13f8145,27b34a69-c510-45f1-9b8d-523db37ba671,Converted Type III,Converted Type III,{},wars-trading-card-game_beta_converted-type-iii
d66ee782-3e60-4cdb-9a78-4416182cff62,third-party-document,0,0,"{""obverse"": ""wars-trading-card-game_beta_corporate-transport"", ""reverse"": ""wars-trading-card-game_card-back""}","{""name_printed"": ""Corporate Transport"", ""rarity"": ""Fixed"", ""type"": ""Ship"", ""allegiance"": ""Independent"", ""item_dimensions"": ""{\u0022height\u0022: \u00223.5\u0022, \u0022width\u0022: \u00222.5\u0022, \u0022unit\u0022: \u0022inch\u0022}""}",017cb0cd-aeb7-4c0b-941d-4f48d13f8145,27b34a69-c510-45f1-9b8d-523db37ba671,Corporate Transport,Corporate Transport,{},wars-trading-card-game_beta_corporate-transport
f632a942-d07c-420e-aaba-77adff85a3f7,third-party-document,0,0,"{""obverse"": ""wars-trading-card-game_beta_dalaka"", ""reverse"": ""wars-trading-card-game_card-back""}","{""name_printed"": ""Dalaka"", ""rarity"": ""Fixed"", ""item_dimensions"": ""{\u0022height\u0022: \u00223.5\u0022, \u0022width\u0022: \u00222.5\u0022, \u0022unit\u0022: \u0022inch\u0022}""}",017cb0cd-aeb7-4c0b-941d-4f48d13f8145,27b34a69-c510-45f1-9b8d-523db37ba671,Dalaka,Dalaka,{},wars-trading-card-game_beta_dalaka
5a5ce28f-1292-4548-86fe-55aa28a532b3,third-party-document,0,0,"{""obverse"": ""wars-trading-card-game_beta_dangerous-claw"", ""reverse"": ""wars-trading-card-game_card-back""}","{""name_printed"": ""Dangerous Claw"", ""rarity"": ""Fixed"", ""item_dimensions"": ""{\u0022height\u0022: \u00223.5\u0022, \u0022width\u0022: \u00222.5\u0022, \u0022unit\u0022: \u0022inch\u0022}""}",017cb0cd-aeb7-4c0b-941d-4f48d13f8145,27b34a69-c510-45f1-9b8d-523db37ba671,Dangerous Claw,Dangerous Claw,{},wars-trading-card-game_beta_dangerous-claw
fab4d5e2-e7a1-4e95-87cc-18db9aa4339a,third-party-document,0,0,"{""obverse"": ""wars-trading-card-game_beta_earth-humanity's-home"", ""reverse"": ""wars-trading-card-game_card-back""}","{""name_printed"": ""Earth/Humanity's Home"", ""rarity"": ""Fixed"", ""type"": ""Location"", ""item_dimensions"": ""{\u0022height\u0022: \u00223.5\u0022, \u0022width\u0022: \u00222.5\u0022, \u0022unit\u0022: \u0022inch\u0022}""}",017cb0cd-aeb7-4c0b-941d-4f48d13f8145,27b34a69-c510-45f1-9b8d-523db37ba671,Earth/Humanity's Home,Earth/Humanity's Home,{},wars-trading-card-game_beta_earth-humanity's-home
9d119aa6-a223-48c7-880f-42a0487065b0,third-party-document,0,0,"{""obverse"": ""wars-trading-card-game_beta_ganymede-earth-camp"", ""reverse"": ""wars-trading-card-game_card-back""}","{""name_printed"": ""Ganymede/Earth Camp"", ""rarity"": ""Fixed"", ""item_dimensions"": ""{\u0022height\u0022: \u00223.5\u0022, \u0022width\u0022: \u00222.5\u0022, \u0022unit\u0022: \u0022inch\u0022}""}",017cb0cd-aeb7-4c0b-941d-4f48d13f8145,27b34a69-c510-45f1-9b8d-523db37ba671,Ganymede/Earth Camp,Ganymede/Earth Camp,{},wars-trading-card-game_beta_ganymede-earth-camp
631a7e65-5544-4ec2-a044-ab995b79ac29,third-party-document,0,0,"{""obverse"": ""wars-trading-card-game_beta_ganymede-gongen-camp"", ""reverse"": ""wars-trading-card-game_card-back""}","{""name_printed"": ""Ganymede/Gongen Camp"", ""rarity"": ""Fixed"", ""item_dimensions"": ""{\u0022height\u0022: \u00223.5\u0022, \u0022width\u0022: \u00222.5\u0022, \u0022unit\u0022: \u0022inch\u0022}""}",017cb0cd-aeb7-4c0b-941d-4f48d13f8145,27b34a69-c510-45f1-9b8d-523db37ba671,Ganymede/Gongen Camp,Ganymede/Gongen Camp,{},wars-trading-card-game_beta_ganymede-gongen-camp
652b90a7-0c70-4a8f-aeb3-03b1908b60bc,third-party-document,0,0,"{""obverse"": ""wars-trading-card-game_beta_ganymede-jupiter's-moon"", ""reverse"": ""wars-trading-card-game_card-back""}","{""name_printed"": ""Ganymede/Jupiter's Moon"", ""rarity"": ""Fixed"", ""item_dimensions"": ""{\u0022height\u0022: \u00223.5\u0022, \u0022width\u0022: \u00222.5\u0022, \u0022unit\u0022: \u0022inch\u0022}""}",017cb0cd-aeb7-4c0b-941d-4f48d13f8145,27b34a69-c510-45f1-9b8d-523db37ba671,Ganymede/Jupiter's Moon,Ganymede/Jupiter's Moon,{},wars-trading-card-game_beta_ganymede-jupiter's-moon
f8525842-b895-4bff-a2d5-efb05cbbd608,third-party-document,0,0,"{""obverse"": ""wars-trading-card-game_beta_ganymede-maverick-camp"", ""reverse"": ""wars-trading-card-game_card-back""}","{""name_printed"": ""Ganymede/Maverick Camp"", ""rarity"": ""Fixed"", ""item_dimensions"": ""{\u0022height\u0022: \u00223.5\u0022, \u0022width\u0022: \u00222.5\u0022, \u0022unit\u0022: \u0022inch\u0022}""}",017cb0cd-aeb7-4c0b-941d-4f48d13f8145,27b34a69-c510-45f1-9b8d-523db37ba671,Ganymede/Maverick Camp,Ganymede/Maverick Camp,{},wars-trading-card-game_beta_ganymede-maverick-camp
378e4f89-c1e3-4a98-a951-ad5596b830bd,third-party-document,0,0,"{""obverse"": ""wars-trading-card-game_beta_ganymede-quay-camp"", ""reverse"": ""wars-trading-card-game_card-back""}","{""name_printed"": ""Ganymede/Quay Camp"", ""rarity"": ""Fixed"", ""item_dimensions"": ""{\u0022height\u0022: \u00223.5\u0022, \u0022width\u0022: \u00222.5\u0022, \u0022unit\u0022: \u0022inch\u0022}""}",017cb0cd-aeb7-4c0b-941d-4f48d13f8145,27b34a69-c510-45f1-9b8d-523db37ba671,Ganymede/Quay Camp,Ganymede/Quay Camp,{},wars-trading-card-game_beta_ganymede-quay-camp
d9f826c5-f283-455c-9705-297ebe736577,third-party-document,0,0,"{""obverse"": ""wars-trading-card-game_beta_ganymede-underground-bunker"", ""reverse"": ""wars-trading-card-game_card-back""}","{""name_printed"": ""Ganymede/Underground Bunker"", ""rarity"": ""Fixed"", ""type"": ""Location"", ""item_dimensions"": ""{\u0022height\u0022: \u00223.5\u0022, \u0022width\u0022: \u00222.5\u0022, \u0022unit\u0022: \u0022inch\u0022}""}",017cb0cd-aeb7-4c0b-941d-4f48d13f8145,27b34a69-c510-45f1-9b8d-523db37ba671,Ganymede/Underground Bunker,Ganymede/Underground Bunker,{},wars-trading-card-game_beta_ganymede-underground-bunker
7ec7ccb3-ca0a-494c-a086-e59b9f5be440,third-party-document,0,0,"{""obverse"": ""wars-trading-card-game_beta_ganymede-vantage-point"", ""reverse"": ""wars-trading-card-game_card-back""}","{""name_printed"": ""Ganymede/Vantage Point"", ""rarity"": ""Fixed"", ""type"": ""Location"", ""item_dimensions"": ""{\u0022height\u0022: \u00223.5\u0022, \u0022width\u0022: \u00222.5\u0022, \u0022unit\u0022: \u0022inch\u0022}""}",017cb0cd-aeb7-4c0b-941d-4f48d13f8145,27b34a69-c510-45f1-9b8d-523db37ba671,Ganymede/Vantage Point,Ganymede/Vantage Point,{},wars-trading-card-game_beta_ganymede-vantage-point
eafa3ada-b1a8-4196-8f63-15ecc3d7402f,third-party-document,0,0,"{""obverse"": ""wars-trading-card-game_beta_gongen-bot"", ""reverse"": ""wars-trading-card-game_card-back""}","{""name_printed"": ""Gongen Bot"", ""rarity"": ""Fixed"", ""type"": ""Character"", ""allegiance"": ""Independent"", ""item_dimensions"": ""{\u0022height\u0022: \u00223.5\u0022, \u0022width\u0022: \u00222.5\u0022, \u0022unit\u0022: \u0022inch\u0022}""}",017cb0cd-aeb7-4c0b-941d-4f48d13f8145,27b34a69-c510-45f1-9b8d-523db37ba671,Gongen Bot,Gongen Bot,{},wars-trading-card-game_beta_gongen-bot
bad2a9f9-b616-4d2d-bea6-d5a5f370bcd6,third-party-document,0,0,"{""obverse"": ""wars-trading-card-game_beta_gongen-katana"", ""reverse"": ""wars-trading-card-game_card-back""}","{""name_printed"": ""Gongen Katana"", ""rarity"": ""Fixed"", ""type"": ""Weapon"", ""allegiance"": ""Gongen"", ""item_dimensions"": ""{\u0022height\u0022: \u00223.5\u0022, \u0022width\u0022: \u00222.5\u0022, \u0022unit\u0022: \u0022inch\u0022}""}",017cb0cd-aeb7-4c0b-941d-4f48d13f8145,27b34a69-c510-45f1-9b8d-523db37ba671,Gongen Katana,Gongen Katana,{},wars-trading-card-game_beta_gongen-katana
2c1c50e0-8ac8-4acb-8ee8-a0e641c36bb8,third-party-document,0,0,"{""obverse"": ""wars-trading-card-game_beta_gongen-t-s-v-"", ""reverse"": ""wars-trading-card-game_card-back""}","{""name_printed"": ""Gongen T.S.V."", ""rarity"": ""Fixed"", ""type"": ""Vehicle"", ""allegiance"": ""Gongen"", ""item_dimensions"": ""{\u0022height\u0022: \u00223.5\u0022, \u0022width\u0022: \u00222.5\u0022, \u0022unit\u0022: \u0022inch\u0022}""}",017cb0cd-aeb7-4c0b-941d-4f48d13f8145,27b34a69-c510-45f1-9b8d-523db37ba671,Gongen T.S.V.,Gongen T.S.V.,{},wars-trading-card-game_beta_gongen-t-s-v-
639600ba-5aad-4145-b408-b6b14567cad0,third-party-document,0,0,"{""obverse"": ""wars-trading-card-game_beta_horatio-hicks"", ""reverse"": ""wars-trading-card-game_card-back""}","{""name_printed"": ""Horatio Hicks"", ""rarity"": ""Fixed"", ""type"": ""Character"", ""allegiance"": ""Earther"", ""item_dimensions"": ""{\u0022height\u0022: \u00223.5\u0022, \u0022width\u0022: \u00222.5\u0022, \u0022unit\u0022: \u0022inch\u0022}""}",017cb0cd-aeb7-4c0b-941d-4f48d13f8145,27b34a69-c510-45f1-9b8d-523db37ba671,Horatio Hicks,Horatio Hicks,{},wars-trading-card-game_beta_horatio-hicks
d6c1539b-c06d-449d-927b-c03e58067624,third-party-document,0,0,"{""obverse"": ""wars-trading-card-game_beta_independent-transport"", ""reverse"": ""wars-trading-card-game_card-back""}","{""name_printed"": ""Independent Transport"", ""rarity"": ""Fixed"", ""type"": ""Ship"", ""allegiance"": ""Independent"", ""item_dimensions"": ""{\u0022height\u0022: \u00223.5\u0022, \u0022width\u0022: \u00222.5\u0022, \u0022unit\u0022: \u0022inch\u0022}""}",017cb0cd-aeb7-4c0b-941d-4f48d13f8145,27b34a69-c510-45f1-9b8d-523db37ba671,Independent Transport,Independent Transport,{},wars-trading-card-game_beta_independent-transport
82d10a78-bd5b-4317-a2e0-632d82e93f90,third-party-document,0,0,"{""obverse"": ""wars-trading-card-game_beta_infantry-officer"", ""reverse"": ""wars-trading-card-game_card-back""}","{""name_printed"": ""Infantry Officer"", ""rarity"": ""Fixed"", ""type"": ""Character"", ""allegiance"": ""Earther"", ""item_dimensions"": ""{\u0022height\u0022: \u00223.5\u0022, \u0022width\u0022: \u00222.5\u0022, \u0022unit\u0022: \u0022inch\u0022}""}",017cb0cd-aeb7-4c0b-941d-4f48d13f8145,27b34a69-c510-45f1-9b8d-523db37ba671,Infantry Officer,Infantry Officer,{},wars-trading-card-game_beta_infantry-officer
229d4b5e-a80a-4150-889d-cd8c579b5e0c,third-party-document,0,0,"{""obverse"": ""wars-trading-card-game_beta_infantry-support-vehicle"", ""reverse"": ""wars-trading-card-game_card-back""}","{""name_printed"": ""Infantry Support Vehicle"", ""rarity"": ""Fixed"", ""type"": ""Vehicle"", ""allegiance"": ""Earther"", ""item_dimensions"": ""{\u0022height\u0022: \u00223.5\u0022, \u0022width\u0022: \u00222.5\u0022, \u0022unit\u0022: \u0022inch\u0022}""}",017cb0cd-aeb7-4c0b-941d-4f48d13f8145,27b34a69-c510-45f1-9b8d-523db37ba671,Infantry Support Vehicle,Infantry Support Vehicle,{},wars-trading-card-game_beta_infantry-support-vehicle
b78fab70-26a1-40a7-a799-dc06ab681167,third-party-document,0,0,"{""obverse"": ""wars-trading-card-game_beta_jet-pack-attack"", ""reverse"": ""wars-trading-card-game_card-back""}","{""name_printed"": ""Jet Pack Attack"", ""rarity"": ""Fixed"", ""type"": ""Interrupt"", ""allegiance"": ""Gongen"", ""item_dimensions"": ""{\u0022height\u0022: \u00223.5\u0022, \u0022width\u0022: \u00222.5\u0022, \u0022unit\u0022: \u0022inch\u0022}""}",017cb0cd-aeb7-4c0b-941d-4f48d13f8145,27b34a69-c510-45f1-9b8d-523db37ba671,Jet Pack Attack,Jet Pack Attack,{},wars-trading-card-game_beta_jet-pack-attack
835d7dc9-f8f4-4224-a03b-0370bdfcfa3a,third-party-document,0,0,"{""obverse"": ""wars-trading-card-game_beta_jossel-swin"", ""reverse"": ""wars-trading-card-game_card-back""}","{""name_printed"": ""Jossel Swin"", ""rarity"": ""Fixed"", ""type"": ""Character"", ""allegiance"": ""Earther"", ""item_dimensions"": ""{\u0022height\u0022: \u00223.5\u0022, \u0022width\u0022: \u00222.5\u0022, \u0022unit\u0022: \u0022inch\u0022}""}",017cb0cd-aeb7-4c0b-941d-4f48d13f8145,27b34a69-c510-45f1-9b8d-523db37ba671,Jossel Swin,Jossel Swin,{},wars-trading-card-game_beta_jossel-swin
c1169498-113f-430d-a1ca-1ff9bdd79035,third-party-document,0,0,"{""obverse"": ""wars-trading-card-game_beta_luna-military-outpost"", ""reverse"": ""wars-trading-card-game_card-back""}","{""name_printed"": ""Luna/Military Outpost"", ""rarity"": ""Fixed"", ""type"": ""Location"", ""item_dimensions"": ""{\u0022height\u0022: \u00223.5\u0022, \u0022width\u0022: \u00222.5\u0022, \u0022unit\u0022: \u0022inch\u0022}""}",017cb0cd-aeb7-4c0b-941d-4f48d13f8145,27b34a69-c510-45f1-9b8d-523db37ba671,Luna/Military Outpost,Luna/Military Outpost,{},wars-trading-card-game_beta_luna-military-outpost
6170a9f5-128a-424a-9145-c5899eba407a,third-party-document,0,0,"{""obverse"": ""wars-trading-card-game_beta_maverick-bot"", ""reverse"": ""wars-trading-card-game_card-back""}","{""name_printed"": ""Maverick Bot"", ""rarity"": ""Fixed"", ""type"": ""Character"", ""allegiance"": ""Independent"", ""item_dimensions"": ""{\u0022height\u0022: \u00223.5\u0022, \u0022width\u0022: \u00222.5\u0022, \u0022unit\u0022: \u0022inch\u0022}""}",017cb0cd-aeb7-4c0b-941d-4f48d13f8145,27b34a69-c510-45f1-9b8d-523db37ba671,Maverick Bot,Maverick Bot,{},wars-trading-card-game_beta_maverick-bot
1634cf06-48a1-4f2f-ba76-ed2e1eb912a7,third-party-document,0,0,"{""obverse"": ""wars-trading-card-game_beta_maverick-raider"", ""reverse"": ""wars-trading-card-game_card-back""}","{""name_printed"": ""Maverick Raider"", ""rarity"": ""Fixed"", ""item_dimensions"": ""{\u0022height\u0022: \u00223.5\u0022, \u0022width\u0022: \u00222.5\u0022, \u0022unit\u0022: \u0022inch\u0022}""}",017cb0cd-aeb7-4c0b-941d-4f48d13f8145,27b34a69-c510-45f1-9b8d-523db37ba671,Maverick Raider,Maverick Raider,{},wars-trading-card-game_beta_maverick-raider
79cc2dca-721f-45e0-840f-f3eb9958d79e,third-party-document,0,0,"{""obverse"": ""wars-trading-card-game_beta_maverick-war-wagon"", ""reverse"": ""wars-trading-card-game_card-back""}","{""name_printed"": ""Maverick War Wagon"", ""rarity"": ""Fixed"", ""item_dimensions"": ""{\u0022height\u0022: \u00223.5\u0022, \u0022width\u0022: \u00222.5\u0022, \u0022unit\u0022: \u0022inch\u0022}""}",017cb0cd-aeb7-4c0b-941d-4f48d13f8145,27b34a69-c510-45f1-9b8d-523db37ba671,Maverick War Wagon,Maverick War Wagon,{},wars-trading-card-game_beta_maverick-war-wagon
9e0a87f5-24bb-49ae-81bc-b35e078b151e,third-party-document,0,0,"{""obverse"": ""wars-trading-card-game_beta_natural-talent"", ""reverse"": ""wars-trading-card-game_card-back""}","{""name_printed"": ""Natural Talent"", ""rarity"": ""Fixed"", ""type"": ""Asset"", ""allegiance"": ""Quay"", ""item_dimensions"": ""{\u0022height\u0022: \u00223.5\u0022, \u0022width\u0022: \u00222.5\u0022, \u0022unit\u0022: \u0022inch\u0022}""}",017cb0cd-aeb7-4c0b-941d-4f48d13f8145,27b34a69-c510-45f1-9b8d-523db37ba671,Natural Talent,Natural Talent,{},wars-trading-card-game_beta_natural-talent
17bd363c-4190-41c0-9544-56fde1703276,third-party-document,0,0,"{""obverse"": ""wars-trading-card-game_beta_porter-bot"", ""reverse"": ""wars-trading-card-game_card-back""}","{""name_printed"": ""Porter Bot"", ""rarity"": ""Fixed"", ""type"": ""Character"", ""allegiance"": ""Independent"", ""item_dimensions"": ""{\u0022height\u0022: \u00223.5\u0022, \u0022width\u0022: \u00222.5\u0022, \u0022unit\u0022: \u0022inch\u0022}""}",017cb0cd-aeb7-4c0b-941d-4f48d13f8145,27b34a69-c510-45f1-9b8d-523db37ba671,Porter Bot,Porter Bot,{},wars-trading-card-game_beta_porter-bot
1887b924-cdd3-4bca-a332-a372cbaf14fa,third-party-document,0,0,"{""obverse"": ""wars-trading-card-game_beta_quay-life-ship"", ""reverse"": ""wars-trading-card-game_card-back""}","{""name_printed"": ""Quay Life Ship"", ""rarity"": ""Fixed"", ""type"": ""Ship"", ""allegiance"": ""Quay"", ""item_dimensions"": ""{\u0022height\u0022: \u00223.5\u0022, \u0022width\u0022: \u00222.5\u0022, \u0022unit\u0022: \u0022inch\u0022}""}",017cb0cd-aeb7-4c0b-941d-4f48d13f8145,27b34a69-c510-45f1-9b8d-523db37ba671,Quay Life Ship,Quay Life Ship,{},wars-trading-card-game_beta_quay-life-ship
ff79c55f-9345-4a83-a2da-a4afe90c25ad,third-party-document,0,0,"{""obverse"": ""wars-trading-card-game_beta_quay-navigator"", ""reverse"": ""wars-trading-card-game_card-back""}","{""name_printed"": ""Quay Navigator"", ""rarity"": ""Fixed"", ""type"": ""Character"", ""allegiance"": ""Quay"", ""item_dimensions"": ""{\u0022height\u0022: \u00223.5\u0022, \u0022width\u0022: \u00222.5\u0022, \u0022unit\u0022: \u0022inch\u0022}""}",017cb0cd-aeb7-4c0b-941d-4f48d13f8145,27b34a69-c510-45f1-9b8d-523db37ba671,Quay Navigator,Quay Navigator,{},wars-trading-card-game_beta_quay-navigator
04ddcc3e-1b2b-4106-87b8-ccc2e2f9bcad,third-party-document,0,0,"{""obverse"": ""wars-trading-card-game_beta_resource-technician"", ""reverse"": ""wars-trading-card-game_card-back""}","{""name_printed"": ""Resource Technician"", ""rarity"": ""Fixed"", ""type"": ""Character"", ""allegiance"": ""Gongen"", ""item_dimensions"": ""{\u0022height\u0022: \u00223.5\u0022, \u0022width\u0022: \u00222.5\u0022, \u0022unit\u0022: \u0022inch\u0022}""}",017cb0cd-aeb7-4c0b-941d-4f48d13f8145,27b34a69-c510-45f1-9b8d-523db37ba671,Resource Technician,Resource Technician,{},wars-trading-card-game_beta_resource-technician
36d4d7b9-88fe-4168-9832-58105acdbe53,third-party-document,0,0,"{""obverse"": ""wars-trading-card-game_beta_shift-in-tactics"", ""reverse"": ""wars-trading-card-game_card-back""}","{""name_printed"": ""Shift in Tactics"", ""rarity"": ""Fixed"", ""type"": ""Interrupt"", ""allegiance"": ""Earther"", ""item_dimensions"": ""{\u0022height\u0022: \u00223.5\u0022, \u0022width\u0022: \u00222.5\u0022, \u0022unit\u0022: \u0022inch\u0022}""}",017cb0cd-aeb7-4c0b-941d-4f48d13f8145,27b34a69-c510-45f1-9b8d-523db37ba671,Shift in Tactics,Shift in Tactics,{},wars-trading-card-game_beta_shift-in-tactics
29e7b05e-d65a-4456-8222-675f75a3e886,third-party-document,0,0,"{""obverse"": ""wars-trading-card-game_beta_shikami-disciple"", ""reverse"": ""wars-trading-card-game_card-back""}","{""name_printed"": ""Shikami Disciple"", ""rarity"": ""Fixed"", ""item_dimensions"": ""{\u0022height\u0022: \u00223.5\u0022, \u0022width\u0022: \u00222.5\u0022, \u0022unit\u0022: \u0022inch\u0022}""}",017cb0cd-aeb7-4c0b-941d-4f48d13f8145,27b34a69-c510-45f1-9b8d-523db37ba671,Shikami Disciple,Shikami Disciple,{},wars-trading-card-game_beta_shikami-disciple
1dd44fdd-6f47-4c09-98ff-a4b10188e313,third-party-document,0,0,"{""obverse"": ""wars-trading-card-game_beta_sidearm"", ""reverse"": ""wars-trading-card-game_card-back""}","{""name_printed"": ""Sidearm"", ""rarity"": ""Fixed"", ""type"": ""Weapon"", ""allegiance"": ""Earther"", ""item_dimensions"": ""{\u0022height\u0022: \u00223.5\u0022, \u0022width\u0022: \u00222.5\u0022, \u0022unit\u0022: \u0022inch\u0022}""}",017cb0cd-aeb7-4c0b-941d-4f48d13f8145,27b34a69-c510-45f1-9b8d-523db37ba671,Sidearm,Sidearm,{},wars-trading-card-game_beta_sidearm
5f58da62-83fd-4ee4-a444-b405ec22d9c8,third-party-document,0,0,"{""obverse"": ""wars-trading-card-game_beta_south-america-class-battleship"", ""reverse"": ""wars-trading-card-game_card-back""}","{""name_printed"": ""South America-Class Battleship"", ""rarity"": ""Fixed"", ""item_dimensions"": ""{\u0022height\u0022: \u00223.5\u0022, \u0022width\u0022: \u00222.5\u0022, \u0022unit\u0022: \u0022inch\u0022}""}",017cb0cd-aeb7-4c0b-941d-4f48d13f8145,27b34a69-c510-45f1-9b8d-523db37ba671,South America-Class Battleship,South America-Class Battleship,{},wars-trading-card-game_beta_south-america-class-battleship
5b9401b7-b851-43e8-8bc5-6ad890eb5c6c,third-party-document,0,0,"{""obverse"": ""wars-trading-card-game_beta_sprinkle's-deal"", ""reverse"": ""wars-trading-card-game_card-back""}","{""name_printed"": ""Sprinkle's Deal"", ""rarity"": ""Fixed"", ""type"": ""Interrupt"", ""allegiance"": ""Maverick"", ""item_dimensions"": ""{\u0022height\u0022: \u00223.5\u0022, \u0022width\u0022: \u00222.5\u0022, \u0022unit\u0022: \u0022inch\u0022}""}",017cb0cd-aeb7-4c0b-941d-4f48d13f8145,27b34a69-c510-45f1-9b8d-523db37ba671,Sprinkle's Deal,Sprinkle's Deal,{},wars-trading-card-game_beta_sprinkle's-deal
55f98841-f8a4-4ed2-bc28-dcb514746c6c,third-party-document,0,0,"{""obverse"": ""wars-trading-card-game_beta_sultry-opportunist"", ""reverse"": ""wars-trading-card-game_card-back""}","{""name_printed"": ""Sultry Opportunist"", ""rarity"": ""Fixed"", ""type"": ""Character"", ""allegiance"": ""Maverick"", ""item_dimensions"": ""{\u0022height\u0022: \u00223.5\u0022, \u0022width\u0022: \u00222.5\u0022, \u0022unit\u0022: \u0022inch\u0022}""}",017cb0cd-aeb7-4c0b-941d-4f48d13f8145,27b34a69-c510-45f1-9b8d-523db37ba671,Sultry Opportunist,Sultry Opportunist,{},wars-trading-card-game_beta_sultry-opportunist
35f39378-c0d1-43ca-92b3-09034cb4c25b,third-party-document,0,0,"{""obverse"": ""wars-trading-card-game_beta_survey-cruiser"", ""reverse"": ""wars-trading-card-game_card-back""}","{""name_printed"": ""Survey Cruiser"", ""rarity"": ""Fixed"", ""type"": ""Ship"", ""allegiance"": ""Earther"", ""item_dimensions"": ""{\u0022height\u0022: \u00223.5\u0022, \u0022width\u0022: \u00222.5\u0022, \u0022unit\u0022: \u0022inch\u0022}""}",017cb0cd-aeb7-4c0b-941d-4f48d13f8145,27b34a69-c510-45f1-9b8d-523db37ba671,Survey Cruiser,Survey Cruiser,{},wars-trading-card-game_beta_survey-cruiser
bdcf374e-c101-4bc1-a7d0-c22191b53e11,third-party-document,0,0,"{""obverse"": ""wars-trading-card-game_beta_tamon-fighter"", ""reverse"": ""wars-trading-card-game_card-back""}","{""name_printed"": ""Tamon Fighter"", ""rarity"": ""Fixed"", ""type"": ""Ship"", ""allegiance"": ""Gongen"", ""item_dimensions"": ""{\u0022height\u0022: \u00223.5\u0022, \u0022width\u0022: \u00222.5\u0022, \u0022unit\u0022: \u0022inch\u0022}""}",017cb0cd-aeb7-4c0b-941d-4f48d13f8145,27b34a69-c510-45f1-9b8d-523db37ba671,Tamon Fighter,Tamon Fighter,{},wars-trading-card-game_beta_tamon-fighter
ca756ffa-1866-4a74-b2c3-70633ce1876c,third-party-document,0,0,"{""obverse"": ""wars-trading-card-game_beta_the-gambler"", ""reverse"": ""wars-trading-card-game_card-back""}","{""name_printed"": ""The Gambler"", ""rarity"": ""Fixed"", ""type"": ""Character"", ""allegiance"": ""Maverick"", ""item_dimensions"": ""{\u0022height\u0022: \u00223.5\u0022, \u0022width\u0022: \u00222.5\u0022, \u0022unit\u0022: \u0022inch\u0022}""}",017cb0cd-aeb7-4c0b-941d-4f48d13f8145,27b34a69-c510-45f1-9b8d-523db37ba671,The Gambler,The Gambler,{},wars-trading-card-game_beta_the-gambler
8ea01e25-c938-412d-b8b8-fb31865c4890,third-party-document,0,0,"{""obverse"": ""wars-trading-card-game_beta_the-rifleman"", ""reverse"": ""wars-trading-card-game_card-back""}","{""name_printed"": ""The Rifleman"", ""rarity"": ""Fixed"", ""item_dimensions"": ""{\u0022height\u0022: \u00223.5\u0022, \u0022width\u0022: \u00222.5\u0022, \u0022unit\u0022: \u0022inch\u0022}""}",017cb0cd-aeb7-4c0b-941d-4f48d13f8145,27b34a69-c510-45f1-9b8d-523db37ba671,The Rifleman,The Rifleman,{},wars-trading-card-game_beta_the-rifleman
be8d1755-c896-4cc9-87a8-f4fa4a3dd671,third-party-document,0,0,"{""obverse"": ""wars-trading-card-game_beta_the-untold-power-of-visions"", ""reverse"": ""wars-trading-card-game_card-back""}","{""name_printed"": ""The Untold Power of Visions"", ""rarity"": ""Fixed"", ""item_dimensions"": ""{\u0022height\u0022: \u00223.5\u0022, \u0022width\u0022: \u00222.5\u0022, \u0022unit\u0022: \u0022inch\u0022}""}",017cb0cd-aeb7-4c0b-941d-4f48d13f8145,27b34a69-c510-45f1-9b8d-523db37ba671,The Untold Power of Visions,The Untold Power of Visions,{},wars-trading-card-game_beta_the-untold-power-of-visions
2837a53d-b49d-48b1-99c4-af9032d9d601,third-party-document,0,0,"{""obverse"": ""wars-trading-card-game_beta_themis-mobile-asteroid"", ""reverse"": ""wars-trading-card-game_card-back""}","{""name_printed"": ""Themis/Mobile Asteroid"", ""rarity"": ""Fixed"", ""type"": ""Location"", ""item_dimensions"": ""{\u0022height\u0022: \u00223.5\u0022, \u0022width\u0022: \u00222.5\u0022, \u0022unit\u0022: \u0022inch\u0022}""}",017cb0cd-aeb7-4c0b-941d-4f48d13f8145,27b34a69-c510-45f1-9b8d-523db37ba671,Themis/Mobile Asteroid,Themis/Mobile Asteroid,{},wars-trading-card-game_beta_themis-mobile-asteroid
2ed2270a-29c0-44ce-87ec-e765d3aece5a,third-party-document,0,0,"{""obverse"": ""wars-trading-card-game_beta_thumper-2"", ""reverse"": ""wars-trading-card-game_card-back""}","{""name_printed"": ""Thumper 2"", ""rarity"": ""Fixed"", ""item_dimensions"": ""{\u0022height\u0022: \u00223.5\u0022, \u0022width\u0022: \u00222.5\u0022, \u0022unit\u0022: \u0022inch\u0022}""}",017cb0cd-aeb7-4c0b-941d-4f48d13f8145,27b34a69-c510-45f1-9b8d-523db37ba671,Thumper 2,Thumper 2,{},wars-trading-card-game_beta_thumper-2
38d1ea9d-aac6-4541-8954-90a9b01d3c42,third-party-document,0,0,"{""obverse"": ""wars-trading-card-game_beta_two-way-berson"", ""reverse"": ""wars-trading-card-game_card-back""}","{""name_printed"": ""Two-Way Berson"", ""rarity"": ""Fixed"", ""type"": ""Character"", ""allegiance"": ""Maverick"", ""item_dimensions"": ""{\u0022height\u0022: \u00223.5\u0022, \u0022width\u0022: \u00222.5\u0022, \u0022unit\u0022: \u0022inch\u0022}""}",017cb0cd-aeb7-4c0b-941d-4f48d13f8145,27b34a69-c510-45f1-9b8d-523db37ba671,Two-Way Berson,Two-Way Berson,{},wars-trading-card-game_beta_two-way-berson
1a5ab867-42a1-4eb3-85c1-8a6bad402ad9,third-party-document,0,0,"{""obverse"": ""wars-trading-card-game_beta_up-the-sleeve"", ""reverse"": ""wars-trading-card-game_card-back""}","{""name_printed"": ""Up the Sleeve"", ""rarity"": ""Fixed"", ""type"": ""Interrupt"", ""allegiance"": ""Maverick"", ""item_dimensions"": ""{\u0022height\u0022: \u00223.5\u0022, \u0022width\u0022: \u00222.5\u0022, \u0022unit\u0022: \u0022inch\u0022}""}",017cb0cd-aeb7-4c0b-941d-4f48d13f8145,27b34a69-c510-45f1-9b8d-523db37ba671,Up the Sleeve,Up the Sleeve,{},wars-trading-card-game_beta_up-the-sleeve
96a2456f-0dde-44d4-b3d0-6e05b4ff6dd5,third-party-document,0,0,"{""obverse"": ""wars-trading-card-game_beta_veteran-pilot"", ""reverse"": ""wars-trading-card-game_card-back""}","{""name_printed"": ""Veteran Pilot"", ""rarity"": ""Fixed"", ""type"": ""Character"", ""allegiance"": ""Earther"", ""item_dimensions"": ""{\u0022height\u0022: \u00223.5\u0022, \u0022width\u0022: \u00222.5\u0022, \u0022unit\u0022: \u0022inch\u0022}""}",017cb0cd-aeb7-4c0b-941d-4f48d13f8145,27b34a69-c510-45f1-9b8d-523db37ba671,Veteran Pilot,Veteran Pilot,{},wars-trading-card-game_beta_veteran-pilot
86c63fbd-18e5-4c70-9a58-56383df65ffd,third-party-document,0,0,"{""obverse"": ""wars-trading-card-game_beta_winged-skull-aviatrix"", ""reverse"": ""wars-trading-card-game_card-back""}","{""name_printed"": ""Winged Skull Aviatrix"", ""rarity"": ""Fixed"", ""item_dimensions"": ""{\u0022height\u0022: \u00223.5\u0022, \u0022width\u0022: \u00222.5\u0022, \u0022unit\u0022: \u0022inch\u0022}""}",017cb0cd-aeb7-4c0b-941d-4f48d13f8145,27b34a69-c510-45f1-9b8d-523db37ba671,Winged Skull Aviatrix,Winged Skull Aviatrix,{},wars-trading-card-game_beta_winged-skull-aviatrix
83b99238-b4d0-46c6-b365-c5e876337cf8,third-party-document,0,0,"{""obverse"": ""wars-trading-card-game_beta_zocho"", ""reverse"": ""wars-trading-card-game_card-back""}","{""name_printed"": ""Zocho"", ""rarity"": ""Fixed"", ""type"": ""Ship"", ""allegiance"": ""Gongen"", ""item_dimensions"": ""{\u0022height\u0022: \u00223.5\u0022, \u0022width\u0022: \u00222.5\u0022, \u0022unit\u0022: \u0022inch\u0022}""}",017cb0cd-aeb7-4c0b-941d-4f48d13f8145,27b34a69-c510-45f1-9b8d-523db37ba671,Zocho,Zocho,{},wars-trading-card-game_beta_zocho
51d13cfe-c662-4aac-b31d-bcef545d9529,item,1,0,"{""obverse"": ""wars-trading-card-game_incursion_abominable-presence"", ""reverse"": ""wars-trading-card-game_card-back""}","{""name_printed"": ""Abominable Presence"", ""rarity"": ""Uncommon"", ""type"": ""Interrupt"", ""allegiance"": ""Quay"", ""item_dimensions"": ""{\u0022height\u0022: \u00223.5\u0022, \u0022width\u0022: \u00222.5\u0022, \u0022unit\u0022: \u0022inch\u0022}""}",017cb0cd-aeb7-4c0b-941d-4f48d13f8145,77ff2cee-c2be-4c71-9275-58f9b7c8442f,Abominable Presence,Abominable Presence,{},wars-trading-card-game_incursion_abominable-presence
8d69d95d-461c-4b47-8369-e2dd08a2d82c,third-party-document,0,0,"{""obverse"": ""wars-trading-card-game_incursion_accord-negotiation"", ""reverse"": ""wars-trading-card-game_card-back""}","{""name_printed"": ""Accord Negotiation"", ""rarity"": ""Rare"", ""type"": ""Asset"", ""allegiance"": ""Maverick"", ""item_dimensions"": ""{\u0022height\u0022: \u00223.5\u0022, \u0022width\u0022: \u00222.5\u0022, \u0022unit\u0022: \u0022inch\u0022}""}",017cb0cd-aeb7-4c0b-941d-4f48d13f8145,77ff2cee-c2be-4c71-9275-58f9b7c8442f,Accord Negotiation,Accord Negotiation,{},wars-trading-card-game_incursion_accord-negotiation
1b252094-55cb-4405-be47-b452da429270,third-party-document,0,0,"{""obverse"": ""wars-trading-card-game_incursion_ace-mccallister"", ""reverse"": ""wars-trading-card-game_card-back""}","{""name_printed"": ""Ace McCallister"", ""rarity"": ""Rare"", ""type"": ""Character"", ""allegiance"": ""Maverick"", ""item_dimensions"": ""{\u0022height\u0022: \u00223.5\u0022, \u0022width\u0022: \u00222.5\u0022, \u0022unit\u0022: \u0022inch\u0022}""}",017cb0cd-aeb7-4c0b-941d-4f48d13f8145,77ff2cee-c2be-4c71-9275-58f9b7c8442f,Ace McCallister,Ace McCallister,{},wars-trading-card-game_incursion_ace-mccallister
d0957558-eb6a-4680-abcb-22510fb50026,third-party-document,0,0,"{""obverse"": ""wars-trading-card-game_incursion_advanced-research"", ""reverse"": ""wars-trading-card-game_card-back""}","{""name_printed"": ""Advanced Research"", ""rarity"": ""Uncommon"", ""type"": ""Asset"", ""allegiance"": ""Earther"", ""item_dimensions"": ""{\u0022height\u0022: \u00223.5\u0022, \u0022width\u0022: \u00222.5\u0022, \u0022unit\u0022: \u0022inch\u0022}""}",017cb0cd-aeb7-4c0b-941d-4f48d13f8145,77ff2cee-c2be-4c71-9275-58f9b7c8442f,Advanced Research,Advanced Research,{},wars-trading-card-game_incursion_advanced-research
f461b7f2-368c-46b4-9ba2-9ea037e89064,item,1,0,"{""obverse"": ""wars-trading-card-game_incursion_aggressive-stance"", ""reverse"": ""wars-trading-card-game_card-back""}","{""name_printed"": ""Aggressive Stance"", ""rarity"": ""Uncommon"", ""type"": ""Asset"", ""allegiance"": ""Independent"", ""item_dimensions"": ""{\u0022height\u0022: \u00223.5\u0022, \u0022width\u0022: \u00222.5\u0022, \u0022unit\u0022: \u0022inch\u0022}""}",017cb0cd-aeb7-4c0b-941d-4f48d13f8145,77ff2cee-c2be-4c71-9275-58f9b7c8442f,Aggressive Stance,Aggressive Stance,{},wars-trading-card-game_incursion_aggressive-stance
28ae9010-80ce-4bd1-87fd-151fb6688c1c,third-party-document,0,0,"{""obverse"": ""wars-trading-card-game_incursion_alnak"", ""reverse"": ""wars-trading-card-game_card-back""}","{""name_printed"": ""Alnak"", ""rarity"": ""Rare"", ""type"": ""Character"", ""allegiance"": ""Quay"", ""item_dimensions"": ""{\u0022height\u0022: \u00223.5\u0022, \u0022width\u0022: \u00222.5\u0022, \u0022unit\u0022: \u0022inch\u0022}""}",017cb0cd-aeb7-4c0b-941d-4f48d13f8145,77ff2cee-c2be-4c71-9275-58f9b7c8442f,Alnak,Alnak,{},wars-trading-card-game_incursion_alnak
f595bf63-cf50-47c4-b5a2-0e52b42c373f,third-party-document,0,0,"{""obverse"": ""wars-trading-card-game_incursion_alnak-(foil)"", ""reverse"": ""wars-trading-card-game_card-back""}","{""name_printed"": ""Alnak"", ""functional_disambiguator"": ""Foil"", ""rarity"": ""Ultra Rare"", ""print_finish"": ""Foil"", ""type"": ""Character"", ""item_dimensions"": ""{\u0022height\u0022: \u00223.5\u0022, \u0022width\u0022: \u00222.5\u0022, \u0022unit\u0022: \u0022inch\u0022}""}",017cb0cd-aeb7-4c0b-941d-4f48d13f8145,77ff2cee-c2be-4c71-9275-58f9b7c8442f,Alnak (Foil),Alnak (Foil),{},wars-trading-card-game_incursion_alnak-(foil)
e32ecee6-5f61-49e0-bb95-13680701ffc7,third-party-document,0,0,"{""obverse"": ""wars-trading-card-game_incursion_alnak-station-captured-base"", ""reverse"": ""wars-trading-card-game_card-back""}","{""name_printed"": ""Alnak Station/Captured Base"", ""rarity"": ""Uncommon"", ""type"": ""Location"", ""item_dimensions"": ""{\u0022height\u0022: \u00223.5\u0022, \u0022width\u0022: \u00222.5\u0022, \u0022unit\u0022: \u0022inch\u0022}""}",017cb0cd-aeb7-4c0b-941d-4f48d13f8145,77ff2cee-c2be-4c71-9275-58f9b7c8442f,Alnak Station/Captured Base,Alnak Station/Captured Base,{},wars-trading-card-game_incursion_alnak-station-captured-base
2e3d330d-339c-4cd9-9860-a50ecaae4241,item,1,0,"{""obverse"": ""wars-trading-card-game_incursion_alnak-station-hallway"", ""reverse"": ""wars-trading-card-game_card-back""}","{""name_printed"": ""Alnak Station/Hallway"", ""rarity"": ""Rare"", ""type"": ""Location"", ""item_dimensions"": ""{\u0022height\u0022: \u00223.5\u0022, \u0022width\u0022: \u00222.5\u0022, \u0022unit\u0022: \u0022inch\u0022}""}",017cb0cd-aeb7-4c0b-941d-4f48d13f8145,77ff2cee-c2be-4c71-9275-58f9b7c8442f,Alnak Station/Hallway,Alnak Station/Hallway,{},wars-trading-card-game_incursion_alnak-station-hallway
5ba74587-975a-46cc-ade9-72acb18dbdd9,item,1,0,"{""obverse"": ""wars-trading-card-game_incursion_alnak-station-launch-bay"", ""reverse"": ""wars-trading-card-game_card-back""}","{""name_printed"": ""Alnak Station/Launch Bay"", ""rarity"": ""Common"", ""type"": ""Location"", ""item_dimensions"": ""{\u0022height\u0022: \u00223.5\u0022, \u0022width\u0022: \u00222.5\u0022, \u0022unit\u0022: \u0022inch\u0022}""}",017cb0cd-aeb7-4c0b-941d-4f48d13f8145,77ff2cee-c2be-4c71-9275-58f9b7c8442f,Alnak Station/Launch Bay,Alnak Station/Launch Bay,{},wars-trading-card-game_incursion_alnak-station-launch-bay
bf63d311-fc99-4969-8943-241c39e05c5c,third-party-document,0,0,"{""obverse"": ""wars-trading-card-game_incursion_amorian-shipyard"", ""reverse"": ""wars-trading-card-game_card-back""}","{""name_printed"": ""Amorian Shipyard"", ""rarity"": ""Rare"", ""type"": ""Asset"", ""allegiance"": ""Gongen"", ""item_dimensions"": ""{\u0022height\u0022: \u00223.5\u0022, \u0022width\u0022: \u00222.5\u0022, \u0022unit\u0022: \u0022inch\u0022}""}",017cb0cd-aeb7-4c0b-941d-4f48d13f8145,77ff2cee-c2be-4c71-9275-58f9b7c8442f,Amorian Shipyard,Amorian Shipyard,{},wars-trading-card-game_incursion_amorian-shipyard
5b0d48fe-12e9-4532-b4f1-12ea6743457d,item,1,0,"{""obverse"": ""wars-trading-card-game_incursion_anant-aeronaut"", ""reverse"": ""wars-trading-card-game_card-back""}","{""name_printed"": ""Anant Aeronaut"", ""rarity"": ""Common"", ""type"": ""Character"", ""allegiance"": ""Shi"", ""item_dimensions"": ""{\u0022height\u0022: \u00223.5\u0022, \u0022width\u0022: \u00222.5\u0022, \u0022unit\u0022: \u0022inch\u0022}""}",017cb0cd-aeb7-4c0b-941d-4f48d13f8145,77ff2cee-c2be-4c71-9275-58f9b7c8442f,Anant Aeronaut,Anant Aeronaut,{},wars-trading-card-game_incursion_anant-aeronaut
78eab96c-d5c0-43e5-9205-c68183ae4bbf,item,1,0,"{""obverse"": ""wars-trading-card-game_incursion_anant-attendant"", ""reverse"": ""wars-trading-card-game_card-back""}","{""name_printed"": ""Anant Attendant"", ""rarity"": ""Common"", ""type"": ""Character"", ""allegiance"": ""Shi"", ""item_dimensions"": ""{\u0022height\u0022: \u00223.5\u0022, \u0022width\u0022: \u00222.5\u0022, \u0022unit\u0022: \u0022inch\u0022}""}",017cb0cd-aeb7-4c0b-941d-4f48d13f8145,77ff2cee-c2be-4c71-9275-58f9b7c8442f,Anant Attendant,Anant Attendant,{},wars-trading-card-game_incursion_anant-attendant
14c1f828-553f-412f-a6c2-e2e3df408995,third-party-document,0,0,"{""obverse"": ""wars-trading-card-game_incursion_ancestral-garden"", ""reverse"": ""wars-trading-card-game_card-back""}","{""name_printed"": ""Ancestral Garden"", ""rarity"": ""Rare"", ""type"": ""Order"", ""allegiance"": ""Gongen"", ""item_dimensions"": ""{\u0022height\u0022: \u00223.5\u0022, \u0022width\u0022: \u00222.5\u0022, \u0022unit\u0022: \u0022inch\u0022}""}",017cb0cd-aeb7-4c0b-941d-4f48d13f8145,77ff2cee-c2be-4c71-9275-58f9b7c8442f,Ancestral Garden,Ancestral Garden,{},wars-trading-card-game_incursion_ancestral-garden
2a5c5b0d-4b89-4847-b957-021b83241757,third-party-document,0,0,"{""obverse"": ""wars-trading-card-game_incursion_ancestral-garden-(foil)"", ""reverse"": ""wars-trading-card-game_card-back""}","{""name_printed"": ""Ancestral Garden"", ""functional_disambiguator"": ""Foil"", ""rarity"": ""Ultra Rare"", ""print_finish"": ""Foil"", ""type"": ""Order"", ""item_dimensions"": ""{\u0022height\u0022: \u00223.5\u0022, \u0022width\u0022: \u00222.5\u0022, \u0022unit\u0022: \u0022inch\u0022}""}",017cb0cd-aeb7-4c0b-941d-4f48d13f8145,77ff2cee-c2be-4c71-9275-58f9b7c8442f,Ancestral Garden (Foil),Ancestral Garden (Foil),{},wars-trading-card-game_incursion_ancestral-garden-(foil)
168ae7bb-db81-469e-8ede-0dd68bca5c41,item,1,0,"{""obverse"": ""wars-trading-card-game_incursion_anticipation"", ""reverse"": ""wars-trading-card-game_card-back""}","{""name_printed"": ""Anticipation"", ""rarity"": ""Common"", ""type"": ""Interrupt"", ""allegiance"": ""Earther"", ""item_dimensions"": ""{\u0022height\u0022: \u00223.5\u0022, \u0022width\u0022: \u00222.5\u0022, \u0022unit\u0022: \u0022inch\u0022}""}",017cb0cd-aeb7-4c0b-941d-4f48d13f8145,77ff2cee-c2be-4c71-9275-58f9b7c8442f,Anticipation,Anticipation,{},wars-trading-card-game_incursion_anticipation
333e5dbe-4634-4b72-839a-3c05e8eb2075,third-party-document,0,0,"{""obverse"": ""wars-trading-card-game_incursion_apparition"", ""reverse"": ""wars-trading-card-game_card-back""}","{""name_printed"": ""Apparition"", ""rarity"": ""Rare"", ""type"": ""Interrupt"", ""allegiance"": ""Quay"", ""item_dimensions"": ""{\u0022height\u0022: \u00223.5\u0022, \u0022width\u0022: \u00222.5\u0022, \u0022unit\u0022: \u0022inch\u0022}""}",017cb0cd-aeb7-4c0b-941d-4f48d13f8145,77ff2cee-c2be-4c71-9275-58f9b7c8442f,Apparition,Apparition,{},wars-trading-card-game_incursion_apparition
84c06aa0-cfc2-4ec0-a74d-87204dd37e0b,third-party-document,0,0,"{""obverse"": ""wars-trading-card-game_incursion_arhnaknak"", ""reverse"": ""wars-trading-card-game_card-back""}","{""name_printed"": ""Arhnaknak"", ""rarity"": ""Rare"", ""type"": ""Character"", ""allegiance"": ""Quay"", ""item_dimensions"": ""{\u0022height\u0022: \u00223.5\u0022, \u0022width\u0022: \u00222.5\u0022, \u0022unit\u0022: \u0022inch\u0022}""}",017cb0cd-aeb7-4c0b-941d-4f48d13f8145,77ff2cee-c2be-4c71-9275-58f9b7c8442f,Arhnaknak,Arhnaknak,{},wars-trading-card-game_incursion_arhnaknak
f7369469-84a9-4bde-addc-7ace7a488730,item,1,0,"{""obverse"": ""wars-trading-card-game_incursion_armor-penetrating"", ""reverse"": ""wars-trading-card-game_card-back""}","{""name_printed"": ""Armor Penetrating"", ""rarity"": ""Uncommon"", ""type"": ""Interrupt"", ""allegiance"": ""Earther"", ""item_dimensions"": ""{\u0022height\u0022: \u00223.5\u0022, \u0022width\u0022: \u00222.5\u0022, \u0022unit\u0022: \u0022inch\u0022}""}",017cb0cd-aeb7-4c0b-941d-4f48d13f8145,77ff2cee-c2be-4c71-9275-58f9b7c8442f,Armor Penetrating,Armor Penetrating,{},wars-trading-card-game_incursion_armor-penetrating
ba9b89b8-3f95-402c-8dd8-127913a168f1,item,1,0,"{""obverse"": ""wars-trading-card-game_incursion_armored"", ""reverse"": ""wars-trading-card-game_card-back""}","{""name_printed"": ""Armored"", ""rarity"": ""Uncommon"", ""type"": ""Asset"", ""allegiance"": ""Quay"", ""item_dimensions"": ""{\u0022height\u0022: \u00223.5\u0022, \u0022width\u0022: \u00222.5\u0022, \u0022unit\u0022: \u0022inch\u0022}""}",017cb0cd-aeb7-4c0b-941d-4f48d13f8145,77ff2cee-c2be-4c71-9275-58f9b7c8442f,Armored,Armored,{},wars-trading-card-game_incursion_armored
e1bba8a8-ffa3-4c12-8bad-cdf84a953ad4,item,1,0,"{""obverse"": ""wars-trading-card-game_incursion_assailing-vatarma"", ""reverse"": ""wars-trading-card-game_card-back""}","{""name_printed"": ""Assailing Vatarma"", ""rarity"": ""Common"", ""type"": ""Weapon"", ""allegiance"": ""Shi"", ""item_dimensions"": ""{\u0022height\u0022: \u00223.5\u0022, \u0022width\u0022: \u00222.5\u0022, \u0022unit\u0022: \u0022inch\u0022}""}",017cb0cd-aeb7-4c0b-941d-4f48d13f8145,77ff2cee-c2be-4c71-9275-58f9b7c8442f,Assailing Vatarma,Assailing Vatarma,{},wars-trading-card-game_incursion_assailing-vatarma
0ede2c8c-9d6d-4cfa-970d-09573f631425,item,1,0,"{""obverse"": ""wars-trading-card-game_incursion_assault-guru"", ""reverse"": ""wars-trading-card-game_card-back""}","{""name_printed"": ""Assault Guru"", ""rarity"": ""Common"", ""type"": ""Character"", ""allegiance"": ""Earther"", ""item_dimensions"": ""{\u0022height\u0022: \u00223.5\u0022, \u0022width\u0022: \u00222.5\u0022, \u0022unit\u0022: \u0022inch\u0022}""}",017cb0cd-aeb7-4c0b-941d-4f48d13f8145,77ff2cee-c2be-4c71-9275-58f9b7c8442f,Assault Guru,Assault Guru,{},wars-trading-card-game_incursion_assault-guru
f749f00c-3cbd-4b4e-be40-7fc2a293b0ca,third-party-document,0,0,"{""obverse"": ""wars-trading-card-game_incursion_atlantis"", ""reverse"": ""wars-trading-card-game_card-back""}","{""name_printed"": ""Atlantis"", ""rarity"": ""Rare"", ""type"": ""Ship"", ""allegiance"": ""Earther"", ""item_dimensions"": ""{\u0022height\u0022: \u00223.5\u0022, \u0022width\u0022: \u00222.5\u0022, \u0022unit\u0022: \u0022inch\u0022}""}",017cb0cd-aeb7-4c0b-941d-4f48d13f8145,77ff2cee-c2be-4c71-9275-58f9b7c8442f,Atlantis,Atlantis,{},wars-trading-card-game_incursion_atlantis
f56a213a-a8c5-4499-b6d6-3e6d37ae405f,item,1,0,"{""obverse"": ""wars-trading-card-game_incursion_bean-counter"", ""reverse"": ""wars-trading-card-game_card-back""}","{""name_printed"": ""Bean Counter"", ""rarity"": ""Common"", ""type"": ""Character"", ""allegiance"": ""Maverick"", ""item_dimensions"": ""{\u0022height\u0022: \u00223.5\u0022, \u0022width\u0022: \u00222.5\u0022, \u0022unit\u0022: \u0022inch\u0022}""}",017cb0cd-aeb7-4c0b-941d-4f48d13f8145,77ff2cee-c2be-4c71-9275-58f9b7c8442f,Bean Counter,Bean Counter,{},wars-trading-card-game_incursion_bean-counter
d86d6c14-2ffa-4815-8962-91eef08f62b3,item,1,0,"{""obverse"": ""wars-trading-card-game_incursion_blockade"", ""reverse"": ""wars-trading-card-game_card-back""}","{""name_printed"": ""Blockade"", ""rarity"": ""Uncommon"", ""type"": ""Asset"", ""allegiance"": ""Earther"", ""item_dimensions"": ""{\u0022height\u0022: \u00223.5\u0022, \u0022width\u0022: \u00222.5\u0022, \u0022unit\u0022: \u0022inch\u0022}""}",017cb0cd-aeb7-4c0b-941d-4f48d13f8145,77ff2cee-c2be-4c71-9275-58f9b7c8442f,Blockade,Blockade,{},wars-trading-card-game_incursion_blockade
7241f1c5-6532-434c-8ae3-8a12042a5a03,item,1,0,"{""obverse"": ""wars-trading-card-game_incursion_boxer"", ""reverse"": ""wars-trading-card-game_card-back""}","{""name_printed"": ""Boxer"", ""rarity"": ""Uncommon"", ""type"": ""Vehicle"", ""allegiance"": ""Maverick"", ""item_dimensions"": ""{\u0022height\u0022: \u00223.5\u0022, \u0022width\u0022: \u00222.5\u0022, \u0022unit\u0022: \u0022inch\u0022}""}",017cb0cd-aeb7-4c0b-941d-4f48d13f8145,77ff2cee-c2be-4c71-9275-58f9b7c8442f,Boxer,Boxer,{},wars-trading-card-game_incursion_boxer
86d6a7c3-b6b1-404f-9496-f8a3adabdf07,third-party-document,0,0,"{""obverse"": ""wars-trading-card-game_incursion_brief-encounter"", ""reverse"": ""wars-trading-card-game_card-back""}","{""name_printed"": ""Brief Encounter"", ""rarity"": ""Uncommon"", ""type"": ""Interrupt"", ""allegiance"": ""Shi"", ""item_dimensions"": ""{\u0022height\u0022: \u00223.5\u0022, \u0022width\u0022: \u00222.5\u0022, \u0022unit\u0022: \u0022inch\u0022}""}",017cb0cd-aeb7-4c0b-941d-4f48d13f8145,77ff2cee-c2be-4c71-9275-58f9b7c8442f,Brief Encounter,Brief Encounter,{},wars-trading-card-game_incursion_brief-encounter
ed6de24e-2a5e-4a28-b895-54662fef3257,item,1,0,"{""obverse"": ""wars-trading-card-game_incursion_capture-[foil]"", ""reverse"": ""wars-trading-card-game_card-back""}","{""name_printed"": ""Capture"", ""variant_disambiguator"": ""Foil"", ""rarity"": ""Ultra Rare"", ""print_finish"": ""Foil"", ""type"": ""Asset"", ""item_dimensions"": ""{\u0022height\u0022: \u00223.5\u0022, \u0022width\u0022: \u00222.5\u0022, \u0022unit\u0022: \u0022inch\u0022}""}",017cb0cd-aeb7-4c0b-941d-4f48d13f8145,77ff2cee-c2be-4c71-9275-58f9b7c8442f,Capture,Capture [Foil],{},wars-trading-card-game_incursion_capture-[foil]
0991f156-b64f-41ba-97b0-6677a28bb8cd,item,1,0,"{""obverse"": ""wars-trading-card-game_incursion_capture-[non-foil]"", ""reverse"": ""wars-trading-card-game_card-back""}","{""name_printed"": ""Capture"", ""variant_disambiguator"": ""Non-Foil"", ""rarity"": ""Rare"", ""type"": ""Asset"", ""allegiance"": ""Quay"", ""item_dimensions"": ""{\u0022height\u0022: \u00223.5\u0022, \u0022width\u0022: \u00222.5\u0022, \u0022unit\u0022: \u0022inch\u0022}""}",017cb0cd-aeb7-4c0b-941d-4f48d13f8145,77ff2cee-c2be-4c71-9275-58f9b7c8442f,Capture,Capture [Non-Foil],{},wars-trading-card-game_incursion_capture-[non-foil]
66fb05eb-c65b-4461-bd5c-7a0457a191b8,item,1,0,"{""obverse"": ""wars-trading-card-game_incursion_carrier-screen"", ""reverse"": ""wars-trading-card-game_card-back""}","{""name_printed"": ""Carrier Screen"", ""rarity"": ""Rare"", ""type"": ""Asset"", ""allegiance"": ""Gongen"", ""item_dimensions"": ""{\u0022height\u0022: \u00223.5\u0022, \u0022width\u0022: \u00222.5\u0022, \u0022unit\u0022: \u0022inch\u0022}""}",017cb0cd-aeb7-4c0b-941d-4f48d13f8145,77ff2cee-c2be-4c71-9275-58f9b7c8442f,Carrier Screen,Carrier Screen,{},wars-trading-card-game_incursion_carrier-screen
a6f3b231-818f-4d76-b21c-0ea2735f57e0,item,1,0,"{""obverse"": ""wars-trading-card-game_incursion_cartel-legate"", ""reverse"": ""wars-trading-card-game_card-back""}","{""name_printed"": ""Cartel Legate"", ""rarity"": ""Rare"", ""type"": ""Character"", ""allegiance"": ""Maverick"", ""item_dimensions"": ""{\u0022height\u0022: \u00223.5\u0022, \u0022width\u0022: \u00222.5\u0022, \u0022unit\u0022: \u0022inch\u0022}""}",017cb0cd-aeb7-4c0b-941d-4f48d13f8145,77ff2cee-c2be-4c71-9275-58f9b7c8442f,Cartel Legate,Cartel Legate,{},wars-trading-card-game_incursion_cartel-legate
9059aa08-7de8-4384-8020-5820a9252da5,third-party-document,0,0,"{""obverse"": ""wars-trading-card-game_incursion_celebrated"", ""reverse"": ""wars-trading-card-game_card-back""}","{""name_printed"": ""Celebrated"", ""rarity"": ""Rare"", ""type"": ""Asset"", ""allegiance"": ""Shi"", ""item_dimensions"": ""{\u0022height\u0022: \u00223.5\u0022, \u0022width\u0022: \u00222.5\u0022, \u0022unit\u0022: \u0022inch\u0022}""}",017cb0cd-aeb7-4c0b-941d-4f48d13f8145,77ff2cee-c2be-4c71-9275-58f9b7c8442f,Celebrated,Celebrated,{},wars-trading-card-game_incursion_celebrated
e505d52f-16ad-4d63-802a-fb585883a2d5,third-party-document,0,0,"{""obverse"": ""wars-trading-card-game_incursion_cerebral-incursion"", ""reverse"": ""wars-trading-card-game_card-back""}","{""name_printed"": ""Cerebral Incursion"", ""rarity"": ""Rare"", ""type"": ""Asset"", ""allegiance"": ""Shi"", ""item_dimensions"": ""{\u0022height\u0022: \u00223.5\u0022, \u0022width\u0022: \u00222.5\u0022, \u0022unit\u0022: \u0022inch\u0022}""}",017cb0cd-aeb7-4c0b-941d-4f48d13f8145,77ff2cee-c2be-4c71-9275-58f9b7c8442f,Cerebral Incursion,Cerebral Incursion,{},wars-trading-card-game_incursion_cerebral-incursion
f6825660-9997-4d04-9f1c-aefe1b055c82,item,1,0,"{""obverse"": ""wars-trading-card-game_incursion_ceres-belt-hideaway"", ""reverse"": ""wars-trading-card-game_card-back""}","{""name_printed"": ""Ceres/Belt Hideaway"", ""rarity"": ""Fixed"", ""type"": ""Location"", ""item_dimensions"": ""{\u0022height\u0022: \u00223.5\u0022, \u0022width\u0022: \u00222.5\u0022, \u0022unit\u0022: \u0022inch\u0022}""}",017cb0cd-aeb7-4c0b-941d-4f48d13f8145,77ff2cee-c2be-4c71-9275-58f9b7c8442f,Ceres/Belt Hideaway,Ceres/Belt Hideaway,{},wars-trading-card-game_incursion_ceres-belt-hideaway
c74b49d2-deac-43e4-b54e-b7a70f3cac8c,item,1,0,"{""obverse"": ""wars-trading-card-game_incursion_cgc-grunt"", ""reverse"": ""wars-trading-card-game_card-back""}","{""name_printed"": ""CGC Grunt"", ""rarity"": ""Common"", ""type"": ""Character"", ""allegiance"": ""Earther"", ""item_dimensions"": ""{\u0022height\u0022: \u00223.5\u0022, \u0022width\u0022: \u00222.5\u0022, \u0022unit\u0022: \u0022inch\u0022}""}",017cb0cd-aeb7-4c0b-941d-4f48d13f8145,77ff2cee-c2be-4c71-9275-58f9b7c8442f,CGC Grunt,CGC Grunt,{},wars-trading-card-game_incursion_cgc-grunt
93fec065-0c60-4a90-8d5e-68148e73858b,item,1,0,"{""obverse"": ""wars-trading-card-game_incursion_chained"", ""reverse"": ""wars-trading-card-game_card-back""}","{""name_printed"": ""Chained"", ""rarity"": ""Uncommon"", ""type"": ""Asset"", ""allegiance"": ""Independent"", ""item_dimensions"": ""{\u0022height\u0022: \u00223.5\u0022, \u0022width\u0022: \u00222.5\u0022, \u0022unit\u0022: \u0022inch\u0022}""}",017cb0cd-aeb7-4c0b-941d-4f48d13f8145,77ff2cee-c2be-4c71-9275-58f9b7c8442f,Chained,Chained,{},wars-trading-card-game_incursion_chained
f8a8100a-f446-41c1-bb43-d4c0af4bd68b,third-party-document,0,0,"{""obverse"": ""wars-trading-card-game_incursion_chan-whitmer"", ""reverse"": ""wars-trading-card-game_card-back""}","{""name_printed"": ""Chan Whitmer"", ""rarity"": ""Rare"", ""type"": ""Character"", ""allegiance"": ""Earther"", ""item_dimensions"": ""{\u0022height\u0022: \u00223.5\u0022, \u0022width\u0022: \u00222.5\u0022, \u0022unit\u0022: \u0022inch\u0022}""}",017cb0cd-aeb7-4c0b-941d-4f48d13f8145,77ff2cee-c2be-4c71-9275-58f9b7c8442f,Chan Whitmer,Chan Whitmer,{},wars-trading-card-game_incursion_chan-whitmer
029467a4-562b-46d5-83cc-2bf402fc282d,item,1,0,"{""obverse"": ""wars-trading-card-game_incursion_chicken"", ""reverse"": ""wars-trading-card-game_card-back""}","{""name_printed"": ""Chicken"", ""rarity"": ""Uncommon"", ""type"": ""Interrupt"", ""allegiance"": ""Maverick"", ""item_dimensions"": ""{\u0022height\u0022: \u00223.5\u0022, \u0022width\u0022: \u00222.5\u0022, \u0022unit\u0022: \u0022inch\u0022}""}",017cb0cd-aeb7-4c0b-941d-4f48d13f8145,77ff2cee-c2be-4c71-9275-58f9b7c8442f,Chicken,Chicken,{},wars-trading-card-game_incursion_chicken
09b7edaf-66b4-4324-acc9-0a376f9d86b2,item,1,0,"{""obverse"": ""wars-trading-card-game_incursion_chijo-katana"", ""reverse"": ""wars-trading-card-game_card-back""}","{""name_printed"": ""Chijo Katana"", ""rarity"": ""Uncommon"", ""type"": ""Weapon"", ""allegiance"": ""Gongen"", ""item_dimensions"": ""{\u0022height\u0022: \u00223.5\u0022, \u0022width\u0022: \u00222.5\u0022, \u0022unit\u0022: \u0022inch\u0022}""}",017cb0cd-aeb7-4c0b-941d-4f48d13f8145,77ff2cee-c2be-4c71-9275-58f9b7c8442f,Chijo Katana,Chijo Katana,{},wars-trading-card-game_incursion_chijo-katana
3495ac7b-e84b-4e10-8aa4-945036dc6ab6,item,1,0,"{""obverse"": ""wars-trading-card-game_incursion_chijo-warrior"", ""reverse"": ""wars-trading-card-game_card-back""}","{""name_printed"": ""Chijo Warrior"", ""rarity"": ""Common"", ""type"": ""Character"", ""allegiance"": ""Gongen"", ""item_dimensions"": ""{\u0022height\u0022: \u00223.5\u0022, \u0022width\u0022: \u00222.5\u0022, \u0022unit\u0022: \u0022inch\u0022}""}",017cb0cd-aeb7-4c0b-941d-4f48d13f8145,77ff2cee-c2be-4c71-9275-58f9b7c8442f,Chijo Warrior,Chijo Warrior,{},wars-trading-card-game_incursion_chijo-warrior
b159cbb7-03ad-46f2-8bee-8aba27124e03,item,1,0,"{""obverse"": ""wars-trading-card-game_incursion_chuluktika"", ""reverse"": ""wars-trading-card-game_card-back""}","{""name_printed"": ""Chuluktika"", ""rarity"": ""Uncommon"", ""type"": ""Ship"", ""allegiance"": ""Quay"", ""item_dimensions"": ""{\u0022height\u0022: \u00223.5\u0022, \u0022width\u0022: \u00222.5\u0022, \u0022unit\u0022: \u0022inch\u0022}""}",017cb0cd-aeb7-4c0b-941d-4f48d13f8145,77ff2cee-c2be-4c71-9275-58f9b7c8442f,Chuluktika,Chuluktika,{},wars-trading-card-game_incursion_chuluktika
da63a764-61dd-400c-aa6d-ce97d32febaa,item,1,0,"{""obverse"": ""wars-trading-card-game_incursion_cisyn-retaliation"", ""reverse"": ""wars-trading-card-game_card-back""}","{""name_printed"": ""CISyn Retaliation"", ""rarity"": ""Rare"", ""type"": ""Interrupt"", ""allegiance"": ""Earther"", ""item_dimensions"": ""{\u0022height\u0022: \u00223.5\u0022, \u0022width\u0022: \u00222.5\u0022, \u0022unit\u0022: \u0022inch\u0022}""}",017cb0cd-aeb7-4c0b-941d-4f48d13f8145,77ff2cee-c2be-4c71-9275-58f9b7c8442f,CISyn Retaliation,CISyn Retaliation,{},wars-trading-card-game_incursion_cisyn-retaliation
a7bf97c6-030e-4a13-b46f-dfbe37f5975a,third-party-document,0,0,"{""obverse"": ""wars-trading-card-game_incursion_cisyn-retaliation-(foil)"", ""reverse"": ""wars-trading-card-game_card-back""}","{""name_printed"": ""CISyn Retaliation"", ""functional_disambiguator"": ""Foil"", ""rarity"": ""Ultra Rare"", ""print_finish"": ""Foil"", ""type"": ""Interrupt"", ""item_dimensions"": ""{\u0022height\u0022: \u00223.5\u0022, \u0022width\u0022: \u00222.5\u0022, \u0022unit\u0022: \u0022inch\u0022}""}",017cb0cd-aeb7-4c0b-941d-4f48d13f8145,77ff2cee-c2be-4c71-9275-58f9b7c8442f,CISyn Retaliation (Foil),CISyn Retaliation (Foil),{},wars-trading-card-game_incursion_cisyn-retaliation-(foil)
0ce1f1c7-6a78-4d24-a211-5c706a97c387,item,1,0,"{""obverse"": ""wars-trading-card-game_incursion_clanton-grav-grenade"", ""reverse"": ""wars-trading-card-game_card-back""}","{""name_printed"": ""Clanton Grav Grenade"", ""rarity"": ""Rare"", ""type"": ""Weapon"", ""allegiance"": ""Maverick"", ""item_dimensions"": ""{\u0022height\u0022: \u00223.5\u0022, \u0022width\u0022: \u00222.5\u0022, \u0022unit\u0022: \u0022inch\u0022}""}",017cb0cd-aeb7-4c0b-941d-4f48d13f8145,77ff2cee-c2be-4c71-9275-58f9b7c8442f,Clanton Grav Grenade,Clanton Grav Grenade,{},wars-trading-card-game_incursion_clanton-grav-grenade
f68d4b74-3fc6-4a06-aedc-350bb936a6da,item,1,0,"{""obverse"": ""wars-trading-card-game_incursion_clanton-rev-i-missile"", ""reverse"": ""wars-trading-card-game_card-back""}","{""name_printed"": ""Clanton Rev I Missile"", ""rarity"": ""Uncommon"", ""type"": ""Weapon"", ""allegiance"": ""Maverick"", ""item_dimensions"": ""{\u0022height\u0022: \u00223.5\u0022, \u0022width\u0022: \u00222.5\u0022, \u0022unit\u0022: \u0022inch\u0022}""}",017cb0cd-aeb7-4c0b-941d-4f48d13f8145,77ff2cee-c2be-4c71-9275-58f9b7c8442f,Clanton Rev I Missile,Clanton Rev I Missile,{},wars-trading-card-game_incursion_clanton-rev-i-missile
095cfb61-daa6-4916-9fc1-f501ac54da7b,third-party-document,0,0,"{""obverse"": ""wars-trading-card-game_incursion_cloak-of-fear"", ""reverse"": ""wars-trading-card-game_card-back""}","{""name_printed"": ""Cloak of Fear"", ""rarity"": ""Rare"", ""type"": ""Asset"", ""allegiance"": ""Quay"", ""item_dimensions"": ""{\u0022height\u0022: \u00223.5\u0022, \u0022width\u0022: \u00222.5\u0022, \u0022unit\u0022: \u0022inch\u0022}""}",017cb0cd-aeb7-4c0b-941d-4f48d13f8145,77ff2cee-c2be-4c71-9275-58f9b7c8442f,Cloak of Fear,Cloak of Fear,{},wars-trading-card-game_incursion_cloak-of-fear
9f23c7d6-97fb-4f28-951c-2143c8f86af5,item,1,0,"{""obverse"": ""wars-trading-card-game_incursion_clone-reserves"", ""reverse"": ""wars-trading-card-game_card-back""}","{""name_printed"": ""Clone Reserves"", ""rarity"": ""Uncommon"", ""type"": ""Interrupt"", ""allegiance"": ""Shi"", ""item_dimensions"": ""{\u0022height\u0022: \u00223.5\u0022, \u0022width\u0022: \u00222.5\u0022, \u0022unit\u0022: \u0022inch\u0022}""}",017cb0cd-aeb7-4c0b-941d-4f48d13f8145,77ff2cee-c2be-4c71-9275-58f9b7c8442f,Clone Reserves,Clone Reserves,{},wars-trading-card-game_incursion_clone-reserves
50b865f4-4960-4cab-ad91-02709adf379b,item,1,0,"{""obverse"": ""wars-trading-card-game_incursion_close-call"", ""reverse"": ""wars-trading-card-game_card-back""}","{""name_printed"": ""Close Call"", ""rarity"": ""Common"", ""type"": ""Interrupt"", ""allegiance"": ""Shi"", ""item_dimensions"": ""{\u0022height\u0022: \u00223.5\u0022, \u0022width\u0022: \u00222.5\u0022, \u0022unit\u0022: \u0022inch\u0022}""}",017cb0cd-aeb7-4c0b-941d-4f48d13f8145,77ff2cee-c2be-4c71-9275-58f9b7c8442f,Close Call,Close Call,{},wars-trading-card-game_incursion_close-call
a3f6182d-d7d6-40bf-aac5-15cc3e5de038,item,1,0,"{""obverse"": ""wars-trading-card-game_incursion_close-support-pilot"", ""reverse"": ""wars-trading-card-game_card-back""}","{""name_printed"": ""Close Support Pilot"", ""rarity"": ""Common"", ""type"": ""Character"", ""allegiance"": ""Earther"", ""item_dimensions"": ""{\u0022height\u0022: \u00223.5\u0022, \u0022width\u0022: \u00222.5\u0022, \u0022unit\u0022: \u0022inch\u0022}""}",017cb0cd-aeb7-4c0b-941d-4f48d13f8145,77ff2cee-c2be-4c71-9275-58f9b7c8442f,Close Support Pilot,Close Support Pilot,{},wars-trading-card-game_incursion_close-support-pilot
bbadd04d-b0e4-469f-b85f-783329af60f0,item,1,0,"{""obverse"": ""wars-trading-card-game_incursion_cloud-[foil]"", ""reverse"": ""wars-trading-card-game_card-back""}","{""name_printed"": ""Cloud"", ""variant_disambiguator"": ""Foil"", ""rarity"": ""Ultra Rare"", ""print_finish"": ""Foil"", ""type"": ""Interrupt"", ""item_dimensions"": ""{\u0022height\u0022: \u00223.5\u0022, \u0022width\u0022: \u00222.5\u0022, \u0022unit\u0022: \u0022inch\u0022}""}",017cb0cd-aeb7-4c0b-941d-4f48d13f8145,77ff2cee-c2be-4c71-9275-58f9b7c8442f,Cloud,Cloud [Foil],{},wars-trading-card-game_incursion_cloud-[foil]
8c987c46-f002-4bb2-bb14-84e85f354572,item,1,0,"{""obverse"": ""wars-trading-card-game_incursion_cloud-[non-foil]"", ""reverse"": ""wars-trading-card-game_card-back""}","{""name_printed"": ""Cloud"", ""variant_disambiguator"": ""Non-Foil"", ""rarity"": ""Uncommon"", ""type"": ""Interrupt"", ""allegiance"": ""Gongen"", ""item_dimensions"": ""{\u0022height\u0022: \u00223.5\u0022, \u0022width\u0022: \u00222.5\u0022, \u0022unit\u0022: \u0022inch\u0022}""}",017cb0cd-aeb7-4c0b-941d-4f48d13f8145,77ff2cee-c2be-4c71-9275-58f9b7c8442f,Cloud,Cloud [Non-Foil],{},wars-trading-card-game_incursion_cloud-[non-foil]
079a77c7-0e3d-4b45-b227-b1dc1a0b928d,item,1,0,"{""obverse"": ""wars-trading-card-game_incursion_cloud-skipper"", ""reverse"": ""wars-trading-card-game_card-back""}","{""name_printed"": ""Cloud Skipper"", ""rarity"": ""Uncommon"", ""type"": ""Vehicle"", ""allegiance"": ""Maverick"", ""item_dimensions"": ""{\u0022height\u0022: \u00223.5\u0022, \u0022width\u0022: \u00222.5\u0022, \u0022unit\u0022: \u0022inch\u0022}""}",017cb0cd-aeb7-4c0b-941d-4f48d13f8145,77ff2cee-c2be-4c71-9275-58f9b7c8442f,Cloud Skipper,Cloud Skipper,{},wars-trading-card-game_incursion_cloud-skipper
c9f69e88-9784-4005-9635-478d95b39d13,item,1,0,"{""obverse"": ""wars-trading-card-game_incursion_collaborative-strike"", ""reverse"": ""wars-trading-card-game_card-back""}","{""name_printed"": ""Collaborative Strike"", ""rarity"": ""Common"", ""type"": ""Interrupt"", ""allegiance"": ""Earther"", ""item_dimensions"": ""{\u0022height\u0022: \u00223.5\u0022, \u0022width\u0022: \u00222.5\u0022, \u0022unit\u0022: \u0022inch\u0022}""}",017cb0cd-aeb7-4c0b-941d-4f48d13f8145,77ff2cee-c2be-4c71-9275-58f9b7c8442f,Collaborative Strike,Collaborative Strike,{},wars-trading-card-game_incursion_collaborative-strike
ccb1bb70-3d19-48fc-b2f6-4ca604595c9e,third-party-document,0,0,"{""obverse"": ""wars-trading-card-game_incursion_colt-burton-mk--412"", ""reverse"": ""wars-trading-card-game_card-back""}","{""name_printed"": ""Colt-Burton MK. 412"", ""rarity"": ""Uncommon"", ""type"": ""Weapon"", ""allegiance"": ""Maverick"", ""item_dimensions"": ""{\u0022height\u0022: \u00223.5\u0022, \u0022width\u0022: \u00222.5\u0022, \u0022unit\u0022: \u0022inch\u0022}""}",017cb0cd-aeb7-4c0b-941d-4f48d13f8145,77ff2cee-c2be-4c71-9275-58f9b7c8442f,Colt-Burton MK. 412,Colt-Burton MK. 412,{},wars-trading-card-game_incursion_colt-burton-mk--412
47c72856-b9b6-4366-b130-ced76c17f091,item,1,0,"{""obverse"": ""wars-trading-card-game_incursion_commerce-authority-fighter"", ""reverse"": ""wars-trading-card-game_card-back""}","{""name_printed"": ""Commerce Authority Fighter"", ""rarity"": ""Uncommon"", ""type"": ""Ship"", ""allegiance"": ""Earther"", ""item_dimensions"": ""{\u0022height\u0022: \u00223.5\u0022, \u0022width\u0022: \u00222.5\u0022, \u0022unit\u0022: \u0022inch\u0022}""}",017cb0cd-aeb7-4c0b-941d-4f48d13f8145,77ff2cee-c2be-4c71-9275-58f9b7c8442f,Commerce Authority Fighter,Commerce Authority Fighter,{},wars-trading-card-game_incursion_commerce-authority-fighter
7b30735e-dfcf-409b-b1d8-93cd009aa902,item,1,0,"{""obverse"": ""wars-trading-card-game_incursion_conservation"", ""reverse"": ""wars-trading-card-game_card-back""}","{""name_printed"": ""Conservation"", ""rarity"": ""Rare"", ""type"": ""Asset"", ""allegiance"": ""Quay"", ""item_dimensions"": ""{\u0022height\u0022: \u00223.5\u0022, \u0022width\u0022: \u00222.5\u0022, \u0022unit\u0022: \u0022inch\u0022}""}",017cb0cd-aeb7-4c0b-941d-4f48d13f8145,77ff2cee-c2be-4c71-9275-58f9b7c8442f,Conservation,Conservation,{},wars-trading-card-game_incursion_conservation
fc571a88-1e58-46cb-8200-4cbdbad8cb7a,item,1,0,"{""obverse"": ""wars-trading-card-game_incursion_consigned-trooper"", ""reverse"": ""wars-trading-card-game_card-back""}","{""name_printed"": ""Consigned Trooper"", ""rarity"": ""Common"", ""type"": ""Character"", ""allegiance"": ""Earther"", ""item_dimensions"": ""{\u0022height\u0022: \u00223.5\u0022, \u0022width\u0022: \u00222.5\u0022, \u0022unit\u0022: \u0022inch\u0022}""}",017cb0cd-aeb7-4c0b-941d-4f48d13f8145,77ff2cee-c2be-4c71-9275-58f9b7c8442f,Consigned Trooper,Consigned Trooper,{},wars-trading-card-game_incursion_consigned-trooper
ed87544b-ed52-4ed2-988d-7f7377e7bc22,item,1,0,"{""obverse"": ""wars-trading-card-game_incursion_consultation-[foil]"", ""reverse"": ""wars-trading-card-game_card-back""}","{""name_printed"": ""Consultation"", ""variant_disambiguator"": ""Foil"", ""rarity"": ""Ultra Rare"", ""print_finish"": ""Foil"", ""type"": ""Interrupt"", ""item_dimensions"": ""{\u0022height\u0022: \u00223.5\u0022, \u0022width\u0022: \u00222.5\u0022, \u0022unit\u0022: \u0022inch\u0022}""}",017cb0cd-aeb7-4c0b-941d-4f48d13f8145,77ff2cee-c2be-4c71-9275-58f9b7c8442f,Consultation,Consultation [Foil],{},wars-trading-card-game_incursion_consultation-[foil]
aabbf93f-3c6f-4eb3-a1e9-40f8f3ac618e,item,1,0,"{""obverse"": ""wars-trading-card-game_incursion_consultation-[non-foil]"", ""reverse"": ""wars-trading-card-game_card-back""}","{""name_printed"": ""Consultation"", ""variant_disambiguator"": ""Non-Foil"", ""rarity"": ""Rare"", ""type"": ""Interrupt"", ""allegiance"": ""Earther"", ""item_dimensions"": ""{\u0022height\u0022: \u00223.5\u0022, \u0022width\u0022: \u00222.5\u0022, \u0022unit\u0022: \u0022inch\u0022}""}",017cb0cd-aeb7-4c0b-941d-4f48d13f8145,77ff2cee-c2be-4c71-9275-58f9b7c8442f,Consultation,Consultation [Non-Foil],{},wars-trading-card-game_incursion_consultation-[non-foil]
2f925113-2fd0-483a-8a19-612248f16792,third-party-document,0,0,"{""obverse"": ""wars-trading-card-game_incursion_controlling"", ""reverse"": ""wars-trading-card-game_card-back""}","{""name_printed"": ""Controlling"", ""rarity"": ""Rare"", ""type"": ""Asset"", ""allegiance"": ""Shi"", ""item_dimensions"": ""{\u0022height\u0022: \u00223.5\u0022, \u0022width\u0022: \u00222.5\u0022, \u0022unit\u0022: \u0022inch\u0022}""}",017cb0cd-aeb7-4c0b-941d-4f48d13f8145,77ff2cee-c2be-4c71-9275-58f9b7c8442f,Controlling,Controlling,{},wars-trading-card-game_incursion_controlling
bf61b60a-5960-4720-970f-dbbdd52b07ed,item,1,0,"{""obverse"": ""wars-trading-card-game_incursion_corporate-transport"", ""reverse"": ""wars-trading-card-game_card-back""}","{""name_printed"": ""Corporate Transport"", ""rarity"": ""Common"", ""type"": ""Ship"", ""allegiance"": ""Independent"", ""item_dimensions"": ""{\u0022height\u0022: \u00223.5\u0022, \u0022width\u0022: \u00222.5\u0022, \u0022unit\u0022: \u0022inch\u0022}""}",017cb0cd-aeb7-4c0b-941d-4f48d13f8145,77ff2cee-c2be-4c71-9275-58f9b7c8442f,Corporate Transport,Corporate Transport,{},wars-trading-card-game_incursion_corporate-transport
4ae2f25e-a53a-49e1-995c-f5e798691b72,item,1,0,"{""obverse"": ""wars-trading-card-game_incursion_crossfire"", ""reverse"": ""wars-trading-card-game_card-back""}","{""name_printed"": ""Crossfire"", ""rarity"": ""Rare"", ""type"": ""Interrupt"", ""allegiance"": ""Earther"", ""item_dimensions"": ""{\u0022height\u0022: \u00223.5\u0022, \u0022width\u0022: \u00222.5\u0022, \u0022unit\u0022: \u0022inch\u0022}""}",017cb0cd-aeb7-4c0b-941d-4f48d13f8145,77ff2cee-c2be-4c71-9275-58f9b7c8442f,Crossfire,Crossfire,{},wars-trading-card-game_incursion_crossfire
85eab057-ec00-4265-afb4-cc96ab7cdcc7,item,1,0,"{""obverse"": ""wars-trading-card-game_incursion_cruel-lesson"", ""reverse"": ""wars-trading-card-game_card-back""}","{""name_printed"": ""Cruel Lesson"", ""rarity"": ""Rare"", ""type"": ""Asset"", ""allegiance"": ""Gongen"", ""item_dimensions"": ""{\u0022height\u0022: \u00223.5\u0022, \u0022width\u0022: \u00222.5\u0022, \u0022unit\u0022: \u0022inch\u0022}""}",017cb0cd-aeb7-4c0b-941d-4f48d13f8145,77ff2cee-c2be-4c71-9275-58f9b7c8442f,Cruel Lesson,Cruel Lesson,{},wars-trading-card-game_incursion_cruel-lesson
75aa5e26-1828-4472-a0fc-6fb17d5a9983,third-party-document,0,0,"{""obverse"": ""wars-trading-card-game_incursion_damir-aeronaut"", ""reverse"": ""wars-trading-card-game_card-back""}","{""name_printed"": ""Damir Aeronaut"", ""rarity"": ""Uncommon"", ""type"": ""Character"", ""allegiance"": ""Shi"", ""item_dimensions"": ""{\u0022height\u0022: \u00223.5\u0022, \u0022width\u0022: \u00222.5\u0022, \u0022unit\u0022: \u0022inch\u0022}""}",017cb0cd-aeb7-4c0b-941d-4f48d13f8145,77ff2cee-c2be-4c71-9275-58f9b7c8442f,Damir Aeronaut,Damir Aeronaut,{},wars-trading-card-game_incursion_damir-aeronaut
229c6932-19bf-4e8a-8795-d6b64580eff5,item,1,0,"{""obverse"": ""wars-trading-card-game_incursion_damir-quarrel"", ""reverse"": ""wars-trading-card-game_card-back""}","{""name_printed"": ""Damir Quarrel"", ""rarity"": ""Uncommon"", ""type"": ""Ship"", ""allegiance"": ""Shi"", ""item_dimensions"": ""{\u0022height\u0022: \u00223.5\u0022, \u0022width\u0022: \u00222.5\u0022, \u0022unit\u0022: \u0022inch\u0022}""}",017cb0cd-aeb7-4c0b-941d-4f48d13f8145,77ff2cee-c2be-4c71-9275-58f9b7c8442f,Damir Quarrel,Damir Quarrel,{},wars-trading-card-game_incursion_damir-quarrel
f5869ad5-3e96-4088-923e-2b122be84ed7,third-party-document,0,0,"{""obverse"": ""wars-trading-card-game_incursion_daunting-vatarma"", ""reverse"": ""wars-trading-card-game_card-back""}","{""name_printed"": ""Daunting Vatarma"", ""rarity"": ""Uncommon"", ""type"": ""Weapon"", ""allegiance"": ""Shi"", ""item_dimensions"": ""{\u0022height\u0022: \u00223.5\u0022, \u0022width\u0022: \u00222.5\u0022, \u0022unit\u0022: \u0022inch\u0022}""}",017cb0cd-aeb7-4c0b-941d-4f48d13f8145,77ff2cee-c2be-4c71-9275-58f9b7c8442f,Daunting Vatarma,Daunting Vatarma,{},wars-trading-card-game_incursion_daunting-vatarma
39dc1077-c965-4dc9-ad08-4d62e3833a8e,item,1,0,"{""obverse"": ""wars-trading-card-game_incursion_dauntless-defense"", ""reverse"": ""wars-trading-card-game_card-back""}","{""name_printed"": ""Dauntless Defense"", ""rarity"": ""Common"", ""type"": ""Interrupt"", ""allegiance"": ""Gongen"", ""item_dimensions"": ""{\u0022height\u0022: \u00223.5\u0022, \u0022width\u0022: \u00222.5\u0022, \u0022unit\u0022: \u0022inch\u0022}""}",017cb0cd-aeb7-4c0b-941d-4f48d13f8145,77ff2cee-c2be-4c71-9275-58f9b7c8442f,Dauntless Defense,Dauntless Defense,{},wars-trading-card-game_incursion_dauntless-defense
5c99ef5c-f9c6-491a-88f4-ed8c069d32a5,item,1,0,"{""obverse"": ""wars-trading-card-game_incursion_dedication"", ""reverse"": ""wars-trading-card-game_card-back""}","{""name_printed"": ""Dedication"", ""rarity"": ""Common"", ""type"": ""Asset"", ""allegiance"": ""Gongen"", ""item_dimensions"": ""{\u0022height\u0022: \u00223.5\u0022, \u0022width\u0022: \u00222.5\u0022, \u0022unit\u0022: \u0022inch\u0022}""}",017cb0cd-aeb7-4c0b-941d-4f48d13f8145,77ff2cee-c2be-4c71-9275-58f9b7c8442f,Dedication,Dedication,{},wars-trading-card-game_incursion_dedication
15f58f72-6dbe-4b38-b7cb-04f074e9cfc4,third-party-document,0,0,"{""obverse"": ""wars-trading-card-game_incursion_defensive-position"", ""reverse"": ""wars-trading-card-game_card-back""}","{""name_printed"": ""Defensive Position"", ""rarity"": ""Uncommon"", ""type"": ""Asset"", ""allegiance"": ""Quay"", ""item_dimensions"": ""{\u0022height\u0022: \u00223.5\u0022, \u0022width\u0022: \u00222.5\u0022, \u0022unit\u0022: \u0022inch\u0022}""}",017cb0cd-aeb7-4c0b-941d-4f48d13f8145,77ff2cee-c2be-4c71-9275-58f9b7c8442f,Defensive Position,Defensive Position,{},wars-trading-card-game_incursion_defensive-position
0d83bce1-60dd-4c0f-a5aa-a93d2b4a76e9,third-party-document,0,0,"{""obverse"": ""wars-trading-card-game_incursion_defiled"", ""reverse"": ""wars-trading-card-game_card-back""}","{""name_printed"": ""Defiled"", ""rarity"": ""Uncommon"", ""type"": ""Asset"", ""allegiance"": ""Quay"", ""item_dimensions"": ""{\u0022height\u0022: \u00223.5\u0022, \u0022width\u0022: \u00222.5\u0022, \u0022unit\u0022: \u0022inch\u0022}""}",017cb0cd-aeb7-4c0b-941d-4f48d13f8145,77ff2cee-c2be-4c71-9275-58f9b7c8442f,Defiled,Defiled,{},wars-trading-card-game_incursion_defiled
86033ecb-45a3-4fa8-adf7-a8d8e6c1c33d,third-party-document,0,0,"{""obverse"": ""wars-trading-card-game_incursion_deigan"", ""reverse"": ""wars-trading-card-game_card-back""}","{""name_printed"": ""Deigan"", ""rarity"": ""Rare"", ""type"": ""No-Bot"", ""allegiance"": ""Gongen"", ""item_dimensions"": ""{\u0022height\u0022: \u00223.5\u0022, \u0022width\u0022: \u00222.5\u0022, \u0022unit\u0022: \u0022inch\u0022}""}",017cb0cd-aeb7-4c0b-941d-4f48d13f8145,77ff2cee-c2be-4c71-9275-58f9b7c8442f,Deigan,Deigan,{},wars-trading-card-game_incursion_deigan
189cd83c-0fad-4959-9b59-90097f2b32fd,third-party-document,0,0,"{""obverse"": ""wars-trading-card-game_incursion_deigan-(foil)"", ""reverse"": ""wars-trading-card-game_card-back""}","{""name_printed"": ""Deigan"", ""functional_disambiguator"": ""Foil"", ""rarity"": ""Ultra Rare"", ""print_finish"": ""Foil"", ""type"": ""No-Bot"", ""item_dimensions"": ""{\u0022height\u0022: \u00223.5\u0022, \u0022width\u0022: \u00222.5\u0022, \u0022unit\u0022: \u0022inch\u0022}""}",017cb0cd-aeb7-4c0b-941d-4f48d13f8145,77ff2cee-c2be-4c71-9275-58f9b7c8442f,Deigan (Foil),Deigan (Foil),{},wars-trading-card-game_incursion_deigan-(foil)
d2c3278a-2e70-4f0c-81cb-ddb6a4b3ee91,third-party-document,0,0,"{""obverse"": ""wars-trading-card-game_incursion_deigan-follower"", ""reverse"": ""wars-trading-card-game_card-back""}","{""name_printed"": ""Deigan Follower"", ""rarity"": ""Uncommon"", ""type"": ""Character"", ""allegiance"": ""Gongen"", ""item_dimensions"": ""{\u0022height\u0022: \u00223.5\u0022, \u0022width\u0022: \u00222.5\u0022, \u0022unit\u0022: \u0022inch\u0022}""}",017cb0cd-aeb7-4c0b-941d-4f48d13f8145,77ff2cee-c2be-4c71-9275-58f9b7c8442f,Deigan Follower,Deigan Follower,{},wars-trading-card-game_incursion_deigan-follower
dc48ba9b-de28-401b-beef-ff116177b1c6,item,1,0,"{""obverse"": ""wars-trading-card-game_incursion_devanar-damir-[foil]"", ""reverse"": ""wars-trading-card-game_card-back""}","{""name_printed"": ""Devanar-Damir"", ""variant_disambiguator"": ""Foil"", ""rarity"": ""Ultra Rare"", ""print_finish"": ""Foil"", ""type"": ""Character"", ""item_dimensions"": ""{\u0022height\u0022: \u00223.5\u0022, \u0022width\u0022: \u00222.5\u0022, \u0022unit\u0022: \u0022inch\u0022}""}",017cb0cd-aeb7-4c0b-941d-4f48d13f8145,77ff2cee-c2be-4c71-9275-58f9b7c8442f,Devanar-Damir,Devanar-Damir [Foil],{},wars-trading-card-game_incursion_devanar-damir-[foil]
5503ca4e-2c41-47ba-aa14-18c9cc6a6f6c,item,1,0,"{""obverse"": ""wars-trading-card-game_incursion_devanar-damir-[non-foil]"", ""reverse"": ""wars-trading-card-game_card-back""}","{""name_printed"": ""Devanar-Damir"", ""variant_disambiguator"": ""Non-Foil"", ""rarity"": ""Uncommon"", ""type"": ""Character"", ""allegiance"": ""Shi"", ""item_dimensions"": ""{\u0022height\u0022: \u00223.5\u0022, \u0022width\u0022: \u00222.5\u0022, \u0022unit\u0022: \u0022inch\u0022}""}",017cb0cd-aeb7-4c0b-941d-4f48d13f8145,77ff2cee-c2be-4c71-9275-58f9b7c8442f,Devanar-Damir,Devanar-Damir [Non-Foil],{},wars-trading-card-game_incursion_devanar-damir-[non-foil]
83bcbff6-c7ba-419d-a3ca-156d553a2ba1,item,1,0,"{""obverse"": ""wars-trading-card-game_incursion_diplomacy-bot"", ""reverse"": ""wars-trading-card-game_card-back""}","{""name_printed"": ""Diplomacy Bot"", ""rarity"": ""Uncommon"", ""type"": ""Character"", ""allegiance"": ""Independent"", ""item_dimensions"": ""{\u0022height\u0022: \u00223.5\u0022, \u0022width\u0022: \u00222.5\u0022, \u0022unit\u0022: \u0022inch\u0022}""}",017cb0cd-aeb7-4c0b-941d-4f48d13f8145,77ff2cee-c2be-4c71-9275-58f9b7c8442f,Diplomacy Bot,Diplomacy Bot,{},wars-trading-card-game_incursion_diplomacy-bot
bab51630-7090-4b5e-ae24-2cf92a8f57c9,item,1,0,"{""obverse"": ""wars-trading-card-game_incursion_disruption"", ""reverse"": ""wars-trading-card-game_card-back""}","{""name_printed"": ""Disruption"", ""rarity"": ""Rare"", ""type"": ""Interrupt"", ""allegiance"": ""Earther"", ""item_dimensions"": ""{\u0022height\u0022: \u00223.5\u0022, \u0022width\u0022: \u00222.5\u0022, \u0022unit\u0022: \u0022inch\u0022}""}",017cb0cd-aeb7-4c0b-941d-4f48d13f8145,77ff2cee-c2be-4c71-9275-58f9b7c8442f,Disruption,Disruption,{},wars-trading-card-game_incursion_disruption
2d1bd135-1f8b-440e-850c-37255a67a967,item,1,0,"{""obverse"": ""wars-trading-card-game_incursion_dubious-contact"", ""reverse"": ""wars-trading-card-game_card-back""}","{""name_printed"": ""Dubious Contact"", ""rarity"": ""Common"", ""type"": ""Character"", ""allegiance"": ""Maverick"", ""item_dimensions"": ""{\u0022height\u0022: \u00223.5\u0022, \u0022width\u0022: \u00222.5\u0022, \u0022unit\u0022: \u0022inch\u0022}""}",017cb0cd-aeb7-4c0b-941d-4f48d13f8145,77ff2cee-c2be-4c71-9275-58f9b7c8442f,Dubious Contact,Dubious Contact,{},wars-trading-card-game_incursion_dubious-contact
e0724307-f3a1-4fd7-8eaf-7faf38ac02ac,item,1,0,"{""obverse"": ""wars-trading-card-game_incursion_duress-vatarma"", ""reverse"": ""wars-trading-card-game_card-back""}","{""name_printed"": ""Duress Vatarma"", ""rarity"": ""Uncommon"", ""type"": ""Weapon"", ""allegiance"": ""Shi"", ""item_dimensions"": ""{\u0022height\u0022: \u00223.5\u0022, \u0022width\u0022: \u00222.5\u0022, \u0022unit\u0022: \u0022inch\u0022}""}",017cb0cd-aeb7-4c0b-941d-4f48d13f8145,77ff2cee-c2be-4c71-9275-58f9b7c8442f,Duress Vatarma,Duress Vatarma,{},wars-trading-card-game_incursion_duress-vatarma
0972476c-7363-457e-8a1a-92a15318fec8,item,1,0,"{""obverse"": ""wars-trading-card-game_incursion_earth-corporate-headquarters"", ""reverse"": ""wars-trading-card-game_card-back""}","{""name_printed"": ""Earth/Corporate Headquarters"", ""rarity"": ""Common"", ""type"": ""Location"", ""item_dimensions"": ""{\u0022height\u0022: \u00223.5\u0022, \u0022width\u0022: \u00222.5\u0022, \u0022unit\u0022: \u0022inch\u0022}""}",017cb0cd-aeb7-4c0b-941d-4f48d13f8145,77ff2cee-c2be-4c71-9275-58f9b7c8442f,Earth/Corporate Headquarters,Earth/Corporate Headquarters,{},wars-trading-card-game_incursion_earth-corporate-headquarters
987abd08-96ee-4f82-b9c3-271830ed4193,item,1,0,"{""obverse"": ""wars-trading-card-game_incursion_earth-humanity's-home"", ""reverse"": ""wars-trading-card-game_card-back""}","{""name_printed"": ""Earth/Humanity's Home"", ""rarity"": ""Common"", ""type"": ""Location"", ""item_dimensions"": ""{\u0022height\u0022: \u00223.5\u0022, \u0022width\u0022: \u00222.5\u0022, \u0022unit\u0022: \u0022inch\u0022}""}",017cb0cd-aeb7-4c0b-941d-4f48d13f8145,77ff2cee-c2be-4c71-9275-58f9b7c8442f,Earth/Humanity's Home,Earth/Humanity's Home,{},wars-trading-card-game_incursion_earth-humanity's-home
0957e59f-9cb3-492f-bd66-30c94d8c8770,item,1,0,"{""obverse"": ""wars-trading-card-game_incursion_earther-bot"", ""reverse"": ""wars-trading-card-game_card-back""}","{""name_printed"": ""Earther Bot"", ""rarity"": ""Uncommon"", ""type"": ""Character"", ""allegiance"": ""Independent"", ""item_dimensions"": ""{\u0022height\u0022: \u00223.5\u0022, \u0022width\u0022: \u00222.5\u0022, \u0022unit\u0022: \u0022inch\u0022}""}",017cb0cd-aeb7-4c0b-941d-4f48d13f8145,77ff2cee-c2be-4c71-9275-58f9b7c8442f,Earther Bot,Earther Bot,{},wars-trading-card-game_incursion_earther-bot
a924ec02-41cc-4585-ab62-d2d5ee1013b4,item,1,0,"{""obverse"": ""wars-trading-card-game_incursion_easy-prey"", ""reverse"": ""wars-trading-card-game_card-back""}","{""name_printed"": ""Easy Prey"", ""rarity"": ""Uncommon"", ""type"": ""Interrupt"", ""allegiance"": ""Shi"", ""item_dimensions"": ""{\u0022height\u0022: \u00223.5\u0022, \u0022width\u0022: \u00222.5\u0022, \u0022unit\u0022: \u0022inch\u0022}""}",017cb0cd-aeb7-4c0b-941d-4f48d13f8145,77ff2cee-c2be-4c71-9275-58f9b7c8442f,Easy Prey,Easy Prey,{},wars-trading-card-game_incursion_easy-prey
b5bc887b-ac5c-43ee-98ce-1b647f31f285,item,1,0,"{""obverse"": ""wars-trading-card-game_incursion_energy-conduit"", ""reverse"": ""wars-trading-card-game_card-back""}","{""name_printed"": ""Energy Conduit"", ""rarity"": ""Rare"", ""type"": ""Interrupt"", ""allegiance"": ""Shi"", ""item_dimensions"": ""{\u0022height\u0022: \u00223.5\u0022, \u0022width\u0022: \u00222.5\u0022, \u0022unit\u0022: \u0022inch\u0022}""}",017cb0cd-aeb7-4c0b-941d-4f48d13f8145,77ff2cee-c2be-4c71-9275-58f9b7c8442f,Energy Conduit,Energy Conduit,{},wars-trading-card-game_incursion_energy-conduit
1d7e7d0c-cb77-4ef5-9af5-283a3db0e867,third-party-document,0,0,"{""obverse"": ""wars-trading-card-game_incursion_energy-conduit-(foil)"", ""reverse"": ""wars-trading-card-game_card-back""}","{""name_printed"": ""Energy Conduit"", ""functional_disambiguator"": ""Foil"", ""rarity"": ""Ultra Rare"", ""print_finish"": ""Foil"", ""type"": ""Interrupt"", ""item_dimensions"": ""{\u0022height\u0022: \u00223.5\u0022, \u0022width\u0022: \u00222.5\u0022, \u0022unit\u0022: \u0022inch\u0022}""}",017cb0cd-aeb7-4c0b-941d-4f48d13f8145,77ff2cee-c2be-4c71-9275-58f9b7c8442f,Energy Conduit (Foil),Energy Conduit (Foil),{},wars-trading-card-game_incursion_energy-conduit-(foil)
d7313f5c-894b-4cc4-a041-35598a853d33,third-party-document,0,0,"{""obverse"": ""wars-trading-card-game_incursion_energy-tap"", ""reverse"": ""wars-trading-card-game_card-back""}","{""name_printed"": ""Energy Tap"", ""rarity"": ""Rare"", ""type"": ""Interrupt"", ""allegiance"": ""Gongen"", ""item_dimensions"": ""{\u0022height\u0022: \u00223.5\u0022, \u0022width\u0022: \u00222.5\u0022, \u0022unit\u0022: \u0022inch\u0022}""}",017cb0cd-aeb7-4c0b-941d-4f48d13f8145,77ff2cee-c2be-4c71-9275-58f9b7c8442f,Energy Tap,Energy Tap,{},wars-trading-card-game_incursion_energy-tap
a323badf-8bc9-4f79-95d8-4439e5529f70,item,1,0,"{""obverse"": ""wars-trading-card-game_incursion_ensnared"", ""reverse"": ""wars-trading-card-game_card-back""}","{""name_printed"": ""Ensnared"", ""rarity"": ""Rare"", ""type"": ""Asset"", ""allegiance"": ""Maverick"", ""item_dimensions"": ""{\u0022height\u0022: \u00223.5\u0022, \u0022width\u0022: \u00222.5\u0022, \u0022unit\u0022: \u0022inch\u0022}""}",017cb0cd-aeb7-4c0b-941d-4f48d13f8145,77ff2cee-c2be-4c71-9275-58f9b7c8442f,Ensnared,Ensnared,{},wars-trading-card-game_incursion_ensnared
8ba45e66-d2b8-4911-97f1-18f1e2273f56,item,1,0,"{""obverse"": ""wars-trading-card-game_incursion_entrenched-infantry"", ""reverse"": ""wars-trading-card-game_card-back""}","{""name_printed"": ""Entrenched Infantry"", ""rarity"": ""Uncommon"", ""type"": ""Character"", ""allegiance"": ""Earther"", ""item_dimensions"": ""{\u0022height\u0022: \u00223.5\u0022, \u0022width\u0022: \u00222.5\u0022, \u0022unit\u0022: \u0022inch\u0022}""}",017cb0cd-aeb7-4c0b-941d-4f48d13f8145,77ff2cee-c2be-4c71-9275-58f9b7c8442f,Entrenched Infantry,Entrenched Infantry,{},wars-trading-card-game_incursion_entrenched-infantry
5ccaac1c-5187-4905-b722-0617bbe727df,item,1,0,"{""obverse"": ""wars-trading-card-game_incursion_escort-cruiser"", ""reverse"": ""wars-trading-card-game_card-back""}","{""name_printed"": ""Escort Cruiser"", ""rarity"": ""Common"", ""type"": ""Ship"", ""allegiance"": ""Earther"", ""item_dimensions"": ""{\u0022height\u0022: \u00223.5\u0022, \u0022width\u0022: \u00222.5\u0022, \u0022unit\u0022: \u0022inch\u0022}""}",017cb0cd-aeb7-4c0b-941d-4f48d13f8145,77ff2cee-c2be-4c71-9275-58f9b7c8442f,Escort Cruiser,Escort Cruiser,{},wars-trading-card-game_incursion_escort-cruiser
e37fc8b8-aa57-4955-95e8-c878348d2359,item,1,0,"{""obverse"": ""wars-trading-card-game_incursion_europa-the-gambler's-hideaway"", ""reverse"": ""wars-trading-card-game_card-back""}","{""name_printed"": ""Europa/The Gambler's Hideaway"", ""rarity"": ""Uncommon"", ""type"": ""Location"", ""item_dimensions"": ""{\u0022height\u0022: \u00223.5\u0022, \u0022width\u0022: \u00222.5\u0022, \u0022unit\u0022: \u0022inch\u0022}""}",017cb0cd-aeb7-4c0b-941d-4f48d13f8145,77ff2cee-c2be-4c71-9275-58f9b7c8442f,Europa/The Gambler's Hideaway,Europa/The Gambler's Hideaway,{},wars-trading-card-game_incursion_europa-the-gambler's-hideaway
582a60d5-27ab-4cdd-8e01-6d84f1a46f45,item,1,0,"{""obverse"": ""wars-trading-card-game_incursion_expansion"", ""reverse"": ""wars-trading-card-game_card-back""}","{""name_printed"": ""Expansion"", ""rarity"": ""Common"", ""type"": ""Interrupt"", ""allegiance"": ""Independent"", ""item_dimensions"": ""{\u0022height\u0022: \u00223.5\u0022, \u0022width\u0022: \u00222.5\u0022, \u0022unit\u0022: \u0022inch\u0022}""}",017cb0cd-aeb7-4c0b-941d-4f48d13f8145,77ff2cee-c2be-4c71-9275-58f9b7c8442f,Expansion,Expansion,{},wars-trading-card-game_incursion_expansion
7fcc3aca-653f-4dc8-b225-c1755ed548ca,item,1,0,"{""obverse"": ""wars-trading-card-game_incursion_f-l-i-c-"", ""reverse"": ""wars-trading-card-game_card-back""}","{""name_printed"": ""F.L.I.C."", ""rarity"": ""Uncommon"", ""type"": ""Weapon"", ""allegiance"": ""Earther"", ""item_dimensions"": ""{\u0022height\u0022: \u00223.5\u0022, \u0022width\u0022: \u00222.5\u0022, \u0022unit\u0022: \u0022inch\u0022}""}",017cb0cd-aeb7-4c0b-941d-4f48d13f8145,77ff2cee-c2be-4c71-9275-58f9b7c8442f,F.L.I.C.,F.L.I.C.,{},wars-trading-card-game_incursion_f-l-i-c-
bc1e5260-15f9-4592-95a4-0decce5fe5c5,third-party-document,0,0,"{""obverse"": ""wars-trading-card-game_incursion_faded"", ""reverse"": ""wars-trading-card-game_card-back""}","{""name_printed"": ""Faded"", ""rarity"": ""Rare"", ""type"": ""Interrupt"", ""allegiance"": ""Maverick"", ""item_dimensions"": ""{\u0022height\u0022: \u00223.5\u0022, \u0022width\u0022: \u00222.5\u0022, \u0022unit\u0022: \u0022inch\u0022}""}",017cb0cd-aeb7-4c0b-941d-4f48d13f8145,77ff2cee-c2be-4c71-9275-58f9b7c8442f,Faded,Faded,{},wars-trading-card-game_incursion_faded
e4cc4a34-07d4-44f6-a070-a2f4dc43e1a2,item,1,0,"{""obverse"": ""wars-trading-card-game_incursion_fallen-ally"", ""reverse"": ""wars-trading-card-game_card-back""}","{""name_printed"": ""Fallen Ally"", ""rarity"": ""Rare"", ""type"": ""Interrupt"", ""allegiance"": ""Shi"", ""item_dimensions"": ""{\u0022height\u0022: \u00223.5\u0022, \u0022width\u0022: \u00222.5\u0022, \u0022unit\u0022: \u0022inch\u0022}""}",017cb0cd-aeb7-4c0b-941d-4f48d13f8145,77ff2cee-c2be-4c71-9275-58f9b7c8442f,Fallen Ally,Fallen Ally,{},wars-trading-card-game_incursion_fallen-ally
972733bc-cc0a-4386-886e-6e947756bac4,item,1,0,"{""obverse"": ""wars-trading-card-game_incursion_festering-cargo"", ""reverse"": ""wars-trading-card-game_card-back""}","{""name_printed"": ""Festering Cargo"", ""rarity"": ""Rare"", ""type"": ""Order"", ""allegiance"": ""Maverick"", ""item_dimensions"": ""{\u0022height\u0022: \u00223.5\u0022, \u0022width\u0022: \u00222.5\u0022, \u0022unit\u0022: \u0022inch\u0022}""}",017cb0cd-aeb7-4c0b-941d-4f48d13f8145,77ff2cee-c2be-4c71-9275-58f9b7c8442f,Festering Cargo,Festering Cargo,{},wars-trading-card-game_incursion_festering-cargo
cb3f651a-1604-44a1-87f5-5d85bdf945b5,item,1,0,"{""obverse"": ""wars-trading-card-game_incursion_fifth-ace-[foil]"", ""reverse"": ""wars-trading-card-game_card-back""}","{""name_printed"": ""Fifth Ace"", ""variant_disambiguator"": ""Foil"", ""rarity"": ""Ultra Rare"", ""print_finish"": ""Foil"", ""type"": ""Interrupt"", ""item_dimensions"": ""{\u0022height\u0022: \u00223.5\u0022, \u0022width\u0022: \u00222.5\u0022, \u0022unit\u0022: \u0022inch\u0022}""}",017cb0cd-aeb7-4c0b-941d-4f48d13f8145,77ff2cee-c2be-4c71-9275-58f9b7c8442f,Fifth Ace,Fifth Ace [Foil],{},wars-trading-card-game_incursion_fifth-ace-[foil]
14648d49-dbec-47f1-99cb-2bc82aeb49bc,third-party-document,0,0,"{""obverse"": ""wars-trading-card-game_incursion_fifth-ace-[non-foil]"", ""reverse"": ""wars-trading-card-game_card-back""}","{""name_printed"": ""Fifth Ace"", ""variant_disambiguator"": ""Non-Foil"", ""rarity"": ""Uncommon"", ""print_finish"": ""Non-Foil"", ""type"": ""Interrupt"", ""allegiance"": ""Maverick"", ""item_dimensions"": ""{\u0022height\u0022: \u00223.5\u0022, \u0022width\u0022: \u00222.5\u0022, \u0022unit\u0022: \u0022inch\u0022}""}",017cb0cd-aeb7-4c0b-941d-4f48d13f8145,77ff2cee-c2be-4c71-9275-58f9b7c8442f,Fifth Ace,Fifth Ace [Non-Foil],{},wars-trading-card-game_incursion_fifth-ace-[non-foil]
573b1c40-22be-4feb-bf28-c44c8423ae46,item,1,0,"{""obverse"": ""wars-trading-card-game_incursion_fighter-support"", ""reverse"": ""wars-trading-card-game_card-back""}","{""name_printed"": ""Fighter Support"", ""rarity"": ""Uncommon"", ""type"": ""Asset"", ""allegiance"": ""Earther"", ""item_dimensions"": ""{\u0022height\u0022: \u00223.5\u0022, \u0022width\u0022: \u00222.5\u0022, \u0022unit\u0022: \u0022inch\u0022}""}",017cb0cd-aeb7-4c0b-941d-4f48d13f8145,77ff2cee-c2be-4c71-9275-58f9b7c8442f,Fighter Support,Fighter Support,{},wars-trading-card-game_incursion_fighter-support
a2c90b02-05db-426e-9f9f-092c2a351e40,item,1,0,"{""obverse"": ""wars-trading-card-game_incursion_fire-for-effect"", ""reverse"": ""wars-trading-card-game_card-back""}","{""name_printed"": ""Fire for Effect"", ""rarity"": ""Uncommon"", ""type"": ""Interrupt"", ""allegiance"": ""Earther"", ""item_dimensions"": ""{\u0022height\u0022: \u00223.5\u0022, \u0022width\u0022: \u00222.5\u0022, \u0022unit\u0022: \u0022inch\u0022}""}",017cb0cd-aeb7-4c0b-941d-4f48d13f8145,77ff2cee-c2be-4c71-9275-58f9b7c8442f,Fire for Effect,Fire for Effect,{},wars-trading-card-game_incursion_fire-for-effect
1b98f85b-5200-4393-bb29-477e53ebdfae,item,1,0,"{""obverse"": ""wars-trading-card-game_incursion_first-aid"", ""reverse"": ""wars-trading-card-game_card-back""}","{""name_printed"": ""First Aid"", ""rarity"": ""Uncommon"", ""type"": ""Asset"", ""allegiance"": ""Earther"", ""item_dimensions"": ""{\u0022height\u0022: \u00223.5\u0022, \u0022width\u0022: \u00222.5\u0022, \u0022unit\u0022: \u0022inch\u0022}""}",017cb0cd-aeb7-4c0b-941d-4f48d13f8145,77ff2cee-c2be-4c71-9275-58f9b7c8442f,First Aid,First Aid,{},wars-trading-card-game_incursion_first-aid
29dd98dc-6366-4314-b4f4-bae651f97bea,third-party-document,0,0,"{""obverse"": ""wars-trading-card-game_incursion_flinger-battery"", ""reverse"": ""wars-trading-card-game_card-back""}","{""name_printed"": ""Flinger Battery"", ""rarity"": ""Uncommon"", ""type"": ""Vehicle"", ""allegiance"": ""Maverick"", ""item_dimensions"": ""{\u0022height\u0022: \u00223.5\u0022, \u0022width\u0022: \u00222.5\u0022, \u0022unit\u0022: \u0022inch\u0022}""}",017cb0cd-aeb7-4c0b-941d-4f48d13f8145,77ff2cee-c2be-4c71-9275-58f9b7c8442f,Flinger Battery,Flinger Battery,{},wars-trading-card-game_incursion_flinger-battery
ff3b7388-e50d-4589-80c7-fd2a73ce6699,third-party-document,0,0,"{""obverse"": ""wars-trading-card-game_incursion_for-the-glory-of-seyal"", ""reverse"": ""wars-trading-card-game_card-back""}","{""name_printed"": ""For the Glory of Seyal"", ""rarity"": ""Rare"", ""type"": ""Asset"", ""allegiance"": ""Shi"", ""item_dimensions"": ""{\u0022height\u0022: \u00223.5\u0022, \u0022width\u0022: \u00222.5\u0022, \u0022unit\u0022: \u0022inch\u0022}""}",017cb0cd-aeb7-4c0b-941d-4f48d13f8145,77ff2cee-c2be-4c71-9275-58f9b7c8442f,For the Glory of Seyal,For the Glory of Seyal,{},wars-trading-card-game_incursion_for-the-glory-of-seyal
a792c955-62ec-43a9-84b6-197166701ca5,item,1,0,"{""obverse"": ""wars-trading-card-game_incursion_frenzied-luhus"", ""reverse"": ""wars-trading-card-game_card-back""}","{""name_printed"": ""Frenzied Luhus"", ""rarity"": ""Uncommon"", ""type"": ""Character"", ""allegiance"": ""Quay"", ""item_dimensions"": ""{\u0022height\u0022: \u00223.5\u0022, \u0022width\u0022: \u00222.5\u0022, \u0022unit\u0022: \u0022inch\u0022}""}",017cb0cd-aeb7-4c0b-941d-4f48d13f8145,77ff2cee-c2be-4c71-9275-58f9b7c8442f,Frenzied Luhus,Frenzied Luhus,{},wars-trading-card-game_incursion_frenzied-luhus
12c74430-7f21-4d1a-bf03-3096716bd53f,item,1,0,"{""obverse"": ""wars-trading-card-game_incursion_frozen-by-fear"", ""reverse"": ""wars-trading-card-game_card-back""}","{""name_printed"": ""Frozen by Fear"", ""rarity"": ""Uncommon"", ""type"": ""Interrupt"", ""allegiance"": ""Quay"", ""item_dimensions"": ""{\u0022height\u0022: \u00223.5\u0022, \u0022width\u0022: \u00222.5\u0022, \u0022unit\u0022: \u0022inch\u0022}""}",017cb0cd-aeb7-4c0b-941d-4f48d13f8145,77ff2cee-c2be-4c71-9275-58f9b7c8442f,Frozen by Fear,Frozen by Fear,{},wars-trading-card-game_incursion_frozen-by-fear
d05409d7-096b-487c-8ab5-361d875981d8,item,1,0,"{""obverse"": ""wars-trading-card-game_incursion_fuel-theft"", ""reverse"": ""wars-trading-card-game_card-back""}","{""name_printed"": ""Fuel Theft"", ""rarity"": ""Common"", ""type"": ""Interrupt"", ""allegiance"": ""Maverick"", ""item_dimensions"": ""{\u0022height\u0022: \u00223.5\u0022, \u0022width\u0022: \u00222.5\u0022, \u0022unit\u0022: \u0022inch\u0022}""}",017cb0cd-aeb7-4c0b-941d-4f48d13f8145,77ff2cee-c2be-4c71-9275-58f9b7c8442f,Fuel Theft,Fuel Theft,{},wars-trading-card-game_incursion_fuel-theft
8283b874-99e5-426f-8bc0-01488440f4a6,item,1,0,"{""obverse"": ""wars-trading-card-game_incursion_fury"", ""reverse"": ""wars-trading-card-game_card-back""}","{""name_printed"": ""Fury"", ""rarity"": ""Rare"", ""type"": ""Interrupt"", ""allegiance"": ""Quay"", ""item_dimensions"": ""{\u0022height\u0022: \u00223.5\u0022, \u0022width\u0022: \u00222.5\u0022, \u0022unit\u0022: \u0022inch\u0022}""}",017cb0cd-aeb7-4c0b-941d-4f48d13f8145,77ff2cee-c2be-4c71-9275-58f9b7c8442f,Fury,Fury,{},wars-trading-card-game_incursion_fury
abb5bf9c-e8d4-4166-9878-a2c6e3e34814,item,1,0,"{""obverse"": ""wars-trading-card-game_incursion_ganymede-core-shaft"", ""reverse"": ""wars-trading-card-game_card-back""}","{""name_printed"": ""Ganymede/Core Shaft"", ""rarity"": ""Rare"", ""type"": ""Location"", ""item_dimensions"": ""{\u0022height\u0022: \u00223.5\u0022, \u0022width\u0022: \u00222.5\u0022, \u0022unit\u0022: \u0022inch\u0022}""}",017cb0cd-aeb7-4c0b-941d-4f48d13f8145,77ff2cee-c2be-4c71-9275-58f9b7c8442f,Ganymede/Core Shaft,Ganymede/Core Shaft,{},wars-trading-card-game_incursion_ganymede-core-shaft
90dee4ab-a88c-48dd-ac77-8cb99a3125e3,item,1,0,"{""obverse"": ""wars-trading-card-game_incursion_ganymede-exploratory-camp"", ""reverse"": ""wars-trading-card-game_card-back""}","{""name_printed"": ""Ganymede/Exploratory Camp"", ""rarity"": ""Fixed"", ""type"": ""Location"", ""item_dimensions"": ""{\u0022height\u0022: \u00223.5\u0022, \u0022width\u0022: \u00222.5\u0022, \u0022unit\u0022: \u0022inch\u0022}""}",017cb0cd-aeb7-4c0b-941d-4f48d13f8145,77ff2cee-c2be-4c71-9275-58f9b7c8442f,Ganymede/Exploratory Camp,Ganymede/Exploratory Camp,{},wars-trading-card-game_incursion_ganymede-exploratory-camp
69b68688-6b1a-4db2-b8e8-b60751299553,item,1,0,"{""obverse"": ""wars-trading-card-game_incursion_ganymede-forward-base"", ""reverse"": ""wars-trading-card-game_card-back""}","{""name_printed"": ""Ganymede/Forward Base"", ""rarity"": ""Common"", ""type"": ""Location"", ""item_dimensions"": ""{\u0022height\u0022: \u00223.5\u0022, \u0022width\u0022: \u00222.5\u0022, \u0022unit\u0022: \u0022inch\u0022}""}",017cb0cd-aeb7-4c0b-941d-4f48d13f8145,77ff2cee-c2be-4c71-9275-58f9b7c8442f,Ganymede/Forward Base,Ganymede/Forward Base,{},wars-trading-card-game_incursion_ganymede-forward-base
697a08d5-3056-4310-8ad1-1d75149dde59,item,1,0,"{""obverse"": ""wars-trading-card-game_incursion_ganymede-frontier-camp"", ""reverse"": ""wars-trading-card-game_card-back""}","{""name_printed"": ""Ganymede/Frontier Camp"", ""rarity"": ""Fixed"", ""type"": ""Location"", ""item_dimensions"": ""{\u0022height\u0022: \u00223.5\u0022, \u0022width\u0022: \u00222.5\u0022, \u0022unit\u0022: \u0022inch\u0022}""}",017cb0cd-aeb7-4c0b-941d-4f48d13f8145,77ff2cee-c2be-4c71-9275-58f9b7c8442f,Ganymede/Frontier Camp,Ganymede/Frontier Camp,{},wars-trading-card-game_incursion_ganymede-frontier-camp
52f2e28c-a81f-43a3-894e-84ce60f069b3,item,1,0,"{""obverse"": ""wars-trading-card-game_incursion_ganymede-harvesting-camp"", ""reverse"": ""wars-trading-card-game_card-back""}","{""name_printed"": ""Ganymede/Harvesting Camp"", ""rarity"": ""Fixed"", ""type"": ""Location"", ""item_dimensions"": ""{\u0022height\u0022: \u00223.5\u0022, \u0022width\u0022: \u00222.5\u0022, \u0022unit\u0022: \u0022inch\u0022}""}",017cb0cd-aeb7-4c0b-941d-4f48d13f8145,77ff2cee-c2be-4c71-9275-58f9b7c8442f,Ganymede/Harvesting Camp,Ganymede/Harvesting Camp,{},wars-trading-card-game_incursion_ganymede-harvesting-camp
5c651f9b-4150-4f06-8d7a-9bedf2ea8d89,item,1,0,"{""obverse"": ""wars-trading-card-game_incursion_ganymede-hunters'-camp"", ""reverse"": ""wars-trading-card-game_card-back""}","{""name_printed"": ""Ganymede/Hunters' Camp"", ""rarity"": ""Fixed"", ""type"": ""Location"", ""item_dimensions"": ""{\u0022height\u0022: \u00223.5\u0022, \u0022width\u0022: \u00222.5\u0022, \u0022unit\u0022: \u0022inch\u0022}""}",017cb0cd-aeb7-4c0b-941d-4f48d13f8145,77ff2cee-c2be-4c71-9275-58f9b7c8442f,Ganymede/Hunters' Camp,Ganymede/Hunters' Camp,{},wars-trading-card-game_incursion_ganymede-hunters'-camp
9a098ae0-9177-41e9-bb28-f879a3a5e5d1,item,1,0,"{""obverse"": ""wars-trading-card-game_incursion_ganymede-mining-platform"", ""reverse"": ""wars-trading-card-game_card-back""}","{""name_printed"": ""Ganymede/Mining Platform"", ""rarity"": ""Uncommon"", ""type"": ""Location"", ""item_dimensions"": ""{\u0022height\u0022: \u00223.5\u0022, \u0022width\u0022: \u00222.5\u0022, \u0022unit\u0022: \u0022inch\u0022}""}",017cb0cd-aeb7-4c0b-941d-4f48d13f8145,77ff2cee-c2be-4c71-9275-58f9b7c8442f,Ganymede/Mining Platform,Ganymede/Mining Platform,{},wars-trading-card-game_incursion_ganymede-mining-platform
27b13b18-0ad7-40b6-81e0-9c1d4ed913de,item,1,0,"{""obverse"": ""wars-trading-card-game_incursion_ganymede-occupied-tunnels"", ""reverse"": ""wars-trading-card-game_card-back""}","{""name_printed"": ""Ganymede/Occupied Tunnels"", ""rarity"": ""Common"", ""type"": ""Location"", ""item_dimensions"": ""{\u0022height\u0022: \u00223.5\u0022, \u0022width\u0022: \u00222.5\u0022, \u0022unit\u0022: \u0022inch\u0022}""}",017cb0cd-aeb7-4c0b-941d-4f48d13f8145,77ff2cee-c2be-4c71-9275-58f9b7c8442f,Ganymede/Occupied Tunnels,Ganymede/Occupied Tunnels,{},wars-trading-card-game_incursion_ganymede-occupied-tunnels
081437f9-3704-4e9d-be27-ed82b8172440,item,1,0,"{""obverse"": ""wars-trading-card-game_incursion_ganymede-pilgrims'-camp"", ""reverse"": ""wars-trading-card-game_card-back""}","{""name_printed"": ""Ganymede/Pilgrims' Camp"", ""rarity"": ""Fixed"", ""type"": ""Location"", ""item_dimensions"": ""{\u0022height\u0022: \u00223.5\u0022, \u0022width\u0022: \u00222.5\u0022, \u0022unit\u0022: \u0022inch\u0022}""}",017cb0cd-aeb7-4c0b-941d-4f48d13f8145,77ff2cee-c2be-4c71-9275-58f9b7c8442f,Ganymede/Pilgrims' Camp,Ganymede/Pilgrims' Camp,{},wars-trading-card-game_incursion_ganymede-pilgrims'-camp
8837cbce-8cdf-4789-8eb4-ebd919c41980,item,1,0,"{""obverse"": ""wars-trading-card-game_incursion_ganymede-traginium-source"", ""reverse"": ""wars-trading-card-game_card-back""}","{""name_printed"": ""Ganymede/Traginium Source"", ""rarity"": ""Common"", ""type"": ""Location"", ""item_dimensions"": ""{\u0022height\u0022: \u00223.5\u0022, \u0022width\u0022: \u00222.5\u0022, \u0022unit\u0022: \u0022inch\u0022}""}",017cb0cd-aeb7-4c0b-941d-4f48d13f8145,77ff2cee-c2be-4c71-9275-58f9b7c8442f,Ganymede/Traginium Source,Ganymede/Traginium Source,{},wars-trading-card-game_incursion_ganymede-traginium-source
1a65accf-7ae5-4fb0-b798-29e05fe9cba3,item,1,0,"{""obverse"": ""wars-trading-card-game_incursion_ganymede-traginium-well"", ""reverse"": ""wars-trading-card-game_card-back""}","{""name_printed"": ""Ganymede/Traginium Well"", ""rarity"": ""Common"", ""type"": ""Location"", ""item_dimensions"": ""{\u0022height\u0022: \u00223.5\u0022, \u0022width\u0022: \u00222.5\u0022, \u0022unit\u0022: \u0022inch\u0022}""}",017cb0cd-aeb7-4c0b-941d-4f48d13f8145,77ff2cee-c2be-4c71-9275-58f9b7c8442f,Ganymede/Traginium Well,Ganymede/Traginium Well,{},wars-trading-card-game_incursion_ganymede-traginium-well
766d2d81-05c5-4169-ac4d-5d58feb65e59,item,1,0,"{""obverse"": ""wars-trading-card-game_incursion_ganymede-underground-bunker"", ""reverse"": ""wars-trading-card-game_card-back""}","{""name_printed"": ""Ganymede/Underground Bunker"", ""rarity"": ""Common"", ""type"": ""Location"", ""item_dimensions"": ""{\u0022height\u0022: \u00223.5\u0022, \u0022width\u0022: \u00222.5\u0022, \u0022unit\u0022: \u0022inch\u0022}""}",017cb0cd-aeb7-4c0b-941d-4f48d13f8145,77ff2cee-c2be-4c71-9275-58f9b7c8442f,Ganymede/Underground Bunker,Ganymede/Underground Bunker,{},wars-trading-card-game_incursion_ganymede-underground-bunker
f466801b-098f-4f71-9dd7-756270e50852,item,1,0,"{""obverse"": ""wars-trading-card-game_incursion_ganymede-unstable-ground"", ""reverse"": ""wars-trading-card-game_card-back""}","{""name_printed"": ""Ganymede/Unstable Ground"", ""rarity"": ""Common"", ""type"": ""Location"", ""item_dimensions"": ""{\u0022height\u0022: \u00223.5\u0022, \u0022width\u0022: \u00222.5\u0022, \u0022unit\u0022: \u0022inch\u0022}""}",017cb0cd-aeb7-4c0b-941d-4f48d13f8145,77ff2cee-c2be-4c71-9275-58f9b7c8442f,Ganymede/Unstable Ground,Ganymede/Unstable Ground,{},wars-trading-card-game_incursion_ganymede-unstable-ground
a34d1b18-7f2e-436e-92ce-8e264988a308,item,1,0,"{""obverse"": ""wars-trading-card-game_incursion_ganymede-valley"", ""reverse"": ""wars-trading-card-game_card-back""}","{""name_printed"": ""Ganymede/Valley"", ""rarity"": ""Common"", ""type"": ""Location"", ""item_dimensions"": ""{\u0022height\u0022: \u00223.5\u0022, \u0022width\u0022: \u00222.5\u0022, \u0022unit\u0022: \u0022inch\u0022}""}",017cb0cd-aeb7-4c0b-941d-4f48d13f8145,77ff2cee-c2be-4c71-9275-58f9b7c8442f,Ganymede/Valley,Ganymede/Valley,{},wars-trading-card-game_incursion_ganymede-valley
5424eb2a-b204-4472-887a-460be7e286d3,item,1,0,"{""obverse"": ""wars-trading-card-game_incursion_ganymede-vantage-point"", ""reverse"": ""wars-trading-card-game_card-back""}","{""name_printed"": ""Ganymede/Vantage Point"", ""rarity"": ""Uncommon"", ""type"": ""Location"", ""item_dimensions"": ""{\u0022height\u0022: \u00223.5\u0022, \u0022width\u0022: \u00222.5\u0022, \u0022unit\u0022: \u0022inch\u0022}""}",017cb0cd-aeb7-4c0b-941d-4f48d13f8145,77ff2cee-c2be-4c71-9275-58f9b7c8442f,Ganymede/Vantage Point,Ganymede/Vantage Point,{},wars-trading-card-game_incursion_ganymede-vantage-point
555c35f7-a40d-4d7d-9a66-f81d4e8770cc,item,1,0,"{""obverse"": ""wars-trading-card-game_incursion_general-bots-nav4"", ""reverse"": ""wars-trading-card-game_card-back""}","{""name_printed"": ""General Bots NAV4"", ""rarity"": ""Uncommon"", ""type"": ""Character"", ""allegiance"": ""Maverick"", ""item_dimensions"": ""{\u0022height\u0022: \u00223.5\u0022, \u0022width\u0022: \u00222.5\u0022, \u0022unit\u0022: \u0022inch\u0022}""}",017cb0cd-aeb7-4c0b-941d-4f48d13f8145,77ff2cee-c2be-4c71-9275-58f9b7c8442f,General Bots NAV4,General Bots NAV4,{},wars-trading-card-game_incursion_general-bots-nav4
3a048f61-af27-4871-ab75-beaa67e4ed80,item,1,0,"{""obverse"": ""wars-trading-card-game_incursion_gongen-bot"", ""reverse"": ""wars-trading-card-game_card-back""}","{""name_printed"": ""Gongen Bot"", ""rarity"": ""Uncommon"", ""type"": ""Character"", ""allegiance"": ""Independent"", ""item_dimensions"": ""{\u0022height\u0022: \u00223.5\u0022, \u0022width\u0022: \u00222.5\u0022, \u0022unit\u0022: \u0022inch\u0022}""}",017cb0cd-aeb7-4c0b-941d-4f48d13f8145,77ff2cee-c2be-4c71-9275-58f9b7c8442f,Gongen Bot,Gongen Bot,{},wars-trading-card-game_incursion_gongen-bot
da5af0d6-9111-4c3e-a931-66e0bca52151,item,1,0,"{""obverse"": ""wars-trading-card-game_incursion_gongen-ice-mine"", ""reverse"": ""wars-trading-card-game_card-back""}","{""name_printed"": ""Gongen/Ice Mine"", ""rarity"": ""Common"", ""type"": ""Location"", ""item_dimensions"": ""{\u0022height\u0022: \u00223.5\u0022, \u0022width\u0022: \u00222.5\u0022, \u0022unit\u0022: \u0022inch\u0022}""}",017cb0cd-aeb7-4c0b-941d-4f48d13f8145,77ff2cee-c2be-4c71-9275-58f9b7c8442f,Gongen/Ice Mine,Gongen/Ice Mine,{},wars-trading-card-game_incursion_gongen-ice-mine
fc9b9a1d-d061-4429-b786-5d7e672c08d9,item,1,0,"{""obverse"": ""wars-trading-card-game_incursion_gongen-katana"", ""reverse"": ""wars-trading-card-game_card-back""}","{""name_printed"": ""Gongen Katana"", ""rarity"": ""Uncommon"", ""type"": ""Weapon"", ""allegiance"": ""Gongen"", ""item_dimensions"": ""{\u0022height\u0022: \u00223.5\u0022, \u0022width\u0022: \u00222.5\u0022, \u0022unit\u0022: \u0022inch\u0022}""}",017cb0cd-aeb7-4c0b-941d-4f48d13f8145,77ff2cee-c2be-4c71-9275-58f9b7c8442f,Gongen Katana,Gongen Katana,{},wars-trading-card-game_incursion_gongen-katana
ca75ddba-8df4-4fb7-8598-b965714c5dda,item,1,0,"{""obverse"": ""wars-trading-card-game_incursion_gongen-pilgrims'-haven"", ""reverse"": ""wars-trading-card-game_card-back""}","{""name_printed"": ""Gongen/Pilgrims' Haven"", ""rarity"": ""Uncommon"", ""type"": ""Location"", ""item_dimensions"": ""{\u0022height\u0022: \u00223.5\u0022, \u0022width\u0022: \u00222.5\u0022, \u0022unit\u0022: \u0022inch\u0022}""}",017cb0cd-aeb7-4c0b-941d-4f48d13f8145,77ff2cee-c2be-4c71-9275-58f9b7c8442f,Gongen/Pilgrims' Haven,Gongen/Pilgrims' Haven,{},wars-trading-card-game_incursion_gongen-pilgrims'-haven
db57d9ce-f4df-4213-a17f-c11d795e27e4,item,1,0,"{""obverse"": ""wars-trading-card-game_incursion_gongen-t-s-v-"", ""reverse"": ""wars-trading-card-game_card-back""}","{""name_printed"": ""Gongen T.S.V."", ""rarity"": ""Common"", ""type"": ""Vehicle"", ""allegiance"": ""Gongen"", ""item_dimensions"": ""{\u0022height\u0022: \u00223.5\u0022, \u0022width\u0022: \u00222.5\u0022, \u0022unit\u0022: \u0022inch\u0022}""}",017cb0cd-aeb7-4c0b-941d-4f48d13f8145,77ff2cee-c2be-4c71-9275-58f9b7c8442f,Gongen T.S.V.,Gongen T.S.V.,{},wars-trading-card-game_incursion_gongen-t-s-v-
f206739f-d8ea-4b2c-86b5-a8f3a6af94f1,item,1,0,"{""obverse"": ""wars-trading-card-game_incursion_gr-blade"", ""reverse"": ""wars-trading-card-game_card-back""}","{""name_printed"": ""GR-Blade"", ""rarity"": ""Common"", ""type"": ""Vehicle"", ""allegiance"": ""Earther"", ""item_dimensions"": ""{\u0022height\u0022: \u00223.5\u0022, \u0022width\u0022: \u00222.5\u0022, \u0022unit\u0022: \u0022inch\u0022}""}",017cb0cd-aeb7-4c0b-941d-4f48d13f8145,77ff2cee-c2be-4c71-9275-58f9b7c8442f,GR-Blade,GR-Blade,{},wars-trading-card-game_incursion_gr-blade
97bbb45c-5c31-431c-86ab-88e8d4a6cfbf,item,1,0,"{""obverse"": ""wars-trading-card-game_incursion_grade-7-fluid-laser"", ""reverse"": ""wars-trading-card-game_card-back""}","{""name_printed"": ""Grade 7 Fluid Laser"", ""rarity"": ""Uncommon"", ""type"": ""Weapon"", ""allegiance"": ""Earther"", ""item_dimensions"": ""{\u0022height\u0022: \u00223.5\u0022, \u0022width\u0022: \u00222.5\u0022, \u0022unit\u0022: \u0022inch\u0022}""}",017cb0cd-aeb7-4c0b-941d-4f48d13f8145,77ff2cee-c2be-4c71-9275-58f9b7c8442f,Grade 7 Fluid Laser,Grade 7 Fluid Laser,{},wars-trading-card-game_incursion_grade-7-fluid-laser
770d21f8-d92f-4834-87c7-f5d0b113a1d2,third-party-document,0,0,"{""obverse"": ""wars-trading-card-game_incursion_grav-operator"", ""reverse"": ""wars-trading-card-game_card-back""}","{""name_printed"": ""Grav Operator"", ""rarity"": ""Uncommon"", ""type"": ""Character"", ""allegiance"": ""Earther"", ""item_dimensions"": ""{\u0022height\u0022: \u00223.5\u0022, \u0022width\u0022: \u00222.5\u0022, \u0022unit\u0022: \u0022inch\u0022}""}",017cb0cd-aeb7-4c0b-941d-4f48d13f8145,77ff2cee-c2be-4c71-9275-58f9b7c8442f,Grav Operator,Grav Operator,{},wars-trading-card-game_incursion_grav-operator
03ee5511-9e39-463b-9065-d92a34f91e03,item,1,0,"{""obverse"": ""wars-trading-card-game_incursion_grid-tactician"", ""reverse"": ""wars-trading-card-game_card-back""}","{""name_printed"": ""Grid Tactician"", ""rarity"": ""Common"", ""type"": ""Character"", ""allegiance"": ""Gongen"", ""item_dimensions"": ""{\u0022height\u0022: \u00223.5\u0022, \u0022width\u0022: \u00222.5\u0022, \u0022unit\u0022: \u0022inch\u0022}""}",017cb0cd-aeb7-4c0b-941d-4f48d13f8145,77ff2cee-c2be-4c71-9275-58f9b7c8442f,Grid Tactician,Grid Tactician,{},wars-trading-card-game_incursion_grid-tactician
f90c0f0b-246e-4eae-8624-4f8606cbdff5,item,1,0,"{""obverse"": ""wars-trading-card-game_incursion_guardian-class-carrier"", ""reverse"": ""wars-trading-card-game_card-back""}","{""name_printed"": ""Guardian-Class Carrier"", ""rarity"": ""Common"", ""type"": ""Ship"", ""allegiance"": ""Gongen"", ""item_dimensions"": ""{\u0022height\u0022: \u00223.5\u0022, \u0022width\u0022: \u00222.5\u0022, \u0022unit\u0022: \u0022inch\u0022}""}",017cb0cd-aeb7-4c0b-941d-4f48d13f8145,77ff2cee-c2be-4c71-9275-58f9b7c8442f,Guardian-Class Carrier,Guardian-Class Carrier,{},wars-trading-card-game_incursion_guardian-class-carrier
5ee2f0a2-9ffd-4222-a048-ec4cb30d4815,third-party-document,0,0,"{""obverse"": ""wars-trading-card-game_incursion_haggard-hulk"", ""reverse"": ""wars-trading-card-game_card-back""}","{""name_printed"": ""Haggard Hulk"", ""rarity"": ""Uncommon"", ""type"": ""Ship"", ""allegiance"": ""Maverick"", ""item_dimensions"": ""{\u0022height\u0022: \u00223.5\u0022, \u0022width\u0022: \u00222.5\u0022, \u0022unit\u0022: \u0022inch\u0022}""}",017cb0cd-aeb7-4c0b-941d-4f48d13f8145,77ff2cee-c2be-4c71-9275-58f9b7c8442f,Haggard Hulk,Haggard Hulk,{},wars-trading-card-game_incursion_haggard-hulk
b848c5ff-1601-4029-82b2-e6f3cf0f12d8,item,1,0,"{""obverse"": ""wars-trading-card-game_incursion_hailesh-damir"", ""reverse"": ""wars-trading-card-game_card-back""}","{""name_printed"": ""Hailesh-Damir"", ""rarity"": ""Rare"", ""type"": ""Character"", ""allegiance"": ""Shi"", ""item_dimensions"": ""{\u0022height\u0022: \u00223.5\u0022, \u0022width\u0022: \u00222.5\u0022, \u0022unit\u0022: \u0022inch\u0022}""}",017cb0cd-aeb7-4c0b-941d-4f48d13f8145,77ff2cee-c2be-4c71-9275-58f9b7c8442f,Hailesh-Damir,Hailesh-Damir,{},wars-trading-card-game_incursion_hailesh-damir
8edb502c-f3bb-4a0c-a723-2773a05def69,item,1,0,"{""obverse"": ""wars-trading-card-game_incursion_hamon-of-ikazuchi"", ""reverse"": ""wars-trading-card-game_card-back""}","{""name_printed"": ""Hamon of Ikazuchi"", ""rarity"": ""Common"", ""type"": ""Vehicle"", ""allegiance"": ""Gongen"", ""item_dimensions"": ""{\u0022height\u0022: \u00223.5\u0022, \u0022width\u0022: \u00222.5\u0022, \u0022unit\u0022: \u0022inch\u0022}""}",017cb0cd-aeb7-4c0b-941d-4f48d13f8145,77ff2cee-c2be-4c71-9275-58f9b7c8442f,Hamon of Ikazuchi,Hamon of Ikazuchi,{},wars-trading-card-game_incursion_hamon-of-ikazuchi
42ae376e-e550-4023-aade-87001de7c381,item,1,0,"{""obverse"": ""wars-trading-card-game_incursion_harried-and-harassed"", ""reverse"": ""wars-trading-card-game_card-back""}","{""name_printed"": ""Harried and Harassed"", ""rarity"": ""Rare"", ""type"": ""Interrupt"", ""allegiance"": ""Maverick"", ""item_dimensions"": ""{\u0022height\u0022: \u00223.5\u0022, \u0022width\u0022: \u00222.5\u0022, \u0022unit\u0022: \u0022inch\u0022}""}",017cb0cd-aeb7-4c0b-941d-4f48d13f8145,77ff2cee-c2be-4c71-9275-58f9b7c8442f,Harried and Harassed,Harried and Harassed,{},wars-trading-card-game_incursion_harried-and-harassed
7ebb3ff1-50a1-4609-962f-a85d0804fd00,third-party-document,0,0,"{""obverse"": ""wars-trading-card-game_incursion_hawk's-wing"", ""reverse"": ""wars-trading-card-game_card-back""}","{""name_printed"": ""Hawk's Wing"", ""rarity"": ""Uncommon"", ""type"": ""Ship"", ""allegiance"": ""Maverick"", ""item_dimensions"": ""{\u0022height\u0022: \u00223.5\u0022, \u0022width\u0022: \u00222.5\u0022, \u0022unit\u0022: \u0022inch\u0022}""}",017cb0cd-aeb7-4c0b-941d-4f48d13f8145,77ff2cee-c2be-4c71-9275-58f9b7c8442f,Hawk's Wing,Hawk's Wing,{},wars-trading-card-game_incursion_hawk's-wing
6c61b7fe-d032-4677-ac2c-bb635d4eb8a1,item,1,0,"{""obverse"": ""wars-trading-card-game_incursion_heavy-juggernaut"", ""reverse"": ""wars-trading-card-game_card-back""}","{""name_printed"": ""Heavy Juggernaut"", ""rarity"": ""Uncommon"", ""type"": ""Vehicle"", ""allegiance"": ""Earther"", ""item_dimensions"": ""{\u0022height\u0022: \u00223.5\u0022, \u0022width\u0022: \u00222.5\u0022, \u0022unit\u0022: \u0022inch\u0022}""}",017cb0cd-aeb7-4c0b-941d-4f48d13f8145,77ff2cee-c2be-4c71-9275-58f9b7c8442f,Heavy Juggernaut,Heavy Juggernaut,{},wars-trading-card-game_incursion_heavy-juggernaut
c68270f7-36d3-470f-a36a-3f535edec5ff,item,1,0,"{""obverse"": ""wars-trading-card-game_incursion_hellcat-aviatrix"", ""reverse"": ""wars-trading-card-game_card-back""}","{""name_printed"": ""Hellcat Aviatrix"", ""rarity"": ""Common"", ""type"": ""Character"", ""allegiance"": ""Maverick"", ""item_dimensions"": ""{\u0022height\u0022: \u00223.5\u0022, \u0022width\u0022: \u00222.5\u0022, \u0022unit\u0022: \u0022inch\u0022}""}",017cb0cd-aeb7-4c0b-941d-4f48d13f8145,77ff2cee-c2be-4c71-9275-58f9b7c8442f,Hellcat Aviatrix,Hellcat Aviatrix,{},wars-trading-card-game_incursion_hellcat-aviatrix
528ab3e4-16b7-4ef2-ba71-3e2fb3b1e070,third-party-document,0,0,"{""obverse"": ""wars-trading-card-game_incursion_higen-orochito"", ""reverse"": ""wars-trading-card-game_card-back""}","{""name_printed"": ""Higen Orochito"", ""rarity"": ""Rare"", ""type"": ""Character"", ""allegiance"": ""Gongen"", ""item_dimensions"": ""{\u0022height\u0022: \u00223.5\u0022, \u0022width\u0022: \u00222.5\u0022, \u0022unit\u0022: \u0022inch\u0022}""}",017cb0cd-aeb7-4c0b-941d-4f48d13f8145,77ff2cee-c2be-4c71-9275-58f9b7c8442f,Higen Orochito,Higen Orochito,{},wars-trading-card-game_incursion_higen-orochito
03ca18af-fe97-4edd-b282-a096a044f9b8,item,1,0,"{""obverse"": ""wars-trading-card-game_incursion_honorable-death"", ""reverse"": ""wars-trading-card-game_card-back""}","{""name_printed"": ""Honorable Death"", ""rarity"": ""Uncommon"", ""type"": ""Asset"", ""allegiance"": ""Gongen"", ""item_dimensions"": ""{\u0022height\u0022: \u00223.5\u0022, \u0022width\u0022: \u00222.5\u0022, \u0022unit\u0022: \u0022inch\u0022}""}",017cb0cd-aeb7-4c0b-941d-4f48d13f8145,77ff2cee-c2be-4c71-9275-58f9b7c8442f,Honorable Death,Honorable Death,{},wars-trading-card-game_incursion_honorable-death
158c96ea-8fa6-4d48-a288-4485bbb08203,item,1,0,"{""obverse"": ""wars-trading-card-game_incursion_horatio-hicks"", ""reverse"": ""wars-trading-card-game_card-back""}","{""name_printed"": ""Horatio Hicks"", ""rarity"": ""Rare"", ""type"": ""Character"", ""allegiance"": ""Earther"", ""item_dimensions"": ""{\u0022height\u0022: \u00223.5\u0022, \u0022width\u0022: \u00222.5\u0022, \u0022unit\u0022: \u0022inch\u0022}""}",017cb0cd-aeb7-4c0b-941d-4f48d13f8145,77ff2cee-c2be-4c71-9275-58f9b7c8442f,Horatio Hicks,Horatio Hicks,{},wars-trading-card-game_incursion_horatio-hicks
795f7432-da3c-4f9a-95f8-a8d784baed74,third-party-document,0,0,"{""obverse"": ""wars-trading-card-game_incursion_hostilities-unleashed"", ""reverse"": ""wars-trading-card-game_card-back""}","{""name_printed"": ""Hostilities Unleashed"", ""rarity"": ""Rare"", ""type"": ""Interrupt"", ""allegiance"": ""Earther"", ""item_dimensions"": ""{\u0022height\u0022: \u00223.5\u0022, \u0022width\u0022: \u00222.5\u0022, \u0022unit\u0022: \u0022inch\u0022}""}",017cb0cd-aeb7-4c0b-941d-4f48d13f8145,77ff2cee-c2be-4c71-9275-58f9b7c8442f,Hostilities Unleashed,Hostilities Unleashed,{},wars-trading-card-game_incursion_hostilities-unleashed
9c7b7ab0-6bc6-4da3-92cc-ffd401f5ce1b,item,1,0,"{""obverse"": ""wars-trading-card-game_incursion_hounded"", ""reverse"": ""wars-trading-card-game_card-back""}","{""name_printed"": ""Hounded"", ""rarity"": ""Rare"", ""type"": ""Interrupt"", ""allegiance"": ""Quay"", ""item_dimensions"": ""{\u0022height\u0022: \u00223.5\u0022, \u0022width\u0022: \u00222.5\u0022, \u0022unit\u0022: \u0022inch\u0022}""}",017cb0cd-aeb7-4c0b-941d-4f48d13f8145,77ff2cee-c2be-4c71-9275-58f9b7c8442f,Hounded,Hounded,{},wars-trading-card-game_incursion_hounded
15833b63-8376-48a9-8685-d738f3e14e9b,third-party-document,0,0,"{""obverse"": ""wars-trading-card-game_incursion_howler's-blades"", ""reverse"": ""wars-trading-card-game_card-back""}","{""name_printed"": ""Howler's Blades"", ""rarity"": ""Rare"", ""type"": ""Vehicle"", ""allegiance"": ""Earther"", ""item_dimensions"": ""{\u0022height\u0022: \u00223.5\u0022, \u0022width\u0022: \u00222.5\u0022, \u0022unit\u0022: \u0022inch\u0022}""}",017cb0cd-aeb7-4c0b-941d-4f48d13f8145,77ff2cee-c2be-4c71-9275-58f9b7c8442f,Howler's Blades,Howler's Blades,{},wars-trading-card-game_incursion_howler's-blades
9b72d708-6e5f-415a-bb2b-3a42f42fb130,third-party-document,0,0,"{""obverse"": ""wars-trading-card-game_incursion_howler's-blades-(foil)"", ""reverse"": ""wars-trading-card-game_card-back""}","{""name_printed"": ""Howler's Blades"", ""functional_disambiguator"": ""Foil"", ""rarity"": ""Ultra Rare"", ""print_finish"": ""Foil"", ""type"": ""Vehicle"", ""item_dimensions"": ""{\u0022height\u0022: \u00223.5\u0022, \u0022width\u0022: \u00222.5\u0022, \u0022unit\u0022: \u0022inch\u0022}""}",017cb0cd-aeb7-4c0b-941d-4f48d13f8145,77ff2cee-c2be-4c71-9275-58f9b7c8442f,Howler's Blades (Foil),Howler's Blades (Foil),{},wars-trading-card-game_incursion_howler's-blades-(foil)
fa16d9dd-84c7-4d6b-bdd6-0eea48069cb7,third-party-document,0,0,"{""obverse"": ""wars-trading-card-game_incursion_ikazuchi"", ""reverse"": ""wars-trading-card-game_card-back""}","{""name_printed"": ""Ikazuchi"", ""rarity"": ""Rare"", ""type"": ""No-Bot"", ""allegiance"": ""Gongen"", ""item_dimensions"": ""{\u0022height\u0022: \u00223.5\u0022, \u0022width\u0022: \u00222.5\u0022, \u0022unit\u0022: \u0022inch\u0022}""}",017cb0cd-aeb7-4c0b-941d-4f48d13f8145,77ff2cee-c2be-4c71-9275-58f9b7c8442f,Ikazuchi,Ikazuchi,{},wars-trading-card-game_incursion_ikazuchi
aea5b059-d4af-4d31-8a7e-acfa8d1744ab,third-party-document,0,0,"{""obverse"": ""wars-trading-card-game_incursion_ikazuchi-(foil)"", ""reverse"": ""wars-trading-card-game_card-back""}","{""name_printed"": ""Ikazuchi"", ""functional_disambiguator"": ""Foil"", ""rarity"": ""Ultra Rare"", ""print_finish"": ""Foil"", ""type"": ""No-Bot"", ""item_dimensions"": ""{\u0022height\u0022: \u00223.5\u0022, \u0022width\u0022: \u00222.5\u0022, \u0022unit\u0022: \u0022inch\u0022}""}",017cb0cd-aeb7-4c0b-941d-4f48d13f8145,77ff2cee-c2be-4c71-9275-58f9b7c8442f,Ikazuchi (Foil),Ikazuchi (Foil),{},wars-trading-card-game_incursion_ikazuchi-(foil)
a643af3c-20d5-4aef-adab-5d3c36a706af,item,1,0,"{""obverse"": ""wars-trading-card-game_incursion_ikazuchi-leader"", ""reverse"": ""wars-trading-card-game_card-back""}","{""name_printed"": ""Ikazuchi Leader"", ""rarity"": ""Uncommon"", ""type"": ""Character"", ""allegiance"": ""Gongen"", ""item_dimensions"": ""{\u0022height\u0022: \u00223.5\u0022, \u0022width\u0022: \u00222.5\u0022, \u0022unit\u0022: \u0022inch\u0022}""}",017cb0cd-aeb7-4c0b-941d-4f48d13f8145,77ff2cee-c2be-4c71-9275-58f9b7c8442f,Ikazuchi Leader,Ikazuchi Leader,{},wars-trading-card-game_incursion_ikazuchi-leader
c4ec43f4-38c3-449b-a000-1f32a7b5425a,item,1,0,"{""obverse"": ""wars-trading-card-game_incursion_ikazuchi-t-s-v-"", ""reverse"": ""wars-trading-card-game_card-back""}","{""name_printed"": ""Ikazuchi T.S.V."", ""rarity"": ""Uncommon"", ""type"": ""Vehicle"", ""allegiance"": ""Gongen"", ""item_dimensions"": ""{\u0022height\u0022: \u00223.5\u0022, \u0022width\u0022: \u00222.5\u0022, \u0022unit\u0022: \u0022inch\u0022}""}",017cb0cd-aeb7-4c0b-941d-4f48d13f8145,77ff2cee-c2be-4c71-9275-58f9b7c8442f,Ikazuchi T.S.V.,Ikazuchi T.S.V.,{},wars-trading-card-game_incursion_ikazuchi-t-s-v-
013369a5-5905-4603-824e-0ccbbd602d96,item,1,0,"{""obverse"": ""wars-trading-card-game_incursion_ilna-hekaton"", ""reverse"": ""wars-trading-card-game_card-back""}","{""name_printed"": ""Ilna Hekaton"", ""rarity"": ""Common"", ""type"": ""Ship"", ""allegiance"": ""Quay"", ""item_dimensions"": ""{\u0022height\u0022: \u00223.5\u0022, \u0022width\u0022: \u00222.5\u0022, \u0022unit\u0022: \u0022inch\u0022}""}",017cb0cd-aeb7-4c0b-941d-4f48d13f8145,77ff2cee-c2be-4c71-9275-58f9b7c8442f,Ilna Hekaton,Ilna Hekaton,{},wars-trading-card-game_incursion_ilna-hekaton
f6fe7962-8f05-424e-9480-56e9516aa51f,third-party-document,0,0,"{""obverse"": ""wars-trading-card-game_incursion_inca-1"", ""reverse"": ""wars-trading-card-game_card-back""}","{""name_printed"": ""Inca 1"", ""rarity"": ""Rare"", ""type"": ""Ship"", ""allegiance"": ""Earther"", ""item_dimensions"": ""{\u0022height\u0022: \u00223.5\u0022, \u0022width\u0022: \u00222.5\u0022, \u0022unit\u0022: \u0022inch\u0022}""}",017cb0cd-aeb7-4c0b-941d-4f48d13f8145,77ff2cee-c2be-4c71-9275-58f9b7c8442f,Inca 1,Inca 1,{},wars-trading-card-game_incursion_inca-1
d4ce6f77-bc6b-4da2-8fff-f577aac58cf7,third-party-document,0,0,"{""obverse"": ""wars-trading-card-game_incursion_inca-1-(foil)"", ""reverse"": ""wars-trading-card-game_card-back""}","{""name_printed"": ""Inca 1"", ""functional_disambiguator"": ""Foil"", ""rarity"": ""Ultra Rare"", ""print_finish"": ""Foil"", ""type"": ""Ship"", ""item_dimensions"": ""{\u0022height\u0022: \u00223.5\u0022, \u0022width\u0022: \u00222.5\u0022, \u0022unit\u0022: \u0022inch\u0022}""}",017cb0cd-aeb7-4c0b-941d-4f48d13f8145,77ff2cee-c2be-4c71-9275-58f9b7c8442f,Inca 1 (Foil),Inca 1 (Foil),{},wars-trading-card-game_incursion_inca-1-(foil)
9f9617b6-56b5-4a24-9dd5-8d8c25239f06,item,1,0,"{""obverse"": ""wars-trading-card-game_incursion_inca-2-[foil]"", ""reverse"": ""wars-trading-card-game_card-back""}","{""name_printed"": ""Inca 2"", ""variant_disambiguator"": ""Foil"", ""rarity"": ""Ultra Rare"", ""print_finish"": ""Foil"", ""type"": ""Ship"", ""item_dimensions"": ""{\u0022height\u0022: \u00223.5\u0022, \u0022width\u0022: \u00222.5\u0022, \u0022unit\u0022: \u0022inch\u0022}""}",017cb0cd-aeb7-4c0b-941d-4f48d13f8145,77ff2cee-c2be-4c71-9275-58f9b7c8442f,Inca 2,Inca 2 [Foil],{},wars-trading-card-game_incursion_inca-2-[foil]
1afd3311-5ae2-4fea-8763-a40d7b9795b7,third-party-document,0,0,"{""obverse"": ""wars-trading-card-game_incursion_inca-2-[non-foil]"", ""reverse"": ""wars-trading-card-game_card-back""}","{""name_printed"": ""Inca 2"", ""variant_disambiguator"": ""Non-Foil"", ""rarity"": ""Rare"", ""print_finish"": ""Non-Foil"", ""type"": ""Ship"", ""allegiance"": ""Earther"", ""item_dimensions"": ""{\u0022height\u0022: \u00223.5\u0022, \u0022width\u0022: \u00222.5\u0022, \u0022unit\u0022: \u0022inch\u0022}""}",017cb0cd-aeb7-4c0b-941d-4f48d13f8145,77ff2cee-c2be-4c71-9275-58f9b7c8442f,Inca 2,Inca 2 [Non-Foil],{},wars-trading-card-game_incursion_inca-2-[non-foil]
dbf820ba-ddf1-4875-8fd0-d9299f62da6a,item,1,0,"{""obverse"": ""wars-trading-card-game_incursion_incapacitated"", ""reverse"": ""wars-trading-card-game_card-back""}","{""name_printed"": ""Incapacitated"", ""rarity"": ""Uncommon"", ""type"": ""Asset"", ""allegiance"": ""Shi"", ""item_dimensions"": ""{\u0022height\u0022: \u00223.5\u0022, \u0022width\u0022: \u00222.5\u0022, \u0022unit\u0022: \u0022inch\u0022}""}",017cb0cd-aeb7-4c0b-941d-4f48d13f8145,77ff2cee-c2be-4c71-9275-58f9b7c8442f,Incapacitated,Incapacitated,{},wars-trading-card-game_incursion_incapacitated
7edce613-b4d8-4c4d-b152-cad8cb8917d4,item,1,0,"{""obverse"": ""wars-trading-card-game_incursion_independent-transport"", ""reverse"": ""wars-trading-card-game_card-back""}","{""name_printed"": ""Independent Transport"", ""rarity"": ""Common"", ""type"": ""Ship"", ""allegiance"": ""Independent"", ""item_dimensions"": ""{\u0022height\u0022: \u00223.5\u0022, \u0022width\u0022: \u00222.5\u0022, \u0022unit\u0022: \u0022inch\u0022}""}",017cb0cd-aeb7-4c0b-941d-4f48d13f8145,77ff2cee-c2be-4c71-9275-58f9b7c8442f,Independent Transport,Independent Transport,{},wars-trading-card-game_incursion_independent-transport
41f9c1a2-526e-45f2-a579-33f9b349a1a8,third-party-document,0,0,"{""obverse"": ""wars-trading-card-game_incursion_indiscriminate-strike"", ""reverse"": ""wars-trading-card-game_card-back""}","{""name_printed"": ""Indiscriminate Strike"", ""rarity"": ""Rare"", ""type"": ""Asset"", ""allegiance"": ""Shi"", ""item_dimensions"": ""{\u0022height\u0022: \u00223.5\u0022, \u0022width\u0022: \u00222.5\u0022, \u0022unit\u0022: \u0022inch\u0022}""}",017cb0cd-aeb7-4c0b-941d-4f48d13f8145,77ff2cee-c2be-4c71-9275-58f9b7c8442f,Indiscriminate Strike,Indiscriminate Strike,{},wars-trading-card-game_incursion_indiscriminate-strike
ab980fdf-58ab-4bf8-b369-9863b955039d,item,1,0,"{""obverse"": ""wars-trading-card-game_incursion_infantry-officer"", ""reverse"": ""wars-trading-card-game_card-back""}","{""name_printed"": ""Infantry Officer"", ""rarity"": ""Common"", ""type"": ""Character"", ""allegiance"": ""Earther"", ""item_dimensions"": ""{\u0022height\u0022: \u00223.5\u0022, \u0022width\u0022: \u00222.5\u0022, \u0022unit\u0022: \u0022inch\u0022}""}",017cb0cd-aeb7-4c0b-941d-4f48d13f8145,77ff2cee-c2be-4c71-9275-58f9b7c8442f,Infantry Officer,Infantry Officer,{},wars-trading-card-game_incursion_infantry-officer
435c7031-2a99-410d-97d6-7e413e164b64,item,1,0,"{""obverse"": ""wars-trading-card-game_incursion_infantry-support-vehicle"", ""reverse"": ""wars-trading-card-game_card-back""}","{""name_printed"": ""Infantry Support Vehicle"", ""rarity"": ""Common"", ""type"": ""Vehicle"", ""allegiance"": ""Earther"", ""item_dimensions"": ""{\u0022height\u0022: \u00223.5\u0022, \u0022width\u0022: \u00222.5\u0022, \u0022unit\u0022: \u0022inch\u0022}""}",017cb0cd-aeb7-4c0b-941d-4f48d13f8145,77ff2cee-c2be-4c71-9275-58f9b7c8442f,Infantry Support Vehicle,Infantry Support Vehicle,{},wars-trading-card-game_incursion_infantry-support-vehicle
93c614d5-8dfd-4dbd-bbd8-077b4d20b0f2,third-party-document,0,0,"{""obverse"": ""wars-trading-card-game_incursion_introversion"", ""reverse"": ""wars-trading-card-game_card-back""}","{""name_printed"": ""Introversion"", ""rarity"": ""Rare"", ""type"": ""Interrupt"", ""allegiance"": ""Shi"", ""item_dimensions"": ""{\u0022height\u0022: \u00223.5\u0022, \u0022width\u0022: \u00222.5\u0022, \u0022unit\u0022: \u0022inch\u0022}""}",017cb0cd-aeb7-4c0b-941d-4f48d13f8145,77ff2cee-c2be-4c71-9275-58f9b7c8442f,Introversion,Introversion,{},wars-trading-card-game_incursion_introversion
55b5008e-ffbb-47d4-a84a-18e6e185949b,item,1,0,"{""obverse"": ""wars-trading-card-game_incursion_irama-vishal"", ""reverse"": ""wars-trading-card-game_card-back""}","{""name_printed"": ""Irama-Vishal"", ""rarity"": ""Common"", ""type"": ""Character"", ""allegiance"": ""Shi"", ""item_dimensions"": ""{\u0022height\u0022: \u00223.5\u0022, \u0022width\u0022: \u00222.5\u0022, \u0022unit\u0022: \u0022inch\u0022}""}",017cb0cd-aeb7-4c0b-941d-4f48d13f8145,77ff2cee-c2be-4c71-9275-58f9b7c8442f,Irama-Vishal,Irama-Vishal,{},wars-trading-card-game_incursion_irama-vishal
44bb2212-9e78-431d-99e0-3256c23daf08,item,1,0,"{""obverse"": ""wars-trading-card-game_incursion_ivan-mccarr"", ""reverse"": ""wars-trading-card-game_card-back""}","{""name_printed"": ""Ivan McCarr"", ""rarity"": ""Uncommon"", ""type"": ""Character"", ""allegiance"": ""Earther"", ""item_dimensions"": ""{\u0022height\u0022: \u00223.5\u0022, \u0022width\u0022: \u00222.5\u0022, \u0022unit\u0022: \u0022inch\u0022}""}",017cb0cd-aeb7-4c0b-941d-4f48d13f8145,77ff2cee-c2be-4c71-9275-58f9b7c8442f,Ivan McCarr,Ivan McCarr,{},wars-trading-card-game_incursion_ivan-mccarr
be92162e-5ce3-4ecc-824d-37b4b9fee521,item,1,0,"{""obverse"": ""wars-trading-card-game_incursion_jack-wilgress"", ""reverse"": ""wars-trading-card-game_card-back""}","{""name_printed"": ""Jack Wilgress"", ""rarity"": ""Rare"", ""type"": ""Character"", ""allegiance"": ""Maverick"", ""item_dimensions"": ""{\u0022height\u0022: \u00223.5\u0022, \u0022width\u0022: \u00222.5\u0022, \u0022unit\u0022: \u0022inch\u0022}""}",017cb0cd-aeb7-4c0b-941d-4f48d13f8145,77ff2cee-c2be-4c71-9275-58f9b7c8442f,Jack Wilgress,Jack Wilgress,{},wars-trading-card-game_incursion_jack-wilgress
6236cda2-5b57-4484-9c06-76d54b3d72a2,third-party-document,0,0,"{""obverse"": ""wars-trading-card-game_incursion_james-howler"", ""reverse"": ""wars-trading-card-game_card-back""}","{""name_printed"": ""James Howler"", ""rarity"": ""Rare"", ""type"": ""Character"", ""allegiance"": ""Earther"", ""item_dimensions"": ""{\u0022height\u0022: \u00223.5\u0022, \u0022width\u0022: \u00222.5\u0022, \u0022unit\u0022: \u0022inch\u0022}""}",017cb0cd-aeb7-4c0b-941d-4f48d13f8145,77ff2cee-c2be-4c71-9275-58f9b7c8442f,James Howler,James Howler,{},wars-trading-card-game_incursion_james-howler
2e6f46ac-05d8-48df-a67a-dfc22e9ed963,third-party-document,0,0,"{""obverse"": ""wars-trading-card-game_incursion_jet-pack-attack"", ""reverse"": ""wars-trading-card-game_card-back""}","{""name_printed"": ""Jet Pack Attack"", ""rarity"": ""Rare"", ""type"": ""Interrupt"", ""allegiance"": ""Gongen"", ""item_dimensions"": ""{\u0022height\u0022: \u00223.5\u0022, \u0022width\u0022: \u00222.5\u0022, \u0022unit\u0022: \u0022inch\u0022}""}",017cb0cd-aeb7-4c0b-941d-4f48d13f8145,77ff2cee-c2be-4c71-9275-58f9b7c8442f,Jet Pack Attack,Jet Pack Attack,{},wars-trading-card-game_incursion_jet-pack-attack
30c9f5c9-63d3-4cc3-9c2b-3358803f3d60,third-party-document,0,0,"{""obverse"": ""wars-trading-card-game_incursion_jikoku"", ""reverse"": ""wars-trading-card-game_card-back""}","{""name_printed"": ""Jikoku"", ""rarity"": ""Rare"", ""type"": ""Ship"", ""allegiance"": ""Gongen"", ""item_dimensions"": ""{\u0022height\u0022: \u00223.5\u0022, \u0022width\u0022: \u00222.5\u0022, \u0022unit\u0022: \u0022inch\u0022}""}",017cb0cd-aeb7-4c0b-941d-4f48d13f8145,77ff2cee-c2be-4c71-9275-58f9b7c8442f,Jikoku,Jikoku,{},wars-trading-card-game_incursion_jikoku
71780851-e4ad-4da9-a845-e67b9f11c4a1,item,1,0,"{""obverse"": ""wars-trading-card-game_incursion_jikoku-fighter"", ""reverse"": ""wars-trading-card-game_card-back""}","{""name_printed"": ""Jikoku Fighter"", ""rarity"": ""Common"", ""type"": ""Ship"", ""allegiance"": ""Gongen"", ""item_dimensions"": ""{\u0022height\u0022: \u00223.5\u0022, \u0022width\u0022: \u00222.5\u0022, \u0022unit\u0022: \u0022inch\u0022}""}",017cb0cd-aeb7-4c0b-941d-4f48d13f8145,77ff2cee-c2be-4c71-9275-58f9b7c8442f,Jikoku Fighter,Jikoku Fighter,{},wars-trading-card-game_incursion_jikoku-fighter
5b573b6f-6182-40f6-902c-ce04188da1a7,item,1,0,"{""obverse"": ""wars-trading-card-game_incursion_jossel-swin"", ""reverse"": ""wars-trading-card-game_card-back""}","{""name_printed"": ""Jossel Swin"", ""rarity"": ""Fixed"", ""print_finish"": ""Foil"", ""type"": ""Character"", ""item_dimensions"": ""{\u0022height\u0022: \u00223.5\u0022, \u0022width\u0022: \u00222.5\u0022, \u0022unit\u0022: \u0022inch\u0022}""}",017cb0cd-aeb7-4c0b-941d-4f48d13f8145,77ff2cee-c2be-4c71-9275-58f9b7c8442f,Jossel Swin,Jossel Swin,{},wars-trading-card-game_incursion_jossel-swin
e3bbba49-2581-4c23-b9d8-d3223dab11c3,item,1,0,"{""obverse"": ""wars-trading-card-game_incursion_juggernaut-tender"", ""reverse"": ""wars-trading-card-game_card-back""}","{""name_printed"": ""Juggernaut Tender"", ""rarity"": ""Uncommon"", ""type"": ""Ship"", ""allegiance"": ""Earther"", ""item_dimensions"": ""{\u0022height\u0022: \u00223.5\u0022, \u0022width\u0022: \u00222.5\u0022, \u0022unit\u0022: \u0022inch\u0022}""}",017cb0cd-aeb7-4c0b-941d-4f48d13f8145,77ff2cee-c2be-4c71-9275-58f9b7c8442f,Juggernaut Tender,Juggernaut Tender,{},wars-trading-card-game_incursion_juggernaut-tender
5d93ed1a-3477-4cb4-923b-466dca4709f3,item,1,0,"{""obverse"": ""wars-trading-card-game_incursion_junshi"", ""reverse"": ""wars-trading-card-game_card-back""}","{""name_printed"": ""Junshi"", ""rarity"": ""Uncommon"", ""type"": ""Interrupt"", ""allegiance"": ""Gongen"", ""item_dimensions"": ""{\u0022height\u0022: \u00223.5\u0022, \u0022width\u0022: \u00222.5\u0022, \u0022unit\u0022: \u0022inch\u0022}""}",017cb0cd-aeb7-4c0b-941d-4f48d13f8145,77ff2cee-c2be-4c71-9275-58f9b7c8442f,Junshi,Junshi,{},wars-trading-card-game_incursion_junshi
ce707c6a-c57e-4cc3-9692-298f34c5505e,third-party-document,0,0,"{""obverse"": ""wars-trading-card-game_incursion_kano-masako"", ""reverse"": ""wars-trading-card-game_card-back""}","{""name_printed"": ""Kano Masako"", ""rarity"": ""Rare"", ""type"": ""Character"", ""allegiance"": ""Gongen"", ""item_dimensions"": ""{\u0022height\u0022: \u00223.5\u0022, \u0022width\u0022: \u00222.5\u0022, \u0022unit\u0022: \u0022inch\u0022}""}",017cb0cd-aeb7-4c0b-941d-4f48d13f8145,77ff2cee-c2be-4c71-9275-58f9b7c8442f,Kano Masako,Kano Masako,{},wars-trading-card-game_incursion_kano-masako
b8f6152c-67d2-4744-863e-3e49cb9e70ca,item,1,0,"{""obverse"": ""wars-trading-card-game_incursion_katal-dalaka"", ""reverse"": ""wars-trading-card-game_card-back""}","{""name_printed"": ""Katal Dalaka"", ""rarity"": ""Uncommon"", ""type"": ""Weapon"", ""allegiance"": ""Quay"", ""item_dimensions"": ""{\u0022height\u0022: \u00223.5\u0022, \u0022width\u0022: \u00222.5\u0022, \u0022unit\u0022: \u0022inch\u0022}""}",017cb0cd-aeb7-4c0b-941d-4f48d13f8145,77ff2cee-c2be-4c71-9275-58f9b7c8442f,Katal Dalaka,Katal Dalaka,{},wars-trading-card-game_incursion_katal-dalaka
822b79af-9624-4dd1-a59c-b003e736aa5e,item,1,0,"{""obverse"": ""wars-trading-card-game_incursion_katal-inciter"", ""reverse"": ""wars-trading-card-game_card-back""}","{""name_printed"": ""Katal Inciter"", ""rarity"": ""Common"", ""type"": ""Character"", ""allegiance"": ""Quay"", ""item_dimensions"": ""{\u0022height\u0022: \u00223.5\u0022, \u0022width\u0022: \u00222.5\u0022, \u0022unit\u0022: \u0022inch\u0022}""}",017cb0cd-aeb7-4c0b-941d-4f48d13f8145,77ff2cee-c2be-4c71-9275-58f9b7c8442f,Katal Inciter,Katal Inciter,{},wars-trading-card-game_incursion_katal-inciter
9216b580-de91-471c-af59-37ef60fc0557,third-party-document,0,0,"{""obverse"": ""wars-trading-card-game_incursion_katal-life-ship"", ""reverse"": ""wars-trading-card-game_card-back""}","{""name_printed"": ""Katal Life Ship"", ""rarity"": ""Rare"", ""type"": ""Ship"", ""allegiance"": ""Quay"", ""item_dimensions"": ""{\u0022height\u0022: \u00223.5\u0022, \u0022width\u0022: \u00222.5\u0022, \u0022unit\u0022: \u0022inch\u0022}""}",017cb0cd-aeb7-4c0b-941d-4f48d13f8145,77ff2cee-c2be-4c71-9275-58f9b7c8442f,Katal Life Ship,Katal Life Ship,{},wars-trading-card-game_incursion_katal-life-ship
86de9483-1d0d-4596-987f-74d2401d093c,third-party-document,0,0,"{""obverse"": ""wars-trading-card-game_incursion_kayaldi"", ""reverse"": ""wars-trading-card-game_card-back""}","{""name_printed"": ""Kayaldi"", ""rarity"": ""Rare"", ""type"": ""Character"", ""allegiance"": ""Quay"", ""item_dimensions"": ""{\u0022height\u0022: \u00223.5\u0022, \u0022width\u0022: \u00222.5\u0022, \u0022unit\u0022: \u0022inch\u0022}""}",017cb0cd-aeb7-4c0b-941d-4f48d13f8145,77ff2cee-c2be-4c71-9275-58f9b7c8442f,Kayaldi,Kayaldi,{},wars-trading-card-game_incursion_kayaldi
965c2980-ad3a-4fd8-af6a-1f9e3d02c434,item,1,0,"{""obverse"": ""wars-trading-card-game_incursion_kizen-sentinel"", ""reverse"": ""wars-trading-card-game_card-back""}","{""name_printed"": ""Kizen Sentinel"", ""rarity"": ""Common"", ""type"": ""Character"", ""allegiance"": ""Shi"", ""item_dimensions"": ""{\u0022height\u0022: \u00223.5\u0022, \u0022width\u0022: \u00222.5\u0022, \u0022unit\u0022: \u0022inch\u0022}""}",017cb0cd-aeb7-4c0b-941d-4f48d13f8145,77ff2cee-c2be-4c71-9275-58f9b7c8442f,Kizen Sentinel,Kizen Sentinel,{},wars-trading-card-game_incursion_kizen-sentinel
3d2789f5-51b3-493e-986a-9eb3eab157af,item,1,0,"{""obverse"": ""wars-trading-card-game_incursion_komoku"", ""reverse"": ""wars-trading-card-game_card-back""}","{""name_printed"": ""Komoku"", ""rarity"": ""Common"", ""type"": ""Ship"", ""allegiance"": ""Gongen"", ""item_dimensions"": ""{\u0022height\u0022: \u00223.5\u0022, \u0022width\u0022: \u00222.5\u0022, \u0022unit\u0022: \u0022inch\u0022}""}",017cb0cd-aeb7-4c0b-941d-4f48d13f8145,77ff2cee-c2be-4c71-9275-58f9b7c8442f,Komoku,Komoku,{},wars-trading-card-game_incursion_komoku
92f1738f-f587-4a0f-9a84-b7561b1052e4,third-party-document,0,0,"{""obverse"": ""wars-trading-card-game_incursion_komoku-fighter"", ""reverse"": ""wars-trading-card-game_card-back""}","{""name_printed"": ""Komoku Fighter"", ""rarity"": ""Rare"", ""type"": ""Ship"", ""allegiance"": ""Gongen"", ""item_dimensions"": ""{\u0022height\u0022: \u00223.5\u0022, \u0022width\u0022: \u00222.5\u0022, \u0022unit\u0022: \u0022inch\u0022}""}",017cb0cd-aeb7-4c0b-941d-4f48d13f8145,77ff2cee-c2be-4c71-9275-58f9b7c8442f,Komoku Fighter,Komoku Fighter,{},wars-trading-card-game_incursion_komoku-fighter
369e9a72-39ed-42e2-a2f9-4acf839fbe8c,item,1,0,"{""obverse"": ""wars-trading-card-game_incursion_kucha"", ""reverse"": ""wars-trading-card-game_card-back""}","{""name_printed"": ""Kucha"", ""rarity"": ""Uncommon"", ""type"": ""Character"", ""allegiance"": ""Quay"", ""item_dimensions"": ""{\u0022height\u0022: \u00223.5\u0022, \u0022width\u0022: \u00222.5\u0022, \u0022unit\u0022: \u0022inch\u0022}""}",017cb0cd-aeb7-4c0b-941d-4f48d13f8145,77ff2cee-c2be-4c71-9275-58f9b7c8442f,Kucha,Kucha,{},wars-trading-card-game_incursion_kucha
67b242bd-8dd7-400b-9634-6094cd6b3fca,item,1,0,"{""obverse"": ""wars-trading-card-game_incursion_kujiko-torako"", ""reverse"": ""wars-trading-card-game_card-back""}","{""name_printed"": ""Kujiko Torako"", ""rarity"": ""Fixed"", ""print_finish"": ""Foil"", ""type"": ""Character"", ""item_dimensions"": ""{\u0022height\u0022: \u00223.5\u0022, \u0022width\u0022: \u00222.5\u0022, \u0022unit\u0022: \u0022inch\u0022}""}",017cb0cd-aeb7-4c0b-941d-4f48d13f8145,77ff2cee-c2be-4c71-9275-58f9b7c8442f,Kujiko Torako,Kujiko Torako,{},wars-trading-card-game_incursion_kujiko-torako
f6d1af23-b239-4238-95a6-d9a35285a5c2,third-party-document,0,0,"{""obverse"": ""wars-trading-card-game_incursion_kulak"", ""reverse"": ""wars-trading-card-game_card-back""}","{""name_printed"": ""Kulak"", ""rarity"": ""Rare"", ""type"": ""Character"", ""allegiance"": ""Quay"", ""item_dimensions"": ""{\u0022height\u0022: \u00223.5\u0022, \u0022width\u0022: \u00222.5\u0022, \u0022unit\u0022: \u0022inch\u0022}""}",017cb0cd-aeb7-4c0b-941d-4f48d13f8145,77ff2cee-c2be-4c71-9275-58f9b7c8442f,Kulak,Kulak,{},wars-trading-card-game_incursion_kulak
a1ba26bf-98c6-41ec-b702-46c411ee8d66,item,1,0,"{""obverse"": ""wars-trading-card-game_incursion_lauded-flyer"", ""reverse"": ""wars-trading-card-game_card-back""}","{""name_printed"": ""Lauded Flyer"", ""rarity"": ""Common"", ""type"": ""Character"", ""allegiance"": ""Maverick"", ""item_dimensions"": ""{\u0022height\u0022: \u00223.5\u0022, \u0022width\u0022: \u00222.5\u0022, \u0022unit\u0022: \u0022inch\u0022}""}",017cb0cd-aeb7-4c0b-941d-4f48d13f8145,77ff2cee-c2be-4c71-9275-58f9b7c8442f,Lauded Flyer,Lauded Flyer,{},wars-trading-card-game_incursion_lauded-flyer
19821929-d81e-4d21-a3e8-5279c9878e9a,item,1,0,"{""obverse"": ""wars-trading-card-game_incursion_level-ii-guru"", ""reverse"": ""wars-trading-card-game_card-back""}","{""name_printed"": ""Level II Guru"", ""rarity"": ""Common"", ""type"": ""Character"", ""allegiance"": ""Earther"", ""item_dimensions"": ""{\u0022height\u0022: \u00223.5\u0022, \u0022width\u0022: \u00222.5\u0022, \u0022unit\u0022: \u0022inch\u0022}""}",017cb0cd-aeb7-4c0b-941d-4f48d13f8145,77ff2cee-c2be-4c71-9275-58f9b7c8442f,Level II Guru,Level II Guru,{},wars-trading-card-game_incursion_level-ii-guru
4b9cfbba-f44b-4bf4-b2ff-3637299dabd2,item,1,0,"{""obverse"": ""wars-trading-card-game_incursion_longbow-missile-27-b"", ""reverse"": ""wars-trading-card-game_card-back""}","{""name_printed"": ""LongBow Missile 27-B"", ""rarity"": ""Uncommon"", ""type"": ""Weapon"", ""allegiance"": ""Earther"", ""item_dimensions"": ""{\u0022height\u0022: \u00223.5\u0022, \u0022width\u0022: \u00222.5\u0022, \u0022unit\u0022: \u0022inch\u0022}""}",017cb0cd-aeb7-4c0b-941d-4f48d13f8145,77ff2cee-c2be-4c71-9275-58f9b7c8442f,LongBow Missile 27-B,LongBow Missile 27-B,{},wars-trading-card-game_incursion_longbow-missile-27-b
6f183259-5634-4aa7-95d9-8f5bbd2830e1,item,1,0,"{""obverse"": ""wars-trading-card-game_incursion_loremaster-[foil]"", ""reverse"": ""wars-trading-card-game_card-back""}","{""name_printed"": ""Loremaster"", ""variant_disambiguator"": ""Foil"", ""rarity"": ""Ultra Rare"", ""print_finish"": ""Foil"", ""type"": ""Character"", ""item_dimensions"": ""{\u0022height\u0022: \u00223.5\u0022, \u0022width\u0022: \u00222.5\u0022, \u0022unit\u0022: \u0022inch\u0022}""}",017cb0cd-aeb7-4c0b-941d-4f48d13f8145,77ff2cee-c2be-4c71-9275-58f9b7c8442f,Loremaster,Loremaster [Foil],{},wars-trading-card-game_incursion_loremaster-[foil]
4d79b89e-5878-427f-ab68-0bd4c407f457,third-party-document,0,0,"{""obverse"": ""wars-trading-card-game_incursion_loremaster-[non-foil]"", ""reverse"": ""wars-trading-card-game_card-back""}","{""name_printed"": ""Loremaster"", ""variant_disambiguator"": ""Non-Foil"", ""rarity"": ""Uncommon"", ""print_finish"": ""Non-Foil"", ""type"": ""Character"", ""allegiance"": ""Gongen"", ""item_dimensions"": ""{\u0022height\u0022: \u00223.5\u0022, \u0022width\u0022: \u00222.5\u0022, \u0022unit\u0022: \u0022inch\u0022}""}",017cb0cd-aeb7-4c0b-941d-4f48d13f8145,77ff2cee-c2be-4c71-9275-58f9b7c8442f,Loremaster,Loremaster [Non-Foil],{},wars-trading-card-game_incursion_loremaster-[non-foil]
430acc32-d03a-46ae-b9ed-f8c3a6592ed7,item,1,0,"{""obverse"": ""wars-trading-card-game_incursion_luhus-commander"", ""reverse"": ""wars-trading-card-game_card-back""}","{""name_printed"": ""Luhus Commander"", ""rarity"": ""Common"", ""type"": ""Character"", ""allegiance"": ""Quay"", ""item_dimensions"": ""{\u0022height\u0022: \u00223.5\u0022, \u0022width\u0022: \u00222.5\u0022, \u0022unit\u0022: \u0022inch\u0022}""}",017cb0cd-aeb7-4c0b-941d-4f48d13f8145,77ff2cee-c2be-4c71-9275-58f9b7c8442f,Luhus Commander,Luhus Commander,{},wars-trading-card-game_incursion_luhus-commander
b01c3ee0-de30-4ffa-8ab5-54ab1b0ba823,item,1,0,"{""obverse"": ""wars-trading-card-game_incursion_luhus-dalaka"", ""reverse"": ""wars-trading-card-game_card-back""}","{""name_printed"": ""Luhus Dalaka"", ""rarity"": ""Common"", ""type"": ""Weapon"", ""allegiance"": ""Quay"", ""item_dimensions"": ""{\u0022height\u0022: \u00223.5\u0022, \u0022width\u0022: \u00222.5\u0022, \u0022unit\u0022: \u0022inch\u0022}""}",017cb0cd-aeb7-4c0b-941d-4f48d13f8145,77ff2cee-c2be-4c71-9275-58f9b7c8442f,Luhus Dalaka,Luhus Dalaka,{},wars-trading-card-game_incursion_luhus-dalaka
efd3068c-582d-4765-a45d-4d7563379f87,item,1,0,"{""obverse"": ""wars-trading-card-game_incursion_luhus-mauler"", ""reverse"": ""wars-trading-card-game_card-back""}","{""name_printed"": ""Luhus Mauler"", ""rarity"": ""Common"", ""type"": ""Character"", ""allegiance"": ""Quay"", ""item_dimensions"": ""{\u0022height\u0022: \u00223.5\u0022, \u0022width\u0022: \u00222.5\u0022, \u0022unit\u0022: \u0022inch\u0022}""}",017cb0cd-aeb7-4c0b-941d-4f48d13f8145,77ff2cee-c2be-4c71-9275-58f9b7c8442f,Luhus Mauler,Luhus Mauler,{},wars-trading-card-game_incursion_luhus-mauler
db74a58f-a6e2-4978-bc4e-839fda80e8fb,third-party-document,0,0,"{""obverse"": ""wars-trading-card-game_incursion_luhustika"", ""reverse"": ""wars-trading-card-game_card-back""}","{""name_printed"": ""Luhustika"", ""rarity"": ""Rare"", ""type"": ""Ship"", ""allegiance"": ""Quay"", ""item_dimensions"": ""{\u0022height\u0022: \u00223.5\u0022, \u0022width\u0022: \u00222.5\u0022, \u0022unit\u0022: \u0022inch\u0022}""}",017cb0cd-aeb7-4c0b-941d-4f48d13f8145,77ff2cee-c2be-4c71-9275-58f9b7c8442f,Luhustika,Luhustika,{},wars-trading-card-game_incursion_luhustika
2fc03919-48b9-4f78-85f6-9bddb339a191,item,1,0,"{""obverse"": ""wars-trading-card-game_incursion_luna-garrison-fighter"", ""reverse"": ""wars-trading-card-game_card-back""}","{""name_printed"": ""Luna Garrison Fighter"", ""rarity"": ""Common"", ""type"": ""Ship"", ""allegiance"": ""Earther"", ""item_dimensions"": ""{\u0022height\u0022: \u00223.5\u0022, \u0022width\u0022: \u00222.5\u0022, \u0022unit\u0022: \u0022inch\u0022}""}",017cb0cd-aeb7-4c0b-941d-4f48d13f8145,77ff2cee-c2be-4c71-9275-58f9b7c8442f,Luna Garrison Fighter,Luna Garrison Fighter,{},wars-trading-card-game_incursion_luna-garrison-fighter
0c51ebe0-268b-45d9-8d24-ea73482ad460,third-party-document,0,0,"{""obverse"": ""wars-trading-card-game_incursion_luna-military-outpost"", ""reverse"": ""wars-trading-card-game_card-back""}","{""name_printed"": ""Luna/Military Outpost"", ""rarity"": ""Uncommon"", ""type"": ""Location"", ""item_dimensions"": ""{\u0022height\u0022: \u00223.5\u0022, \u0022width\u0022: \u00222.5\u0022, \u0022unit\u0022: \u0022inch\u0022}""}",017cb0cd-aeb7-4c0b-941d-4f48d13f8145,77ff2cee-c2be-4c71-9275-58f9b7c8442f,Luna/Military Outpost,Luna/Military Outpost,{},wars-trading-card-game_incursion_luna-military-outpost
f5bf3fcf-f9a6-4911-a9cd-d298c5302203,third-party-document,0,0,"{""obverse"": ""wars-trading-card-game_incursion_m44-heavy-plasma-gun"", ""reverse"": ""wars-trading-card-game_card-back""}","{""name_printed"": ""M44 Heavy Plasma Gun"", ""rarity"": ""Rare"", ""type"": ""Weapon"", ""allegiance"": ""Maverick"", ""item_dimensions"": ""{\u0022height\u0022: \u00223.5\u0022, \u0022width\u0022: \u00222.5\u0022, \u0022unit\u0022: \u0022inch\u0022}""}",017cb0cd-aeb7-4c0b-941d-4f48d13f8145,77ff2cee-c2be-4c71-9275-58f9b7c8442f,M44 Heavy Plasma Gun,M44 Heavy Plasma Gun,{},wars-trading-card-game_incursion_m44-heavy-plasma-gun
4816bb61-c1da-450e-bc87-3ba73694b523,item,1,0,"{""obverse"": ""wars-trading-card-game_incursion_makal-claw-beast"", ""reverse"": ""wars-trading-card-game_card-back""}","{""name_printed"": ""Makal Claw Beast"", ""rarity"": ""Common"", ""type"": ""Character"", ""allegiance"": ""Quay"", ""item_dimensions"": ""{\u0022height\u0022: \u00223.5\u0022, \u0022width\u0022: \u00222.5\u0022, \u0022unit\u0022: \u0022inch\u0022}""}",017cb0cd-aeb7-4c0b-941d-4f48d13f8145,77ff2cee-c2be-4c71-9275-58f9b7c8442f,Makal Claw Beast,Makal Claw Beast,{},wars-trading-card-game_incursion_makal-claw-beast
20b58261-ddc2-4a56-89f6-2b9f08be8c9d,item,1,0,"{""obverse"": ""wars-trading-card-game_incursion_makal-dalaka"", ""reverse"": ""wars-trading-card-game_card-back""}","{""name_printed"": ""Makal Dalaka"", ""rarity"": ""Common"", ""type"": ""Weapon"", ""allegiance"": ""Quay"", ""item_dimensions"": ""{\u0022height\u0022: \u00223.5\u0022, \u0022width\u0022: \u00222.5\u0022, \u0022unit\u0022: \u0022inch\u0022}""}",017cb0cd-aeb7-4c0b-941d-4f48d13f8145,77ff2cee-c2be-4c71-9275-58f9b7c8442f,Makal Dalaka,Makal Dalaka,{},wars-trading-card-game_incursion_makal-dalaka
8916abab-3cd5-4c5e-93ec-df5fccfdb3f1,item,1,0,"{""obverse"": ""wars-trading-card-game_incursion_makal-shrieker"", ""reverse"": ""wars-trading-card-game_card-back""}","{""name_printed"": ""Makal Shrieker"", ""rarity"": ""Common"", ""type"": ""Character"", ""allegiance"": ""Quay"", ""item_dimensions"": ""{\u0022height\u0022: \u00223.5\u0022, \u0022width\u0022: \u00222.5\u0022, \u0022unit\u0022: \u0022inch\u0022}""}",017cb0cd-aeb7-4c0b-941d-4f48d13f8145,77ff2cee-c2be-4c71-9275-58f9b7c8442f,Makal Shrieker,Makal Shrieker,{},wars-trading-card-game_incursion_makal-shrieker
9be2d3d3-f082-4fb3-9fd3-a8c4f62d9dbf,item,1,0,"{""obverse"": ""wars-trading-card-game_incursion_makaltika"", ""reverse"": ""wars-trading-card-game_card-back""}","{""name_printed"": ""Makaltika"", ""rarity"": ""Uncommon"", ""type"": ""Ship"", ""allegiance"": ""Quay"", ""item_dimensions"": ""{\u0022height\u0022: \u00223.5\u0022, \u0022width\u0022: \u00222.5\u0022, \u0022unit\u0022: \u0022inch\u0022}""}",017cb0cd-aeb7-4c0b-941d-4f48d13f8145,77ff2cee-c2be-4c71-9275-58f9b7c8442f,Makaltika,Makaltika,{},wars-trading-card-game_incursion_makaltika
bba49e92-3907-4624-8748-6c36b58e704c,third-party-document,0,0,"{""obverse"": ""wars-trading-card-game_incursion_mark-of-the-kami"", ""reverse"": ""wars-trading-card-game_card-back""}","{""name_printed"": ""Mark of the Kami"", ""rarity"": ""Rare"", ""type"": ""Asset"", ""allegiance"": ""Gongen"", ""item_dimensions"": ""{\u0022height\u0022: \u00223.5\u0022, \u0022width\u0022: \u00222.5\u0022, \u0022unit\u0022: \u0022inch\u0022}""}",017cb0cd-aeb7-4c0b-941d-4f48d13f8145,77ff2cee-c2be-4c71-9275-58f9b7c8442f,Mark of the Kami,Mark of the Kami,{},wars-trading-card-game_incursion_mark-of-the-kami
fa0ee1d2-620e-486d-b407-0f838a465964,third-party-document,0,0,"{""obverse"": ""wars-trading-card-game_incursion_mark-of-the-kami-(foil)"", ""reverse"": ""wars-trading-card-game_card-back""}","{""name_printed"": ""Mark of the Kami"", ""functional_disambiguator"": ""Foil"", ""rarity"": ""Ultra Rare"", ""print_finish"": ""Foil"", ""type"": ""Asset"", ""item_dimensions"": ""{\u0022height\u0022: \u00223.5\u0022, \u0022width\u0022: \u00222.5\u0022, \u0022unit\u0022: \u0022inch\u0022}""}",017cb0cd-aeb7-4c0b-941d-4f48d13f8145,77ff2cee-c2be-4c71-9275-58f9b7c8442f,Mark of the Kami (Foil),Mark of the Kami (Foil),{},wars-trading-card-game_incursion_mark-of-the-kami-(foil)
0442f4f6-9a70-40dd-924a-9edc96e3c063,item,1,0,"{""obverse"": ""wars-trading-card-game_incursion_martial-interrogation"", ""reverse"": ""wars-trading-card-game_card-back""}","{""name_printed"": ""Martial Interrogation"", ""rarity"": ""Common"", ""type"": ""Interrupt"", ""allegiance"": ""Shi"", ""item_dimensions"": ""{\u0022height\u0022: \u00223.5\u0022, \u0022width\u0022: \u00222.5\u0022, \u0022unit\u0022: \u0022inch\u0022}""}",017cb0cd-aeb7-4c0b-941d-4f48d13f8145,77ff2cee-c2be-4c71-9275-58f9b7c8442f,Martial Interrogation,Martial Interrogation,{},wars-trading-card-game_incursion_martial-interrogation
a79a37e2-a21c-4c11-8a84-9a111652afff,item,1,0,"{""obverse"": ""wars-trading-card-game_incursion_maverick-bot"", ""reverse"": ""wars-trading-card-game_card-back""}","{""name_printed"": ""Maverick Bot"", ""rarity"": ""Uncommon"", ""type"": ""Character"", ""allegiance"": ""Independent"", ""item_dimensions"": ""{\u0022height\u0022: \u00223.5\u0022, \u0022width\u0022: \u00222.5\u0022, \u0022unit\u0022: \u0022inch\u0022}""}",017cb0cd-aeb7-4c0b-941d-4f48d13f8145,77ff2cee-c2be-4c71-9275-58f9b7c8442f,Maverick Bot,Maverick Bot,{},wars-trading-card-game_incursion_maverick-bot
7e7e1e77-b2a2-4ef4-96d9-ab8700e708c2,third-party-document,0,0,"{""obverse"": ""wars-trading-card-game_incursion_mechanic's-grip"", ""reverse"": ""wars-trading-card-game_card-back""}","{""name_printed"": ""Mechanic's Grip"", ""rarity"": ""Rare"", ""type"": ""Order"", ""allegiance"": ""Maverick"", ""item_dimensions"": ""{\u0022height\u0022: \u00223.5\u0022, \u0022width\u0022: \u00222.5\u0022, \u0022unit\u0022: \u0022inch\u0022}""}",017cb0cd-aeb7-4c0b-941d-4f48d13f8145,77ff2cee-c2be-4c71-9275-58f9b7c8442f,Mechanic's Grip,Mechanic's Grip,{},wars-trading-card-game_incursion_mechanic's-grip
279ded43-9bd2-4baf-a845-31ff061a95f3,third-party-document,0,0,"{""obverse"": ""wars-trading-card-game_incursion_mechanic's-grip-(foil)"", ""reverse"": ""wars-trading-card-game_card-back""}","{""name_printed"": ""Mechanic's Grip"", ""functional_disambiguator"": ""Foil"", ""rarity"": ""Ultra Rare"", ""print_finish"": ""Foil"", ""type"": ""Order"", ""item_dimensions"": ""{\u0022height\u0022: \u00223.5\u0022, \u0022width\u0022: \u00222.5\u0022, \u0022unit\u0022: \u0022inch\u0022}""}",017cb0cd-aeb7-4c0b-941d-4f48d13f8145,77ff2cee-c2be-4c71-9275-58f9b7c8442f,Mechanic's Grip (Foil),Mechanic's Grip (Foil),{},wars-trading-card-game_incursion_mechanic's-grip-(foil)
2bcdb145-d118-4662-8482-c03eba4e3824,third-party-document,0,0,"{""obverse"": ""wars-trading-card-game_incursion_meditation"", ""reverse"": ""wars-trading-card-game_card-back""}","{""name_printed"": ""Meditation"", ""rarity"": ""Rare"", ""type"": ""Asset"", ""allegiance"": ""Gongen"", ""item_dimensions"": ""{\u0022height\u0022: \u00223.5\u0022, \u0022width\u0022: \u00222.5\u0022, \u0022unit\u0022: \u0022inch\u0022}""}",017cb0cd-aeb7-4c0b-941d-4f48d13f8145,77ff2cee-c2be-4c71-9275-58f9b7c8442f,Meditation,Meditation,{},wars-trading-card-game_incursion_meditation
8b3a3665-d319-4824-96c1-c28ad64c0f4d,third-party-document,0,0,"{""obverse"": ""wars-trading-card-game_incursion_mercurial"", ""reverse"": ""wars-trading-card-game_card-back""}","{""name_printed"": ""Mercurial"", ""rarity"": ""Rare"", ""type"": ""Asset"", ""allegiance"": ""Maverick"", ""item_dimensions"": ""{\u0022height\u0022: \u00223.5\u0022, \u0022width\u0022: \u00222.5\u0022, \u0022unit\u0022: \u0022inch\u0022}""}",017cb0cd-aeb7-4c0b-941d-4f48d13f8145,77ff2cee-c2be-4c71-9275-58f9b7c8442f,Mercurial,Mercurial,{},wars-trading-card-game_incursion_mercurial
d74aca46-f93a-4839-b9ea-fafde0f66370,item,1,0,"{""obverse"": ""wars-trading-card-game_incursion_mercury-untapped-planet"", ""reverse"": ""wars-trading-card-game_card-back""}","{""name_printed"": ""Mercury/Untapped Planet"", ""rarity"": ""Uncommon"", ""type"": ""Location"", ""item_dimensions"": ""{\u0022height\u0022: \u00223.5\u0022, \u0022width\u0022: \u00222.5\u0022, \u0022unit\u0022: \u0022inch\u0022}""}",017cb0cd-aeb7-4c0b-941d-4f48d13f8145,77ff2cee-c2be-4c71-9275-58f9b7c8442f,Mercury/Untapped Planet,Mercury/Untapped Planet,{},wars-trading-card-game_incursion_mercury-untapped-planet
a5538230-7dc2-4964-94ab-2ee20fdd81eb,item,1,0,"{""obverse"": ""wars-trading-card-game_incursion_metamorphose"", ""reverse"": ""wars-trading-card-game_card-back""}","{""name_printed"": ""Metamorphose"", ""rarity"": ""Common"", ""type"": ""Asset"", ""allegiance"": ""Shi"", ""item_dimensions"": ""{\u0022height\u0022: \u00223.5\u0022, \u0022width\u0022: \u00222.5\u0022, \u0022unit\u0022: \u0022inch\u0022}""}",017cb0cd-aeb7-4c0b-941d-4f48d13f8145,77ff2cee-c2be-4c71-9275-58f9b7c8442f,Metamorphose,Metamorphose,{},wars-trading-card-game_incursion_metamorphose
d688b5e2-4a40-4be1-bb4f-7511c777815a,item,1,0,"{""obverse"": ""wars-trading-card-game_incursion_minefield"", ""reverse"": ""wars-trading-card-game_card-back""}","{""name_printed"": ""Minefield"", ""rarity"": ""Common"", ""type"": ""Asset"", ""allegiance"": ""Gongen"", ""item_dimensions"": ""{\u0022height\u0022: \u00223.5\u0022, \u0022width\u0022: \u00222.5\u0022, \u0022unit\u0022: \u0022inch\u0022}""}",017cb0cd-aeb7-4c0b-941d-4f48d13f8145,77ff2cee-c2be-4c71-9275-58f9b7c8442f,Minefield,Minefield,{},wars-trading-card-game_incursion_minefield
e8fc6e4c-dedc-450a-9d3b-39a4174c16b8,item,1,0,"{""obverse"": ""wars-trading-card-game_incursion_misty-miller"", ""reverse"": ""wars-trading-card-game_card-back""}","{""name_printed"": ""Misty Miller"", ""rarity"": ""Uncommon"", ""type"": ""Character"", ""allegiance"": ""Maverick"", ""item_dimensions"": ""{\u0022height\u0022: \u00223.5\u0022, \u0022width\u0022: \u00222.5\u0022, \u0022unit\u0022: \u0022inch\u0022}""}",017cb0cd-aeb7-4c0b-941d-4f48d13f8145,77ff2cee-c2be-4c71-9275-58f9b7c8442f,Misty Miller,Misty Miller,{},wars-trading-card-game_incursion_misty-miller
9c526e7b-7471-42b1-9a30-6ef051a59fdd,item,1,0,"{""obverse"": ""wars-trading-card-game_incursion_modded-type-iv"", ""reverse"": ""wars-trading-card-game_card-back""}","{""name_printed"": ""Modded Type IV"", ""rarity"": ""Common"", ""type"": ""Ship"", ""allegiance"": ""Maverick"", ""item_dimensions"": ""{\u0022height\u0022: \u00223.5\u0022, \u0022width\u0022: \u00222.5\u0022, \u0022unit\u0022: \u0022inch\u0022}""}",017cb0cd-aeb7-4c0b-941d-4f48d13f8145,77ff2cee-c2be-4c71-9275-58f9b7c8442f,Modded Type IV,Modded Type IV,{},wars-trading-card-game_incursion_modded-type-iv
1a38ec46-7471-4616-ae02-d7b746000867,third-party-document,0,0,"{""obverse"": ""wars-trading-card-game_incursion_modular-transport"", ""reverse"": ""wars-trading-card-game_card-back""}","{""name_printed"": ""Modular Transport"", ""rarity"": ""Rare"", ""type"": ""Ship"", ""allegiance"": ""Maverick"", ""item_dimensions"": ""{\u0022height\u0022: \u00223.5\u0022, \u0022width\u0022: \u00222.5\u0022, \u0022unit\u0022: \u0022inch\u0022}""}",017cb0cd-aeb7-4c0b-941d-4f48d13f8145,77ff2cee-c2be-4c71-9275-58f9b7c8442f,Modular Transport,Modular Transport,{},wars-trading-card-game_incursion_modular-transport
eb64b588-d014-4e1f-bd42-72a1a77fec9e,third-party-document,0,0,"{""obverse"": ""wars-trading-card-game_incursion_much-admired"", ""reverse"": ""wars-trading-card-game_card-back""}","{""name_printed"": ""Much Admired"", ""rarity"": ""Rare"", ""type"": ""Asset"", ""allegiance"": ""Gongen"", ""item_dimensions"": ""{\u0022height\u0022: \u00223.5\u0022, \u0022width\u0022: \u00222.5\u0022, \u0022unit\u0022: \u0022inch\u0022}""}",017cb0cd-aeb7-4c0b-941d-4f48d13f8145,77ff2cee-c2be-4c71-9275-58f9b7c8442f,Much Admired,Much Admired,{},wars-trading-card-game_incursion_much-admired
82563dc8-bfb3-4119-bce1-d25f65483a9e,item,1,0,"{""obverse"": ""wars-trading-card-game_incursion_natural-talent"", ""reverse"": ""wars-trading-card-game_card-back""}","{""name_printed"": ""Natural Talent"", ""rarity"": ""Uncommon"", ""type"": ""Asset"", ""allegiance"": ""Quay"", ""item_dimensions"": ""{\u0022height\u0022: \u00223.5\u0022, \u0022width\u0022: \u00222.5\u0022, \u0022unit\u0022: \u0022inch\u0022}""}",017cb0cd-aeb7-4c0b-941d-4f48d13f8145,77ff2cee-c2be-4c71-9275-58f9b7c8442f,Natural Talent,Natural Talent,{},wars-trading-card-game_incursion_natural-talent
05134482-0791-44cc-b120-8bf4db1ead8d,item,1,0,"{""obverse"": ""wars-trading-card-game_incursion_nimble-jockey"", ""reverse"": ""wars-trading-card-game_card-back""}","{""name_printed"": ""Nimble Jockey"", ""rarity"": ""Common"", ""type"": ""Character"", ""allegiance"": ""Maverick"", ""item_dimensions"": ""{\u0022height\u0022: \u00223.5\u0022, \u0022width\u0022: \u00222.5\u0022, \u0022unit\u0022: \u0022inch\u0022}""}",017cb0cd-aeb7-4c0b-941d-4f48d13f8145,77ff2cee-c2be-4c71-9275-58f9b7c8442f,Nimble Jockey,Nimble Jockey,{},wars-trading-card-game_incursion_nimble-jockey
dc3b1b7a-a7b3-4492-a09d-495776f22409,third-party-document,0,0,"{""obverse"": ""wars-trading-card-game_incursion_no-bot-battle-sword"", ""reverse"": ""wars-trading-card-game_card-back""}","{""name_printed"": ""No-Bot Battle Sword"", ""rarity"": ""Rare"", ""type"": ""Weapon"", ""allegiance"": ""Gongen"", ""item_dimensions"": ""{\u0022height\u0022: \u00223.5\u0022, \u0022width\u0022: \u00222.5\u0022, \u0022unit\u0022: \u0022inch\u0022}""}",017cb0cd-aeb7-4c0b-941d-4f48d13f8145,77ff2cee-c2be-4c71-9275-58f9b7c8442f,No-Bot Battle Sword,No-Bot Battle Sword,{},wars-trading-card-game_incursion_no-bot-battle-sword
fb0b1b9d-5869-477c-ba98-96fa6e0136f0,third-party-document,0,0,"{""obverse"": ""wars-trading-card-game_incursion_not-easily-taken"", ""reverse"": ""wars-trading-card-game_card-back""}","{""name_printed"": ""Not Easily Taken"", ""rarity"": ""Rare"", ""type"": ""Asset"", ""allegiance"": ""Gongen"", ""item_dimensions"": ""{\u0022height\u0022: \u00223.5\u0022, \u0022width\u0022: \u00222.5\u0022, \u0022unit\u0022: \u0022inch\u0022}""}",017cb0cd-aeb7-4c0b-941d-4f48d13f8145,77ff2cee-c2be-4c71-9275-58f9b7c8442f,Not Easily Taken,Not Easily Taken,{},wars-trading-card-game_incursion_not-easily-taken
29e61ecb-ed25-4f93-a8be-37b13112d422,third-party-document,0,0,"{""obverse"": ""wars-trading-card-game_incursion_ominous-presence"", ""reverse"": ""wars-trading-card-game_card-back""}","{""name_printed"": ""Ominous Presence"", ""rarity"": ""Rare"", ""type"": ""Asset"", ""allegiance"": ""Shi"", ""item_dimensions"": ""{\u0022height\u0022: \u00223.5\u0022, \u0022width\u0022: \u00222.5\u0022, \u0022unit\u0022: \u0022inch\u0022}""}",017cb0cd-aeb7-4c0b-941d-4f48d13f8145,77ff2cee-c2be-4c71-9275-58f9b7c8442f,Ominous Presence,Ominous Presence,{},wars-trading-card-game_incursion_ominous-presence
dad34620-c73c-47d0-bbba-eaa16ddd0b31,item,1,0,"{""obverse"": ""wars-trading-card-game_incursion_opulent-transport"", ""reverse"": ""wars-trading-card-game_card-back""}","{""name_printed"": ""Opulent Transport"", ""rarity"": ""Common"", ""type"": ""Ship"", ""allegiance"": ""Independent"", ""item_dimensions"": ""{\u0022height\u0022: \u00223.5\u0022, \u0022width\u0022: \u00222.5\u0022, \u0022unit\u0022: \u0022inch\u0022}""}",017cb0cd-aeb7-4c0b-941d-4f48d13f8145,77ff2cee-c2be-4c71-9275-58f9b7c8442f,Opulent Transport,Opulent Transport,{},wars-trading-card-game_incursion_opulent-transport
c9d125a6-4170-4296-877b-a5c069c12aed,item,1,0,"{""obverse"": ""wars-trading-card-game_incursion_orbital-bombardment"", ""reverse"": ""wars-trading-card-game_card-back""}","{""name_printed"": ""Orbital Bombardment"", ""rarity"": ""Uncommon"", ""type"": ""Asset"", ""allegiance"": ""Earther"", ""item_dimensions"": ""{\u0022height\u0022: \u00223.5\u0022, \u0022width\u0022: \u00222.5\u0022, \u0022unit\u0022: \u0022inch\u0022}""}",017cb0cd-aeb7-4c0b-941d-4f48d13f8145,77ff2cee-c2be-4c71-9275-58f9b7c8442f,Orbital Bombardment,Orbital Bombardment,{},wars-trading-card-game_incursion_orbital-bombardment
38af6b7e-18a0-443d-9099-c1ac5f5a3448,item,1,0,"{""obverse"": ""wars-trading-card-game_incursion_orbital-coverage"", ""reverse"": ""wars-trading-card-game_card-back""}","{""name_printed"": ""Orbital Coverage"", ""rarity"": ""Uncommon"", ""type"": ""Asset"", ""allegiance"": ""Earther"", ""item_dimensions"": ""{\u0022height\u0022: \u00223.5\u0022, \u0022width\u0022: \u00222.5\u0022, \u0022unit\u0022: \u0022inch\u0022}""}",017cb0cd-aeb7-4c0b-941d-4f48d13f8145,77ff2cee-c2be-4c71-9275-58f9b7c8442f,Orbital Coverage,Orbital Coverage,{},wars-trading-card-game_incursion_orbital-coverage
1cf73461-4d2a-4c80-96d6-0492ac0f4298,item,1,0,"{""obverse"": ""wars-trading-card-game_incursion_ordnance-master"", ""reverse"": ""wars-trading-card-game_card-back""}","{""name_printed"": ""Ordnance Master"", ""rarity"": ""Common"", ""type"": ""Character"", ""allegiance"": ""Shi"", ""item_dimensions"": ""{\u0022height\u0022: \u00223.5\u0022, \u0022width\u0022: \u00222.5\u0022, \u0022unit\u0022: \u0022inch\u0022}""}",017cb0cd-aeb7-4c0b-941d-4f48d13f8145,77ff2cee-c2be-4c71-9275-58f9b7c8442f,Ordnance Master,Ordnance Master,{},wars-trading-card-game_incursion_ordnance-master
b1d0df59-681e-43c5-84e4-a445411806d1,item,1,0,"{""obverse"": ""wars-trading-card-game_incursion_ore-hound"", ""reverse"": ""wars-trading-card-game_card-back""}","{""name_printed"": ""Ore Hound"", ""rarity"": ""Common"", ""type"": ""Character"", ""allegiance"": ""Maverick"", ""item_dimensions"": ""{\u0022height\u0022: \u00223.5\u0022, \u0022width\u0022: \u00222.5\u0022, \u0022unit\u0022: \u0022inch\u0022}""}",017cb0cd-aeb7-4c0b-941d-4f48d13f8145,77ff2cee-c2be-4c71-9275-58f9b7c8442f,Ore Hound,Ore Hound,{},wars-trading-card-game_incursion_ore-hound
f19b90e0-abd2-4f0a-b4a2-8e00b9fa804a,item,1,0,"{""obverse"": ""wars-trading-card-game_incursion_outmaneuvered"", ""reverse"": ""wars-trading-card-game_card-back""}","{""name_printed"": ""Outmaneuvered"", ""rarity"": ""Common"", ""type"": ""Interrupt"", ""allegiance"": ""Maverick"", ""item_dimensions"": ""{\u0022height\u0022: \u00223.5\u0022, \u0022width\u0022: \u00222.5\u0022, \u0022unit\u0022: \u0022inch\u0022}""}",017cb0cd-aeb7-4c0b-941d-4f48d13f8145,77ff2cee-c2be-4c71-9275-58f9b7c8442f,Outmaneuvered,Outmaneuvered,{},wars-trading-card-game_incursion_outmaneuvered
b201e791-1c57-4ea1-9df6-5f94cb65061e,third-party-document,0,0,"{""obverse"": ""wars-trading-card-game_incursion_overburdened"", ""reverse"": ""wars-trading-card-game_card-back""}","{""name_printed"": ""Overburdened"", ""rarity"": ""Uncommon"", ""type"": ""Interrupt"", ""allegiance"": ""Independent"", ""item_dimensions"": ""{\u0022height\u0022: \u00223.5\u0022, \u0022width\u0022: \u00222.5\u0022, \u0022unit\u0022: \u0022inch\u0022}""}",017cb0cd-aeb7-4c0b-941d-4f48d13f8145,77ff2cee-c2be-4c71-9275-58f9b7c8442f,Overburdened,Overburdened,{},wars-trading-card-game_incursion_overburdened
cd3314cf-4843-4b04-8fe6-99ac53d79cb5,item,1,0,"{""obverse"": ""wars-trading-card-game_incursion_pallas-asteroid-stronghold"", ""reverse"": ""wars-trading-card-game_card-back""}","{""name_printed"": ""Pallas/Asteroid Stronghold"", ""rarity"": ""Rare"", ""type"": ""Location"", ""item_dimensions"": ""{\u0022height\u0022: \u00223.5\u0022, \u0022width\u0022: \u00222.5\u0022, \u0022unit\u0022: \u0022inch\u0022}""}",017cb0cd-aeb7-4c0b-941d-4f48d13f8145,77ff2cee-c2be-4c71-9275-58f9b7c8442f,Pallas/Asteroid Stronghold,Pallas/Asteroid Stronghold,{},wars-trading-card-game_incursion_pallas-asteroid-stronghold
dd42370b-667a-4189-a092-e9a1f816a17d,item,1,0,"{""obverse"": ""wars-trading-card-game_incursion_panacea-provider"", ""reverse"": ""wars-trading-card-game_card-back""}","{""name_printed"": ""Panacea Provider"", ""rarity"": ""Common"", ""type"": ""Character"", ""allegiance"": ""Shi"", ""item_dimensions"": ""{\u0022height\u0022: \u00223.5\u0022, \u0022width\u0022: \u00222.5\u0022, \u0022unit\u0022: \u0022inch\u0022}""}",017cb0cd-aeb7-4c0b-941d-4f48d13f8145,77ff2cee-c2be-4c71-9275-58f9b7c8442f,Panacea Provider,Panacea Provider,{},wars-trading-card-game_incursion_panacea-provider
c0fc0147-ff40-4100-a403-4bcc660e3216,third-party-document,0,0,"{""obverse"": ""wars-trading-card-game_incursion_pavel-royerk"", ""reverse"": ""wars-trading-card-game_card-back""}","{""name_printed"": ""Pavel Royerk"", ""rarity"": ""Uncommon"", ""type"": ""Character"", ""allegiance"": ""Earther"", ""item_dimensions"": ""{\u0022height\u0022: \u00223.5\u0022, \u0022width\u0022: \u00222.5\u0022, \u0022unit\u0022: \u0022inch\u0022}""}",017cb0cd-aeb7-4c0b-941d-4f48d13f8145,77ff2cee-c2be-4c71-9275-58f9b7c8442f,Pavel Royerk,Pavel Royerk,{},wars-trading-card-game_incursion_pavel-royerk
7b415196-966b-4623-b172-b991b15bd0e2,item,1,0,"{""obverse"": ""wars-trading-card-game_incursion_pilgrims'-transport"", ""reverse"": ""wars-trading-card-game_card-back""}","{""name_printed"": ""Pilgrims' Transport"", ""rarity"": ""Common"", ""type"": ""Ship"", ""allegiance"": ""Independent"", ""item_dimensions"": ""{\u0022height\u0022: \u00223.5\u0022, \u0022width\u0022: \u00222.5\u0022, \u0022unit\u0022: \u0022inch\u0022}""}",017cb0cd-aeb7-4c0b-941d-4f48d13f8145,77ff2cee-c2be-4c71-9275-58f9b7c8442f,Pilgrims' Transport,Pilgrims' Transport,{},wars-trading-card-game_incursion_pilgrims'-transport
1462439a-d1b6-4609-b9d1-e26a56b2e9ec,item,1,0,"{""obverse"": ""wars-trading-card-game_incursion_plasma-cannon"", ""reverse"": ""wars-trading-card-game_card-back""}","{""name_printed"": ""Plasma Cannon"", ""rarity"": ""Uncommon"", ""type"": ""Weapon"", ""allegiance"": ""Gongen"", ""item_dimensions"": ""{\u0022height\u0022: \u00223.5\u0022, \u0022width\u0022: \u00222.5\u0022, \u0022unit\u0022: \u0022inch\u0022}""}",017cb0cd-aeb7-4c0b-941d-4f48d13f8145,77ff2cee-c2be-4c71-9275-58f9b7c8442f,Plasma Cannon,Plasma Cannon,{},wars-trading-card-game_incursion_plasma-cannon
0e6323ad-091d-4e1c-acda-4f90c1a4aaa1,item,1,0,"{""obverse"": ""wars-trading-card-game_incursion_plundering-bandit"", ""reverse"": ""wars-trading-card-game_card-back""}","{""name_printed"": ""Plundering Bandit"", ""rarity"": ""Common"", ""type"": ""Ship"", ""allegiance"": ""Maverick"", ""item_dimensions"": ""{\u0022height\u0022: \u00223.5\u0022, \u0022width\u0022: \u00222.5\u0022, \u0022unit\u0022: \u0022inch\u0022}""}",017cb0cd-aeb7-4c0b-941d-4f48d13f8145,77ff2cee-c2be-4c71-9275-58f9b7c8442f,Plundering Bandit,Plundering Bandit,{},wars-trading-card-game_incursion_plundering-bandit
7dfd31c0-a413-4336-ae0a-f1708614013c,third-party-document,0,0,"{""obverse"": ""wars-trading-card-game_incursion_portent"", ""reverse"": ""wars-trading-card-game_card-back""}","{""name_printed"": ""Portent"", ""rarity"": ""Rare"", ""type"": ""Interrupt"", ""allegiance"": ""Quay"", ""item_dimensions"": ""{\u0022height\u0022: \u00223.5\u0022, \u0022width\u0022: \u00222.5\u0022, \u0022unit\u0022: \u0022inch\u0022}""}",017cb0cd-aeb7-4c0b-941d-4f48d13f8145,77ff2cee-c2be-4c71-9275-58f9b7c8442f,Portent,Portent,{},wars-trading-card-game_incursion_portent
a2625713-2118-45bc-a5c8-963dcb2b421b,third-party-document,0,0,"{""obverse"": ""wars-trading-card-game_incursion_premeditated-reaction"", ""reverse"": ""wars-trading-card-game_card-back""}","{""name_printed"": ""Premeditated Reaction"", ""rarity"": ""Rare"", ""type"": ""Asset"", ""allegiance"": ""Shi"", ""item_dimensions"": ""{\u0022height\u0022: \u00223.5\u0022, \u0022width\u0022: \u00222.5\u0022, \u0022unit\u0022: \u0022inch\u0022}""}",017cb0cd-aeb7-4c0b-941d-4f48d13f8145,77ff2cee-c2be-4c71-9275-58f9b7c8442f,Premeditated Reaction,Premeditated Reaction,{},wars-trading-card-game_incursion_premeditated-reaction
9d4e76d1-4c52-4765-ad0f-d01c9d004abd,item,1,0,"{""obverse"": ""wars-trading-card-game_incursion_price-of-the-game"", ""reverse"": ""wars-trading-card-game_card-back""}","{""name_printed"": ""Price of the Game"", ""rarity"": ""Uncommon"", ""type"": ""Asset"", ""allegiance"": ""Maverick"", ""item_dimensions"": ""{\u0022height\u0022: \u00223.5\u0022, \u0022width\u0022: \u00222.5\u0022, \u0022unit\u0022: \u0022inch\u0022}""}",017cb0cd-aeb7-4c0b-941d-4f48d13f8145,77ff2cee-c2be-4c71-9275-58f9b7c8442f,Price of the Game,Price of the Game,{},wars-trading-card-game_incursion_price-of-the-game
01231193-16ed-4059-a1b7-cd8b330ef594,third-party-document,0,0,"{""obverse"": ""wars-trading-card-game_incursion_purana-vishal"", ""reverse"": ""wars-trading-card-game_card-back""}","{""name_printed"": ""Purana-Vishal"", ""rarity"": ""Rare"", ""type"": ""Character"", ""allegiance"": ""Shi"", ""item_dimensions"": ""{\u0022height\u0022: \u00223.5\u0022, \u0022width\u0022: \u00222.5\u0022, \u0022unit\u0022: \u0022inch\u0022}""}",017cb0cd-aeb7-4c0b-941d-4f48d13f8145,77ff2cee-c2be-4c71-9275-58f9b7c8442f,Purana-Vishal,Purana-Vishal,{},wars-trading-card-game_incursion_purana-vishal
8738bdc9-82ef-480c-8b8c-7b1943161453,third-party-document,0,0,"{""obverse"": ""wars-trading-card-game_incursion_pursuit-just-behind"", ""reverse"": ""wars-trading-card-game_card-back""}","{""name_printed"": ""Pursuit Just Behind"", ""rarity"": ""Uncommon"", ""type"": ""Order"", ""allegiance"": ""Shi"", ""item_dimensions"": ""{\u0022height\u0022: \u00223.5\u0022, \u0022width\u0022: \u00222.5\u0022, \u0022unit\u0022: \u0022inch\u0022}""}",017cb0cd-aeb7-4c0b-941d-4f48d13f8145,77ff2cee-c2be-4c71-9275-58f9b7c8442f,Pursuit Just Behind,Pursuit Just Behind,{},wars-trading-card-game_incursion_pursuit-just-behind
0af36369-049a-477d-a9c9-a6d68016afb1,item,1,0,"{""obverse"": ""wars-trading-card-game_incursion_quarrel-energy-burst"", ""reverse"": ""wars-trading-card-game_card-back""}","{""name_printed"": ""Quarrel Energy Burst"", ""rarity"": ""Uncommon"", ""type"": ""Weapon"", ""allegiance"": ""Shi"", ""item_dimensions"": ""{\u0022height\u0022: \u00223.5\u0022, \u0022width\u0022: \u00222.5\u0022, \u0022unit\u0022: \u0022inch\u0022}""}",017cb0cd-aeb7-4c0b-941d-4f48d13f8145,77ff2cee-c2be-4c71-9275-58f9b7c8442f,Quarrel Energy Burst,Quarrel Energy Burst,{},wars-trading-card-game_incursion_quarrel-energy-burst
11f5efd8-0aae-4b31-93de-69657b2de883,item,1,0,"{""obverse"": ""wars-trading-card-game_incursion_quay-bot"", ""reverse"": ""wars-trading-card-game_card-back""}","{""name_printed"": ""Quay Bot"", ""rarity"": ""Uncommon"", ""type"": ""Character"", ""allegiance"": ""Independent"", ""item_dimensions"": ""{\u0022height\u0022: \u00223.5\u0022, \u0022width\u0022: \u00222.5\u0022, \u0022unit\u0022: \u0022inch\u0022}""}",017cb0cd-aeb7-4c0b-941d-4f48d13f8145,77ff2cee-c2be-4c71-9275-58f9b7c8442f,Quay Bot,Quay Bot,{},wars-trading-card-game_incursion_quay-bot
037e9f32-7e54-43a9-97b6-784ef1721410,item,1,0,"{""obverse"": ""wars-trading-card-game_incursion_quay-navigator"", ""reverse"": ""wars-trading-card-game_card-back""}","{""name_printed"": ""Quay Navigator"", ""rarity"": ""Uncommon"", ""type"": ""Character"", ""allegiance"": ""Quay"", ""item_dimensions"": ""{\u0022height\u0022: \u00223.5\u0022, \u0022width\u0022: \u00222.5\u0022, \u0022unit\u0022: \u0022inch\u0022}""}",017cb0cd-aeb7-4c0b-941d-4f48d13f8145,77ff2cee-c2be-4c71-9275-58f9b7c8442f,Quay Navigator,Quay Navigator,{},wars-trading-card-game_incursion_quay-navigator
6f9fd8ac-50ec-47db-bd8d-d32ab64baad0,third-party-document,0,0,"{""obverse"": ""wars-trading-card-game_incursion_qurim-ahmak"", ""reverse"": ""wars-trading-card-game_card-back""}","{""name_printed"": ""Qurim Ahmak"", ""rarity"": ""Rare"", ""type"": ""Character"", ""allegiance"": ""Quay"", ""item_dimensions"": ""{\u0022height\u0022: \u00223.5\u0022, \u0022width\u0022: \u00222.5\u0022, \u0022unit\u0022: \u0022inch\u0022}""}",017cb0cd-aeb7-4c0b-941d-4f48d13f8145,77ff2cee-c2be-4c71-9275-58f9b7c8442f,Qurim Ahmak,Qurim Ahmak,{},wars-trading-card-game_incursion_qurim-ahmak
84edb5a9-ebd5-4bea-88e0-659f535dadf7,item,1,0,"{""obverse"": ""wars-trading-card-game_incursion_qurim-dalaka"", ""reverse"": ""wars-trading-card-game_card-back""}","{""name_printed"": ""Qurim Dalaka"", ""rarity"": ""Common"", ""type"": ""Weapon"", ""allegiance"": ""Quay"", ""item_dimensions"": ""{\u0022height\u0022: \u00223.5\u0022, \u0022width\u0022: \u00222.5\u0022, \u0022unit\u0022: \u0022inch\u0022}""}",017cb0cd-aeb7-4c0b-941d-4f48d13f8145,77ff2cee-c2be-4c71-9275-58f9b7c8442f,Qurim Dalaka,Qurim Dalaka,{},wars-trading-card-game_incursion_qurim-dalaka
e66b126a-4e8e-4d03-aaf6-59b1ea2df14a,item,1,0,"{""obverse"": ""wars-trading-card-game_incursion_qurim-life-ship"", ""reverse"": ""wars-trading-card-game_card-back""}","{""name_printed"": ""Qurim Life Ship"", ""rarity"": ""Common"", ""type"": ""Ship"", ""allegiance"": ""Quay"", ""item_dimensions"": ""{\u0022height\u0022: \u00223.5\u0022, \u0022width\u0022: \u00222.5\u0022, \u0022unit\u0022: \u0022inch\u0022}""}",017cb0cd-aeb7-4c0b-941d-4f48d13f8145,77ff2cee-c2be-4c71-9275-58f9b7c8442f,Qurim Life Ship,Qurim Life Ship,{},wars-trading-card-game_incursion_qurim-life-ship
780fcefc-b02c-418a-b62e-c8961ae7e854,item,1,0,"{""obverse"": ""wars-trading-card-game_incursion_qurim-rager"", ""reverse"": ""wars-trading-card-game_card-back""}","{""name_printed"": ""Qurim Rager"", ""rarity"": ""Common"", ""type"": ""Character"", ""allegiance"": ""Quay"", ""item_dimensions"": ""{\u0022height\u0022: \u00223.5\u0022, \u0022width\u0022: \u00222.5\u0022, \u0022unit\u0022: \u0022inch\u0022}""}",017cb0cd-aeb7-4c0b-941d-4f48d13f8145,77ff2cee-c2be-4c71-9275-58f9b7c8442f,Qurim Rager,Qurim Rager,{},wars-trading-card-game_incursion_qurim-rager
cd923812-f9af-4d07-a656-8c5148147e67,item,1,0,"{""obverse"": ""wars-trading-card-game_incursion_racing-sloop"", ""reverse"": ""wars-trading-card-game_card-back""}","{""name_printed"": ""Racing Sloop"", ""rarity"": ""Common"", ""type"": ""Ship"", ""allegiance"": ""Maverick"", ""item_dimensions"": ""{\u0022height\u0022: \u00223.5\u0022, \u0022width\u0022: \u00222.5\u0022, \u0022unit\u0022: \u0022inch\u0022}""}",017cb0cd-aeb7-4c0b-941d-4f48d13f8145,77ff2cee-c2be-4c71-9275-58f9b7c8442f,Racing Sloop,Racing Sloop,{},wars-trading-card-game_incursion_racing-sloop
8740521d-a3d1-4800-ad66-cabccd5f907c,item,1,0,"{""obverse"": ""wars-trading-card-game_incursion_raider"", ""reverse"": ""wars-trading-card-game_card-back""}","{""name_printed"": ""Raider"", ""rarity"": ""Uncommon"", ""type"": ""Ship"", ""allegiance"": ""Maverick"", ""item_dimensions"": ""{\u0022height\u0022: \u00223.5\u0022, \u0022width\u0022: \u00222.5\u0022, \u0022unit\u0022: \u0022inch\u0022}""}",017cb0cd-aeb7-4c0b-941d-4f48d13f8145,77ff2cee-c2be-4c71-9275-58f9b7c8442f,Raider,Raider,{},wars-trading-card-game_incursion_raider
7abc9c51-232b-4f64-90c0-665190635762,item,1,0,"{""obverse"": ""wars-trading-card-game_incursion_rally-cry-[foil]"", ""reverse"": ""wars-trading-card-game_card-back""}","{""name_printed"": ""Rally Cry"", ""variant_disambiguator"": ""Foil"", ""rarity"": ""Ultra Rare"", ""print_finish"": ""Foil"", ""type"": ""Asset"", ""item_dimensions"": ""{\u0022height\u0022: \u00223.5\u0022, \u0022width\u0022: \u00222.5\u0022, \u0022unit\u0022: \u0022inch\u0022}""}",017cb0cd-aeb7-4c0b-941d-4f48d13f8145,77ff2cee-c2be-4c71-9275-58f9b7c8442f,Rally Cry,Rally Cry [Foil],{},wars-trading-card-game_incursion_rally-cry-[foil]
bff11b3b-730e-424b-b47e-7e3f25d88120,item,1,0,"{""obverse"": ""wars-trading-card-game_incursion_rally-cry-[non-foil]"", ""reverse"": ""wars-trading-card-game_card-back""}","{""name_printed"": ""Rally Cry"", ""variant_disambiguator"": ""Non-Foil"", ""rarity"": ""Common"", ""type"": ""Asset"", ""allegiance"": ""Quay"", ""item_dimensions"": ""{\u0022height\u0022: \u00223.5\u0022, \u0022width\u0022: \u00222.5\u0022, \u0022unit\u0022: \u0022inch\u0022}""}",017cb0cd-aeb7-4c0b-941d-4f48d13f8145,77ff2cee-c2be-4c71-9275-58f9b7c8442f,Rally Cry,Rally Cry [Non-Foil],{},wars-trading-card-game_incursion_rally-cry-[non-foil]
cf9629c0-bddc-4b6a-8b7d-2ddccffe885f,item,1,0,"{""obverse"": ""wars-trading-card-game_incursion_ranarti-anant"", ""reverse"": ""wars-trading-card-game_card-back""}","{""name_printed"": ""Ranarti-Anant"", ""rarity"": ""Fixed"", ""print_finish"": ""Foil"", ""type"": ""Character"", ""item_dimensions"": ""{\u0022height\u0022: \u00223.5\u0022, \u0022width\u0022: \u00222.5\u0022, \u0022unit\u0022: \u0022inch\u0022}""}",017cb0cd-aeb7-4c0b-941d-4f48d13f8145,77ff2cee-c2be-4c71-9275-58f9b7c8442f,Ranarti-Anant,Ranarti-Anant,{},wars-trading-card-game_incursion_ranarti-anant
7104f681-cccc-45e4-96a6-ba7bff08213d,item,1,0,"{""obverse"": ""wars-trading-card-game_incursion_razorjack"", ""reverse"": ""wars-trading-card-game_card-back""}","{""name_printed"": ""Razorjack"", ""rarity"": ""Common"", ""type"": ""Ship"", ""allegiance"": ""Maverick"", ""item_dimensions"": ""{\u0022height\u0022: \u00223.5\u0022, \u0022width\u0022: \u00222.5\u0022, \u0022unit\u0022: \u0022inch\u0022}""}",017cb0cd-aeb7-4c0b-941d-4f48d13f8145,77ff2cee-c2be-4c71-9275-58f9b7c8442f,Razorjack,Razorjack,{},wars-trading-card-game_incursion_razorjack
a44a5f65-402b-4ad3-b304-c73c93149a75,third-party-document,0,0,"{""obverse"": ""wars-trading-card-game_incursion_reaping"", ""reverse"": ""wars-trading-card-game_card-back""}","{""name_printed"": ""Reaping"", ""rarity"": ""Rare"", ""type"": ""Interrupt"", ""allegiance"": ""Quay"", ""item_dimensions"": ""{\u0022height\u0022: \u00223.5\u0022, \u0022width\u0022: \u00222.5\u0022, \u0022unit\u0022: \u0022inch\u0022}""}",017cb0cd-aeb7-4c0b-941d-4f48d13f8145,77ff2cee-c2be-4c71-9275-58f9b7c8442f,Reaping,Reaping,{},wars-trading-card-game_incursion_reaping
43e2b29d-3e5c-4b45-abca-2d4710835f71,third-party-document,0,0,"{""obverse"": ""wars-trading-card-game_incursion_reconnoiterer"", ""reverse"": ""wars-trading-card-game_card-back""}","{""name_printed"": ""Reconnoiterer"", ""rarity"": ""Rare"", ""type"": ""Character"", ""allegiance"": ""Shi"", ""item_dimensions"": ""{\u0022height\u0022: \u00223.5\u0022, \u0022width\u0022: \u00222.5\u0022, \u0022unit\u0022: \u0022inch\u0022}""}",017cb0cd-aeb7-4c0b-941d-4f48d13f8145,77ff2cee-c2be-4c71-9275-58f9b7c8442f,Reconnoiterer,Reconnoiterer,{},wars-trading-card-game_incursion_reconnoiterer
85fdd2b8-2256-4919-99d3-81b9e2c28699,third-party-document,0,0,"{""obverse"": ""wars-trading-card-game_incursion_recovery"", ""reverse"": ""wars-trading-card-game_card-back""}","{""name_printed"": ""Recovery"", ""rarity"": ""Rare"", ""type"": ""Asset"", ""allegiance"": ""Quay"", ""item_dimensions"": ""{\u0022height\u0022: \u00223.5\u0022, \u0022width\u0022: \u00222.5\u0022, \u0022unit\u0022: \u0022inch\u0022}""}",017cb0cd-aeb7-4c0b-941d-4f48d13f8145,77ff2cee-c2be-4c71-9275-58f9b7c8442f,Recovery,Recovery,{},wars-trading-card-game_incursion_recovery
a76175b8-8846-48a7-ae61-27dc8881abc1,item,1,0,"{""obverse"": ""wars-trading-card-game_incursion_refuge"", ""reverse"": ""wars-trading-card-game_card-back""}","{""name_printed"": ""Refuge"", ""rarity"": ""Uncommon"", ""type"": ""Interrupt"", ""allegiance"": ""Independent"", ""item_dimensions"": ""{\u0022height\u0022: \u00223.5\u0022, \u0022width\u0022: \u00222.5\u0022, \u0022unit\u0022: \u0022inch\u0022}""}",017cb0cd-aeb7-4c0b-941d-4f48d13f8145,77ff2cee-c2be-4c71-9275-58f9b7c8442f,Refuge,Refuge,{},wars-trading-card-game_incursion_refuge
e771f183-10f4-4644-a571-2770ad134c06,third-party-document,0,0,"{""obverse"": ""wars-trading-card-game_incursion_reliable-quarrel"", ""reverse"": ""wars-trading-card-game_card-back""}","{""name_printed"": ""Reliable Quarrel"", ""rarity"": ""Rare"", ""type"": ""Ship"", ""allegiance"": ""Shi"", ""item_dimensions"": ""{\u0022height\u0022: \u00223.5\u0022, \u0022width\u0022: \u00222.5\u0022, \u0022unit\u0022: \u0022inch\u0022}""}",017cb0cd-aeb7-4c0b-941d-4f48d13f8145,77ff2cee-c2be-4c71-9275-58f9b7c8442f,Reliable Quarrel,Reliable Quarrel,{},wars-trading-card-game_incursion_reliable-quarrel
4aea8d48-2478-4110-908f-d943f6b23780,item,1,0,"{""obverse"": ""wars-trading-card-game_incursion_reload"", ""reverse"": ""wars-trading-card-game_card-back""}","{""name_printed"": ""Reload"", ""rarity"": ""Uncommon"", ""type"": ""Interrupt"", ""allegiance"": ""Maverick"", ""item_dimensions"": ""{\u0022height\u0022: \u00223.5\u0022, \u0022width\u0022: \u00222.5\u0022, \u0022unit\u0022: \u0022inch\u0022}""}",017cb0cd-aeb7-4c0b-941d-4f48d13f8145,77ff2cee-c2be-4c71-9275-58f9b7c8442f,Reload,Reload,{},wars-trading-card-game_incursion_reload
434c05e2-95cf-4378-a3d8-2a0c838f827b,item,1,0,"{""obverse"": ""wars-trading-card-game_incursion_resource-technician"", ""reverse"": ""wars-trading-card-game_card-back""}","{""name_printed"": ""Resource Technician"", ""rarity"": ""Common"", ""type"": ""Character"", ""allegiance"": ""Gongen"", ""item_dimensions"": ""{\u0022height\u0022: \u00223.5\u0022, \u0022width\u0022: \u00222.5\u0022, \u0022unit\u0022: \u0022inch\u0022}""}",017cb0cd-aeb7-4c0b-941d-4f48d13f8145,77ff2cee-c2be-4c71-9275-58f9b7c8442f,Resource Technician,Resource Technician,{},wars-trading-card-game_incursion_resource-technician
40b53aa8-ffae-495d-817e-76d648d91494,item,1,0,"{""obverse"": ""wars-trading-card-game_incursion_revenge-[foil]"", ""reverse"": ""wars-trading-card-game_card-back""}","{""name_printed"": ""Revenge"", ""variant_disambiguator"": ""Foil"", ""rarity"": ""Ultra Rare"", ""print_finish"": ""Foil"", ""type"": ""Interrupt"", ""item_dimensions"": ""{\u0022height\u0022: \u00223.5\u0022, \u0022width\u0022: \u00222.5\u0022, \u0022unit\u0022: \u0022inch\u0022}""}",017cb0cd-aeb7-4c0b-941d-4f48d13f8145,77ff2cee-c2be-4c71-9275-58f9b7c8442f,Revenge,Revenge [Foil],{},wars-trading-card-game_incursion_revenge-[foil]
4e0be9f8-8721-4bc6-8301-265939cfd8e4,third-party-document,0,0,"{""obverse"": ""wars-trading-card-game_incursion_revenge-[non-foil]"", ""reverse"": ""wars-trading-card-game_card-back""}","{""name_printed"": ""Revenge"", ""variant_disambiguator"": ""Non-Foil"", ""rarity"": ""Uncommon"", ""print_finish"": ""Non-Foil"", ""type"": ""Interrupt"", ""allegiance"": ""Quay"", ""item_dimensions"": ""{\u0022height\u0022: \u00223.5\u0022, \u0022width\u0022: \u00222.5\u0022, \u0022unit\u0022: \u0022inch\u0022}""}",017cb0cd-aeb7-4c0b-941d-4f48d13f8145,77ff2cee-c2be-4c71-9275-58f9b7c8442f,Revenge,Revenge [Non-Foil],{},wars-trading-card-game_incursion_revenge-[non-foil]
155ca127-a0f7-4857-8704-1a657ed054b4,third-party-document,0,0,"{""obverse"": ""wars-trading-card-game_incursion_ripping-beam"", ""reverse"": ""wars-trading-card-game_card-back""}","{""name_printed"": ""Ripping Beam"", ""rarity"": ""Rare"", ""type"": ""Interrupt"", ""allegiance"": ""Shi"", ""item_dimensions"": ""{\u0022height\u0022: \u00223.5\u0022, \u0022width\u0022: \u00222.5\u0022, \u0022unit\u0022: \u0022inch\u0022}""}",017cb0cd-aeb7-4c0b-941d-4f48d13f8145,77ff2cee-c2be-4c71-9275-58f9b7c8442f,Ripping Beam,Ripping Beam,{},wars-trading-card-game_incursion_ripping-beam
02628130-4111-4aae-a223-ff22c98bceee,third-party-document,0,0,"{""obverse"": ""wars-trading-card-game_incursion_rising-dread"", ""reverse"": ""wars-trading-card-game_card-back""}","{""name_printed"": ""Rising Dread"", ""rarity"": ""Rare"", ""type"": ""Interrupt"", ""allegiance"": ""Quay"", ""item_dimensions"": ""{\u0022height\u0022: \u00223.5\u0022, \u0022width\u0022: \u00222.5\u0022, \u0022unit\u0022: \u0022inch\u0022}""}",017cb0cd-aeb7-4c0b-941d-4f48d13f8145,77ff2cee-c2be-4c71-9275-58f9b7c8442f,Rising Dread,Rising Dread,{},wars-trading-card-game_incursion_rising-dread
e68e2853-adb3-4560-b2b8-48f76d1f98d0,item,1,0,"{""obverse"": ""wars-trading-card-game_incursion_rising-morale"", ""reverse"": ""wars-trading-card-game_card-back""}","{""name_printed"": ""Rising Morale"", ""rarity"": ""Uncommon"", ""type"": ""Interrupt"", ""allegiance"": ""Gongen"", ""item_dimensions"": ""{\u0022height\u0022: \u00223.5\u0022, \u0022width\u0022: \u00222.5\u0022, \u0022unit\u0022: \u0022inch\u0022}""}",017cb0cd-aeb7-4c0b-941d-4f48d13f8145,77ff2cee-c2be-4c71-9275-58f9b7c8442f,Rising Morale,Rising Morale,{},wars-trading-card-game_incursion_rising-morale
e53a2810-683a-4921-8bb6-5ac9aabea318,item,1,0,"{""obverse"": ""wars-trading-card-game_incursion_salvaged-transport"", ""reverse"": ""wars-trading-card-game_card-back""}","{""name_printed"": ""Salvaged Transport"", ""rarity"": ""Common"", ""type"": ""Ship"", ""allegiance"": ""Independent"", ""item_dimensions"": ""{\u0022height\u0022: \u00223.5\u0022, \u0022width\u0022: \u00222.5\u0022, \u0022unit\u0022: \u0022inch\u0022}""}",017cb0cd-aeb7-4c0b-941d-4f48d13f8145,77ff2cee-c2be-4c71-9275-58f9b7c8442f,Salvaged Transport,Salvaged Transport,{},wars-trading-card-game_incursion_salvaged-transport
4232fa7f-d561-4707-a60c-6d0a3a0666b8,item,1,0,"{""obverse"": ""wars-trading-card-game_incursion_selfless-protector-[foil]"", ""reverse"": ""wars-trading-card-game_card-back""}","{""name_printed"": ""Selfless Protector"", ""variant_disambiguator"": ""Foil"", ""rarity"": ""Ultra Rare"", ""print_finish"": ""Foil"", ""type"": ""Character"", ""item_dimensions"": ""{\u0022height\u0022: \u00223.5\u0022, \u0022width\u0022: \u00222.5\u0022, \u0022unit\u0022: \u0022inch\u0022}""}",017cb0cd-aeb7-4c0b-941d-4f48d13f8145,77ff2cee-c2be-4c71-9275-58f9b7c8442f,Selfless Protector,Selfless Protector [Foil],{},wars-trading-card-game_incursion_selfless-protector-[foil]
d382b1c4-0394-4440-8d81-295a22be765e,item,1,0,"{""obverse"": ""wars-trading-card-game_incursion_selfless-protector-[non-foil]"", ""reverse"": ""wars-trading-card-game_card-back""}","{""name_printed"": ""Selfless Protector"", ""variant_disambiguator"": ""Non-Foil"", ""rarity"": ""Common"", ""type"": ""Character"", ""allegiance"": ""Shi"", ""item_dimensions"": ""{\u0022height\u0022: \u00223.5\u0022, \u0022width\u0022: \u00222.5\u0022, \u0022unit\u0022: \u0022inch\u0022}""}",017cb0cd-aeb7-4c0b-941d-4f48d13f8145,77ff2cee-c2be-4c71-9275-58f9b7c8442f,Selfless Protector,Selfless Protector [Non-Foil],{},wars-trading-card-game_incursion_selfless-protector-[non-foil]
6f218c9f-1cf3-4947-8535-61a6d5a088cf,third-party-document,0,0,"{""obverse"": ""wars-trading-card-game_incursion_serenity"", ""reverse"": ""wars-trading-card-game_card-back""}","{""name_printed"": ""Serenity"", ""rarity"": ""Rare"", ""type"": ""Order"", ""allegiance"": ""Gongen"", ""item_dimensions"": ""{\u0022height\u0022: \u00223.5\u0022, \u0022width\u0022: \u00222.5\u0022, \u0022unit\u0022: \u0022inch\u0022}""}",017cb0cd-aeb7-4c0b-941d-4f48d13f8145,77ff2cee-c2be-4c71-9275-58f9b7c8442f,Serenity,Serenity,{},wars-trading-card-game_incursion_serenity
80694c19-03f1-41f2-b2eb-e4c71b2a89a1,third-party-document,0,0,"{""obverse"": ""wars-trading-card-game_incursion_set"", ""reverse"": ""wars-trading-card-game_card-back""}","{""name_printed"": ""Set"", ""rarity"": ""Rare"", ""type"": ""Asset"", ""allegiance"": ""Maverick"", ""item_dimensions"": ""{\u0022height\u0022: \u00223.5\u0022, \u0022width\u0022: \u00222.5\u0022, \u0022unit\u0022: \u0022inch\u0022}""}",017cb0cd-aeb7-4c0b-941d-4f48d13f8145,77ff2cee-c2be-4c71-9275-58f9b7c8442f,Set,Set,{},wars-trading-card-game_incursion_set
79363898-1deb-4d56-a5b4-82f969646692,third-party-document,0,0,"{""obverse"": ""wars-trading-card-game_incursion_seyal-dark-side"", ""reverse"": ""wars-trading-card-game_card-back""}","{""name_printed"": ""Seyal/Dark Side"", ""rarity"": ""Rare"", ""type"": ""Location"", ""item_dimensions"": ""{\u0022height\u0022: \u00223.5\u0022, \u0022width\u0022: \u00222.5\u0022, \u0022unit\u0022: \u0022inch\u0022}""}",017cb0cd-aeb7-4c0b-941d-4f48d13f8145,77ff2cee-c2be-4c71-9275-58f9b7c8442f,Seyal/Dark Side,Seyal/Dark Side,{},wars-trading-card-game_incursion_seyal-dark-side
501c2317-0c77-40a2-b9d5-e3a913d7f63a,item,1,0,"{""obverse"": ""wars-trading-card-game_incursion_seyal-light-side"", ""reverse"": ""wars-trading-card-game_card-back""}","{""name_printed"": ""Seyal/Light Side"", ""rarity"": ""Common"", ""type"": ""Location"", ""item_dimensions"": ""{\u0022height\u0022: \u00223.5\u0022, \u0022width\u0022: \u00222.5\u0022, \u0022unit\u0022: \u0022inch\u0022}""}",017cb0cd-aeb7-4c0b-941d-4f48d13f8145,77ff2cee-c2be-4c71-9275-58f9b7c8442f,Seyal/Light Side,Seyal/Light Side,{},wars-trading-card-game_incursion_seyal-light-side
74fcb3e6-03e8-4feb-8aaf-f7e546b3bd27,item,1,0,"{""obverse"": ""wars-trading-card-game_incursion_seyalshi-upholder"", ""reverse"": ""wars-trading-card-game_card-back""}","{""name_printed"": ""Seyalshi Upholder"", ""rarity"": ""Common"", ""type"": ""Ship"", ""allegiance"": ""Shi"", ""item_dimensions"": ""{\u0022height\u0022: \u00223.5\u0022, \u0022width\u0022: \u00222.5\u0022, \u0022unit\u0022: \u0022inch\u0022}""}",017cb0cd-aeb7-4c0b-941d-4f48d13f8145,77ff2cee-c2be-4c71-9275-58f9b7c8442f,Seyalshi Upholder,Seyalshi Upholder,{},wars-trading-card-game_incursion_seyalshi-upholder
386192b4-abbb-432a-a03f-4a9536241721,item,1,0,"{""obverse"": ""wars-trading-card-game_incursion_seyaltika"", ""reverse"": ""wars-trading-card-game_card-back""}","{""name_printed"": ""Seyaltika"", ""rarity"": ""Uncommon"", ""type"": ""Ship"", ""allegiance"": ""Quay"", ""item_dimensions"": ""{\u0022height\u0022: \u00223.5\u0022, \u0022width\u0022: \u00222.5\u0022, \u0022unit\u0022: \u0022inch\u0022}""}",017cb0cd-aeb7-4c0b-941d-4f48d13f8145,77ff2cee-c2be-4c71-9275-58f9b7c8442f,Seyaltika,Seyaltika,{},wars-trading-card-game_incursion_seyaltika
9313e11c-8bd7-4901-83b0-7b9663a77e66,item,1,0,"{""obverse"": ""wars-trading-card-game_incursion_sharper-than-steel"", ""reverse"": ""wars-trading-card-game_card-back""}","{""name_printed"": ""Sharper Than Steel"", ""rarity"": ""Uncommon"", ""type"": ""Asset"", ""allegiance"": ""Gongen"", ""item_dimensions"": ""{\u0022height\u0022: \u00223.5\u0022, \u0022width\u0022: \u00222.5\u0022, \u0022unit\u0022: \u0022inch\u0022}""}",017cb0cd-aeb7-4c0b-941d-4f48d13f8145,77ff2cee-c2be-4c71-9275-58f9b7c8442f,Sharper Than Steel,Sharper Than Steel,{},wars-trading-card-game_incursion_sharper-than-steel
a6745901-69fa-49d5-b494-a69683788805,third-party-document,0,0,"{""obverse"": ""wars-trading-card-game_incursion_sheltered"", ""reverse"": ""wars-trading-card-game_card-back""}","{""name_printed"": ""Sheltered"", ""rarity"": ""Rare"", ""type"": ""Order"", ""allegiance"": ""Gongen"", ""item_dimensions"": ""{\u0022height\u0022: \u00223.5\u0022, \u0022width\u0022: \u00222.5\u0022, \u0022unit\u0022: \u0022inch\u0022}""}",017cb0cd-aeb7-4c0b-941d-4f48d13f8145,77ff2cee-c2be-4c71-9275-58f9b7c8442f,Sheltered,Sheltered,{},wars-trading-card-game_incursion_sheltered
57e130de-7d8e-413f-b8f6-c483bc94a2fd,third-party-document,0,0,"{""obverse"": ""wars-trading-card-game_incursion_shi-bot"", ""reverse"": ""wars-trading-card-game_card-back""}","{""name_printed"": ""Shi Bot"", ""rarity"": ""Uncommon"", ""type"": ""Character"", ""allegiance"": ""Independent"", ""item_dimensions"": ""{\u0022height\u0022: \u00223.5\u0022, \u0022width\u0022: \u00222.5\u0022, \u0022unit\u0022: \u0022inch\u0022}""}",017cb0cd-aeb7-4c0b-941d-4f48d13f8145,77ff2cee-c2be-4c71-9275-58f9b7c8442f,Shi Bot,Shi Bot,{},wars-trading-card-game_incursion_shi-bot
1651a53d-e853-45cc-a0b8-ffc02889c298,third-party-document,0,0,"{""obverse"": ""wars-trading-card-game_incursion_shift-in-tactics"", ""reverse"": ""wars-trading-card-game_card-back""}","{""name_printed"": ""Shift in Tactics"", ""rarity"": ""Rare"", ""type"": ""Interrupt"", ""allegiance"": ""Earther"", ""item_dimensions"": ""{\u0022height\u0022: \u00223.5\u0022, \u0022width\u0022: \u00222.5\u0022, \u0022unit\u0022: \u0022inch\u0022}""}",017cb0cd-aeb7-4c0b-941d-4f48d13f8145,77ff2cee-c2be-4c71-9275-58f9b7c8442f,Shift in Tactics,Shift in Tactics,{},wars-trading-card-game_incursion_shift-in-tactics
476928ea-47f9-4552-8bd6-a8b16e6ced25,third-party-document,0,0,"{""obverse"": ""wars-trading-card-game_incursion_shikami"", ""reverse"": ""wars-trading-card-game_card-back""}","{""name_printed"": ""Shikami"", ""rarity"": ""Rare"", ""type"": ""No-Bot"", ""allegiance"": ""Gongen"", ""item_dimensions"": ""{\u0022height\u0022: \u00223.5\u0022, \u0022width\u0022: \u00222.5\u0022, \u0022unit\u0022: \u0022inch\u0022}""}",017cb0cd-aeb7-4c0b-941d-4f48d13f8145,77ff2cee-c2be-4c71-9275-58f9b7c8442f,Shikami,Shikami,{},wars-trading-card-game_incursion_shikami
1f6288fb-b53f-412b-a157-e4b878549838,third-party-document,0,0,"{""obverse"": ""wars-trading-card-game_incursion_shikami-(foil)"", ""reverse"": ""wars-trading-card-game_card-back""}","{""name_printed"": ""Shikami"", ""functional_disambiguator"": ""Foil"", ""rarity"": ""Ultra Rare"", ""print_finish"": ""Foil"", ""type"": ""No-Bot"", ""item_dimensions"": ""{\u0022height\u0022: \u00223.5\u0022, \u0022width\u0022: \u00222.5\u0022, \u0022unit\u0022: \u0022inch\u0022}""}",017cb0cd-aeb7-4c0b-941d-4f48d13f8145,77ff2cee-c2be-4c71-9275-58f9b7c8442f,Shikami (Foil),Shikami (Foil),{},wars-trading-card-game_incursion_shikami-(foil)
db7d128a-4497-4d6b-a05b-19208619090b,item,1,0,"{""obverse"": ""wars-trading-card-game_incursion_shikami-follower"", ""reverse"": ""wars-trading-card-game_card-back""}","{""name_printed"": ""Shikami Follower"", ""rarity"": ""Uncommon"", ""type"": ""Character"", ""allegiance"": ""Gongen"", ""item_dimensions"": ""{\u0022height\u0022: \u00223.5\u0022, \u0022width\u0022: \u00222.5\u0022, \u0022unit\u0022: \u0022inch\u0022}""}",017cb0cd-aeb7-4c0b-941d-4f48d13f8145,77ff2cee-c2be-4c71-9275-58f9b7c8442f,Shikami Follower,Shikami Follower,{},wars-trading-card-game_incursion_shikami-follower
dbc91410-9eec-4b77-8883-36387e70fc84,item,1,0,"{""obverse"": ""wars-trading-card-game_incursion_shikami-t-s-v-"", ""reverse"": ""wars-trading-card-game_card-back""}","{""name_printed"": ""Shikami T.S.V."", ""rarity"": ""Common"", ""type"": ""Vehicle"", ""allegiance"": ""Gongen"", ""item_dimensions"": ""{\u0022height\u0022: \u00223.5\u0022, \u0022width\u0022: \u00222.5\u0022, \u0022unit\u0022: \u0022inch\u0022}""}",017cb0cd-aeb7-4c0b-941d-4f48d13f8145,77ff2cee-c2be-4c71-9275-58f9b7c8442f,Shikami T.S.V.,Shikami T.S.V.,{},wars-trading-card-game_incursion_shikami-t-s-v-
382d27d5-7b35-415a-98ee-c4d2857d460b,item,1,0,"{""obverse"": ""wars-trading-card-game_incursion_shikami-warrior"", ""reverse"": ""wars-trading-card-game_card-back""}","{""name_printed"": ""Shikami Warrior"", ""rarity"": ""Common"", ""type"": ""Character"", ""allegiance"": ""Gongen"", ""item_dimensions"": ""{\u0022height\u0022: \u00223.5\u0022, \u0022width\u0022: \u00222.5\u0022, \u0022unit\u0022: \u0022inch\u0022}""}",017cb0cd-aeb7-4c0b-941d-4f48d13f8145,77ff2cee-c2be-4c71-9275-58f9b7c8442f,Shikami Warrior,Shikami Warrior,{},wars-trading-card-game_incursion_shikami-warrior
d7adc361-6b65-4c89-bc0b-fb072108caf7,third-party-document,0,0,"{""obverse"": ""wars-trading-card-game_incursion_sidearm"", ""reverse"": ""wars-trading-card-game_card-back""}","{""name_printed"": ""Sidearm"", ""rarity"": ""Rare"", ""type"": ""Weapon"", ""allegiance"": ""Earther"", ""item_dimensions"": ""{\u0022height\u0022: \u00223.5\u0022, \u0022width\u0022: \u00222.5\u0022, \u0022unit\u0022: \u0022inch\u0022}""}",017cb0cd-aeb7-4c0b-941d-4f48d13f8145,77ff2cee-c2be-4c71-9275-58f9b7c8442f,Sidearm,Sidearm,{},wars-trading-card-game_incursion_sidearm
18a5dd55-d158-4134-95be-ec9a7838e34a,third-party-document,0,0,"{""obverse"": ""wars-trading-card-game_incursion_simple-wager"", ""reverse"": ""wars-trading-card-game_card-back""}","{""name_printed"": ""Simple Wager"", ""rarity"": ""Rare"", ""type"": ""Order"", ""allegiance"": ""Maverick"", ""item_dimensions"": ""{\u0022height\u0022: \u00223.5\u0022, \u0022width\u0022: \u00222.5\u0022, \u0022unit\u0022: \u0022inch\u0022}""}",017cb0cd-aeb7-4c0b-941d-4f48d13f8145,77ff2cee-c2be-4c71-9275-58f9b7c8442f,Simple Wager,Simple Wager,{},wars-trading-card-game_incursion_simple-wager
066114ed-f6a6-4ce2-9571-a32c2d6f004a,third-party-document,0,0,"{""obverse"": ""wars-trading-card-game_incursion_sitka"", ""reverse"": ""wars-trading-card-game_card-back""}","{""name_printed"": ""Sitka"", ""rarity"": ""Rare"", ""type"": ""Character"", ""allegiance"": ""Quay"", ""item_dimensions"": ""{\u0022height\u0022: \u00223.5\u0022, \u0022width\u0022: \u00222.5\u0022, \u0022unit\u0022: \u0022inch\u0022}""}",017cb0cd-aeb7-4c0b-941d-4f48d13f8145,77ff2cee-c2be-4c71-9275-58f9b7c8442f,Sitka,Sitka,{},wars-trading-card-game_incursion_sitka
141b332a-a2aa-487a-9f88-6a343195a321,item,1,0,"{""obverse"": ""wars-trading-card-game_incursion_sitkatika-hekaton"", ""reverse"": ""wars-trading-card-game_card-back""}","{""name_printed"": ""Sitkatika Hekaton"", ""rarity"": ""Common"", ""type"": ""Ship"", ""allegiance"": ""Quay"", ""item_dimensions"": ""{\u0022height\u0022: \u00223.5\u0022, \u0022width\u0022: \u00222.5\u0022, \u0022unit\u0022: \u0022inch\u0022}""}",017cb0cd-aeb7-4c0b-941d-4f48d13f8145,77ff2cee-c2be-4c71-9275-58f9b7c8442f,Sitkatika Hekaton,Sitkatika Hekaton,{},wars-trading-card-game_incursion_sitkatika-hekaton
3dd90fd1-be88-4a4b-b619-2787a2ece50b,third-party-document,0,0,"{""obverse"": ""wars-trading-card-game_incursion_slider"", ""reverse"": ""wars-trading-card-game_card-back""}","{""name_printed"": ""Slider"", ""rarity"": ""Rare"", ""type"": ""Vehicle"", ""allegiance"": ""Maverick"", ""item_dimensions"": ""{\u0022height\u0022: \u00223.5\u0022, \u0022width\u0022: \u00222.5\u0022, \u0022unit\u0022: \u0022inch\u0022}""}",017cb0cd-aeb7-4c0b-941d-4f48d13f8145,77ff2cee-c2be-4c71-9275-58f9b7c8442f,Slider,Slider,{},wars-trading-card-game_incursion_slider
ff4ae4d5-030e-4e56-ae91-afc47e5d1ee6,third-party-document,0,0,"{""obverse"": ""wars-trading-card-game_incursion_slippery"", ""reverse"": ""wars-trading-card-game_card-back""}","{""name_printed"": ""Slippery"", ""rarity"": ""Rare"", ""type"": ""Asset"", ""allegiance"": ""Earther"", ""item_dimensions"": ""{\u0022height\u0022: \u00223.5\u0022, \u0022width\u0022: \u00222.5\u0022, \u0022unit\u0022: \u0022inch\u0022}""}",017cb0cd-aeb7-4c0b-941d-4f48d13f8145,77ff2cee-c2be-4c71-9275-58f9b7c8442f,Slippery,Slippery,{},wars-trading-card-game_incursion_slippery
97cf542a-b594-454f-a009-d041a543b00e,item,1,0,"{""obverse"": ""wars-trading-card-game_incursion_sniffed-out"", ""reverse"": ""wars-trading-card-game_card-back""}","{""name_printed"": ""Sniffed Out"", ""rarity"": ""Uncommon"", ""type"": ""Order"", ""allegiance"": ""Gongen"", ""item_dimensions"": ""{\u0022height\u0022: \u00223.5\u0022, \u0022width\u0022: \u00222.5\u0022, \u0022unit\u0022: \u0022inch\u0022}""}",017cb0cd-aeb7-4c0b-941d-4f48d13f8145,77ff2cee-c2be-4c71-9275-58f9b7c8442f,Sniffed Out,Sniffed Out,{},wars-trading-card-game_incursion_sniffed-out
ada93f67-85d3-4bdf-9ee3-e1aba3f36d60,item,1,0,"{""obverse"": ""wars-trading-card-game_incursion_spassky-quickfire-ii"", ""reverse"": ""wars-trading-card-game_card-back""}","{""name_printed"": ""Spassky Quickfire II"", ""rarity"": ""Common"", ""type"": ""Weapon"", ""allegiance"": ""Maverick"", ""item_dimensions"": ""{\u0022height\u0022: \u00223.5\u0022, \u0022width\u0022: \u00222.5\u0022, \u0022unit\u0022: \u0022inch\u0022}""}",017cb0cd-aeb7-4c0b-941d-4f48d13f8145,77ff2cee-c2be-4c71-9275-58f9b7c8442f,Spassky Quickfire II,Spassky Quickfire II,{},wars-trading-card-game_incursion_spassky-quickfire-ii
26f678ef-bf1d-4f75-88f3-97d725c182f8,item,1,0,"{""obverse"": ""wars-trading-card-game_incursion_spirit-theft"", ""reverse"": ""wars-trading-card-game_card-back""}","{""name_printed"": ""Spirit Theft"", ""rarity"": ""Common"", ""type"": ""Interrupt"", ""allegiance"": ""Gongen"", ""item_dimensions"": ""{\u0022height\u0022: \u00223.5\u0022, \u0022width\u0022: \u00222.5\u0022, \u0022unit\u0022: \u0022inch\u0022}""}",017cb0cd-aeb7-4c0b-941d-4f48d13f8145,77ff2cee-c2be-4c71-9275-58f9b7c8442f,Spirit Theft,Spirit Theft,{},wars-trading-card-game_incursion_spirit-theft
f616df43-b95f-4380-869e-f302e4b49e91,third-party-document,0,0,"{""obverse"": ""wars-trading-card-game_incursion_spite"", ""reverse"": ""wars-trading-card-game_card-back""}","{""name_printed"": ""Spite"", ""rarity"": ""Rare"", ""type"": ""Interrupt"", ""allegiance"": ""Quay"", ""item_dimensions"": ""{\u0022height\u0022: \u00223.5\u0022, \u0022width\u0022: \u00222.5\u0022, \u0022unit\u0022: \u0022inch\u0022}""}",017cb0cd-aeb7-4c0b-941d-4f48d13f8145,77ff2cee-c2be-4c71-9275-58f9b7c8442f,Spite,Spite,{},wars-trading-card-game_incursion_spite
0d49b2c2-8b7f-4a94-9a4a-992e21b50d16,third-party-document,0,0,"{""obverse"": ""wars-trading-card-game_incursion_spite-(foil)"", ""reverse"": ""wars-trading-card-game_card-back""}","{""name_printed"": ""Spite"", ""functional_disambiguator"": ""Foil"", ""rarity"": ""Ultra Rare"", ""print_finish"": ""Foil"", ""type"": ""Interrupt"", ""item_dimensions"": ""{\u0022height\u0022: \u00223.5\u0022, \u0022width\u0022: \u00222.5\u0022, \u0022unit\u0022: \u0022inch\u0022}""}",017cb0cd-aeb7-4c0b-941d-4f48d13f8145,77ff2cee-c2be-4c71-9275-58f9b7c8442f,Spite (Foil),Spite (Foil),{},wars-trading-card-game_incursion_spite-(foil)
c5520988-2c8f-447a-8c99-d4c1dbf16b09,third-party-document,0,0,"{""obverse"": ""wars-trading-card-game_incursion_sprinkle's-deal"", ""reverse"": ""wars-trading-card-game_card-back""}","{""name_printed"": ""Sprinkle's Deal"", ""rarity"": ""Rare"", ""type"": ""Interrupt"", ""allegiance"": ""Maverick"", ""item_dimensions"": ""{\u0022height\u0022: \u00223.5\u0022, \u0022width\u0022: \u00222.5\u0022, \u0022unit\u0022: \u0022inch\u0022}""}",017cb0cd-aeb7-4c0b-941d-4f48d13f8145,77ff2cee-c2be-4c71-9275-58f9b7c8442f,Sprinkle's Deal,Sprinkle's Deal,{},wars-trading-card-game_incursion_sprinkle's-deal
82f98b97-a69a-4cbc-8e1c-fcb16d908a2b,item,1,0,"{""obverse"": ""wars-trading-card-game_incursion_squadron-lead"", ""reverse"": ""wars-trading-card-game_card-back""}","{""name_printed"": ""Squadron Lead"", ""rarity"": ""Common"", ""type"": ""Ship"", ""allegiance"": ""Shi"", ""item_dimensions"": ""{\u0022height\u0022: \u00223.5\u0022, \u0022width\u0022: \u00222.5\u0022, \u0022unit\u0022: \u0022inch\u0022}""}",017cb0cd-aeb7-4c0b-941d-4f48d13f8145,77ff2cee-c2be-4c71-9275-58f9b7c8442f,Squadron Lead,Squadron Lead,{},wars-trading-card-game_incursion_squadron-lead
2bca8de9-27cd-4876-bc9f-aa1300baa212,item,1,0,"{""obverse"": ""wars-trading-card-game_incursion_starhawk"", ""reverse"": ""wars-trading-card-game_card-back""}","{""name_printed"": ""Starhawk"", ""rarity"": ""Uncommon"", ""type"": ""Character"", ""allegiance"": ""Maverick"", ""item_dimensions"": ""{\u0022height\u0022: \u00223.5\u0022, \u0022width\u0022: \u00222.5\u0022, \u0022unit\u0022: \u0022inch\u0022}""}",017cb0cd-aeb7-4c0b-941d-4f48d13f8145,77ff2cee-c2be-4c71-9275-58f9b7c8442f,Starhawk,Starhawk,{},wars-trading-card-game_incursion_starhawk
ff995446-9782-4ccc-a99a-5a85783dd6ee,item,1,0,"{""obverse"": ""wars-trading-card-game_incursion_state-of-readiness-[foil]"", ""reverse"": ""wars-trading-card-game_card-back""}","{""name_printed"": ""State of Readiness"", ""variant_disambiguator"": ""Foil"", ""rarity"": ""Ultra Rare"", ""print_finish"": ""Foil"", ""type"": ""Interrupt"", ""item_dimensions"": ""{\u0022height\u0022: \u00223.5\u0022, \u0022width\u0022: \u00222.5\u0022, \u0022unit\u0022: \u0022inch\u0022}""}",017cb0cd-aeb7-4c0b-941d-4f48d13f8145,77ff2cee-c2be-4c71-9275-58f9b7c8442f,State of Readiness,State of Readiness [Foil],{},wars-trading-card-game_incursion_state-of-readiness-[foil]
3dd56f7d-9524-4e26-9ca4-000f4225db83,third-party-document,0,0,"{""obverse"": ""wars-trading-card-game_incursion_state-of-readiness-[non-foil]"", ""reverse"": ""wars-trading-card-game_card-back""}","{""name_printed"": ""State of Readiness"", ""variant_disambiguator"": ""Non-Foil"", ""rarity"": ""Uncommon"", ""print_finish"": ""Non-Foil"", ""type"": ""Interrupt"", ""allegiance"": ""Earther"", ""item_dimensions"": ""{\u0022height\u0022: \u00223.5\u0022, \u0022width\u0022: \u00222.5\u0022, \u0022unit\u0022: \u0022inch\u0022}""}",017cb0cd-aeb7-4c0b-941d-4f48d13f8145,77ff2cee-c2be-4c71-9275-58f9b7c8442f,State of Readiness,State of Readiness [Non-Foil],{},wars-trading-card-game_incursion_state-of-readiness-[non-foil]
70b45e14-7a8b-426d-8607-c0814e1de9a4,item,1,0,"{""obverse"": ""wars-trading-card-game_incursion_stinger"", ""reverse"": ""wars-trading-card-game_card-back""}","{""name_printed"": ""Stinger"", ""rarity"": ""Common"", ""type"": ""Vehicle"", ""allegiance"": ""Maverick"", ""item_dimensions"": ""{\u0022height\u0022: \u00223.5\u0022, \u0022width\u0022: \u00222.5\u0022, \u0022unit\u0022: \u0022inch\u0022}""}",017cb0cd-aeb7-4c0b-941d-4f48d13f8145,77ff2cee-c2be-4c71-9275-58f9b7c8442f,Stinger,Stinger,{},wars-trading-card-game_incursion_stinger
b90dad79-6291-487e-8fec-b12bf4000355,item,1,0,"{""obverse"": ""wars-trading-card-game_incursion_subjugate"", ""reverse"": ""wars-trading-card-game_card-back""}","{""name_printed"": ""Subjugate"", ""rarity"": ""Uncommon"", ""type"": ""Interrupt"", ""allegiance"": ""Shi"", ""item_dimensions"": ""{\u0022height\u0022: \u00223.5\u0022, \u0022width\u0022: \u00222.5\u0022, \u0022unit\u0022: \u0022inch\u0022}""}",017cb0cd-aeb7-4c0b-941d-4f48d13f8145,77ff2cee-c2be-4c71-9275-58f9b7c8442f,Subjugate,Subjugate,{},wars-trading-card-game_incursion_subjugate
e6db2bd8-1693-4c3f-ba3d-f19e50144fd3,item,1,0,"{""obverse"": ""wars-trading-card-game_incursion_sudden-approach"", ""reverse"": ""wars-trading-card-game_card-back""}","{""name_printed"": ""Sudden Approach"", ""rarity"": ""Uncommon"", ""type"": ""Interrupt"", ""allegiance"": ""Earther"", ""item_dimensions"": ""{\u0022height\u0022: \u00223.5\u0022, \u0022width\u0022: \u00222.5\u0022, \u0022unit\u0022: \u0022inch\u0022}""}",017cb0cd-aeb7-4c0b-941d-4f48d13f8145,77ff2cee-c2be-4c71-9275-58f9b7c8442f,Sudden Approach,Sudden Approach,{},wars-trading-card-game_incursion_sudden-approach
96ceb31c-1a87-4462-9f17-7dd3d78f0d71,third-party-document,0,0,"{""obverse"": ""wars-trading-card-game_incursion_sudeva-escort"", ""reverse"": ""wars-trading-card-game_card-back""}","{""name_printed"": ""Sudeva Escort"", ""rarity"": ""Uncommon"", ""type"": ""Ship"", ""allegiance"": ""Shi"", ""item_dimensions"": ""{\u0022height\u0022: \u00223.5\u0022, \u0022width\u0022: \u00222.5\u0022, \u0022unit\u0022: \u0022inch\u0022}""}",017cb0cd-aeb7-4c0b-941d-4f48d13f8145,77ff2cee-c2be-4c71-9275-58f9b7c8442f,Sudeva Escort,Sudeva Escort,{},wars-trading-card-game_incursion_sudeva-escort
01d8b8ae-62b6-4d32-8dff-d974067aca3e,item,1,0,"{""obverse"": ""wars-trading-card-game_incursion_sudeva-legionnaire"", ""reverse"": ""wars-trading-card-game_card-back""}","{""name_printed"": ""Sudeva Legionnaire"", ""rarity"": ""Uncommon"", ""type"": ""Character"", ""allegiance"": ""Shi"", ""item_dimensions"": ""{\u0022height\u0022: \u00223.5\u0022, \u0022width\u0022: \u00222.5\u0022, \u0022unit\u0022: \u0022inch\u0022}""}",017cb0cd-aeb7-4c0b-941d-4f48d13f8145,77ff2cee-c2be-4c71-9275-58f9b7c8442f,Sudeva Legionnaire,Sudeva Legionnaire,{},wars-trading-card-game_incursion_sudeva-legionnaire
77b43603-1755-4a33-9e33-f4c4b7e120a9,item,1,0,"{""obverse"": ""wars-trading-card-game_incursion_sudeva-quarrel"", ""reverse"": ""wars-trading-card-game_card-back""}","{""name_printed"": ""Sudeva Quarrel"", ""rarity"": ""Common"", ""type"": ""Ship"", ""allegiance"": ""Shi"", ""item_dimensions"": ""{\u0022height\u0022: \u00223.5\u0022, \u0022width\u0022: \u00222.5\u0022, \u0022unit\u0022: \u0022inch\u0022}""}",017cb0cd-aeb7-4c0b-941d-4f48d13f8145,77ff2cee-c2be-4c71-9275-58f9b7c8442f,Sudeva Quarrel,Sudeva Quarrel,{},wars-trading-card-game_incursion_sudeva-quarrel
cc79981e-6d3e-4d15-89f0-ad4b605b2dd6,third-party-document,0,0,"{""obverse"": ""wars-trading-card-game_incursion_sudeva-warrior"", ""reverse"": ""wars-trading-card-game_card-back""}","{""name_printed"": ""Sudeva Warrior"", ""rarity"": ""Uncommon"", ""type"": ""Character"", ""allegiance"": ""Shi"", ""item_dimensions"": ""{\u0022height\u0022: \u00223.5\u0022, \u0022width\u0022: \u00222.5\u0022, \u0022unit\u0022: \u0022inch\u0022}""}",017cb0cd-aeb7-4c0b-941d-4f48d13f8145,77ff2cee-c2be-4c71-9275-58f9b7c8442f,Sudeva Warrior,Sudeva Warrior,{},wars-trading-card-game_incursion_sudeva-warrior
95fa72ac-5907-4c10-9f47-7b525e3580c3,item,1,0,"{""obverse"": ""wars-trading-card-game_incursion_sultry-opportunist-[foil]"", ""reverse"": ""wars-trading-card-game_card-back""}","{""name_printed"": ""Sultry Opportunist"", ""variant_disambiguator"": ""Foil"", ""rarity"": ""Ultra Rare"", ""print_finish"": ""Foil"", ""type"": ""Character"", ""item_dimensions"": ""{\u0022height\u0022: \u00223.5\u0022, \u0022width\u0022: \u00222.5\u0022, \u0022unit\u0022: \u0022inch\u0022}""}",017cb0cd-aeb7-4c0b-941d-4f48d13f8145,77ff2cee-c2be-4c71-9275-58f9b7c8442f,Sultry Opportunist,Sultry Opportunist [Foil],{},wars-trading-card-game_incursion_sultry-opportunist-[foil]
c17d8867-117c-4bcb-972c-fc3cd347c8a7,item,1,0,"{""obverse"": ""wars-trading-card-game_incursion_sultry-opportunist-[non-foil]"", ""reverse"": ""wars-trading-card-game_card-back""}","{""name_printed"": ""Sultry Opportunist"", ""variant_disambiguator"": ""Non-Foil"", ""rarity"": ""Uncommon"", ""type"": ""Character"", ""allegiance"": ""Maverick"", ""item_dimensions"": ""{\u0022height\u0022: \u00223.5\u0022, \u0022width\u0022: \u00222.5\u0022, \u0022unit\u0022: \u0022inch\u0022}""}",017cb0cd-aeb7-4c0b-941d-4f48d13f8145,77ff2cee-c2be-4c71-9275-58f9b7c8442f,Sultry Opportunist,Sultry Opportunist [Non-Foil],{},wars-trading-card-game_incursion_sultry-opportunist-[non-foil]
739050de-27fd-4ae7-8496-7ceb27162d21,third-party-document,0,0,"{""obverse"": ""wars-trading-card-game_incursion_sumadar-damir"", ""reverse"": ""wars-trading-card-game_card-back""}","{""name_printed"": ""Sumadar-Damir"", ""rarity"": ""Rare"", ""type"": ""Character"", ""allegiance"": ""Shi"", ""item_dimensions"": ""{\u0022height\u0022: \u00223.5\u0022, \u0022width\u0022: \u00222.5\u0022, \u0022unit\u0022: \u0022inch\u0022}""}",017cb0cd-aeb7-4c0b-941d-4f48d13f8145,77ff2cee-c2be-4c71-9275-58f9b7c8442f,Sumadar-Damir,Sumadar-Damir,{},wars-trading-card-game_incursion_sumadar-damir
b714797a-ff68-4af1-aad6-29d047a45e15,item,1,0,"{""obverse"": ""wars-trading-card-game_incursion_survey-cruiser-[foil]"", ""reverse"": ""wars-trading-card-game_card-back""}","{""name_printed"": ""Survey Cruiser"", ""variant_disambiguator"": ""Foil"", ""rarity"": ""Ultra Rare"", ""print_finish"": ""Foil"", ""type"": ""Ship"", ""item_dimensions"": ""{\u0022height\u0022: \u00223.5\u0022, \u0022width\u0022: \u00222.5\u0022, \u0022unit\u0022: \u0022inch\u0022}""}",017cb0cd-aeb7-4c0b-941d-4f48d13f8145,77ff2cee-c2be-4c71-9275-58f9b7c8442f,Survey Cruiser,Survey Cruiser [Foil],{},wars-trading-card-game_incursion_survey-cruiser-[foil]
cc7a72ca-aa1c-463c-97da-0816a1aa0d8d,item,1,0,"{""obverse"": ""wars-trading-card-game_incursion_survey-cruiser-[non-foil]"", ""reverse"": ""wars-trading-card-game_card-back""}","{""name_printed"": ""Survey Cruiser"", ""variant_disambiguator"": ""Non-Foil"", ""rarity"": ""Common"", ""type"": ""Ship"", ""allegiance"": ""Earther"", ""item_dimensions"": ""{\u0022height\u0022: \u00223.5\u0022, \u0022width\u0022: \u00222.5\u0022, \u0022unit\u0022: \u0022inch\u0022}""}",017cb0cd-aeb7-4c0b-941d-4f48d13f8145,77ff2cee-c2be-4c71-9275-58f9b7c8442f,Survey Cruiser,Survey Cruiser [Non-Foil],{},wars-trading-card-game_incursion_survey-cruiser-[non-foil]
ba054fcc-74ee-4620-b963-9157369a5377,item,1,0,"{""obverse"": ""wars-trading-card-game_incursion_swift-response"", ""reverse"": ""wars-trading-card-game_card-back""}","{""name_printed"": ""Swift Response"", ""rarity"": ""Uncommon"", ""type"": ""Interrupt"", ""allegiance"": ""Gongen"", ""item_dimensions"": ""{\u0022height\u0022: \u00223.5\u0022, \u0022width\u0022: \u00222.5\u0022, \u0022unit\u0022: \u0022inch\u0022}""}",017cb0cd-aeb7-4c0b-941d-4f48d13f8145,77ff2cee-c2be-4c71-9275-58f9b7c8442f,Swift Response,Swift Response,{},wars-trading-card-game_incursion_swift-response
1401b989-5704-4d6c-a219-1a70f322ff0f,third-party-document,0,0,"{""obverse"": ""wars-trading-card-game_incursion_syndicate-interference"", ""reverse"": ""wars-trading-card-game_card-back""}","{""name_printed"": ""Syndicate Interference"", ""rarity"": ""Rare"", ""type"": ""Interrupt"", ""allegiance"": ""Earther"", ""item_dimensions"": ""{\u0022height\u0022: \u00223.5\u0022, \u0022width\u0022: \u00222.5\u0022, \u0022unit\u0022: \u0022inch\u0022}""}",017cb0cd-aeb7-4c0b-941d-4f48d13f8145,77ff2cee-c2be-4c71-9275-58f9b7c8442f,Syndicate Interference,Syndicate Interference,{},wars-trading-card-game_incursion_syndicate-interference
28b19a6b-4b91-4448-8098-bdf7b4984798,item,1,0,"{""obverse"": ""wars-trading-card-game_incursion_t-s-v--command-post"", ""reverse"": ""wars-trading-card-game_card-back""}","{""name_printed"": ""T.S.V. Command Post"", ""rarity"": ""Uncommon"", ""type"": ""Vehicle"", ""allegiance"": ""Gongen"", ""item_dimensions"": ""{\u0022height\u0022: \u00223.5\u0022, \u0022width\u0022: \u00222.5\u0022, \u0022unit\u0022: \u0022inch\u0022}""}",017cb0cd-aeb7-4c0b-941d-4f48d13f8145,77ff2cee-c2be-4c71-9275-58f9b7c8442f,T.S.V. Command Post,T.S.V. Command Post,{},wars-trading-card-game_incursion_t-s-v--command-post
c9272747-2b6e-423d-9fde-5259629f6348,item,1,0,"{""obverse"": ""wars-trading-card-game_incursion_tahka-chuluk-squad"", ""reverse"": ""wars-trading-card-game_card-back""}","{""name_printed"": ""Tahka Chuluk Squad"", ""rarity"": ""Uncommon"", ""type"": ""Character"", ""allegiance"": ""Quay"", ""item_dimensions"": ""{\u0022height\u0022: \u00223.5\u0022, \u0022width\u0022: \u00222.5\u0022, \u0022unit\u0022: \u0022inch\u0022}""}",017cb0cd-aeb7-4c0b-941d-4f48d13f8145,77ff2cee-c2be-4c71-9275-58f9b7c8442f,Tahka Chuluk Squad,Tahka Chuluk Squad,{},wars-trading-card-game_incursion_tahka-chuluk-squad
faadd491-3c20-46c9-8de5-823fcbdb6978,third-party-document,0,0,"{""obverse"": ""wars-trading-card-game_incursion_tahka-disruptor"", ""reverse"": ""wars-trading-card-game_card-back""}","{""name_printed"": ""Tahka Disruptor"", ""rarity"": ""Rare"", ""type"": ""Character"", ""allegiance"": ""Quay"", ""item_dimensions"": ""{\u0022height\u0022: \u00223.5\u0022, \u0022width\u0022: \u00222.5\u0022, \u0022unit\u0022: \u0022inch\u0022}""}",017cb0cd-aeb7-4c0b-941d-4f48d13f8145,77ff2cee-c2be-4c71-9275-58f9b7c8442f,Tahka Disruptor,Tahka Disruptor,{},wars-trading-card-game_incursion_tahka-disruptor
90f56cc5-86b3-44a4-ab23-25a0b1e85326,item,1,0,"{""obverse"": ""wars-trading-card-game_incursion_tahka-life-ship"", ""reverse"": ""wars-trading-card-game_card-back""}","{""name_printed"": ""Tahka Life Ship"", ""rarity"": ""Common"", ""type"": ""Ship"", ""allegiance"": ""Quay"", ""item_dimensions"": ""{\u0022height\u0022: \u00223.5\u0022, \u0022width\u0022: \u00222.5\u0022, \u0022unit\u0022: \u0022inch\u0022}""}",017cb0cd-aeb7-4c0b-941d-4f48d13f8145,77ff2cee-c2be-4c71-9275-58f9b7c8442f,Tahka Life Ship,Tahka Life Ship,{},wars-trading-card-game_incursion_tahka-life-ship
c30dccfe-148f-4b35-831f-d7164233397a,item,1,0,"{""obverse"": ""wars-trading-card-game_incursion_tahka-quarrel"", ""reverse"": ""wars-trading-card-game_card-back""}","{""name_printed"": ""Tahka Quarrel"", ""rarity"": ""Uncommon"", ""type"": ""Ship"", ""allegiance"": ""Quay"", ""item_dimensions"": ""{\u0022height\u0022: \u00223.5\u0022, \u0022width\u0022: \u00222.5\u0022, \u0022unit\u0022: \u0022inch\u0022}""}",017cb0cd-aeb7-4c0b-941d-4f48d13f8145,77ff2cee-c2be-4c71-9275-58f9b7c8442f,Tahka Quarrel,Tahka Quarrel,{},wars-trading-card-game_incursion_tahka-quarrel
96b628a6-ac88-49fd-8a93-37c86e32f784,item,1,0,"{""obverse"": ""wars-trading-card-game_incursion_taihu"", ""reverse"": ""wars-trading-card-game_card-back""}","{""name_printed"": ""Taihu"", ""rarity"": ""Uncommon"", ""type"": ""Weapon"", ""allegiance"": ""Gongen"", ""item_dimensions"": ""{\u0022height\u0022: \u00223.5\u0022, \u0022width\u0022: \u00222.5\u0022, \u0022unit\u0022: \u0022inch\u0022}""}",017cb0cd-aeb7-4c0b-941d-4f48d13f8145,77ff2cee-c2be-4c71-9275-58f9b7c8442f,Taihu,Taihu,{},wars-trading-card-game_incursion_taihu
9c373ae6-0b6a-4bd1-8cee-9e338eaa1410,item,1,0,"{""obverse"": ""wars-trading-card-game_incursion_talkan"", ""reverse"": ""wars-trading-card-game_card-back""}","{""name_printed"": ""Talkan"", ""rarity"": ""Fixed"", ""print_finish"": ""Foil"", ""type"": ""Character"", ""item_dimensions"": ""{\u0022height\u0022: \u00223.5\u0022, \u0022width\u0022: \u00222.5\u0022, \u0022unit\u0022: \u0022inch\u0022}""}",017cb0cd-aeb7-4c0b-941d-4f48d13f8145,77ff2cee-c2be-4c71-9275-58f9b7c8442f,Talkan,Talkan,{},wars-trading-card-game_incursion_talkan
763d9c7a-2486-4cce-83bb-bc2731877e80,third-party-document,0,0,"{""obverse"": ""wars-trading-card-game_incursion_tamon"", ""reverse"": ""wars-trading-card-game_card-back""}","{""name_printed"": ""Tamon"", ""rarity"": ""Rare"", ""type"": ""Ship"", ""allegiance"": ""Gongen"", ""item_dimensions"": ""{\u0022height\u0022: \u00223.5\u0022, \u0022width\u0022: \u00222.5\u0022, \u0022unit\u0022: \u0022inch\u0022}""}",017cb0cd-aeb7-4c0b-941d-4f48d13f8145,77ff2cee-c2be-4c71-9275-58f9b7c8442f,Tamon,Tamon,{},wars-trading-card-game_incursion_tamon
71c579df-8150-41f0-8086-862a2af6f479,item,1,0,"{""obverse"": ""wars-trading-card-game_incursion_tamon-fighter"", ""reverse"": ""wars-trading-card-game_card-back""}","{""name_printed"": ""Tamon Fighter"", ""rarity"": ""Common"", ""type"": ""Ship"", ""allegiance"": ""Gongen"", ""item_dimensions"": ""{\u0022height\u0022: \u00223.5\u0022, \u0022width\u0022: \u00222.5\u0022, \u0022unit\u0022: \u0022inch\u0022}""}",017cb0cd-aeb7-4c0b-941d-4f48d13f8145,77ff2cee-c2be-4c71-9275-58f9b7c8442f,Tamon Fighter,Tamon Fighter,{},wars-trading-card-game_incursion_tamon-fighter
bff0777a-a6fb-40b9-a249-88dc3b5d43fc,third-party-document,0,0,"{""obverse"": ""wars-trading-card-game_incursion_tavang-damir"", ""reverse"": ""wars-trading-card-game_card-back""}","{""name_printed"": ""Tavang-Damir"", ""rarity"": ""Rare"", ""type"": ""Character"", ""allegiance"": ""Shi"", ""item_dimensions"": ""{\u0022height\u0022: \u00223.5\u0022, \u0022width\u0022: \u00222.5\u0022, \u0022unit\u0022: \u0022inch\u0022}""}",017cb0cd-aeb7-4c0b-941d-4f48d13f8145,77ff2cee-c2be-4c71-9275-58f9b7c8442f,Tavang-Damir,Tavang-Damir,{},wars-trading-card-game_incursion_tavang-damir
ee2ae642-358e-4e3f-add6-7badd1859042,item,1,0,"{""obverse"": ""wars-trading-card-game_incursion_the-beckoning"", ""reverse"": ""wars-trading-card-game_card-back""}","{""name_printed"": ""The Beckoning"", ""rarity"": ""Common"", ""type"": ""Order"", ""allegiance"": ""Quay"", ""item_dimensions"": ""{\u0022height\u0022: \u00223.5\u0022, \u0022width\u0022: \u00222.5\u0022, \u0022unit\u0022: \u0022inch\u0022}""}",017cb0cd-aeb7-4c0b-941d-4f48d13f8145,77ff2cee-c2be-4c71-9275-58f9b7c8442f,The Beckoning,The Beckoning,{},wars-trading-card-game_incursion_the-beckoning
fc758bed-d9c2-4b15-ad6d-22dfc4ea5313,item,1,0,"{""obverse"": ""wars-trading-card-game_incursion_the-gambler-[foil]"", ""reverse"": ""wars-trading-card-game_card-back""}","{""name_printed"": ""The Gambler"", ""variant_disambiguator"": ""Foil"", ""rarity"": ""Ultra Rare"", ""print_finish"": ""Foil"", ""type"": ""Character"", ""item_dimensions"": ""{\u0022height\u0022: \u00223.5\u0022, \u0022width\u0022: \u00222.5\u0022, \u0022unit\u0022: \u0022inch\u0022}""}",017cb0cd-aeb7-4c0b-941d-4f48d13f8145,77ff2cee-c2be-4c71-9275-58f9b7c8442f,The Gambler,The Gambler [Foil],{},wars-trading-card-game_incursion_the-gambler-[foil]
1c33db12-95fc-478f-b81e-2cedf7402ed8,third-party-document,0,0,"{""obverse"": ""wars-trading-card-game_incursion_the-gambler-[non-foil]"", ""reverse"": ""wars-trading-card-game_card-back""}","{""name_printed"": ""The Gambler"", ""variant_disambiguator"": ""Non-Foil"", ""rarity"": ""Rare"", ""print_finish"": ""Non-Foil"", ""type"": ""Character"", ""allegiance"": ""Maverick"", ""item_dimensions"": ""{\u0022height\u0022: \u00223.5\u0022, \u0022width\u0022: \u00222.5\u0022, \u0022unit\u0022: \u0022inch\u0022}""}",017cb0cd-aeb7-4c0b-941d-4f48d13f8145,77ff2cee-c2be-4c71-9275-58f9b7c8442f,The Gambler,The Gambler [Non-Foil],{},wars-trading-card-game_incursion_the-gambler-[non-foil]
cca23791-31f6-4223-85ed-8ed6a9b8bb9c,item,1,0,"{""obverse"": ""wars-trading-card-game_incursion_themis-landing-pad"", ""reverse"": ""wars-trading-card-game_card-back""}","{""name_printed"": ""Themis/Landing Pad"", ""rarity"": ""Common"", ""type"": ""Location"", ""item_dimensions"": ""{\u0022height\u0022: \u00223.5\u0022, \u0022width\u0022: \u00222.5\u0022, \u0022unit\u0022: \u0022inch\u0022}""}",017cb0cd-aeb7-4c0b-941d-4f48d13f8145,77ff2cee-c2be-4c71-9275-58f9b7c8442f,Themis/Landing Pad,Themis/Landing Pad,{},wars-trading-card-game_incursion_themis-landing-pad
dcb8eaee-2bdc-4b66-a93e-b77ceca59393,item,1,0,"{""obverse"": ""wars-trading-card-game_incursion_themis-mobile-asteroid"", ""reverse"": ""wars-trading-card-game_card-back""}","{""name_printed"": ""Themis/Mobile Asteroid"", ""rarity"": ""Common"", ""type"": ""Location"", ""item_dimensions"": ""{\u0022height\u0022: \u00223.5\u0022, \u0022width\u0022: \u00222.5\u0022, \u0022unit\u0022: \u0022inch\u0022}""}",017cb0cd-aeb7-4c0b-941d-4f48d13f8145,77ff2cee-c2be-4c71-9275-58f9b7c8442f,Themis/Mobile Asteroid,Themis/Mobile Asteroid,{},wars-trading-card-game_incursion_themis-mobile-asteroid
80344ed3-35ba-4b74-aa1f-56d0f599ca22,item,1,0,"{""obverse"": ""wars-trading-card-game_incursion_tilak-quarrel"", ""reverse"": ""wars-trading-card-game_card-back""}","{""name_printed"": ""Tilak Quarrel"", ""rarity"": ""Common"", ""type"": ""Ship"", ""allegiance"": ""Shi"", ""item_dimensions"": ""{\u0022height\u0022: \u00223.5\u0022, \u0022width\u0022: \u00222.5\u0022, \u0022unit\u0022: \u0022inch\u0022}""}",017cb0cd-aeb7-4c0b-941d-4f48d13f8145,77ff2cee-c2be-4c71-9275-58f9b7c8442f,Tilak Quarrel,Tilak Quarrel,{},wars-trading-card-game_incursion_tilak-quarrel
ddf852d8-f581-497d-81f1-ebf7f619af82,third-party-document,0,0,"{""obverse"": ""wars-trading-card-game_incursion_titan-raving-red's-refuge"", ""reverse"": ""wars-trading-card-game_card-back""}","{""name_printed"": ""Titan/Raving Red's Refuge"", ""rarity"": ""Rare"", ""type"": ""Location"", ""item_dimensions"": ""{\u0022height\u0022: \u00223.5\u0022, \u0022width\u0022: \u00222.5\u0022, \u0022unit\u0022: \u0022inch\u0022}""}",017cb0cd-aeb7-4c0b-941d-4f48d13f8145,77ff2cee-c2be-4c71-9275-58f9b7c8442f,Titan/Raving Red's Refuge,Titan/Raving Red's Refuge,{},wars-trading-card-game_incursion_titan-raving-red's-refuge
14b33822-2303-4966-9d53-4649a4730517,third-party-document,0,0,"{""obverse"": ""wars-trading-card-game_incursion_top-pair"", ""reverse"": ""wars-trading-card-game_card-back""}","{""name_printed"": ""Top Pair"", ""rarity"": ""Rare"", ""type"": ""Asset"", ""allegiance"": ""Maverick"", ""item_dimensions"": ""{\u0022height\u0022: \u00223.5\u0022, \u0022width\u0022: \u00222.5\u0022, \u0022unit\u0022: \u0022inch\u0022}""}",017cb0cd-aeb7-4c0b-941d-4f48d13f8145,77ff2cee-c2be-4c71-9275-58f9b7c8442f,Top Pair,Top Pair,{},wars-trading-card-game_incursion_top-pair
d37125dd-805f-4d6e-9396-ea8cfb63edd4,item,1,0,"{""obverse"": ""wars-trading-card-game_incursion_torrid-katal"", ""reverse"": ""wars-trading-card-game_card-back""}","{""name_printed"": ""Torrid Katal"", ""rarity"": ""Common"", ""type"": ""Character"", ""allegiance"": ""Quay"", ""item_dimensions"": ""{\u0022height\u0022: \u00223.5\u0022, \u0022width\u0022: \u00222.5\u0022, \u0022unit\u0022: \u0022inch\u0022}""}",017cb0cd-aeb7-4c0b-941d-4f48d13f8145,77ff2cee-c2be-4c71-9275-58f9b7c8442f,Torrid Katal,Torrid Katal,{},wars-trading-card-game_incursion_torrid-katal
a3b0685b-b333-4fc1-a153-ccd09fd9aa29,item,1,0,"{""obverse"": ""wars-trading-card-game_incursion_traginium-heist"", ""reverse"": ""wars-trading-card-game_card-back""}","{""name_printed"": ""Traginium Heist"", ""rarity"": ""Common"", ""type"": ""Interrupt"", ""allegiance"": ""Maverick"", ""item_dimensions"": ""{\u0022height\u0022: \u00223.5\u0022, \u0022width\u0022: \u00222.5\u0022, \u0022unit\u0022: \u0022inch\u0022}""}",017cb0cd-aeb7-4c0b-941d-4f48d13f8145,77ff2cee-c2be-4c71-9275-58f9b7c8442f,Traginium Heist,Traginium Heist,{},wars-trading-card-game_incursion_traginium-heist
27da2e8d-caff-45f3-b72b-e1b9368a3730,item,1,0,"{""obverse"": ""wars-trading-card-game_incursion_transport-depot"", ""reverse"": ""wars-trading-card-game_card-back""}","{""name_printed"": ""Transport Depot"", ""rarity"": ""Uncommon"", ""type"": ""Asset"", ""allegiance"": ""Independent"", ""item_dimensions"": ""{\u0022height\u0022: \u00223.5\u0022, \u0022width\u0022: \u00222.5\u0022, \u0022unit\u0022: \u0022inch\u0022}""}",017cb0cd-aeb7-4c0b-941d-4f48d13f8145,77ff2cee-c2be-4c71-9275-58f9b7c8442f,Transport Depot,Transport Depot,{},wars-trading-card-game_incursion_transport-depot
8a24cfe3-550a-4790-b324-8f60725bf0db,third-party-document,0,0,"{""obverse"": ""wars-trading-card-game_incursion_transport-vessel"", ""reverse"": ""wars-trading-card-game_card-back""}","{""name_printed"": ""Transport Vessel"", ""rarity"": ""Rare"", ""type"": ""Ship"", ""allegiance"": ""Shi"", ""item_dimensions"": ""{\u0022height\u0022: \u00223.5\u0022, \u0022width\u0022: \u00222.5\u0022, \u0022unit\u0022: \u0022inch\u0022}""}",017cb0cd-aeb7-4c0b-941d-4f48d13f8145,77ff2cee-c2be-4c71-9275-58f9b7c8442f,Transport Vessel,Transport Vessel,{},wars-trading-card-game_incursion_transport-vessel
e4ab4ef9-a44e-4d32-ae39-1ea744f7c0bc,third-party-document,0,0,"{""obverse"": ""wars-trading-card-game_incursion_trumped"", ""reverse"": ""wars-trading-card-game_card-back""}","{""name_printed"": ""Trumped"", ""rarity"": ""Uncommon"", ""type"": ""Interrupt"", ""allegiance"": ""Maverick"", ""item_dimensions"": ""{\u0022height\u0022: \u00223.5\u0022, \u0022width\u0022: \u00222.5\u0022, \u0022unit\u0022: \u0022inch\u0022}""}",017cb0cd-aeb7-4c0b-941d-4f48d13f8145,77ff2cee-c2be-4c71-9275-58f9b7c8442f,Trumped,Trumped,{},wars-trading-card-game_incursion_trumped
7ac97741-e725-48ad-83e8-95c6b4809b52,item,1,0,"{""obverse"": ""wars-trading-card-game_incursion_tunnels"", ""reverse"": ""wars-trading-card-game_card-back""}","{""name_printed"": ""Tunnels"", ""rarity"": ""Uncommon"", ""type"": ""Order"", ""allegiance"": ""Quay"", ""item_dimensions"": ""{\u0022height\u0022: \u00223.5\u0022, \u0022width\u0022: \u00222.5\u0022, \u0022unit\u0022: \u0022inch\u0022}""}",017cb0cd-aeb7-4c0b-941d-4f48d13f8145,77ff2cee-c2be-4c71-9275-58f9b7c8442f,Tunnels,Tunnels,{},wars-trading-card-game_incursion_tunnels
e28a8d4c-7c19-4063-b5c6-0c13327752ed,third-party-document,0,0,"{""obverse"": ""wars-trading-card-game_incursion_two-way-berson"", ""reverse"": ""wars-trading-card-game_card-back""}","{""name_printed"": ""Two-Way Berson"", ""rarity"": ""Rare"", ""type"": ""Character"", ""allegiance"": ""Maverick"", ""item_dimensions"": ""{\u0022height\u0022: \u00223.5\u0022, \u0022width\u0022: \u00222.5\u0022, \u0022unit\u0022: \u0022inch\u0022}""}",017cb0cd-aeb7-4c0b-941d-4f48d13f8145,77ff2cee-c2be-4c71-9275-58f9b7c8442f,Two-Way Berson,Two-Way Berson,{},wars-trading-card-game_incursion_two-way-berson
c422b0c0-2bc1-4103-a947-0153a6df7f6c,item,1,0,"{""obverse"": ""wars-trading-card-game_incursion_type-ii-fighter"", ""reverse"": ""wars-trading-card-game_card-back""}","{""name_printed"": ""Type II Fighter"", ""rarity"": ""Common"", ""type"": ""Ship"", ""allegiance"": ""Independent"", ""item_dimensions"": ""{\u0022height\u0022: \u00223.5\u0022, \u0022width\u0022: \u00222.5\u0022, \u0022unit\u0022: \u0022inch\u0022}""}",017cb0cd-aeb7-4c0b-941d-4f48d13f8145,77ff2cee-c2be-4c71-9275-58f9b7c8442f,Type II Fighter,Type II Fighter,{},wars-trading-card-game_incursion_type-ii-fighter
4c5eb0d5-3524-4d4c-b265-2616432e494a,third-party-document,0,0,"{""obverse"": ""wars-trading-card-game_incursion_untapped-mettle"", ""reverse"": ""wars-trading-card-game_card-back""}","{""name_printed"": ""Untapped Mettle"", ""rarity"": ""Rare"", ""type"": ""Asset"", ""allegiance"": ""Earther"", ""item_dimensions"": ""{\u0022height\u0022: \u00223.5\u0022, \u0022width\u0022: \u00222.5\u0022, \u0022unit\u0022: \u0022inch\u0022}""}",017cb0cd-aeb7-4c0b-941d-4f48d13f8145,77ff2cee-c2be-4c71-9275-58f9b7c8442f,Untapped Mettle,Untapped Mettle,{},wars-trading-card-game_incursion_untapped-mettle
622f2288-1ddf-4145-b79a-05c9cf3bacd5,third-party-document,0,0,"{""obverse"": ""wars-trading-card-game_incursion_untold-power-of-visions"", ""reverse"": ""wars-trading-card-game_card-back""}","{""name_printed"": ""Untold Power of Visions"", ""rarity"": ""Rare"", ""type"": ""Asset"", ""allegiance"": ""Earther"", ""item_dimensions"": ""{\u0022height\u0022: \u00223.5\u0022, \u0022width\u0022: \u00222.5\u0022, \u0022unit\u0022: \u0022inch\u0022}""}",017cb0cd-aeb7-4c0b-941d-4f48d13f8145,77ff2cee-c2be-4c71-9275-58f9b7c8442f,Untold Power of Visions,Untold Power of Visions,{},wars-trading-card-game_incursion_untold-power-of-visions
3a084fd4-8807-4800-bdaa-06d1cd50e3ac,item,1,0,"{""obverse"": ""wars-trading-card-game_incursion_up-the-sleeve"", ""reverse"": ""wars-trading-card-game_card-back""}","{""name_printed"": ""Up the Sleeve"", ""rarity"": ""Uncommon"", ""type"": ""Interrupt"", ""allegiance"": ""Maverick"", ""item_dimensions"": ""{\u0022height\u0022: \u00223.5\u0022, \u0022width\u0022: \u00222.5\u0022, \u0022unit\u0022: \u0022inch\u0022}""}",017cb0cd-aeb7-4c0b-941d-4f48d13f8145,77ff2cee-c2be-4c71-9275-58f9b7c8442f,Up the Sleeve,Up the Sleeve,{},wars-trading-card-game_incursion_up-the-sleeve
f52f7a1e-cec0-4f73-956c-782805ff99e9,third-party-document,0,0,"{""obverse"": ""wars-trading-card-game_incursion_uv-ir739"", ""reverse"": ""wars-trading-card-game_card-back""}","{""name_printed"": ""UV-IR739"", ""rarity"": ""Rare"", ""type"": ""Character"", ""allegiance"": ""Maverick"", ""item_dimensions"": ""{\u0022height\u0022: \u00223.5\u0022, \u0022width\u0022: \u00222.5\u0022, \u0022unit\u0022: \u0022inch\u0022}""}",017cb0cd-aeb7-4c0b-941d-4f48d13f8145,77ff2cee-c2be-4c71-9275-58f9b7c8442f,UV-IR739,UV-IR739,{},wars-trading-card-game_incursion_uv-ir739
c1aea899-dfde-4198-a64d-6e19526fb84a,third-party-document,0,0,"{""obverse"": ""wars-trading-card-game_incursion_uv-ir739-(foil)"", ""reverse"": ""wars-trading-card-game_card-back""}","{""name_printed"": ""UV-IR739"", ""functional_disambiguator"": ""Foil"", ""rarity"": ""Ultra Rare"", ""print_finish"": ""Foil"", ""type"": ""Character"", ""item_dimensions"": ""{\u0022height\u0022: \u00223.5\u0022, \u0022width\u0022: \u00222.5\u0022, \u0022unit\u0022: \u0022inch\u0022}""}",017cb0cd-aeb7-4c0b-941d-4f48d13f8145,77ff2cee-c2be-4c71-9275-58f9b7c8442f,UV-IR739 (Foil),UV-IR739 (Foil),{},wars-trading-card-game_incursion_uv-ir739-(foil)
7f1ec681-bf9a-47f4-90c9-c6fcf06771b3,third-party-document,0,0,"{""obverse"": ""wars-trading-card-game_incursion_vanguard-trooper"", ""reverse"": ""wars-trading-card-game_card-back""}","{""name_printed"": ""Vanguard Trooper"", ""rarity"": ""Rare"", ""type"": ""Character"", ""allegiance"": ""Earther"", ""item_dimensions"": ""{\u0022height\u0022: \u00223.5\u0022, \u0022width\u0022: \u00222.5\u0022, \u0022unit\u0022: \u0022inch\u0022}""}",017cb0cd-aeb7-4c0b-941d-4f48d13f8145,77ff2cee-c2be-4c71-9275-58f9b7c8442f,Vanguard Trooper,Vanguard Trooper,{},wars-trading-card-game_incursion_vanguard-trooper
cae3d970-2354-4ed4-8eca-f5206b5f1746,third-party-document,0,0,"{""obverse"": ""wars-trading-card-game_incursion_vanguard-trooper-(foil)"", ""reverse"": ""wars-trading-card-game_card-back""}","{""name_printed"": ""Vanguard Trooper"", ""functional_disambiguator"": ""Foil"", ""rarity"": ""Ultra Rare"", ""print_finish"": ""Foil"", ""type"": ""Character"", ""item_dimensions"": ""{\u0022height\u0022: \u00223.5\u0022, \u0022width\u0022: \u00222.5\u0022, \u0022unit\u0022: \u0022inch\u0022}""}",017cb0cd-aeb7-4c0b-941d-4f48d13f8145,77ff2cee-c2be-4c71-9275-58f9b7c8442f,Vanguard Trooper (Foil),Vanguard Trooper (Foil),{},wars-trading-card-game_incursion_vanguard-trooper-(foil)
d43ef44e-579d-4b1b-a817-a9a2bf3578b5,third-party-document,0,0,"{""obverse"": ""wars-trading-card-game_incursion_vatarva-sudeva"", ""reverse"": ""wars-trading-card-game_card-back""}","{""name_printed"": ""Vatarva-Sudeva"", ""rarity"": ""Rare"", ""type"": ""Ship"", ""allegiance"": ""Shi"", ""item_dimensions"": ""{\u0022height\u0022: \u00223.5\u0022, \u0022width\u0022: \u00222.5\u0022, \u0022unit\u0022: \u0022inch\u0022}""}",017cb0cd-aeb7-4c0b-941d-4f48d13f8145,77ff2cee-c2be-4c71-9275-58f9b7c8442f,Vatarva-Sudeva,Vatarva-Sudeva,{},wars-trading-card-game_incursion_vatarva-sudeva
9c7ef6d6-10eb-444a-9473-e848602dbe4a,item,1,0,"{""obverse"": ""wars-trading-card-game_incursion_venus-garrison-fighter"", ""reverse"": ""wars-trading-card-game_card-back""}","{""name_printed"": ""Venus Garrison Fighter"", ""rarity"": ""Common"", ""type"": ""Ship"", ""allegiance"": ""Earther"", ""item_dimensions"": ""{\u0022height\u0022: \u00223.5\u0022, \u0022width\u0022: \u00222.5\u0022, \u0022unit\u0022: \u0022inch\u0022}""}",017cb0cd-aeb7-4c0b-941d-4f48d13f8145,77ff2cee-c2be-4c71-9275-58f9b7c8442f,Venus Garrison Fighter,Venus Garrison Fighter,{},wars-trading-card-game_incursion_venus-garrison-fighter
9b5765fa-cc07-42bd-8747-c647efd041eb,third-party-document,0,0,"{""obverse"": ""wars-trading-card-game_incursion_venus-research-base"", ""reverse"": ""wars-trading-card-game_card-back""}","{""name_printed"": ""Venus/Research Base"", ""rarity"": ""Rare"", ""type"": ""Location"", ""item_dimensions"": ""{\u0022height\u0022: \u00223.5\u0022, \u0022width\u0022: \u00222.5\u0022, \u0022unit\u0022: \u0022inch\u0022}""}",017cb0cd-aeb7-4c0b-941d-4f48d13f8145,77ff2cee-c2be-4c71-9275-58f9b7c8442f,Venus/Research Base,Venus/Research Base,{},wars-trading-card-game_incursion_venus-research-base
ed54aea1-3f08-4b61-a7e8-182a2056ba44,third-party-document,0,0,"{""obverse"": ""wars-trading-card-game_incursion_vesta-coveted-rock"", ""reverse"": ""wars-trading-card-game_card-back""}","{""name_printed"": ""Vesta/Coveted Rock"", ""rarity"": ""Rare"", ""type"": ""Location"", ""item_dimensions"": ""{\u0022height\u0022: \u00223.5\u0022, \u0022width\u0022: \u00222.5\u0022, \u0022unit\u0022: \u0022inch\u0022}""}",017cb0cd-aeb7-4c0b-941d-4f48d13f8145,77ff2cee-c2be-4c71-9275-58f9b7c8442f,Vesta/Coveted Rock,Vesta/Coveted Rock,{},wars-trading-card-game_incursion_vesta-coveted-rock
6423e7f2-cb2a-49c4-ad01-14dbf23da62f,third-party-document,0,0,"{""obverse"": ""wars-trading-card-game_incursion_vestiges"", ""reverse"": ""wars-trading-card-game_card-back""}","{""name_printed"": ""Vestiges"", ""rarity"": ""Rare"", ""type"": ""Asset"", ""allegiance"": ""Shi"", ""item_dimensions"": ""{\u0022height\u0022: \u00223.5\u0022, \u0022width\u0022: \u00222.5\u0022, \u0022unit\u0022: \u0022inch\u0022}""}",017cb0cd-aeb7-4c0b-941d-4f48d13f8145,77ff2cee-c2be-4c71-9275-58f9b7c8442f,Vestiges,Vestiges,{},wars-trading-card-game_incursion_vestiges
17babf73-7fec-4443-9e6c-8dbc29c8f92e,item,1,0,"{""obverse"": ""wars-trading-card-game_incursion_veteran-pilot"", ""reverse"": ""wars-trading-card-game_card-back""}","{""name_printed"": ""Veteran Pilot"", ""rarity"": ""Uncommon"", ""type"": ""Character"", ""allegiance"": ""Earther"", ""item_dimensions"": ""{\u0022height\u0022: \u00223.5\u0022, \u0022width\u0022: \u00222.5\u0022, \u0022unit\u0022: \u0022inch\u0022}""}",017cb0cd-aeb7-4c0b-941d-4f48d13f8145,77ff2cee-c2be-4c71-9275-58f9b7c8442f,Veteran Pilot,Veteran Pilot,{},wars-trading-card-game_incursion_veteran-pilot
80873e8c-de4c-4260-a195-769dee7d56f1,third-party-document,0,0,"{""obverse"": ""wars-trading-card-game_incursion_vishal-quarrel"", ""reverse"": ""wars-trading-card-game_card-back""}","{""name_printed"": ""Vishal Quarrel"", ""rarity"": ""Rare"", ""type"": ""Ship"", ""allegiance"": ""Shi"", ""item_dimensions"": ""{\u0022height\u0022: \u00223.5\u0022, \u0022width\u0022: \u00222.5\u0022, \u0022unit\u0022: \u0022inch\u0022}""}",017cb0cd-aeb7-4c0b-941d-4f48d13f8145,77ff2cee-c2be-4c71-9275-58f9b7c8442f,Vishal Quarrel,Vishal Quarrel,{},wars-trading-card-game_incursion_vishal-quarrel
c0467b36-019d-4ef3-9478-9e80271b4b9e,item,1,0,"{""obverse"": ""wars-trading-card-game_incursion_vishal-scout"", ""reverse"": ""wars-trading-card-game_card-back""}","{""name_printed"": ""Vishal Scout"", ""rarity"": ""Uncommon"", ""type"": ""Character"", ""allegiance"": ""Shi"", ""item_dimensions"": ""{\u0022height\u0022: \u00223.5\u0022, \u0022width\u0022: \u00222.5\u0022, \u0022unit\u0022: \u0022inch\u0022}""}",017cb0cd-aeb7-4c0b-941d-4f48d13f8145,77ff2cee-c2be-4c71-9275-58f9b7c8442f,Vishal Scout,Vishal Scout,{},wars-trading-card-game_incursion_vishal-scout
58565edd-9d0e-4731-adcb-9b5e7a4a7c0a,third-party-document,0,0,"{""obverse"": ""wars-trading-card-game_incursion_vishal-vatarma"", ""reverse"": ""wars-trading-card-game_card-back""}","{""name_printed"": ""Vishal Vatarma"", ""rarity"": ""Uncommon"", ""type"": ""Weapon"", ""allegiance"": ""Shi"", ""item_dimensions"": ""{\u0022height\u0022: \u00223.5\u0022, \u0022width\u0022: \u00222.5\u0022, \u0022unit\u0022: \u0022inch\u0022}""}",017cb0cd-aeb7-4c0b-941d-4f48d13f8145,77ff2cee-c2be-4c71-9275-58f9b7c8442f,Vishal Vatarma,Vishal Vatarma,{},wars-trading-card-game_incursion_vishal-vatarma
30b2a98e-7569-4ffc-9a4e-99063dcabcb6,item,1,0,"{""obverse"": ""wars-trading-card-game_incursion_volt-scrounge-[foil]"", ""reverse"": ""wars-trading-card-game_card-back""}","{""name_printed"": ""Volt Scrounge"", ""variant_disambiguator"": ""Foil"", ""rarity"": ""Ultra Rare"", ""print_finish"": ""Foil"", ""type"": ""Character"", ""item_dimensions"": ""{\u0022height\u0022: \u00223.5\u0022, \u0022width\u0022: \u00222.5\u0022, \u0022unit\u0022: \u0022inch\u0022}""}",017cb0cd-aeb7-4c0b-941d-4f48d13f8145,77ff2cee-c2be-4c71-9275-58f9b7c8442f,Volt Scrounge,Volt Scrounge [Foil],{},wars-trading-card-game_incursion_volt-scrounge-[foil]
1a4b98f4-e88d-477c-be22-fe1329877c10,third-party-document,0,0,"{""obverse"": ""wars-trading-card-game_incursion_volt-scrounge-[non-foil]"", ""reverse"": ""wars-trading-card-game_card-back""}","{""name_printed"": ""Volt Scrounge"", ""variant_disambiguator"": ""Non-Foil"", ""rarity"": ""Uncommon"", ""print_finish"": ""Non-Foil"", ""type"": ""Character"", ""allegiance"": ""Quay"", ""item_dimensions"": ""{\u0022height\u0022: \u00223.5\u0022, \u0022width\u0022: \u00222.5\u0022, \u0022unit\u0022: \u0022inch\u0022}""}",017cb0cd-aeb7-4c0b-941d-4f48d13f8145,77ff2cee-c2be-4c71-9275-58f9b7c8442f,Volt Scrounge,Volt Scrounge [Non-Foil],{},wars-trading-card-game_incursion_volt-scrounge-[non-foil]
3c92542c-a6e1-467d-a22b-b5616575a778,item,1,0,"{""obverse"": ""wars-trading-card-game_incursion_vulture"", ""reverse"": ""wars-trading-card-game_card-back""}","{""name_printed"": ""Vulture"", ""rarity"": ""Common"", ""type"": ""Ship"", ""allegiance"": ""Maverick"", ""item_dimensions"": ""{\u0022height\u0022: \u00223.5\u0022, \u0022width\u0022: \u00222.5\u0022, \u0022unit\u0022: \u0022inch\u0022}""}",017cb0cd-aeb7-4c0b-941d-4f48d13f8145,77ff2cee-c2be-4c71-9275-58f9b7c8442f,Vulture,Vulture,{},wars-trading-card-game_incursion_vulture
6fa07671-58e2-4bbb-8d50-70f026324c7c,third-party-document,0,0,"{""obverse"": ""wars-trading-card-game_incursion_waylaid"", ""reverse"": ""wars-trading-card-game_card-back""}","{""name_printed"": ""Waylaid"", ""rarity"": ""Rare"", ""type"": ""Interrupt"", ""allegiance"": ""Quay"", ""item_dimensions"": ""{\u0022height\u0022: \u00223.5\u0022, \u0022width\u0022: \u00222.5\u0022, \u0022unit\u0022: \u0022inch\u0022}""}",017cb0cd-aeb7-4c0b-941d-4f48d13f8145,77ff2cee-c2be-4c71-9275-58f9b7c8442f,Waylaid,Waylaid,{},wars-trading-card-game_incursion_waylaid
989c5c51-923e-4bab-b8ac-4c504f66ab35,item,1,0,"{""obverse"": ""wars-trading-card-game_incursion_well-concealed-charge"", ""reverse"": ""wars-trading-card-game_card-back""}","{""name_printed"": ""Well-concealed Charge"", ""rarity"": ""Common"", ""type"": ""Asset"", ""allegiance"": ""Shi"", ""item_dimensions"": ""{\u0022height\u0022: \u00223.5\u0022, \u0022width\u0022: \u00222.5\u0022, \u0022unit\u0022: \u0022inch\u0022}""}",017cb0cd-aeb7-4c0b-941d-4f48d13f8145,77ff2cee-c2be-4c71-9275-58f9b7c8442f,Well-concealed Charge,Well-concealed Charge,{},wars-trading-card-game_incursion_well-concealed-charge
d9f40377-ba0d-4568-869d-76205d0e2acd,item,1,0,"{""obverse"": ""wars-trading-card-game_incursion_zealous-squad"", ""reverse"": ""wars-trading-card-game_card-back""}","{""name_printed"": ""Zealous Squad"", ""rarity"": ""Common"", ""type"": ""Character"", ""allegiance"": ""Earther"", ""item_dimensions"": ""{\u0022height\u0022: \u00223.5\u0022, \u0022width\u0022: \u00222.5\u0022, \u0022unit\u0022: \u0022inch\u0022}""}",017cb0cd-aeb7-4c0b-941d-4f48d13f8145,77ff2cee-c2be-4c71-9275-58f9b7c8442f,Zealous Squad,Zealous Squad,{},wars-trading-card-game_incursion_zealous-squad
a2aabb6b-33c3-4574-bfe5-f50f75aa9f0f,item,1,0,"{""obverse"": ""wars-trading-card-game_incursion_zocho-[foil]"", ""reverse"": ""wars-trading-card-game_card-back""}","{""name_printed"": ""Zocho"", ""variant_disambiguator"": ""Foil"", ""rarity"": ""Ultra Rare"", ""print_finish"": ""Foil"", ""type"": ""Ship"", ""item_dimensions"": ""{\u0022height\u0022: \u00223.5\u0022, \u0022width\u0022: \u00222.5\u0022, \u0022unit\u0022: \u0022inch\u0022}""}",017cb0cd-aeb7-4c0b-941d-4f48d13f8145,77ff2cee-c2be-4c71-9275-58f9b7c8442f,Zocho,Zocho [Foil],{},wars-trading-card-game_incursion_zocho-[foil]
6b1cc2d5-1c4f-47f5-8ebd-1ca4e6875372,item,1,0,"{""obverse"": ""wars-trading-card-game_incursion_zocho-[non-foil]"", ""reverse"": ""wars-trading-card-game_card-back""}","{""name_printed"": ""Zocho"", ""variant_disambiguator"": ""Non-Foil"", ""rarity"": ""Uncommon"", ""type"": ""Ship"", ""allegiance"": ""Gongen"", ""item_dimensions"": ""{\u0022height\u0022: \u00223.5\u0022, \u0022width\u0022: \u00222.5\u0022, \u0022unit\u0022: \u0022inch\u0022}""}",017cb0cd-aeb7-4c0b-941d-4f48d13f8145,77ff2cee-c2be-4c71-9275-58f9b7c8442f,Zocho,Zocho [Non-Foil],{},wars-trading-card-game_incursion_zocho-[non-foil]
f6c68c56-774b-409c-af02-729566eb7e46,item,1,0,"{""obverse"": ""wars-trading-card-game_incursion_zocho-fighter"", ""reverse"": ""wars-trading-card-game_card-back""}","{""name_printed"": ""Zocho Fighter"", ""rarity"": ""Common"", ""type"": ""Ship"", ""allegiance"": ""Gongen"", ""item_dimensions"": ""{\u0022height\u0022: \u00223.5\u0022, \u0022width\u0022: \u00222.5\u0022, \u0022unit\u0022: \u0022inch\u0022}""}",017cb0cd-aeb7-4c0b-941d-4f48d13f8145,77ff2cee-c2be-4c71-9275-58f9b7c8442f,Zocho Fighter,Zocho Fighter,{},wars-trading-card-game_incursion_zocho-fighter
5d678f74-5a37-4129-a491-e9f825316935,item,1,0,"{""obverse"": ""wars-trading-card-game_nowhere-to-hide_aftermath"", ""reverse"": ""wars-trading-card-game_card-back""}","{""name_printed"": ""Aftermath"", ""rarity"": ""Uncommon"", ""type"": ""Interrupt"", ""allegiance"": ""Earther"", ""item_dimensions"": ""{\u0022height\u0022: \u00223.5\u0022, \u0022width\u0022: \u00222.5\u0022, \u0022unit\u0022: \u0022inch\u0022}""}",017cb0cd-aeb7-4c0b-941d-4f48d13f8145,5abe5d8d-3829-48de-aee1-4d70a8d2ad25,Aftermath,Aftermath,{},wars-trading-card-game_nowhere-to-hide_aftermath
393e878a-0db1-424c-afba-2394c41a13bb,item,1,0,"{""obverse"": ""wars-trading-card-game_nowhere-to-hide_alcove-of-panacea"", ""reverse"": ""wars-trading-card-game_card-back""}","{""name_printed"": ""Alcove of Panacea"", ""rarity"": ""Uncommon"", ""type"": ""Asset"", ""allegiance"": ""Shi"", ""item_dimensions"": ""{\u0022height\u0022: \u00223.5\u0022, \u0022width\u0022: \u00222.5\u0022, \u0022unit\u0022: \u0022inch\u0022}""}",017cb0cd-aeb7-4c0b-941d-4f48d13f8145,5abe5d8d-3829-48de-aee1-4d70a8d2ad25,Alcove of Panacea,Alcove of Panacea,{},wars-trading-card-game_nowhere-to-hide_alcove-of-panacea
01cbf662-c0dd-48c8-b163-46449e28e8d3,item,1,0,"{""obverse"": ""wars-trading-card-game_nowhere-to-hide_anakatika"", ""reverse"": ""wars-trading-card-game_card-back""}","{""name_printed"": ""Anakatika"", ""rarity"": ""Uncommon"", ""type"": ""Ship"", ""allegiance"": ""Quay"", ""item_dimensions"": ""{\u0022height\u0022: \u00223.5\u0022, \u0022width\u0022: \u00222.5\u0022, \u0022unit\u0022: \u0022inch\u0022}""}",017cb0cd-aeb7-4c0b-941d-4f48d13f8145,5abe5d8d-3829-48de-aee1-4d70a8d2ad25,Anakatika,Anakatika,{},wars-trading-card-game_nowhere-to-hide_anakatika
30a66e03-035f-49a8-86ba-45cc39186dde,item,1,0,"{""obverse"": ""wars-trading-card-game_nowhere-to-hide_arethusa-remote-power-plant"", ""reverse"": ""wars-trading-card-game_card-back""}","{""name_printed"": ""Arethusa/Remote Power Plant"", ""rarity"": ""Common"", ""type"": ""Location (Sector)"", ""item_dimensions"": ""{\u0022height\u0022: \u00223.5\u0022, \u0022width\u0022: \u00222.5\u0022, \u0022unit\u0022: \u0022inch\u0022}""}",017cb0cd-aeb7-4c0b-941d-4f48d13f8145,5abe5d8d-3829-48de-aee1-4d70a8d2ad25,Arethusa/Remote Power Plant,Arethusa/Remote Power Plant,{},wars-trading-card-game_nowhere-to-hide_arethusa-remote-power-plant
b14e1de8-f0c7-4438-aeb6-0cda2a521bc2,third-party-document,0,0,"{""obverse"": ""wars-trading-card-game_nowhere-to-hide_aris-thantos"", ""reverse"": ""wars-trading-card-game_card-back""}","{""name_printed"": ""Aris Thantos"", ""rarity"": ""Rare"", ""type"": ""Character"", ""allegiance"": ""Maverick"", ""item_dimensions"": ""{\u0022height\u0022: \u00223.5\u0022, \u0022width\u0022: \u00222.5\u0022, \u0022unit\u0022: \u0022inch\u0022}""}",017cb0cd-aeb7-4c0b-941d-4f48d13f8145,5abe5d8d-3829-48de-aee1-4d70a8d2ad25,Aris Thantos,Aris Thantos,{},wars-trading-card-game_nowhere-to-hide_aris-thantos
ccf01803-7df7-48d9-a553-f0f512c1c482,item,1,0,"{""obverse"": ""wars-trading-card-game_nowhere-to-hide_ashmahi-anant"", ""reverse"": ""wars-trading-card-game_card-back""}","{""name_printed"": ""Ashmahi-Anant"", ""rarity"": ""Rare"", ""type"": ""Character"", ""allegiance"": ""Shi"", ""item_dimensions"": ""{\u0022height\u0022: \u00223.5\u0022, \u0022width\u0022: \u00222.5\u0022, \u0022unit\u0022: \u0022inch\u0022}""}",017cb0cd-aeb7-4c0b-941d-4f48d13f8145,5abe5d8d-3829-48de-aee1-4d70a8d2ad25,Ashmahi-Anant,Ashmahi-Anant,{},wars-trading-card-game_nowhere-to-hide_ashmahi-anant
b4eb7453-5069-4e5c-8acb-2ae2bb658a10,item,1,0,"{""obverse"": ""wars-trading-card-game_nowhere-to-hide_assault-carbine"", ""reverse"": ""wars-trading-card-game_card-back""}","{""name_printed"": ""Assault Carbine"", ""rarity"": ""Common"", ""type"": ""Weapon"", ""allegiance"": ""Shi"", ""item_dimensions"": ""{\u0022height\u0022: \u00223.5\u0022, \u0022width\u0022: \u00222.5\u0022, \u0022unit\u0022: \u0022inch\u0022}""}",017cb0cd-aeb7-4c0b-941d-4f48d13f8145,5abe5d8d-3829-48de-aee1-4d70a8d2ad25,Assault Carbine,Assault Carbine,{},wars-trading-card-game_nowhere-to-hide_assault-carbine
0f60f8ac-570b-4f80-9eaa-f4c387ec5911,item,1,0,"{""obverse"": ""wars-trading-card-game_nowhere-to-hide_attack-plan"", ""reverse"": ""wars-trading-card-game_card-back""}","{""name_printed"": ""Attack Plan"", ""rarity"": ""Common"", ""type"": ""Interrupt"", ""allegiance"": ""Quay"", ""item_dimensions"": ""{\u0022height\u0022: \u00223.5\u0022, \u0022width\u0022: \u00222.5\u0022, \u0022unit\u0022: \u0022inch\u0022}""}",017cb0cd-aeb7-4c0b-941d-4f48d13f8145,5abe5d8d-3829-48de-aee1-4d70a8d2ad25,Attack Plan,Attack Plan,{},wars-trading-card-game_nowhere-to-hide_attack-plan
533c49b5-24c6-477e-a94b-0766d3e600ca,item,1,0,"{""obverse"": ""wars-trading-card-game_nowhere-to-hide_banak-ilnasit"", ""reverse"": ""wars-trading-card-game_card-back""}","{""name_printed"": ""Banak Ilnasit"", ""rarity"": ""Rare"", ""type"": ""Character"", ""allegiance"": ""Quay"", ""item_dimensions"": ""{\u0022height\u0022: \u00223.5\u0022, \u0022width\u0022: \u00222.5\u0022, \u0022unit\u0022: \u0022inch\u0022}""}",017cb0cd-aeb7-4c0b-941d-4f48d13f8145,5abe5d8d-3829-48de-aee1-4d70a8d2ad25,Banak Ilnasit,Banak Ilnasit,{},wars-trading-card-game_nowhere-to-hide_banak-ilnasit
1770c616-34b8-4cf3-991e-cd1113de08ca,item,1,0,"{""obverse"": ""wars-trading-card-game_nowhere-to-hide_battleaxe-boden"", ""reverse"": ""wars-trading-card-game_card-back""}","{""name_printed"": ""Battleaxe Boden"", ""rarity"": ""Rare"", ""type"": ""Character"", ""allegiance"": ""Maverick"", ""item_dimensions"": ""{\u0022height\u0022: \u00223.5\u0022, \u0022width\u0022: \u00222.5\u0022, \u0022unit\u0022: \u0022inch\u0022}""}",017cb0cd-aeb7-4c0b-941d-4f48d13f8145,5abe5d8d-3829-48de-aee1-4d70a8d2ad25,Battleaxe Boden,Battleaxe Boden,{},wars-trading-card-game_nowhere-to-hide_battleaxe-boden
7604faba-613a-4ae0-946a-77b0698c9a13,third-party-document,0,0,"{""obverse"": ""wars-trading-card-game_nowhere-to-hide_battleaxe-boden-(foil)"", ""reverse"": ""wars-trading-card-game_card-back""}","{""name_printed"": ""Battleaxe Boden"", ""functional_disambiguator"": ""Foil"", ""rarity"": ""Ultra Rare"", ""print_finish"": ""Foil"", ""type"": ""Character"", ""item_dimensions"": ""{\u0022height\u0022: \u00223.5\u0022, \u0022width\u0022: \u00222.5\u0022, \u0022unit\u0022: \u0022inch\u0022}""}",017cb0cd-aeb7-4c0b-941d-4f48d13f8145,5abe5d8d-3829-48de-aee1-4d70a8d2ad25,Battleaxe Boden (Foil),Battleaxe Boden (Foil),{},wars-trading-card-game_nowhere-to-hide_battleaxe-boden-(foil)
15fbd5a0-21b9-480c-9668-b52c63588c2a,item,1,0,"{""obverse"": ""wars-trading-card-game_nowhere-to-hide_begging-for-mercy"", ""reverse"": ""wars-trading-card-game_card-back""}","{""name_printed"": ""Begging for Mercy"", ""rarity"": ""Rare"", ""type"": ""Interrupt"", ""allegiance"": ""Maverick"", ""item_dimensions"": ""{\u0022height\u0022: \u00223.5\u0022, \u0022width\u0022: \u00222.5\u0022, \u0022unit\u0022: \u0022inch\u0022}""}",017cb0cd-aeb7-4c0b-941d-4f48d13f8145,5abe5d8d-3829-48de-aee1-4d70a8d2ad25,Begging for Mercy,Begging for Mercy,{},wars-trading-card-game_nowhere-to-hide_begging-for-mercy
3feba6ce-532d-4757-b372-51b9b8b80c8f,item,1,0,"{""obverse"": ""wars-trading-card-game_nowhere-to-hide_belt-derelict-freighter"", ""reverse"": ""wars-trading-card-game_card-back""}","{""name_printed"": ""Belt/Derelict Freighter"", ""rarity"": ""Uncommon"", ""type"": ""Location (Sector)"", ""item_dimensions"": ""{\u0022height\u0022: \u00223.5\u0022, \u0022width\u0022: \u00222.5\u0022, \u0022unit\u0022: \u0022inch\u0022}""}",017cb0cd-aeb7-4c0b-941d-4f48d13f8145,5abe5d8d-3829-48de-aee1-4d70a8d2ad25,Belt/Derelict Freighter,Belt/Derelict Freighter,{},wars-trading-card-game_nowhere-to-hide_belt-derelict-freighter
5899d968-a77e-44e6-ada1-66226bf8395a,item,1,0,"{""obverse"": ""wars-trading-card-game_nowhere-to-hide_belt-navigation-corridor"", ""reverse"": ""wars-trading-card-game_card-back""}","{""name_printed"": ""Belt/Navigation Corridor"", ""rarity"": ""Uncommon"", ""type"": ""Location (Sector)"", ""item_dimensions"": ""{\u0022height\u0022: \u00223.5\u0022, \u0022width\u0022: \u00222.5\u0022, \u0022unit\u0022: \u0022inch\u0022}""}",017cb0cd-aeb7-4c0b-941d-4f48d13f8145,5abe5d8d-3829-48de-aee1-4d70a8d2ad25,Belt/Navigation Corridor,Belt/Navigation Corridor,{},wars-trading-card-game_nowhere-to-hide_belt-navigation-corridor
ac002d82-0228-4c04-90da-1bd4e5091b41,item,1,0,"{""obverse"": ""wars-trading-card-game_nowhere-to-hide_belt-pilgrim's-holdings"", ""reverse"": ""wars-trading-card-game_card-back""}","{""name_printed"": ""Belt/Pilgrim's Holdings"", ""rarity"": ""Uncommon"", ""type"": ""Location (Sector)"", ""item_dimensions"": ""{\u0022height\u0022: \u00223.5\u0022, \u0022width\u0022: \u00222.5\u0022, \u0022unit\u0022: \u0022inch\u0022}""}",017cb0cd-aeb7-4c0b-941d-4f48d13f8145,5abe5d8d-3829-48de-aee1-4d70a8d2ad25,Belt/Pilgrim's Holdings,Belt/Pilgrim's Holdings,{},wars-trading-card-game_nowhere-to-hide_belt-pilgrim's-holdings
1c488168-2868-4132-8acf-72af80fcb1e6,item,1,0,"{""obverse"": ""wars-trading-card-game_nowhere-to-hide_belt-runner"", ""reverse"": ""wars-trading-card-game_card-back""}","{""name_printed"": ""Belt Runner"", ""rarity"": ""Common"", ""type"": ""Ship"", ""allegiance"": ""Maverick"", ""item_dimensions"": ""{\u0022height\u0022: \u00223.5\u0022, \u0022width\u0022: \u00222.5\u0022, \u0022unit\u0022: \u0022inch\u0022}""}",017cb0cd-aeb7-4c0b-941d-4f48d13f8145,5abe5d8d-3829-48de-aee1-4d70a8d2ad25,Belt Runner,Belt Runner,{},wars-trading-card-game_nowhere-to-hide_belt-runner
24bc8442-686d-4312-8492-f329317d7af3,item,1,0,"{""obverse"": ""wars-trading-card-game_nowhere-to-hide_blinding-scream"", ""reverse"": ""wars-trading-card-game_card-back""}","{""name_printed"": ""Blinding Scream"", ""rarity"": ""Uncommon"", ""type"": ""Interrupt"", ""allegiance"": ""Shi"", ""item_dimensions"": ""{\u0022height\u0022: \u00223.5\u0022, \u0022width\u0022: \u00222.5\u0022, \u0022unit\u0022: \u0022inch\u0022}""}",017cb0cd-aeb7-4c0b-941d-4f48d13f8145,5abe5d8d-3829-48de-aee1-4d70a8d2ad25,Blinding Scream,Blinding Scream,{},wars-trading-card-game_nowhere-to-hide_blinding-scream
a1d79c68-8023-404e-bdd4-9fc5d8a91a08,item,1,0,"{""obverse"": ""wars-trading-card-game_nowhere-to-hide_breaching"", ""reverse"": ""wars-trading-card-game_card-back""}","{""name_printed"": ""Breaching"", ""rarity"": ""Uncommon"", ""type"": ""Interrupt"", ""allegiance"": ""Quay"", ""item_dimensions"": ""{\u0022height\u0022: \u00223.5\u0022, \u0022width\u0022: \u00222.5\u0022, \u0022unit\u0022: \u0022inch\u0022}""}",017cb0cd-aeb7-4c0b-941d-4f48d13f8145,5abe5d8d-3829-48de-aee1-4d70a8d2ad25,Breaching,Breaching,{},wars-trading-card-game_nowhere-to-hide_breaching
06e41593-992e-442e-b183-70dac60ad197,item,1,0,"{""obverse"": ""wars-trading-card-game_nowhere-to-hide_carabinier"", ""reverse"": ""wars-trading-card-game_card-back""}","{""name_printed"": ""Carabinier"", ""rarity"": ""Common"", ""type"": ""Character"", ""allegiance"": ""Shi"", ""item_dimensions"": ""{\u0022height\u0022: \u00223.5\u0022, \u0022width\u0022: \u00222.5\u0022, \u0022unit\u0022: \u0022inch\u0022}""}",017cb0cd-aeb7-4c0b-941d-4f48d13f8145,5abe5d8d-3829-48de-aee1-4d70a8d2ad25,Carabinier,Carabinier,{},wars-trading-card-game_nowhere-to-hide_carabinier
2cb344d5-a229-4c35-aa13-8d22d0cc1c15,item,1,0,"{""obverse"": ""wars-trading-card-game_nowhere-to-hide_careless-cat"", ""reverse"": ""wars-trading-card-game_card-back""}","{""name_printed"": ""Careless Cat"", ""rarity"": ""Uncommon"", ""type"": ""Character"", ""allegiance"": ""Maverick"", ""item_dimensions"": ""{\u0022height\u0022: \u00223.5\u0022, \u0022width\u0022: \u00222.5\u0022, \u0022unit\u0022: \u0022inch\u0022}""}",017cb0cd-aeb7-4c0b-941d-4f48d13f8145,5abe5d8d-3829-48de-aee1-4d70a8d2ad25,Careless Cat,Careless Cat,{},wars-trading-card-game_nowhere-to-hide_careless-cat
0f00b59b-b94e-451a-918d-5865bfbc116c,item,1,0,"{""obverse"": ""wars-trading-card-game_nowhere-to-hide_cat's-claw"", ""reverse"": ""wars-trading-card-game_card-back""}","{""name_printed"": ""Cat's Claw"", ""rarity"": ""Rare"", ""type"": ""Ship"", ""allegiance"": ""Maverick"", ""item_dimensions"": ""{\u0022height\u0022: \u00223.5\u0022, \u0022width\u0022: \u00222.5\u0022, \u0022unit\u0022: \u0022inch\u0022}""}",017cb0cd-aeb7-4c0b-941d-4f48d13f8145,5abe5d8d-3829-48de-aee1-4d70a8d2ad25,Cat's Claw,Cat's Claw,{},wars-trading-card-game_nowhere-to-hide_cat's-claw
53b22a54-fee8-44f4-aa1e-2770a65538c2,third-party-document,0,0,"{""obverse"": ""wars-trading-card-game_nowhere-to-hide_cat's-claw-(foil)"", ""reverse"": ""wars-trading-card-game_card-back""}","{""name_printed"": ""Cat's Claw"", ""functional_disambiguator"": ""Foil"", ""rarity"": ""Ultra Rare"", ""print_finish"": ""Foil"", ""type"": ""Ship"", ""item_dimensions"": ""{\u0022height\u0022: \u00223.5\u0022, \u0022width\u0022: \u00222.5\u0022, \u0022unit\u0022: \u0022inch\u0022}""}",017cb0cd-aeb7-4c0b-941d-4f48d13f8145,5abe5d8d-3829-48de-aee1-4d70a8d2ad25,Cat's Claw (Foil),Cat's Claw (Foil),{},wars-trading-card-game_nowhere-to-hide_cat's-claw-(foil)
7c31125c-95b3-4fa8-ad61-af902c5ee6a3,third-party-document,0,0,"{""obverse"": ""wars-trading-card-game_nowhere-to-hide_chameleon"", ""reverse"": ""wars-trading-card-game_card-back""}","{""name_printed"": ""Chameleon"", ""rarity"": ""Rare"", ""type"": ""Asset"", ""allegiance"": ""Maverick"", ""item_dimensions"": ""{\u0022height\u0022: \u00223.5\u0022, \u0022width\u0022: \u00222.5\u0022, \u0022unit\u0022: \u0022inch\u0022}""}",017cb0cd-aeb7-4c0b-941d-4f48d13f8145,5abe5d8d-3829-48de-aee1-4d70a8d2ad25,Chameleon,Chameleon,{},wars-trading-card-game_nowhere-to-hide_chameleon
fe9dc4d7-2ec5-4154-b2b6-ae00b2be6567,item,1,0,"{""obverse"": ""wars-trading-card-game_nowhere-to-hide_cheng-lin-[foil]"", ""reverse"": ""wars-trading-card-game_card-back""}","{""name_printed"": ""Cheng Lin"", ""variant_disambiguator"": ""Foil"", ""rarity"": ""Ultra Rare"", ""print_finish"": ""Foil"", ""type"": ""Character"", ""item_dimensions"": ""{\u0022height\u0022: \u00223.5\u0022, \u0022width\u0022: \u00222.5\u0022, \u0022unit\u0022: \u0022inch\u0022}""}",017cb0cd-aeb7-4c0b-941d-4f48d13f8145,5abe5d8d-3829-48de-aee1-4d70a8d2ad25,Cheng Lin,Cheng Lin [Foil],{},wars-trading-card-game_nowhere-to-hide_cheng-lin-[foil]
b52f76fa-6db1-49f4-ad5a-2fc908e2cbe2,item,1,0,"{""obverse"": ""wars-trading-card-game_nowhere-to-hide_cheng-lin-[non-foil]"", ""reverse"": ""wars-trading-card-game_card-back""}","{""name_printed"": ""Cheng Lin"", ""variant_disambiguator"": ""Non-Foil"", ""rarity"": ""Rare"", ""type"": ""Character"", ""allegiance"": ""Gongen"", ""item_dimensions"": ""{\u0022height\u0022: \u00223.5\u0022, \u0022width\u0022: \u00222.5\u0022, \u0022unit\u0022: \u0022inch\u0022}""}",017cb0cd-aeb7-4c0b-941d-4f48d13f8145,5abe5d8d-3829-48de-aee1-4d70a8d2ad25,Cheng Lin,Cheng Lin [Non-Foil],{},wars-trading-card-game_nowhere-to-hide_cheng-lin-[non-foil]
1a4e1f99-f344-4313-a7bf-ce04dbe51061,item,1,0,"{""obverse"": ""wars-trading-card-game_nowhere-to-hide_chindon-relk"", ""reverse"": ""wars-trading-card-game_card-back""}","{""name_printed"": ""Chindon Relk"", ""rarity"": ""Uncommon"", ""type"": ""Character"", ""allegiance"": ""Earther"", ""item_dimensions"": ""{\u0022height\u0022: \u00223.5\u0022, \u0022width\u0022: \u00222.5\u0022, \u0022unit\u0022: \u0022inch\u0022}""}",017cb0cd-aeb7-4c0b-941d-4f48d13f8145,5abe5d8d-3829-48de-aee1-4d70a8d2ad25,Chindon Relk,Chindon Relk,{},wars-trading-card-game_nowhere-to-hide_chindon-relk
f2c2e0c7-ec1b-45b3-9f09-3310bd541e2c,item,1,0,"{""obverse"": ""wars-trading-card-game_nowhere-to-hide_cisyn-coordinators"", ""reverse"": ""wars-trading-card-game_card-back""}","{""name_printed"": ""CISyn Coordinators"", ""rarity"": ""Common"", ""type"": ""Character"", ""allegiance"": ""Earther"", ""item_dimensions"": ""{\u0022height\u0022: \u00223.5\u0022, \u0022width\u0022: \u00222.5\u0022, \u0022unit\u0022: \u0022inch\u0022}""}",017cb0cd-aeb7-4c0b-941d-4f48d13f8145,5abe5d8d-3829-48de-aee1-4d70a8d2ad25,CISyn Coordinators,CISyn Coordinators,{},wars-trading-card-game_nowhere-to-hide_cisyn-coordinators
1823328d-79b4-48e8-84e8-e26b9fe16211,item,1,0,"{""obverse"": ""wars-trading-card-game_nowhere-to-hide_clandestine-team"", ""reverse"": ""wars-trading-card-game_card-back""}","{""name_printed"": ""Clandestine Team"", ""rarity"": ""Common"", ""type"": ""Character"", ""allegiance"": ""Quay"", ""item_dimensions"": ""{\u0022height\u0022: \u00223.5\u0022, \u0022width\u0022: \u00222.5\u0022, \u0022unit\u0022: \u0022inch\u0022}""}",017cb0cd-aeb7-4c0b-941d-4f48d13f8145,5abe5d8d-3829-48de-aee1-4d70a8d2ad25,Clandestine Team,Clandestine Team,{},wars-trading-card-game_nowhere-to-hide_clandestine-team
0628ea29-a9fa-45ac-8d0a-3e2cc9d8e24c,item,1,0,"{""obverse"": ""wars-trading-card-game_nowhere-to-hide_claviger"", ""reverse"": ""wars-trading-card-game_card-back""}","{""name_printed"": ""Claviger"", ""rarity"": ""Uncommon"", ""type"": ""Character"", ""allegiance"": ""Shi"", ""item_dimensions"": ""{\u0022height\u0022: \u00223.5\u0022, \u0022width\u0022: \u00222.5\u0022, \u0022unit\u0022: \u0022inch\u0022}""}",017cb0cd-aeb7-4c0b-941d-4f48d13f8145,5abe5d8d-3829-48de-aee1-4d70a8d2ad25,Claviger,Claviger,{},wars-trading-card-game_nowhere-to-hide_claviger
6bcac9a1-bef9-43a1-aa10-cbcbf5b26cc2,item,1,0,"{""obverse"": ""wars-trading-card-game_nowhere-to-hide_combat-support-t-s-v-"", ""reverse"": ""wars-trading-card-game_card-back""}","{""name_printed"": ""Combat Support T.S.V."", ""rarity"": ""Uncommon"", ""type"": ""Vehicle"", ""allegiance"": ""Gongen"", ""item_dimensions"": ""{\u0022height\u0022: \u00223.5\u0022, \u0022width\u0022: \u00222.5\u0022, \u0022unit\u0022: \u0022inch\u0022}""}",017cb0cd-aeb7-4c0b-941d-4f48d13f8145,5abe5d8d-3829-48de-aee1-4d70a8d2ad25,Combat Support T.S.V.,Combat Support T.S.V.,{},wars-trading-card-game_nowhere-to-hide_combat-support-t-s-v-
7415d325-60ba-4d60-bf54-420e204b9c4c,item,1,0,"{""obverse"": ""wars-trading-card-game_nowhere-to-hide_construction-bot"", ""reverse"": ""wars-trading-card-game_card-back""}","{""name_printed"": ""Construction Bot"", ""rarity"": ""Common"", ""type"": ""Character"", ""allegiance"": ""Independent"", ""item_dimensions"": ""{\u0022height\u0022: \u00223.5\u0022, \u0022width\u0022: \u00222.5\u0022, \u0022unit\u0022: \u0022inch\u0022}""}",017cb0cd-aeb7-4c0b-941d-4f48d13f8145,5abe5d8d-3829-48de-aee1-4d70a8d2ad25,Construction Bot,Construction Bot,{},wars-trading-card-game_nowhere-to-hide_construction-bot
0cf65d0f-476a-4342-945c-9bad1f5d2486,item,1,0,"{""obverse"": ""wars-trading-card-game_nowhere-to-hide_cornered-[foil]"", ""reverse"": ""wars-trading-card-game_card-back""}","{""name_printed"": ""Cornered"", ""variant_disambiguator"": ""Foil"", ""rarity"": ""Ultra Rare"", ""print_finish"": ""Foil"", ""type"": ""Interrupt"", ""item_dimensions"": ""{\u0022height\u0022: \u00223.5\u0022, \u0022width\u0022: \u00222.5\u0022, \u0022unit\u0022: \u0022inch\u0022}""}",017cb0cd-aeb7-4c0b-941d-4f48d13f8145,5abe5d8d-3829-48de-aee1-4d70a8d2ad25,Cornered,Cornered [Foil],{},wars-trading-card-game_nowhere-to-hide_cornered-[foil]
ff7786c4-b32d-43be-afde-fbc63d037d4a,item,1,0,"{""obverse"": ""wars-trading-card-game_nowhere-to-hide_cornered-[non-foil]"", ""reverse"": ""wars-trading-card-game_card-back""}","{""name_printed"": ""Cornered"", ""variant_disambiguator"": ""Non-Foil"", ""rarity"": ""Common"", ""type"": ""Interrupt"", ""allegiance"": ""Shi"", ""item_dimensions"": ""{\u0022height\u0022: \u00223.5\u0022, \u0022width\u0022: \u00222.5\u0022, \u0022unit\u0022: \u0022inch\u0022}""}",017cb0cd-aeb7-4c0b-941d-4f48d13f8145,5abe5d8d-3829-48de-aee1-4d70a8d2ad25,Cornered,Cornered [Non-Foil],{},wars-trading-card-game_nowhere-to-hide_cornered-[non-foil]
67092b8a-b863-4a90-a580-7da1b3fd0791,item,1,0,"{""obverse"": ""wars-trading-card-game_nowhere-to-hide_cribber"", ""reverse"": ""wars-trading-card-game_card-back""}","{""name_printed"": ""Cribber"", ""rarity"": ""Common"", ""type"": ""Character"", ""allegiance"": ""Maverick"", ""item_dimensions"": ""{\u0022height\u0022: \u00223.5\u0022, \u0022width\u0022: \u00222.5\u0022, \u0022unit\u0022: \u0022inch\u0022}""}",017cb0cd-aeb7-4c0b-941d-4f48d13f8145,5abe5d8d-3829-48de-aee1-4d70a8d2ad25,Cribber,Cribber,{},wars-trading-card-game_nowhere-to-hide_cribber
6bda2d7a-f28c-4222-a3d7-1158bd889235,item,1,0,"{""obverse"": ""wars-trading-card-game_nowhere-to-hide_crippled"", ""reverse"": ""wars-trading-card-game_card-back""}","{""name_printed"": ""Crippled"", ""rarity"": ""Rare"", ""type"": ""Asset"", ""allegiance"": ""Shi"", ""item_dimensions"": ""{\u0022height\u0022: \u00223.5\u0022, \u0022width\u0022: \u00222.5\u0022, \u0022unit\u0022: \u0022inch\u0022}""}",017cb0cd-aeb7-4c0b-941d-4f48d13f8145,5abe5d8d-3829-48de-aee1-4d70a8d2ad25,Crippled,Crippled,{},wars-trading-card-game_nowhere-to-hide_crippled
3124b881-bcd4-44a8-b748-d1aaed53994e,item,1,0,"{""obverse"": ""wars-trading-card-game_nowhere-to-hide_crown-vessel"", ""reverse"": ""wars-trading-card-game_card-back""}","{""name_printed"": ""Crown Vessel"", ""rarity"": ""Uncommon"", ""type"": ""Ship"", ""allegiance"": ""Shi"", ""item_dimensions"": ""{\u0022height\u0022: \u00223.5\u0022, \u0022width\u0022: \u00222.5\u0022, \u0022unit\u0022: \u0022inch\u0022}""}",017cb0cd-aeb7-4c0b-941d-4f48d13f8145,5abe5d8d-3829-48de-aee1-4d70a8d2ad25,Crown Vessel,Crown Vessel,{},wars-trading-card-game_nowhere-to-hide_crown-vessel
247f7ffb-7f70-46e3-b28d-1f6292085abc,item,1,0,"{""obverse"": ""wars-trading-card-game_nowhere-to-hide_dagger-juggernaut"", ""reverse"": ""wars-trading-card-game_card-back""}","{""name_printed"": ""Dagger Juggernaut"", ""rarity"": ""Common"", ""type"": ""Vehicle"", ""allegiance"": ""Earther"", ""item_dimensions"": ""{\u0022height\u0022: \u00223.5\u0022, \u0022width\u0022: \u00222.5\u0022, \u0022unit\u0022: \u0022inch\u0022}""}",017cb0cd-aeb7-4c0b-941d-4f48d13f8145,5abe5d8d-3829-48de-aee1-4d70a8d2ad25,Dagger Juggernaut,Dagger Juggernaut,{},wars-trading-card-game_nowhere-to-hide_dagger-juggernaut
10f98257-ff27-47fd-a231-db63aed8576a,item,1,0,"{""obverse"": ""wars-trading-card-game_nowhere-to-hide_dagger-lead"", ""reverse"": ""wars-trading-card-game_card-back""}","{""name_printed"": ""Dagger Lead"", ""rarity"": ""Fixed"", ""print_finish"": ""Foil"", ""type"": ""Vehicle"", ""item_dimensions"": ""{\u0022height\u0022: \u00223.5\u0022, \u0022width\u0022: \u00222.5\u0022, \u0022unit\u0022: \u0022inch\u0022}""}",017cb0cd-aeb7-4c0b-941d-4f48d13f8145,5abe5d8d-3829-48de-aee1-4d70a8d2ad25,Dagger Lead,Dagger Lead,{},wars-trading-card-game_nowhere-to-hide_dagger-lead
ab671290-db2f-4aad-a2d7-723db661e2e5,item,1,0,"{""obverse"": ""wars-trading-card-game_nowhere-to-hide_dance-of-steel"", ""reverse"": ""wars-trading-card-game_card-back""}","{""name_printed"": ""Dance of Steel"", ""rarity"": ""Rare"", ""type"": ""Asset"", ""allegiance"": ""Gongen"", ""item_dimensions"": ""{\u0022height\u0022: \u00223.5\u0022, \u0022width\u0022: \u00222.5\u0022, \u0022unit\u0022: \u0022inch\u0022}""}",017cb0cd-aeb7-4c0b-941d-4f48d13f8145,5abe5d8d-3829-48de-aee1-4d70a8d2ad25,Dance of Steel,Dance of Steel,{},wars-trading-card-game_nowhere-to-hide_dance-of-steel
f373429a-59c4-4c48-861d-b2a2b512dd54,item,1,0,"{""obverse"": ""wars-trading-card-game_nowhere-to-hide_darkslider"", ""reverse"": ""wars-trading-card-game_card-back""}","{""name_printed"": ""Darkslider"", ""rarity"": ""Common"", ""type"": ""Ship"", ""allegiance"": ""Maverick"", ""item_dimensions"": ""{\u0022height\u0022: \u00223.5\u0022, \u0022width\u0022: \u00222.5\u0022, \u0022unit\u0022: \u0022inch\u0022}""}",017cb0cd-aeb7-4c0b-941d-4f48d13f8145,5abe5d8d-3829-48de-aee1-4d70a8d2ad25,Darkslider,Darkslider,{},wars-trading-card-game_nowhere-to-hide_darkslider
7f417beb-d8e7-4d36-8a69-73f7b18a1b62,item,1,0,"{""obverse"": ""wars-trading-card-game_nowhere-to-hide_death-dealer"", ""reverse"": ""wars-trading-card-game_card-back""}","{""name_printed"": ""Death Dealer"", ""rarity"": ""Common"", ""type"": ""Ship"", ""allegiance"": ""Maverick"", ""item_dimensions"": ""{\u0022height\u0022: \u00223.5\u0022, \u0022width\u0022: \u00222.5\u0022, \u0022unit\u0022: \u0022inch\u0022}""}",017cb0cd-aeb7-4c0b-941d-4f48d13f8145,5abe5d8d-3829-48de-aee1-4d70a8d2ad25,Death Dealer,Death Dealer,{},wars-trading-card-game_nowhere-to-hide_death-dealer
c37711bd-0cab-4617-bf49-ea6c51838abc,item,1,0,"{""obverse"": ""wars-trading-card-game_nowhere-to-hide_defensive-fire"", ""reverse"": ""wars-trading-card-game_card-back""}","{""name_printed"": ""Defensive Fire"", ""rarity"": ""Uncommon"", ""type"": ""Interrupt"", ""allegiance"": ""Gongen"", ""item_dimensions"": ""{\u0022height\u0022: \u00223.5\u0022, \u0022width\u0022: \u00222.5\u0022, \u0022unit\u0022: \u0022inch\u0022}""}",017cb0cd-aeb7-4c0b-941d-4f48d13f8145,5abe5d8d-3829-48de-aee1-4d70a8d2ad25,Defensive Fire,Defensive Fire,{},wars-trading-card-game_nowhere-to-hide_defensive-fire
de0c769d-79ca-487e-8325-20ecefbf1124,item,1,0,"{""obverse"": ""wars-trading-card-game_nowhere-to-hide_defensive-grid"", ""reverse"": ""wars-trading-card-game_card-back""}","{""name_printed"": ""Defensive Grid"", ""rarity"": ""Common"", ""type"": ""Interrupt"", ""allegiance"": ""Earther"", ""item_dimensions"": ""{\u0022height\u0022: \u00223.5\u0022, \u0022width\u0022: \u00222.5\u0022, \u0022unit\u0022: \u0022inch\u0022}""}",017cb0cd-aeb7-4c0b-941d-4f48d13f8145,5abe5d8d-3829-48de-aee1-4d70a8d2ad25,Defensive Grid,Defensive Grid,{},wars-trading-card-game_nowhere-to-hide_defensive-grid
e882c670-9c64-43ab-932b-bbbce99ff365,item,1,0,"{""obverse"": ""wars-trading-card-game_nowhere-to-hide_deft-attacker"", ""reverse"": ""wars-trading-card-game_card-back""}","{""name_printed"": ""Deft Attacker"", ""rarity"": ""Common"", ""type"": ""Ship"", ""allegiance"": ""Quay"", ""item_dimensions"": ""{\u0022height\u0022: \u00223.5\u0022, \u0022width\u0022: \u00222.5\u0022, \u0022unit\u0022: \u0022inch\u0022}""}",017cb0cd-aeb7-4c0b-941d-4f48d13f8145,5abe5d8d-3829-48de-aee1-4d70a8d2ad25,Deft Attacker,Deft Attacker,{},wars-trading-card-game_nowhere-to-hide_deft-attacker
8fa689af-e2dc-4acb-baf5-220bcc4130a3,third-party-document,0,0,"{""obverse"": ""wars-trading-card-game_nowhere-to-hide_dhanake-tilak"", ""reverse"": ""wars-trading-card-game_card-back""}","{""name_printed"": ""Dhanake-Tilak"", ""rarity"": ""Rare"", ""type"": ""Character"", ""allegiance"": ""Shi"", ""item_dimensions"": ""{\u0022height\u0022: \u00223.5\u0022, \u0022width\u0022: \u00222.5\u0022, \u0022unit\u0022: \u0022inch\u0022}""}",017cb0cd-aeb7-4c0b-941d-4f48d13f8145,5abe5d8d-3829-48de-aee1-4d70a8d2ad25,Dhanake-Tilak,Dhanake-Tilak,{},wars-trading-card-game_nowhere-to-hide_dhanake-tilak
253c0ec1-3783-4625-b7ba-24122d0f08c0,third-party-document,0,0,"{""obverse"": ""wars-trading-card-game_nowhere-to-hide_dhanake-tilak-(foil)"", ""reverse"": ""wars-trading-card-game_card-back""}","{""name_printed"": ""Dhanake-Tilak"", ""functional_disambiguator"": ""Foil"", ""rarity"": ""Ultra Rare"", ""print_finish"": ""Foil"", ""type"": ""Character"", ""item_dimensions"": ""{\u0022height\u0022: \u00223.5\u0022, \u0022width\u0022: \u00222.5\u0022, \u0022unit\u0022: \u0022inch\u0022}""}",017cb0cd-aeb7-4c0b-941d-4f48d13f8145,5abe5d8d-3829-48de-aee1-4d70a8d2ad25,Dhanake-Tilak (Foil),Dhanake-Tilak (Foil),{},wars-trading-card-game_nowhere-to-hide_dhanake-tilak-(foil)
fea9726c-1934-4629-9ef8-f4ebdb23ba25,item,1,0,"{""obverse"": ""wars-trading-card-game_nowhere-to-hide_do-not-push"", ""reverse"": ""wars-trading-card-game_card-back""}","{""name_printed"": ""Do Not Push"", ""rarity"": ""Uncommon"", ""type"": ""Asset"", ""allegiance"": ""Maverick"", ""item_dimensions"": ""{\u0022height\u0022: \u00223.5\u0022, \u0022width\u0022: \u00222.5\u0022, \u0022unit\u0022: \u0022inch\u0022}""}",017cb0cd-aeb7-4c0b-941d-4f48d13f8145,5abe5d8d-3829-48de-aee1-4d70a8d2ad25,Do Not Push,Do Not Push,{},wars-trading-card-game_nowhere-to-hide_do-not-push
aad8ecc7-cd4f-4f94-8e7e-8ffe006ba02b,item,1,0,"{""obverse"": ""wars-trading-card-game_nowhere-to-hide_eavesdropper"", ""reverse"": ""wars-trading-card-game_card-back""}","{""name_printed"": ""Eavesdropper"", ""rarity"": ""Uncommon"", ""type"": ""Interrupt"", ""allegiance"": ""Shi"", ""item_dimensions"": ""{\u0022height\u0022: \u00223.5\u0022, \u0022width\u0022: \u00222.5\u0022, \u0022unit\u0022: \u0022inch\u0022}""}",017cb0cd-aeb7-4c0b-941d-4f48d13f8145,5abe5d8d-3829-48de-aee1-4d70a8d2ad25,Eavesdropper,Eavesdropper,{},wars-trading-card-game_nowhere-to-hide_eavesdropper
e218d1ce-dcd7-4269-bcb2-6c09ebd4a4b5,item,1,0,"{""obverse"": ""wars-trading-card-game_nowhere-to-hide_empty-heart"", ""reverse"": ""wars-trading-card-game_card-back""}","{""name_printed"": ""Empty Heart"", ""rarity"": ""Uncommon"", ""type"": ""Asset"", ""allegiance"": ""Maverick"", ""item_dimensions"": ""{\u0022height\u0022: \u00223.5\u0022, \u0022width\u0022: \u00222.5\u0022, \u0022unit\u0022: \u0022inch\u0022}""}",017cb0cd-aeb7-4c0b-941d-4f48d13f8145,5abe5d8d-3829-48de-aee1-4d70a8d2ad25,Empty Heart,Empty Heart,{},wars-trading-card-game_nowhere-to-hide_empty-heart
6364f3ca-7b0a-4123-a222-6a1b39911a2f,item,1,0,"{""obverse"": ""wars-trading-card-game_nowhere-to-hide_encroaching-hekaton"", ""reverse"": ""wars-trading-card-game_card-back""}","{""name_printed"": ""Encroaching Hekaton"", ""rarity"": ""Common"", ""type"": ""Ship"", ""allegiance"": ""Quay"", ""item_dimensions"": ""{\u0022height\u0022: \u00223.5\u0022, \u0022width\u0022: \u00222.5\u0022, \u0022unit\u0022: \u0022inch\u0022}""}",017cb0cd-aeb7-4c0b-941d-4f48d13f8145,5abe5d8d-3829-48de-aee1-4d70a8d2ad25,Encroaching Hekaton,Encroaching Hekaton,{},wars-trading-card-game_nowhere-to-hide_encroaching-hekaton
d1aea261-8fef-4519-a059-5e6f0d2bece6,item,1,0,"{""obverse"": ""wars-trading-card-game_nowhere-to-hide_extraction"", ""reverse"": ""wars-trading-card-game_card-back""}","{""name_printed"": ""Extraction"", ""rarity"": ""Rare"", ""type"": ""Asset"", ""allegiance"": ""Quay"", ""item_dimensions"": ""{\u0022height\u0022: \u00223.5\u0022, \u0022width\u0022: \u00222.5\u0022, \u0022unit\u0022: \u0022inch\u0022}""}",017cb0cd-aeb7-4c0b-941d-4f48d13f8145,5abe5d8d-3829-48de-aee1-4d70a8d2ad25,Extraction,Extraction,{},wars-trading-card-game_nowhere-to-hide_extraction
41088c25-25e7-46ba-a53e-ff7f4f93fa7b,item,1,0,"{""obverse"": ""wars-trading-card-game_nowhere-to-hide_few-escape"", ""reverse"": ""wars-trading-card-game_card-back""}","{""name_printed"": ""Few Escape"", ""rarity"": ""Rare"", ""type"": ""Interrupt"", ""allegiance"": ""Shi"", ""item_dimensions"": ""{\u0022height\u0022: \u00223.5\u0022, \u0022width\u0022: \u00222.5\u0022, \u0022unit\u0022: \u0022inch\u0022}""}",017cb0cd-aeb7-4c0b-941d-4f48d13f8145,5abe5d8d-3829-48de-aee1-4d70a8d2ad25,Few Escape,Few Escape,{},wars-trading-card-game_nowhere-to-hide_few-escape
c5d2ba9f-84f2-4983-8243-bfda3cd9742f,item,1,0,"{""obverse"": ""wars-trading-card-game_nowhere-to-hide_field-report"", ""reverse"": ""wars-trading-card-game_card-back""}","{""name_printed"": ""Field Report"", ""rarity"": ""Rare"", ""type"": ""Interrupt"", ""allegiance"": ""Maverick"", ""item_dimensions"": ""{\u0022height\u0022: \u00223.5\u0022, \u0022width\u0022: \u00222.5\u0022, \u0022unit\u0022: \u0022inch\u0022}""}",017cb0cd-aeb7-4c0b-941d-4f48d13f8145,5abe5d8d-3829-48de-aee1-4d70a8d2ad25,Field Report,Field Report,{},wars-trading-card-game_nowhere-to-hide_field-report
ccb75d46-0b3e-4115-90ff-497ad1f115de,third-party-document,0,0,"{""obverse"": ""wars-trading-card-game_nowhere-to-hide_fill-with-fear"", ""reverse"": ""wars-trading-card-game_card-back""}","{""name_printed"": ""Fill With Fear"", ""rarity"": ""Rare"", ""type"": ""Interrupt"", ""allegiance"": ""Quay"", ""item_dimensions"": ""{\u0022height\u0022: \u00223.5\u0022, \u0022width\u0022: \u00222.5\u0022, \u0022unit\u0022: \u0022inch\u0022}""}",017cb0cd-aeb7-4c0b-941d-4f48d13f8145,5abe5d8d-3829-48de-aee1-4d70a8d2ad25,Fill With Fear,Fill With Fear,{},wars-trading-card-game_nowhere-to-hide_fill-with-fear
52d464f5-2f07-4ae9-b18e-e8502b4c6a74,third-party-document,0,0,"{""obverse"": ""wars-trading-card-game_nowhere-to-hide_flamecutter"", ""reverse"": ""wars-trading-card-game_card-back""}","{""name_printed"": ""Flamecutter"", ""rarity"": ""Rare"", ""type"": ""Character"", ""allegiance"": ""Quay"", ""item_dimensions"": ""{\u0022height\u0022: \u00223.5\u0022, \u0022width\u0022: \u00222.5\u0022, \u0022unit\u0022: \u0022inch\u0022}""}",017cb0cd-aeb7-4c0b-941d-4f48d13f8145,5abe5d8d-3829-48de-aee1-4d70a8d2ad25,Flamecutter,Flamecutter,{},wars-trading-card-game_nowhere-to-hide_flamecutter
ab241f41-a815-4185-b140-21a5886b7778,item,1,0,"{""obverse"": ""wars-trading-card-game_nowhere-to-hide_flare-of-rage"", ""reverse"": ""wars-trading-card-game_card-back""}","{""name_printed"": ""Flare of Rage"", ""rarity"": ""Uncommon"", ""type"": ""Interrupt"", ""allegiance"": ""Quay"", ""item_dimensions"": ""{\u0022height\u0022: \u00223.5\u0022, \u0022width\u0022: \u00222.5\u0022, \u0022unit\u0022: \u0022inch\u0022}""}",017cb0cd-aeb7-4c0b-941d-4f48d13f8145,5abe5d8d-3829-48de-aee1-4d70a8d2ad25,Flare of Rage,Flare of Rage,{},wars-trading-card-game_nowhere-to-hide_flare-of-rage
4aa318da-ceda-4ecf-b685-326ee37d003b,item,1,0,"{""obverse"": ""wars-trading-card-game_nowhere-to-hide_fortune-seeker"", ""reverse"": ""wars-trading-card-game_card-back""}","{""name_printed"": ""Fortune Seeker"", ""rarity"": ""Common"", ""type"": ""Character"", ""allegiance"": ""Maverick"", ""item_dimensions"": ""{\u0022height\u0022: \u00223.5\u0022, \u0022width\u0022: \u00222.5\u0022, \u0022unit\u0022: \u0022inch\u0022}""}",017cb0cd-aeb7-4c0b-941d-4f48d13f8145,5abe5d8d-3829-48de-aee1-4d70a8d2ad25,Fortune Seeker,Fortune Seeker,{},wars-trading-card-game_nowhere-to-hide_fortune-seeker
7dd67f8d-ae0d-4e0d-b79d-320243df163e,item,1,0,"{""obverse"": ""wars-trading-card-game_nowhere-to-hide_ganymede-abandoned-mine"", ""reverse"": ""wars-trading-card-game_card-back""}","{""name_printed"": ""Ganymede/Abandoned Mine"", ""rarity"": ""Rare"", ""type"": ""Location (Site)"", ""item_dimensions"": ""{\u0022height\u0022: \u00223.5\u0022, \u0022width\u0022: \u00222.5\u0022, \u0022unit\u0022: \u0022inch\u0022}""}",017cb0cd-aeb7-4c0b-941d-4f48d13f8145,5abe5d8d-3829-48de-aee1-4d70a8d2ad25,Ganymede/Abandoned Mine,Ganymede/Abandoned Mine,{},wars-trading-card-game_nowhere-to-hide_ganymede-abandoned-mine
feb6147d-83e2-4c1a-aba6-05a49c5aaba7,item,1,0,"{""obverse"": ""wars-trading-card-game_nowhere-to-hide_ganymede-captured-refinery"", ""reverse"": ""wars-trading-card-game_card-back""}","{""name_printed"": ""Ganymede/Captured Refinery"", ""rarity"": ""Common"", ""type"": ""Location (Site)"", ""item_dimensions"": ""{\u0022height\u0022: \u00223.5\u0022, \u0022width\u0022: \u00222.5\u0022, \u0022unit\u0022: \u0022inch\u0022}""}",017cb0cd-aeb7-4c0b-941d-4f48d13f8145,5abe5d8d-3829-48de-aee1-4d70a8d2ad25,Ganymede/Captured Refinery,Ganymede/Captured Refinery,{},wars-trading-card-game_nowhere-to-hide_ganymede-captured-refinery
ec8d2355-7a67-489b-bba2-a10445ebff33,item,1,0,"{""obverse"": ""wars-trading-card-game_nowhere-to-hide_ganymede-orbital-expanse"", ""reverse"": ""wars-trading-card-game_card-back""}","{""name_printed"": ""Ganymede/Orbital Expanse"", ""rarity"": ""Common"", ""type"": ""Location (Sector)"", ""item_dimensions"": ""{\u0022height\u0022: \u00223.5\u0022, \u0022width\u0022: \u00222.5\u0022, \u0022unit\u0022: \u0022inch\u0022}""}",017cb0cd-aeb7-4c0b-941d-4f48d13f8145,5abe5d8d-3829-48de-aee1-4d70a8d2ad25,Ganymede/Orbital Expanse,Ganymede/Orbital Expanse,{},wars-trading-card-game_nowhere-to-hide_ganymede-orbital-expanse
bcd5279c-82cd-4a86-acf4-16788d9678a2,item,1,0,"{""obverse"": ""wars-trading-card-game_nowhere-to-hide_ganymede-subterranean-passage"", ""reverse"": ""wars-trading-card-game_card-back""}","{""name_printed"": ""Ganymede/Subterranean Passage"", ""rarity"": ""Uncommon"", ""type"": ""Location (Site)"", ""item_dimensions"": ""{\u0022height\u0022: \u00223.5\u0022, \u0022width\u0022: \u00222.5\u0022, \u0022unit\u0022: \u0022inch\u0022}""}",017cb0cd-aeb7-4c0b-941d-4f48d13f8145,5abe5d8d-3829-48de-aee1-4d70a8d2ad25,Ganymede/Subterranean Passage,Ganymede/Subterranean Passage,{},wars-trading-card-game_nowhere-to-hide_ganymede-subterranean-passage
f91ee55b-5bf5-49a9-ab38-c8170506c2e6,item,1,0,"{""obverse"": ""wars-trading-card-game_nowhere-to-hide_geisha-bot"", ""reverse"": ""wars-trading-card-game_card-back""}","{""name_printed"": ""Geisha Bot"", ""rarity"": ""Common"", ""type"": ""Character"", ""allegiance"": ""Independent"", ""item_dimensions"": ""{\u0022height\u0022: \u00223.5\u0022, \u0022width\u0022: \u00222.5\u0022, \u0022unit\u0022: \u0022inch\u0022}""}",017cb0cd-aeb7-4c0b-941d-4f48d13f8145,5abe5d8d-3829-48de-aee1-4d70a8d2ad25,Geisha Bot,Geisha Bot,{},wars-trading-card-game_nowhere-to-hide_geisha-bot
46f61ab4-8021-464f-bb43-35c46d59ce07,item,1,0,"{""obverse"": ""wars-trading-card-game_nowhere-to-hide_gishi-combat-tech"", ""reverse"": ""wars-trading-card-game_card-back""}","{""name_printed"": ""Gishi Combat Tech"", ""rarity"": ""Uncommon"", ""type"": ""Character"", ""allegiance"": ""Gongen"", ""item_dimensions"": ""{\u0022height\u0022: \u00223.5\u0022, \u0022width\u0022: \u00222.5\u0022, \u0022unit\u0022: \u0022inch\u0022}""}",017cb0cd-aeb7-4c0b-941d-4f48d13f8145,5abe5d8d-3829-48de-aee1-4d70a8d2ad25,Gishi Combat Tech,Gishi Combat Tech,{},wars-trading-card-game_nowhere-to-hide_gishi-combat-tech
12c998da-11dd-4e59-9555-469a84e6e635,item,1,0,"{""obverse"": ""wars-trading-card-game_nowhere-to-hide_gongen-michiyo-shrine"", ""reverse"": ""wars-trading-card-game_card-back""}","{""name_printed"": ""Gongen/Michiyo Shrine"", ""rarity"": ""Uncommon"", ""type"": ""Location (Site)"", ""item_dimensions"": ""{\u0022height\u0022: \u00223.5\u0022, \u0022width\u0022: \u00222.5\u0022, \u0022unit\u0022: \u0022inch\u0022}""}",017cb0cd-aeb7-4c0b-941d-4f48d13f8145,5abe5d8d-3829-48de-aee1-4d70a8d2ad25,Gongen/Michiyo Shrine,Gongen/Michiyo Shrine,{},wars-trading-card-game_nowhere-to-hide_gongen-michiyo-shrine
08da8bf9-5612-46ad-8588-96bfadaf8dc7,third-party-document,0,0,"{""obverse"": ""wars-trading-card-game_nowhere-to-hide_gongen-michiyo-shrine-(foil)"", ""reverse"": ""wars-trading-card-game_card-back""}","{""name_printed"": ""Gongen/Michiyo Shrine"", ""functional_disambiguator"": ""Foil"", ""rarity"": ""Ultra Rare"", ""print_finish"": ""Foil"", ""type"": ""Location"", ""item_dimensions"": ""{\u0022height\u0022: \u00223.5\u0022, \u0022width\u0022: \u00222.5\u0022, \u0022unit\u0022: \u0022inch\u0022}""}",017cb0cd-aeb7-4c0b-941d-4f48d13f8145,5abe5d8d-3829-48de-aee1-4d70a8d2ad25,Gongen/Michiyo Shrine (Foil),Gongen/Michiyo Shrine (Foil),{},wars-trading-card-game_nowhere-to-hide_gongen-michiyo-shrine-(foil)
16767387-3a07-4e1d-9754-5064ae1713be,item,1,0,"{""obverse"": ""wars-trading-card-game_nowhere-to-hide_gorget-cannon"", ""reverse"": ""wars-trading-card-game_card-back""}","{""name_printed"": ""Gorget Cannon"", ""rarity"": ""Common"", ""type"": ""Weapon"", ""allegiance"": ""Earther"", ""item_dimensions"": ""{\u0022height\u0022: \u00223.5\u0022, \u0022width\u0022: \u00222.5\u0022, \u0022unit\u0022: \u0022inch\u0022}""}",017cb0cd-aeb7-4c0b-941d-4f48d13f8145,5abe5d8d-3829-48de-aee1-4d70a8d2ad25,Gorget Cannon,Gorget Cannon,{},wars-trading-card-game_nowhere-to-hide_gorget-cannon
6aaef734-c569-4e90-bf10-27fbdb58e618,item,1,0,"{""obverse"": ""wars-trading-card-game_nowhere-to-hide_gray-market-middleman"", ""reverse"": ""wars-trading-card-game_card-back""}","{""name_printed"": ""Gray Market Middleman"", ""rarity"": ""Common"", ""type"": ""Character"", ""allegiance"": ""Maverick"", ""item_dimensions"": ""{\u0022height\u0022: \u00223.5\u0022, \u0022width\u0022: \u00222.5\u0022, \u0022unit\u0022: \u0022inch\u0022}""}",017cb0cd-aeb7-4c0b-941d-4f48d13f8145,5abe5d8d-3829-48de-aee1-4d70a8d2ad25,Gray Market Middleman,Gray Market Middleman,{},wars-trading-card-game_nowhere-to-hide_gray-market-middleman
2b285983-b85b-4b90-9f06-1de0f6e01951,item,1,0,"{""obverse"": ""wars-trading-card-game_nowhere-to-hide_gunso-squad-leader"", ""reverse"": ""wars-trading-card-game_card-back""}","{""name_printed"": ""Gunso Squad Leader"", ""rarity"": ""Common"", ""type"": ""Character"", ""allegiance"": ""Gongen"", ""item_dimensions"": ""{\u0022height\u0022: \u00223.5\u0022, \u0022width\u0022: \u00222.5\u0022, \u0022unit\u0022: \u0022inch\u0022}""}",017cb0cd-aeb7-4c0b-941d-4f48d13f8145,5abe5d8d-3829-48de-aee1-4d70a8d2ad25,Gunso Squad Leader,Gunso Squad Leader,{},wars-trading-card-game_nowhere-to-hide_gunso-squad-leader
bf67c4ef-9cf8-4368-b83e-d0f23e3c1185,item,1,0,"{""obverse"": ""wars-trading-card-game_nowhere-to-hide_hailstorm-blaster"", ""reverse"": ""wars-trading-card-game_card-back""}","{""name_printed"": ""Hailstorm Blaster"", ""rarity"": ""Rare"", ""type"": ""Weapon"", ""allegiance"": ""Gongen"", ""item_dimensions"": ""{\u0022height\u0022: \u00223.5\u0022, \u0022width\u0022: \u00222.5\u0022, \u0022unit\u0022: \u0022inch\u0022}""}",017cb0cd-aeb7-4c0b-941d-4f48d13f8145,5abe5d8d-3829-48de-aee1-4d70a8d2ad25,Hailstorm Blaster,Hailstorm Blaster,{},wars-trading-card-game_nowhere-to-hide_hailstorm-blaster
9a41bc0b-b787-4fae-9849-211a932b4fa8,third-party-document,0,0,"{""obverse"": ""wars-trading-card-game_nowhere-to-hide_hannya"", ""reverse"": ""wars-trading-card-game_card-back""}","{""name_printed"": ""Hannya"", ""rarity"": ""Rare"", ""type"": ""Nobot"", ""allegiance"": ""Gongen"", ""item_dimensions"": ""{\u0022height\u0022: \u00223.5\u0022, \u0022width\u0022: \u00222.5\u0022, \u0022unit\u0022: \u0022inch\u0022}""}",017cb0cd-aeb7-4c0b-941d-4f48d13f8145,5abe5d8d-3829-48de-aee1-4d70a8d2ad25,Hannya,Hannya,{},wars-trading-card-game_nowhere-to-hide_hannya
7084c952-c545-4d78-9538-d20c5cda423f,third-party-document,0,0,"{""obverse"": ""wars-trading-card-game_nowhere-to-hide_hannya-(foil)"", ""reverse"": ""wars-trading-card-game_card-back""}","{""name_printed"": ""Hannya"", ""functional_disambiguator"": ""Foil"", ""rarity"": ""Ultra Rare"", ""print_finish"": ""Foil"", ""type"": ""Nobot"", ""item_dimensions"": ""{\u0022height\u0022: \u00223.5\u0022, \u0022width\u0022: \u00222.5\u0022, \u0022unit\u0022: \u0022inch\u0022}""}",017cb0cd-aeb7-4c0b-941d-4f48d13f8145,5abe5d8d-3829-48de-aee1-4d70a8d2ad25,Hannya (Foil),Hannya (Foil),{},wars-trading-card-game_nowhere-to-hide_hannya-(foil)
f15fbff7-bbd9-482d-8cca-b8e88507c38d,item,1,0,"{""obverse"": ""wars-trading-card-game_nowhere-to-hide_hastecurrent-pursuer"", ""reverse"": ""wars-trading-card-game_card-back""}","{""name_printed"": ""Hastecurrent Pursuer"", ""rarity"": ""Common"", ""type"": ""Ship"", ""allegiance"": ""Shi"", ""item_dimensions"": ""{\u0022height\u0022: \u00223.5\u0022, \u0022width\u0022: \u00222.5\u0022, \u0022unit\u0022: \u0022inch\u0022}""}",017cb0cd-aeb7-4c0b-941d-4f48d13f8145,5abe5d8d-3829-48de-aee1-4d70a8d2ad25,Hastecurrent Pursuer,Hastecurrent Pursuer,{},wars-trading-card-game_nowhere-to-hide_hastecurrent-pursuer
ea9cd419-8ac6-45ab-8d6a-e2874eaf0f9b,item,1,0,"{""obverse"": ""wars-trading-card-game_nowhere-to-hide_headlong-rush"", ""reverse"": ""wars-trading-card-game_card-back""}","{""name_printed"": ""Headlong Rush"", ""rarity"": ""Uncommon"", ""type"": ""Interrupt"", ""allegiance"": ""Earther"", ""item_dimensions"": ""{\u0022height\u0022: \u00223.5\u0022, \u0022width\u0022: \u00222.5\u0022, \u0022unit\u0022: \u0022inch\u0022}""}",017cb0cd-aeb7-4c0b-941d-4f48d13f8145,5abe5d8d-3829-48de-aee1-4d70a8d2ad25,Headlong Rush,Headlong Rush,{},wars-trading-card-game_nowhere-to-hide_headlong-rush
3ef7cc17-fa47-4238-9a02-7bbefaeba514,item,1,0,"{""obverse"": ""wars-trading-card-game_nowhere-to-hide_hekaton-flametongue"", ""reverse"": ""wars-trading-card-game_card-back""}","{""name_printed"": ""Hekaton Flametongue"", ""rarity"": ""Common"", ""type"": ""Weapon"", ""allegiance"": ""Quay"", ""item_dimensions"": ""{\u0022height\u0022: \u00223.5\u0022, \u0022width\u0022: \u00222.5\u0022, \u0022unit\u0022: \u0022inch\u0022}""}",017cb0cd-aeb7-4c0b-941d-4f48d13f8145,5abe5d8d-3829-48de-aee1-4d70a8d2ad25,Hekaton Flametongue,Hekaton Flametongue,{},wars-trading-card-game_nowhere-to-hide_hekaton-flametongue
73fec20c-b334-4b74-9456-6388c564da48,third-party-document,0,0,"{""obverse"": ""wars-trading-card-game_nowhere-to-hide_howler's-gambit"", ""reverse"": ""wars-trading-card-game_card-back""}","{""name_printed"": ""Howler's Gambit"", ""rarity"": ""Rare"", ""type"": ""Interrupt"", ""allegiance"": ""Earther"", ""item_dimensions"": ""{\u0022height\u0022: \u00223.5\u0022, \u0022width\u0022: \u00222.5\u0022, \u0022unit\u0022: \u0022inch\u0022}""}",017cb0cd-aeb7-4c0b-941d-4f48d13f8145,5abe5d8d-3829-48de-aee1-4d70a8d2ad25,Howler's Gambit,Howler's Gambit,{},wars-trading-card-game_nowhere-to-hide_howler's-gambit
18ee46fa-23fe-449c-b0b1-97228522424a,item,1,0,"{""obverse"": ""wars-trading-card-game_nowhere-to-hide_hullripper"", ""reverse"": ""wars-trading-card-game_card-back""}","{""name_printed"": ""Hullripper"", ""rarity"": ""Common"", ""type"": ""Character"", ""allegiance"": ""Quay"", ""item_dimensions"": ""{\u0022height\u0022: \u00223.5\u0022, \u0022width\u0022: \u00222.5\u0022, \u0022unit\u0022: \u0022inch\u0022}""}",017cb0cd-aeb7-4c0b-941d-4f48d13f8145,5abe5d8d-3829-48de-aee1-4d70a8d2ad25,Hullripper,Hullripper,{},wars-trading-card-game_nowhere-to-hide_hullripper
86e01ba5-2e41-4e73-951e-7a7dc4eb17e4,item,1,0,"{""obverse"": ""wars-trading-card-game_nowhere-to-hide_hunter-bot"", ""reverse"": ""wars-trading-card-game_card-back""}","{""name_printed"": ""Hunter Bot"", ""rarity"": ""Common"", ""type"": ""Character"", ""allegiance"": ""Independent"", ""item_dimensions"": ""{\u0022height\u0022: \u00223.5\u0022, \u0022width\u0022: \u00222.5\u0022, \u0022unit\u0022: \u0022inch\u0022}""}",017cb0cd-aeb7-4c0b-941d-4f48d13f8145,5abe5d8d-3829-48de-aee1-4d70a8d2ad25,Hunter Bot,Hunter Bot,{},wars-trading-card-game_nowhere-to-hide_hunter-bot
ec43935f-753a-47d2-b554-c66b06c6ef94,item,1,0,"{""obverse"": ""wars-trading-card-game_nowhere-to-hide_ikazuchi-follower"", ""reverse"": ""wars-trading-card-game_card-back""}","{""name_printed"": ""Ikazuchi Follower"", ""rarity"": ""Common"", ""type"": ""Character"", ""allegiance"": ""Gongen"", ""item_dimensions"": ""{\u0022height\u0022: \u00223.5\u0022, \u0022width\u0022: \u00222.5\u0022, \u0022unit\u0022: \u0022inch\u0022}""}",017cb0cd-aeb7-4c0b-941d-4f48d13f8145,5abe5d8d-3829-48de-aee1-4d70a8d2ad25,Ikazuchi Follower,Ikazuchi Follower,{},wars-trading-card-game_nowhere-to-hide_ikazuchi-follower
fd353b51-9705-48b9-ae20-1e207e2e0d42,item,1,0,"{""obverse"": ""wars-trading-card-game_nowhere-to-hide_ikazuchi-technician"", ""reverse"": ""wars-trading-card-game_card-back""}","{""name_printed"": ""Ikazuchi Technician"", ""rarity"": ""Common"", ""type"": ""Character"", ""allegiance"": ""Gongen"", ""item_dimensions"": ""{\u0022height\u0022: \u00223.5\u0022, \u0022width\u0022: \u00222.5\u0022, \u0022unit\u0022: \u0022inch\u0022}""}",017cb0cd-aeb7-4c0b-941d-4f48d13f8145,5abe5d8d-3829-48de-aee1-4d70a8d2ad25,Ikazuchi Technician,Ikazuchi Technician,{},wars-trading-card-game_nowhere-to-hide_ikazuchi-technician
a6ca7baa-542d-441e-b9c0-d7eef1db7b06,item,1,0,"{""obverse"": ""wars-trading-card-game_nowhere-to-hide_ilna-guide"", ""reverse"": ""wars-trading-card-game_card-back""}","{""name_printed"": ""Ilna Guide"", ""rarity"": ""Common"", ""type"": ""Character"", ""allegiance"": ""Quay"", ""item_dimensions"": ""{\u0022height\u0022: \u00223.5\u0022, \u0022width\u0022: \u00222.5\u0022, \u0022unit\u0022: \u0022inch\u0022}""}",017cb0cd-aeb7-4c0b-941d-4f48d13f8145,5abe5d8d-3829-48de-aee1-4d70a8d2ad25,Ilna Guide,Ilna Guide,{},wars-trading-card-game_nowhere-to-hide_ilna-guide
7a1f1e91-2ca8-4bbd-bb8d-6cd1736a5904,item,1,0,"{""obverse"": ""wars-trading-card-game_nowhere-to-hide_inca-fighter"", ""reverse"": ""wars-trading-card-game_card-back""}","{""name_printed"": ""Inca Fighter"", ""rarity"": ""Common"", ""type"": ""Ship"", ""allegiance"": ""Earther"", ""item_dimensions"": ""{\u0022height\u0022: \u00223.5\u0022, \u0022width\u0022: \u00222.5\u0022, \u0022unit\u0022: \u0022inch\u0022}""}",017cb0cd-aeb7-4c0b-941d-4f48d13f8145,5abe5d8d-3829-48de-aee1-4d70a8d2ad25,Inca Fighter,Inca Fighter,{},wars-trading-card-game_nowhere-to-hide_inca-fighter
ab33d3fe-796d-4aa9-aa50-43163e3cbb58,item,1,0,"{""obverse"": ""wars-trading-card-game_nowhere-to-hide_indomitable-will"", ""reverse"": ""wars-trading-card-game_card-back""}","{""name_printed"": ""Indomitable Will"", ""rarity"": ""Common"", ""type"": ""Asset"", ""allegiance"": ""Gongen"", ""item_dimensions"": ""{\u0022height\u0022: \u00223.5\u0022, \u0022width\u0022: \u00222.5\u0022, \u0022unit\u0022: \u0022inch\u0022}""}",017cb0cd-aeb7-4c0b-941d-4f48d13f8145,5abe5d8d-3829-48de-aee1-4d70a8d2ad25,Indomitable Will,Indomitable Will,{},wars-trading-card-game_nowhere-to-hide_indomitable-will
4945a80a-c75a-40fe-abbb-460867699cfc,third-party-document,0,0,"{""obverse"": ""wars-trading-card-game_nowhere-to-hide_informational-advantage"", ""reverse"": ""wars-trading-card-game_card-back""}","{""name_printed"": ""Informational Advantage"", ""rarity"": ""Rare"", ""type"": ""Asset"", ""allegiance"": ""Earther"", ""item_dimensions"": ""{\u0022height\u0022: \u00223.5\u0022, \u0022width\u0022: \u00222.5\u0022, \u0022unit\u0022: \u0022inch\u0022}""}",017cb0cd-aeb7-4c0b-941d-4f48d13f8145,5abe5d8d-3829-48de-aee1-4d70a8d2ad25,Informational Advantage,Informational Advantage,{},wars-trading-card-game_nowhere-to-hide_informational-advantage
7128cd3f-4834-4423-a10b-e11fd8d9f2b4,item,1,0,"{""obverse"": ""wars-trading-card-game_nowhere-to-hide_inquiry"", ""reverse"": ""wars-trading-card-game_card-back""}","{""name_printed"": ""Inquiry"", ""rarity"": ""Uncommon"", ""type"": ""Asset"", ""allegiance"": ""Maverick"", ""item_dimensions"": ""{\u0022height\u0022: \u00223.5\u0022, \u0022width\u0022: \u00222.5\u0022, \u0022unit\u0022: \u0022inch\u0022}""}",017cb0cd-aeb7-4c0b-941d-4f48d13f8145,5abe5d8d-3829-48de-aee1-4d70a8d2ad25,Inquiry,Inquiry,{},wars-trading-card-game_nowhere-to-hide_inquiry
698746c3-398b-450f-a7ff-24141e9b8b3c,item,1,0,"{""obverse"": ""wars-trading-card-game_nowhere-to-hide_intimidation"", ""reverse"": ""wars-trading-card-game_card-back""}","{""name_printed"": ""Intimidation"", ""rarity"": ""Uncommon"", ""type"": ""Order"", ""allegiance"": ""Quay"", ""item_dimensions"": ""{\u0022height\u0022: \u00223.5\u0022, \u0022width\u0022: \u00222.5\u0022, \u0022unit\u0022: \u0022inch\u0022}""}",017cb0cd-aeb7-4c0b-941d-4f48d13f8145,5abe5d8d-3829-48de-aee1-4d70a8d2ad25,Intimidation,Intimidation,{},wars-trading-card-game_nowhere-to-hide_intimidation
1c2797eb-28ef-4b76-996c-c2d0dd8b8b77,item,1,0,"{""obverse"": ""wars-trading-card-game_nowhere-to-hide_jikoku-interceptor"", ""reverse"": ""wars-trading-card-game_card-back""}","{""name_printed"": ""Jikoku Interceptor"", ""rarity"": ""Common"", ""type"": ""Ship"", ""allegiance"": ""Gongen"", ""item_dimensions"": ""{\u0022height\u0022: \u00223.5\u0022, \u0022width\u0022: \u00222.5\u0022, \u0022unit\u0022: \u0022inch\u0022}""}",017cb0cd-aeb7-4c0b-941d-4f48d13f8145,5abe5d8d-3829-48de-aee1-4d70a8d2ad25,Jikoku Interceptor,Jikoku Interceptor,{},wars-trading-card-game_nowhere-to-hide_jikoku-interceptor
f9c67bdb-0046-4c33-a925-d96cf3fd703b,third-party-document,0,0,"{""obverse"": ""wars-trading-card-game_nowhere-to-hide_joker-danniko"", ""reverse"": ""wars-trading-card-game_card-back""}","{""name_printed"": ""Joker Danniko"", ""rarity"": ""Rare"", ""type"": ""Character"", ""allegiance"": ""Maverick"", ""item_dimensions"": ""{\u0022height\u0022: \u00223.5\u0022, \u0022width\u0022: \u00222.5\u0022, \u0022unit\u0022: \u0022inch\u0022}""}",017cb0cd-aeb7-4c0b-941d-4f48d13f8145,5abe5d8d-3829-48de-aee1-4d70a8d2ad25,Joker Danniko,Joker Danniko,{},wars-trading-card-game_nowhere-to-hide_joker-danniko
9a626f32-0573-4ca7-9c3a-767aa5691001,third-party-document,0,0,"{""obverse"": ""wars-trading-card-game_nowhere-to-hide_joker-danniko-(foil)"", ""reverse"": ""wars-trading-card-game_card-back""}","{""name_printed"": ""Joker Danniko"", ""functional_disambiguator"": ""Foil"", ""rarity"": ""Ultra Rare"", ""print_finish"": ""Foil"", ""type"": ""Character"", ""item_dimensions"": ""{\u0022height\u0022: \u00223.5\u0022, \u0022width\u0022: \u00222.5\u0022, \u0022unit\u0022: \u0022inch\u0022}""}",017cb0cd-aeb7-4c0b-941d-4f48d13f8145,5abe5d8d-3829-48de-aee1-4d70a8d2ad25,Joker Danniko (Foil),Joker Danniko (Foil),{},wars-trading-card-game_nowhere-to-hide_joker-danniko-(foil)
2da71c3b-f5bf-4d43-9dfe-61d817d38253,item,1,0,"{""obverse"": ""wars-trading-card-game_nowhere-to-hide_jovian-standoff-[foil]"", ""reverse"": ""wars-trading-card-game_card-back""}","{""name_printed"": ""Jovian Standoff"", ""variant_disambiguator"": ""Foil"", ""rarity"": ""Ultra Rare"", ""print_finish"": ""Foil"", ""type"": ""Asset"", ""item_dimensions"": ""{\u0022height\u0022: \u00223.5\u0022, \u0022width\u0022: \u00222.5\u0022, \u0022unit\u0022: \u0022inch\u0022}""}",017cb0cd-aeb7-4c0b-941d-4f48d13f8145,5abe5d8d-3829-48de-aee1-4d70a8d2ad25,Jovian Standoff,Jovian Standoff [Foil],{},wars-trading-card-game_nowhere-to-hide_jovian-standoff-[foil]
084aeadd-68f6-4c88-b82f-eb8a5066be46,item,1,0,"{""obverse"": ""wars-trading-card-game_nowhere-to-hide_jovian-standoff-[non-foil]"", ""reverse"": ""wars-trading-card-game_card-back""}","{""name_printed"": ""Jovian Standoff"", ""variant_disambiguator"": ""Non-Foil"", ""rarity"": ""Rare"", ""type"": ""Asset"", ""allegiance"": ""Maverick"", ""item_dimensions"": ""{\u0022height\u0022: \u00223.5\u0022, \u0022width\u0022: \u00222.5\u0022, \u0022unit\u0022: \u0022inch\u0022}""}",017cb0cd-aeb7-4c0b-941d-4f48d13f8145,5abe5d8d-3829-48de-aee1-4d70a8d2ad25,Jovian Standoff,Jovian Standoff [Non-Foil],{},wars-trading-card-game_nowhere-to-hide_jovian-standoff-[non-foil]
5f60cf19-e9d2-491d-8512-cb5409775f10,item,1,0,"{""obverse"": ""wars-trading-card-game_nowhere-to-hide_jupiter-approach-route"", ""reverse"": ""wars-trading-card-game_card-back""}","{""name_printed"": ""Jupiter/Approach Route"", ""rarity"": ""Uncommon"", ""type"": ""Location (Sector)"", ""item_dimensions"": ""{\u0022height\u0022: \u00223.5\u0022, \u0022width\u0022: \u00222.5\u0022, \u0022unit\u0022: \u0022inch\u0022}""}",017cb0cd-aeb7-4c0b-941d-4f48d13f8145,5abe5d8d-3829-48de-aee1-4d70a8d2ad25,Jupiter/Approach Route,Jupiter/Approach Route,{},wars-trading-card-game_nowhere-to-hide_jupiter-approach-route
dd710787-61d6-41b3-8186-c86f131d7c04,item,1,0,"{""obverse"": ""wars-trading-card-game_nowhere-to-hide_jylan-rathe-[foil]"", ""reverse"": ""wars-trading-card-game_card-back""}","{""name_printed"": ""Jylan Rathe"", ""variant_disambiguator"": ""Foil"", ""rarity"": ""Ultra Rare"", ""print_finish"": ""Foil"", ""type"": ""Character"", ""item_dimensions"": ""{\u0022height\u0022: \u00223.5\u0022, \u0022width\u0022: \u00222.5\u0022, \u0022unit\u0022: \u0022inch\u0022}""}",017cb0cd-aeb7-4c0b-941d-4f48d13f8145,5abe5d8d-3829-48de-aee1-4d70a8d2ad25,Jylan Rathe,Jylan Rathe [Foil],{},wars-trading-card-game_nowhere-to-hide_jylan-rathe-[foil]
1670003d-2b20-47e4-8594-08d5829de0f0,third-party-document,0,0,"{""obverse"": ""wars-trading-card-game_nowhere-to-hide_jylan-rathe-[non-foil]"", ""reverse"": ""wars-trading-card-game_card-back""}","{""name_printed"": ""Jylan Rathe"", ""variant_disambiguator"": ""Non-Foil"", ""rarity"": ""Rare"", ""print_finish"": ""Non-Foil"", ""type"": ""Character"", ""allegiance"": ""Earther"", ""item_dimensions"": ""{\u0022height\u0022: \u00223.5\u0022, \u0022width\u0022: \u00222.5\u0022, \u0022unit\u0022: \u0022inch\u0022}""}",017cb0cd-aeb7-4c0b-941d-4f48d13f8145,5abe5d8d-3829-48de-aee1-4d70a8d2ad25,Jylan Rathe,Jylan Rathe [Non-Foil],{},wars-trading-card-game_nowhere-to-hide_jylan-rathe-[non-foil]
da59bf03-f35b-4f86-b9ba-088651bb6c5d,item,1,0,"{""obverse"": ""wars-trading-card-game_nowhere-to-hide_karaktika"", ""reverse"": ""wars-trading-card-game_card-back""}","{""name_printed"": ""Karaktika"", ""rarity"": ""Rare"", ""type"": ""Ship"", ""allegiance"": ""Quay"", ""item_dimensions"": ""{\u0022height\u0022: \u00223.5\u0022, \u0022width\u0022: \u00222.5\u0022, \u0022unit\u0022: \u0022inch\u0022}""}",017cb0cd-aeb7-4c0b-941d-4f48d13f8145,5abe5d8d-3829-48de-aee1-4d70a8d2ad25,Karaktika,Karaktika,{},wars-trading-card-game_nowhere-to-hide_karaktika
df3d0122-1e87-495f-9f99-4d3d49432afa,item,1,0,"{""obverse"": ""wars-trading-card-game_nowhere-to-hide_katuka"", ""reverse"": ""wars-trading-card-game_card-back""}","{""name_printed"": ""Katuka"", ""rarity"": ""Uncommon"", ""type"": ""Character"", ""allegiance"": ""Quay"", ""item_dimensions"": ""{\u0022height\u0022: \u00223.5\u0022, \u0022width\u0022: \u00222.5\u0022, \u0022unit\u0022: \u0022inch\u0022}""}",017cb0cd-aeb7-4c0b-941d-4f48d13f8145,5abe5d8d-3829-48de-aee1-4d70a8d2ad25,Katuka,Katuka,{},wars-trading-card-game_nowhere-to-hide_katuka
ed4a18e3-3fa3-4179-a7ef-4090b6ea7b90,item,1,0,"{""obverse"": ""wars-trading-card-game_nowhere-to-hide_kayu-gekkane"", ""reverse"": ""wars-trading-card-game_card-back""}","{""name_printed"": ""Kayu Gekkane"", ""rarity"": ""Uncommon"", ""type"": ""Character"", ""allegiance"": ""Gongen"", ""item_dimensions"": ""{\u0022height\u0022: \u00223.5\u0022, \u0022width\u0022: \u00222.5\u0022, \u0022unit\u0022: \u0022inch\u0022}""}",017cb0cd-aeb7-4c0b-941d-4f48d13f8145,5abe5d8d-3829-48de-aee1-4d70a8d2ad25,Kayu Gekkane,Kayu Gekkane,{},wars-trading-card-game_nowhere-to-hide_kayu-gekkane
badd11ae-7d65-4cfc-b494-a8af2c2d08a5,item,1,0,"{""obverse"": ""wars-trading-card-game_nowhere-to-hide_key-keeper"", ""reverse"": ""wars-trading-card-game_card-back""}","{""name_printed"": ""Key Keeper"", ""rarity"": ""Common"", ""type"": ""Character"", ""allegiance"": ""Shi"", ""item_dimensions"": ""{\u0022height\u0022: \u00223.5\u0022, \u0022width\u0022: \u00222.5\u0022, \u0022unit\u0022: \u0022inch\u0022}""}",017cb0cd-aeb7-4c0b-941d-4f48d13f8145,5abe5d8d-3829-48de-aee1-4d70a8d2ad25,Key Keeper,Key Keeper,{},wars-trading-card-game_nowhere-to-hide_key-keeper
562ec0de-17f5-43f6-a672-e72a38b92c46,item,1,0,"{""obverse"": ""wars-trading-card-game_nowhere-to-hide_killer-cait-grimalkin"", ""reverse"": ""wars-trading-card-game_card-back""}","{""name_printed"": ""Killer Cait Grimalkin"", ""rarity"": ""Fixed"", ""print_finish"": ""Foil"", ""type"": ""Character"", ""item_dimensions"": ""{\u0022height\u0022: \u00223.5\u0022, \u0022width\u0022: \u00222.5\u0022, \u0022unit\u0022: \u0022inch\u0022}""}",017cb0cd-aeb7-4c0b-941d-4f48d13f8145,5abe5d8d-3829-48de-aee1-4d70a8d2ad25,Killer Cait Grimalkin,Killer Cait Grimalkin,{},wars-trading-card-game_nowhere-to-hide_killer-cait-grimalkin
5403395c-9a84-4ba3-8f2f-f3ecf44177f4,item,1,0,"{""obverse"": ""wars-trading-card-game_nowhere-to-hide_kneecapped"", ""reverse"": ""wars-trading-card-game_card-back""}","{""name_printed"": ""Kneecapped"", ""rarity"": ""Rare"", ""type"": ""Asset"", ""allegiance"": ""Earther"", ""item_dimensions"": ""{\u0022height\u0022: \u00223.5\u0022, \u0022width\u0022: \u00222.5\u0022, \u0022unit\u0022: \u0022inch\u0022}""}",017cb0cd-aeb7-4c0b-941d-4f48d13f8145,5abe5d8d-3829-48de-aee1-4d70a8d2ad25,Kneecapped,Kneecapped,{},wars-trading-card-game_nowhere-to-hide_kneecapped
41c80319-f9b9-4bb6-94b9-46713b18950f,item,1,0,"{""obverse"": ""wars-trading-card-game_nowhere-to-hide_komoku-interceptor"", ""reverse"": ""wars-trading-card-game_card-back""}","{""name_printed"": ""Komoku Interceptor"", ""rarity"": ""Uncommon"", ""type"": ""Ship"", ""allegiance"": ""Gongen"", ""item_dimensions"": ""{\u0022height\u0022: \u00223.5\u0022, \u0022width\u0022: \u00222.5\u0022, \u0022unit\u0022: \u0022inch\u0022}""}",017cb0cd-aeb7-4c0b-941d-4f48d13f8145,5abe5d8d-3829-48de-aee1-4d70a8d2ad25,Komoku Interceptor,Komoku Interceptor,{},wars-trading-card-game_nowhere-to-hide_komoku-interceptor
cb8bb346-90d5-4834-94da-8a5a09d22ddb,item,1,0,"{""obverse"": ""wars-trading-card-game_nowhere-to-hide_lahrik"", ""reverse"": ""wars-trading-card-game_card-back""}","{""name_printed"": ""Lahrik"", ""rarity"": ""Rare"", ""type"": ""Character"", ""allegiance"": ""Quay"", ""item_dimensions"": ""{\u0022height\u0022: \u00223.5\u0022, \u0022width\u0022: \u00222.5\u0022, \u0022unit\u0022: \u0022inch\u0022}""}",017cb0cd-aeb7-4c0b-941d-4f48d13f8145,5abe5d8d-3829-48de-aee1-4d70a8d2ad25,Lahrik,Lahrik,{},wars-trading-card-game_nowhere-to-hide_lahrik
9a12c7c9-53ce-4884-924a-6fd33d3d772e,item,1,0,"{""obverse"": ""wars-trading-card-game_nowhere-to-hide_last-chance-outer-rim-station"", ""reverse"": ""wars-trading-card-game_card-back""}","{""name_printed"": ""Last Chance/Outer Rim Station"", ""rarity"": ""Uncommon"", ""type"": ""Location (Sector)"", ""item_dimensions"": ""{\u0022height\u0022: \u00223.5\u0022, \u0022width\u0022: \u00222.5\u0022, \u0022unit\u0022: \u0022inch\u0022}""}",017cb0cd-aeb7-4c0b-941d-4f48d13f8145,5abe5d8d-3829-48de-aee1-4d70a8d2ad25,Last Chance/Outer Rim Station,Last Chance/Outer Rim Station,{},wars-trading-card-game_nowhere-to-hide_last-chance-outer-rim-station
ff8bc58b-23dc-4ef2-b72f-7b7ec4c4bc0e,item,1,0,"{""obverse"": ""wars-trading-card-game_nowhere-to-hide_last-stand"", ""reverse"": ""wars-trading-card-game_card-back""}","{""name_printed"": ""Last Stand"", ""rarity"": ""Uncommon"", ""type"": ""Interrupt"", ""allegiance"": ""Gongen"", ""item_dimensions"": ""{\u0022height\u0022: \u00223.5\u0022, \u0022width\u0022: \u00222.5\u0022, \u0022unit\u0022: \u0022inch\u0022}""}",017cb0cd-aeb7-4c0b-941d-4f48d13f8145,5abe5d8d-3829-48de-aee1-4d70a8d2ad25,Last Stand,Last Stand,{},wars-trading-card-game_nowhere-to-hide_last-stand
9b97e129-38c8-4bcc-a2ef-18060bb6315a,third-party-document,0,0,"{""obverse"": ""wars-trading-card-game_nowhere-to-hide_life-leech"", ""reverse"": ""wars-trading-card-game_card-back""}","{""name_printed"": ""Life Leech"", ""rarity"": ""Rare"", ""type"": ""Interrupt"", ""allegiance"": ""Quay"", ""item_dimensions"": ""{\u0022height\u0022: \u00223.5\u0022, \u0022width\u0022: \u00222.5\u0022, \u0022unit\u0022: \u0022inch\u0022}""}",017cb0cd-aeb7-4c0b-941d-4f48d13f8145,5abe5d8d-3829-48de-aee1-4d70a8d2ad25,Life Leech,Life Leech,{},wars-trading-card-game_nowhere-to-hide_life-leech
5f6fa0c0-cf2a-4aaa-921c-6ea33f245985,item,1,0,"{""obverse"": ""wars-trading-card-game_nowhere-to-hide_lifeseeker-[foil]"", ""reverse"": ""wars-trading-card-game_card-back""}","{""name_printed"": ""Lifeseeker"", ""variant_disambiguator"": ""Foil"", ""rarity"": ""Ultra Rare"", ""print_finish"": ""Foil"", ""type"": ""Character"", ""item_dimensions"": ""{\u0022height\u0022: \u00223.5\u0022, \u0022width\u0022: \u00222.5\u0022, \u0022unit\u0022: \u0022inch\u0022}""}",017cb0cd-aeb7-4c0b-941d-4f48d13f8145,5abe5d8d-3829-48de-aee1-4d70a8d2ad25,Lifeseeker,Lifeseeker [Foil],{},wars-trading-card-game_nowhere-to-hide_lifeseeker-[foil]
48eec128-418f-4ffa-a365-d5f54ffcf270,item,1,0,"{""obverse"": ""wars-trading-card-game_nowhere-to-hide_lifeseeker-[non-foil]"", ""reverse"": ""wars-trading-card-game_card-back""}","{""name_printed"": ""Lifeseeker"", ""variant_disambiguator"": ""Non-Foil"", ""rarity"": ""Common"", ""type"": ""Character"", ""allegiance"": ""Shi"", ""item_dimensions"": ""{\u0022height\u0022: \u00223.5\u0022, \u0022width\u0022: \u00222.5\u0022, \u0022unit\u0022: \u0022inch\u0022}""}",017cb0cd-aeb7-4c0b-941d-4f48d13f8145,5abe5d8d-3829-48de-aee1-4d70a8d2ad25,Lifeseeker,Lifeseeker [Non-Foil],{},wars-trading-card-game_nowhere-to-hide_lifeseeker-[non-foil]
21baf550-d417-4934-8989-acf53d593660,item,1,0,"{""obverse"": ""wars-trading-card-game_nowhere-to-hide_little-nelly"", ""reverse"": ""wars-trading-card-game_card-back""}","{""name_printed"": ""Little Nelly"", ""rarity"": ""Common"", ""type"": ""Vehicle"", ""allegiance"": ""Maverick"", ""item_dimensions"": ""{\u0022height\u0022: \u00223.5\u0022, \u0022width\u0022: \u00222.5\u0022, \u0022unit\u0022: \u0022inch\u0022}""}",017cb0cd-aeb7-4c0b-941d-4f48d13f8145,5abe5d8d-3829-48de-aee1-4d70a8d2ad25,Little Nelly,Little Nelly,{},wars-trading-card-game_nowhere-to-hide_little-nelly
e76ea681-d058-4585-95d5-b45447319988,third-party-document,0,0,"{""obverse"": ""wars-trading-card-game_nowhere-to-hide_long-odds"", ""reverse"": ""wars-trading-card-game_card-back""}","{""name_printed"": ""Long Odds"", ""rarity"": ""Rare"", ""type"": ""Interrupt"", ""allegiance"": ""Maverick"", ""item_dimensions"": ""{\u0022height\u0022: \u00223.5\u0022, \u0022width\u0022: \u00222.5\u0022, \u0022unit\u0022: \u0022inch\u0022}""}",017cb0cd-aeb7-4c0b-941d-4f48d13f8145,5abe5d8d-3829-48de-aee1-4d70a8d2ad25,Long Odds,Long Odds,{},wars-trading-card-game_nowhere-to-hide_long-odds
ea7bc097-3f15-4fc0-9b57-45db03d7584b,third-party-document,0,0,"{""obverse"": ""wars-trading-card-game_nowhere-to-hide_long-odds-(foil)"", ""reverse"": ""wars-trading-card-game_card-back""}","{""name_printed"": ""Long Odds"", ""functional_disambiguator"": ""Foil"", ""rarity"": ""Ultra Rare"", ""print_finish"": ""Foil"", ""type"": ""Interrupt"", ""item_dimensions"": ""{\u0022height\u0022: \u00223.5\u0022, \u0022width\u0022: \u00222.5\u0022, \u0022unit\u0022: \u0022inch\u0022}""}",017cb0cd-aeb7-4c0b-941d-4f48d13f8145,5abe5d8d-3829-48de-aee1-4d70a8d2ad25,Long Odds (Foil),Long Odds (Foil),{},wars-trading-card-game_nowhere-to-hide_long-odds-(foil)
5adf6106-90b1-45b5-abf2-eaaf0ce7e231,third-party-document,0,0,"{""obverse"": ""wars-trading-card-game_nowhere-to-hide_long-way-down"", ""reverse"": ""wars-trading-card-game_card-back""}","{""name_printed"": ""Long Way Down"", ""rarity"": ""Rare"", ""type"": ""Asset"", ""allegiance"": ""Independent"", ""item_dimensions"": ""{\u0022height\u0022: \u00223.5\u0022, \u0022width\u0022: \u00222.5\u0022, \u0022unit\u0022: \u0022inch\u0022}""}",017cb0cd-aeb7-4c0b-941d-4f48d13f8145,5abe5d8d-3829-48de-aee1-4d70a8d2ad25,Long Way Down,Long Way Down,{},wars-trading-card-game_nowhere-to-hide_long-way-down
c441377e-d780-4f69-9792-506791746485,item,1,0,"{""obverse"": ""wars-trading-card-game_nowhere-to-hide_luhus-spearhead"", ""reverse"": ""wars-trading-card-game_card-back""}","{""name_printed"": ""Luhus Spearhead"", ""rarity"": ""Common"", ""type"": ""Character"", ""allegiance"": ""Quay"", ""item_dimensions"": ""{\u0022height\u0022: \u00223.5\u0022, \u0022width\u0022: \u00222.5\u0022, \u0022unit\u0022: \u0022inch\u0022}""}",017cb0cd-aeb7-4c0b-941d-4f48d13f8145,5abe5d8d-3829-48de-aee1-4d70a8d2ad25,Luhus Spearhead,Luhus Spearhead,{},wars-trading-card-game_nowhere-to-hide_luhus-spearhead
a56b5bdc-e192-4f7b-a5f1-ac3bb9423949,item,1,0,"{""obverse"": ""wars-trading-card-game_nowhere-to-hide_max-retros"", ""reverse"": ""wars-trading-card-game_card-back""}","{""name_printed"": ""Max Retros"", ""rarity"": ""Rare"", ""type"": ""Interrupt"", ""allegiance"": ""Maverick"", ""item_dimensions"": ""{\u0022height\u0022: \u00223.5\u0022, \u0022width\u0022: \u00222.5\u0022, \u0022unit\u0022: \u0022inch\u0022}""}",017cb0cd-aeb7-4c0b-941d-4f48d13f8145,5abe5d8d-3829-48de-aee1-4d70a8d2ad25,Max Retros,Max Retros,{},wars-trading-card-game_nowhere-to-hide_max-retros
9b9b9c17-41e5-48c2-8dc6-9a1ba1b90103,item,1,0,"{""obverse"": ""wars-trading-card-game_nowhere-to-hide_mouthpiece"", ""reverse"": ""wars-trading-card-game_card-back""}","{""name_printed"": ""Mouthpiece"", ""rarity"": ""Common"", ""type"": ""Character"", ""allegiance"": ""Earther"", ""item_dimensions"": ""{\u0022height\u0022: \u00223.5\u0022, \u0022width\u0022: \u00222.5\u0022, \u0022unit\u0022: \u0022inch\u0022}""}",017cb0cd-aeb7-4c0b-941d-4f48d13f8145,5abe5d8d-3829-48de-aee1-4d70a8d2ad25,Mouthpiece,Mouthpiece,{},wars-trading-card-game_nowhere-to-hide_mouthpiece
e1f4be50-b632-4a6c-bbb0-5b822982dbbd,item,1,0,"{""obverse"": ""wars-trading-card-game_nowhere-to-hide_optical-delusion"", ""reverse"": ""wars-trading-card-game_card-back""}","{""name_printed"": ""Optical Delusion"", ""rarity"": ""Uncommon"", ""type"": ""Interrupt"", ""allegiance"": ""Earther"", ""item_dimensions"": ""{\u0022height\u0022: \u00223.5\u0022, \u0022width\u0022: \u00222.5\u0022, \u0022unit\u0022: \u0022inch\u0022}""}",017cb0cd-aeb7-4c0b-941d-4f48d13f8145,5abe5d8d-3829-48de-aee1-4d70a8d2ad25,Optical Delusion,Optical Delusion,{},wars-trading-card-game_nowhere-to-hide_optical-delusion
936c791a-1612-4812-8899-2013410df750,item,1,0,"{""obverse"": ""wars-trading-card-game_nowhere-to-hide_ore-alembic"", ""reverse"": ""wars-trading-card-game_card-back""}","{""name_printed"": ""Ore Alembic"", ""rarity"": ""Common"", ""type"": ""Character"", ""allegiance"": ""Shi"", ""item_dimensions"": ""{\u0022height\u0022: \u00223.5\u0022, \u0022width\u0022: \u00222.5\u0022, \u0022unit\u0022: \u0022inch\u0022}""}",017cb0cd-aeb7-4c0b-941d-4f48d13f8145,5abe5d8d-3829-48de-aee1-4d70a8d2ad25,Ore Alembic,Ore Alembic,{},wars-trading-card-game_nowhere-to-hide_ore-alembic
d75c5637-eca2-4a2d-a4d0-321221cdaad9,item,1,0,"{""obverse"": ""wars-trading-card-game_nowhere-to-hide_patch-job"", ""reverse"": ""wars-trading-card-game_card-back""}","{""name_printed"": ""Patch Job"", ""rarity"": ""Common"", ""type"": ""Interrupt"", ""allegiance"": ""Earther"", ""item_dimensions"": ""{\u0022height\u0022: \u00223.5\u0022, \u0022width\u0022: \u00222.5\u0022, \u0022unit\u0022: \u0022inch\u0022}""}",017cb0cd-aeb7-4c0b-941d-4f48d13f8145,5abe5d8d-3829-48de-aee1-4d70a8d2ad25,Patch Job,Patch Job,{},wars-trading-card-game_nowhere-to-hide_patch-job
7d89d42b-5802-4da6-9738-0f4cbc660222,item,1,0,"{""obverse"": ""wars-trading-card-game_nowhere-to-hide_phobos-disputed-territory"", ""reverse"": ""wars-trading-card-game_card-back""}","{""name_printed"": ""Phobos/Disputed Territory"", ""rarity"": ""Common"", ""type"": ""Location (Sector)"", ""item_dimensions"": ""{\u0022height\u0022: \u00223.5\u0022, \u0022width\u0022: \u00222.5\u0022, \u0022unit\u0022: \u0022inch\u0022}""}",017cb0cd-aeb7-4c0b-941d-4f48d13f8145,5abe5d8d-3829-48de-aee1-4d70a8d2ad25,Phobos/Disputed Territory,Phobos/Disputed Territory,{},wars-trading-card-game_nowhere-to-hide_phobos-disputed-territory
b7f9cb63-06d1-4498-8600-41f56fa1f5cc,third-party-document,0,0,"{""obverse"": ""wars-trading-card-game_nowhere-to-hide_piggyback"", ""reverse"": ""wars-trading-card-game_card-back""}","{""name_printed"": ""Piggyback"", ""rarity"": ""Rare"", ""type"": ""Interrupt"", ""allegiance"": ""Earther"", ""item_dimensions"": ""{\u0022height\u0022: \u00223.5\u0022, \u0022width\u0022: \u00222.5\u0022, \u0022unit\u0022: \u0022inch\u0022}""}",017cb0cd-aeb7-4c0b-941d-4f48d13f8145,5abe5d8d-3829-48de-aee1-4d70a8d2ad25,Piggyback,Piggyback,{},wars-trading-card-game_nowhere-to-hide_piggyback
d53e04ff-38b3-4809-a3b4-8ea4b3aff6d7,item,1,0,"{""obverse"": ""wars-trading-card-game_nowhere-to-hide_pompeii"", ""reverse"": ""wars-trading-card-game_card-back""}","{""name_printed"": ""Pompeii"", ""rarity"": ""Uncommon"", ""type"": ""Ship"", ""allegiance"": ""Earther"", ""item_dimensions"": ""{\u0022height\u0022: \u00223.5\u0022, \u0022width\u0022: \u00222.5\u0022, \u0022unit\u0022: \u0022inch\u0022}""}",017cb0cd-aeb7-4c0b-941d-4f48d13f8145,5abe5d8d-3829-48de-aee1-4d70a8d2ad25,Pompeii,Pompeii,{},wars-trading-card-game_nowhere-to-hide_pompeii
641a8274-4622-44cb-a530-764772960f84,item,1,0,"{""obverse"": ""wars-trading-card-game_nowhere-to-hide_porter-bot"", ""reverse"": ""wars-trading-card-game_card-back""}","{""name_printed"": ""Porter Bot"", ""rarity"": ""Common"", ""type"": ""Character"", ""allegiance"": ""Independent"", ""item_dimensions"": ""{\u0022height\u0022: \u00223.5\u0022, \u0022width\u0022: \u00222.5\u0022, \u0022unit\u0022: \u0022inch\u0022}""}",017cb0cd-aeb7-4c0b-941d-4f48d13f8145,5abe5d8d-3829-48de-aee1-4d70a8d2ad25,Porter Bot,Porter Bot,{},wars-trading-card-game_nowhere-to-hide_porter-bot
ab294eac-3bbd-47f7-8e9b-37d40c5c6c6c,item,1,0,"{""obverse"": ""wars-trading-card-game_nowhere-to-hide_prolonged-exposure"", ""reverse"": ""wars-trading-card-game_card-back""}","{""name_printed"": ""Prolonged Exposure"", ""rarity"": ""Rare"", ""type"": ""Asset"", ""allegiance"": ""Independent"", ""item_dimensions"": ""{\u0022height\u0022: \u00223.5\u0022, \u0022width\u0022: \u00222.5\u0022, \u0022unit\u0022: \u0022inch\u0022}""}",017cb0cd-aeb7-4c0b-941d-4f48d13f8145,5abe5d8d-3829-48de-aee1-4d70a8d2ad25,Prolonged Exposure,Prolonged Exposure,{},wars-trading-card-game_nowhere-to-hide_prolonged-exposure
18d9d4ac-da0d-41a8-8085-79666222d197,item,1,0,"{""obverse"": ""wars-trading-card-game_nowhere-to-hide_protective-fire"", ""reverse"": ""wars-trading-card-game_card-back""}","{""name_printed"": ""Protective Fire"", ""rarity"": ""Uncommon"", ""type"": ""Interrupt"", ""allegiance"": ""Shi"", ""item_dimensions"": ""{\u0022height\u0022: \u00223.5\u0022, \u0022width\u0022: \u00222.5\u0022, \u0022unit\u0022: \u0022inch\u0022}""}",017cb0cd-aeb7-4c0b-941d-4f48d13f8145,5abe5d8d-3829-48de-aee1-4d70a8d2ad25,Protective Fire,Protective Fire,{},wars-trading-card-game_nowhere-to-hide_protective-fire
9c10bc37-826f-4309-a008-213b752cff2b,item,1,0,"{""obverse"": ""wars-trading-card-game_nowhere-to-hide_rakat-[foil]"", ""reverse"": ""wars-trading-card-game_card-back""}","{""name_printed"": ""Rakat"", ""variant_disambiguator"": ""Foil"", ""rarity"": ""Ultra Rare"", ""print_finish"": ""Foil"", ""type"": ""Character"", ""item_dimensions"": ""{\u0022height\u0022: \u00223.5\u0022, \u0022width\u0022: \u00222.5\u0022, \u0022unit\u0022: \u0022inch\u0022}""}",017cb0cd-aeb7-4c0b-941d-4f48d13f8145,5abe5d8d-3829-48de-aee1-4d70a8d2ad25,Rakat,Rakat [Foil],{},wars-trading-card-game_nowhere-to-hide_rakat-[foil]
837b2f5c-01f9-4349-8b16-d67df786f715,item,1,0,"{""obverse"": ""wars-trading-card-game_nowhere-to-hide_rakat-[non-foil]"", ""reverse"": ""wars-trading-card-game_card-back""}","{""name_printed"": ""Rakat"", ""variant_disambiguator"": ""Non-Foil"", ""rarity"": ""Uncommon"", ""type"": ""Character"", ""allegiance"": ""Quay"", ""item_dimensions"": ""{\u0022height\u0022: \u00223.5\u0022, \u0022width\u0022: \u00222.5\u0022, \u0022unit\u0022: \u0022inch\u0022}""}",017cb0cd-aeb7-4c0b-941d-4f48d13f8145,5abe5d8d-3829-48de-aee1-4d70a8d2ad25,Rakat,Rakat [Non-Foil],{},wars-trading-card-game_nowhere-to-hide_rakat-[non-foil]
e6b1ffbc-3543-44e3-9786-4f26d238ec62,item,1,0,"{""obverse"": ""wars-trading-card-game_nowhere-to-hide_ranger-watchman-[foil]"", ""reverse"": ""wars-trading-card-game_card-back""}","{""name_printed"": ""Ranger Watchman"", ""variant_disambiguator"": ""Foil"", ""rarity"": ""Ultra Rare"", ""print_finish"": ""Foil"", ""type"": ""Character"", ""item_dimensions"": ""{\u0022height\u0022: \u00223.5\u0022, \u0022width\u0022: \u00222.5\u0022, \u0022unit\u0022: \u0022inch\u0022}""}",017cb0cd-aeb7-4c0b-941d-4f48d13f8145,5abe5d8d-3829-48de-aee1-4d70a8d2ad25,Ranger Watchman,Ranger Watchman [Foil],{},wars-trading-card-game_nowhere-to-hide_ranger-watchman-[foil]
87521b97-6b2c-4b13-af52-705a14f3167b,item,1,0,"{""obverse"": ""wars-trading-card-game_nowhere-to-hide_ranger-watchman-[non-foil]"", ""reverse"": ""wars-trading-card-game_card-back""}","{""name_printed"": ""Ranger Watchman"", ""variant_disambiguator"": ""Non-Foil"", ""rarity"": ""Uncommon"", ""type"": ""Character"", ""allegiance"": ""Earther"", ""item_dimensions"": ""{\u0022height\u0022: \u00223.5\u0022, \u0022width\u0022: \u00222.5\u0022, \u0022unit\u0022: \u0022inch\u0022}""}",017cb0cd-aeb7-4c0b-941d-4f48d13f8145,5abe5d8d-3829-48de-aee1-4d70a8d2ad25,Ranger Watchman,Ranger Watchman [Non-Foil],{},wars-trading-card-game_nowhere-to-hide_ranger-watchman-[non-foil]
b31a4418-8438-43bf-afe6-d4495006978b,item,1,0,"{""obverse"": ""wars-trading-card-game_nowhere-to-hide_rantosh-anant"", ""reverse"": ""wars-trading-card-game_card-back""}","{""name_printed"": ""Rantosh-Anant"", ""rarity"": ""Rare"", ""type"": ""Character"", ""allegiance"": ""Shi"", ""item_dimensions"": ""{\u0022height\u0022: \u00223.5\u0022, \u0022width\u0022: \u00222.5\u0022, \u0022unit\u0022: \u0022inch\u0022}""}",017cb0cd-aeb7-4c0b-941d-4f48d13f8145,5abe5d8d-3829-48de-aee1-4d70a8d2ad25,Rantosh-Anant,Rantosh-Anant,{},wars-trading-card-game_nowhere-to-hide_rantosh-anant
078a16c3-94df-412a-b894-187eac1b5667,item,1,0,"{""obverse"": ""wars-trading-card-game_nowhere-to-hide_rapid-fire"", ""reverse"": ""wars-trading-card-game_card-back""}","{""name_printed"": ""Rapid Fire"", ""rarity"": ""Uncommon"", ""type"": ""Asset"", ""allegiance"": ""Gongen"", ""item_dimensions"": ""{\u0022height\u0022: \u00223.5\u0022, \u0022width\u0022: \u00222.5\u0022, \u0022unit\u0022: \u0022inch\u0022}""}",017cb0cd-aeb7-4c0b-941d-4f48d13f8145,5abe5d8d-3829-48de-aee1-4d70a8d2ad25,Rapid Fire,Rapid Fire,{},wars-trading-card-game_nowhere-to-hide_rapid-fire
a41ea161-987c-4951-b1b9-e9d8a72e17e8,item,1,0,"{""obverse"": ""wars-trading-card-game_nowhere-to-hide_ravagers"", ""reverse"": ""wars-trading-card-game_card-back""}","{""name_printed"": ""Ravagers"", ""rarity"": ""Common"", ""type"": ""Character"", ""allegiance"": ""Quay"", ""item_dimensions"": ""{\u0022height\u0022: \u00223.5\u0022, \u0022width\u0022: \u00222.5\u0022, \u0022unit\u0022: \u0022inch\u0022}""}",017cb0cd-aeb7-4c0b-941d-4f48d13f8145,5abe5d8d-3829-48de-aee1-4d70a8d2ad25,Ravagers,Ravagers,{},wars-trading-card-game_nowhere-to-hide_ravagers
290eaa13-96e0-43cc-bd1e-595db0a66679,third-party-document,0,0,"{""obverse"": ""wars-trading-card-game_nowhere-to-hide_reaper-craft"", ""reverse"": ""wars-trading-card-game_card-back""}","{""name_printed"": ""Reaper Craft"", ""rarity"": ""Rare"", ""type"": ""Ship"", ""allegiance"": ""Shi"", ""item_dimensions"": ""{\u0022height\u0022: \u00223.5\u0022, \u0022width\u0022: \u00222.5\u0022, \u0022unit\u0022: \u0022inch\u0022}""}",017cb0cd-aeb7-4c0b-941d-4f48d13f8145,5abe5d8d-3829-48de-aee1-4d70a8d2ad25,Reaper Craft,Reaper Craft,{},wars-trading-card-game_nowhere-to-hide_reaper-craft
66e80b92-9fca-4f49-8fdf-460a589751ce,item,1,0,"{""obverse"": ""wars-trading-card-game_nowhere-to-hide_reliquaries"", ""reverse"": ""wars-trading-card-game_card-back""}","{""name_printed"": ""Reliquaries"", ""rarity"": ""Uncommon"", ""type"": ""Asset"", ""allegiance"": ""Maverick"", ""item_dimensions"": ""{\u0022height\u0022: \u00223.5\u0022, \u0022width\u0022: \u00222.5\u0022, \u0022unit\u0022: \u0022inch\u0022}""}",017cb0cd-aeb7-4c0b-941d-4f48d13f8145,5abe5d8d-3829-48de-aee1-4d70a8d2ad25,Reliquaries,Reliquaries,{},wars-trading-card-game_nowhere-to-hide_reliquaries
cb4964ea-933b-40e1-833c-0849efc71452,item,1,0,"{""obverse"": ""wars-trading-card-game_nowhere-to-hide_remote-coordinator"", ""reverse"": ""wars-trading-card-game_card-back""}","{""name_printed"": ""Remote Coordinator"", ""rarity"": ""Uncommon"", ""type"": ""Character"", ""allegiance"": ""Earther"", ""item_dimensions"": ""{\u0022height\u0022: \u00223.5\u0022, \u0022width\u0022: \u00222.5\u0022, \u0022unit\u0022: \u0022inch\u0022}""}",017cb0cd-aeb7-4c0b-941d-4f48d13f8145,5abe5d8d-3829-48de-aee1-4d70a8d2ad25,Remote Coordinator,Remote Coordinator,{},wars-trading-card-game_nowhere-to-hide_remote-coordinator
5c3205be-17eb-422e-b4e6-b2938223b6ea,item,1,0,"{""obverse"": ""wars-trading-card-game_nowhere-to-hide_resolute-quarrel"", ""reverse"": ""wars-trading-card-game_card-back""}","{""name_printed"": ""Resolute Quarrel"", ""rarity"": ""Common"", ""type"": ""Ship"", ""allegiance"": ""Shi"", ""item_dimensions"": ""{\u0022height\u0022: \u00223.5\u0022, \u0022width\u0022: \u00222.5\u0022, \u0022unit\u0022: \u0022inch\u0022}""}",017cb0cd-aeb7-4c0b-941d-4f48d13f8145,5abe5d8d-3829-48de-aee1-4d70a8d2ad25,Resolute Quarrel,Resolute Quarrel,{},wars-trading-card-game_nowhere-to-hide_resolute-quarrel
2d33f2d1-5513-49c7-9f8c-538547bb7b22,item,1,0,"{""obverse"": ""wars-trading-card-game_nowhere-to-hide_restricted-passage"", ""reverse"": ""wars-trading-card-game_card-back""}","{""name_printed"": ""Restricted Passage"", ""rarity"": ""Uncommon"", ""type"": ""Asset"", ""allegiance"": ""Independent"", ""item_dimensions"": ""{\u0022height\u0022: \u00223.5\u0022, \u0022width\u0022: \u00222.5\u0022, \u0022unit\u0022: \u0022inch\u0022}""}",017cb0cd-aeb7-4c0b-941d-4f48d13f8145,5abe5d8d-3829-48de-aee1-4d70a8d2ad25,Restricted Passage,Restricted Passage,{},wars-trading-card-game_nowhere-to-hide_restricted-passage
aff3a3be-ba2f-4bfb-8df6-17e582a719c1,item,1,0,"{""obverse"": ""wars-trading-card-game_nowhere-to-hide_rev-a-shrouds"", ""reverse"": ""wars-trading-card-game_card-back""}","{""name_printed"": ""Rev A Shrouds"", ""rarity"": ""Common"", ""type"": ""Character"", ""allegiance"": ""Earther"", ""item_dimensions"": ""{\u0022height\u0022: \u00223.5\u0022, \u0022width\u0022: \u00222.5\u0022, \u0022unit\u0022: \u0022inch\u0022}""}",017cb0cd-aeb7-4c0b-941d-4f48d13f8145,5abe5d8d-3829-48de-aee1-4d70a8d2ad25,Rev A Shrouds,Rev A Shrouds,{},wars-trading-card-game_nowhere-to-hide_rev-a-shrouds
cda6a118-6775-4714-8cf4-fc101d8e88b5,item,1,0,"{""obverse"": ""wars-trading-card-game_nowhere-to-hide_rogan-hallard-[foil]"", ""reverse"": ""wars-trading-card-game_card-back""}","{""name_printed"": ""Rogan Hallard"", ""variant_disambiguator"": ""Foil"", ""rarity"": ""Ultra Rare"", ""print_finish"": ""Foil"", ""type"": ""Character"", ""item_dimensions"": ""{\u0022height\u0022: \u00223.5\u0022, \u0022width\u0022: \u00222.5\u0022, \u0022unit\u0022: \u0022inch\u0022}""}",017cb0cd-aeb7-4c0b-941d-4f48d13f8145,5abe5d8d-3829-48de-aee1-4d70a8d2ad25,Rogan Hallard,Rogan Hallard [Foil],{},wars-trading-card-game_nowhere-to-hide_rogan-hallard-[foil]
28ab7d70-7bb5-4f8f-a085-15bfda9f14a5,item,1,0,"{""obverse"": ""wars-trading-card-game_nowhere-to-hide_rogan-hallard-[non-foil]"", ""reverse"": ""wars-trading-card-game_card-back""}","{""name_printed"": ""Rogan Hallard"", ""variant_disambiguator"": ""Non-Foil"", ""rarity"": ""Rare"", ""type"": ""Character"", ""allegiance"": ""Earther"", ""item_dimensions"": ""{\u0022height\u0022: \u00223.5\u0022, \u0022width\u0022: \u00222.5\u0022, \u0022unit\u0022: \u0022inch\u0022}""}",017cb0cd-aeb7-4c0b-941d-4f48d13f8145,5abe5d8d-3829-48de-aee1-4d70a8d2ad25,Rogan Hallard,Rogan Hallard [Non-Foil],{},wars-trading-card-game_nowhere-to-hide_rogan-hallard-[non-foil]
7c61407c-962b-47fd-b926-a7ea6097b0ea,item,1,0,"{""obverse"": ""wars-trading-card-game_nowhere-to-hide_rousing-leap"", ""reverse"": ""wars-trading-card-game_card-back""}","{""name_printed"": ""Rousing Leap"", ""rarity"": ""Rare"", ""type"": ""Interrupt"", ""allegiance"": ""Quay"", ""item_dimensions"": ""{\u0022height\u0022: \u00223.5\u0022, \u0022width\u0022: \u00222.5\u0022, \u0022unit\u0022: \u0022inch\u0022}""}",017cb0cd-aeb7-4c0b-941d-4f48d13f8145,5abe5d8d-3829-48de-aee1-4d70a8d2ad25,Rousing Leap,Rousing Leap,{},wars-trading-card-game_nowhere-to-hide_rousing-leap
cf3cafce-0b14-4513-94ee-fe350c55894d,third-party-document,0,0,"{""obverse"": ""wars-trading-card-game_nowhere-to-hide_rousing-leap-(foil)"", ""reverse"": ""wars-trading-card-game_card-back""}","{""name_printed"": ""Rousing Leap"", ""functional_disambiguator"": ""Foil"", ""rarity"": ""Ultra Rare"", ""print_finish"": ""Foil"", ""type"": ""Interrupt"", ""item_dimensions"": ""{\u0022height\u0022: \u00223.5\u0022, \u0022width\u0022: \u00222.5\u0022, \u0022unit\u0022: \u0022inch\u0022}""}",017cb0cd-aeb7-4c0b-941d-4f48d13f8145,5abe5d8d-3829-48de-aee1-4d70a8d2ad25,Rousing Leap (Foil),Rousing Leap (Foil),{},wars-trading-card-game_nowhere-to-hide_rousing-leap-(foil)
f35ed73f-a7a9-457f-8a76-adf42b7e5dc7,item,1,0,"{""obverse"": ""wars-trading-card-game_nowhere-to-hide_rugged-empty"", ""reverse"": ""wars-trading-card-game_card-back""}","{""name_printed"": ""Rugged Empty"", ""rarity"": ""Uncommon"", ""type"": ""Ship"", ""allegiance"": ""Maverick"", ""item_dimensions"": ""{\u0022height\u0022: \u00223.5\u0022, \u0022width\u0022: \u00222.5\u0022, \u0022unit\u0022: \u0022inch\u0022}""}",017cb0cd-aeb7-4c0b-941d-4f48d13f8145,5abe5d8d-3829-48de-aee1-4d70a8d2ad25,Rugged Empty,Rugged Empty,{},wars-trading-card-game_nowhere-to-hide_rugged-empty
9b1eaaae-4494-427b-8420-1c8ffd97c486,item,1,0,"{""obverse"": ""wars-trading-card-game_nowhere-to-hide_selsyn-maneuver"", ""reverse"": ""wars-trading-card-game_card-back""}","{""name_printed"": ""Selsyn Maneuver"", ""rarity"": ""Uncommon"", ""type"": ""Asset"", ""allegiance"": ""Shi"", ""item_dimensions"": ""{\u0022height\u0022: \u00223.5\u0022, \u0022width\u0022: \u00222.5\u0022, \u0022unit\u0022: \u0022inch\u0022}""}",017cb0cd-aeb7-4c0b-941d-4f48d13f8145,5abe5d8d-3829-48de-aee1-4d70a8d2ad25,Selsyn Maneuver,Selsyn Maneuver,{},wars-trading-card-game_nowhere-to-hide_selsyn-maneuver
6e89cabc-e258-480a-98a6-016b5a7207e4,item,1,0,"{""obverse"": ""wars-trading-card-game_nowhere-to-hide_server-bot"", ""reverse"": ""wars-trading-card-game_card-back""}","{""name_printed"": ""Server Bot"", ""rarity"": ""Common"", ""type"": ""Character"", ""allegiance"": ""Independent"", ""item_dimensions"": ""{\u0022height\u0022: \u00223.5\u0022, \u0022width\u0022: \u00222.5\u0022, \u0022unit\u0022: \u0022inch\u0022}""}",017cb0cd-aeb7-4c0b-941d-4f48d13f8145,5abe5d8d-3829-48de-aee1-4d70a8d2ad25,Server Bot,Server Bot,{},wars-trading-card-game_nowhere-to-hide_server-bot
a3f71e53-3aec-4838-943e-7b6b7585318c,item,1,0,"{""obverse"": ""wars-trading-card-game_nowhere-to-hide_seyal-dhanake's-demesne"", ""reverse"": ""wars-trading-card-game_card-back""}","{""name_printed"": ""Seyal/Dhanake's Demesne"", ""rarity"": ""Uncommon"", ""type"": ""Location (Site)"", ""item_dimensions"": ""{\u0022height\u0022: \u00223.5\u0022, \u0022width\u0022: \u00222.5\u0022, \u0022unit\u0022: \u0022inch\u0022}""}",017cb0cd-aeb7-4c0b-941d-4f48d13f8145,5abe5d8d-3829-48de-aee1-4d70a8d2ad25,Seyal/Dhanake's Demesne,Seyal/Dhanake's Demesne,{},wars-trading-card-game_nowhere-to-hide_seyal-dhanake's-demesne
2d276059-4c4d-4d10-8870-b18976d57026,item,0,0,"{""obverse"": ""wars-trading-card-game_nowhere-to-hide_shadowsurfer"", ""reverse"": ""wars-trading-card-game_card-back""}","{""name_printed"": ""Shadowsurfer"", ""rarity"": ""Rare"", ""type"": ""Ship"", ""allegiance"": ""Earther"", ""item_dimensions"": ""{\u0022height\u0022: \u00223.5\u0022, \u0022width\u0022: \u00222.5\u0022, \u0022unit\u0022: \u0022inch\u0022}""}",017cb0cd-aeb7-4c0b-941d-4f48d13f8145,5abe5d8d-3829-48de-aee1-4d70a8d2ad25,Shadowsurfer,Shadowsurfer,{},wars-trading-card-game_nowhere-to-hide_shadowsurfer
9994a714-3320-4ba5-b441-6d567040b088,third-party-document,0,0,"{""obverse"": ""wars-trading-card-game_nowhere-to-hide_sheria-coreg"", ""reverse"": ""wars-trading-card-game_card-back""}","{""name_printed"": ""Sheria Coreg"", ""rarity"": ""Rare"", ""type"": ""Character"", ""allegiance"": ""Earther"", ""item_dimensions"": ""{\u0022height\u0022: \u00223.5\u0022, \u0022width\u0022: \u00222.5\u0022, \u0022unit\u0022: \u0022inch\u0022}""}",017cb0cd-aeb7-4c0b-941d-4f48d13f8145,5abe5d8d-3829-48de-aee1-4d70a8d2ad25,Sheria Coreg,Sheria Coreg,{},wars-trading-card-game_nowhere-to-hide_sheria-coreg
54f7aa69-4e1b-4792-ae11-8c13c36b92f0,third-party-document,0,0,"{""obverse"": ""wars-trading-card-game_nowhere-to-hide_sheria-coreg-(foil)"", ""reverse"": ""wars-trading-card-game_card-back""}","{""name_printed"": ""Sheria Coreg"", ""functional_disambiguator"": ""Foil"", ""rarity"": ""Ultra Rare"", ""print_finish"": ""Foil"", ""type"": ""Character"", ""item_dimensions"": ""{\u0022height\u0022: \u00223.5\u0022, \u0022width\u0022: \u00222.5\u0022, \u0022unit\u0022: \u0022inch\u0022}""}",017cb0cd-aeb7-4c0b-941d-4f48d13f8145,5abe5d8d-3829-48de-aee1-4d70a8d2ad25,Sheria Coreg (Foil),Sheria Coreg (Foil),{},wars-trading-card-game_nowhere-to-hide_sheria-coreg-(foil)
51acfb9d-d124-459c-a975-923b696086cc,third-party-document,0,0,"{""obverse"": ""wars-trading-card-game_nowhere-to-hide_snap-switch"", ""reverse"": ""wars-trading-card-game_card-back""}","{""name_printed"": ""Snap Switch"", ""rarity"": ""Rare"", ""type"": ""Interrupt"", ""allegiance"": ""Maverick"", ""item_dimensions"": ""{\u0022height\u0022: \u00223.5\u0022, \u0022width\u0022: \u00222.5\u0022, \u0022unit\u0022: \u0022inch\u0022}""}",017cb0cd-aeb7-4c0b-941d-4f48d13f8145,5abe5d8d-3829-48de-aee1-4d70a8d2ad25,Snap Switch,Snap Switch,{},wars-trading-card-game_nowhere-to-hide_snap-switch
986eb867-fb95-43bd-8d27-b4595cf13ca6,item,0,0,"{""obverse"": ""wars-trading-card-game_nowhere-to-hide_spineslinger"", ""reverse"": ""wars-trading-card-game_card-back""}","{""name_printed"": ""Spineslinger"", ""rarity"": ""Rare"", ""type"": ""Character"", ""allegiance"": ""Quay"", ""item_dimensions"": ""{\u0022height\u0022: \u00223.5\u0022, \u0022width\u0022: \u00222.5\u0022, \u0022unit\u0022: \u0022inch\u0022}""}",017cb0cd-aeb7-4c0b-941d-4f48d13f8145,5abe5d8d-3829-48de-aee1-4d70a8d2ad25,Spineslinger,Spineslinger,{},wars-trading-card-game_nowhere-to-hide_spineslinger
fdd2bf38-7a1e-44cb-9128-bdfd983ab91d,third-party-document,0,0,"{""obverse"": ""wars-trading-card-game_nowhere-to-hide_strength-of-arms"", ""reverse"": ""wars-trading-card-game_card-back""}","{""name_printed"": ""Strength of Arms"", ""rarity"": ""Rare"", ""type"": ""Asset"", ""allegiance"": ""Gongen"", ""item_dimensions"": ""{\u0022height\u0022: \u00223.5\u0022, \u0022width\u0022: \u00222.5\u0022, \u0022unit\u0022: \u0022inch\u0022}""}",017cb0cd-aeb7-4c0b-941d-4f48d13f8145,5abe5d8d-3829-48de-aee1-4d70a8d2ad25,Strength of Arms,Strength of Arms,{},wars-trading-card-game_nowhere-to-hide_strength-of-arms
eb87ca36-67b1-41f8-b561-ec63fa1e46e4,third-party-document,0,0,"{""obverse"": ""wars-trading-card-game_nowhere-to-hide_suppressed"", ""reverse"": ""wars-trading-card-game_card-back""}","{""name_printed"": ""Suppressed"", ""rarity"": ""Rare"", ""type"": ""Asset"", ""allegiance"": ""Quay"", ""item_dimensions"": ""{\u0022height\u0022: \u00223.5\u0022, \u0022width\u0022: \u00222.5\u0022, \u0022unit\u0022: \u0022inch\u0022}""}",017cb0cd-aeb7-4c0b-941d-4f48d13f8145,5abe5d8d-3829-48de-aee1-4d70a8d2ad25,Suppressed,Suppressed,{},wars-trading-card-game_nowhere-to-hide_suppressed
9374c502-d18d-4657-9ce7-575016c600c4,third-party-document,0,0,"{""obverse"": ""wars-trading-card-game_nowhere-to-hide_swiftwave-attacker"", ""reverse"": ""wars-trading-card-game_card-back""}","{""name_printed"": ""Swiftwave Attacker"", ""rarity"": ""Rare"", ""type"": ""Ship"", ""allegiance"": ""Shi"", ""item_dimensions"": ""{\u0022height\u0022: \u00223.5\u0022, \u0022width\u0022: \u00222.5\u0022, \u0022unit\u0022: \u0022inch\u0022}""}",017cb0cd-aeb7-4c0b-941d-4f48d13f8145,5abe5d8d-3829-48de-aee1-4d70a8d2ad25,Swiftwave Attacker,Swiftwave Attacker,{},wars-trading-card-game_nowhere-to-hide_swiftwave-attacker
632acd71-6ae9-48d8-85df-370f97c97fdf,item,0,0,"{""obverse"": ""wars-trading-card-game_nowhere-to-hide_sword-wall-[foil]"", ""reverse"": ""wars-trading-card-game_card-back""}","{""name_printed"": ""Sword Wall"", ""variant_disambiguator"": ""Foil"", ""rarity"": ""Ultra Rare"", ""print_finish"": ""Foil"", ""type"": ""Interrupt"", ""item_dimensions"": ""{\u0022height\u0022: \u00223.5\u0022, \u0022width\u0022: \u00222.5\u0022, \u0022unit\u0022: \u0022inch\u0022}""}",017cb0cd-aeb7-4c0b-941d-4f48d13f8145,5abe5d8d-3829-48de-aee1-4d70a8d2ad25,Sword Wall,Sword Wall [Foil],{},wars-trading-card-game_nowhere-to-hide_sword-wall-[foil]
2f4a1ebf-730f-41fc-b8f8-3eae6604214d,item,0,0,"{""obverse"": ""wars-trading-card-game_nowhere-to-hide_sword-wall-[non-foil]"", ""reverse"": ""wars-trading-card-game_card-back""}","{""name_printed"": ""Sword Wall"", ""variant_disambiguator"": ""Non-Foil"", ""rarity"": ""Rare"", ""type"": ""Interrupt"", ""allegiance"": ""Gongen"", ""item_dimensions"": ""{\u0022height\u0022: \u00223.5\u0022, \u0022width\u0022: \u00222.5\u0022, \u0022unit\u0022: \u0022inch\u0022}""}",017cb0cd-aeb7-4c0b-941d-4f48d13f8145,5abe5d8d-3829-48de-aee1-4d70a8d2ad25,Sword Wall,Sword Wall [Non-Foil],{},wars-trading-card-game_nowhere-to-hide_sword-wall-[non-foil]
0c695e38-caa2-488a-aadc-56b8bfa30deb,item,0,0,"{""obverse"": ""wars-trading-card-game_nowhere-to-hide_synched-up"", ""reverse"": ""wars-trading-card-game_card-back""}","{""name_printed"": ""Synched Up"", ""rarity"": ""Uncommon"", ""type"": ""Order"", ""allegiance"": ""Maverick"", ""item_dimensions"": ""{\u0022height\u0022: \u00223.5\u0022, \u0022width\u0022: \u00222.5\u0022, \u0022unit\u0022: \u0022inch\u0022}""}",017cb0cd-aeb7-4c0b-941d-4f48d13f8145,5abe5d8d-3829-48de-aee1-4d70a8d2ad25,Synched Up,Synched Up,{},wars-trading-card-game_nowhere-to-hide_synched-up
52847bd2-30e0-4873-a193-4a6bce770a06,item,0,0,"{""obverse"": ""wars-trading-card-game_nowhere-to-hide_tachikaze"", ""reverse"": ""wars-trading-card-game_card-back""}","{""name_printed"": ""Tachikaze"", ""rarity"": ""Rare"", ""type"": ""Ship"", ""allegiance"": ""Gongen"", ""item_dimensions"": ""{\u0022height\u0022: \u00223.5\u0022, \u0022width\u0022: \u00222.5\u0022, \u0022unit\u0022: \u0022inch\u0022}""}",017cb0cd-aeb7-4c0b-941d-4f48d13f8145,5abe5d8d-3829-48de-aee1-4d70a8d2ad25,Tachikaze,Tachikaze,{},wars-trading-card-game_nowhere-to-hide_tachikaze
68de7329-dc6f-4be0-a85e-e9da225fcd36,item,0,0,"{""obverse"": ""wars-trading-card-game_nowhere-to-hide_tahka-assault-craft-[foil]"", ""reverse"": ""wars-trading-card-game_card-back""}","{""name_printed"": ""Tahka Assault Craft"", ""variant_disambiguator"": ""Foil"", ""rarity"": ""Ultra Rare"", ""print_finish"": ""Foil"", ""type"": ""Ship"", ""item_dimensions"": ""{\u0022height\u0022: \u00223.5\u0022, \u0022width\u0022: \u00222.5\u0022, \u0022unit\u0022: \u0022inch\u0022}""}",017cb0cd-aeb7-4c0b-941d-4f48d13f8145,5abe5d8d-3829-48de-aee1-4d70a8d2ad25,Tahka Assault Craft,Tahka Assault Craft [Foil],{},wars-trading-card-game_nowhere-to-hide_tahka-assault-craft-[foil]
e65af626-c053-4100-826d-615229c6a88a,item,0,0,"{""obverse"": ""wars-trading-card-game_nowhere-to-hide_tahka-assault-craft-[non-foil]"", ""reverse"": ""wars-trading-card-game_card-back""}","{""name_printed"": ""Tahka Assault Craft"", ""variant_disambiguator"": ""Non-Foil"", ""rarity"": ""Uncommon"", ""type"": ""Ship"", ""allegiance"": ""Quay"", ""item_dimensions"": ""{\u0022height\u0022: \u00223.5\u0022, \u0022width\u0022: \u00222.5\u0022, \u0022unit\u0022: \u0022inch\u0022}""}",017cb0cd-aeb7-4c0b-941d-4f48d13f8145,5abe5d8d-3829-48de-aee1-4d70a8d2ad25,Tahka Assault Craft,Tahka Assault Craft [Non-Foil],{},wars-trading-card-game_nowhere-to-hide_tahka-assault-craft-[non-foil]
fc160bcd-430a-4a1d-a8e9-fcc214890f98,item,0,0,"{""obverse"": ""wars-trading-card-game_nowhere-to-hide_takumi-shadow-warriors"", ""reverse"": ""wars-trading-card-game_card-back""}","{""name_printed"": ""Takumi Shadow Warriors"", ""rarity"": ""Rare"", ""type"": ""Character"", ""allegiance"": ""Gongen"", ""item_dimensions"": ""{\u0022height\u0022: \u00223.5\u0022, \u0022width\u0022: \u00222.5\u0022, \u0022unit\u0022: \u0022inch\u0022}""}",017cb0cd-aeb7-4c0b-941d-4f48d13f8145,5abe5d8d-3829-48de-aee1-4d70a8d2ad25,Takumi Shadow Warriors,Takumi Shadow Warriors,{},wars-trading-card-game_nowhere-to-hide_takumi-shadow-warriors
d93890ac-caa1-4274-af61-725622e5ad11,third-party-document,0,0,"{""obverse"": ""wars-trading-card-game_nowhere-to-hide_takumi-shadow-warriors-(foil)"", ""reverse"": ""wars-trading-card-game_card-back""}","{""name_printed"": ""Takumi Shadow Warriors"", ""functional_disambiguator"": ""Foil"", ""rarity"": ""Ultra Rare"", ""print_finish"": ""Foil"", ""type"": ""Character"", ""item_dimensions"": ""{\u0022height\u0022: \u00223.5\u0022, \u0022width\u0022: \u00222.5\u0022, \u0022unit\u0022: \u0022inch\u0022}""}",017cb0cd-aeb7-4c0b-941d-4f48d13f8145,5abe5d8d-3829-48de-aee1-4d70a8d2ad25,Takumi Shadow Warriors (Foil),Takumi Shadow Warriors (Foil),{},wars-trading-card-game_nowhere-to-hide_takumi-shadow-warriors-(foil)
155af25c-ea16-42c1-bfca-75f147453570,item,0,0,"{""obverse"": ""wars-trading-card-game_nowhere-to-hide_tamon-interceptor"", ""reverse"": ""wars-trading-card-game_card-back""}","{""name_printed"": ""Tamon Interceptor"", ""rarity"": ""Common"", ""type"": ""Ship"", ""allegiance"": ""Gongen"", ""item_dimensions"": ""{\u0022height\u0022: \u00223.5\u0022, \u0022width\u0022: \u00222.5\u0022, \u0022unit\u0022: \u0022inch\u0022}""}",017cb0cd-aeb7-4c0b-941d-4f48d13f8145,5abe5d8d-3829-48de-aee1-4d70a8d2ad25,Tamon Interceptor,Tamon Interceptor,{},wars-trading-card-game_nowhere-to-hide_tamon-interceptor
6ea9ea39-a0b0-4db5-893c-4a75d25c859d,item,0,0,"{""obverse"": ""wars-trading-card-game_nowhere-to-hide_target-of-opportunity"", ""reverse"": ""wars-trading-card-game_card-back""}","{""name_printed"": ""Target of Opportunity"", ""rarity"": ""Uncommon"", ""type"": ""Asset"", ""allegiance"": ""Shi"", ""item_dimensions"": ""{\u0022height\u0022: \u00223.5\u0022, \u0022width\u0022: \u00222.5\u0022, \u0022unit\u0022: \u0022inch\u0022}""}",017cb0cd-aeb7-4c0b-941d-4f48d13f8145,5abe5d8d-3829-48de-aee1-4d70a8d2ad25,Target of Opportunity,Target of Opportunity,{},wars-trading-card-game_nowhere-to-hide_target-of-opportunity
1c59ed06-558f-4b60-a257-eb550dd52e44,item,0,0,"{""obverse"": ""wars-trading-card-game_nowhere-to-hide_tataki-commander"", ""reverse"": ""wars-trading-card-game_card-back""}","{""name_printed"": ""Tataki Commander"", ""rarity"": ""Uncommon"", ""type"": ""Character"", ""allegiance"": ""Gongen"", ""item_dimensions"": ""{\u0022height\u0022: \u00223.5\u0022, \u0022width\u0022: \u00222.5\u0022, \u0022unit\u0022: \u0022inch\u0022}""}",017cb0cd-aeb7-4c0b-941d-4f48d13f8145,5abe5d8d-3829-48de-aee1-4d70a8d2ad25,Tataki Commander,Tataki Commander,{},wars-trading-card-game_nowhere-to-hide_tataki-commander
e5001c15-d403-47e4-97b4-777a6101050c,third-party-document,0,0,"{""obverse"": ""wars-trading-card-game_nowhere-to-hide_tennaru-hari"", ""reverse"": ""wars-trading-card-game_card-back""}","{""name_printed"": ""Tennaru Hari"", ""rarity"": ""Rare"", ""type"": ""Character"", ""allegiance"": ""Gongen"", ""item_dimensions"": ""{\u0022height\u0022: \u00223.5\u0022, \u0022width\u0022: \u00222.5\u0022, \u0022unit\u0022: \u0022inch\u0022}""}",017cb0cd-aeb7-4c0b-941d-4f48d13f8145,5abe5d8d-3829-48de-aee1-4d70a8d2ad25,Tennaru Hari,Tennaru Hari,{},wars-trading-card-game_nowhere-to-hide_tennaru-hari
c20c84e4-4e9e-4c47-9cbf-acaef9f5c141,third-party-document,0,0,"{""obverse"": ""wars-trading-card-game_nowhere-to-hide_tennaru-hari-(foil)"", ""reverse"": ""wars-trading-card-game_card-back""}","{""name_printed"": ""Tennaru Hari"", ""functional_disambiguator"": ""Foil"", ""rarity"": ""Ultra Rare"", ""print_finish"": ""Foil"", ""type"": ""Character"", ""item_dimensions"": ""{\u0022height\u0022: \u00223.5\u0022, \u0022width\u0022: \u00222.5\u0022, \u0022unit\u0022: \u0022inch\u0022}""}",017cb0cd-aeb7-4c0b-941d-4f48d13f8145,5abe5d8d-3829-48de-aee1-4d70a8d2ad25,Tennaru Hari (Foil),Tennaru Hari (Foil),{},wars-trading-card-game_nowhere-to-hide_tennaru-hari-(foil)
87300e43-f527-4061-bc19-4665ea003103,item,0,0,"{""obverse"": ""wars-trading-card-game_nowhere-to-hide_terms-of-the-deal"", ""reverse"": ""wars-trading-card-game_card-back""}","{""name_printed"": ""Terms of the Deal"", ""rarity"": ""Rare"", ""type"": ""Asset"", ""allegiance"": ""Earther"", ""item_dimensions"": ""{\u0022height\u0022: \u00223.5\u0022, \u0022width\u0022: \u00222.5\u0022, \u0022unit\u0022: \u0022inch\u0022}""}",017cb0cd-aeb7-4c0b-941d-4f48d13f8145,5abe5d8d-3829-48de-aee1-4d70a8d2ad25,Terms of the Deal,Terms of the Deal,{},wars-trading-card-game_nowhere-to-hide_terms-of-the-deal
74cadbe8-b057-4e57-891a-f8dbcbb8b931,item,0,0,"{""obverse"": ""wars-trading-card-game_nowhere-to-hide_thunder-edge-greatsword"", ""reverse"": ""wars-trading-card-game_card-back""}","{""name_printed"": ""Thunder-Edge Greatsword"", ""rarity"": ""Common"", ""type"": ""Weapon"", ""allegiance"": ""Gongen"", ""item_dimensions"": ""{\u0022height\u0022: \u00223.5\u0022, \u0022width\u0022: \u00222.5\u0022, \u0022unit\u0022: \u0022inch\u0022}""}",017cb0cd-aeb7-4c0b-941d-4f48d13f8145,5abe5d8d-3829-48de-aee1-4d70a8d2ad25,Thunder-Edge Greatsword,Thunder-Edge Greatsword,{},wars-trading-card-game_nowhere-to-hide_thunder-edge-greatsword
e32256e7-f61a-40da-b7ea-3dd6467e4f3a,item,0,0,"{""obverse"": ""wars-trading-card-game_nowhere-to-hide_tilak-house-guard"", ""reverse"": ""wars-trading-card-game_card-back""}","{""name_printed"": ""Tilak House Guard"", ""rarity"": ""Common"", ""type"": ""Character"", ""allegiance"": ""Shi"", ""item_dimensions"": ""{\u0022height\u0022: \u00223.5\u0022, \u0022width\u0022: \u00222.5\u0022, \u0022unit\u0022: \u0022inch\u0022}""}",017cb0cd-aeb7-4c0b-941d-4f48d13f8145,5abe5d8d-3829-48de-aee1-4d70a8d2ad25,Tilak House Guard,Tilak House Guard,{},wars-trading-card-game_nowhere-to-hide_tilak-house-guard
31bc7dd6-a311-47e8-b7a0-354c0e220f4c,third-party-document,0,0,"{""obverse"": ""wars-trading-card-game_nowhere-to-hide_tilak-vinisha"", ""reverse"": ""wars-trading-card-game_card-back""}","{""name_printed"": ""Tilak-Vinisha"", ""rarity"": ""Rare"", ""type"": ""Ship"", ""allegiance"": ""Shi"", ""item_dimensions"": ""{\u0022height\u0022: \u00223.5\u0022, \u0022width\u0022: \u00222.5\u0022, \u0022unit\u0022: \u0022inch\u0022}""}",017cb0cd-aeb7-4c0b-941d-4f48d13f8145,5abe5d8d-3829-48de-aee1-4d70a8d2ad25,Tilak-Vinisha,Tilak-Vinisha,{},wars-trading-card-game_nowhere-to-hide_tilak-vinisha
934c792f-f4aa-4743-89b7-b1dfef2b3392,item,0,0,"{""obverse"": ""wars-trading-card-game_nowhere-to-hide_traginium-cache"", ""reverse"": ""wars-trading-card-game_card-back""}","{""name_printed"": ""Traginium Cache"", ""rarity"": ""Uncommon"", ""type"": ""Asset"", ""allegiance"": ""Gongen"", ""item_dimensions"": ""{\u0022height\u0022: \u00223.5\u0022, \u0022width\u0022: \u00222.5\u0022, \u0022unit\u0022: \u0022inch\u0022}""}",017cb0cd-aeb7-4c0b-941d-4f48d13f8145,5abe5d8d-3829-48de-aee1-4d70a8d2ad25,Traginium Cache,Traginium Cache,{},wars-trading-card-game_nowhere-to-hide_traginium-cache
ca3f80c3-13f6-4c5f-b16b-f189b4a7f36e,item,0,0,"{""obverse"": ""wars-trading-card-game_nowhere-to-hide_traginium-harvest"", ""reverse"": ""wars-trading-card-game_card-back""}","{""name_printed"": ""Traginium Harvest"", ""rarity"": ""Uncommon"", ""type"": ""Asset"", ""allegiance"": ""Shi"", ""item_dimensions"": ""{\u0022height\u0022: \u00223.5\u0022, \u0022width\u0022: \u00222.5\u0022, \u0022unit\u0022: \u0022inch\u0022}""}",017cb0cd-aeb7-4c0b-941d-4f48d13f8145,5abe5d8d-3829-48de-aee1-4d70a8d2ad25,Traginium Harvest,Traginium Harvest,{},wars-trading-card-game_nowhere-to-hide_traginium-harvest
492f704d-6fe8-4aca-96ef-6365bb69d3f9,item,0,0,"{""obverse"": ""wars-trading-card-game_nowhere-to-hide_traginium-hoard"", ""reverse"": ""wars-trading-card-game_card-back""}","{""name_printed"": ""Traginium Hoard"", ""rarity"": ""Uncommon"", ""type"": ""Asset"", ""allegiance"": ""Quay"", ""item_dimensions"": ""{\u0022height\u0022: \u00223.5\u0022, \u0022width\u0022: \u00222.5\u0022, \u0022unit\u0022: \u0022inch\u0022}""}",017cb0cd-aeb7-4c0b-941d-4f48d13f8145,5abe5d8d-3829-48de-aee1-4d70a8d2ad25,Traginium Hoard,Traginium Hoard,{},wars-trading-card-game_nowhere-to-hide_traginium-hoard
f3e83dad-6879-4edc-bc78-6544ce70baf1,item,0,0,"{""obverse"": ""wars-trading-card-game_nowhere-to-hide_traginium-stash"", ""reverse"": ""wars-trading-card-game_card-back""}","{""name_printed"": ""Traginium Stash"", ""rarity"": ""Uncommon"", ""type"": ""Asset"", ""allegiance"": ""Maverick"", ""item_dimensions"": ""{\u0022height\u0022: \u00223.5\u0022, \u0022width\u0022: \u00222.5\u0022, \u0022unit\u0022: \u0022inch\u0022}""}",017cb0cd-aeb7-4c0b-941d-4f48d13f8145,5abe5d8d-3829-48de-aee1-4d70a8d2ad25,Traginium Stash,Traginium Stash,{},wars-trading-card-game_nowhere-to-hide_traginium-stash
4a2f2ff1-64e6-4dc6-b470-4349e3f921ed,item,0,0,"{""obverse"": ""wars-trading-card-game_nowhere-to-hide_traginium-surplus"", ""reverse"": ""wars-trading-card-game_card-back""}","{""name_printed"": ""Traginium Surplus"", ""rarity"": ""Uncommon"", ""type"": ""Asset"", ""allegiance"": ""Earther"", ""item_dimensions"": ""{\u0022height\u0022: \u00223.5\u0022, \u0022width\u0022: \u00222.5\u0022, \u0022unit\u0022: \u0022inch\u0022}""}",017cb0cd-aeb7-4c0b-941d-4f48d13f8145,5abe5d8d-3829-48de-aee1-4d70a8d2ad25,Traginium Surplus,Traginium Surplus,{},wars-trading-card-game_nowhere-to-hide_traginium-surplus
c4929f7f-da57-47ee-b0cb-f35e8d72c178,item,0,0,"{""obverse"": ""wars-trading-card-game_nowhere-to-hide_transport-aide"", ""reverse"": ""wars-trading-card-game_card-back""}","{""name_printed"": ""Transport Aide"", ""rarity"": ""Common"", ""type"": ""Character"", ""allegiance"": ""Gongen"", ""item_dimensions"": ""{\u0022height\u0022: \u00223.5\u0022, \u0022width\u0022: \u00222.5\u0022, \u0022unit\u0022: \u0022inch\u0022}""}",017cb0cd-aeb7-4c0b-941d-4f48d13f8145,5abe5d8d-3829-48de-aee1-4d70a8d2ad25,Transport Aide,Transport Aide,{},wars-trading-card-game_nowhere-to-hide_transport-aide
9423e9a5-4ece-4878-b5f2-418dedab8376,third-party-document,0,0,"{""obverse"": ""wars-trading-card-game_nowhere-to-hide_unbidden-martyr"", ""reverse"": ""wars-trading-card-game_card-back""}","{""name_printed"": ""Unbidden Martyr"", ""rarity"": ""Rare"", ""type"": ""Order"", ""allegiance"": ""Gongen"", ""item_dimensions"": ""{\u0022height\u0022: \u00223.5\u0022, \u0022width\u0022: \u00222.5\u0022, \u0022unit\u0022: \u0022inch\u0022}""}",017cb0cd-aeb7-4c0b-941d-4f48d13f8145,5abe5d8d-3829-48de-aee1-4d70a8d2ad25,Unbidden Martyr,Unbidden Martyr,{},wars-trading-card-game_nowhere-to-hide_unbidden-martyr
5bcc404a-a7c7-449c-9cc1-20f6db70c3a5,third-party-document,0,0,"{""obverse"": ""wars-trading-card-game_nowhere-to-hide_unbidden-martyr-(foil)"", ""reverse"": ""wars-trading-card-game_card-back""}","{""name_printed"": ""Unbidden Martyr"", ""functional_disambiguator"": ""Foil"", ""rarity"": ""Ultra Rare"", ""print_finish"": ""Foil"", ""type"": ""Order"", ""item_dimensions"": ""{\u0022height\u0022: \u00223.5\u0022, \u0022width\u0022: \u00222.5\u0022, \u0022unit\u0022: \u0022inch\u0022}""}",017cb0cd-aeb7-4c0b-941d-4f48d13f8145,5abe5d8d-3829-48de-aee1-4d70a8d2ad25,Unbidden Martyr (Foil),Unbidden Martyr (Foil),{},wars-trading-card-game_nowhere-to-hide_unbidden-martyr-(foil)
20bd08ba-b62a-44f6-875f-ae5af3a71b78,item,0,0,"{""obverse"": ""wars-trading-card-game_nowhere-to-hide_undercurrents"", ""reverse"": ""wars-trading-card-game_card-back""}","{""name_printed"": ""Undercurrents"", ""rarity"": ""Rare"", ""type"": ""Interrupt"", ""allegiance"": ""Shi"", ""item_dimensions"": ""{\u0022height\u0022: \u00223.5\u0022, \u0022width\u0022: \u00222.5\u0022, \u0022unit\u0022: \u0022inch\u0022}""}",017cb0cd-aeb7-4c0b-941d-4f48d13f8145,5abe5d8d-3829-48de-aee1-4d70a8d2ad25,Undercurrents,Undercurrents,{},wars-trading-card-game_nowhere-to-hide_undercurrents
cd2b469b-8616-4bbf-83cc-48df7a6b43c3,item,0,0,"{""obverse"": ""wars-trading-card-game_nowhere-to-hide_venus-gula-mons-correctional-facility"", ""reverse"": ""wars-trading-card-game_card-back""}","{""name_printed"": ""Venus/Gula Mons Correctional Facility"", ""rarity"": ""Uncommon"", ""type"": ""Location (Site)"", ""item_dimensions"": ""{\u0022height\u0022: \u00223.5\u0022, \u0022width\u0022: \u00222.5\u0022, \u0022unit\u0022: \u0022inch\u0022}""}",017cb0cd-aeb7-4c0b-941d-4f48d13f8145,5abe5d8d-3829-48de-aee1-4d70a8d2ad25,Venus/Gula Mons Correctional Facility,Venus/Gula Mons Correctional Facility,{},wars-trading-card-game_nowhere-to-hide_venus-gula-mons-correctional-facility
7eaf16b7-0796-4d46-b637-0e078845ae22,item,0,0,"{""obverse"": ""wars-trading-card-game_nowhere-to-hide_venus-trade-route"", ""reverse"": ""wars-trading-card-game_card-back""}","{""name_printed"": ""Venus/Trade Route"", ""rarity"": ""Uncommon"", ""type"": ""Location (Sector)"", ""item_dimensions"": ""{\u0022height\u0022: \u00223.5\u0022, \u0022width\u0022: \u00222.5\u0022, \u0022unit\u0022: \u0022inch\u0022}""}",017cb0cd-aeb7-4c0b-941d-4f48d13f8145,5abe5d8d-3829-48de-aee1-4d70a8d2ad25,Venus/Trade Route,Venus/Trade Route,{},wars-trading-card-game_nowhere-to-hide_venus-trade-route
5a2db783-97a4-472f-83df-853dd7853d1b,item,0,0,"{""obverse"": ""wars-trading-card-game_nowhere-to-hide_venus-yacht-works"", ""reverse"": ""wars-trading-card-game_card-back""}","{""name_printed"": ""Venus/Yacht Works"", ""rarity"": ""Common"", ""type"": ""Location (Sector)"", ""item_dimensions"": ""{\u0022height\u0022: \u00223.5\u0022, \u0022width\u0022: \u00222.5\u0022, \u0022unit\u0022: \u0022inch\u0022}""}",017cb0cd-aeb7-4c0b-941d-4f48d13f8145,5abe5d8d-3829-48de-aee1-4d70a8d2ad25,Venus/Yacht Works,Venus/Yacht Works,{},wars-trading-card-game_nowhere-to-hide_venus-yacht-works
b36dffa7-d28c-4c41-a3b5-b0c7a9a1df5d,third-party-document,0,0,"{""obverse"": ""wars-trading-card-game_nowhere-to-hide_vidanar"", ""reverse"": ""wars-trading-card-game_card-back""}","{""name_printed"": ""Vidanar"", ""rarity"": ""Rare"", ""type"": ""Character"", ""allegiance"": ""Shi"", ""item_dimensions"": ""{\u0022height\u0022: \u00223.5\u0022, \u0022width\u0022: \u00222.5\u0022, \u0022unit\u0022: \u0022inch\u0022}""}",017cb0cd-aeb7-4c0b-941d-4f48d13f8145,5abe5d8d-3829-48de-aee1-4d70a8d2ad25,Vidanar,Vidanar,{},wars-trading-card-game_nowhere-to-hide_vidanar
07dea6bd-da1d-43a3-8be5-a828aaa584aa,item,0,0,"{""obverse"": ""wars-trading-card-game_nowhere-to-hide_wagner-s70-plasma-bolter"", ""reverse"": ""wars-trading-card-game_card-back""}","{""name_printed"": ""Wagner S70 Plasma Bolter"", ""rarity"": ""Common"", ""type"": ""Weapon"", ""allegiance"": ""Maverick"", ""item_dimensions"": ""{\u0022height\u0022: \u00223.5\u0022, \u0022width\u0022: \u00222.5\u0022, \u0022unit\u0022: \u0022inch\u0022}""}",017cb0cd-aeb7-4c0b-941d-4f48d13f8145,5abe5d8d-3829-48de-aee1-4d70a8d2ad25,Wagner S70 Plasma Bolter,Wagner S70 Plasma Bolter,{},wars-trading-card-game_nowhere-to-hide_wagner-s70-plasma-bolter
17190b1f-9480-4082-886e-81adcd37d769,item,0,0,"{""obverse"": ""wars-trading-card-game_nowhere-to-hide_watch-your-back"", ""reverse"": ""wars-trading-card-game_card-back""}","{""name_printed"": ""Watch Your Back"", ""rarity"": ""Uncommon"", ""type"": ""Order"", ""allegiance"": ""Earther"", ""item_dimensions"": ""{\u0022height\u0022: \u00223.5\u0022, \u0022width\u0022: \u00222.5\u0022, \u0022unit\u0022: \u0022inch\u0022}""}",017cb0cd-aeb7-4c0b-941d-4f48d13f8145,5abe5d8d-3829-48de-aee1-4d70a8d2ad25,Watch Your Back,Watch Your Back,{},wars-trading-card-game_nowhere-to-hide_watch-your-back
6620264b-4068-4662-b723-6d6e39dccaba,item,0,0,"{""obverse"": ""wars-trading-card-game_nowhere-to-hide_widowmaker"", ""reverse"": ""wars-trading-card-game_card-back""}","{""name_printed"": ""Widowmaker"", ""rarity"": ""Common"", ""type"": ""Ship"", ""allegiance"": ""Maverick"", ""item_dimensions"": ""{\u0022height\u0022: \u00223.5\u0022, \u0022width\u0022: \u00222.5\u0022, \u0022unit\u0022: \u0022inch\u0022}""}",017cb0cd-aeb7-4c0b-941d-4f48d13f8145,5abe5d8d-3829-48de-aee1-4d70a8d2ad25,Widowmaker,Widowmaker,{},wars-trading-card-game_nowhere-to-hide_widowmaker
4cc1f6d8-a25f-420e-aba0-72fdd0dfe611,item,0,0,"{""obverse"": ""wars-trading-card-game_nowhere-to-hide_xelabs-type-iv"", ""reverse"": ""wars-trading-card-game_card-back""}","{""name_printed"": ""XeLabs Type IV"", ""rarity"": ""Rare"", ""type"": ""Ship"", ""allegiance"": ""Earther"", ""item_dimensions"": ""{\u0022height\u0022: \u00223.5\u0022, \u0022width\u0022: \u00222.5\u0022, \u0022unit\u0022: \u0022inch\u0022}""}",017cb0cd-aeb7-4c0b-941d-4f48d13f8145,5abe5d8d-3829-48de-aee1-4d70a8d2ad25,XeLabs Type IV,XeLabs Type IV,{},wars-trading-card-game_nowhere-to-hide_xelabs-type-iv
c9e821f6-7480-4293-a968-9e4c3daf32b8,third-party-document,0,0,"{""obverse"": ""wars-trading-card-game_nowhere-to-hide_xelabs-type-iv-(foil)"", ""reverse"": ""wars-trading-card-game_card-back""}","{""name_printed"": ""XeLabs Type IV"", ""functional_disambiguator"": ""Foil"", ""rarity"": ""Ultra Rare"", ""print_finish"": ""Foil"", ""type"": ""Ship"", ""item_dimensions"": ""{\u0022height\u0022: \u00223.5\u0022, \u0022width\u0022: \u00222.5\u0022, \u0022unit\u0022: \u0022inch\u0022}""}",017cb0cd-aeb7-4c0b-941d-4f48d13f8145,5abe5d8d-3829-48de-aee1-4d70a8d2ad25,XeLabs Type IV (Foil),XeLabs Type IV (Foil),{},wars-trading-card-game_nowhere-to-hide_xelabs-type-iv-(foil)
f26ce46d-c7d0-4e72-9220-d522b3bde16d,item,0,0,"{""obverse"": ""wars-trading-card-game_nowhere-to-hide_xeracer"", ""reverse"": ""wars-trading-card-game_card-back""}","{""name_printed"": ""XeRacer"", ""rarity"": ""Common"", ""type"": ""Ship"", ""allegiance"": ""Earther"", ""item_dimensions"": ""{\u0022height\u0022: \u00223.5\u0022, \u0022width\u0022: \u00222.5\u0022, \u0022unit\u0022: \u0022inch\u0022}""}",017cb0cd-aeb7-4c0b-941d-4f48d13f8145,5abe5d8d-3829-48de-aee1-4d70a8d2ad25,XeRacer,XeRacer,{},wars-trading-card-game_nowhere-to-hide_xeracer
cd57398e-cdff-4d07-b702-8d3f56303401,item,0,0,"{""obverse"": ""wars-trading-card-game_nowhere-to-hide_z-level-gurus"", ""reverse"": ""wars-trading-card-game_card-back""}","{""name_printed"": ""Z-Level Gurus"", ""rarity"": ""Rare"", ""type"": ""Interrupt"", ""allegiance"": ""Earther"", ""item_dimensions"": ""{\u0022height\u0022: \u00223.5\u0022, \u0022width\u0022: \u00222.5\u0022, \u0022unit\u0022: \u0022inch\u0022}""}",017cb0cd-aeb7-4c0b-941d-4f48d13f8145,5abe5d8d-3829-48de-aee1-4d70a8d2ad25,Z-Level Gurus,Z-Level Gurus,{},wars-trading-card-game_nowhere-to-hide_z-level-gurus
7c799789-40ed-4b44-8dc1-25ac855a1c98,third-party-document,0,0,"{""obverse"": ""wars-trading-card-game_nowhere-to-hide_z-level-gurus-(foil)"", ""reverse"": ""wars-trading-card-game_card-back""}","{""name_printed"": ""Z-Level Gurus"", ""functional_disambiguator"": ""Foil"", ""rarity"": ""Ultra Rare"", ""print_finish"": ""Foil"", ""type"": ""Interrupt"", ""item_dimensions"": ""{\u0022height\u0022: \u00223.5\u0022, \u0022width\u0022: \u00222.5\u0022, \u0022unit\u0022: \u0022inch\u0022}""}",017cb0cd-aeb7-4c0b-941d-4f48d13f8145,5abe5d8d-3829-48de-aee1-4d70a8d2ad25,Z-Level Gurus (Foil),Z-Level Gurus (Foil),{},wars-trading-card-game_nowhere-to-hide_z-level-gurus-(foil)
d797b924-be06-426f-9894-9d65a90119ad,item,0,0,"{""obverse"": ""wars-trading-card-game_nowhere-to-hide_zhang-hotrod-[foil]"", ""reverse"": ""wars-trading-card-game_card-back""}","{""name_printed"": ""Zhang Hotrod"", ""variant_disambiguator"": ""Foil"", ""rarity"": ""Ultra Rare"", ""print_finish"": ""Foil"", ""type"": ""Vehicle"", ""item_dimensions"": ""{\u0022height\u0022: \u00223.5\u0022, \u0022width\u0022: \u00222.5\u0022, \u0022unit\u0022: \u0022inch\u0022}""}",017cb0cd-aeb7-4c0b-941d-4f48d13f8145,5abe5d8d-3829-48de-aee1-4d70a8d2ad25,Zhang Hotrod,Zhang Hotrod [Foil],{},wars-trading-card-game_nowhere-to-hide_zhang-hotrod-[foil]
5cd00bde-daf2-45a8-b172-b25076a31265,item,0,0,"{""obverse"": ""wars-trading-card-game_nowhere-to-hide_zhang-hotrod-[non-foil]"", ""reverse"": ""wars-trading-card-game_card-back""}","{""name_printed"": ""Zhang Hotrod"", ""variant_disambiguator"": ""Non-Foil"", ""rarity"": ""Uncommon"", ""type"": ""Vehicle"", ""allegiance"": ""Maverick"", ""item_dimensions"": ""{\u0022height\u0022: \u00223.5\u0022, \u0022width\u0022: \u00222.5\u0022, \u0022unit\u0022: \u0022inch\u0022}""}",017cb0cd-aeb7-4c0b-941d-4f48d13f8145,5abe5d8d-3829-48de-aee1-4d70a8d2ad25,Zhang Hotrod,Zhang Hotrod [Non-Foil],{},wars-trading-card-game_nowhere-to-hide_zhang-hotrod-[non-foil]
407212fd-9715-418d-8169-4ceef2dcfaf2,item,0,0,"{""obverse"": ""wars-trading-card-game_nowhere-to-hide_zocho-interceptor"", ""reverse"": ""wars-trading-card-game_card-back""}","{""name_printed"": ""Zocho Interceptor"", ""rarity"": ""Common"", ""type"": ""Ship"", ""allegiance"": ""Gongen"", ""item_dimensions"": ""{\u0022height\u0022: \u00223.5\u0022, \u0022width\u0022: \u00222.5\u0022, \u0022unit\u0022: \u0022inch\u0022}""}",017cb0cd-aeb7-4c0b-941d-4f48d13f8145,5abe5d8d-3829-48de-aee1-4d70a8d2ad25,Zocho Interceptor,Zocho Interceptor,{},wars-trading-card-game_nowhere-to-hide_zocho-interceptor
5eab87eb-a03c-475f-8443-713933cc8232,third-party-document,0,0,"{""obverse"": ""wars-trading-card-game_other_ace-mccallister"", ""reverse"": ""wars-trading-card-game_card-back""}","{""name_printed"": ""Ace McCallister"", ""rarity"": ""Ultra Rare"", ""type"": ""Character"", ""item_dimensions"": ""{\u0022height\u0022: \u00223.5\u0022, \u0022width\u0022: \u00222.5\u0022, \u0022unit\u0022: \u0022inch\u0022}""}",017cb0cd-aeb7-4c0b-941d-4f48d13f8145,8104bee3-3d37-42bc-9c58-e77012bd8b5c,Ace McCallister,Ace McCallister,{},wars-trading-card-game_other_ace-mccallister
a64e1285-dec5-4a5f-b698-e4c59260d414,third-party-document,0,0,"{""obverse"": ""wars-trading-card-game_other_alnak-station-captured-base"", ""reverse"": ""wars-trading-card-game_card-back""}","{""name_printed"": ""Alnak Station/Captured Base"", ""rarity"": ""Ultra Rare"", ""type"": ""Location"", ""item_dimensions"": ""{\u0022height\u0022: \u00223.5\u0022, \u0022width\u0022: \u00222.5\u0022, \u0022unit\u0022: \u0022inch\u0022}""}",017cb0cd-aeb7-4c0b-941d-4f48d13f8145,8104bee3-3d37-42bc-9c58-e77012bd8b5c,Alnak Station/Captured Base,Alnak Station/Captured Base,{},wars-trading-card-game_other_alnak-station-captured-base
8f4f01e7-17dd-49fe-bc2d-4bb0d26af63a,third-party-document,0,0,"{""obverse"": ""wars-trading-card-game_other_alnak-station-hallway"", ""reverse"": ""wars-trading-card-game_card-back""}","{""name_printed"": ""Alnak Station/Hallway"", ""rarity"": ""Ultra Rare"", ""type"": ""Location"", ""item_dimensions"": ""{\u0022height\u0022: \u00223.5\u0022, \u0022width\u0022: \u00222.5\u0022, \u0022unit\u0022: \u0022inch\u0022}""}",017cb0cd-aeb7-4c0b-941d-4f48d13f8145,8104bee3-3d37-42bc-9c58-e77012bd8b5c,Alnak Station/Hallway,Alnak Station/Hallway,{},wars-trading-card-game_other_alnak-station-hallway
15d24ac0-67cc-4c94-9248-d364869fccef,third-party-document,0,0,"{""obverse"": ""wars-trading-card-game_other_careless-cat"", ""reverse"": ""wars-trading-card-game_card-back""}","{""name_printed"": ""Careless Cat"", ""rarity"": ""Ultra Rare"", ""type"": ""Character"", ""item_dimensions"": ""{\u0022height\u0022: \u00223.5\u0022, \u0022width\u0022: \u00222.5\u0022, \u0022unit\u0022: \u0022inch\u0022}""}",017cb0cd-aeb7-4c0b-941d-4f48d13f8145,8104bee3-3d37-42bc-9c58-e77012bd8b5c,Careless Cat,Careless Cat,{},wars-trading-card-game_other_careless-cat
92d65b96-f761-499e-992d-b68c96494a20,third-party-document,0,0,"{""obverse"": ""wars-trading-card-game_other_deigan-follower"", ""reverse"": ""wars-trading-card-game_card-back""}","{""name_printed"": ""Deigan Follower"", ""rarity"": ""Ultra Rare"", ""type"": ""Character"", ""item_dimensions"": ""{\u0022height\u0022: \u00223.5\u0022, \u0022width\u0022: \u00222.5\u0022, \u0022unit\u0022: \u0022inch\u0022}""}",017cb0cd-aeb7-4c0b-941d-4f48d13f8145,8104bee3-3d37-42bc-9c58-e77012bd8b5c,Deigan Follower,Deigan Follower,{},wars-trading-card-game_other_deigan-follower
33badb5f-90fc-4699-8a55-c347c74a49e1,third-party-document,0,0,"{""obverse"": ""wars-trading-card-game_other_expansion"", ""reverse"": ""wars-trading-card-game_card-back""}","{""name_printed"": ""Expansion"", ""rarity"": ""Ultra Rare"", ""type"": ""Interrupt"", ""item_dimensions"": ""{\u0022height\u0022: \u00223.5\u0022, \u0022width\u0022: \u00222.5\u0022, \u0022unit\u0022: \u0022inch\u0022}""}",017cb0cd-aeb7-4c0b-941d-4f48d13f8145,8104bee3-3d37-42bc-9c58-e77012bd8b5c,Expansion,Expansion,{},wars-trading-card-game_other_expansion
b6cad509-28b6-49d5-af61-197ff2c5cb50,third-party-document,0,0,"{""obverse"": ""wars-trading-card-game_other_ganymede-traginium-well"", ""reverse"": ""wars-trading-card-game_card-back""}","{""name_printed"": ""Ganymede/Traginium Well"", ""rarity"": ""Ultra Rare"", ""type"": ""Location"", ""item_dimensions"": ""{\u0022height\u0022: \u00223.5\u0022, \u0022width\u0022: \u00222.5\u0022, \u0022unit\u0022: \u0022inch\u0022}""}",017cb0cd-aeb7-4c0b-941d-4f48d13f8145,8104bee3-3d37-42bc-9c58-e77012bd8b5c,Ganymede/Traginium Well,Ganymede/Traginium Well,{},wars-trading-card-game_other_ganymede-traginium-well
5481ea01-48f0-45c5-9f14-0f2146804a68,third-party-document,0,0,"{""obverse"": ""wars-trading-card-game_other_ganymede-underground-bunker"", ""reverse"": ""wars-trading-card-game_card-back""}","{""name_printed"": ""Ganymede/Underground Bunker"", ""rarity"": ""Ultra Rare"", ""type"": ""Location"", ""item_dimensions"": ""{\u0022height\u0022: \u00223.5\u0022, \u0022width\u0022: \u00222.5\u0022, \u0022unit\u0022: \u0022inch\u0022}""}",017cb0cd-aeb7-4c0b-941d-4f48d13f8145,8104bee3-3d37-42bc-9c58-e77012bd8b5c,Ganymede/Underground Bunker,Ganymede/Underground Bunker,{},wars-trading-card-game_other_ganymede-underground-bunker
a443ca9f-82bc-4ca1-9d38-e1f65a4b24fb,third-party-document,0,0,"{""obverse"": ""wars-trading-card-game_other_horatio-hicks"", ""reverse"": ""wars-trading-card-game_card-back""}","{""name_printed"": ""Horatio Hicks"", ""rarity"": ""Ultra Rare"", ""type"": ""Character"", ""item_dimensions"": ""{\u0022height\u0022: \u00223.5\u0022, \u0022width\u0022: \u00222.5\u0022, \u0022unit\u0022: \u0022inch\u0022}""}",017cb0cd-aeb7-4c0b-941d-4f48d13f8145,8104bee3-3d37-42bc-9c58-e77012bd8b5c,Horatio Hicks,Horatio Hicks,{},wars-trading-card-game_other_horatio-hicks
0637a63c-b677-4e47-ac09-5ca6ab3e2e86,third-party-document,0,0,"{""obverse"": ""wars-trading-card-game_other_ikazuchi-leader"", ""reverse"": ""wars-trading-card-game_card-back""}","{""name_printed"": ""Ikazuchi Leader"", ""rarity"": ""Ultra Rare"", ""type"": ""Character"", ""item_dimensions"": ""{\u0022height\u0022: \u00223.5\u0022, \u0022width\u0022: \u00222.5\u0022, \u0022unit\u0022: \u0022inch\u0022}""}",017cb0cd-aeb7-4c0b-941d-4f48d13f8145,8104bee3-3d37-42bc-9c58-e77012bd8b5c,Ikazuchi Leader,Ikazuchi Leader,{},wars-trading-card-game_other_ikazuchi-leader
e4911f2f-2bdd-4521-9d54-2056299a3b4b,third-party-document,0,0,"{""obverse"": ""wars-trading-card-game_other_inca-fighter"", ""reverse"": ""wars-trading-card-game_card-back""}","{""name_printed"": ""Inca Fighter"", ""rarity"": ""Ultra Rare"", ""type"": ""Ship"", ""item_dimensions"": ""{\u0022height\u0022: \u00223.5\u0022, \u0022width\u0022: \u00222.5\u0022, \u0022unit\u0022: \u0022inch\u0022}""}",017cb0cd-aeb7-4c0b-941d-4f48d13f8145,8104bee3-3d37-42bc-9c58-e77012bd8b5c,Inca Fighter,Inca Fighter,{},wars-trading-card-game_other_inca-fighter
60e61e78-aa07-4cdb-a96f-64f65b99d9eb,third-party-document,0,0,"{""obverse"": ""wars-trading-card-game_other_jack-wilgress"", ""reverse"": ""wars-trading-card-game_card-back""}","{""name_printed"": ""Jack Wilgress"", ""rarity"": ""Ultra Rare"", ""type"": ""Character"", ""item_dimensions"": ""{\u0022height\u0022: \u00223.5\u0022, \u0022width\u0022: \u00222.5\u0022, \u0022unit\u0022: \u0022inch\u0022}""}",017cb0cd-aeb7-4c0b-941d-4f48d13f8145,8104bee3-3d37-42bc-9c58-e77012bd8b5c,Jack Wilgress,Jack Wilgress,{},wars-trading-card-game_other_jack-wilgress
aaf2a893-7c9a-44b3-9cd0-a488755522a2,third-party-document,0,0,"{""obverse"": ""wars-trading-card-game_other_james-howler-(dutch)"", ""reverse"": ""wars-trading-card-game_card-back""}","{""name_printed"": ""James Howler (Dutch)"", ""rarity"": ""Ultra Rare"", ""type"": ""Character"", ""allegiance"": ""Earther"", ""item_dimensions"": ""{\u0022height\u0022: \u00223.5\u0022, \u0022width\u0022: \u00222.5\u0022, \u0022unit\u0022: \u0022inch\u0022}""}",017cb0cd-aeb7-4c0b-941d-4f48d13f8145,8104bee3-3d37-42bc-9c58-e77012bd8b5c,James Howler (Dutch),James Howler (Dutch),{},wars-trading-card-game_other_james-howler-(dutch)
3c75c962-cae0-474d-b2bc-c882f684eef6,third-party-document,0,0,"{""obverse"": ""wars-trading-card-game_other_jet-pack-attack"", ""reverse"": ""wars-trading-card-game_card-back""}","{""name_printed"": ""Jet Pack Attack"", ""rarity"": ""Ultra Rare"", ""type"": ""Interrupt"", ""item_dimensions"": ""{\u0022height\u0022: \u00223.5\u0022, \u0022width\u0022: \u00222.5\u0022, \u0022unit\u0022: \u0022inch\u0022}""}",017cb0cd-aeb7-4c0b-941d-4f48d13f8145,8104bee3-3d37-42bc-9c58-e77012bd8b5c,Jet Pack Attack,Jet Pack Attack,{},wars-trading-card-game_other_jet-pack-attack
82633747-1d27-4311-9546-07204e4ff2f1,third-party-document,0,0,"{""obverse"": ""wars-trading-card-game_other_jikoku-fighter"", ""reverse"": ""wars-trading-card-game_card-back""}","{""name_printed"": ""Jikoku Fighter"", ""rarity"": ""Ultra Rare"", ""type"": ""Ship"", ""item_dimensions"": ""{\u0022height\u0022: \u00223.5\u0022, \u0022width\u0022: \u00222.5\u0022, \u0022unit\u0022: \u0022inch\u0022}""}",017cb0cd-aeb7-4c0b-941d-4f48d13f8145,8104bee3-3d37-42bc-9c58-e77012bd8b5c,Jikoku Fighter,Jikoku Fighter,{},wars-trading-card-game_other_jikoku-fighter
aa274ab0-b26a-4bc1-ba50-bacc7771f9d0,third-party-document,0,0,"{""obverse"": ""wars-trading-card-game_other_kano-masako"", ""reverse"": ""wars-trading-card-game_card-back""}","{""name_printed"": ""Kano Masako"", ""rarity"": ""Ultra Rare"", ""type"": ""Character"", ""item_dimensions"": ""{\u0022height\u0022: \u00223.5\u0022, \u0022width\u0022: \u00222.5\u0022, \u0022unit\u0022: \u0022inch\u0022}""}",017cb0cd-aeb7-4c0b-941d-4f48d13f8145,8104bee3-3d37-42bc-9c58-e77012bd8b5c,Kano Masako,Kano Masako,{},wars-trading-card-game_other_kano-masako
c22d7079-84f9-459c-98da-a8daf0b9a534,third-party-document,0,0,"{""obverse"": ""wars-trading-card-game_other_kulak"", ""reverse"": ""wars-trading-card-game_card-back""}","{""name_printed"": ""Kulak"", ""rarity"": ""Ultra Rare"", ""type"": ""Character"", ""item_dimensions"": ""{\u0022height\u0022: \u00223.5\u0022, \u0022width\u0022: \u00222.5\u0022, \u0022unit\u0022: \u0022inch\u0022}""}",017cb0cd-aeb7-4c0b-941d-4f48d13f8145,8104bee3-3d37-42bc-9c58-e77012bd8b5c,Kulak,Kulak,{},wars-trading-card-game_other_kulak
758ee51b-45a7-42ec-99a3-0cd7cb864655,third-party-document,0,0,"{""obverse"": ""wars-trading-card-game_other_level-ii-guru"", ""reverse"": ""wars-trading-card-game_card-back""}","{""name_printed"": ""Level II Guru"", ""rarity"": ""Ultra Rare"", ""type"": ""Character"", ""item_dimensions"": ""{\u0022height\u0022: \u00223.5\u0022, \u0022width\u0022: \u00222.5\u0022, \u0022unit\u0022: \u0022inch\u0022}""}",017cb0cd-aeb7-4c0b-941d-4f48d13f8145,8104bee3-3d37-42bc-9c58-e77012bd8b5c,Level II Guru,Level II Guru,{},wars-trading-card-game_other_level-ii-guru
e5758537-ae7b-4835-b4a6-e5a449932c76,third-party-document,0,0,"{""obverse"": ""wars-trading-card-game_other_makaltika"", ""reverse"": ""wars-trading-card-game_card-back""}","{""name_printed"": ""Makaltika"", ""rarity"": ""Ultra Rare"", ""type"": ""Ship"", ""item_dimensions"": ""{\u0022height\u0022: \u00223.5\u0022, \u0022width\u0022: \u00222.5\u0022, \u0022unit\u0022: \u0022inch\u0022}""}",017cb0cd-aeb7-4c0b-941d-4f48d13f8145,8104bee3-3d37-42bc-9c58-e77012bd8b5c,Makaltika,Makaltika,{},wars-trading-card-game_other_makaltika
40ef8c01-68df-43c5-9db5-6fcc67e85240,third-party-document,0,0,"{""obverse"": ""wars-trading-card-game_other_misty-miller"", ""reverse"": ""wars-trading-card-game_card-back""}","{""name_printed"": ""Misty Miller"", ""rarity"": ""Ultra Rare"", ""type"": ""Character"", ""item_dimensions"": ""{\u0022height\u0022: \u00223.5\u0022, \u0022width\u0022: \u00222.5\u0022, \u0022unit\u0022: \u0022inch\u0022}""}",017cb0cd-aeb7-4c0b-941d-4f48d13f8145,8104bee3-3d37-42bc-9c58-e77012bd8b5c,Misty Miller,Misty Miller,{},wars-trading-card-game_other_misty-miller
32432603-e5d8-4fc7-a3da-e96adeb1ce3f,third-party-document,0,0,"{""obverse"": ""wars-trading-card-game_other_nimble-jockey"", ""reverse"": ""wars-trading-card-game_card-back""}","{""name_printed"": ""Nimble Jockey"", ""rarity"": ""Ultra Rare"", ""type"": ""Character"", ""item_dimensions"": ""{\u0022height\u0022: \u00223.5\u0022, \u0022width\u0022: \u00222.5\u0022, \u0022unit\u0022: \u0022inch\u0022}""}",017cb0cd-aeb7-4c0b-941d-4f48d13f8145,8104bee3-3d37-42bc-9c58-e77012bd8b5c,Nimble Jockey,Nimble Jockey,{},wars-trading-card-game_other_nimble-jockey
61a9b1f4-3ccc-417e-947f-57d5fc89c7db,third-party-document,0,0,"{""obverse"": ""wars-trading-card-game_other_orbital-coverage"", ""reverse"": ""wars-trading-card-game_card-back""}","{""name_printed"": ""Orbital Coverage"", ""rarity"": ""Ultra Rare"", ""type"": ""Asset"", ""item_dimensions"": ""{\u0022height\u0022: \u00223.5\u0022, \u0022width\u0022: \u00222.5\u0022, \u0022unit\u0022: \u0022inch\u0022}""}",017cb0cd-aeb7-4c0b-941d-4f48d13f8145,8104bee3-3d37-42bc-9c58-e77012bd8b5c,Orbital Coverage,Orbital Coverage,{},wars-trading-card-game_other_orbital-coverage
4d3902e7-692b-42d7-9393-a2c8f62bac1c,third-party-document,0,0,"{""obverse"": ""wars-trading-card-game_other_ore-alembic"", ""reverse"": ""wars-trading-card-game_card-back""}","{""name_printed"": ""Ore Alembic"", ""rarity"": ""Ultra Rare"", ""type"": ""Character"", ""item_dimensions"": ""{\u0022height\u0022: \u00223.5\u0022, \u0022width\u0022: \u00222.5\u0022, \u0022unit\u0022: \u0022inch\u0022}""}",017cb0cd-aeb7-4c0b-941d-4f48d13f8145,8104bee3-3d37-42bc-9c58-e77012bd8b5c,Ore Alembic,Ore Alembic,{},wars-trading-card-game_other_ore-alembic
a7db86d3-cdf9-40c9-a9fb-0feafbb566b5,third-party-document,0,0,"{""obverse"": ""wars-trading-card-game_other_ravagers"", ""reverse"": ""wars-trading-card-game_card-back""}","{""name_printed"": ""Ravagers"", ""rarity"": ""Ultra Rare"", ""type"": ""Character"", ""item_dimensions"": ""{\u0022height\u0022: \u00223.5\u0022, \u0022width\u0022: \u00222.5\u0022, \u0022unit\u0022: \u0022inch\u0022}""}",017cb0cd-aeb7-4c0b-941d-4f48d13f8145,8104bee3-3d37-42bc-9c58-e77012bd8b5c,Ravagers,Ravagers,{},wars-trading-card-game_other_ravagers
811bd567-338d-4ea1-9552-38e69fafbf1d,third-party-document,0,0,"{""obverse"": ""wars-trading-card-game_other_syndicate-interference"", ""reverse"": ""wars-trading-card-game_card-back""}","{""name_printed"": ""Syndicate Interference"", ""rarity"": ""Ultra Rare"", ""type"": ""Interrupt"", ""item_dimensions"": ""{\u0022height\u0022: \u00223.5\u0022, \u0022width\u0022: \u00222.5\u0022, \u0022unit\u0022: \u0022inch\u0022}""}",017cb0cd-aeb7-4c0b-941d-4f48d13f8145,8104bee3-3d37-42bc-9c58-e77012bd8b5c,Syndicate Interference,Syndicate Interference,{},wars-trading-card-game_other_syndicate-interference
7851a6d7-3833-452b-8576-eef48284c048,third-party-document,0,0,"{""obverse"": ""wars-trading-card-game_other_tamon-interceptor"", ""reverse"": ""wars-trading-card-game_card-back""}","{""name_printed"": ""Tamon Interceptor"", ""rarity"": ""Ultra Rare"", ""type"": ""Ship"", ""item_dimensions"": ""{\u0022height\u0022: \u00223.5\u0022, \u0022width\u0022: \u00222.5\u0022, \u0022unit\u0022: \u0022inch\u0022}""}",017cb0cd-aeb7-4c0b-941d-4f48d13f8145,8104bee3-3d37-42bc-9c58-e77012bd8b5c,Tamon Interceptor,Tamon Interceptor,{},wars-trading-card-game_other_tamon-interceptor
1347f052-5cd2-4cd3-9e39-0c583de93b81,third-party-document,0,0,"{""obverse"": ""wars-trading-card-game_other_transport-depot"", ""reverse"": ""wars-trading-card-game_card-back""}","{""name_printed"": ""Transport Depot"", ""rarity"": ""Ultra Rare"", ""type"": ""Asset"", ""item_dimensions"": ""{\u0022height\u0022: \u00223.5\u0022, \u0022width\u0022: \u00222.5\u0022, \u0022unit\u0022: \u0022inch\u0022}""}",017cb0cd-aeb7-4c0b-941d-4f48d13f8145,8104bee3-3d37-42bc-9c58-e77012bd8b5c,Transport Depot,Transport Depot,{},wars-trading-card-game_other_transport-depot