id,source,imaged,documented,images,attributes,game_id,set_id,functional_name,item_name,source_notes,game_set_item_slug
94eb3daf-4a12-480f-8c98-b119a4442491,third-party-document,0,0,"{""obverse"": ""guardians_dagger-isle_angel-of-death"", ""reverse"": ""guardians_card-back""}","{""name_printed"": ""Angel of Death"", ""rarity"": ""Common-1"", ""type"": ""Elemental"", ""item_dimensions"": ""{\u0022height\u0022: \u00223.5\u0022, \u0022width\u0022: \u00222.5\u0022, \u0022unit\u0022: \u0022inch\u0022}""}",d25eb25b-dfa0-4ef0-ad1e-d9396730114e,0e059ed8-f70e-4926-994b-ec2871884a06,Angel of Death,Angel of Death,{},guardians_dagger-isle_angel-of-death
2503af76-e1bd-47bf-8573-bacaef97386d,third-party-document,0,0,"{""obverse"": ""guardians_dagger-isle_arcane-infusion"", ""reverse"": ""guardians_card-back""}","{""name_printed"": ""Arcane Infusion"", ""rarity"": ""Common-1"", ""type"": ""Spell"", ""item_dimensions"": ""{\u0022height\u0022: \u00223.5\u0022, \u0022width\u0022: \u00222.5\u0022, \u0022unit\u0022: \u0022inch\u0022}""}",d25eb25b-dfa0-4ef0-ad1e-d9396730114e,0e059ed8-f70e-4926-994b-ec2871884a06,Arcane Infusion,Arcane Infusion,{},guardians_dagger-isle_arcane-infusion
bd54de3d-0220-4e04-9b93-0541ebefbf32,third-party-document,0,0,"{""obverse"": ""guardians_dagger-isle_argammond's-vision"", ""reverse"": ""guardians_card-back""}","{""name_printed"": ""Argammond's Vision"", ""rarity"": ""Common-3"", ""type"": ""Spell"", ""item_dimensions"": ""{\u0022height\u0022: \u00223.5\u0022, \u0022width\u0022: \u00222.5\u0022, \u0022unit\u0022: \u0022inch\u0022}""}",d25eb25b-dfa0-4ef0-ad1e-d9396730114e,0e059ed8-f70e-4926-994b-ec2871884a06,Argammond's Vision,Argammond's Vision,{},guardians_dagger-isle_argammond's-vision
129074c3-a868-459e-8ae4-9629cae6e37d,third-party-document,0,0,"{""obverse"": ""guardians_dagger-isle_arwyddyn"", ""reverse"": ""guardians_card-back""}","{""name_printed"": ""Arwyddyn"", ""rarity"": ""Common-4"", ""type"": ""Elemental"", ""item_dimensions"": ""{\u0022height\u0022: \u00223.5\u0022, \u0022width\u0022: \u00222.5\u0022, \u0022unit\u0022: \u0022inch\u0022}""}",d25eb25b-dfa0-4ef0-ad1e-d9396730114e,0e059ed8-f70e-4926-994b-ec2871884a06,Arwyddyn,Arwyddyn,{},guardians_dagger-isle_arwyddyn
cc7f9b78-91ed-43cd-a16f-29c1c79a0ce0,third-party-document,0,0,"{""obverse"": ""guardians_dagger-isle_assassin-of-shadow"", ""reverse"": ""guardians_card-back""}","{""name_printed"": ""Assassin of Shadow"", ""rarity"": ""Common-2"", ""type"": ""Spell"", ""item_dimensions"": ""{\u0022height\u0022: \u00223.5\u0022, \u0022width\u0022: \u00222.5\u0022, \u0022unit\u0022: \u0022inch\u0022}""}",d25eb25b-dfa0-4ef0-ad1e-d9396730114e,0e059ed8-f70e-4926-994b-ec2871884a06,Assassin of Shadow,Assassin of Shadow,{},guardians_dagger-isle_assassin-of-shadow
91065086-2783-4450-aca9-fcdbbcbb6322,third-party-document,0,0,"{""obverse"": ""guardians_dagger-isle_barrow-wight"", ""reverse"": ""guardians_card-back""}","{""name_printed"": ""Barrow Wight"", ""rarity"": ""Common-3"", ""type"": ""External"", ""item_dimensions"": ""{\u0022height\u0022: \u00223.5\u0022, \u0022width\u0022: \u00222.5\u0022, \u0022unit\u0022: \u0022inch\u0022}""}",d25eb25b-dfa0-4ef0-ad1e-d9396730114e,0e059ed8-f70e-4926-994b-ec2871884a06,Barrow Wight,Barrow Wight,{},guardians_dagger-isle_barrow-wight
f1333bd0-36a2-4085-9924-a090434bbca5,third-party-document,0,0,"{""obverse"": ""guardians_dagger-isle_bone-fright"", ""reverse"": ""guardians_card-back""}","{""name_printed"": ""Bone Fright"", ""rarity"": ""Rare-3"", ""type"": ""External"", ""item_dimensions"": ""{\u0022height\u0022: \u00223.5\u0022, \u0022width\u0022: \u00222.5\u0022, \u0022unit\u0022: \u0022inch\u0022}""}",d25eb25b-dfa0-4ef0-ad1e-d9396730114e,0e059ed8-f70e-4926-994b-ec2871884a06,Bone Fright,Bone Fright,{},guardians_dagger-isle_bone-fright
0ed5b5a0-f9c5-41b1-a0da-9731577ec99d,third-party-document,0,0,"{""obverse"": ""guardians_dagger-isle_buster-scrimbo"", ""reverse"": ""guardians_card-back""}","{""name_printed"": ""Buster Scrimbo"", ""rarity"": ""Common-3"", ""type"": ""External"", ""item_dimensions"": ""{\u0022height\u0022: \u00223.5\u0022, \u0022width\u0022: \u00222.5\u0022, \u0022unit\u0022: \u0022inch\u0022}""}",d25eb25b-dfa0-4ef0-ad1e-d9396730114e,0e059ed8-f70e-4926-994b-ec2871884a06,Buster Scrimbo,Buster Scrimbo,{},guardians_dagger-isle_buster-scrimbo
c6774bb1-c61f-4e36-8a08-0c2a14fa3996,third-party-document,0,0,"{""obverse"": ""guardians_dagger-isle_buzzard"", ""reverse"": ""guardians_card-back""}","{""name_printed"": ""Buzzard"", ""rarity"": ""Common-4"", ""type"": ""Mortal"", ""item_dimensions"": ""{\u0022height\u0022: \u00223.5\u0022, \u0022width\u0022: \u00222.5\u0022, \u0022unit\u0022: \u0022inch\u0022}""}",d25eb25b-dfa0-4ef0-ad1e-d9396730114e,0e059ed8-f70e-4926-994b-ec2871884a06,Buzzard,Buzzard,{},guardians_dagger-isle_buzzard
507fa8f8-8c23-47fa-941c-eef6dd99c2bb,third-party-document,0,0,"{""obverse"": ""guardians_dagger-isle_cabin-boy"", ""reverse"": ""guardians_card-back""}","{""name_printed"": ""Cabin Boy"", ""rarity"": ""Common-4"", ""type"": ""Mortal"", ""item_dimensions"": ""{\u0022height\u0022: \u00223.5\u0022, \u0022width\u0022: \u00222.5\u0022, \u0022unit\u0022: \u0022inch\u0022}""}",d25eb25b-dfa0-4ef0-ad1e-d9396730114e,0e059ed8-f70e-4926-994b-ec2871884a06,Cabin Boy,Cabin Boy,{},guardians_dagger-isle_cabin-boy
0d99fae7-0d7e-4eec-87d2-262940fa4a72,third-party-document,0,0,"{""obverse"": ""guardians_dagger-isle_cactus-mcfingers"", ""reverse"": ""guardians_card-back""}","{""name_printed"": ""Cactus McFingers"", ""rarity"": ""Common-2"", ""type"": ""External"", ""item_dimensions"": ""{\u0022height\u0022: \u00223.5\u0022, \u0022width\u0022: \u00222.5\u0022, \u0022unit\u0022: \u0022inch\u0022}""}",d25eb25b-dfa0-4ef0-ad1e-d9396730114e,0e059ed8-f70e-4926-994b-ec2871884a06,Cactus McFingers,Cactus McFingers,{},guardians_dagger-isle_cactus-mcfingers
af0f57c4-4e54-43a0-96f5-d8d38b581763,third-party-document,0,0,"{""obverse"": ""guardians_dagger-isle_captain-hannibal-hawks"", ""reverse"": ""guardians_card-back""}","{""name_printed"": ""Captain Hannibal Hawks"", ""rarity"": ""Rare-2"", ""type"": ""Mortal"", ""item_dimensions"": ""{\u0022height\u0022: \u00223.5\u0022, \u0022width\u0022: \u00222.5\u0022, \u0022unit\u0022: \u0022inch\u0022}""}",d25eb25b-dfa0-4ef0-ad1e-d9396730114e,0e059ed8-f70e-4926-994b-ec2871884a06,Captain Hannibal Hawks,Captain Hannibal Hawks,{},guardians_dagger-isle_captain-hannibal-hawks
7f6bd32a-4f1c-4550-bf59-d68c88ad0ed9,third-party-document,0,0,"{""obverse"": ""guardians_dagger-isle_captain-red-noseoid"", ""reverse"": ""guardians_card-back""}","{""name_printed"": ""Captain Red Noseoid"", ""rarity"": ""Common-2"", ""type"": ""Elemental"", ""item_dimensions"": ""{\u0022height\u0022: \u00223.5\u0022, \u0022width\u0022: \u00222.5\u0022, \u0022unit\u0022: \u0022inch\u0022}""}",d25eb25b-dfa0-4ef0-ad1e-d9396730114e,0e059ed8-f70e-4926-994b-ec2871884a06,Captain Red Noseoid,Captain Red Noseoid,{},guardians_dagger-isle_captain-red-noseoid
dec85930-9d8c-4063-a407-40811e3a89c9,third-party-document,0,0,"{""obverse"": ""guardians_dagger-isle_caring-guy"", ""reverse"": ""guardians_card-back""}","{""name_printed"": ""Caring Guy"", ""rarity"": ""Common-4"", ""type"": ""Mortal"", ""item_dimensions"": ""{\u0022height\u0022: \u00223.5\u0022, \u0022width\u0022: \u00222.5\u0022, \u0022unit\u0022: \u0022inch\u0022}""}",d25eb25b-dfa0-4ef0-ad1e-d9396730114e,0e059ed8-f70e-4926-994b-ec2871884a06,Caring Guy,Caring Guy,{},guardians_dagger-isle_caring-guy
92a0d715-4102-4f1a-90d8-b331e3782bf1,third-party-document,0,0,"{""obverse"": ""guardians_dagger-isle_castellan-keir"", ""reverse"": ""guardians_card-back""}","{""name_printed"": ""Castellan Keir"", ""rarity"": ""Common-1"", ""type"": ""Elemental"", ""item_dimensions"": ""{\u0022height\u0022: \u00223.5\u0022, \u0022width\u0022: \u00222.5\u0022, \u0022unit\u0022: \u0022inch\u0022}""}",d25eb25b-dfa0-4ef0-ad1e-d9396730114e,0e059ed8-f70e-4926-994b-ec2871884a06,Castellan Keir,Castellan Keir,{},guardians_dagger-isle_castellan-keir
2c2f77a9-c13c-437b-a1a1-9534f8804a90,third-party-document,0,0,"{""obverse"": ""guardians_dagger-isle_champs-the-wonder-dog"", ""reverse"": ""guardians_card-back""}","{""name_printed"": ""Champs the Wonder Dog"", ""rarity"": ""Rare-1"", ""type"": ""Magic Item - Hand"", ""item_dimensions"": ""{\u0022height\u0022: \u00223.5\u0022, \u0022width\u0022: \u00222.5\u0022, \u0022unit\u0022: \u0022inch\u0022}""}",d25eb25b-dfa0-4ef0-ad1e-d9396730114e,0e059ed8-f70e-4926-994b-ec2871884a06,Champs the Wonder Dog,Champs the Wonder Dog,{},guardians_dagger-isle_champs-the-wonder-dog
24d6a088-68de-4931-8282-b0288c21d5b7,third-party-document,0,0,"{""obverse"": ""guardians_dagger-isle_channeling-flux"", ""reverse"": ""guardians_card-back""}","{""name_printed"": ""Channeling Flux"", ""rarity"": ""Common-4"", ""type"": ""Spell"", ""item_dimensions"": ""{\u0022height\u0022: \u00223.5\u0022, \u0022width\u0022: \u00222.5\u0022, \u0022unit\u0022: \u0022inch\u0022}""}",d25eb25b-dfa0-4ef0-ad1e-d9396730114e,0e059ed8-f70e-4926-994b-ec2871884a06,Channeling Flux,Channeling Flux,{},guardians_dagger-isle_channeling-flux
14056fae-d5f4-496d-82c7-e2e531196255,third-party-document,0,0,"{""obverse"": ""guardians_dagger-isle_chephros"", ""reverse"": ""guardians_card-back""}","{""name_printed"": ""Chephros"", ""rarity"": ""Common-3"", ""type"": ""Elemental"", ""item_dimensions"": ""{\u0022height\u0022: \u00223.5\u0022, \u0022width\u0022: \u00222.5\u0022, \u0022unit\u0022: \u0022inch\u0022}""}",d25eb25b-dfa0-4ef0-ad1e-d9396730114e,0e059ed8-f70e-4926-994b-ec2871884a06,Chephros,Chephros,{},guardians_dagger-isle_chephros
941c2f5b-c6de-4ffe-b768-d664b2bca8c6,third-party-document,0,0,"{""obverse"": ""guardians_dagger-isle_crash"", ""reverse"": ""guardians_card-back""}","{""name_printed"": ""Crash"", ""rarity"": ""Common-3"", ""type"": ""Spell"", ""item_dimensions"": ""{\u0022height\u0022: \u00223.5\u0022, \u0022width\u0022: \u00222.5\u0022, \u0022unit\u0022: \u0022inch\u0022}""}",d25eb25b-dfa0-4ef0-ad1e-d9396730114e,0e059ed8-f70e-4926-994b-ec2871884a06,Crash,Crash,{},guardians_dagger-isle_crash
cccfd347-5494-4f67-b03e-1b61e6cf0e61,third-party-document,0,0,"{""obverse"": ""guardians_dagger-isle_curse-of-the-betrayed"", ""reverse"": ""guardians_card-back""}","{""name_printed"": ""Curse of the Betrayed"", ""rarity"": ""Common-3"", ""type"": ""Spell"", ""item_dimensions"": ""{\u0022height\u0022: \u00223.5\u0022, \u0022width\u0022: \u00222.5\u0022, \u0022unit\u0022: \u0022inch\u0022}""}",d25eb25b-dfa0-4ef0-ad1e-d9396730114e,0e059ed8-f70e-4926-994b-ec2871884a06,Curse of the Betrayed,Curse of the Betrayed,{},guardians_dagger-isle_curse-of-the-betrayed
e464431f-8036-49dc-ad43-0e4be8c71506,third-party-document,0,0,"{""obverse"": ""guardians_dagger-isle_cuthbert-the-resurrector"", ""reverse"": ""guardians_card-back""}","{""name_printed"": ""Cuthbert the Resurrector"", ""rarity"": ""Rare-4"", ""type"": ""Spell"", ""item_dimensions"": ""{\u0022height\u0022: \u00223.5\u0022, \u0022width\u0022: \u00222.5\u0022, \u0022unit\u0022: \u0022inch\u0022}""}",d25eb25b-dfa0-4ef0-ad1e-d9396730114e,0e059ed8-f70e-4926-994b-ec2871884a06,Cuthbert the Resurrector,Cuthbert the Resurrector,{},guardians_dagger-isle_cuthbert-the-resurrector
a35d5bee-1698-4a7d-8f8c-faef48e06999,third-party-document,0,0,"{""obverse"": ""guardians_dagger-isle_druk"", ""reverse"": ""guardians_card-back""}","{""name_printed"": ""Druk"", ""rarity"": ""Common-3"", ""type"": ""Elemental"", ""item_dimensions"": ""{\u0022height\u0022: \u00223.5\u0022, \u0022width\u0022: \u00222.5\u0022, \u0022unit\u0022: \u0022inch\u0022}""}",d25eb25b-dfa0-4ef0-ad1e-d9396730114e,0e059ed8-f70e-4926-994b-ec2871884a06,Druk,Druk,{},guardians_dagger-isle_druk
8f113414-9228-4204-aaed-10c562e36b1c,third-party-document,0,0,"{""obverse"": ""guardians_dagger-isle_dust-geyser"", ""reverse"": ""guardians_card-back""}","{""name_printed"": ""Dust Geyser"", ""rarity"": ""Common-1"", ""type"": ""Elemental"", ""item_dimensions"": ""{\u0022height\u0022: \u00223.5\u0022, \u0022width\u0022: \u00222.5\u0022, \u0022unit\u0022: \u0022inch\u0022}""}",d25eb25b-dfa0-4ef0-ad1e-d9396730114e,0e059ed8-f70e-4926-994b-ec2871884a06,Dust Geyser,Dust Geyser,{},guardians_dagger-isle_dust-geyser
1413a86c-40e2-459c-a17a-9079afbf7032,third-party-document,0,0,"{""obverse"": ""guardians_dagger-isle_eagle-eye-mcfinny"", ""reverse"": ""guardians_card-back""}","{""name_printed"": ""Eagle-Eye McFinny"", ""rarity"": ""Rare-3"", ""type"": ""Mortal"", ""item_dimensions"": ""{\u0022height\u0022: \u00223.5\u0022, \u0022width\u0022: \u00222.5\u0022, \u0022unit\u0022: \u0022inch\u0022}""}",d25eb25b-dfa0-4ef0-ad1e-d9396730114e,0e059ed8-f70e-4926-994b-ec2871884a06,Eagle-Eye McFinny,Eagle-Eye McFinny,{},guardians_dagger-isle_eagle-eye-mcfinny
4cf9875a-360d-4c79-a2a1-46d7e4043f85,third-party-document,0,0,"{""obverse"": ""guardians_dagger-isle_elandar,-mighty-wizard"", ""reverse"": ""guardians_card-back""}","{""name_printed"": ""Elandar, Mighty Wizard"", ""rarity"": ""Rare-1"", ""type"": ""External"", ""item_dimensions"": ""{\u0022height\u0022: \u00223.5\u0022, \u0022width\u0022: \u00222.5\u0022, \u0022unit\u0022: \u0022inch\u0022}""}",d25eb25b-dfa0-4ef0-ad1e-d9396730114e,0e059ed8-f70e-4926-994b-ec2871884a06,"Elandar, Mighty Wizard","Elandar, Mighty Wizard",{},"guardians_dagger-isle_elandar,-mighty-wizard"
1a414dc4-5e5b-4c2a-9cbc-9dd9dc0ad2db,third-party-document,0,0,"{""obverse"": ""guardians_dagger-isle_essence-of-babeitude"", ""reverse"": ""guardians_card-back""}","{""name_printed"": ""Essence of Babeitude"", ""rarity"": ""Common-2"", ""type"": ""Spell"", ""item_dimensions"": ""{\u0022height\u0022: \u00223.5\u0022, \u0022width\u0022: \u00222.5\u0022, \u0022unit\u0022: \u0022inch\u0022}""}",d25eb25b-dfa0-4ef0-ad1e-d9396730114e,0e059ed8-f70e-4926-994b-ec2871884a06,Essence of Babeitude,Essence of Babeitude,{},guardians_dagger-isle_essence-of-babeitude
ff3d4af9-9dad-4756-8beb-2890aa36776c,third-party-document,0,0,"{""obverse"": ""guardians_dagger-isle_famine"", ""reverse"": ""guardians_card-back""}","{""name_printed"": ""Famine"", ""rarity"": ""Rare-2"", ""type"": ""Spell"", ""item_dimensions"": ""{\u0022height\u0022: \u00223.5\u0022, \u0022width\u0022: \u00222.5\u0022, \u0022unit\u0022: \u0022inch\u0022}""}",d25eb25b-dfa0-4ef0-ad1e-d9396730114e,0e059ed8-f70e-4926-994b-ec2871884a06,Famine,Famine,{},guardians_dagger-isle_famine
93ff3da5-e256-4f88-a52f-3c611754530b,third-party-document,0,0,"{""obverse"": ""guardians_dagger-isle_fangis-the-hunter-[animal]"", ""reverse"": ""guardians_card-back""}","{""name_printed"": ""Fangis the Hunter [Animal]"", ""rarity"": ""Common-3(4)"", ""type"": ""Mortal"", ""item_dimensions"": ""{\u0022height\u0022: \u00223.5\u0022, \u0022width\u0022: \u00222.5\u0022, \u0022unit\u0022: \u0022inch\u0022}""}",d25eb25b-dfa0-4ef0-ad1e-d9396730114e,0e059ed8-f70e-4926-994b-ec2871884a06,Fangis the Hunter [Animal],Fangis the Hunter [Animal],{},guardians_dagger-isle_fangis-the-hunter-[animal]
d66a6a7f-f3b7-40e3-9a67-9d71495317eb,third-party-document,0,0,"{""obverse"": ""guardians_dagger-isle_fangis-the-hunter-[henchman]"", ""reverse"": ""guardians_card-back""}","{""name_printed"": ""Fangis the Hunter [Henchman]"", ""rarity"": ""Common-1(4)"", ""type"": ""Mortal"", ""item_dimensions"": ""{\u0022height\u0022: \u00223.5\u0022, \u0022width\u0022: \u00222.5\u0022, \u0022unit\u0022: \u0022inch\u0022}""}",d25eb25b-dfa0-4ef0-ad1e-d9396730114e,0e059ed8-f70e-4926-994b-ec2871884a06,Fangis the Hunter [Henchman],Fangis the Hunter [Henchman],{},guardians_dagger-isle_fangis-the-hunter-[henchman]
c2aca22c-d5a0-4d7d-830c-f50e9d47648d,third-party-document,0,0,"{""obverse"": ""guardians_dagger-isle_farmer-brown"", ""reverse"": ""guardians_card-back""}","{""name_printed"": ""Farmer Brown"", ""rarity"": ""Rare-1"", ""type"": ""Mortal"", ""item_dimensions"": ""{\u0022height\u0022: \u00223.5\u0022, \u0022width\u0022: \u00222.5\u0022, \u0022unit\u0022: \u0022inch\u0022}""}",d25eb25b-dfa0-4ef0-ad1e-d9396730114e,0e059ed8-f70e-4926-994b-ec2871884a06,Farmer Brown,Farmer Brown,{},guardians_dagger-isle_farmer-brown
2008c0a6-a9da-4e1b-8b4f-c45f08e2d819,third-party-document,0,0,"{""obverse"": ""guardians_dagger-isle_first-mate-muldoon"", ""reverse"": ""guardians_card-back""}","{""name_printed"": ""First Mate Muldoon"", ""rarity"": ""Common-2"", ""type"": ""Mortal"", ""item_dimensions"": ""{\u0022height\u0022: \u00223.5\u0022, \u0022width\u0022: \u00222.5\u0022, \u0022unit\u0022: \u0022inch\u0022}""}",d25eb25b-dfa0-4ef0-ad1e-d9396730114e,0e059ed8-f70e-4926-994b-ec2871884a06,First Mate Muldoon,First Mate Muldoon,{},guardians_dagger-isle_first-mate-muldoon
222f0506-80f3-45b2-90ee-b5f08ac79cfa,third-party-document,0,0,"{""obverse"": ""guardians_dagger-isle_flame-geyser"", ""reverse"": ""guardians_card-back""}","{""name_printed"": ""Flame Geyser"", ""rarity"": ""Common-3"", ""type"": ""Elemental"", ""item_dimensions"": ""{\u0022height\u0022: \u00223.5\u0022, \u0022width\u0022: \u00222.5\u0022, \u0022unit\u0022: \u0022inch\u0022}""}",d25eb25b-dfa0-4ef0-ad1e-d9396730114e,0e059ed8-f70e-4926-994b-ec2871884a06,Flame Geyser,Flame Geyser,{},guardians_dagger-isle_flame-geyser
769c496e-9d2b-4ace-9b37-4f0341dacd35,third-party-document,0,0,"{""obverse"": ""guardians_dagger-isle_freebooter-stronghold-[1-cannon-right]"", ""reverse"": ""guardians_card-back""}","{""name_printed"": ""Freebooter Stronghold [1 cannon right]"", ""rarity"": ""Rare-3"", ""type"": ""Stronghold"", ""item_dimensions"": ""{\u0022height\u0022: \u00223.5\u0022, \u0022width\u0022: \u00222.5\u0022, \u0022unit\u0022: \u0022inch\u0022}""}",d25eb25b-dfa0-4ef0-ad1e-d9396730114e,0e059ed8-f70e-4926-994b-ec2871884a06,Freebooter Stronghold [1 cannon right],Freebooter Stronghold [1 cannon right],{},guardians_dagger-isle_freebooter-stronghold-[1-cannon-right]
d8be6383-3a06-4ea8-9b6d-d33b2ea8825f,third-party-document,0,0,"{""obverse"": ""guardians_dagger-isle_freebooter-stronghold-[2-skull,-center]"", ""reverse"": ""guardians_card-back""}","{""name_printed"": ""Freebooter Stronghold [2 skull, Center]"", ""rarity"": ""Rare-3"", ""type"": ""Stronghold"", ""item_dimensions"": ""{\u0022height\u0022: \u00223.5\u0022, \u0022width\u0022: \u00222.5\u0022, \u0022unit\u0022: \u0022inch\u0022}""}",d25eb25b-dfa0-4ef0-ad1e-d9396730114e,0e059ed8-f70e-4926-994b-ec2871884a06,"Freebooter Stronghold [2 skull, Center]","Freebooter Stronghold [2 skull, Center]",{},"guardians_dagger-isle_freebooter-stronghold-[2-skull,-center]"
52f72062-0186-4f76-b5e4-8d05ff72ff8b,third-party-document,0,0,"{""obverse"": ""guardians_dagger-isle_freebooter-stronghold-[3-cannon-left]"", ""reverse"": ""guardians_card-back""}","{""name_printed"": ""Freebooter Stronghold [3 cannon left]"", ""rarity"": ""Rare-3"", ""type"": ""Stronghold"", ""item_dimensions"": ""{\u0022height\u0022: \u00223.5\u0022, \u0022width\u0022: \u00222.5\u0022, \u0022unit\u0022: \u0022inch\u0022}""}",d25eb25b-dfa0-4ef0-ad1e-d9396730114e,0e059ed8-f70e-4926-994b-ec2871884a06,Freebooter Stronghold [3 cannon left],Freebooter Stronghold [3 cannon left],{},guardians_dagger-isle_freebooter-stronghold-[3-cannon-left]
96aaf6cd-70de-4dfa-83e2-05c8dfe49371,third-party-document,0,0,"{""obverse"": ""guardians_dagger-isle_giant-aunts"", ""reverse"": ""guardians_card-back""}","{""name_printed"": ""Giant Aunts"", ""rarity"": ""Common-2"", ""type"": ""Mortal"", ""item_dimensions"": ""{\u0022height\u0022: \u00223.5\u0022, \u0022width\u0022: \u00222.5\u0022, \u0022unit\u0022: \u0022inch\u0022}""}",d25eb25b-dfa0-4ef0-ad1e-d9396730114e,0e059ed8-f70e-4926-994b-ec2871884a06,Giant Aunts,Giant Aunts,{},guardians_dagger-isle_giant-aunts
b031938f-1f3b-4a43-b68b-ee74bc3b597c,third-party-document,0,0,"{""obverse"": ""guardians_dagger-isle_grahzue---lover-of-vice"", ""reverse"": ""guardians_card-back""}","{""name_printed"": ""Grahzue - Lover of Vice"", ""rarity"": ""Rare-3"", ""type"": ""Guardian"", ""item_dimensions"": ""{\u0022height\u0022: \u00223.5\u0022, \u0022width\u0022: \u00222.5\u0022, \u0022unit\u0022: \u0022inch\u0022}""}",d25eb25b-dfa0-4ef0-ad1e-d9396730114e,0e059ed8-f70e-4926-994b-ec2871884a06,Grahzue - Lover of Vice,Grahzue - Lover of Vice,{},guardians_dagger-isle_grahzue---lover-of-vice
fb536836-3fcd-4afd-bc90-8b8422e9d702,third-party-document,0,0,"{""obverse"": ""guardians_dagger-isle_great-ba'te"", ""reverse"": ""guardians_card-back""}","{""name_printed"": ""Great Ba'te"", ""rarity"": ""Common-1"", ""type"": ""Mortal"", ""item_dimensions"": ""{\u0022height\u0022: \u00223.5\u0022, \u0022width\u0022: \u00222.5\u0022, \u0022unit\u0022: \u0022inch\u0022}""}",d25eb25b-dfa0-4ef0-ad1e-d9396730114e,0e059ed8-f70e-4926-994b-ec2871884a06,Great Ba'te,Great Ba'te,{},guardians_dagger-isle_great-ba'te
473f6bdf-33a4-473e-bf6a-0546807da738,third-party-document,0,0,"{""obverse"": ""guardians_dagger-isle_great-black-ri'shar"", ""reverse"": ""guardians_card-back""}","{""name_printed"": ""Great Black Ri'shar"", ""rarity"": ""Rare-3"", ""type"": ""Mortal"", ""item_dimensions"": ""{\u0022height\u0022: \u00223.5\u0022, \u0022width\u0022: \u00222.5\u0022, \u0022unit\u0022: \u0022inch\u0022}""}",d25eb25b-dfa0-4ef0-ad1e-d9396730114e,0e059ed8-f70e-4926-994b-ec2871884a06,Great Black Ri'shar,Great Black Ri'shar,{},guardians_dagger-isle_great-black-ri'shar
49f95939-8e6d-44c4-a570-ce3c4d77cc48,third-party-document,0,0,"{""obverse"": ""guardians_dagger-isle_great-horned-troll"", ""reverse"": ""guardians_card-back""}","{""name_printed"": ""Great Horned Troll"", ""rarity"": ""Rare-3"", ""type"": ""External"", ""item_dimensions"": ""{\u0022height\u0022: \u00223.5\u0022, \u0022width\u0022: \u00222.5\u0022, \u0022unit\u0022: \u0022inch\u0022}""}",d25eb25b-dfa0-4ef0-ad1e-d9396730114e,0e059ed8-f70e-4926-994b-ec2871884a06,Great Horned Troll,Great Horned Troll,{},guardians_dagger-isle_great-horned-troll
ac7b9ff6-f55d-4542-8e33-d7e54cdd0342,third-party-document,0,0,"{""obverse"": ""guardians_dagger-isle_green-missy"", ""reverse"": ""guardians_card-back""}","{""name_printed"": ""Green Missy"", ""rarity"": ""Common-4"", ""type"": ""External"", ""item_dimensions"": ""{\u0022height\u0022: \u00223.5\u0022, \u0022width\u0022: \u00222.5\u0022, \u0022unit\u0022: \u0022inch\u0022}""}",d25eb25b-dfa0-4ef0-ad1e-d9396730114e,0e059ed8-f70e-4926-994b-ec2871884a06,Green Missy,Green Missy,{},guardians_dagger-isle_green-missy
b5160da9-2089-49ff-9aba-555bc0b75044,third-party-document,0,0,"{""obverse"": ""guardians_dagger-isle_groatie"", ""reverse"": ""guardians_card-back""}","{""name_printed"": ""Groatie"", ""rarity"": ""Rare-4"", ""type"": ""Mortal"", ""item_dimensions"": ""{\u0022height\u0022: \u00223.5\u0022, \u0022width\u0022: \u00222.5\u0022, \u0022unit\u0022: \u0022inch\u0022}""}",d25eb25b-dfa0-4ef0-ad1e-d9396730114e,0e059ed8-f70e-4926-994b-ec2871884a06,Groatie,Groatie,{},guardians_dagger-isle_groatie
0e39b4ab-2051-4fee-a9b0-95c25519c111,third-party-document,0,0,"{""obverse"": ""guardians_dagger-isle_grotto-troll"", ""reverse"": ""guardians_card-back""}","{""name_printed"": ""Grotto Troll"", ""rarity"": ""Common-3"", ""type"": ""External"", ""item_dimensions"": ""{\u0022height\u0022: \u00223.5\u0022, \u0022width\u0022: \u00222.5\u0022, \u0022unit\u0022: \u0022inch\u0022}""}",d25eb25b-dfa0-4ef0-ad1e-d9396730114e,0e059ed8-f70e-4926-994b-ec2871884a06,Grotto Troll,Grotto Troll,{},guardians_dagger-isle_grotto-troll
3fe9dc61-e531-4a66-a405-2c54fb1fe7a1,third-party-document,0,0,"{""obverse"": ""guardians_dagger-isle_gumbo-jake"", ""reverse"": ""guardians_card-back""}","{""name_printed"": ""Gumbo Jake"", ""rarity"": ""Common-2"", ""type"": ""Mortal"", ""item_dimensions"": ""{\u0022height\u0022: \u00223.5\u0022, \u0022width\u0022: \u00222.5\u0022, \u0022unit\u0022: \u0022inch\u0022}""}",d25eb25b-dfa0-4ef0-ad1e-d9396730114e,0e059ed8-f70e-4926-994b-ec2871884a06,Gumbo Jake,Gumbo Jake,{},guardians_dagger-isle_gumbo-jake
2c5712dd-ecc7-421d-821f-de9ed0744bb1,third-party-document,0,0,"{""obverse"": ""guardians_dagger-isle_hackthorn-strangler"", ""reverse"": ""guardians_card-back""}","{""name_printed"": ""Hackthorn Strangler"", ""rarity"": ""Common-2"", ""type"": ""Elemental"", ""item_dimensions"": ""{\u0022height\u0022: \u00223.5\u0022, \u0022width\u0022: \u00222.5\u0022, \u0022unit\u0022: \u0022inch\u0022}""}",d25eb25b-dfa0-4ef0-ad1e-d9396730114e,0e059ed8-f70e-4926-994b-ec2871884a06,Hackthorn Strangler,Hackthorn Strangler,{},guardians_dagger-isle_hackthorn-strangler
dac17aab-f434-4688-ab57-6b083a66f5c0,third-party-document,0,0,"{""obverse"": ""guardians_dagger-isle_hal,-a-toasis-dragon"", ""reverse"": ""guardians_card-back""}","{""name_printed"": ""Hal, a Toasis Dragon"", ""rarity"": ""Rare-2"", ""type"": ""External"", ""item_dimensions"": ""{\u0022height\u0022: \u00223.5\u0022, \u0022width\u0022: \u00222.5\u0022, \u0022unit\u0022: \u0022inch\u0022}""}",d25eb25b-dfa0-4ef0-ad1e-d9396730114e,0e059ed8-f70e-4926-994b-ec2871884a06,"Hal, a Toasis Dragon","Hal, a Toasis Dragon",{},"guardians_dagger-isle_hal,-a-toasis-dragon"
b3976b1d-d7ae-48f3-a799-d30125a42b21,third-party-document,0,0,"{""obverse"": ""guardians_dagger-isle_heisenburg's-missiles"", ""reverse"": ""guardians_card-back""}","{""name_printed"": ""Heisenburg's Missiles"", ""rarity"": ""Common-3"", ""type"": ""Spell"", ""item_dimensions"": ""{\u0022height\u0022: \u00223.5\u0022, \u0022width\u0022: \u00222.5\u0022, \u0022unit\u0022: \u0022inch\u0022}""}",d25eb25b-dfa0-4ef0-ad1e-d9396730114e,0e059ed8-f70e-4926-994b-ec2871884a06,Heisenburg's Missiles,Heisenburg's Missiles,{},guardians_dagger-isle_heisenburg's-missiles
0502f1de-543f-47c1-9a7c-85bc1923e1ef,third-party-document,0,0,"{""obverse"": ""guardians_dagger-isle_holy-avenger"", ""reverse"": ""guardians_card-back""}","{""name_printed"": ""Holy Avenger"", ""rarity"": ""Rare-2"", ""type"": ""Elemental"", ""item_dimensions"": ""{\u0022height\u0022: \u00223.5\u0022, \u0022width\u0022: \u00222.5\u0022, \u0022unit\u0022: \u0022inch\u0022}""}",d25eb25b-dfa0-4ef0-ad1e-d9396730114e,0e059ed8-f70e-4926-994b-ec2871884a06,Holy Avenger,Holy Avenger,{},guardians_dagger-isle_holy-avenger
df64f47a-fc91-4f75-8421-dcbe01cbc6cd,third-party-document,0,0,"{""obverse"": ""guardians_dagger-isle_hook-toed-gnasher"", ""reverse"": ""guardians_card-back""}","{""name_printed"": ""Hook Toed Gnasher"", ""rarity"": ""Common-2"", ""type"": ""Mortal"", ""item_dimensions"": ""{\u0022height\u0022: \u00223.5\u0022, \u0022width\u0022: \u00222.5\u0022, \u0022unit\u0022: \u0022inch\u0022}""}",d25eb25b-dfa0-4ef0-ad1e-d9396730114e,0e059ed8-f70e-4926-994b-ec2871884a06,Hook Toed Gnasher,Hook Toed Gnasher,{},guardians_dagger-isle_hook-toed-gnasher
910989dd-b9b8-41e4-b47a-824db87418fb,third-party-document,0,0,"{""obverse"": ""guardians_dagger-isle_howl-of-the-dead"", ""reverse"": ""guardians_card-back""}","{""name_printed"": ""Howl of the Dead"", ""rarity"": ""Common-1"", ""type"": ""Spell"", ""item_dimensions"": ""{\u0022height\u0022: \u00223.5\u0022, \u0022width\u0022: \u00222.5\u0022, \u0022unit\u0022: \u0022inch\u0022}""}",d25eb25b-dfa0-4ef0-ad1e-d9396730114e,0e059ed8-f70e-4926-994b-ec2871884a06,Howl of the Dead,Howl of the Dead,{},guardians_dagger-isle_howl-of-the-dead
bc3ce506-efb7-4293-9760-0fcae6d7bf21,third-party-document,0,0,"{""obverse"": ""guardians_dagger-isle_howling-reaver"", ""reverse"": ""guardians_card-back""}","{""name_printed"": ""Howling Reaver"", ""rarity"": ""Common-2"", ""type"": ""External"", ""item_dimensions"": ""{\u0022height\u0022: \u00223.5\u0022, \u0022width\u0022: \u00222.5\u0022, \u0022unit\u0022: \u0022inch\u0022}""}",d25eb25b-dfa0-4ef0-ad1e-d9396730114e,0e059ed8-f70e-4926-994b-ec2871884a06,Howling Reaver,Howling Reaver,{},guardians_dagger-isle_howling-reaver
b09ad4d6-205e-4d00-a912-5588fb9a4317,third-party-document,0,0,"{""obverse"": ""guardians_dagger-isle_jambo-slick,-smuggler"", ""reverse"": ""guardians_card-back""}","{""name_printed"": ""Jambo Slick, Smuggler"", ""rarity"": ""Common-1"", ""type"": ""External"", ""item_dimensions"": ""{\u0022height\u0022: \u00223.5\u0022, \u0022width\u0022: \u00222.5\u0022, \u0022unit\u0022: \u0022inch\u0022}""}",d25eb25b-dfa0-4ef0-ad1e-d9396730114e,0e059ed8-f70e-4926-994b-ec2871884a06,"Jambo Slick, Smuggler","Jambo Slick, Smuggler",{},"guardians_dagger-isle_jambo-slick,-smuggler"
1a24c045-ca62-427f-8f36-1575c69d52c7,third-party-document,0,0,"{""obverse"": ""guardians_dagger-isle_jamchops-the-trader"", ""reverse"": ""guardians_card-back""}","{""name_printed"": ""Jamchops the Trader"", ""rarity"": ""Common-3"", ""type"": ""External"", ""item_dimensions"": ""{\u0022height\u0022: \u00223.5\u0022, \u0022width\u0022: \u00222.5\u0022, \u0022unit\u0022: \u0022inch\u0022}""}",d25eb25b-dfa0-4ef0-ad1e-d9396730114e,0e059ed8-f70e-4926-994b-ec2871884a06,Jamchops the Trader,Jamchops the Trader,{},guardians_dagger-isle_jamchops-the-trader
7706d8b2-d3f8-4a34-bd44-f3286e388d2d,third-party-document,0,0,"{""obverse"": ""guardians_dagger-isle_jonstollo-the-seeker"", ""reverse"": ""guardians_card-back""}","{""name_printed"": ""Jonstollo the Seeker"", ""rarity"": ""Common-4"", ""type"": ""External"", ""item_dimensions"": ""{\u0022height\u0022: \u00223.5\u0022, \u0022width\u0022: \u00222.5\u0022, \u0022unit\u0022: \u0022inch\u0022}""}",d25eb25b-dfa0-4ef0-ad1e-d9396730114e,0e059ed8-f70e-4926-994b-ec2871884a06,Jonstollo the Seeker,Jonstollo the Seeker,{},guardians_dagger-isle_jonstollo-the-seeker
39e58928-6da2-4faf-8b80-4341459e1762,third-party-document,0,0,"{""obverse"": ""guardians_dagger-isle_kasmir's-blitz"", ""reverse"": ""guardians_card-back""}","{""name_printed"": ""Kasmir's Blitz"", ""rarity"": ""Common-3"", ""type"": ""Spell"", ""item_dimensions"": ""{\u0022height\u0022: \u00223.5\u0022, \u0022width\u0022: \u00222.5\u0022, \u0022unit\u0022: \u0022inch\u0022}""}",d25eb25b-dfa0-4ef0-ad1e-d9396730114e,0e059ed8-f70e-4926-994b-ec2871884a06,Kasmir's Blitz,Kasmir's Blitz,{},guardians_dagger-isle_kasmir's-blitz
a2ef7540-e62e-426f-9bc1-86c4ad76e964,third-party-document,0,0,"{""obverse"": ""guardians_dagger-isle_kazarian-squawker"", ""reverse"": ""guardians_card-back""}","{""name_printed"": ""Kazarian Squawker"", ""rarity"": ""Common-4"", ""type"": ""Elemental"", ""item_dimensions"": ""{\u0022height\u0022: \u00223.5\u0022, \u0022width\u0022: \u00222.5\u0022, \u0022unit\u0022: \u0022inch\u0022}""}",d25eb25b-dfa0-4ef0-ad1e-d9396730114e,0e059ed8-f70e-4926-994b-ec2871884a06,Kazarian Squawker,Kazarian Squawker,{},guardians_dagger-isle_kazarian-squawker
32faaf67-d7c6-4f53-a439-6135b73d9d5d,third-party-document,0,0,"{""obverse"": ""guardians_dagger-isle_knife-of-shadow"", ""reverse"": ""guardians_card-back""}","{""name_printed"": ""Knife of Shadow"", ""rarity"": ""Common-4"", ""type"": ""Mortal"", ""item_dimensions"": ""{\u0022height\u0022: \u00223.5\u0022, \u0022width\u0022: \u00222.5\u0022, \u0022unit\u0022: \u0022inch\u0022}""}",d25eb25b-dfa0-4ef0-ad1e-d9396730114e,0e059ed8-f70e-4926-994b-ec2871884a06,Knife of Shadow,Knife of Shadow,{},guardians_dagger-isle_knife-of-shadow
22fe3530-97ef-4816-b99d-adbcf5f9069f,third-party-document,0,0,"{""obverse"": ""guardians_dagger-isle_koset-of-the-light"", ""reverse"": ""guardians_card-back""}","{""name_printed"": ""Koset of the Light"", ""rarity"": ""Common-3"", ""type"": ""Elemental"", ""item_dimensions"": ""{\u0022height\u0022: \u00223.5\u0022, \u0022width\u0022: \u00222.5\u0022, \u0022unit\u0022: \u0022inch\u0022}""}",d25eb25b-dfa0-4ef0-ad1e-d9396730114e,0e059ed8-f70e-4926-994b-ec2871884a06,Koset of the Light,Koset of the Light,{},guardians_dagger-isle_koset-of-the-light
e834513e-714c-4303-abf5-030dc043271c,third-party-document,0,0,"{""obverse"": ""guardians_dagger-isle_land-drake"", ""reverse"": ""guardians_card-back""}","{""name_printed"": ""Land Drake"", ""rarity"": ""Rare-3"", ""type"": ""External"", ""item_dimensions"": ""{\u0022height\u0022: \u00223.5\u0022, \u0022width\u0022: \u00222.5\u0022, \u0022unit\u0022: \u0022inch\u0022}""}",d25eb25b-dfa0-4ef0-ad1e-d9396730114e,0e059ed8-f70e-4926-994b-ec2871884a06,Land Drake,Land Drake,{},guardians_dagger-isle_land-drake
68d032da-f882-4a1e-8689-cf8f997d2d4b,third-party-document,0,0,"{""obverse"": ""guardians_dagger-isle_lizard-skin-lynn"", ""reverse"": ""guardians_card-back""}","{""name_printed"": ""Lizard Skin Lynn"", ""rarity"": ""Common-4"", ""type"": ""Elemental"", ""item_dimensions"": ""{\u0022height\u0022: \u00223.5\u0022, \u0022width\u0022: \u00222.5\u0022, \u0022unit\u0022: \u0022inch\u0022}""}",d25eb25b-dfa0-4ef0-ad1e-d9396730114e,0e059ed8-f70e-4926-994b-ec2871884a06,Lizard Skin Lynn,Lizard Skin Lynn,{},guardians_dagger-isle_lizard-skin-lynn
8e38d465-ad14-4db3-9040-609384172fee,third-party-document,0,0,"{""obverse"": ""guardians_dagger-isle_lowland-troll"", ""reverse"": ""guardians_card-back""}","{""name_printed"": ""Lowland Troll"", ""rarity"": ""Common-2"", ""type"": ""External"", ""item_dimensions"": ""{\u0022height\u0022: \u00223.5\u0022, \u0022width\u0022: \u00222.5\u0022, \u0022unit\u0022: \u0022inch\u0022}""}",d25eb25b-dfa0-4ef0-ad1e-d9396730114e,0e059ed8-f70e-4926-994b-ec2871884a06,Lowland Troll,Lowland Troll,{},guardians_dagger-isle_lowland-troll
057a856e-7876-4b53-9677-01c73ef54ac8,third-party-document,0,0,"{""obverse"": ""guardians_dagger-isle_lying-scum"", ""reverse"": ""guardians_card-back""}","{""name_printed"": ""Lying Scum"", ""rarity"": ""Common-4"", ""type"": ""Mortal"", ""item_dimensions"": ""{\u0022height\u0022: \u00223.5\u0022, \u0022width\u0022: \u00222.5\u0022, \u0022unit\u0022: \u0022inch\u0022}""}",d25eb25b-dfa0-4ef0-ad1e-d9396730114e,0e059ed8-f70e-4926-994b-ec2871884a06,Lying Scum,Lying Scum,{},guardians_dagger-isle_lying-scum
e5b7edb1-0f17-489d-b375-eb90a4578cd3,third-party-document,0,0,"{""obverse"": ""guardians_dagger-isle_magnate-justice"", ""reverse"": ""guardians_card-back""}","{""name_printed"": ""Magnate Justice"", ""rarity"": ""Common-4"", ""type"": ""Elemental"", ""item_dimensions"": ""{\u0022height\u0022: \u00223.5\u0022, \u0022width\u0022: \u00222.5\u0022, \u0022unit\u0022: \u0022inch\u0022}""}",d25eb25b-dfa0-4ef0-ad1e-d9396730114e,0e059ed8-f70e-4926-994b-ec2871884a06,Magnate Justice,Magnate Justice,{},guardians_dagger-isle_magnate-justice
db72f547-2a11-4518-baef-3e28ee0d6150,third-party-document,0,0,"{""obverse"": ""guardians_dagger-isle_manly-guy"", ""reverse"": ""guardians_card-back""}","{""name_printed"": ""Manly Guy"", ""rarity"": ""Common-1"", ""type"": ""Mortal"", ""item_dimensions"": ""{\u0022height\u0022: \u00223.5\u0022, \u0022width\u0022: \u00222.5\u0022, \u0022unit\u0022: \u0022inch\u0022}""}",d25eb25b-dfa0-4ef0-ad1e-d9396730114e,0e059ed8-f70e-4926-994b-ec2871884a06,Manly Guy,Manly Guy,{},guardians_dagger-isle_manly-guy
c23f7a92-8611-452d-933c-7f434608922f,third-party-document,0,0,"{""obverse"": ""guardians_dagger-isle_monolith-of-chaos"", ""reverse"": ""guardians_card-back""}","{""name_printed"": ""Monolith of Chaos"", ""rarity"": ""Common-2"", ""type"": ""Elemental"", ""item_dimensions"": ""{\u0022height\u0022: \u00223.5\u0022, \u0022width\u0022: \u00222.5\u0022, \u0022unit\u0022: \u0022inch\u0022}""}",d25eb25b-dfa0-4ef0-ad1e-d9396730114e,0e059ed8-f70e-4926-994b-ec2871884a06,Monolith of Chaos,Monolith of Chaos,{},guardians_dagger-isle_monolith-of-chaos
68133873-9e53-4b8d-900b-213767f30a58,third-party-document,0,0,"{""obverse"": ""guardians_dagger-isle_necromancer"", ""reverse"": ""guardians_card-back""}","{""name_printed"": ""Necromancer"", ""rarity"": ""Rare-2"", ""type"": ""Mortal"", ""item_dimensions"": ""{\u0022height\u0022: \u00223.5\u0022, \u0022width\u0022: \u00222.5\u0022, \u0022unit\u0022: \u0022inch\u0022}""}",d25eb25b-dfa0-4ef0-ad1e-d9396730114e,0e059ed8-f70e-4926-994b-ec2871884a06,Necromancer,Necromancer,{},guardians_dagger-isle_necromancer
c93c4a31-dd57-44b2-8555-bf74b02ac661,third-party-document,0,0,"{""obverse"": ""guardians_dagger-isle_old-gumper"", ""reverse"": ""guardians_card-back""}","{""name_printed"": ""Old Gumper"", ""rarity"": ""Common-4"", ""type"": ""External"", ""item_dimensions"": ""{\u0022height\u0022: \u00223.5\u0022, \u0022width\u0022: \u00222.5\u0022, \u0022unit\u0022: \u0022inch\u0022}""}",d25eb25b-dfa0-4ef0-ad1e-d9396730114e,0e059ed8-f70e-4926-994b-ec2871884a06,Old Gumper,Old Gumper,{},guardians_dagger-isle_old-gumper
d068f54d-9e64-49e6-9241-e78a400f4910,third-party-document,0,0,"{""obverse"": ""guardians_dagger-isle_ongo,-air-traffic-controller"", ""reverse"": ""guardians_card-back""}","{""name_printed"": ""Ongo, Air Traffic Controller"", ""rarity"": ""Rare-3"", ""type"": ""Spell"", ""item_dimensions"": ""{\u0022height\u0022: \u00223.5\u0022, \u0022width\u0022: \u00222.5\u0022, \u0022unit\u0022: \u0022inch\u0022}""}",d25eb25b-dfa0-4ef0-ad1e-d9396730114e,0e059ed8-f70e-4926-994b-ec2871884a06,"Ongo, Air Traffic Controller","Ongo, Air Traffic Controller",{},"guardians_dagger-isle_ongo,-air-traffic-controller"
f4ae0656-634e-4b3d-a0d4-0f6155b765ea,third-party-document,0,0,"{""obverse"": ""guardians_dagger-isle_oppressed-slaves"", ""reverse"": ""guardians_card-back""}","{""name_printed"": ""Oppressed Slaves"", ""rarity"": ""Common-2"", ""type"": ""Magic Item - Hand"", ""item_dimensions"": ""{\u0022height\u0022: \u00223.5\u0022, \u0022width\u0022: \u00222.5\u0022, \u0022unit\u0022: \u0022inch\u0022}""}",d25eb25b-dfa0-4ef0-ad1e-d9396730114e,0e059ed8-f70e-4926-994b-ec2871884a06,Oppressed Slaves,Oppressed Slaves,{},guardians_dagger-isle_oppressed-slaves
605cacf1-0a89-4ac8-9ecd-b34ce1366c6f,third-party-document,0,0,"{""obverse"": ""guardians_dagger-isle_p'tal---keeper-of-the-balance"", ""reverse"": ""guardians_card-back""}","{""name_printed"": ""P'Tal - Keeper of the Balance"", ""rarity"": ""Rare-2"", ""type"": ""Guardian"", ""item_dimensions"": ""{\u0022height\u0022: \u00223.5\u0022, \u0022width\u0022: \u00222.5\u0022, \u0022unit\u0022: \u0022inch\u0022}""}",d25eb25b-dfa0-4ef0-ad1e-d9396730114e,0e059ed8-f70e-4926-994b-ec2871884a06,P'Tal - Keeper of the Balance,P'Tal - Keeper of the Balance,{},guardians_dagger-isle_p'tal---keeper-of-the-balance
b959a862-b1b4-4d71-923b-052b44c42b0c,third-party-document,0,0,"{""obverse"": ""guardians_dagger-isle_peace"", ""reverse"": ""guardians_card-back""}","{""name_printed"": ""Peace"", ""rarity"": ""Common-1"", ""type"": ""Spell"", ""item_dimensions"": ""{\u0022height\u0022: \u00223.5\u0022, \u0022width\u0022: \u00222.5\u0022, \u0022unit\u0022: \u0022inch\u0022}""}",d25eb25b-dfa0-4ef0-ad1e-d9396730114e,0e059ed8-f70e-4926-994b-ec2871884a06,Peace,Peace,{},guardians_dagger-isle_peace
c6a2d798-753f-4dd1-84a0-e95395f9dc10,third-party-document,0,0,"{""obverse"": ""guardians_dagger-isle_pestilence"", ""reverse"": ""guardians_card-back""}","{""name_printed"": ""Pestilence"", ""rarity"": ""Rare-1"", ""type"": ""Spell"", ""item_dimensions"": ""{\u0022height\u0022: \u00223.5\u0022, \u0022width\u0022: \u00222.5\u0022, \u0022unit\u0022: \u0022inch\u0022}""}",d25eb25b-dfa0-4ef0-ad1e-d9396730114e,0e059ed8-f70e-4926-994b-ec2871884a06,Pestilence,Pestilence,{},guardians_dagger-isle_pestilence
e5c062d2-0b70-4125-a3fa-712bae26d0f8,third-party-document,0,0,"{""obverse"": ""guardians_dagger-isle_petrified-heart"", ""reverse"": ""guardians_card-back""}","{""name_printed"": ""Petrified Heart"", ""rarity"": ""Common-3"", ""type"": ""Magic Item - Creature"", ""item_dimensions"": ""{\u0022height\u0022: \u00223.5\u0022, \u0022width\u0022: \u00222.5\u0022, \u0022unit\u0022: \u0022inch\u0022}""}",d25eb25b-dfa0-4ef0-ad1e-d9396730114e,0e059ed8-f70e-4926-994b-ec2871884a06,Petrified Heart,Petrified Heart,{},guardians_dagger-isle_petrified-heart
b2e79f98-f8b6-4c02-944d-260d4b8ead39,third-party-document,0,0,"{""obverse"": ""guardians_dagger-isle_phase-assassin"", ""reverse"": ""guardians_card-back""}","{""name_printed"": ""Phase Assassin"", ""rarity"": ""Rare-3"", ""type"": ""Spell"", ""item_dimensions"": ""{\u0022height\u0022: \u00223.5\u0022, \u0022width\u0022: \u00222.5\u0022, \u0022unit\u0022: \u0022inch\u0022}""}",d25eb25b-dfa0-4ef0-ad1e-d9396730114e,0e059ed8-f70e-4926-994b-ec2871884a06,Phase Assassin,Phase Assassin,{},guardians_dagger-isle_phase-assassin
dffcfde6-33ec-4f6b-879c-c3a113aff018,third-party-document,0,0,"{""obverse"": ""guardians_dagger-isle_pirate-double-cross"", ""reverse"": ""guardians_card-back""}","{""name_printed"": ""Pirate Double Cross"", ""rarity"": ""Common-4"", ""type"": ""Spell"", ""item_dimensions"": ""{\u0022height\u0022: \u00223.5\u0022, \u0022width\u0022: \u00222.5\u0022, \u0022unit\u0022: \u0022inch\u0022}""}",d25eb25b-dfa0-4ef0-ad1e-d9396730114e,0e059ed8-f70e-4926-994b-ec2871884a06,Pirate Double Cross,Pirate Double Cross,{},guardians_dagger-isle_pirate-double-cross
7fceed85-1368-4eb6-94b8-4b8d4dd5a2eb,third-party-document,0,0,"{""obverse"": ""guardians_dagger-isle_pirate-log-platform"", ""reverse"": ""guardians_card-back""}","{""name_printed"": ""Pirate Log Platform"", ""rarity"": ""Rare-3"", ""type"": ""Stronghold Upgrade"", ""item_dimensions"": ""{\u0022height\u0022: \u00223.5\u0022, \u0022width\u0022: \u00222.5\u0022, \u0022unit\u0022: \u0022inch\u0022}""}",d25eb25b-dfa0-4ef0-ad1e-d9396730114e,0e059ed8-f70e-4926-994b-ec2871884a06,Pirate Log Platform,Pirate Log Platform,{},guardians_dagger-isle_pirate-log-platform
0a149e45-da9f-415c-9108-9283f4245581,third-party-document,0,0,"{""obverse"": ""guardians_dagger-isle_pirate-raiding-party"", ""reverse"": ""guardians_card-back""}","{""name_printed"": ""Pirate Raiding Party"", ""rarity"": ""Common-3"", ""type"": ""Spell"", ""item_dimensions"": ""{\u0022height\u0022: \u00223.5\u0022, \u0022width\u0022: \u00222.5\u0022, \u0022unit\u0022: \u0022inch\u0022}""}",d25eb25b-dfa0-4ef0-ad1e-d9396730114e,0e059ed8-f70e-4926-994b-ec2871884a06,Pirate Raiding Party,Pirate Raiding Party,{},guardians_dagger-isle_pirate-raiding-party
0319a707-9eae-4799-b8fa-d147e28acabe,third-party-document,0,0,"{""obverse"": ""guardians_dagger-isle_ranged-attack-platform"", ""reverse"": ""guardians_card-back""}","{""name_printed"": ""Ranged Attack Platform"", ""rarity"": ""Rare-3"", ""type"": ""Stronghold Upgrade"", ""item_dimensions"": ""{\u0022height\u0022: \u00223.5\u0022, \u0022width\u0022: \u00222.5\u0022, \u0022unit\u0022: \u0022inch\u0022}""}",d25eb25b-dfa0-4ef0-ad1e-d9396730114e,0e059ed8-f70e-4926-994b-ec2871884a06,Ranged Attack Platform,Ranged Attack Platform,{},guardians_dagger-isle_ranged-attack-platform
309e01d4-9b1a-4399-91cf-c04089bc3e5d,third-party-document,0,0,"{""obverse"": ""guardians_dagger-isle_razor-shiefa"", ""reverse"": ""guardians_card-back""}","{""name_printed"": ""Razor Shiefa"", ""rarity"": ""Common-4"", ""type"": ""External"", ""item_dimensions"": ""{\u0022height\u0022: \u00223.5\u0022, \u0022width\u0022: \u00222.5\u0022, \u0022unit\u0022: \u0022inch\u0022}""}",d25eb25b-dfa0-4ef0-ad1e-d9396730114e,0e059ed8-f70e-4926-994b-ec2871884a06,Razor Shiefa,Razor Shiefa,{},guardians_dagger-isle_razor-shiefa
6e4db1e6-73c4-4d18-87c9-30f07ff8453d,third-party-document,0,0,"{""obverse"": ""guardians_dagger-isle_razor-sliph"", ""reverse"": ""guardians_card-back""}","{""name_printed"": ""Razor Sliph"", ""rarity"": ""Rare-3"", ""type"": ""External"", ""item_dimensions"": ""{\u0022height\u0022: \u00223.5\u0022, \u0022width\u0022: \u00222.5\u0022, \u0022unit\u0022: \u0022inch\u0022}""}",d25eb25b-dfa0-4ef0-ad1e-d9396730114e,0e059ed8-f70e-4926-994b-ec2871884a06,Razor Sliph,Razor Sliph,{},guardians_dagger-isle_razor-sliph
25c2b334-2473-4dd7-92be-d08f432b37e1,third-party-document,0,0,"{""obverse"": ""guardians_dagger-isle_reverend-smilin'-jackoid"", ""reverse"": ""guardians_card-back""}","{""name_printed"": ""Reverend Smilin' Jackoid"", ""rarity"": ""Common-2"", ""type"": ""Elemental"", ""item_dimensions"": ""{\u0022height\u0022: \u00223.5\u0022, \u0022width\u0022: \u00222.5\u0022, \u0022unit\u0022: \u0022inch\u0022}""}",d25eb25b-dfa0-4ef0-ad1e-d9396730114e,0e059ed8-f70e-4926-994b-ec2871884a06,Reverend Smilin' Jackoid,Reverend Smilin' Jackoid,{},guardians_dagger-isle_reverend-smilin'-jackoid
7b1367bb-534f-45cb-b17d-eb4b5cd5640c,third-party-document,0,0,"{""obverse"": ""guardians_dagger-isle_roaming-steam-geyser"", ""reverse"": ""guardians_card-back""}","{""name_printed"": ""Roaming Steam Geyser"", ""rarity"": ""Rare-3"", ""type"": ""Elemental"", ""item_dimensions"": ""{\u0022height\u0022: \u00223.5\u0022, \u0022width\u0022: \u00222.5\u0022, \u0022unit\u0022: \u0022inch\u0022}""}",d25eb25b-dfa0-4ef0-ad1e-d9396730114e,0e059ed8-f70e-4926-994b-ec2871884a06,Roaming Steam Geyser,Roaming Steam Geyser,{},guardians_dagger-isle_roaming-steam-geyser
1f965396-41af-478c-b762-4157545363ae,third-party-document,0,0,"{""obverse"": ""guardians_dagger-isle_rotten-guy"", ""reverse"": ""guardians_card-back""}","{""name_printed"": ""Rotten Guy"", ""rarity"": ""Common-2"", ""type"": ""Mortal"", ""item_dimensions"": ""{\u0022height\u0022: \u00223.5\u0022, \u0022width\u0022: \u00222.5\u0022, \u0022unit\u0022: \u0022inch\u0022}""}",d25eb25b-dfa0-4ef0-ad1e-d9396730114e,0e059ed8-f70e-4926-994b-ec2871884a06,Rotten Guy,Rotten Guy,{},guardians_dagger-isle_rotten-guy
8c69f979-f5f8-444e-9eb6-cb613600d35c,third-party-document,0,0,"{""obverse"": ""guardians_dagger-isle_santa's-beer-sled"", ""reverse"": ""guardians_card-back""}","{""name_printed"": ""Santa's Beer Sled"", ""rarity"": ""Common-2"", ""type"": ""Spell"", ""item_dimensions"": ""{\u0022height\u0022: \u00223.5\u0022, \u0022width\u0022: \u00222.5\u0022, \u0022unit\u0022: \u0022inch\u0022}""}",d25eb25b-dfa0-4ef0-ad1e-d9396730114e,0e059ed8-f70e-4926-994b-ec2871884a06,Santa's Beer Sled,Santa's Beer Sled,{},guardians_dagger-isle_santa's-beer-sled
767a7a02-f971-495e-bb29-bbe09d363048,third-party-document,0,0,"{""obverse"": ""guardians_dagger-isle_schneebolt"", ""reverse"": ""guardians_card-back""}","{""name_printed"": ""Schneebolt"", ""rarity"": ""Common-2"", ""type"": ""External"", ""item_dimensions"": ""{\u0022height\u0022: \u00223.5\u0022, \u0022width\u0022: \u00222.5\u0022, \u0022unit\u0022: \u0022inch\u0022}""}",d25eb25b-dfa0-4ef0-ad1e-d9396730114e,0e059ed8-f70e-4926-994b-ec2871884a06,Schneebolt,Schneebolt,{},guardians_dagger-isle_schneebolt
2adb3635-1e73-4ae9-8d7f-1a869ffe73ba,third-party-document,0,0,"{""obverse"": ""guardians_dagger-isle_scurvy-dog"", ""reverse"": ""guardians_card-back""}","{""name_printed"": ""Scurvy Dog"", ""rarity"": ""Rare-3"", ""type"": ""Mortal"", ""item_dimensions"": ""{\u0022height\u0022: \u00223.5\u0022, \u0022width\u0022: \u00222.5\u0022, \u0022unit\u0022: \u0022inch\u0022}""}",d25eb25b-dfa0-4ef0-ad1e-d9396730114e,0e059ed8-f70e-4926-994b-ec2871884a06,Scurvy Dog,Scurvy Dog,{},guardians_dagger-isle_scurvy-dog
23dda64b-588c-4cd7-ab43-323f12c4e7b3,third-party-document,0,0,"{""obverse"": ""guardians_dagger-isle_seraphim"", ""reverse"": ""guardians_card-back""}","{""name_printed"": ""Seraphim"", ""rarity"": ""Common-3"", ""type"": ""Spell"", ""item_dimensions"": ""{\u0022height\u0022: \u00223.5\u0022, \u0022width\u0022: \u00222.5\u0022, \u0022unit\u0022: \u0022inch\u0022}""}",d25eb25b-dfa0-4ef0-ad1e-d9396730114e,0e059ed8-f70e-4926-994b-ec2871884a06,Seraphim,Seraphim,{},guardians_dagger-isle_seraphim
fd0d75f4-68a3-4fe0-ac3e-05ba2cb2ffe3,third-party-document,0,0,"{""obverse"": ""guardians_dagger-isle_shadrune"", ""reverse"": ""guardians_card-back""}","{""name_printed"": ""Shadrune"", ""rarity"": ""Rare-3"", ""type"": ""External"", ""item_dimensions"": ""{\u0022height\u0022: \u00223.5\u0022, \u0022width\u0022: \u00222.5\u0022, \u0022unit\u0022: \u0022inch\u0022}""}",d25eb25b-dfa0-4ef0-ad1e-d9396730114e,0e059ed8-f70e-4926-994b-ec2871884a06,Shadrune,Shadrune,{},guardians_dagger-isle_shadrune
ae9bd86b-ecfd-464d-8fa2-a158181f026e,third-party-document,0,0,"{""obverse"": ""guardians_dagger-isle_shield-[brom's-goblin,-12]"", ""reverse"": ""guardians_card-back""}","{""name_printed"": ""Shield [Brom's Goblin, 12]"", ""rarity"": ""Common-1(4)"", ""type"": ""Shield"", ""item_dimensions"": ""{\u0022height\u0022: \u00223.5\u0022, \u0022width\u0022: \u00222.5\u0022, \u0022unit\u0022: \u0022inch\u0022}""}",d25eb25b-dfa0-4ef0-ad1e-d9396730114e,0e059ed8-f70e-4926-994b-ec2871884a06,"Shield [Brom's Goblin, 12]","Shield [Brom's Goblin, 12]",{},"guardians_dagger-isle_shield-[brom's-goblin,-12]"
9cd27b5b-b04f-4b0b-a8da-a9281e95f3b0,third-party-document,0,0,"{""obverse"": ""guardians_dagger-isle_shield-[brom's-goblin,-16]"", ""reverse"": ""guardians_card-back""}","{""name_printed"": ""Shield [Brom's Goblin, 16]"", ""rarity"": ""Common-1(4)"", ""type"": ""Shield"", ""item_dimensions"": ""{\u0022height\u0022: \u00223.5\u0022, \u0022width\u0022: \u00222.5\u0022, \u0022unit\u0022: \u0022inch\u0022}""}",d25eb25b-dfa0-4ef0-ad1e-d9396730114e,0e059ed8-f70e-4926-994b-ec2871884a06,"Shield [Brom's Goblin, 16]","Shield [Brom's Goblin, 16]",{},"guardians_dagger-isle_shield-[brom's-goblin,-16]"
6122d85a-8a9b-4184-9457-4607074a8467,third-party-document,0,0,"{""obverse"": ""guardians_dagger-isle_shield-[brom's-goblin,-4]"", ""reverse"": ""guardians_card-back""}","{""name_printed"": ""Shield [Brom's Goblin, 4]"", ""rarity"": ""Common-1(4)"", ""type"": ""Shield"", ""item_dimensions"": ""{\u0022height\u0022: \u00223.5\u0022, \u0022width\u0022: \u00222.5\u0022, \u0022unit\u0022: \u0022inch\u0022}""}",d25eb25b-dfa0-4ef0-ad1e-d9396730114e,0e059ed8-f70e-4926-994b-ec2871884a06,"Shield [Brom's Goblin, 4]","Shield [Brom's Goblin, 4]",{},"guardians_dagger-isle_shield-[brom's-goblin,-4]"
0048c4ac-8700-4831-8acb-8fbed1c3c37c,third-party-document,0,0,"{""obverse"": ""guardians_dagger-isle_shield-[brom's-goblin,-8]"", ""reverse"": ""guardians_card-back""}","{""name_printed"": ""Shield [Brom's Goblin, 8]"", ""rarity"": ""Common-1(4)"", ""type"": ""Shield"", ""item_dimensions"": ""{\u0022height\u0022: \u00223.5\u0022, \u0022width\u0022: \u00222.5\u0022, \u0022unit\u0022: \u0022inch\u0022}""}",d25eb25b-dfa0-4ef0-ad1e-d9396730114e,0e059ed8-f70e-4926-994b-ec2871884a06,"Shield [Brom's Goblin, 8]","Shield [Brom's Goblin, 8]",{},"guardians_dagger-isle_shield-[brom's-goblin,-8]"
12c35a9e-b1d9-4876-9f7b-6288d6c15cab,third-party-document,0,0,"{""obverse"": ""guardians_dagger-isle_shield-terrain-[brom's-angelic]"", ""reverse"": ""guardians_card-back""}","{""name_printed"": ""Shield/Terrain [Brom's Angelic]"", ""rarity"": ""Common-1"", ""type"": ""Shield/Terrain"", ""item_dimensions"": ""{\u0022height\u0022: \u00223.5\u0022, \u0022width\u0022: \u00222.5\u0022, \u0022unit\u0022: \u0022inch\u0022}""}",d25eb25b-dfa0-4ef0-ad1e-d9396730114e,0e059ed8-f70e-4926-994b-ec2871884a06,Shield/Terrain [Brom's Angelic],Shield/Terrain [Brom's Angelic],{},guardians_dagger-isle_shield-terrain-[brom's-angelic]
50053fe9-85cf-4a4b-8ad0-7a8d21f8ca2e,third-party-document,0,0,"{""obverse"": ""guardians_dagger-isle_shield-terrain-[brom's-demonic]"", ""reverse"": ""guardians_card-back""}","{""name_printed"": ""Shield/Terrain [Brom's Demonic]"", ""rarity"": ""Common-1"", ""type"": ""Shield/Terrain"", ""item_dimensions"": ""{\u0022height\u0022: \u00223.5\u0022, \u0022width\u0022: \u00222.5\u0022, \u0022unit\u0022: \u0022inch\u0022}""}",d25eb25b-dfa0-4ef0-ad1e-d9396730114e,0e059ed8-f70e-4926-994b-ec2871884a06,Shield/Terrain [Brom's Demonic],Shield/Terrain [Brom's Demonic],{},guardians_dagger-isle_shield-terrain-[brom's-demonic]
e5e20628-2705-482c-9955-b827a5350bce,third-party-document,0,0,"{""obverse"": ""guardians_dagger-isle_shield-terrain-[brom's-dragon]"", ""reverse"": ""guardians_card-back""}","{""name_printed"": ""Shield/Terrain [Brom's Dragon]"", ""rarity"": ""Common-1"", ""type"": ""Shield/Terrain"", ""item_dimensions"": ""{\u0022height\u0022: \u00223.5\u0022, \u0022width\u0022: \u00222.5\u0022, \u0022unit\u0022: \u0022inch\u0022}""}",d25eb25b-dfa0-4ef0-ad1e-d9396730114e,0e059ed8-f70e-4926-994b-ec2871884a06,Shield/Terrain [Brom's Dragon],Shield/Terrain [Brom's Dragon],{},guardians_dagger-isle_shield-terrain-[brom's-dragon]
0ab06cef-3e82-4de8-89da-765c3bdd4924,third-party-document,0,0,"{""obverse"": ""guardians_dagger-isle_shield-terrain-[brom's-goblin]"", ""reverse"": ""guardians_card-back""}","{""name_printed"": ""Shield/Terrain [Brom's Goblin]"", ""rarity"": ""Common-1"", ""type"": ""Shield/Terrain"", ""item_dimensions"": ""{\u0022height\u0022: \u00223.5\u0022, \u0022width\u0022: \u00222.5\u0022, \u0022unit\u0022: \u0022inch\u0022}""}",d25eb25b-dfa0-4ef0-ad1e-d9396730114e,0e059ed8-f70e-4926-994b-ec2871884a06,Shield/Terrain [Brom's Goblin],Shield/Terrain [Brom's Goblin],{},guardians_dagger-isle_shield-terrain-[brom's-goblin]
df8f46af-2e5d-451d-abec-b6ca6ee96b9c,third-party-document,0,0,"{""obverse"": ""guardians_dagger-isle_shield-terrain-[brom's-skull]"", ""reverse"": ""guardians_card-back""}","{""name_printed"": ""Shield/Terrain [Brom's Skull]"", ""rarity"": ""Common-1"", ""type"": ""Shield/Terrain"", ""item_dimensions"": ""{\u0022height\u0022: \u00223.5\u0022, \u0022width\u0022: \u00222.5\u0022, \u0022unit\u0022: \u0022inch\u0022}""}",d25eb25b-dfa0-4ef0-ad1e-d9396730114e,0e059ed8-f70e-4926-994b-ec2871884a06,Shield/Terrain [Brom's Skull],Shield/Terrain [Brom's Skull],{},guardians_dagger-isle_shield-terrain-[brom's-skull]
70260df8-5f2f-4867-942d-bb14fc2ced3c,third-party-document,0,0,"{""obverse"": ""guardians_dagger-isle_shield-terrain-[maitz's-insect]"", ""reverse"": ""guardians_card-back""}","{""name_printed"": ""Shield/Terrain [Maitz's Insect]"", ""rarity"": ""Common-1"", ""type"": ""Shield/Terrain"", ""item_dimensions"": ""{\u0022height\u0022: \u00223.5\u0022, \u0022width\u0022: \u00222.5\u0022, \u0022unit\u0022: \u0022inch\u0022}""}",d25eb25b-dfa0-4ef0-ad1e-d9396730114e,0e059ed8-f70e-4926-994b-ec2871884a06,Shield/Terrain [Maitz's Insect],Shield/Terrain [Maitz's Insect],{},guardians_dagger-isle_shield-terrain-[maitz's-insect]
dc3fc2fa-8009-4f59-800c-ca332a2a7886,third-party-document,0,0,"{""obverse"": ""guardians_dagger-isle_shield-terrain-[maitz's-lightning]"", ""reverse"": ""guardians_card-back""}","{""name_printed"": ""Shield/Terrain [Maitz's Lightning]"", ""rarity"": ""Common-1"", ""type"": ""Shield/Terrain"", ""item_dimensions"": ""{\u0022height\u0022: \u00223.5\u0022, \u0022width\u0022: \u00222.5\u0022, \u0022unit\u0022: \u0022inch\u0022}""}",d25eb25b-dfa0-4ef0-ad1e-d9396730114e,0e059ed8-f70e-4926-994b-ec2871884a06,Shield/Terrain [Maitz's Lightning],Shield/Terrain [Maitz's Lightning],{},guardians_dagger-isle_shield-terrain-[maitz's-lightning]
27165ddf-6a6e-4611-af59-824ab1f588d2,third-party-document,0,0,"{""obverse"": ""guardians_dagger-isle_shield-terrain-[ploog's-ox]"", ""reverse"": ""guardians_card-back""}","{""name_printed"": ""Shield/Terrain [Ploog's Ox]"", ""rarity"": ""Common-1"", ""type"": ""Shield/Terrain"", ""item_dimensions"": ""{\u0022height\u0022: \u00223.5\u0022, \u0022width\u0022: \u00222.5\u0022, \u0022unit\u0022: \u0022inch\u0022}""}",d25eb25b-dfa0-4ef0-ad1e-d9396730114e,0e059ed8-f70e-4926-994b-ec2871884a06,Shield/Terrain [Ploog's Ox],Shield/Terrain [Ploog's Ox],{},guardians_dagger-isle_shield-terrain-[ploog's-ox]
abc30bc8-e6f7-4d06-ae79-cb2cf6ebbf08,third-party-document,0,0,"{""obverse"": ""guardians_dagger-isle_shield-terrain-[ploog's-rooster]"", ""reverse"": ""guardians_card-back""}","{""name_printed"": ""Shield/Terrain [Ploog's Rooster]"", ""rarity"": ""Common-1"", ""type"": ""Shield/Terrain"", ""item_dimensions"": ""{\u0022height\u0022: \u00223.5\u0022, \u0022width\u0022: \u00222.5\u0022, \u0022unit\u0022: \u0022inch\u0022}""}",d25eb25b-dfa0-4ef0-ad1e-d9396730114e,0e059ed8-f70e-4926-994b-ec2871884a06,Shield/Terrain [Ploog's Rooster],Shield/Terrain [Ploog's Rooster],{},guardians_dagger-isle_shield-terrain-[ploog's-rooster]
d17e212e-d43e-4684-9fd7-d19879408dc9,third-party-document,0,0,"{""obverse"": ""guardians_dagger-isle_shield-terrain-[warhola's-snakes]"", ""reverse"": ""guardians_card-back""}","{""name_printed"": ""Shield/Terrain [Warhola's Snakes]"", ""rarity"": ""Common-1"", ""type"": ""Shield/Terrain"", ""item_dimensions"": ""{\u0022height\u0022: \u00223.5\u0022, \u0022width\u0022: \u00222.5\u0022, \u0022unit\u0022: \u0022inch\u0022}""}",d25eb25b-dfa0-4ef0-ad1e-d9396730114e,0e059ed8-f70e-4926-994b-ec2871884a06,Shield/Terrain [Warhola's Snakes],Shield/Terrain [Warhola's Snakes],{},guardians_dagger-isle_shield-terrain-[warhola's-snakes]
ccb554ef-e269-4076-b971-de44001a9db1,third-party-document,0,0,"{""obverse"": ""guardians_dagger-isle_slimwit-man"", ""reverse"": ""guardians_card-back""}","{""name_printed"": ""Slimwit Man"", ""rarity"": ""Rare-2"", ""type"": ""External"", ""item_dimensions"": ""{\u0022height\u0022: \u00223.5\u0022, \u0022width\u0022: \u00222.5\u0022, \u0022unit\u0022: \u0022inch\u0022}""}",d25eb25b-dfa0-4ef0-ad1e-d9396730114e,0e059ed8-f70e-4926-994b-ec2871884a06,Slimwit Man,Slimwit Man,{},guardians_dagger-isle_slimwit-man
4938fa84-b33c-4592-816b-6ee6a2f2ec86,third-party-document,0,0,"{""obverse"": ""guardians_dagger-isle_soooooooul-mirror"", ""reverse"": ""guardians_card-back""}","{""name_printed"": ""Soooooooul Mirror"", ""rarity"": ""Rare-2"", ""type"": ""Spell"", ""item_dimensions"": ""{\u0022height\u0022: \u00223.5\u0022, \u0022width\u0022: \u00222.5\u0022, \u0022unit\u0022: \u0022inch\u0022}""}",d25eb25b-dfa0-4ef0-ad1e-d9396730114e,0e059ed8-f70e-4926-994b-ec2871884a06,Soooooooul Mirror,Soooooooul Mirror,{},guardians_dagger-isle_soooooooul-mirror
b289f3c5-83d8-4cea-b43d-e42ddf149194,third-party-document,0,0,"{""obverse"": ""guardians_dagger-isle_spectre's-ward"", ""reverse"": ""guardians_card-back""}","{""name_printed"": ""Spectre's Ward"", ""rarity"": ""Common-3"", ""type"": ""Spell"", ""item_dimensions"": ""{\u0022height\u0022: \u00223.5\u0022, \u0022width\u0022: \u00222.5\u0022, \u0022unit\u0022: \u0022inch\u0022}""}",d25eb25b-dfa0-4ef0-ad1e-d9396730114e,0e059ed8-f70e-4926-994b-ec2871884a06,Spectre's Ward,Spectre's Ward,{},guardians_dagger-isle_spectre's-ward
ea12e086-2af5-4c35-aea2-13f788f1a130,third-party-document,0,0,"{""obverse"": ""guardians_dagger-isle_spikey-crenalations"", ""reverse"": ""guardians_card-back""}","{""name_printed"": ""Spikey Crenalations"", ""rarity"": ""Rare-2"", ""type"": ""Stronghold Upgrade"", ""item_dimensions"": ""{\u0022height\u0022: \u00223.5\u0022, \u0022width\u0022: \u00222.5\u0022, \u0022unit\u0022: \u0022inch\u0022}""}",d25eb25b-dfa0-4ef0-ad1e-d9396730114e,0e059ed8-f70e-4926-994b-ec2871884a06,Spikey Crenalations,Spikey Crenalations,{},guardians_dagger-isle_spikey-crenalations
ca17e761-43fc-47b9-862f-82f33f43dd56,third-party-document,0,0,"{""obverse"": ""guardians_dagger-isle_spirit-guide"", ""reverse"": ""guardians_card-back""}","{""name_printed"": ""Spirit Guide"", ""rarity"": ""Common-3"", ""type"": ""Elemental"", ""item_dimensions"": ""{\u0022height\u0022: \u00223.5\u0022, \u0022width\u0022: \u00222.5\u0022, \u0022unit\u0022: \u0022inch\u0022}""}",d25eb25b-dfa0-4ef0-ad1e-d9396730114e,0e059ed8-f70e-4926-994b-ec2871884a06,Spirit Guide,Spirit Guide,{},guardians_dagger-isle_spirit-guide
0b059e32-9e9a-4469-8476-8c20ea1a0b0b,third-party-document,0,0,"{""obverse"": ""guardians_dagger-isle_standard-bearer-[brom's-goblin,-11]"", ""reverse"": ""guardians_card-back""}","{""name_printed"": ""Standard Bearer [Brom's Goblin, 11]"", ""rarity"": ""Rare-3"", ""type"": ""Shield"", ""item_dimensions"": ""{\u0022height\u0022: \u00223.5\u0022, \u0022width\u0022: \u00222.5\u0022, \u0022unit\u0022: \u0022inch\u0022}""}",d25eb25b-dfa0-4ef0-ad1e-d9396730114e,0e059ed8-f70e-4926-994b-ec2871884a06,"Standard Bearer [Brom's Goblin, 11]","Standard Bearer [Brom's Goblin, 11]",{},"guardians_dagger-isle_standard-bearer-[brom's-goblin,-11]"
4c4f44cd-d87f-418a-b9d0-46451186b8a1,third-party-document,0,0,"{""obverse"": ""guardians_dagger-isle_standard-bearer-[brom's-goblin,-16]"", ""reverse"": ""guardians_card-back""}","{""name_printed"": ""Standard Bearer [Brom's Goblin, 16]"", ""rarity"": ""Rare-2"", ""type"": ""Shield"", ""item_dimensions"": ""{\u0022height\u0022: \u00223.5\u0022, \u0022width\u0022: \u00222.5\u0022, \u0022unit\u0022: \u0022inch\u0022}""}",d25eb25b-dfa0-4ef0-ad1e-d9396730114e,0e059ed8-f70e-4926-994b-ec2871884a06,"Standard Bearer [Brom's Goblin, 16]","Standard Bearer [Brom's Goblin, 16]",{},"guardians_dagger-isle_standard-bearer-[brom's-goblin,-16]"
f60ab01b-996a-4c6d-b692-740e9545ebd9,third-party-document,0,0,"{""obverse"": ""guardians_dagger-isle_starling-dodd-boys"", ""reverse"": ""guardians_card-back""}","{""name_printed"": ""Starling Dodd Boys"", ""rarity"": ""Common-3"", ""type"": ""External"", ""item_dimensions"": ""{\u0022height\u0022: \u00223.5\u0022, \u0022width\u0022: \u00222.5\u0022, \u0022unit\u0022: \u0022inch\u0022}""}",d25eb25b-dfa0-4ef0-ad1e-d9396730114e,0e059ed8-f70e-4926-994b-ec2871884a06,Starling Dodd Boys,Starling Dodd Boys,{},guardians_dagger-isle_starling-dodd-boys
98626231-9837-4f93-b752-e34447c4af6b,third-party-document,0,0,"{""obverse"": ""guardians_dagger-isle_summon-dimensional-fire-well"", ""reverse"": ""guardians_card-back""}","{""name_printed"": ""Summon Dimensional Fire Well"", ""rarity"": ""Rare-2"", ""type"": ""Spell"", ""item_dimensions"": ""{\u0022height\u0022: \u00223.5\u0022, \u0022width\u0022: \u00222.5\u0022, \u0022unit\u0022: \u0022inch\u0022}""}",d25eb25b-dfa0-4ef0-ad1e-d9396730114e,0e059ed8-f70e-4926-994b-ec2871884a06,Summon Dimensional Fire Well,Summon Dimensional Fire Well,{},guardians_dagger-isle_summon-dimensional-fire-well
2b4be64f-1cd9-47fd-93db-4e742d1413c6,third-party-document,0,0,"{""obverse"": ""guardians_dagger-isle_summon-loghammer's-sapper"", ""reverse"": ""guardians_card-back""}","{""name_printed"": ""Summon Loghammer's Sapper"", ""rarity"": ""Rare-3"", ""type"": ""Spell"", ""item_dimensions"": ""{\u0022height\u0022: \u00223.5\u0022, \u0022width\u0022: \u00222.5\u0022, \u0022unit\u0022: \u0022inch\u0022}""}",d25eb25b-dfa0-4ef0-ad1e-d9396730114e,0e059ed8-f70e-4926-994b-ec2871884a06,Summon Loghammer's Sapper,Summon Loghammer's Sapper,{},guardians_dagger-isle_summon-loghammer's-sapper
db3a33c0-c208-4d29-99d7-a857dc7e94b8,third-party-document,0,0,"{""obverse"": ""guardians_dagger-isle_supermodeloid"", ""reverse"": ""guardians_card-back""}","{""name_printed"": ""Supermodeloid"", ""rarity"": ""Common-2"", ""type"": ""Elemental"", ""item_dimensions"": ""{\u0022height\u0022: \u00223.5\u0022, \u0022width\u0022: \u00222.5\u0022, \u0022unit\u0022: \u0022inch\u0022}""}",d25eb25b-dfa0-4ef0-ad1e-d9396730114e,0e059ed8-f70e-4926-994b-ec2871884a06,Supermodeloid,Supermodeloid,{},guardians_dagger-isle_supermodeloid
c48860f9-7ef4-4eff-851a-dfb808c61223,third-party-document,0,0,"{""obverse"": ""guardians_dagger-isle_the-black-eye"", ""reverse"": ""guardians_card-back""}","{""name_printed"": ""The Black Eye"", ""rarity"": ""Rare-3"", ""type"": ""Magic Item - Creature"", ""item_dimensions"": ""{\u0022height\u0022: \u00223.5\u0022, \u0022width\u0022: \u00222.5\u0022, \u0022unit\u0022: \u0022inch\u0022}""}",d25eb25b-dfa0-4ef0-ad1e-d9396730114e,0e059ed8-f70e-4926-994b-ec2871884a06,The Black Eye,The Black Eye,{},guardians_dagger-isle_the-black-eye
2a0bdcb8-704a-4e70-8ade-6a2947a45075,third-party-document,0,0,"{""obverse"": ""guardians_dagger-isle_the-great-balderoon"", ""reverse"": ""guardians_card-back""}","{""name_printed"": ""The Great Balderoon"", ""rarity"": ""Common-1"", ""type"": ""Magic Item - Hand"", ""item_dimensions"": ""{\u0022height\u0022: \u00223.5\u0022, \u0022width\u0022: \u00222.5\u0022, \u0022unit\u0022: \u0022inch\u0022}""}",d25eb25b-dfa0-4ef0-ad1e-d9396730114e,0e059ed8-f70e-4926-994b-ec2871884a06,The Great Balderoon,The Great Balderoon,{},guardians_dagger-isle_the-great-balderoon
658fcadc-ef4d-4688-8fe4-016619180bf8,third-party-document,0,0,"{""obverse"": ""guardians_dagger-isle_the-hand-of-chronos"", ""reverse"": ""guardians_card-back""}","{""name_printed"": ""The Hand of Chronos"", ""rarity"": ""Rare-2"", ""type"": ""Spell"", ""item_dimensions"": ""{\u0022height\u0022: \u00223.5\u0022, \u0022width\u0022: \u00222.5\u0022, \u0022unit\u0022: \u0022inch\u0022}""}",d25eb25b-dfa0-4ef0-ad1e-d9396730114e,0e059ed8-f70e-4926-994b-ec2871884a06,The Hand of Chronos,The Hand of Chronos,{},guardians_dagger-isle_the-hand-of-chronos
4953408d-fd1c-49cf-9a2c-e3e0ff91cca0,third-party-document,0,0,"{""obverse"": ""guardians_dagger-isle_valley-troll"", ""reverse"": ""guardians_card-back""}","{""name_printed"": ""Valley Troll"", ""rarity"": ""Common-4"", ""type"": ""External"", ""item_dimensions"": ""{\u0022height\u0022: \u00223.5\u0022, \u0022width\u0022: \u00222.5\u0022, \u0022unit\u0022: \u0022inch\u0022}""}",d25eb25b-dfa0-4ef0-ad1e-d9396730114e,0e059ed8-f70e-4926-994b-ec2871884a06,Valley Troll,Valley Troll,{},guardians_dagger-isle_valley-troll
06d94743-0b5a-43f3-8483-6b6cb0a41125,third-party-document,0,0,"{""obverse"": ""guardians_dagger-isle_vensuni-inferno-swarm"", ""reverse"": ""guardians_card-back""}","{""name_printed"": ""Vensuni Inferno Swarm"", ""rarity"": ""Rare-1"", ""type"": ""Elemental"", ""item_dimensions"": ""{\u0022height\u0022: \u00223.5\u0022, \u0022width\u0022: \u00222.5\u0022, \u0022unit\u0022: \u0022inch\u0022}""}",d25eb25b-dfa0-4ef0-ad1e-d9396730114e,0e059ed8-f70e-4926-994b-ec2871884a06,Vensuni Inferno Swarm,Vensuni Inferno Swarm,{},guardians_dagger-isle_vensuni-inferno-swarm
025a30dc-011b-44f1-aec2-c8d9c3b37f5c,third-party-document,0,0,"{""obverse"": ""guardians_dagger-isle_voodoo-wizard"", ""reverse"": ""guardians_card-back""}","{""name_printed"": ""Voodoo Wizard"", ""rarity"": ""Common-4"", ""type"": ""Mortal"", ""item_dimensions"": ""{\u0022height\u0022: \u00223.5\u0022, \u0022width\u0022: \u00222.5\u0022, \u0022unit\u0022: \u0022inch\u0022}""}",d25eb25b-dfa0-4ef0-ad1e-d9396730114e,0e059ed8-f70e-4926-994b-ec2871884a06,Voodoo Wizard,Voodoo Wizard,{},guardians_dagger-isle_voodoo-wizard
7e4572ea-f024-49eb-b74d-1a4f4126e444,third-party-document,0,0,"{""obverse"": ""guardians_dagger-isle_war"", ""reverse"": ""guardians_card-back""}","{""name_printed"": ""War"", ""rarity"": ""Common-4"", ""type"": ""Spell"", ""item_dimensions"": ""{\u0022height\u0022: \u00223.5\u0022, \u0022width\u0022: \u00222.5\u0022, \u0022unit\u0022: \u0022inch\u0022}""}",d25eb25b-dfa0-4ef0-ad1e-d9396730114e,0e059ed8-f70e-4926-994b-ec2871884a06,War,War,{},guardians_dagger-isle_war
0ce5f611-ae95-4446-8aae-6126ef13a0b4,third-party-document,0,0,"{""obverse"": ""guardians_dagger-isle_warwick's-aura"", ""reverse"": ""guardians_card-back""}","{""name_printed"": ""Warwick's Aura"", ""rarity"": ""Common-2"", ""type"": ""Spell"", ""item_dimensions"": ""{\u0022height\u0022: \u00223.5\u0022, \u0022width\u0022: \u00222.5\u0022, \u0022unit\u0022: \u0022inch\u0022}""}",d25eb25b-dfa0-4ef0-ad1e-d9396730114e,0e059ed8-f70e-4926-994b-ec2871884a06,Warwick's Aura,Warwick's Aura,{},guardians_dagger-isle_warwick's-aura
8548bf72-c03a-4983-96e8-e7ef1a7be788,third-party-document,0,0,"{""obverse"": ""guardians_dagger-isle_weasly-guy"", ""reverse"": ""guardians_card-back""}","{""name_printed"": ""Weasly Guy"", ""rarity"": ""Common-3"", ""type"": ""Mortal"", ""item_dimensions"": ""{\u0022height\u0022: \u00223.5\u0022, \u0022width\u0022: \u00222.5\u0022, \u0022unit\u0022: \u0022inch\u0022}""}",d25eb25b-dfa0-4ef0-ad1e-d9396730114e,0e059ed8-f70e-4926-994b-ec2871884a06,Weasly Guy,Weasly Guy,{},guardians_dagger-isle_weasly-guy
7ca8a271-9a15-4179-a118-c69b833878ae,third-party-document,0,0,"{""obverse"": ""guardians_dagger-isle_work-crew"", ""reverse"": ""guardians_card-back""}","{""name_printed"": ""Work Crew"", ""rarity"": ""Rare-3"", ""type"": ""Spell"", ""item_dimensions"": ""{\u0022height\u0022: \u00223.5\u0022, \u0022width\u0022: \u00222.5\u0022, \u0022unit\u0022: \u0022inch\u0022}""}",d25eb25b-dfa0-4ef0-ad1e-d9396730114e,0e059ed8-f70e-4926-994b-ec2871884a06,Work Crew,Work Crew,{},guardians_dagger-isle_work-crew
c3592ba4-3212-4bf1-b66e-704a6ac3f536,third-party-document,0,0,"{""obverse"": ""guardians_dagger-isle_yap-attack"", ""reverse"": ""guardians_card-back""}","{""name_printed"": ""Yap Attack"", ""rarity"": ""Common-2"", ""type"": ""Spell"", ""item_dimensions"": ""{\u0022height\u0022: \u00223.5\u0022, \u0022width\u0022: \u00222.5\u0022, \u0022unit\u0022: \u0022inch\u0022}""}",d25eb25b-dfa0-4ef0-ad1e-d9396730114e,0e059ed8-f70e-4926-994b-ec2871884a06,Yap Attack,Yap Attack,{},guardians_dagger-isle_yap-attack
67b4c17a-7cae-4ec4-b292-a3d2c60a533f,third-party-document,0,0,"{""obverse"": ""guardians_drifter's-nexus_10-gallon-voodoo-hat"", ""reverse"": ""guardians_card-back""}","{""name_printed"": ""10 Gallon Voodoo Hat"", ""rarity"": ""U3"", ""type"": ""Item - Hand"", ""item_dimensions"": ""{\u0022height\u0022: \u00223.5\u0022, \u0022width\u0022: \u00222.5\u0022, \u0022unit\u0022: \u0022inch\u0022}""}",d25eb25b-dfa0-4ef0-ad1e-d9396730114e,a9770ade-1b98-4e46-8555-2d98446b0c1f,10 Gallon Voodoo Hat,10 Gallon Voodoo Hat,{},guardians_drifter's-nexus_10-gallon-voodoo-hat
cf6ac36b-795e-4b9f-b55d-11c777760f7f,third-party-document,0,0,"{""obverse"": ""guardians_drifter's-nexus_al'-jabah"", ""reverse"": ""guardians_card-back""}","{""name_printed"": ""Al' Jabah"", ""rarity"": ""U1"", ""type"": ""Mortal Creature"", ""item_dimensions"": ""{\u0022height\u0022: \u00223.5\u0022, \u0022width\u0022: \u00222.5\u0022, \u0022unit\u0022: \u0022inch\u0022}""}",d25eb25b-dfa0-4ef0-ad1e-d9396730114e,a9770ade-1b98-4e46-8555-2d98446b0c1f,Al' Jabah,Al' Jabah,{},guardians_drifter's-nexus_al'-jabah
fbd9d37c-3779-4c2c-b597-01da9db72645,third-party-document,0,0,"{""obverse"": ""guardians_drifter's-nexus_alarm-bells"", ""reverse"": ""guardians_card-back""}","{""name_printed"": ""Alarm Bells"", ""rarity"": ""U3"", ""type"": ""Stronghold Upgrade"", ""item_dimensions"": ""{\u0022height\u0022: \u00223.5\u0022, \u0022width\u0022: \u00222.5\u0022, \u0022unit\u0022: \u0022inch\u0022}""}",d25eb25b-dfa0-4ef0-ad1e-d9396730114e,a9770ade-1b98-4e46-8555-2d98446b0c1f,Alarm Bells,Alarm Bells,{},guardians_drifter's-nexus_alarm-bells
444b3669-de2d-4006-8a21-fe00dbecfbfc,third-party-document,0,0,"{""obverse"": ""guardians_drifter's-nexus_altar-of-takuli"", ""reverse"": ""guardians_card-back""}","{""name_printed"": ""Altar of Takuli"", ""rarity"": ""C4"", ""type"": ""Item - Creature"", ""item_dimensions"": ""{\u0022height\u0022: \u00223.5\u0022, \u0022width\u0022: \u00222.5\u0022, \u0022unit\u0022: \u0022inch\u0022}""}",d25eb25b-dfa0-4ef0-ad1e-d9396730114e,a9770ade-1b98-4e46-8555-2d98446b0c1f,Altar of Takuli,Altar of Takuli,{},guardians_drifter's-nexus_altar-of-takuli
72d35a9b-68fd-4bfb-94fd-379664bf2549,third-party-document,0,0,"{""obverse"": ""guardians_drifter's-nexus_angel-of-righteousness"", ""reverse"": ""guardians_card-back""}","{""name_printed"": ""Angel of Righteousness"", ""rarity"": ""C1"", ""type"": ""Elemental Creature"", ""item_dimensions"": ""{\u0022height\u0022: \u00223.5\u0022, \u0022width\u0022: \u00222.5\u0022, \u0022unit\u0022: \u0022inch\u0022}""}",d25eb25b-dfa0-4ef0-ad1e-d9396730114e,a9770ade-1b98-4e46-8555-2d98446b0c1f,Angel of Righteousness,Angel of Righteousness,{},guardians_drifter's-nexus_angel-of-righteousness
540e1c35-4e4a-40c3-b041-f114ba880dac,third-party-document,0,0,"{""obverse"": ""guardians_drifter's-nexus_annoying-gnats-in-the-hood"", ""reverse"": ""guardians_card-back""}","{""name_printed"": ""Annoying Gnats in the Hood"", ""rarity"": ""C4"", ""type"": ""Mortal Creature"", ""item_dimensions"": ""{\u0022height\u0022: \u00223.5\u0022, \u0022width\u0022: \u00222.5\u0022, \u0022unit\u0022: \u0022inch\u0022}""}",d25eb25b-dfa0-4ef0-ad1e-d9396730114e,a9770ade-1b98-4e46-8555-2d98446b0c1f,Annoying Gnats in the Hood,Annoying Gnats in the Hood,{},guardians_drifter's-nexus_annoying-gnats-in-the-hood
a2558b97-e0be-494e-9e31-80491ae3fe3d,third-party-document,0,0,"{""obverse"": ""guardians_drifter's-nexus_arnath,-lord-of-the-skies"", ""reverse"": ""guardians_card-back""}","{""name_printed"": ""Arnath, Lord of the Skies"", ""rarity"": ""U1"", ""type"": ""Mortal Creature"", ""item_dimensions"": ""{\u0022height\u0022: \u00223.5\u0022, \u0022width\u0022: \u00222.5\u0022, \u0022unit\u0022: \u0022inch\u0022}""}",d25eb25b-dfa0-4ef0-ad1e-d9396730114e,a9770ade-1b98-4e46-8555-2d98446b0c1f,"Arnath, Lord of the Skies","Arnath, Lord of the Skies",{},"guardians_drifter's-nexus_arnath,-lord-of-the-skies"
4e81f8dc-8cc4-4617-a137-c885bbd9de1c,third-party-document,0,0,"{""obverse"": ""guardians_drifter's-nexus_baezhu,-overlord-of-twisted-ways"", ""reverse"": ""guardians_card-back""}","{""name_printed"": ""Baezhu, Overlord of Twisted Ways"", ""rarity"": ""C4"", ""type"": ""Elemental Creature"", ""item_dimensions"": ""{\u0022height\u0022: \u00223.5\u0022, \u0022width\u0022: \u00222.5\u0022, \u0022unit\u0022: \u0022inch\u0022}""}",d25eb25b-dfa0-4ef0-ad1e-d9396730114e,a9770ade-1b98-4e46-8555-2d98446b0c1f,"Baezhu, Overlord of Twisted Ways","Baezhu, Overlord of Twisted Ways",{},"guardians_drifter's-nexus_baezhu,-overlord-of-twisted-ways"
242bfc23-b2d7-43fa-809a-28015539e01c,third-party-document,0,0,"{""obverse"": ""guardians_drifter's-nexus_bagpipes-of-fear"", ""reverse"": ""guardians_card-back""}","{""name_printed"": ""Bagpipes of Fear"", ""rarity"": ""U3"", ""type"": ""Item - Creature"", ""item_dimensions"": ""{\u0022height\u0022: \u00223.5\u0022, \u0022width\u0022: \u00222.5\u0022, \u0022unit\u0022: \u0022inch\u0022}""}",d25eb25b-dfa0-4ef0-ad1e-d9396730114e,a9770ade-1b98-4e46-8555-2d98446b0c1f,Bagpipes of Fear,Bagpipes of Fear,{},guardians_drifter's-nexus_bagpipes-of-fear
99bf8fc1-6299-4ba9-9890-ed68edc8f9a9,third-party-document,0,0,"{""obverse"": ""guardians_drifter's-nexus_barnacle-bazulee'"", ""reverse"": ""guardians_card-back""}","{""name_printed"": ""Barnacle Bazulee'"", ""rarity"": ""R4"", ""type"": ""External Creature"", ""item_dimensions"": ""{\u0022height\u0022: \u00223.5\u0022, \u0022width\u0022: \u00222.5\u0022, \u0022unit\u0022: \u0022inch\u0022}""}",d25eb25b-dfa0-4ef0-ad1e-d9396730114e,a9770ade-1b98-4e46-8555-2d98446b0c1f,Barnacle Bazulee',Barnacle Bazulee',{},guardians_drifter's-nexus_barnacle-bazulee'
814390e1-489f-438a-bda3-b8771e67a802,third-party-document,0,0,"{""obverse"": ""guardians_drifter's-nexus_black-locust"", ""reverse"": ""guardians_card-back""}","{""name_printed"": ""Black Locust"", ""rarity"": ""R1"", ""type"": ""Mortal Creature"", ""item_dimensions"": ""{\u0022height\u0022: \u00223.5\u0022, \u0022width\u0022: \u00222.5\u0022, \u0022unit\u0022: \u0022inch\u0022}""}",d25eb25b-dfa0-4ef0-ad1e-d9396730114e,a9770ade-1b98-4e46-8555-2d98446b0c1f,Black Locust,Black Locust,{},guardians_drifter's-nexus_black-locust
f8a69fb9-90db-4537-beeb-81c1c39c789c,third-party-document,0,0,"{""obverse"": ""guardians_drifter's-nexus_bob,-snapping-gob"", ""reverse"": ""guardians_card-back""}","{""name_printed"": ""Bob, Snapping Gob"", ""rarity"": ""R4"", ""type"": ""Elemental Creature"", ""item_dimensions"": ""{\u0022height\u0022: \u00223.5\u0022, \u0022width\u0022: \u00222.5\u0022, \u0022unit\u0022: \u0022inch\u0022}""}",d25eb25b-dfa0-4ef0-ad1e-d9396730114e,a9770ade-1b98-4e46-8555-2d98446b0c1f,"Bob, Snapping Gob","Bob, Snapping Gob",{},"guardians_drifter's-nexus_bob,-snapping-gob"
6ed3abf2-8eb7-4dd8-a340-467b11575ddc,third-party-document,0,0,"{""obverse"": ""guardians_drifter's-nexus_bruno-smashmouth,-union-boss"", ""reverse"": ""guardians_card-back""}","{""name_printed"": ""Bruno Smashmouth, Union Boss"", ""rarity"": ""C1"", ""type"": ""Mortal Creature"", ""item_dimensions"": ""{\u0022height\u0022: \u00223.5\u0022, \u0022width\u0022: \u00222.5\u0022, \u0022unit\u0022: \u0022inch\u0022}""}",d25eb25b-dfa0-4ef0-ad1e-d9396730114e,a9770ade-1b98-4e46-8555-2d98446b0c1f,"Bruno Smashmouth, Union Boss","Bruno Smashmouth, Union Boss",{},"guardians_drifter's-nexus_bruno-smashmouth,-union-boss"
0621450c-f8cf-47d1-88ad-28246ddcbb96,third-party-document,0,0,"{""obverse"": ""guardians_drifter's-nexus_buzz,-vampire-mosquito"", ""reverse"": ""guardians_card-back""}","{""name_printed"": ""Buzz, Vampire Mosquito"", ""rarity"": ""U3"", ""type"": ""Mortal Creature"", ""item_dimensions"": ""{\u0022height\u0022: \u00223.5\u0022, \u0022width\u0022: \u00222.5\u0022, \u0022unit\u0022: \u0022inch\u0022}""}",d25eb25b-dfa0-4ef0-ad1e-d9396730114e,a9770ade-1b98-4e46-8555-2d98446b0c1f,"Buzz, Vampire Mosquito","Buzz, Vampire Mosquito",{},"guardians_drifter's-nexus_buzz,-vampire-mosquito"
91169a90-e323-4877-a31e-f232626349e9,third-party-document,0,0,"{""obverse"": ""guardians_drifter's-nexus_caddy"", ""reverse"": ""guardians_card-back""}","{""name_printed"": ""Caddy"", ""rarity"": ""C1"", ""type"": ""Mortal Creature"", ""item_dimensions"": ""{\u0022height\u0022: \u00223.5\u0022, \u0022width\u0022: \u00222.5\u0022, \u0022unit\u0022: \u0022inch\u0022}""}",d25eb25b-dfa0-4ef0-ad1e-d9396730114e,a9770ade-1b98-4e46-8555-2d98446b0c1f,Caddy,Caddy,{},guardians_drifter's-nexus_caddy
0fcc0c60-d46a-4f5b-9f49-9724ff42ac91,third-party-document,0,0,"{""obverse"": ""guardians_drifter's-nexus_captain-south-america"", ""reverse"": ""guardians_card-back""}","{""name_printed"": ""Captain South America"", ""rarity"": ""R1"", ""type"": ""External Creature"", ""item_dimensions"": ""{\u0022height\u0022: \u00223.5\u0022, \u0022width\u0022: \u00222.5\u0022, \u0022unit\u0022: \u0022inch\u0022}""}",d25eb25b-dfa0-4ef0-ad1e-d9396730114e,a9770ade-1b98-4e46-8555-2d98446b0c1f,Captain South America,Captain South America,{},guardians_drifter's-nexus_captain-south-america
6d98e9c7-0015-4137-99e9-f2c7b93d8a38,third-party-document,0,0,"{""obverse"": ""guardians_drifter's-nexus_carrag-the-black"", ""reverse"": ""guardians_card-back""}","{""name_printed"": ""Carrag the Black"", ""rarity"": ""R2"", ""type"": ""Mortal Creature"", ""item_dimensions"": ""{\u0022height\u0022: \u00223.5\u0022, \u0022width\u0022: \u00222.5\u0022, \u0022unit\u0022: \u0022inch\u0022}""}",d25eb25b-dfa0-4ef0-ad1e-d9396730114e,a9770ade-1b98-4e46-8555-2d98446b0c1f,Carrag the Black,Carrag the Black,{},guardians_drifter's-nexus_carrag-the-black
4c17c820-dc7e-49d3-81a7-bf928bdba497,third-party-document,0,0,"{""obverse"": ""guardians_drifter's-nexus_chickenhead-mccracken"", ""reverse"": ""guardians_card-back""}","{""name_printed"": ""Chickenhead McCracken"", ""rarity"": ""U1"", ""type"": ""Mortal Creature"", ""item_dimensions"": ""{\u0022height\u0022: \u00223.5\u0022, \u0022width\u0022: \u00222.5\u0022, \u0022unit\u0022: \u0022inch\u0022}""}",d25eb25b-dfa0-4ef0-ad1e-d9396730114e,a9770ade-1b98-4e46-8555-2d98446b0c1f,Chickenhead McCracken,Chickenhead McCracken,{},guardians_drifter's-nexus_chickenhead-mccracken
efa29c98-383b-4105-bb8c-c3e74175c2e0,third-party-document,0,0,"{""obverse"": ""guardians_drifter's-nexus_clamjack-bomber"", ""reverse"": ""guardians_card-back""}","{""name_printed"": ""Clamjack Bomber"", ""rarity"": ""C3"", ""type"": ""Mortal Creature"", ""item_dimensions"": ""{\u0022height\u0022: \u00223.5\u0022, \u0022width\u0022: \u00222.5\u0022, \u0022unit\u0022: \u0022inch\u0022}""}",d25eb25b-dfa0-4ef0-ad1e-d9396730114e,a9770ade-1b98-4e46-8555-2d98446b0c1f,Clamjack Bomber,Clamjack Bomber,{},guardians_drifter's-nexus_clamjack-bomber
ad0e5d6b-60af-4a7d-be54-732b7e789b5c,third-party-document,0,0,"{""obverse"": ""guardians_drifter's-nexus_crackhatch,-at-large"", ""reverse"": ""guardians_card-back""}","{""name_printed"": ""Crackhatch, at Large"", ""rarity"": ""U1"", ""type"": ""Mortal Creature"", ""item_dimensions"": ""{\u0022height\u0022: \u00223.5\u0022, \u0022width\u0022: \u00222.5\u0022, \u0022unit\u0022: \u0022inch\u0022}""}",d25eb25b-dfa0-4ef0-ad1e-d9396730114e,a9770ade-1b98-4e46-8555-2d98446b0c1f,"Crackhatch, at Large","Crackhatch, at Large",{},"guardians_drifter's-nexus_crackhatch,-at-large"
cbaf73c9-c5c8-46b3-8785-dc9a0bfe366c,third-party-document,0,0,"{""obverse"": ""guardians_drifter's-nexus_cratur-hobbs"", ""reverse"": ""guardians_card-back""}","{""name_printed"": ""Cratur Hobbs"", ""rarity"": ""U2"", ""type"": ""External Creature"", ""item_dimensions"": ""{\u0022height\u0022: \u00223.5\u0022, \u0022width\u0022: \u00222.5\u0022, \u0022unit\u0022: \u0022inch\u0022}""}",d25eb25b-dfa0-4ef0-ad1e-d9396730114e,a9770ade-1b98-4e46-8555-2d98446b0c1f,Cratur Hobbs,Cratur Hobbs,{},guardians_drifter's-nexus_cratur-hobbs
43e4cc34-d22a-4a16-b200-74207b65fc6d,third-party-document,0,0,"{""obverse"": ""guardians_drifter's-nexus_dead-eye-mcgrue"", ""reverse"": ""guardians_card-back""}","{""name_printed"": ""Dead-eye McGrue"", ""rarity"": ""U3"", ""type"": ""Mortal Creature"", ""item_dimensions"": ""{\u0022height\u0022: \u00223.5\u0022, \u0022width\u0022: \u00222.5\u0022, \u0022unit\u0022: \u0022inch\u0022}""}",d25eb25b-dfa0-4ef0-ad1e-d9396730114e,a9770ade-1b98-4e46-8555-2d98446b0c1f,Dead-eye McGrue,Dead-eye McGrue,{},guardians_drifter's-nexus_dead-eye-mcgrue
adc6aa27-86da-4316-ac32-427dddb00c6e,third-party-document,0,0,"{""obverse"": ""guardians_drifter's-nexus_delilah-rangoon"", ""reverse"": ""guardians_card-back""}","{""name_printed"": ""Delilah Rangoon"", ""rarity"": ""C1"", ""type"": ""External Creature"", ""item_dimensions"": ""{\u0022height\u0022: \u00223.5\u0022, \u0022width\u0022: \u00222.5\u0022, \u0022unit\u0022: \u0022inch\u0022}""}",d25eb25b-dfa0-4ef0-ad1e-d9396730114e,a9770ade-1b98-4e46-8555-2d98446b0c1f,Delilah Rangoon,Delilah Rangoon,{},guardians_drifter's-nexus_delilah-rangoon
621d8c8f-f042-457d-8bdf-52f8462b04f2,third-party-document,0,0,"{""obverse"": ""guardians_drifter's-nexus_dem-bones-(also-terrain)"", ""reverse"": ""guardians_card-back""}","{""name_printed"": ""Dem Bones"", ""functional_disambiguator"": ""Also Terrain"", ""rarity"": ""U3"", ""type"": ""Shield/Terrain"", ""item_dimensions"": ""{\u0022height\u0022: \u00223.5\u0022, \u0022width\u0022: \u00222.5\u0022, \u0022unit\u0022: \u0022inch\u0022}""}",d25eb25b-dfa0-4ef0-ad1e-d9396730114e,a9770ade-1b98-4e46-8555-2d98446b0c1f,Dem Bones (Also Terrain),Dem Bones (Also Terrain),{},guardians_drifter's-nexus_dem-bones-(also-terrain)
dc7117b2-3b2b-4600-bf4a-beaa07e9f88d,third-party-document,0,0,"{""obverse"": ""guardians_drifter's-nexus_dem-bones-(not-terrain)"", ""reverse"": ""guardians_card-back""}","{""name_printed"": ""Dem Bones"", ""functional_disambiguator"": ""Not Terrain"", ""rarity"": ""C4"", ""type"": ""Shield"", ""item_dimensions"": ""{\u0022height\u0022: \u00223.5\u0022, \u0022width\u0022: \u00222.5\u0022, \u0022unit\u0022: \u0022inch\u0022}""}",d25eb25b-dfa0-4ef0-ad1e-d9396730114e,a9770ade-1b98-4e46-8555-2d98446b0c1f,Dem Bones (Not Terrain),Dem Bones (Not Terrain),{},guardians_drifter's-nexus_dem-bones-(not-terrain)
2e2b224a-cd72-4094-9afa-23e0a3650e6b,third-party-document,0,0,"{""obverse"": ""guardians_drifter's-nexus_dem-bones-standard-(15)"", ""reverse"": ""guardians_card-back""}","{""name_printed"": ""Dem Bones Standard (15)"", ""rarity"": ""U1"", ""type"": ""Shield-Standard Bearer"", ""item_dimensions"": ""{\u0022height\u0022: \u00223.5\u0022, \u0022width\u0022: \u00222.5\u0022, \u0022unit\u0022: \u0022inch\u0022}""}",d25eb25b-dfa0-4ef0-ad1e-d9396730114e,a9770ade-1b98-4e46-8555-2d98446b0c1f,Dem Bones Standard (15),Dem Bones Standard (15),{},guardians_drifter's-nexus_dem-bones-standard-(15)
fbfee290-d17f-4f3a-93cf-210bf86cb96f,third-party-document,0,0,"{""obverse"": ""guardians_drifter's-nexus_dem-bones-standard-(19)"", ""reverse"": ""guardians_card-back""}","{""name_printed"": ""Dem Bones Standard (19)"", ""rarity"": ""R2"", ""type"": ""Shield-Standard Bearer"", ""item_dimensions"": ""{\u0022height\u0022: \u00223.5\u0022, \u0022width\u0022: \u00222.5\u0022, \u0022unit\u0022: \u0022inch\u0022}""}",d25eb25b-dfa0-4ef0-ad1e-d9396730114e,a9770ade-1b98-4e46-8555-2d98446b0c1f,Dem Bones Standard (19),Dem Bones Standard (19),{},guardians_drifter's-nexus_dem-bones-standard-(19)
48afe593-f195-417b-8f38-44967aaae55a,third-party-document,0,0,"{""obverse"": ""guardians_drifter's-nexus_demorgan-the-inciter"", ""reverse"": ""guardians_card-back""}","{""name_printed"": ""Demorgan the Inciter"", ""rarity"": ""R2"", ""type"": ""Elemental Creature"", ""item_dimensions"": ""{\u0022height\u0022: \u00223.5\u0022, \u0022width\u0022: \u00222.5\u0022, \u0022unit\u0022: \u0022inch\u0022}""}",d25eb25b-dfa0-4ef0-ad1e-d9396730114e,a9770ade-1b98-4e46-8555-2d98446b0c1f,Demorgan the Inciter,Demorgan the Inciter,{},guardians_drifter's-nexus_demorgan-the-inciter
def264d1-f4f2-4474-85a7-874afa297aef,third-party-document,0,0,"{""obverse"": ""guardians_drifter's-nexus_disc-of-siin"", ""reverse"": ""guardians_card-back""}","{""name_printed"": ""Disc of Siin"", ""rarity"": ""C3"", ""type"": ""Item - Creature"", ""item_dimensions"": ""{\u0022height\u0022: \u00223.5\u0022, \u0022width\u0022: \u00222.5\u0022, \u0022unit\u0022: \u0022inch\u0022}""}",d25eb25b-dfa0-4ef0-ad1e-d9396730114e,a9770ade-1b98-4e46-8555-2d98446b0c1f,Disc of Siin,Disc of Siin,{},guardians_drifter's-nexus_disc-of-siin
c33b7670-9c40-4c24-b0dc-f9b1fe3a01f4,third-party-document,0,0,"{""obverse"": ""guardians_drifter's-nexus_disgruntled-postal-worker"", ""reverse"": ""guardians_card-back""}","{""name_printed"": ""Disgruntled Postal Worker"", ""rarity"": ""U2"", ""type"": ""External Creature"", ""item_dimensions"": ""{\u0022height\u0022: \u00223.5\u0022, \u0022width\u0022: \u00222.5\u0022, \u0022unit\u0022: \u0022inch\u0022}""}",d25eb25b-dfa0-4ef0-ad1e-d9396730114e,a9770ade-1b98-4e46-8555-2d98446b0c1f,Disgruntled Postal Worker,Disgruntled Postal Worker,{},guardians_drifter's-nexus_disgruntled-postal-worker
cfca9b03-977c-4503-a589-93e0c754bb64,third-party-document,0,0,"{""obverse"": ""guardians_drifter's-nexus_drifter's-nexus-stronghold-(c)"", ""reverse"": ""guardians_card-back""}","{""name_printed"": ""Drifter's Nexus Stronghold (c)"", ""rarity"": ""R3"", ""type"": ""Stronghold"", ""item_dimensions"": ""{\u0022height\u0022: \u00223.5\u0022, \u0022width\u0022: \u00222.5\u0022, \u0022unit\u0022: \u0022inch\u0022}""}",d25eb25b-dfa0-4ef0-ad1e-d9396730114e,a9770ade-1b98-4e46-8555-2d98446b0c1f,Drifter's Nexus Stronghold (c),Drifter's Nexus Stronghold (c),{},guardians_drifter's-nexus_drifter's-nexus-stronghold-(c)
1c084cdf-311d-459c-bdac-82a111070e5b,third-party-document,0,0,"{""obverse"": ""guardians_drifter's-nexus_drifter's-nexus-stronghold-(l)"", ""reverse"": ""guardians_card-back""}","{""name_printed"": ""Drifter's Nexus Stronghold (l)"", ""rarity"": ""R3"", ""type"": ""Stronghold"", ""item_dimensions"": ""{\u0022height\u0022: \u00223.5\u0022, \u0022width\u0022: \u00222.5\u0022, \u0022unit\u0022: \u0022inch\u0022}""}",d25eb25b-dfa0-4ef0-ad1e-d9396730114e,a9770ade-1b98-4e46-8555-2d98446b0c1f,Drifter's Nexus Stronghold (l),Drifter's Nexus Stronghold (l),{},guardians_drifter's-nexus_drifter's-nexus-stronghold-(l)
3382116f-8464-4f0e-a79a-8716357ac66d,third-party-document,0,0,"{""obverse"": ""guardians_drifter's-nexus_drifter's-nexus-stronghold-(r)"", ""reverse"": ""guardians_card-back""}","{""name_printed"": ""Drifter's Nexus Stronghold (r)"", ""rarity"": ""R3"", ""type"": ""Stronghold"", ""item_dimensions"": ""{\u0022height\u0022: \u00223.5\u0022, \u0022width\u0022: \u00222.5\u0022, \u0022unit\u0022: \u0022inch\u0022}""}",d25eb25b-dfa0-4ef0-ad1e-d9396730114e,a9770ade-1b98-4e46-8555-2d98446b0c1f,Drifter's Nexus Stronghold (r),Drifter's Nexus Stronghold (r),{},guardians_drifter's-nexus_drifter's-nexus-stronghold-(r)
09481298-a494-4fcb-8904-b2bdce674df3,third-party-document,0,0,"{""obverse"": ""guardians_drifter's-nexus_eats,-cockroach-king"", ""reverse"": ""guardians_card-back""}","{""name_printed"": ""Eats, Cockroach King"", ""rarity"": ""U2"", ""type"": ""Mortal Creature"", ""item_dimensions"": ""{\u0022height\u0022: \u00223.5\u0022, \u0022width\u0022: \u00222.5\u0022, \u0022unit\u0022: \u0022inch\u0022}""}",d25eb25b-dfa0-4ef0-ad1e-d9396730114e,a9770ade-1b98-4e46-8555-2d98446b0c1f,"Eats, Cockroach King","Eats, Cockroach King",{},"guardians_drifter's-nexus_eats,-cockroach-king"
ec429cfc-c430-4f10-a2d0-08ad60699f8b,third-party-document,0,0,"{""obverse"": ""guardians_drifter's-nexus_etherwave-magna-lock"", ""reverse"": ""guardians_card-back""}","{""name_printed"": ""Etherwave Magna Lock"", ""rarity"": ""U1"", ""type"": ""Spell"", ""item_dimensions"": ""{\u0022height\u0022: \u00223.5\u0022, \u0022width\u0022: \u00222.5\u0022, \u0022unit\u0022: \u0022inch\u0022}""}",d25eb25b-dfa0-4ef0-ad1e-d9396730114e,a9770ade-1b98-4e46-8555-2d98446b0c1f,Etherwave Magna Lock,Etherwave Magna Lock,{},guardians_drifter's-nexus_etherwave-magna-lock
493136eb-a323-4921-8afb-fa114d1a90e1,third-party-document,0,0,"{""obverse"": ""guardians_drifter's-nexus_garuda-kahn,-first-disciple"", ""reverse"": ""guardians_card-back""}","{""name_printed"": ""Garuda Kahn, First Disciple"", ""rarity"": ""R4"", ""type"": ""Elemental Creature"", ""item_dimensions"": ""{\u0022height\u0022: \u00223.5\u0022, \u0022width\u0022: \u00222.5\u0022, \u0022unit\u0022: \u0022inch\u0022}""}",d25eb25b-dfa0-4ef0-ad1e-d9396730114e,a9770ade-1b98-4e46-8555-2d98446b0c1f,"Garuda Kahn, First Disciple","Garuda Kahn, First Disciple",{},"guardians_drifter's-nexus_garuda-kahn,-first-disciple"
6d007baa-300c-4bb2-a6ee-551c26ecea66,third-party-document,0,0,"{""obverse"": ""guardians_drifter's-nexus_gateway-to-mystfall"", ""reverse"": ""guardians_card-back""}","{""name_printed"": ""Gateway To Mystfall"", ""rarity"": ""R1"", ""type"": ""Spell"", ""item_dimensions"": ""{\u0022height\u0022: \u00223.5\u0022, \u0022width\u0022: \u00222.5\u0022, \u0022unit\u0022: \u0022inch\u0022}""}",d25eb25b-dfa0-4ef0-ad1e-d9396730114e,a9770ade-1b98-4e46-8555-2d98446b0c1f,Gateway To Mystfall,Gateway To Mystfall,{},guardians_drifter's-nexus_gateway-to-mystfall
1d3ede30-202e-4ce8-9731-3bebc88c1417,third-party-document,0,0,"{""obverse"": ""guardians_drifter's-nexus_giant-babe"", ""reverse"": ""guardians_card-back""}","{""name_printed"": ""Giant Babe"", ""rarity"": ""C1"", ""type"": ""Mortal Creature"", ""item_dimensions"": ""{\u0022height\u0022: \u00223.5\u0022, \u0022width\u0022: \u00222.5\u0022, \u0022unit\u0022: \u0022inch\u0022}""}",d25eb25b-dfa0-4ef0-ad1e-d9396730114e,a9770ade-1b98-4e46-8555-2d98446b0c1f,Giant Babe,Giant Babe,{},guardians_drifter's-nexus_giant-babe
8f68f542-9edb-41ca-971a-0edbb342416d,third-party-document,0,0,"{""obverse"": ""guardians_drifter's-nexus_giant-shaman"", ""reverse"": ""guardians_card-back""}","{""name_printed"": ""Giant Shaman"", ""rarity"": ""R3"", ""type"": ""Mortal Creature"", ""item_dimensions"": ""{\u0022height\u0022: \u00223.5\u0022, \u0022width\u0022: \u00222.5\u0022, \u0022unit\u0022: \u0022inch\u0022}""}",d25eb25b-dfa0-4ef0-ad1e-d9396730114e,a9770ade-1b98-4e46-8555-2d98446b0c1f,Giant Shaman,Giant Shaman,{},guardians_drifter's-nexus_giant-shaman
9c049e4b-73b2-44a7-9ae1-220b97e511b2,third-party-document,0,0,"{""obverse"": ""guardians_drifter's-nexus_gnorg,-overlord-of-swamps"", ""reverse"": ""guardians_card-back""}","{""name_printed"": ""Gnorg, Overlord of Swamps"", ""rarity"": ""U2"", ""type"": ""Elemental Creature"", ""item_dimensions"": ""{\u0022height\u0022: \u00223.5\u0022, \u0022width\u0022: \u00222.5\u0022, \u0022unit\u0022: \u0022inch\u0022}""}",d25eb25b-dfa0-4ef0-ad1e-d9396730114e,a9770ade-1b98-4e46-8555-2d98446b0c1f,"Gnorg, Overlord of Swamps","Gnorg, Overlord of Swamps",{},"guardians_drifter's-nexus_gnorg,-overlord-of-swamps"
da102b7a-3d3b-47d7-87d2-9dbee2611060,third-party-document,0,0,"{""obverse"": ""guardians_drifter's-nexus_goat"", ""reverse"": ""guardians_card-back""}","{""name_printed"": ""Goat"", ""rarity"": ""U3"", ""type"": ""Mortal Creature"", ""item_dimensions"": ""{\u0022height\u0022: \u00223.5\u0022, \u0022width\u0022: \u00222.5\u0022, \u0022unit\u0022: \u0022inch\u0022}""}",d25eb25b-dfa0-4ef0-ad1e-d9396730114e,a9770ade-1b98-4e46-8555-2d98446b0c1f,Goat,Goat,{},guardians_drifter's-nexus_goat
899258c2-4293-46c4-98b9-e469e47fc933,third-party-document,0,0,"{""obverse"": ""guardians_drifter's-nexus_golden-fleecer"", ""reverse"": ""guardians_card-back""}","{""name_printed"": ""Golden Fleecer"", ""rarity"": ""U3"", ""type"": ""Mortal Creature"", ""item_dimensions"": ""{\u0022height\u0022: \u00223.5\u0022, \u0022width\u0022: \u00222.5\u0022, \u0022unit\u0022: \u0022inch\u0022}""}",d25eb25b-dfa0-4ef0-ad1e-d9396730114e,a9770ade-1b98-4e46-8555-2d98446b0c1f,Golden Fleecer,Golden Fleecer,{},guardians_drifter's-nexus_golden-fleecer
8b7c9c1e-dfd9-4353-ae2e-f98e2c4f6756,third-party-document,0,0,"{""obverse"": ""guardians_drifter's-nexus_golfer"", ""reverse"": ""guardians_card-back""}","{""name_printed"": ""Golfer"", ""rarity"": ""U2"", ""type"": ""Mortal Creature"", ""item_dimensions"": ""{\u0022height\u0022: \u00223.5\u0022, \u0022width\u0022: \u00222.5\u0022, \u0022unit\u0022: \u0022inch\u0022}""}",d25eb25b-dfa0-4ef0-ad1e-d9396730114e,a9770ade-1b98-4e46-8555-2d98446b0c1f,Golfer,Golfer,{},guardians_drifter's-nexus_golfer
fe402bb8-251f-42f4-8025-457b0a77825b,third-party-document,0,0,"{""obverse"": ""guardians_drifter's-nexus_gopher"", ""reverse"": ""guardians_card-back""}","{""name_printed"": ""Gopher"", ""rarity"": ""U4"", ""type"": ""Mortal Creature"", ""item_dimensions"": ""{\u0022height\u0022: \u00223.5\u0022, \u0022width\u0022: \u00222.5\u0022, \u0022unit\u0022: \u0022inch\u0022}""}",d25eb25b-dfa0-4ef0-ad1e-d9396730114e,a9770ade-1b98-4e46-8555-2d98446b0c1f,Gopher,Gopher,{},guardians_drifter's-nexus_gopher
598abe40-3a56-4884-8da9-46c0b7974403,third-party-document,0,0,"{""obverse"": ""guardians_drifter's-nexus_grunwald-the-usurper"", ""reverse"": ""guardians_card-back""}","{""name_printed"": ""Grunwald The Usurper"", ""rarity"": ""R4"", ""type"": ""Spell"", ""item_dimensions"": ""{\u0022height\u0022: \u00223.5\u0022, \u0022width\u0022: \u00222.5\u0022, \u0022unit\u0022: \u0022inch\u0022}""}",d25eb25b-dfa0-4ef0-ad1e-d9396730114e,a9770ade-1b98-4e46-8555-2d98446b0c1f,Grunwald The Usurper,Grunwald The Usurper,{},guardians_drifter's-nexus_grunwald-the-usurper
e41ad03e-c306-4f98-a9b3-78863a52267f,third-party-document,0,0,"{""obverse"": ""guardians_drifter's-nexus_handles-o'rourke"", ""reverse"": ""guardians_card-back""}","{""name_printed"": ""Handles O'Rourke"", ""rarity"": ""R1"", ""type"": ""External Creature"", ""item_dimensions"": ""{\u0022height\u0022: \u00223.5\u0022, \u0022width\u0022: \u00222.5\u0022, \u0022unit\u0022: \u0022inch\u0022}""}",d25eb25b-dfa0-4ef0-ad1e-d9396730114e,a9770ade-1b98-4e46-8555-2d98446b0c1f,Handles O'Rourke,Handles O'Rourke,{},guardians_drifter's-nexus_handles-o'rourke
1488b94f-ced5-4ec6-b83d-c47b1b243aba,third-party-document,0,0,"{""obverse"": ""guardians_drifter's-nexus_head-of-gudea"", ""reverse"": ""guardians_card-back""}","{""name_printed"": ""Head of Gudea"", ""rarity"": ""R4"", ""type"": ""Item - Hand"", ""item_dimensions"": ""{\u0022height\u0022: \u00223.5\u0022, \u0022width\u0022: \u00222.5\u0022, \u0022unit\u0022: \u0022inch\u0022}""}",d25eb25b-dfa0-4ef0-ad1e-d9396730114e,a9770ade-1b98-4e46-8555-2d98446b0c1f,Head of Gudea,Head of Gudea,{},guardians_drifter's-nexus_head-of-gudea
e0ec265c-5d25-40cb-b19a-358ea2217e6a,third-party-document,0,0,"{""obverse"": ""guardians_drifter's-nexus_hostage-crisis"", ""reverse"": ""guardians_card-back""}","{""name_printed"": ""Hostage Crisis"", ""rarity"": ""U2"", ""type"": ""Spell"", ""item_dimensions"": ""{\u0022height\u0022: \u00223.5\u0022, \u0022width\u0022: \u00222.5\u0022, \u0022unit\u0022: \u0022inch\u0022}""}",d25eb25b-dfa0-4ef0-ad1e-d9396730114e,a9770ade-1b98-4e46-8555-2d98446b0c1f,Hostage Crisis,Hostage Crisis,{},guardians_drifter's-nexus_hostage-crisis
310df336-0a4c-474e-a6f5-ef5a7333a904,third-party-document,0,0,"{""obverse"": ""guardians_drifter's-nexus_icky-bugs"", ""reverse"": ""guardians_card-back""}","{""name_printed"": ""Icky Bugs"", ""rarity"": ""C3"", ""type"": ""Mortal Creature"", ""item_dimensions"": ""{\u0022height\u0022: \u00223.5\u0022, \u0022width\u0022: \u00222.5\u0022, \u0022unit\u0022: \u0022inch\u0022}""}",d25eb25b-dfa0-4ef0-ad1e-d9396730114e,a9770ade-1b98-4e46-8555-2d98446b0c1f,Icky Bugs,Icky Bugs,{},guardians_drifter's-nexus_icky-bugs
3667f715-35e6-4ad0-8cfb-43cf2159efc8,third-party-document,0,0,"{""obverse"": ""guardians_drifter's-nexus_initiate-of-entropy"", ""reverse"": ""guardians_card-back""}","{""name_printed"": ""Initiate of Entropy"", ""rarity"": ""U4"", ""type"": ""Elemental Creature"", ""item_dimensions"": ""{\u0022height\u0022: \u00223.5\u0022, \u0022width\u0022: \u00222.5\u0022, \u0022unit\u0022: \u0022inch\u0022}""}",d25eb25b-dfa0-4ef0-ad1e-d9396730114e,a9770ade-1b98-4e46-8555-2d98446b0c1f,Initiate of Entropy,Initiate of Entropy,{},guardians_drifter's-nexus_initiate-of-entropy
03bcb7d5-2628-4533-ba2c-2a52f0655d3f,third-party-document,0,0,"{""obverse"": ""guardians_drifter's-nexus_iron-crag-brew-mountain"", ""reverse"": ""guardians_card-back""}","{""name_printed"": ""Iron Crag Brew Mountain"", ""rarity"": ""C2"", ""type"": ""Location Terrain"", ""item_dimensions"": ""{\u0022height\u0022: \u00223.5\u0022, \u0022width\u0022: \u00222.5\u0022, \u0022unit\u0022: \u0022inch\u0022}""}",d25eb25b-dfa0-4ef0-ad1e-d9396730114e,a9770ade-1b98-4e46-8555-2d98446b0c1f,Iron Crag Brew Mountain,Iron Crag Brew Mountain,{},guardians_drifter's-nexus_iron-crag-brew-mountain
b8ddd639-9f6e-4397-b6e4-2f9039778092,third-party-document,0,0,"{""obverse"": ""guardians_drifter's-nexus_ix,-overlord-of-the-waters"", ""reverse"": ""guardians_card-back""}","{""name_printed"": ""Ix, Overlord of the Waters"", ""rarity"": ""C3"", ""type"": ""Elemental Creature"", ""item_dimensions"": ""{\u0022height\u0022: \u00223.5\u0022, \u0022width\u0022: \u00222.5\u0022, \u0022unit\u0022: \u0022inch\u0022}""}",d25eb25b-dfa0-4ef0-ad1e-d9396730114e,a9770ade-1b98-4e46-8555-2d98446b0c1f,"Ix, Overlord of the Waters","Ix, Overlord of the Waters",{},"guardians_drifter's-nexus_ix,-overlord-of-the-waters"
bbf28655-105b-4ea5-8d74-3ce005930267,third-party-document,0,0,"{""obverse"": ""guardians_drifter's-nexus_jalupee-lobo"", ""reverse"": ""guardians_card-back""}","{""name_printed"": ""Jalupee Lobo"", ""rarity"": ""U4"", ""type"": ""Mortal Creature"", ""item_dimensions"": ""{\u0022height\u0022: \u00223.5\u0022, \u0022width\u0022: \u00222.5\u0022, \u0022unit\u0022: \u0022inch\u0022}""}",d25eb25b-dfa0-4ef0-ad1e-d9396730114e,a9770ade-1b98-4e46-8555-2d98446b0c1f,Jalupee Lobo,Jalupee Lobo,{},guardians_drifter's-nexus_jalupee-lobo
5f5f0a3d-2388-4d70-8276-00ec7749a86e,third-party-document,0,0,"{""obverse"": ""guardians_drifter's-nexus_karnis-the-transender"", ""reverse"": ""guardians_card-back""}","{""name_printed"": ""Karnis the Transender"", ""rarity"": ""U2"", ""type"": ""External Creature"", ""item_dimensions"": ""{\u0022height\u0022: \u00223.5\u0022, \u0022width\u0022: \u00222.5\u0022, \u0022unit\u0022: \u0022inch\u0022}""}",d25eb25b-dfa0-4ef0-ad1e-d9396730114e,a9770ade-1b98-4e46-8555-2d98446b0c1f,Karnis the Transender,Karnis the Transender,{},guardians_drifter's-nexus_karnis-the-transender
aa05e67e-d070-4098-9368-e4a9120b0418,third-party-document,0,0,"{""obverse"": ""guardians_drifter's-nexus_little-voodoo-hat"", ""reverse"": ""guardians_card-back""}","{""name_printed"": ""Little Voodoo Hat"", ""rarity"": ""R1"", ""type"": ""Item - Hand"", ""item_dimensions"": ""{\u0022height\u0022: \u00223.5\u0022, \u0022width\u0022: \u00222.5\u0022, \u0022unit\u0022: \u0022inch\u0022}""}",d25eb25b-dfa0-4ef0-ad1e-d9396730114e,a9770ade-1b98-4e46-8555-2d98446b0c1f,Little Voodoo Hat,Little Voodoo Hat,{},guardians_drifter's-nexus_little-voodoo-hat
c3fff1bd-004e-4fea-9c7d-8e4e8796153a,third-party-document,0,0,"{""obverse"": ""guardians_drifter's-nexus_lizards-of-the-toast"", ""reverse"": ""guardians_card-back""}","{""name_printed"": ""Lizards of the Toast"", ""rarity"": ""R3"", ""type"": ""Mortal Creature"", ""item_dimensions"": ""{\u0022height\u0022: \u00223.5\u0022, \u0022width\u0022: \u00222.5\u0022, \u0022unit\u0022: \u0022inch\u0022}""}",d25eb25b-dfa0-4ef0-ad1e-d9396730114e,a9770ade-1b98-4e46-8555-2d98446b0c1f,Lizards of the Toast,Lizards of the Toast,{},guardians_drifter's-nexus_lizards-of-the-toast
04477cd9-20f5-4321-851e-d522af0435cc,third-party-document,0,0,"{""obverse"": ""guardians_drifter's-nexus_longshot-louie"", ""reverse"": ""guardians_card-back""}","{""name_printed"": ""Longshot Louie"", ""rarity"": ""U3"", ""type"": ""External Creature"", ""item_dimensions"": ""{\u0022height\u0022: \u00223.5\u0022, \u0022width\u0022: \u00222.5\u0022, \u0022unit\u0022: \u0022inch\u0022}""}",d25eb25b-dfa0-4ef0-ad1e-d9396730114e,a9770ade-1b98-4e46-8555-2d98446b0c1f,Longshot Louie,Longshot Louie,{},guardians_drifter's-nexus_longshot-louie
0d8397a7-2740-403f-b4c1-7cd6bd97708d,third-party-document,0,0,"{""obverse"": ""guardians_drifter's-nexus_maitz-motel"", ""reverse"": ""guardians_card-back""}","{""name_printed"": ""Maitz Motel"", ""rarity"": ""C2"", ""type"": ""Location Terrain"", ""item_dimensions"": ""{\u0022height\u0022: \u00223.5\u0022, \u0022width\u0022: \u00222.5\u0022, \u0022unit\u0022: \u0022inch\u0022}""}",d25eb25b-dfa0-4ef0-ad1e-d9396730114e,a9770ade-1b98-4e46-8555-2d98446b0c1f,Maitz Motel,Maitz Motel,{},guardians_drifter's-nexus_maitz-motel
af69ef93-dcd2-4f97-9d69-35323d254eac,third-party-document,0,0,"{""obverse"": ""guardians_drifter's-nexus_master-tactician"", ""reverse"": ""guardians_card-back""}","{""name_printed"": ""Master Tactician"", ""rarity"": ""C1"", ""type"": ""Spell"", ""item_dimensions"": ""{\u0022height\u0022: \u00223.5\u0022, \u0022width\u0022: \u00222.5\u0022, \u0022unit\u0022: \u0022inch\u0022}""}",d25eb25b-dfa0-4ef0-ad1e-d9396730114e,a9770ade-1b98-4e46-8555-2d98446b0c1f,Master Tactician,Master Tactician,{},guardians_drifter's-nexus_master-tactician
6fa011de-2bd6-4b4e-88d7-9d94b03ff1af,third-party-document,0,0,"{""obverse"": ""guardians_drifter's-nexus_medallion-of-skyphos"", ""reverse"": ""guardians_card-back""}","{""name_printed"": ""Medallion of Skyphos"", ""rarity"": ""U2"", ""type"": ""Item - Creature"", ""item_dimensions"": ""{\u0022height\u0022: \u00223.5\u0022, \u0022width\u0022: \u00222.5\u0022, \u0022unit\u0022: \u0022inch\u0022}""}",d25eb25b-dfa0-4ef0-ad1e-d9396730114e,a9770ade-1b98-4e46-8555-2d98446b0c1f,Medallion of Skyphos,Medallion of Skyphos,{},guardians_drifter's-nexus_medallion-of-skyphos
ecddda5a-bfed-4c33-ad68-9a8bd44f80fe,third-party-document,0,0,"{""obverse"": ""guardians_drifter's-nexus_medicine-man"", ""reverse"": ""guardians_card-back""}","{""name_printed"": ""Medicine Man"", ""rarity"": ""C3"", ""type"": ""Elemental Creature"", ""item_dimensions"": ""{\u0022height\u0022: \u00223.5\u0022, \u0022width\u0022: \u00222.5\u0022, \u0022unit\u0022: \u0022inch\u0022}""}",d25eb25b-dfa0-4ef0-ad1e-d9396730114e,a9770ade-1b98-4e46-8555-2d98446b0c1f,Medicine Man,Medicine Man,{},guardians_drifter's-nexus_medicine-man
98143f0c-4ebf-4d38-8469-ad8e11a57dce,third-party-document,0,0,"{""obverse"": ""guardians_drifter's-nexus_mendu-sada,-the-havoc"", ""reverse"": ""guardians_card-back""}","{""name_printed"": ""Mendu Sada, the Havoc"", ""rarity"": ""R4"", ""type"": ""Elemental Creature"", ""item_dimensions"": ""{\u0022height\u0022: \u00223.5\u0022, \u0022width\u0022: \u00222.5\u0022, \u0022unit\u0022: \u0022inch\u0022}""}",d25eb25b-dfa0-4ef0-ad1e-d9396730114e,a9770ade-1b98-4e46-8555-2d98446b0c1f,"Mendu Sada, the Havoc","Mendu Sada, the Havoc",{},"guardians_drifter's-nexus_mendu-sada,-the-havoc"
c40258f4-f195-4c84-82f4-d6eb66199a88,third-party-document,0,0,"{""obverse"": ""guardians_drifter's-nexus_mighty-tiki-god"", ""reverse"": ""guardians_card-back""}","{""name_printed"": ""Mighty Tiki God"", ""rarity"": ""U4"", ""type"": ""Item - Creature"", ""item_dimensions"": ""{\u0022height\u0022: \u00223.5\u0022, \u0022width\u0022: \u00222.5\u0022, \u0022unit\u0022: \u0022inch\u0022}""}",d25eb25b-dfa0-4ef0-ad1e-d9396730114e,a9770ade-1b98-4e46-8555-2d98446b0c1f,Mighty Tiki God,Mighty Tiki God,{},guardians_drifter's-nexus_mighty-tiki-god
2779cf1c-a3ee-4c4c-a3d2-b3f5afe6519e,third-party-document,0,0,"{""obverse"": ""guardians_drifter's-nexus_ministry-of-tax-collection"", ""reverse"": ""guardians_card-back""}","{""name_printed"": ""Ministry of Tax Collection"", ""rarity"": ""R1"", ""type"": ""Stronghold Downgrade"", ""item_dimensions"": ""{\u0022height\u0022: \u00223.5\u0022, \u0022width\u0022: \u00222.5\u0022, \u0022unit\u0022: \u0022inch\u0022}""}",d25eb25b-dfa0-4ef0-ad1e-d9396730114e,a9770ade-1b98-4e46-8555-2d98446b0c1f,Ministry of Tax Collection,Ministry of Tax Collection,{},guardians_drifter's-nexus_ministry-of-tax-collection
d217b70b-49c5-477a-b24f-d77dcabac192,third-party-document,0,0,"{""obverse"": ""guardians_drifter's-nexus_mu-kir'-agavati,-second-disciple"", ""reverse"": ""guardians_card-back""}","{""name_printed"": ""Mu Kir' Agavati, Second Disciple"", ""rarity"": ""U3"", ""type"": ""Elemental Creature"", ""item_dimensions"": ""{\u0022height\u0022: \u00223.5\u0022, \u0022width\u0022: \u00222.5\u0022, \u0022unit\u0022: \u0022inch\u0022}""}",d25eb25b-dfa0-4ef0-ad1e-d9396730114e,a9770ade-1b98-4e46-8555-2d98446b0c1f,"Mu Kir' Agavati, Second Disciple","Mu Kir' Agavati, Second Disciple",{},"guardians_drifter's-nexus_mu-kir'-agavati,-second-disciple"
b76ef543-c095-4804-af2d-b93d8277742b,third-party-document,0,0,"{""obverse"": ""guardians_drifter's-nexus_nob,-rapicious-gob"", ""reverse"": ""guardians_card-back""}","{""name_printed"": ""Nob, Rapicious Gob"", ""rarity"": ""R4"", ""type"": ""Elemental Creature"", ""item_dimensions"": ""{\u0022height\u0022: \u00223.5\u0022, \u0022width\u0022: \u00222.5\u0022, \u0022unit\u0022: \u0022inch\u0022}""}",d25eb25b-dfa0-4ef0-ad1e-d9396730114e,a9770ade-1b98-4e46-8555-2d98446b0c1f,"Nob, Rapicious Gob","Nob, Rapicious Gob",{},"guardians_drifter's-nexus_nob,-rapicious-gob"
9f4f44db-868b-41e3-8b0d-caf0fa33fb44,third-party-document,0,0,"{""obverse"": ""guardians_drifter's-nexus_orella-of-the-mist"", ""reverse"": ""guardians_card-back""}","{""name_printed"": ""Orella of the Mist"", ""rarity"": ""R2"", ""type"": ""Elemental Creature"", ""item_dimensions"": ""{\u0022height\u0022: \u00223.5\u0022, \u0022width\u0022: \u00222.5\u0022, \u0022unit\u0022: \u0022inch\u0022}""}",d25eb25b-dfa0-4ef0-ad1e-d9396730114e,a9770ade-1b98-4e46-8555-2d98446b0c1f,Orella of the Mist,Orella of the Mist,{},guardians_drifter's-nexus_orella-of-the-mist
737bc7ee-d772-40b7-a9df-8ce944ca6d0c,third-party-document,0,0,"{""obverse"": ""guardians_drifter's-nexus_oscar-the-wonder-chimp"", ""reverse"": ""guardians_card-back""}","{""name_printed"": ""Oscar the Wonder Chimp"", ""rarity"": ""R1"", ""type"": ""Item - Hand"", ""item_dimensions"": ""{\u0022height\u0022: \u00223.5\u0022, \u0022width\u0022: \u00222.5\u0022, \u0022unit\u0022: \u0022inch\u0022}""}",d25eb25b-dfa0-4ef0-ad1e-d9396730114e,a9770ade-1b98-4e46-8555-2d98446b0c1f,Oscar the Wonder Chimp,Oscar the Wonder Chimp,{},guardians_drifter's-nexus_oscar-the-wonder-chimp
10f44c9a-7d42-44fa-8e2d-22b0f3fb20a0,third-party-document,0,0,"{""obverse"": ""guardians_drifter's-nexus_phil,-bar-fly"", ""reverse"": ""guardians_card-back""}","{""name_printed"": ""Phil, Bar Fly"", ""rarity"": ""C2"", ""type"": ""Mortal Creature"", ""item_dimensions"": ""{\u0022height\u0022: \u00223.5\u0022, \u0022width\u0022: \u00222.5\u0022, \u0022unit\u0022: \u0022inch\u0022}""}",d25eb25b-dfa0-4ef0-ad1e-d9396730114e,a9770ade-1b98-4e46-8555-2d98446b0c1f,"Phil, Bar Fly","Phil, Bar Fly",{},"guardians_drifter's-nexus_phil,-bar-fly"
bd7816a4-c731-4f20-8232-606144d46898,third-party-document,0,0,"{""obverse"": ""guardians_drifter's-nexus_planes-of-entropy"", ""reverse"": ""guardians_card-back""}","{""name_printed"": ""Planes of Entropy"", ""rarity"": ""C1"", ""type"": ""Spell"", ""item_dimensions"": ""{\u0022height\u0022: \u00223.5\u0022, \u0022width\u0022: \u00222.5\u0022, \u0022unit\u0022: \u0022inch\u0022}""}",d25eb25b-dfa0-4ef0-ad1e-d9396730114e,a9770ade-1b98-4e46-8555-2d98446b0c1f,Planes of Entropy,Planes of Entropy,{},guardians_drifter's-nexus_planes-of-entropy
2879f713-369c-4361-b1a6-618ecb753a55,third-party-document,0,0,"{""obverse"": ""guardians_drifter's-nexus_press-leak"", ""reverse"": ""guardians_card-back""}","{""name_printed"": ""Press Leak"", ""rarity"": ""U4"", ""type"": ""Spell"", ""item_dimensions"": ""{\u0022height\u0022: \u00223.5\u0022, \u0022width\u0022: \u00222.5\u0022, \u0022unit\u0022: \u0022inch\u0022}""}",d25eb25b-dfa0-4ef0-ad1e-d9396730114e,a9770ade-1b98-4e46-8555-2d98446b0c1f,Press Leak,Press Leak,{},guardians_drifter's-nexus_press-leak
8ddd6bdd-cbba-4930-a213-a16f2a0073e2,third-party-document,0,0,"{""obverse"": ""guardians_drifter's-nexus_prince-of-the-lost"", ""reverse"": ""guardians_card-back""}","{""name_printed"": ""Prince of the Lost"", ""rarity"": ""C2"", ""type"": ""Mortal Creature"", ""item_dimensions"": ""{\u0022height\u0022: \u00223.5\u0022, \u0022width\u0022: \u00222.5\u0022, \u0022unit\u0022: \u0022inch\u0022}""}",d25eb25b-dfa0-4ef0-ad1e-d9396730114e,a9770ade-1b98-4e46-8555-2d98446b0c1f,Prince of the Lost,Prince of the Lost,{},guardians_drifter's-nexus_prince-of-the-lost
83e936dd-2693-46af-9dd2-bfad9aebb0e3,third-party-document,0,0,"{""obverse"": ""guardians_drifter's-nexus_professor-heisenburg"", ""reverse"": ""guardians_card-back""}","{""name_printed"": ""Professor Heisenburg"", ""rarity"": ""R2"", ""type"": ""Mortal Creature"", ""item_dimensions"": ""{\u0022height\u0022: \u00223.5\u0022, \u0022width\u0022: \u00222.5\u0022, \u0022unit\u0022: \u0022inch\u0022}""}",d25eb25b-dfa0-4ef0-ad1e-d9396730114e,a9770ade-1b98-4e46-8555-2d98446b0c1f,Professor Heisenburg,Professor Heisenburg,{},guardians_drifter's-nexus_professor-heisenburg
1e5b073f-3e5d-4f51-b5eb-9159a31a4c6c,third-party-document,0,0,"{""obverse"": ""guardians_drifter's-nexus_pulse-wave"", ""reverse"": ""guardians_card-back""}","{""name_printed"": ""Pulse Wave"", ""rarity"": ""C4"", ""type"": ""Spell"", ""item_dimensions"": ""{\u0022height\u0022: \u00223.5\u0022, \u0022width\u0022: \u00222.5\u0022, \u0022unit\u0022: \u0022inch\u0022}""}",d25eb25b-dfa0-4ef0-ad1e-d9396730114e,a9770ade-1b98-4e46-8555-2d98446b0c1f,Pulse Wave,Pulse Wave,{},guardians_drifter's-nexus_pulse-wave
428f957c-8366-4557-b4b7-234d28e0916f,third-party-document,0,0,"{""obverse"": ""guardians_drifter's-nexus_ragmort's-engineers"", ""reverse"": ""guardians_card-back""}","{""name_printed"": ""Ragmort's Engineers"", ""rarity"": ""U2"", ""type"": ""Spell"", ""item_dimensions"": ""{\u0022height\u0022: \u00223.5\u0022, \u0022width\u0022: \u00222.5\u0022, \u0022unit\u0022: \u0022inch\u0022}""}",d25eb25b-dfa0-4ef0-ad1e-d9396730114e,a9770ade-1b98-4e46-8555-2d98446b0c1f,Ragmort's Engineers,Ragmort's Engineers,{},guardians_drifter's-nexus_ragmort's-engineers
fc73ff7a-5e1b-4996-b50b-2b31c39fa30c,third-party-document,0,0,"{""obverse"": ""guardians_drifter's-nexus_randy-creek-regulars"", ""reverse"": ""guardians_card-back""}","{""name_printed"": ""Randy Creek Regulars"", ""rarity"": ""R1"", ""type"": ""External Creature"", ""item_dimensions"": ""{\u0022height\u0022: \u00223.5\u0022, \u0022width\u0022: \u00222.5\u0022, \u0022unit\u0022: \u0022inch\u0022}""}",d25eb25b-dfa0-4ef0-ad1e-d9396730114e,a9770ade-1b98-4e46-8555-2d98446b0c1f,Randy Creek Regulars,Randy Creek Regulars,{},guardians_drifter's-nexus_randy-creek-regulars
cae2ca38-d6dc-444e-9fad-9e098899802b,third-party-document,0,0,"{""obverse"": ""guardians_drifter's-nexus_red-master-of-shadow"", ""reverse"": ""guardians_card-back""}","{""name_printed"": ""Red Master of Shadow"", ""rarity"": ""C3"", ""type"": ""Mortal Creature"", ""item_dimensions"": ""{\u0022height\u0022: \u00223.5\u0022, \u0022width\u0022: \u00222.5\u0022, \u0022unit\u0022: \u0022inch\u0022}""}",d25eb25b-dfa0-4ef0-ad1e-d9396730114e,a9770ade-1b98-4e46-8555-2d98446b0c1f,Red Master of Shadow,Red Master of Shadow,{},guardians_drifter's-nexus_red-master-of-shadow
2c87eb75-b3b2-43a4-93b0-e3428891b3d3,third-party-document,0,0,"{""obverse"": ""guardians_drifter's-nexus_rey,-overlord-of-trees"", ""reverse"": ""guardians_card-back""}","{""name_printed"": ""Rey, Overlord of Trees"", ""rarity"": ""C1"", ""type"": ""Elemental Creature"", ""item_dimensions"": ""{\u0022height\u0022: \u00223.5\u0022, \u0022width\u0022: \u00222.5\u0022, \u0022unit\u0022: \u0022inch\u0022}""}",d25eb25b-dfa0-4ef0-ad1e-d9396730114e,a9770ade-1b98-4e46-8555-2d98446b0c1f,"Rey, Overlord of Trees","Rey, Overlord of Trees",{},"guardians_drifter's-nexus_rey,-overlord-of-trees"
899bfba3-dfde-44bc-807c-deaf18d94c01,third-party-document,0,0,"{""obverse"": ""guardians_drifter's-nexus_river-giant"", ""reverse"": ""guardians_card-back""}","{""name_printed"": ""River Giant"", ""type"": ""Mortal"", ""item_dimensions"": ""{\u0022height\u0022: \u00223.5\u0022, \u0022width\u0022: \u00222.5\u0022, \u0022unit\u0022: \u0022inch\u0022}""}",d25eb25b-dfa0-4ef0-ad1e-d9396730114e,a9770ade-1b98-4e46-8555-2d98446b0c1f,River Giant,River Giant,{},guardians_drifter's-nexus_river-giant
3e3a3c57-3c92-4769-a2a1-a67e9edcc0f3,third-party-document,0,0,"{""obverse"": ""guardians_drifter's-nexus_rock-of-far-rolling"", ""reverse"": ""guardians_card-back""}","{""name_printed"": ""Rock of Far Rolling"", ""rarity"": ""C4"", ""type"": ""Item - Hand"", ""item_dimensions"": ""{\u0022height\u0022: \u00223.5\u0022, \u0022width\u0022: \u00222.5\u0022, \u0022unit\u0022: \u0022inch\u0022}""}",d25eb25b-dfa0-4ef0-ad1e-d9396730114e,a9770ade-1b98-4e46-8555-2d98446b0c1f,Rock of Far Rolling,Rock of Far Rolling,{},guardians_drifter's-nexus_rock-of-far-rolling
57d82b78-12bc-4df6-8a12-eb2c6ea29524,third-party-document,0,0,"{""obverse"": ""guardians_drifter's-nexus_rosetta-stone"", ""reverse"": ""guardians_card-back""}","{""name_printed"": ""Rosetta Stone"", ""rarity"": ""R1"", ""type"": ""Item - Hand"", ""item_dimensions"": ""{\u0022height\u0022: \u00223.5\u0022, \u0022width\u0022: \u00222.5\u0022, \u0022unit\u0022: \u0022inch\u0022}""}",d25eb25b-dfa0-4ef0-ad1e-d9396730114e,a9770ade-1b98-4e46-8555-2d98446b0c1f,Rosetta Stone,Rosetta Stone,{},guardians_drifter's-nexus_rosetta-stone
345f5fde-eae2-4120-8333-1c82200a712a,third-party-document,0,0,"{""obverse"": ""guardians_drifter's-nexus_s-s--house-of-babes"", ""reverse"": ""guardians_card-back""}","{""name_printed"": ""S.S. House of Babes"", ""rarity"": ""C2"", ""type"": ""Location Terrain"", ""item_dimensions"": ""{\u0022height\u0022: \u00223.5\u0022, \u0022width\u0022: \u00222.5\u0022, \u0022unit\u0022: \u0022inch\u0022}""}",d25eb25b-dfa0-4ef0-ad1e-d9396730114e,a9770ade-1b98-4e46-8555-2d98446b0c1f,S.S. House of Babes,S.S. House of Babes,{},guardians_drifter's-nexus_s-s--house-of-babes
1f7b024b-7d58-4401-9512-e900921811a1,third-party-document,0,0,"{""obverse"": ""guardians_drifter's-nexus_saboteurs"", ""reverse"": ""guardians_card-back""}","{""name_printed"": ""Saboteurs"", ""rarity"": ""C3"", ""type"": ""Spell"", ""item_dimensions"": ""{\u0022height\u0022: \u00223.5\u0022, \u0022width\u0022: \u00222.5\u0022, \u0022unit\u0022: \u0022inch\u0022}""}",d25eb25b-dfa0-4ef0-ad1e-d9396730114e,a9770ade-1b98-4e46-8555-2d98446b0c1f,Saboteurs,Saboteurs,{},guardians_drifter's-nexus_saboteurs
9754864d-5b1c-4b6d-a3b6-9fe45d1340e5,third-party-document,0,0,"{""obverse"": ""guardians_drifter's-nexus_sarcophagus-of-haidra"", ""reverse"": ""guardians_card-back""}","{""name_printed"": ""Sarcophagus of Haidra"", ""rarity"": ""C4"", ""type"": ""Item - Hand"", ""item_dimensions"": ""{\u0022height\u0022: \u00223.5\u0022, \u0022width\u0022: \u00222.5\u0022, \u0022unit\u0022: \u0022inch\u0022}""}",d25eb25b-dfa0-4ef0-ad1e-d9396730114e,a9770ade-1b98-4e46-8555-2d98446b0c1f,Sarcophagus of Haidra,Sarcophagus of Haidra,{},guardians_drifter's-nexus_sarcophagus-of-haidra
709a9ca4-a910-409f-afb0-b94adc13d098,third-party-document,0,0,"{""obverse"": ""guardians_drifter's-nexus_secret-catacombs"", ""reverse"": ""guardians_card-back""}","{""name_printed"": ""Secret Catacombs"", ""rarity"": ""R3"", ""type"": ""Stronghold Upgrade"", ""item_dimensions"": ""{\u0022height\u0022: \u00223.5\u0022, \u0022width\u0022: \u00222.5\u0022, \u0022unit\u0022: \u0022inch\u0022}""}",d25eb25b-dfa0-4ef0-ad1e-d9396730114e,a9770ade-1b98-4e46-8555-2d98446b0c1f,Secret Catacombs,Secret Catacombs,{},guardians_drifter's-nexus_secret-catacombs
6a633397-0d3d-4d0e-b9c5-02e1a3acceb9,third-party-document,0,0,"{""obverse"": ""guardians_drifter's-nexus_sewage-backup"", ""reverse"": ""guardians_card-back""}","{""name_printed"": ""Sewage Backup"", ""rarity"": ""U1"", ""type"": ""Stronghold Downgrade"", ""item_dimensions"": ""{\u0022height\u0022: \u00223.5\u0022, \u0022width\u0022: \u00222.5\u0022, \u0022unit\u0022: \u0022inch\u0022}""}",d25eb25b-dfa0-4ef0-ad1e-d9396730114e,a9770ade-1b98-4e46-8555-2d98446b0c1f,Sewage Backup,Sewage Backup,{},guardians_drifter's-nexus_sewage-backup
b50b80ce-a0e7-4c4d-badd-ac1bb76d5c3a,third-party-document,0,0,"{""obverse"": ""guardians_drifter's-nexus_shadow-strike"", ""reverse"": ""guardians_card-back""}","{""name_printed"": ""Shadow Strike"", ""rarity"": ""C2"", ""type"": ""Spell"", ""item_dimensions"": ""{\u0022height\u0022: \u00223.5\u0022, \u0022width\u0022: \u00222.5\u0022, \u0022unit\u0022: \u0022inch\u0022}""}",d25eb25b-dfa0-4ef0-ad1e-d9396730114e,a9770ade-1b98-4e46-8555-2d98446b0c1f,Shadow Strike,Shadow Strike,{},guardians_drifter's-nexus_shadow-strike
79f89ce1-c0c2-4ac1-b8cf-dc792ff23473,third-party-document,0,0,"{""obverse"": ""guardians_drifter's-nexus_shin-chios,-third-disciple"", ""reverse"": ""guardians_card-back""}","{""name_printed"": ""Shin Chios, Third Disciple"", ""rarity"": ""R2"", ""type"": ""Elemental Creature"", ""item_dimensions"": ""{\u0022height\u0022: \u00223.5\u0022, \u0022width\u0022: \u00222.5\u0022, \u0022unit\u0022: \u0022inch\u0022}""}",d25eb25b-dfa0-4ef0-ad1e-d9396730114e,a9770ade-1b98-4e46-8555-2d98446b0c1f,"Shin Chios, Third Disciple","Shin Chios, Third Disciple",{},"guardians_drifter's-nexus_shin-chios,-third-disciple"
76bbe694-7365-4a4d-b176-5837adb06f7f,third-party-document,0,0,"{""obverse"": ""guardians_drifter's-nexus_shroud-of-grahzue"", ""reverse"": ""guardians_card-back""}","{""name_printed"": ""Shroud of Grahzue"", ""rarity"": ""R2"", ""type"": ""Item - Hand"", ""item_dimensions"": ""{\u0022height\u0022: \u00223.5\u0022, \u0022width\u0022: \u00222.5\u0022, \u0022unit\u0022: \u0022inch\u0022}""}",d25eb25b-dfa0-4ef0-ad1e-d9396730114e,a9770ade-1b98-4e46-8555-2d98446b0c1f,Shroud of Grahzue,Shroud of Grahzue,{},guardians_drifter's-nexus_shroud-of-grahzue
ec2dcce1-e913-4f3a-af20-b2e95a0df7b3,third-party-document,0,0,"{""obverse"": ""guardians_drifter's-nexus_sikura,-preceptor-of-prophets"", ""reverse"": ""guardians_card-back""}","{""name_printed"": ""Sikura, Preceptor of Prophets"", ""rarity"": ""R2"", ""type"": ""Guardian"", ""item_dimensions"": ""{\u0022height\u0022: \u00223.5\u0022, \u0022width\u0022: \u00222.5\u0022, \u0022unit\u0022: \u0022inch\u0022}""}",d25eb25b-dfa0-4ef0-ad1e-d9396730114e,a9770ade-1b98-4e46-8555-2d98446b0c1f,"Sikura, Preceptor of Prophets","Sikura, Preceptor of Prophets",{},"guardians_drifter's-nexus_sikura,-preceptor-of-prophets"
350b1320-31b6-4f59-9dd3-209c3211628f,third-party-document,0,0,"{""obverse"": ""guardians_drifter's-nexus_slatch-willer"", ""reverse"": ""guardians_card-back""}","{""name_printed"": ""Slatch Willer"", ""rarity"": ""C3"", ""type"": ""External Creature"", ""item_dimensions"": ""{\u0022height\u0022: \u00223.5\u0022, \u0022width\u0022: \u00222.5\u0022, \u0022unit\u0022: \u0022inch\u0022}""}",d25eb25b-dfa0-4ef0-ad1e-d9396730114e,a9770ade-1b98-4e46-8555-2d98446b0c1f,Slatch Willer,Slatch Willer,{},guardians_drifter's-nexus_slatch-willer
5ca6b1b6-6ce0-42a2-b4c4-b2ace9842a22,third-party-document,0,0,"{""obverse"": ""guardians_drifter's-nexus_slor,-overlord-of-the-wastes"", ""reverse"": ""guardians_card-back""}","{""name_printed"": ""Slor, Overlord of the Wastes"", ""rarity"": ""U4"", ""type"": ""Elemental Creature"", ""item_dimensions"": ""{\u0022height\u0022: \u00223.5\u0022, \u0022width\u0022: \u00222.5\u0022, \u0022unit\u0022: \u0022inch\u0022}""}",d25eb25b-dfa0-4ef0-ad1e-d9396730114e,a9770ade-1b98-4e46-8555-2d98446b0c1f,"Slor, Overlord of the Wastes","Slor, Overlord of the Wastes",{},"guardians_drifter's-nexus_slor,-overlord-of-the-wastes"
02295587-037b-435a-80c4-01aff9e45a01,third-party-document,0,0,"{""obverse"": ""guardians_drifter's-nexus_small-mox"", ""reverse"": ""guardians_card-back""}","{""name_printed"": ""Small Mox"", ""rarity"": ""C1"", ""type"": ""Spell"", ""item_dimensions"": ""{\u0022height\u0022: \u00223.5\u0022, \u0022width\u0022: \u00222.5\u0022, \u0022unit\u0022: \u0022inch\u0022}""}",d25eb25b-dfa0-4ef0-ad1e-d9396730114e,a9770ade-1b98-4e46-8555-2d98446b0c1f,Small Mox,Small Mox,{},guardians_drifter's-nexus_small-mox
2272a97d-6828-49c5-bea3-1cec2d8ac8e3,third-party-document,0,0,"{""obverse"": ""guardians_drifter's-nexus_soggybottom-gertz"", ""reverse"": ""guardians_card-back""}","{""name_printed"": ""Soggybottom Gertz"", ""rarity"": ""R3"", ""type"": ""Mortal Creature"", ""item_dimensions"": ""{\u0022height\u0022: \u00223.5\u0022, \u0022width\u0022: \u00222.5\u0022, \u0022unit\u0022: \u0022inch\u0022}""}",d25eb25b-dfa0-4ef0-ad1e-d9396730114e,a9770ade-1b98-4e46-8555-2d98446b0c1f,Soggybottom Gertz,Soggybottom Gertz,{},guardians_drifter's-nexus_soggybottom-gertz
645d3619-64b4-4210-9c49-5d8acfbb855a,third-party-document,0,0,"{""obverse"": ""guardians_drifter's-nexus_spirit-mountain"", ""reverse"": ""guardians_card-back""}","{""name_printed"": ""Spirit Mountain"", ""rarity"": ""C2"", ""type"": ""Location Terrain"", ""item_dimensions"": ""{\u0022height\u0022: \u00223.5\u0022, \u0022width\u0022: \u00222.5\u0022, \u0022unit\u0022: \u0022inch\u0022}""}",d25eb25b-dfa0-4ef0-ad1e-d9396730114e,a9770ade-1b98-4e46-8555-2d98446b0c1f,Spirit Mountain,Spirit Mountain,{},guardians_drifter's-nexus_spirit-mountain
b0ee6d99-b666-4cfd-9fc3-e9f434cd4911,third-party-document,0,0,"{""obverse"": ""guardians_drifter's-nexus_standard-of-the-elements"", ""reverse"": ""guardians_card-back""}","{""name_printed"": ""Standard of the Elements"", ""rarity"": ""U1"", ""type"": ""Item - Hand"", ""item_dimensions"": ""{\u0022height\u0022: \u00223.5\u0022, \u0022width\u0022: \u00222.5\u0022, \u0022unit\u0022: \u0022inch\u0022}""}",d25eb25b-dfa0-4ef0-ad1e-d9396730114e,a9770ade-1b98-4e46-8555-2d98446b0c1f,Standard of the Elements,Standard of the Elements,{},guardians_drifter's-nexus_standard-of-the-elements
d332b588-3b4f-4023-8299-638e7b94d347,third-party-document,0,0,"{""obverse"": ""guardians_drifter's-nexus_summon-entropy-storm"", ""reverse"": ""guardians_card-back""}","{""name_printed"": ""Summon Entropy Storm"", ""rarity"": ""R3"", ""type"": ""Spell"", ""item_dimensions"": ""{\u0022height\u0022: \u00223.5\u0022, \u0022width\u0022: \u00222.5\u0022, \u0022unit\u0022: \u0022inch\u0022}""}",d25eb25b-dfa0-4ef0-ad1e-d9396730114e,a9770ade-1b98-4e46-8555-2d98446b0c1f,Summon Entropy Storm,Summon Entropy Storm,{},guardians_drifter's-nexus_summon-entropy-storm
a5481812-23d5-4615-875f-e9b268343ab0,third-party-document,0,0,"{""obverse"": ""guardians_drifter's-nexus_tablet-of-ancathus"", ""reverse"": ""guardians_card-back""}","{""name_printed"": ""Tablet of Ancathus"", ""rarity"": ""R1"", ""type"": ""Item - Hand"", ""item_dimensions"": ""{\u0022height\u0022: \u00223.5\u0022, \u0022width\u0022: \u00222.5\u0022, \u0022unit\u0022: \u0022inch\u0022}""}",d25eb25b-dfa0-4ef0-ad1e-d9396730114e,a9770ade-1b98-4e46-8555-2d98446b0c1f,Tablet of Ancathus,Tablet of Ancathus,{},guardians_drifter's-nexus_tablet-of-ancathus
5fba9029-99a8-4f86-afb0-6991a57dae3a,third-party-document,0,0,"{""obverse"": ""guardians_drifter's-nexus_tanniker-smith"", ""reverse"": ""guardians_card-back""}","{""name_printed"": ""Tanniker Smith"", ""rarity"": ""C1"", ""type"": ""Mortal Creature"", ""item_dimensions"": ""{\u0022height\u0022: \u00223.5\u0022, \u0022width\u0022: \u00222.5\u0022, \u0022unit\u0022: \u0022inch\u0022}""}",d25eb25b-dfa0-4ef0-ad1e-d9396730114e,a9770ade-1b98-4e46-8555-2d98446b0c1f,Tanniker Smith,Tanniker Smith,{},guardians_drifter's-nexus_tanniker-smith
12759b18-7a99-4ff8-8186-57e68b99df98,third-party-document,0,0,"{""obverse"": ""guardians_drifter's-nexus_the-amazing-cider-man"", ""reverse"": ""guardians_card-back""}","{""name_printed"": ""The Amazing Cider-Man"", ""rarity"": ""U1"", ""type"": ""External Creature"", ""item_dimensions"": ""{\u0022height\u0022: \u00223.5\u0022, \u0022width\u0022: \u00222.5\u0022, \u0022unit\u0022: \u0022inch\u0022}""}",d25eb25b-dfa0-4ef0-ad1e-d9396730114e,a9770ade-1b98-4e46-8555-2d98446b0c1f,The Amazing Cider-Man,The Amazing Cider-Man,{},guardians_drifter's-nexus_the-amazing-cider-man
00e4a5fd-9cc0-431f-b8cf-527e9b4efc1f,third-party-document,0,0,"{""obverse"": ""guardians_drifter's-nexus_the-hollens-grove"", ""reverse"": ""guardians_card-back""}","{""name_printed"": ""The Hollens Grove"", ""rarity"": ""C2"", ""type"": ""Location Terrain"", ""item_dimensions"": ""{\u0022height\u0022: \u00223.5\u0022, \u0022width\u0022: \u00222.5\u0022, \u0022unit\u0022: \u0022inch\u0022}""}",d25eb25b-dfa0-4ef0-ad1e-d9396730114e,a9770ade-1b98-4e46-8555-2d98446b0c1f,The Hollens Grove,The Hollens Grove,{},guardians_drifter's-nexus_the-hollens-grove
f658fd20-dc30-425f-8f5f-33bee70983d2,third-party-document,0,0,"{""obverse"": ""guardians_drifter's-nexus_thief-of-shadow"", ""reverse"": ""guardians_card-back""}","{""name_printed"": ""Thief of Shadow"", ""rarity"": ""U4"", ""type"": ""Mortal Creature"", ""item_dimensions"": ""{\u0022height\u0022: \u00223.5\u0022, \u0022width\u0022: \u00222.5\u0022, \u0022unit\u0022: \u0022inch\u0022}""}",d25eb25b-dfa0-4ef0-ad1e-d9396730114e,a9770ade-1b98-4e46-8555-2d98446b0c1f,Thief of Shadow,Thief of Shadow,{},guardians_drifter's-nexus_thief-of-shadow
35244756-4f52-4f1f-85a7-cc280748e797,third-party-document,0,0,"{""obverse"": ""guardians_drifter's-nexus_tiger-baloo"", ""reverse"": ""guardians_card-back""}","{""name_printed"": ""Tiger Baloo"", ""rarity"": ""C4"", ""type"": ""External Creature"", ""item_dimensions"": ""{\u0022height\u0022: \u00223.5\u0022, \u0022width\u0022: \u00222.5\u0022, \u0022unit\u0022: \u0022inch\u0022}""}",d25eb25b-dfa0-4ef0-ad1e-d9396730114e,a9770ade-1b98-4e46-8555-2d98446b0c1f,Tiger Baloo,Tiger Baloo,{},guardians_drifter's-nexus_tiger-baloo
b58b1507-cb6e-4510-80d1-c4c1d3dc5d3e,third-party-document,0,0,"{""obverse"": ""guardians_drifter's-nexus_tree-ogre"", ""reverse"": ""guardians_card-back""}","{""name_printed"": ""Tree Ogre"", ""rarity"": ""C2"", ""type"": ""Mortal Creature"", ""item_dimensions"": ""{\u0022height\u0022: \u00223.5\u0022, \u0022width\u0022: \u00222.5\u0022, \u0022unit\u0022: \u0022inch\u0022}""}",d25eb25b-dfa0-4ef0-ad1e-d9396730114e,a9770ade-1b98-4e46-8555-2d98446b0c1f,Tree Ogre,Tree Ogre,{},guardians_drifter's-nexus_tree-ogre
6159b3af-9bc0-4ec3-8676-cf600fe45c81,third-party-document,0,0,"{""obverse"": ""guardians_drifter's-nexus_uras,-overlord-of-mountains"", ""reverse"": ""guardians_card-back""}","{""name_printed"": ""Uras, Overlord of Mountains"", ""rarity"": ""C3"", ""type"": ""Elemental Creature"", ""item_dimensions"": ""{\u0022height\u0022: \u00223.5\u0022, \u0022width\u0022: \u00222.5\u0022, \u0022unit\u0022: \u0022inch\u0022}""}",d25eb25b-dfa0-4ef0-ad1e-d9396730114e,a9770ade-1b98-4e46-8555-2d98446b0c1f,"Uras, Overlord of Mountains","Uras, Overlord of Mountains",{},"guardians_drifter's-nexus_uras,-overlord-of-mountains"
fa448930-3c7c-4b00-b0df-b03df6c0dbd1,third-party-document,0,0,"{""obverse"": ""guardians_drifter's-nexus_urufa,-queen-of-goblins"", ""reverse"": ""guardians_card-back""}","{""name_printed"": ""Urufa, Queen of Goblins"", ""rarity"": ""R4"", ""type"": ""Mortal Creature"", ""item_dimensions"": ""{\u0022height\u0022: \u00223.5\u0022, \u0022width\u0022: \u00222.5\u0022, \u0022unit\u0022: \u0022inch\u0022}""}",d25eb25b-dfa0-4ef0-ad1e-d9396730114e,a9770ade-1b98-4e46-8555-2d98446b0c1f,"Urufa, Queen of Goblins","Urufa, Queen of Goblins",{},"guardians_drifter's-nexus_urufa,-queen-of-goblins"
deb71a1d-7d83-4d1f-a570-54e8da0ed336,third-party-document,0,0,"{""obverse"": ""guardians_drifter's-nexus_vek-nadra,-master-of-disciples"", ""reverse"": ""guardians_card-back""}","{""name_printed"": ""Vek-Nadra, Master of Disciples"", ""rarity"": ""R2"", ""type"": ""Guardian"", ""item_dimensions"": ""{\u0022height\u0022: \u00223.5\u0022, \u0022width\u0022: \u00222.5\u0022, \u0022unit\u0022: \u0022inch\u0022}""}",d25eb25b-dfa0-4ef0-ad1e-d9396730114e,a9770ade-1b98-4e46-8555-2d98446b0c1f,"Vek-Nadra, Master of Disciples","Vek-Nadra, Master of Disciples",{},"guardians_drifter's-nexus_vek-nadra,-master-of-disciples"
e16b9c0d-6918-4bb4-bbcc-bf17e13c0595,third-party-document,0,0,"{""obverse"": ""guardians_drifter's-nexus_vesuvious-rex"", ""reverse"": ""guardians_card-back""}","{""name_printed"": ""Vesuvious Rex"", ""rarity"": ""R3"", ""type"": ""External Creature"", ""item_dimensions"": ""{\u0022height\u0022: \u00223.5\u0022, \u0022width\u0022: \u00222.5\u0022, \u0022unit\u0022: \u0022inch\u0022}""}",d25eb25b-dfa0-4ef0-ad1e-d9396730114e,a9770ade-1b98-4e46-8555-2d98446b0c1f,Vesuvious Rex,Vesuvious Rex,{},guardians_drifter's-nexus_vesuvious-rex
c4216a57-e1fd-4438-b6a3-f1b53dce6fa8,third-party-document,0,0,"{""obverse"": ""guardians_drifter's-nexus_vikia-tso'shan'lu"", ""reverse"": ""guardians_card-back""}","{""name_printed"": ""Vikia Tso'Shan'Lu"", ""rarity"": ""R3"", ""type"": ""Elemental Creature"", ""item_dimensions"": ""{\u0022height\u0022: \u00223.5\u0022, \u0022width\u0022: \u00222.5\u0022, \u0022unit\u0022: \u0022inch\u0022}""}",d25eb25b-dfa0-4ef0-ad1e-d9396730114e,a9770ade-1b98-4e46-8555-2d98446b0c1f,Vikia Tso'Shan'Lu,Vikia Tso'Shan'Lu,{},guardians_drifter's-nexus_vikia-tso'shan'lu
fd2c05e1-3fdd-496b-bd58-6019035754c2,third-party-document,0,0,"{""obverse"": ""guardians_drifter's-nexus_voodoo-hat"", ""reverse"": ""guardians_card-back""}","{""name_printed"": ""Voodoo Hat"", ""rarity"": ""R2"", ""type"": ""Item - Creature"", ""item_dimensions"": ""{\u0022height\u0022: \u00223.5\u0022, \u0022width\u0022: \u00222.5\u0022, \u0022unit\u0022: \u0022inch\u0022}""}",d25eb25b-dfa0-4ef0-ad1e-d9396730114e,a9770ade-1b98-4e46-8555-2d98446b0c1f,Voodoo Hat,Voodoo Hat,{},guardians_drifter's-nexus_voodoo-hat
81a3f28d-b711-4823-afe8-c5249defd57d,third-party-document,0,0,"{""obverse"": ""guardians_drifter's-nexus_warwick's-banishment"", ""reverse"": ""guardians_card-back""}","{""name_printed"": ""Warwick's Banishment"", ""rarity"": ""U1"", ""type"": ""Spell"", ""item_dimensions"": ""{\u0022height\u0022: \u00223.5\u0022, \u0022width\u0022: \u00222.5\u0022, \u0022unit\u0022: \u0022inch\u0022}""}",d25eb25b-dfa0-4ef0-ad1e-d9396730114e,a9770ade-1b98-4e46-8555-2d98446b0c1f,Warwick's Banishment,Warwick's Banishment,{},guardians_drifter's-nexus_warwick's-banishment
2121126e-1b2c-4ca8-b770-76a81da6eeab,third-party-document,0,0,"{""obverse"": ""guardians_drifter's-nexus_whalebone-rick"", ""reverse"": ""guardians_card-back""}","{""name_printed"": ""Whalebone Rick"", ""rarity"": ""U4"", ""type"": ""External Creature"", ""item_dimensions"": ""{\u0022height\u0022: \u00223.5\u0022, \u0022width\u0022: \u00222.5\u0022, \u0022unit\u0022: \u0022inch\u0022}""}",d25eb25b-dfa0-4ef0-ad1e-d9396730114e,a9770ade-1b98-4e46-8555-2d98446b0c1f,Whalebone Rick,Whalebone Rick,{},guardians_drifter's-nexus_whalebone-rick
2aba7663-16e4-4e32-a5e9-dab44adc3d23,third-party-document,0,0,"{""obverse"": ""guardians_drifter's-nexus_wheel-of-law"", ""reverse"": ""guardians_card-back""}","{""name_printed"": ""Wheel of Law"", ""rarity"": ""U4"", ""type"": ""Item - Creature"", ""item_dimensions"": ""{\u0022height\u0022: \u00223.5\u0022, \u0022width\u0022: \u00222.5\u0022, \u0022unit\u0022: \u0022inch\u0022}""}",d25eb25b-dfa0-4ef0-ad1e-d9396730114e,a9770ade-1b98-4e46-8555-2d98446b0c1f,Wheel of Law,Wheel of Law,{},guardians_drifter's-nexus_wheel-of-law
70f05bfb-48cf-4d08-b20e-85fa85a0c90c,third-party-document,0,0,"{""obverse"": ""guardians_drifter's-nexus_wizard's-tower"", ""reverse"": ""guardians_card-back""}","{""name_printed"": ""Wizard's Tower"", ""rarity"": ""U2"", ""type"": ""Stronghold Upgrade"", ""item_dimensions"": ""{\u0022height\u0022: \u00223.5\u0022, \u0022width\u0022: \u00222.5\u0022, \u0022unit\u0022: \u0022inch\u0022}""}",d25eb25b-dfa0-4ef0-ad1e-d9396730114e,a9770ade-1b98-4e46-8555-2d98446b0c1f,Wizard's Tower,Wizard's Tower,{},guardians_drifter's-nexus_wizard's-tower
778b73b7-7b50-4165-9fce-c638e38894b2,third-party-document,0,0,"{""obverse"": ""guardians_drifter's-nexus_woodland-troll"", ""reverse"": ""guardians_card-back""}","{""name_printed"": ""Woodland Troll"", ""rarity"": ""C4"", ""type"": ""External Creature"", ""item_dimensions"": ""{\u0022height\u0022: \u00223.5\u0022, \u0022width\u0022: \u00222.5\u0022, \u0022unit\u0022: \u0022inch\u0022}""}",d25eb25b-dfa0-4ef0-ad1e-d9396730114e,a9770ade-1b98-4e46-8555-2d98446b0c1f,Woodland Troll,Woodland Troll,{},guardians_drifter's-nexus_woodland-troll
2a3eab9e-546a-4a90-9809-31f3f8026331,third-party-document,0,0,"{""obverse"": ""guardians_drifter's-nexus_woolverine"", ""reverse"": ""guardians_card-back""}","{""name_printed"": ""Woolverine"", ""rarity"": ""C4"", ""type"": ""External Creature"", ""item_dimensions"": ""{\u0022height\u0022: \u00223.5\u0022, \u0022width\u0022: \u00222.5\u0022, \u0022unit\u0022: \u0022inch\u0022}""}",d25eb25b-dfa0-4ef0-ad1e-d9396730114e,a9770ade-1b98-4e46-8555-2d98446b0c1f,Woolverine,Woolverine,{},guardians_drifter's-nexus_woolverine
6e50aeae-0f8c-4317-8402-ab31ee0902a6,third-party-document,0,0,"{""obverse"": ""guardians_drifter's-nexus_xaz,-thief-of-twilight"", ""reverse"": ""guardians_card-back""}","{""name_printed"": ""Xaz, Thief of Twilight"", ""rarity"": ""R4"", ""type"": ""Elemental Creature"", ""item_dimensions"": ""{\u0022height\u0022: \u00223.5\u0022, \u0022width\u0022: \u00222.5\u0022, \u0022unit\u0022: \u0022inch\u0022}""}",d25eb25b-dfa0-4ef0-ad1e-d9396730114e,a9770ade-1b98-4e46-8555-2d98446b0c1f,"Xaz, Thief of Twilight","Xaz, Thief of Twilight",{},"guardians_drifter's-nexus_xaz,-thief-of-twilight"
fb1c8821-694f-456c-a13e-89b136bf8d5a,third-party-document,0,0,"{""obverse"": ""guardians_drifter's-nexus_you-can't-see-me,-i'm-a-vampire"", ""reverse"": ""guardians_card-back""}","{""name_printed"": ""You Can't See Me, I'm a Vampire"", ""rarity"": ""U4"", ""type"": ""Spell"", ""item_dimensions"": ""{\u0022height\u0022: \u00223.5\u0022, \u0022width\u0022: \u00222.5\u0022, \u0022unit\u0022: \u0022inch\u0022}""}",d25eb25b-dfa0-4ef0-ad1e-d9396730114e,a9770ade-1b98-4e46-8555-2d98446b0c1f,"You Can't See Me, I'm a Vampire","You Can't See Me, I'm a Vampire",{},"guardians_drifter's-nexus_you-can't-see-me,-i'm-a-vampire"
4e808844-8c2b-4890-8b6a-d6d485f7c7d4,third-party-document,0,0,"{""obverse"": ""guardians_drifter's-nexus_zelda,-bag-lady-bug"", ""reverse"": ""guardians_card-back""}","{""name_printed"": ""Zelda, Bag Lady Bug"", ""rarity"": ""C2"", ""type"": ""Mortal Creature"", ""item_dimensions"": ""{\u0022height\u0022: \u00223.5\u0022, \u0022width\u0022: \u00222.5\u0022, \u0022unit\u0022: \u0022inch\u0022}""}",d25eb25b-dfa0-4ef0-ad1e-d9396730114e,a9770ade-1b98-4e46-8555-2d98446b0c1f,"Zelda, Bag Lady Bug","Zelda, Bag Lady Bug",{},"guardians_drifter's-nexus_zelda,-bag-lady-bug"
7261a9e1-2d3c-434f-9ea8-8a0fe79e56be,third-party-document,0,0,"{""obverse"": ""guardians_drifter's-nexus_zob,-gurgling-gob"", ""reverse"": ""guardians_card-back""}","{""name_printed"": ""Zob, Gurgling Gob"", ""rarity"": ""R4"", ""type"": ""Elemental Creature"", ""item_dimensions"": ""{\u0022height\u0022: \u00223.5\u0022, \u0022width\u0022: \u00222.5\u0022, \u0022unit\u0022: \u0022inch\u0022}""}",d25eb25b-dfa0-4ef0-ad1e-d9396730114e,a9770ade-1b98-4e46-8555-2d98446b0c1f,"Zob, Gurgling Gob","Zob, Gurgling Gob",{},"guardians_drifter's-nexus_zob,-gurgling-gob"
55edd681-9987-46de-b992-343df831cd24,third-party-document,0,0,"{""obverse"": ""guardians_limited-edition_agent-of-shadow"", ""reverse"": ""guardians_card-back""}","{""name_printed"": ""Agent of Shadow"", ""rarity"": ""Rare-1"", ""type"": ""Mortal"", ""item_dimensions"": ""{\u0022height\u0022: \u00223.5\u0022, \u0022width\u0022: \u00222.5\u0022, \u0022unit\u0022: \u0022inch\u0022}""}",d25eb25b-dfa0-4ef0-ad1e-d9396730114e,f4036237-193f-42e6-96ac-f4c693e9c3e6,Agent of Shadow,Agent of Shadow,{},guardians_limited-edition_agent-of-shadow
fa45e352-35b6-408a-b95e-c8b8125210f0,item,1,0,"{""obverse"": ""guardians_limited-edition_amber-well"", ""reverse"": ""guardians_card-back""}","{""name_printed"": ""Amber Well"", ""rarity"": ""Common-1"", ""type"": ""Elemental"", ""item_dimensions"": ""{\u0022height\u0022: \u00223.5\u0022, \u0022width\u0022: \u00222.5\u0022, \u0022unit\u0022: \u0022inch\u0022}""}",d25eb25b-dfa0-4ef0-ad1e-d9396730114e,f4036237-193f-42e6-96ac-f4c693e9c3e6,Amber Well,Amber Well,{},guardians_limited-edition_amber-well
828c97ef-a947-440a-a970-4033304a4b70,item,1,0,"{""obverse"": ""guardians_limited-edition_amulet-of-flying"", ""reverse"": ""guardians_card-back""}","{""name_printed"": ""Amulet of Flying"", ""rarity"": ""Uncommon-1"", ""type"": ""Magic Item - Creature"", ""item_dimensions"": ""{\u0022height\u0022: \u00223.5\u0022, \u0022width\u0022: \u00222.5\u0022, \u0022unit\u0022: \u0022inch\u0022}""}",d25eb25b-dfa0-4ef0-ad1e-d9396730114e,f4036237-193f-42e6-96ac-f4c693e9c3e6,Amulet of Flying,Amulet of Flying,{},guardians_limited-edition_amulet-of-flying
65e7f398-65f4-485a-a84b-507b20646c49,third-party-document,0,0,"{""obverse"": ""guardians_limited-edition_ancient-ogre"", ""reverse"": ""guardians_card-back""}","{""name_printed"": ""Ancient Ogre"", ""rarity"": ""Rare-2"", ""type"": ""Mortal"", ""item_dimensions"": ""{\u0022height\u0022: \u00223.5\u0022, \u0022width\u0022: \u00222.5\u0022, \u0022unit\u0022: \u0022inch\u0022}""}",d25eb25b-dfa0-4ef0-ad1e-d9396730114e,f4036237-193f-42e6-96ac-f4c693e9c3e6,Ancient Ogre,Ancient Ogre,{},guardians_limited-edition_ancient-ogre
81bf5c81-bcf2-46d7-88c6-e6e54436da9b,item,1,0,"{""obverse"": ""guardians_limited-edition_angel"", ""reverse"": ""guardians_card-back""}","{""name_printed"": ""Angel"", ""rarity"": ""Uncommon-1"", ""type"": ""Elemental"", ""item_dimensions"": ""{\u0022height\u0022: \u00223.5\u0022, \u0022width\u0022: \u00222.5\u0022, \u0022unit\u0022: \u0022inch\u0022}""}",d25eb25b-dfa0-4ef0-ad1e-d9396730114e,f4036237-193f-42e6-96ac-f4c693e9c3e6,Angel,Angel,{},guardians_limited-edition_angel
02133fa6-3b03-4e77-b295-722a4d1d5d03,item,1,0,"{""obverse"": ""guardians_limited-edition_annihilator-cloud"", ""reverse"": ""guardians_card-back""}","{""name_printed"": ""Annihilator Cloud"", ""rarity"": ""Uncommon-2"", ""type"": ""Elemental"", ""item_dimensions"": ""{\u0022height\u0022: \u00223.5\u0022, \u0022width\u0022: \u00222.5\u0022, \u0022unit\u0022: \u0022inch\u0022}""}",d25eb25b-dfa0-4ef0-ad1e-d9396730114e,f4036237-193f-42e6-96ac-f4c693e9c3e6,Annihilator Cloud,Annihilator Cloud,{},guardians_limited-edition_annihilator-cloud
eba08005-1acf-4509-99ca-99f6bd16dd06,item,1,0,"{""obverse"": ""guardians_limited-edition_anvil-of-heaviness"", ""reverse"": ""guardians_card-back""}","{""name_printed"": ""Anvil of Heaviness"", ""rarity"": ""Common-1"", ""type"": ""Magic Item - Hand"", ""item_dimensions"": ""{\u0022height\u0022: \u00223.5\u0022, \u0022width\u0022: \u00222.5\u0022, \u0022unit\u0022: \u0022inch\u0022}""}",d25eb25b-dfa0-4ef0-ad1e-d9396730114e,f4036237-193f-42e6-96ac-f4c693e9c3e6,Anvil of Heaviness,Anvil of Heaviness,{},guardians_limited-edition_anvil-of-heaviness
5a4405f5-b291-4de5-84e7-bb418df1f03d,third-party-document,0,0,"{""obverse"": ""guardians_limited-edition_archangel-magnus"", ""reverse"": ""guardians_card-back""}","{""name_printed"": ""Archangel Magnus"", ""rarity"": ""Rare-1"", ""type"": ""Elemental"", ""item_dimensions"": ""{\u0022height\u0022: \u00223.5\u0022, \u0022width\u0022: \u00222.5\u0022, \u0022unit\u0022: \u0022inch\u0022}""}",d25eb25b-dfa0-4ef0-ad1e-d9396730114e,f4036237-193f-42e6-96ac-f4c693e9c3e6,Archangel Magnus,Archangel Magnus,{},guardians_limited-edition_archangel-magnus
19700dfe-517b-46b7-a094-43ee82bdd575,third-party-document,0,0,"{""obverse"": ""guardians_limited-edition_archangel-odessa"", ""reverse"": ""guardians_card-back""}","{""name_printed"": ""Archangel Odessa"", ""rarity"": ""Rare-1"", ""type"": ""Elemental"", ""item_dimensions"": ""{\u0022height\u0022: \u00223.5\u0022, \u0022width\u0022: \u00222.5\u0022, \u0022unit\u0022: \u0022inch\u0022}""}",d25eb25b-dfa0-4ef0-ad1e-d9396730114e,f4036237-193f-42e6-96ac-f4c693e9c3e6,Archangel Odessa,Archangel Odessa,{},guardians_limited-edition_archangel-odessa
796c9eb2-183b-487a-8ff2-44380fd603ea,item,1,0,"{""obverse"": ""guardians_limited-edition_archer"", ""reverse"": ""guardians_card-back""}","{""name_printed"": ""Archer"", ""rarity"": ""Common-1"", ""type"": ""Mortal"", ""item_dimensions"": ""{\u0022height\u0022: \u00223.5\u0022, \u0022width\u0022: \u00222.5\u0022, \u0022unit\u0022: \u0022inch\u0022}""}",d25eb25b-dfa0-4ef0-ad1e-d9396730114e,f4036237-193f-42e6-96ac-f4c693e9c3e6,Archer,Archer,{},guardians_limited-edition_archer
e7ee9f4a-e095-48d8-ba64-f7fb5819ba53,item,1,0,"{""obverse"": ""guardians_limited-edition_arms-of-the-earth"", ""reverse"": ""guardians_card-back""}","{""name_printed"": ""Arms of the Earth"", ""rarity"": ""Rare-2"", ""type"": ""External"", ""item_dimensions"": ""{\u0022height\u0022: \u00223.5\u0022, \u0022width\u0022: \u00222.5\u0022, \u0022unit\u0022: \u0022inch\u0022}""}",d25eb25b-dfa0-4ef0-ad1e-d9396730114e,f4036237-193f-42e6-96ac-f4c693e9c3e6,Arms of the Earth,Arms of the Earth,{},guardians_limited-edition_arms-of-the-earth
f2625325-ed3b-48e9-a06e-87098102dc3c,item,1,0,"{""obverse"": ""guardians_limited-edition_axeman"", ""reverse"": ""guardians_card-back""}","{""name_printed"": ""Axeman"", ""rarity"": ""Uncommon-2"", ""type"": ""Mortal"", ""item_dimensions"": ""{\u0022height\u0022: \u00223.5\u0022, \u0022width\u0022: \u00222.5\u0022, \u0022unit\u0022: \u0022inch\u0022}""}",d25eb25b-dfa0-4ef0-ad1e-d9396730114e,f4036237-193f-42e6-96ac-f4c693e9c3e6,Axeman,Axeman,{},guardians_limited-edition_axeman
581ebb19-326c-406c-8082-68bf60492124,item,1,0,"{""obverse"": ""guardians_limited-edition_baal-a-gog"", ""reverse"": ""guardians_card-back""}","{""name_printed"": ""Baal-a-Gog"", ""rarity"": ""Uncommon-1"", ""type"": ""Elemental"", ""item_dimensions"": ""{\u0022height\u0022: \u00223.5\u0022, \u0022width\u0022: \u00222.5\u0022, \u0022unit\u0022: \u0022inch\u0022}""}",d25eb25b-dfa0-4ef0-ad1e-d9396730114e,f4036237-193f-42e6-96ac-f4c693e9c3e6,Baal-a-Gog,Baal-a-Gog,{},guardians_limited-edition_baal-a-gog
60301e28-75fb-4c6f-b633-f904309f4795,item,1,0,"{""obverse"": ""guardians_limited-edition_babe-hound"", ""reverse"": ""guardians_card-back""}","{""name_printed"": ""Babe Hound"", ""rarity"": ""Common-1"", ""type"": ""Mortal"", ""item_dimensions"": ""{\u0022height\u0022: \u00223.5\u0022, \u0022width\u0022: \u00222.5\u0022, \u0022unit\u0022: \u0022inch\u0022}""}",d25eb25b-dfa0-4ef0-ad1e-d9396730114e,f4036237-193f-42e6-96ac-f4c693e9c3e6,Babe Hound,Babe Hound,{},guardians_limited-edition_babe-hound
f3372d07-d70b-4262-90b1-ec0ed634d6a1,item,1,0,"{""obverse"": ""guardians_limited-edition_babes"", ""reverse"": ""guardians_card-back""}","{""name_printed"": ""Babes"", ""rarity"": ""Common-2"", ""type"": ""Bribery"", ""item_dimensions"": ""{\u0022height\u0022: \u00223.5\u0022, \u0022width\u0022: \u00222.5\u0022, \u0022unit\u0022: \u0022inch\u0022}""}",d25eb25b-dfa0-4ef0-ad1e-d9396730114e,f4036237-193f-42e6-96ac-f4c693e9c3e6,Babes,Babes,{},guardians_limited-edition_babes
612663cc-c586-4ccc-9d4a-af0365989ef2,item,1,0,"{""obverse"": ""guardians_limited-edition_baleful-eye"", ""reverse"": ""guardians_card-back""}","{""name_printed"": ""Baleful Eye"", ""rarity"": ""Common-1"", ""type"": ""Elemental"", ""item_dimensions"": ""{\u0022height\u0022: \u00223.5\u0022, \u0022width\u0022: \u00222.5\u0022, \u0022unit\u0022: \u0022inch\u0022}""}",d25eb25b-dfa0-4ef0-ad1e-d9396730114e,f4036237-193f-42e6-96ac-f4c693e9c3e6,Baleful Eye,Baleful Eye,{},guardians_limited-edition_baleful-eye
7b1af75c-83ec-4cd0-8ef2-086235a6e5c6,item,1,0,"{""obverse"": ""guardians_limited-edition_bantam-drake"", ""reverse"": ""guardians_card-back""}","{""name_printed"": ""Bantam Drake"", ""rarity"": ""Uncommon-1"", ""type"": ""External"", ""item_dimensions"": ""{\u0022height\u0022: \u00223.5\u0022, \u0022width\u0022: \u00222.5\u0022, \u0022unit\u0022: \u0022inch\u0022}""}",d25eb25b-dfa0-4ef0-ad1e-d9396730114e,f4036237-193f-42e6-96ac-f4c693e9c3e6,Bantam Drake,Bantam Drake,{},guardians_limited-edition_bantam-drake
5e6fe029-132e-48d3-a3f5-ca4b5fbe5f59,third-party-document,0,0,"{""obverse"": ""guardians_limited-edition_bealzebub"", ""reverse"": ""guardians_card-back""}","{""name_printed"": ""Bealzebub"", ""rarity"": ""Rare-1"", ""type"": ""Elemental"", ""item_dimensions"": ""{\u0022height\u0022: \u00223.5\u0022, \u0022width\u0022: \u00222.5\u0022, \u0022unit\u0022: \u0022inch\u0022}""}",d25eb25b-dfa0-4ef0-ad1e-d9396730114e,f4036237-193f-42e6-96ac-f4c693e9c3e6,Bealzebub,Bealzebub,{},guardians_limited-edition_bealzebub
3d1564bd-5472-4444-8f6e-0904a24e0149,item,1,0,"{""obverse"": ""guardians_limited-edition_beer"", ""reverse"": ""guardians_card-back""}","{""name_printed"": ""Beer"", ""rarity"": ""Common-2"", ""type"": ""Bribery"", ""item_dimensions"": ""{\u0022height\u0022: \u00223.5\u0022, \u0022width\u0022: \u00222.5\u0022, \u0022unit\u0022: \u0022inch\u0022}""}",d25eb25b-dfa0-4ef0-ad1e-d9396730114e,f4036237-193f-42e6-96ac-f4c693e9c3e6,Beer,Beer,{},guardians_limited-edition_beer
fed40b55-2fd9-4095-8bee-47927628df7f,item,1,0,"{""obverse"": ""guardians_limited-edition_big-groaning-cankerd"", ""reverse"": ""guardians_card-back""}","{""name_printed"": ""Big Groaning Cankerd"", ""rarity"": ""Uncommon-1"", ""type"": ""Mortal"", ""item_dimensions"": ""{\u0022height\u0022: \u00223.5\u0022, \u0022width\u0022: \u00222.5\u0022, \u0022unit\u0022: \u0022inch\u0022}""}",d25eb25b-dfa0-4ef0-ad1e-d9396730114e,f4036237-193f-42e6-96ac-f4c693e9c3e6,Big Groaning Cankerd,Big Groaning Cankerd,{},guardians_limited-edition_big-groaning-cankerd
76dfa5db-c32d-4a90-bff0-f18a5f98da2b,item,1,0,"{""obverse"": ""guardians_limited-edition_black-lung"", ""reverse"": ""guardians_card-back""}","{""name_printed"": ""Black Lung"", ""rarity"": ""Common-1"", ""type"": ""External"", ""item_dimensions"": ""{\u0022height\u0022: \u00223.5\u0022, \u0022width\u0022: \u00222.5\u0022, \u0022unit\u0022: \u0022inch\u0022}""}",d25eb25b-dfa0-4ef0-ad1e-d9396730114e,f4036237-193f-42e6-96ac-f4c693e9c3e6,Black Lung,Black Lung,{},guardians_limited-edition_black-lung
4e68c3ab-bfb2-4fb6-8189-97fe5c5728af,item,1,0,"{""obverse"": ""guardians_limited-edition_black-unicorn"", ""reverse"": ""guardians_card-back""}","{""name_printed"": ""Black Unicorn"", ""rarity"": ""Rare-2"", ""type"": ""External"", ""item_dimensions"": ""{\u0022height\u0022: \u00223.5\u0022, \u0022width\u0022: \u00222.5\u0022, \u0022unit\u0022: \u0022inch\u0022}""}",d25eb25b-dfa0-4ef0-ad1e-d9396730114e,f4036237-193f-42e6-96ac-f4c693e9c3e6,Black Unicorn,Black Unicorn,{},guardians_limited-edition_black-unicorn
acb922e1-c65e-4242-bd7e-9deec00836d3,item,1,0,"{""obverse"": ""guardians_limited-edition_blackthwaite-jumper"", ""reverse"": ""guardians_card-back""}","{""name_printed"": ""Blackthwaite Jumper"", ""rarity"": ""Uncommon-1"", ""type"": ""External"", ""item_dimensions"": ""{\u0022height\u0022: \u00223.5\u0022, \u0022width\u0022: \u00222.5\u0022, \u0022unit\u0022: \u0022inch\u0022}""}",d25eb25b-dfa0-4ef0-ad1e-d9396730114e,f4036237-193f-42e6-96ac-f4c693e9c3e6,Blackthwaite Jumper,Blackthwaite Jumper,{},guardians_limited-edition_blackthwaite-jumper
e38f5729-e879-4b9d-ae3f-c437fc0a7111,item,1,0,"{""obverse"": ""guardians_limited-edition_bold-mold"", ""reverse"": ""guardians_card-back""}","{""name_printed"": ""Bold Mold"", ""rarity"": ""Uncommon-1"", ""type"": ""External"", ""item_dimensions"": ""{\u0022height\u0022: \u00223.5\u0022, \u0022width\u0022: \u00222.5\u0022, \u0022unit\u0022: \u0022inch\u0022}""}",d25eb25b-dfa0-4ef0-ad1e-d9396730114e,f4036237-193f-42e6-96ac-f4c693e9c3e6,Bold Mold,Bold Mold,{},guardians_limited-edition_bold-mold
b9d946a0-31bf-44ab-8a3a-a378c5d3be97,item,1,0,"{""obverse"": ""guardians_limited-edition_bone-shambler"", ""reverse"": ""guardians_card-back""}","{""name_printed"": ""Bone Shambler"", ""rarity"": ""Rare-2"", ""type"": ""External"", ""item_dimensions"": ""{\u0022height\u0022: \u00223.5\u0022, \u0022width\u0022: \u00222.5\u0022, \u0022unit\u0022: \u0022inch\u0022}""}",d25eb25b-dfa0-4ef0-ad1e-d9396730114e,f4036237-193f-42e6-96ac-f4c693e9c3e6,Bone Shambler,Bone Shambler,{},guardians_limited-edition_bone-shambler
e2c4e2bc-8de7-4580-973b-4a7a95036412,item,1,0,"{""obverse"": ""guardians_limited-edition_brap-back-goblins"", ""reverse"": ""guardians_card-back""}","{""name_printed"": ""Brap Back Goblins"", ""rarity"": ""Uncommon-1"", ""type"": ""Mortal"", ""item_dimensions"": ""{\u0022height\u0022: \u00223.5\u0022, \u0022width\u0022: \u00222.5\u0022, \u0022unit\u0022: \u0022inch\u0022}""}",d25eb25b-dfa0-4ef0-ad1e-d9396730114e,f4036237-193f-42e6-96ac-f4c693e9c3e6,Brap Back Goblins,Brap Back Goblins,{},guardians_limited-edition_brap-back-goblins
8ecaff0d-6fa4-45e5-9454-24b08da2e8e0,item,1,0,"{""obverse"": ""guardians_limited-edition_brown-backs"", ""reverse"": ""guardians_card-back""}","{""name_printed"": ""Brown Backs"", ""rarity"": ""Common-1"", ""type"": ""Mortal"", ""item_dimensions"": ""{\u0022height\u0022: \u00223.5\u0022, \u0022width\u0022: \u00222.5\u0022, \u0022unit\u0022: \u0022inch\u0022}""}",d25eb25b-dfa0-4ef0-ad1e-d9396730114e,f4036237-193f-42e6-96ac-f4c693e9c3e6,Brown Backs,Brown Backs,{},guardians_limited-edition_brown-backs
008a53e3-0a5a-4180-9331-898fef75eb81,third-party-document,0,0,"{""obverse"": ""guardians_limited-edition_bruce-the-goose"", ""reverse"": ""guardians_card-back""}","{""name_printed"": ""Bruce the Goose"", ""rarity"": ""Rare-1"", ""type"": ""Mortal"", ""item_dimensions"": ""{\u0022height\u0022: \u00223.5\u0022, \u0022width\u0022: \u00222.5\u0022, \u0022unit\u0022: \u0022inch\u0022}""}",d25eb25b-dfa0-4ef0-ad1e-d9396730114e,f4036237-193f-42e6-96ac-f4c693e9c3e6,Bruce the Goose,Bruce the Goose,{},guardians_limited-edition_bruce-the-goose
d923a4f9-ff2d-4b4e-99a3-fc6455b2ba6c,item,1,0,"{""obverse"": ""guardians_limited-edition_bulbous-clamjack"", ""reverse"": ""guardians_card-back""}","{""name_printed"": ""Bulbous Clamjack"", ""rarity"": ""Common-1"", ""type"": ""Mortal"", ""item_dimensions"": ""{\u0022height\u0022: \u00223.5\u0022, \u0022width\u0022: \u00222.5\u0022, \u0022unit\u0022: \u0022inch\u0022}""}",d25eb25b-dfa0-4ef0-ad1e-d9396730114e,f4036237-193f-42e6-96ac-f4c693e9c3e6,Bulbous Clamjack,Bulbous Clamjack,{},guardians_limited-edition_bulbous-clamjack
ae9148fe-c523-450f-b26a-46f4a5eda6e2,item,1,0,"{""obverse"": ""guardians_limited-edition_bungee-bony-ridged"", ""reverse"": ""guardians_card-back""}","{""name_printed"": ""Bungee Bony Ridged"", ""rarity"": ""Uncommon-1"", ""type"": ""Mortal"", ""item_dimensions"": ""{\u0022height\u0022: \u00223.5\u0022, \u0022width\u0022: \u00222.5\u0022, \u0022unit\u0022: \u0022inch\u0022}""}",d25eb25b-dfa0-4ef0-ad1e-d9396730114e,f4036237-193f-42e6-96ac-f4c693e9c3e6,Bungee Bony Ridged,Bungee Bony Ridged,{},guardians_limited-edition_bungee-bony-ridged
a3f1597c-52e2-476a-8e84-c0994d965c46,item,1,0,"{""obverse"": ""guardians_limited-edition_burrowing-barg"", ""reverse"": ""guardians_card-back""}","{""name_printed"": ""Burrowing Barg"", ""rarity"": ""Common-2"", ""type"": ""External"", ""item_dimensions"": ""{\u0022height\u0022: \u00223.5\u0022, \u0022width\u0022: \u00222.5\u0022, \u0022unit\u0022: \u0022inch\u0022}""}",d25eb25b-dfa0-4ef0-ad1e-d9396730114e,f4036237-193f-42e6-96ac-f4c693e9c3e6,Burrowing Barg,Burrowing Barg,{},guardians_limited-edition_burrowing-barg
b81e85a3-6fca-4686-949f-1b707aa8dd05,item,1,0,"{""obverse"": ""guardians_limited-edition_captain"", ""reverse"": ""guardians_card-back""}","{""name_printed"": ""Captain"", ""rarity"": ""Common-1"", ""type"": ""Mortal"", ""item_dimensions"": ""{\u0022height\u0022: \u00223.5\u0022, \u0022width\u0022: \u00222.5\u0022, \u0022unit\u0022: \u0022inch\u0022}""}",d25eb25b-dfa0-4ef0-ad1e-d9396730114e,f4036237-193f-42e6-96ac-f4c693e9c3e6,Captain,Captain,{},guardians_limited-edition_captain
7cb2307d-d7cc-4c78-be5e-863c46061454,third-party-document,0,0,"{""obverse"": ""guardians_limited-edition_captain-red-nose"", ""reverse"": ""guardians_card-back""}","{""name_printed"": ""Captain Red Nose"", ""rarity"": ""Rare-2"", ""type"": ""Mortal"", ""item_dimensions"": ""{\u0022height\u0022: \u00223.5\u0022, \u0022width\u0022: \u00222.5\u0022, \u0022unit\u0022: \u0022inch\u0022}""}",d25eb25b-dfa0-4ef0-ad1e-d9396730114e,f4036237-193f-42e6-96ac-f4c693e9c3e6,Captain Red Nose,Captain Red Nose,{},guardians_limited-edition_captain-red-nose
531eb7fc-652b-4a44-8b92-0940e76e8449,item,1,0,"{""obverse"": ""guardians_limited-edition_carreg-amroth-stronghold-(center)"", ""reverse"": ""guardians_card-back""}","{""name_printed"": ""Carreg Amroth Stronghold"", ""functional_disambiguator"": ""Center"", ""rarity"": ""Starter"", ""type"": ""Stronghold"", ""item_dimensions"": ""{\u0022height\u0022: \u00223.5\u0022, \u0022width\u0022: \u00222.5\u0022, \u0022unit\u0022: \u0022inch\u0022}""}",d25eb25b-dfa0-4ef0-ad1e-d9396730114e,f4036237-193f-42e6-96ac-f4c693e9c3e6,Carreg Amroth Stronghold (Center),Carreg Amroth Stronghold (Center),{},guardians_limited-edition_carreg-amroth-stronghold-(center)
d1d9b1ba-d2e4-498a-9d15-af9ee25dfede,item,1,0,"{""obverse"": ""guardians_limited-edition_carreg-amroth-stronghold-(left)"", ""reverse"": ""guardians_card-back""}","{""name_printed"": ""Carreg Amroth Stronghold"", ""functional_disambiguator"": ""Left"", ""rarity"": ""Starter"", ""type"": ""Stronghold"", ""item_dimensions"": ""{\u0022height\u0022: \u00223.5\u0022, \u0022width\u0022: \u00222.5\u0022, \u0022unit\u0022: \u0022inch\u0022}""}",d25eb25b-dfa0-4ef0-ad1e-d9396730114e,f4036237-193f-42e6-96ac-f4c693e9c3e6,Carreg Amroth Stronghold (Left),Carreg Amroth Stronghold (Left),{},guardians_limited-edition_carreg-amroth-stronghold-(left)
e2ae7c82-68dc-451b-ae56-92eb2db2433f,item,1,0,"{""obverse"": ""guardians_limited-edition_carreg-amroth-stronghold-(right)"", ""reverse"": ""guardians_card-back""}","{""name_printed"": ""Carreg Amroth Stronghold"", ""functional_disambiguator"": ""Right"", ""rarity"": ""Starter"", ""type"": ""Stronghold"", ""item_dimensions"": ""{\u0022height\u0022: \u00223.5\u0022, \u0022width\u0022: \u00222.5\u0022, \u0022unit\u0022: \u0022inch\u0022}""}",d25eb25b-dfa0-4ef0-ad1e-d9396730114e,f4036237-193f-42e6-96ac-f4c693e9c3e6,Carreg Amroth Stronghold (Right),Carreg Amroth Stronghold (Right),{},guardians_limited-edition_carreg-amroth-stronghold-(right)
ac2db602-e990-4c4c-87e0-b470bb6d021d,item,1,0,"{""obverse"": ""guardians_limited-edition_cave-giant"", ""reverse"": ""guardians_card-back""}","{""name_printed"": ""Cave Giant"", ""rarity"": ""Common-1"", ""type"": ""Mortal"", ""item_dimensions"": ""{\u0022height\u0022: \u00223.5\u0022, \u0022width\u0022: \u00222.5\u0022, \u0022unit\u0022: \u0022inch\u0022}""}",d25eb25b-dfa0-4ef0-ad1e-d9396730114e,f4036237-193f-42e6-96ac-f4c693e9c3e6,Cave Giant,Cave Giant,{},guardians_limited-edition_cave-giant
541a94a1-940d-45d3-9f79-b7ff8a47ff67,third-party-document,0,0,"{""obverse"": ""guardians_limited-edition_cherub"", ""reverse"": ""guardians_card-back""}","{""name_printed"": ""Cherub"", ""rarity"": ""Rare-2"", ""type"": ""Elemental"", ""item_dimensions"": ""{\u0022height\u0022: \u00223.5\u0022, \u0022width\u0022: \u00222.5\u0022, \u0022unit\u0022: \u0022inch\u0022}""}",d25eb25b-dfa0-4ef0-ad1e-d9396730114e,f4036237-193f-42e6-96ac-f4c693e9c3e6,Cherub,Cherub,{},guardians_limited-edition_cherub
bc241dd3-3c1d-416f-8996-8585ac9effbf,item,1,0,"{""obverse"": ""guardians_limited-edition_cleric"", ""reverse"": ""guardians_card-back""}","{""name_printed"": ""Cleric"", ""rarity"": ""Uncommon-1"", ""type"": ""Mortal"", ""item_dimensions"": ""{\u0022height\u0022: \u00223.5\u0022, \u0022width\u0022: \u00222.5\u0022, \u0022unit\u0022: \u0022inch\u0022}""}",d25eb25b-dfa0-4ef0-ad1e-d9396730114e,f4036237-193f-42e6-96ac-f4c693e9c3e6,Cleric,Cleric,{},guardians_limited-edition_cleric
7b512283-3a62-4a0d-b54c-eb7cd8e0e953,item,1,0,"{""obverse"": ""guardians_limited-edition_control-destiny"", ""reverse"": ""guardians_card-back""}","{""name_printed"": ""Control Destiny"", ""rarity"": ""Uncommon-1"", ""type"": ""Spell"", ""item_dimensions"": ""{\u0022height\u0022: \u00223.5\u0022, \u0022width\u0022: \u00222.5\u0022, \u0022unit\u0022: \u0022inch\u0022}""}",d25eb25b-dfa0-4ef0-ad1e-d9396730114e,f4036237-193f-42e6-96ac-f4c693e9c3e6,Control Destiny,Control Destiny,{},guardians_limited-edition_control-destiny
bb720f16-e2da-4b12-98a9-396400d7b08f,item,1,0,"{""obverse"": ""guardians_limited-edition_corporal"", ""reverse"": ""guardians_card-back""}","{""name_printed"": ""Corporal"", ""rarity"": ""Common-1"", ""type"": ""Mortal"", ""item_dimensions"": ""{\u0022height\u0022: \u00223.5\u0022, \u0022width\u0022: \u00222.5\u0022, \u0022unit\u0022: \u0022inch\u0022}""}",d25eb25b-dfa0-4ef0-ad1e-d9396730114e,f4036237-193f-42e6-96ac-f4c693e9c3e6,Corporal,Corporal,{},guardians_limited-edition_corporal
6188bce5-16cd-4cf1-a8aa-b93b78ac2b44,item,1,0,"{""obverse"": ""guardians_limited-edition_corruption-stream"", ""reverse"": ""guardians_card-back""}","{""name_printed"": ""Corruption Stream"", ""rarity"": ""Rare-2"", ""type"": ""Elemental"", ""item_dimensions"": ""{\u0022height\u0022: \u00223.5\u0022, \u0022width\u0022: \u00222.5\u0022, \u0022unit\u0022: \u0022inch\u0022}""}",d25eb25b-dfa0-4ef0-ad1e-d9396730114e,f4036237-193f-42e6-96ac-f4c693e9c3e6,Corruption Stream,Corruption Stream,{},guardians_limited-edition_corruption-stream
fe5fd457-2f95-4b85-be24-68af84d21b30,third-party-document,0,0,"{""obverse"": ""guardians_limited-edition_cow"", ""reverse"": ""guardians_card-back""}","{""name_printed"": ""Cow"", ""rarity"": ""Rare-2"", ""type"": ""Mortal"", ""item_dimensions"": ""{\u0022height\u0022: \u00223.5\u0022, \u0022width\u0022: \u00222.5\u0022, \u0022unit\u0022: \u0022inch\u0022}""}",d25eb25b-dfa0-4ef0-ad1e-d9396730114e,f4036237-193f-42e6-96ac-f4c693e9c3e6,Cow,Cow,{},guardians_limited-edition_cow
8fe86ba7-5d0f-4d2f-9186-ba8c42084e1a,item,1,0,"{""obverse"": ""guardians_limited-edition_crook-end-snoot"", ""reverse"": ""guardians_card-back""}","{""name_printed"": ""Crook End Snoot"", ""rarity"": ""Common-1"", ""type"": ""External"", ""item_dimensions"": ""{\u0022height\u0022: \u00223.5\u0022, \u0022width\u0022: \u00222.5\u0022, \u0022unit\u0022: \u0022inch\u0022}""}",d25eb25b-dfa0-4ef0-ad1e-d9396730114e,f4036237-193f-42e6-96ac-f4c693e9c3e6,Crook End Snoot,Crook End Snoot,{},guardians_limited-edition_crook-end-snoot
60650dc1-a3fd-4906-a6d4-c6d05d138cb9,item,1,0,"{""obverse"": ""guardians_limited-edition_crook-end-snooter"", ""reverse"": ""guardians_card-back""}","{""name_printed"": ""Crook End Snooter"", ""rarity"": ""Uncommon-1"", ""type"": ""External"", ""item_dimensions"": ""{\u0022height\u0022: \u00223.5\u0022, \u0022width\u0022: \u00222.5\u0022, \u0022unit\u0022: \u0022inch\u0022}""}",d25eb25b-dfa0-4ef0-ad1e-d9396730114e,f4036237-193f-42e6-96ac-f4c693e9c3e6,Crook End Snooter,Crook End Snooter,{},guardians_limited-edition_crook-end-snooter
1660c59c-a901-4671-bfdb-bdafd02b7dc3,third-party-document,0,0,"{""obverse"": ""guardians_limited-edition_crystal-flash"", ""reverse"": ""guardians_card-back""}","{""name_printed"": ""Crystal Flash"", ""rarity"": ""Rare-2"", ""type"": ""External"", ""item_dimensions"": ""{\u0022height\u0022: \u00223.5\u0022, \u0022width\u0022: \u00222.5\u0022, \u0022unit\u0022: \u0022inch\u0022}""}",d25eb25b-dfa0-4ef0-ad1e-d9396730114e,f4036237-193f-42e6-96ac-f4c693e9c3e6,Crystal Flash,Crystal Flash,{},guardians_limited-edition_crystal-flash
f1d46527-45b3-4491-941c-f6a9acc38e00,item,1,0,"{""obverse"": ""guardians_limited-edition_cyclops"", ""reverse"": ""guardians_card-back""}","{""name_printed"": ""Cyclops"", ""rarity"": ""Common-1"", ""type"": ""External"", ""item_dimensions"": ""{\u0022height\u0022: \u00223.5\u0022, \u0022width\u0022: \u00222.5\u0022, \u0022unit\u0022: \u0022inch\u0022}""}",d25eb25b-dfa0-4ef0-ad1e-d9396730114e,f4036237-193f-42e6-96ac-f4c693e9c3e6,Cyclops,Cyclops,{},guardians_limited-edition_cyclops
7be65ddd-3668-4d63-bddb-3b7c833b9ff0,third-party-document,0,0,"{""obverse"": ""guardians_limited-edition_darkness-elemental"", ""reverse"": ""guardians_card-back""}","{""name_printed"": ""Darkness Elemental"", ""rarity"": ""Rare-2"", ""type"": ""Elemental"", ""item_dimensions"": ""{\u0022height\u0022: \u00223.5\u0022, \u0022width\u0022: \u00222.5\u0022, \u0022unit\u0022: \u0022inch\u0022}""}",d25eb25b-dfa0-4ef0-ad1e-d9396730114e,f4036237-193f-42e6-96ac-f4c693e9c3e6,Darkness Elemental,Darkness Elemental,{},guardians_limited-edition_darkness-elemental
4ff9fae6-d8a0-4ddc-8bbf-12b270e9ae28,item,1,0,"{""obverse"": ""guardians_limited-edition_death"", ""reverse"": ""guardians_card-back""}","{""name_printed"": ""Death"", ""rarity"": ""Rare-2"", ""type"": ""Elemental"", ""item_dimensions"": ""{\u0022height\u0022: \u00223.5\u0022, \u0022width\u0022: \u00222.5\u0022, \u0022unit\u0022: \u0022inch\u0022}""}",d25eb25b-dfa0-4ef0-ad1e-d9396730114e,f4036237-193f-42e6-96ac-f4c693e9c3e6,Death,Death,{},guardians_limited-edition_death
36958dca-a6ae-472a-9641-2f57fae678a4,item,1,0,"{""obverse"": ""guardians_limited-edition_demon-horde-of-kabod"", ""reverse"": ""guardians_card-back""}","{""name_printed"": ""Demon Horde of Kabod"", ""rarity"": ""Uncommon-1"", ""type"": ""Elemental"", ""item_dimensions"": ""{\u0022height\u0022: \u00223.5\u0022, \u0022width\u0022: \u00222.5\u0022, \u0022unit\u0022: \u0022inch\u0022}""}",d25eb25b-dfa0-4ef0-ad1e-d9396730114e,f4036237-193f-42e6-96ac-f4c693e9c3e6,Demon Horde of Kabod,Demon Horde of Kabod,{},guardians_limited-edition_demon-horde-of-kabod
4971f79b-3b3a-4577-aeb5-b0a3e20ee4e6,item,1,0,"{""obverse"": ""guardians_limited-edition_desert-giant"", ""reverse"": ""guardians_card-back""}","{""name_printed"": ""Desert Giant"", ""rarity"": ""Common-1"", ""type"": ""Mortal"", ""item_dimensions"": ""{\u0022height\u0022: \u00223.5\u0022, \u0022width\u0022: \u00222.5\u0022, \u0022unit\u0022: \u0022inch\u0022}""}",d25eb25b-dfa0-4ef0-ad1e-d9396730114e,f4036237-193f-42e6-96ac-f4c693e9c3e6,Desert Giant,Desert Giant,{},guardians_limited-edition_desert-giant
129fa214-1fd9-4a44-9a47-099e3d5347dd,item,1,0,"{""obverse"": ""guardians_limited-edition_detect-life-force"", ""reverse"": ""guardians_card-back""}","{""name_printed"": ""Detect Life Force"", ""rarity"": ""Common-1"", ""type"": ""Spell"", ""item_dimensions"": ""{\u0022height\u0022: \u00223.5\u0022, \u0022width\u0022: \u00222.5\u0022, \u0022unit\u0022: \u0022inch\u0022}""}",d25eb25b-dfa0-4ef0-ad1e-d9396730114e,f4036237-193f-42e6-96ac-f4c693e9c3e6,Detect Life Force,Detect Life Force,{},guardians_limited-edition_detect-life-force
04431210-804b-456d-bbc7-3ebf71e55426,item,1,0,"{""obverse"": ""guardians_limited-edition_devil-dog"", ""reverse"": ""guardians_card-back""}","{""name_printed"": ""Devil Dog"", ""rarity"": ""Common-1"", ""type"": ""Elemental"", ""item_dimensions"": ""{\u0022height\u0022: \u00223.5\u0022, \u0022width\u0022: \u00222.5\u0022, \u0022unit\u0022: \u0022inch\u0022}""}",d25eb25b-dfa0-4ef0-ad1e-d9396730114e,f4036237-193f-42e6-96ac-f4c693e9c3e6,Devil Dog,Devil Dog,{},guardians_limited-edition_devil-dog
37cd5828-eecf-4e89-9fec-9517f1feb47f,item,1,0,"{""obverse"": ""guardians_limited-edition_devil-hedgehog"", ""reverse"": ""guardians_card-back""}","{""name_printed"": ""Devil Hedgehog"", ""rarity"": ""Common-1"", ""type"": ""Elemental"", ""item_dimensions"": ""{\u0022height\u0022: \u00223.5\u0022, \u0022width\u0022: \u00222.5\u0022, \u0022unit\u0022: \u0022inch\u0022}""}",d25eb25b-dfa0-4ef0-ad1e-d9396730114e,f4036237-193f-42e6-96ac-f4c693e9c3e6,Devil Hedgehog,Devil Hedgehog,{},guardians_limited-edition_devil-hedgehog
2e5a0257-702b-44c7-9848-671868ecfe62,item,1,0,"{""obverse"": ""guardians_limited-edition_dispel-magic"", ""reverse"": ""guardians_card-back""}","{""name_printed"": ""Dispel Magic"", ""rarity"": ""Common-2"", ""type"": ""Spell"", ""item_dimensions"": ""{\u0022height\u0022: \u00223.5\u0022, \u0022width\u0022: \u00222.5\u0022, \u0022unit\u0022: \u0022inch\u0022}""}",d25eb25b-dfa0-4ef0-ad1e-d9396730114e,f4036237-193f-42e6-96ac-f4c693e9c3e6,Dispel Magic,Dispel Magic,{},guardians_limited-edition_dispel-magic
2304ebb1-3a91-411d-8565-0f23909ad436,item,1,0,"{""obverse"": ""guardians_limited-edition_djinn"", ""reverse"": ""guardians_card-back""}","{""name_printed"": ""Djinn"", ""rarity"": ""Uncommon-1"", ""type"": ""Elemental"", ""item_dimensions"": ""{\u0022height\u0022: \u00223.5\u0022, \u0022width\u0022: \u00222.5\u0022, \u0022unit\u0022: \u0022inch\u0022}""}",d25eb25b-dfa0-4ef0-ad1e-d9396730114e,f4036237-193f-42e6-96ac-f4c693e9c3e6,Djinn,Djinn,{},guardians_limited-edition_djinn
7569f7b8-054f-4ef0-b25c-5e75cd4ba2a1,item,1,0,"{""obverse"": ""guardians_limited-edition_doomwing"", ""reverse"": ""guardians_card-back""}","{""name_printed"": ""Doomwing"", ""rarity"": ""Uncommon-1"", ""type"": ""Elemental"", ""item_dimensions"": ""{\u0022height\u0022: \u00223.5\u0022, \u0022width\u0022: \u00222.5\u0022, \u0022unit\u0022: \u0022inch\u0022}""}",d25eb25b-dfa0-4ef0-ad1e-d9396730114e,f4036237-193f-42e6-96ac-f4c693e9c3e6,Doomwing,Doomwing,{},guardians_limited-edition_doomwing
6757d10d-d97a-4244-9c1a-bae6afd86a82,third-party-document,0,0,"{""obverse"": ""guardians_limited-edition_dragon-wing-lord"", ""reverse"": ""guardians_card-back""}","{""name_printed"": ""Dragon Wing Lord"", ""rarity"": ""Rare-1"", ""type"": ""External"", ""item_dimensions"": ""{\u0022height\u0022: \u00223.5\u0022, \u0022width\u0022: \u00222.5\u0022, \u0022unit\u0022: \u0022inch\u0022}""}",d25eb25b-dfa0-4ef0-ad1e-d9396730114e,f4036237-193f-42e6-96ac-f4c693e9c3e6,Dragon Wing Lord,Dragon Wing Lord,{},guardians_limited-edition_dragon-wing-lord
7a377649-6282-4dab-a14b-6f725f944a03,item,1,0,"{""obverse"": ""guardians_limited-edition_dreaded-doom-dog"", ""reverse"": ""guardians_card-back""}","{""name_printed"": ""Dreaded Doom Dog"", ""rarity"": ""Common-1"", ""type"": ""Elemental"", ""item_dimensions"": ""{\u0022height\u0022: \u00223.5\u0022, \u0022width\u0022: \u00222.5\u0022, \u0022unit\u0022: \u0022inch\u0022}""}",d25eb25b-dfa0-4ef0-ad1e-d9396730114e,f4036237-193f-42e6-96ac-f4c693e9c3e6,Dreaded Doom Dog,Dreaded Doom Dog,{},guardians_limited-edition_dreaded-doom-dog
e2234b78-c849-4c09-adee-ae3ad120122b,item,1,0,"{""obverse"": ""guardians_limited-edition_drooling-clamjack"", ""reverse"": ""guardians_card-back""}","{""name_printed"": ""Drooling Clamjack"", ""rarity"": ""Common-1"", ""type"": ""Mortal"", ""item_dimensions"": ""{\u0022height\u0022: \u00223.5\u0022, \u0022width\u0022: \u00222.5\u0022, \u0022unit\u0022: \u0022inch\u0022}""}",d25eb25b-dfa0-4ef0-ad1e-d9396730114e,f4036237-193f-42e6-96ac-f4c693e9c3e6,Drooling Clamjack,Drooling Clamjack,{},guardians_limited-edition_drooling-clamjack
cf5dc848-b9c2-4782-853a-a8ffc2a5fefe,item,1,0,"{""obverse"": ""guardians_limited-edition_earth-elemental"", ""reverse"": ""guardians_card-back""}","{""name_printed"": ""Earth Elemental"", ""rarity"": ""Common-1"", ""type"": ""Elemental"", ""item_dimensions"": ""{\u0022height\u0022: \u00223.5\u0022, \u0022width\u0022: \u00222.5\u0022, \u0022unit\u0022: \u0022inch\u0022}""}",d25eb25b-dfa0-4ef0-ad1e-d9396730114e,f4036237-193f-42e6-96ac-f4c693e9c3e6,Earth Elemental,Earth Elemental,{},guardians_limited-edition_earth-elemental
f5d11c5d-53c4-4354-9084-8763b88d7220,third-party-document,0,0,"{""obverse"": ""guardians_limited-edition_earth-mother"", ""reverse"": ""guardians_card-back""}","{""name_printed"": ""Earth Mother"", ""rarity"": ""Rare-2"", ""type"": ""Elemental"", ""item_dimensions"": ""{\u0022height\u0022: \u00223.5\u0022, \u0022width\u0022: \u00222.5\u0022, \u0022unit\u0022: \u0022inch\u0022}""}",d25eb25b-dfa0-4ef0-ad1e-d9396730114e,f4036237-193f-42e6-96ac-f4c693e9c3e6,Earth Mother,Earth Mother,{},guardians_limited-edition_earth-mother
d51cefe3-ea21-4733-873d-ccc0c902f665,item,1,0,"{""obverse"": ""guardians_limited-edition_elder-cave-giant"", ""reverse"": ""guardians_card-back""}","{""name_printed"": ""Elder Cave Giant"", ""rarity"": ""Uncommon-2"", ""type"": ""Mortal"", ""item_dimensions"": ""{\u0022height\u0022: \u00223.5\u0022, \u0022width\u0022: \u00222.5\u0022, \u0022unit\u0022: \u0022inch\u0022}""}",d25eb25b-dfa0-4ef0-ad1e-d9396730114e,f4036237-193f-42e6-96ac-f4c693e9c3e6,Elder Cave Giant,Elder Cave Giant,{},guardians_limited-edition_elder-cave-giant
bf5955a8-2ced-4917-9b17-0a76e7f2d3dd,item,1,0,"{""obverse"": ""guardians_limited-edition_embryonic-witch"", ""reverse"": ""guardians_card-back""}","{""name_printed"": ""Embryonic Witch"", ""rarity"": ""Uncommon-2"", ""type"": ""External"", ""item_dimensions"": ""{\u0022height\u0022: \u00223.5\u0022, \u0022width\u0022: \u00222.5\u0022, \u0022unit\u0022: \u0022inch\u0022}""}",d25eb25b-dfa0-4ef0-ad1e-d9396730114e,f4036237-193f-42e6-96ac-f4c693e9c3e6,Embryonic Witch,Embryonic Witch,{},guardians_limited-edition_embryonic-witch
c3e45f5a-b405-49b1-9571-457e7565d7eb,item,1,0,"{""obverse"": ""guardians_limited-edition_energy-eater"", ""reverse"": ""guardians_card-back""}","{""name_printed"": ""Energy Eater"", ""rarity"": ""Common-1"", ""type"": ""Spell"", ""item_dimensions"": ""{\u0022height\u0022: \u00223.5\u0022, \u0022width\u0022: \u00222.5\u0022, \u0022unit\u0022: \u0022inch\u0022}""}",d25eb25b-dfa0-4ef0-ad1e-d9396730114e,f4036237-193f-42e6-96ac-f4c693e9c3e6,Energy Eater,Energy Eater,{},guardians_limited-edition_energy-eater
005cf4e2-9d9f-4108-b4c3-fe0da04fc1b1,item,1,0,"{""obverse"": ""guardians_limited-edition_energy-leach"", ""reverse"": ""guardians_card-back""}","{""name_printed"": ""Energy Leach"", ""rarity"": ""Rare-2"", ""type"": ""Elemental"", ""item_dimensions"": ""{\u0022height\u0022: \u00223.5\u0022, \u0022width\u0022: \u00222.5\u0022, \u0022unit\u0022: \u0022inch\u0022}""}",d25eb25b-dfa0-4ef0-ad1e-d9396730114e,f4036237-193f-42e6-96ac-f4c693e9c3e6,Energy Leach,Energy Leach,{},guardians_limited-edition_energy-leach
8ef72e3a-705f-4f58-802f-0e44fbdc9145,item,1,0,"{""obverse"": ""guardians_limited-edition_energy-toad"", ""reverse"": ""guardians_card-back""}","{""name_printed"": ""Energy Toad"", ""rarity"": ""Uncommon-1"", ""type"": ""Elemental"", ""item_dimensions"": ""{\u0022height\u0022: \u00223.5\u0022, \u0022width\u0022: \u00222.5\u0022, \u0022unit\u0022: \u0022inch\u0022}""}",d25eb25b-dfa0-4ef0-ad1e-d9396730114e,f4036237-193f-42e6-96ac-f4c693e9c3e6,Energy Toad,Energy Toad,{},guardians_limited-edition_energy-toad
112c4bc7-0786-44fd-a9a1-f3e71c2310a1,item,1,0,"{""obverse"": ""guardians_limited-edition_energy-well"", ""reverse"": ""guardians_card-back""}","{""name_printed"": ""Energy Well"", ""rarity"": ""Rare-2"", ""type"": ""Elemental"", ""item_dimensions"": ""{\u0022height\u0022: \u00223.5\u0022, \u0022width\u0022: \u00222.5\u0022, \u0022unit\u0022: \u0022inch\u0022}""}",d25eb25b-dfa0-4ef0-ad1e-d9396730114e,f4036237-193f-42e6-96ac-f4c693e9c3e6,Energy Well,Energy Well,{},guardians_limited-edition_energy-well
390ed03f-8d3a-4418-a33a-a52282bf965e,third-party-document,0,0,"{""obverse"": ""guardians_limited-edition_eternal-witch-lord"", ""reverse"": ""guardians_card-back""}","{""name_printed"": ""Eternal Witch Lord"", ""rarity"": ""Rare-2"", ""type"": ""External"", ""item_dimensions"": ""{\u0022height\u0022: \u00223.5\u0022, \u0022width\u0022: \u00222.5\u0022, \u0022unit\u0022: \u0022inch\u0022}""}",d25eb25b-dfa0-4ef0-ad1e-d9396730114e,f4036237-193f-42e6-96ac-f4c693e9c3e6,Eternal Witch Lord,Eternal Witch Lord,{},guardians_limited-edition_eternal-witch-lord
0115d355-ae34-4859-95c0-82c6be5298fc,item,1,0,"{""obverse"": ""guardians_limited-edition_eye-of-long-spying"", ""reverse"": ""guardians_card-back""}","{""name_printed"": ""Eye of Long Spying"", ""rarity"": ""Common-1"", ""type"": ""Spell"", ""item_dimensions"": ""{\u0022height\u0022: \u00223.5\u0022, \u0022width\u0022: \u00222.5\u0022, \u0022unit\u0022: \u0022inch\u0022}""}",d25eb25b-dfa0-4ef0-ad1e-d9396730114e,f4036237-193f-42e6-96ac-f4c693e9c3e6,Eye of Long Spying,Eye of Long Spying,{},guardians_limited-edition_eye-of-long-spying
6cae0c61-4649-43bf-ae46-31b4c8ad7e67,item,1,0,"{""obverse"": ""guardians_limited-edition_eye-of-missile-mayhem"", ""reverse"": ""guardians_card-back""}","{""name_printed"": ""Eye of Missile Mayhem"", ""rarity"": ""Rare-2"", ""type"": ""Magic Item - Hand"", ""item_dimensions"": ""{\u0022height\u0022: \u00223.5\u0022, \u0022width\u0022: \u00222.5\u0022, \u0022unit\u0022: \u0022inch\u0022}""}",d25eb25b-dfa0-4ef0-ad1e-d9396730114e,f4036237-193f-42e6-96ac-f4c693e9c3e6,Eye of Missile Mayhem,Eye of Missile Mayhem,{},guardians_limited-edition_eye-of-missile-mayhem
1e84b7ad-3813-4ecf-965d-7ecc4c55b5a7,item,1,0,"{""obverse"": ""guardians_limited-edition_female-pixie"", ""reverse"": ""guardians_card-back""}","{""name_printed"": ""Female Pixie"", ""rarity"": ""Uncommon-1"", ""type"": ""External"", ""item_dimensions"": ""{\u0022height\u0022: \u00223.5\u0022, \u0022width\u0022: \u00222.5\u0022, \u0022unit\u0022: \u0022inch\u0022}""}",d25eb25b-dfa0-4ef0-ad1e-d9396730114e,f4036237-193f-42e6-96ac-f4c693e9c3e6,Female Pixie,Female Pixie,{},guardians_limited-edition_female-pixie
75edb7ac-a041-4da5-a4f8-bbc876af17ab,item,1,0,"{""obverse"": ""guardians_limited-edition_female-titan"", ""reverse"": ""guardians_card-back""}","{""name_printed"": ""Female Titan"", ""rarity"": ""Common-1"", ""type"": ""External"", ""item_dimensions"": ""{\u0022height\u0022: \u00223.5\u0022, \u0022width\u0022: \u00222.5\u0022, \u0022unit\u0022: \u0022inch\u0022}""}",d25eb25b-dfa0-4ef0-ad1e-d9396730114e,f4036237-193f-42e6-96ac-f4c693e9c3e6,Female Titan,Female Titan,{},guardians_limited-edition_female-titan
911b7a57-f45e-44ca-a57c-f2e5204277f1,third-party-document,0,0,"{""obverse"": ""guardians_limited-edition_finn-swamp-king"", ""reverse"": ""guardians_card-back""}","{""name_printed"": ""Finn Swamp King"", ""rarity"": ""Rare-2"", ""type"": ""Guardian"", ""item_dimensions"": ""{\u0022height\u0022: \u00223.5\u0022, \u0022width\u0022: \u00222.5\u0022, \u0022unit\u0022: \u0022inch\u0022}""}",d25eb25b-dfa0-4ef0-ad1e-d9396730114e,f4036237-193f-42e6-96ac-f4c693e9c3e6,Finn Swamp King,Finn Swamp King,{},guardians_limited-edition_finn-swamp-king
09693830-6a92-41bd-a50b-8acce37d7b31,item,1,0,"{""obverse"": ""guardians_limited-edition_fire-elemental"", ""reverse"": ""guardians_card-back""}","{""name_printed"": ""Fire Elemental"", ""rarity"": ""Rare-2"", ""type"": ""Elemental"", ""item_dimensions"": ""{\u0022height\u0022: \u00223.5\u0022, \u0022width\u0022: \u00222.5\u0022, \u0022unit\u0022: \u0022inch\u0022}""}",d25eb25b-dfa0-4ef0-ad1e-d9396730114e,f4036237-193f-42e6-96ac-f4c693e9c3e6,Fire Elemental,Fire Elemental,{},guardians_limited-edition_fire-elemental
7305167f-9fb8-41d9-b7a8-8e9fed1739d2,item,1,0,"{""obverse"": ""guardians_limited-edition_fire-walker"", ""reverse"": ""guardians_card-back""}","{""name_printed"": ""Fire Walker"", ""rarity"": ""Common-1"", ""type"": ""Elemental"", ""item_dimensions"": ""{\u0022height\u0022: \u00223.5\u0022, \u0022width\u0022: \u00222.5\u0022, \u0022unit\u0022: \u0022inch\u0022}""}",d25eb25b-dfa0-4ef0-ad1e-d9396730114e,f4036237-193f-42e6-96ac-f4c693e9c3e6,Fire Walker,Fire Walker,{},guardians_limited-edition_fire-walker
0861f3fb-8c06-4cf7-a6ab-a87c67402ded,third-party-document,0,0,"{""obverse"": ""guardians_limited-edition_flame-cannon"", ""reverse"": ""guardians_card-back""}","{""name_printed"": ""Flame Cannon"", ""rarity"": ""Rare-1"", ""type"": ""Stronghold Upgrade"", ""item_dimensions"": ""{\u0022height\u0022: \u00223.5\u0022, \u0022width\u0022: \u00222.5\u0022, \u0022unit\u0022: \u0022inch\u0022}""}",d25eb25b-dfa0-4ef0-ad1e-d9396730114e,f4036237-193f-42e6-96ac-f4c693e9c3e6,Flame Cannon,Flame Cannon,{},guardians_limited-edition_flame-cannon
b5e0499d-a3a3-420e-abc8-d7cd257262d7,item,1,0,"{""obverse"": ""guardians_limited-edition_floyd-the-flying-pig"", ""reverse"": ""guardians_card-back""}","{""name_printed"": ""Floyd the Flying Pig"", ""rarity"": ""Uncommon-2"", ""type"": ""Mortal"", ""item_dimensions"": ""{\u0022height\u0022: \u00223.5\u0022, \u0022width\u0022: \u00222.5\u0022, \u0022unit\u0022: \u0022inch\u0022}""}",d25eb25b-dfa0-4ef0-ad1e-d9396730114e,f4036237-193f-42e6-96ac-f4c693e9c3e6,Floyd the Flying Pig,Floyd the Flying Pig,{},guardians_limited-edition_floyd-the-flying-pig
56dadcb1-7897-41d0-ba09-649f50ef5a69,third-party-document,0,0,"{""obverse"": ""guardians_limited-edition_force-barrier"", ""reverse"": ""guardians_card-back""}","{""name_printed"": ""Force Barrier"", ""rarity"": ""Rare-2"", ""type"": ""Spell"", ""item_dimensions"": ""{\u0022height\u0022: \u00223.5\u0022, \u0022width\u0022: \u00222.5\u0022, \u0022unit\u0022: \u0022inch\u0022}""}",d25eb25b-dfa0-4ef0-ad1e-d9396730114e,f4036237-193f-42e6-96ac-f4c693e9c3e6,Force Barrier,Force Barrier,{},guardians_limited-edition_force-barrier
52e1805a-d670-447f-a509-aaf65794a329,third-party-document,0,0,"{""obverse"": ""guardians_limited-edition_gaar-influencer-of-the-masses"", ""reverse"": ""guardians_card-back""}","{""name_printed"": ""Gaar Influencer of the Masses"", ""rarity"": ""Rare-1"", ""type"": ""Guardian"", ""item_dimensions"": ""{\u0022height\u0022: \u00223.5\u0022, \u0022width\u0022: \u00222.5\u0022, \u0022unit\u0022: \u0022inch\u0022}""}",d25eb25b-dfa0-4ef0-ad1e-d9396730114e,f4036237-193f-42e6-96ac-f4c693e9c3e6,Gaar Influencer of the Masses,Gaar Influencer of the Masses,{},guardians_limited-edition_gaar-influencer-of-the-masses
54ade3e1-c563-4443-b0e1-d8e81c9c232a,item,1,0,"{""obverse"": ""guardians_limited-edition_giant-penguin"", ""reverse"": ""guardians_card-back""}","{""name_printed"": ""Giant Penguin"", ""rarity"": ""Common-1"", ""type"": ""External"", ""item_dimensions"": ""{\u0022height\u0022: \u00223.5\u0022, \u0022width\u0022: \u00222.5\u0022, \u0022unit\u0022: \u0022inch\u0022}""}",d25eb25b-dfa0-4ef0-ad1e-d9396730114e,f4036237-193f-42e6-96ac-f4c693e9c3e6,Giant Penguin,Giant Penguin,{},guardians_limited-edition_giant-penguin
035c2b97-8601-44af-91bc-a3e57fdee4e3,item,1,0,"{""obverse"": ""guardians_limited-edition_gn'obby-gnome"", ""reverse"": ""guardians_card-back""}","{""name_printed"": ""Gn'Obby Gnome"", ""rarity"": ""Uncommon-1"", ""type"": ""Mortal"", ""item_dimensions"": ""{\u0022height\u0022: \u00223.5\u0022, \u0022width\u0022: \u00222.5\u0022, \u0022unit\u0022: \u0022inch\u0022}""}",d25eb25b-dfa0-4ef0-ad1e-d9396730114e,f4036237-193f-42e6-96ac-f4c693e9c3e6,Gn'Obby Gnome,Gn'Obby Gnome,{},guardians_limited-edition_gn'obby-gnome
8f1cac91-2c08-4109-9155-4ea48b92d6bc,third-party-document,0,0,"{""obverse"": ""guardians_limited-edition_gn'olegable-gnomes"", ""reverse"": ""guardians_card-back""}","{""name_printed"": ""Gn'Olegable Gnomes"", ""rarity"": ""Rare-2"", ""type"": ""Mortal"", ""item_dimensions"": ""{\u0022height\u0022: \u00223.5\u0022, \u0022width\u0022: \u00222.5\u0022, \u0022unit\u0022: \u0022inch\u0022}""}",d25eb25b-dfa0-4ef0-ad1e-d9396730114e,f4036237-193f-42e6-96ac-f4c693e9c3e6,Gn'Olegable Gnomes,Gn'Olegable Gnomes,{},guardians_limited-edition_gn'olegable-gnomes
368328de-d7ca-45c5-8653-5fdb1bec93fd,item,1,0,"{""obverse"": ""guardians_limited-edition_gn'omish-gnomes"", ""reverse"": ""guardians_card-back""}","{""name_printed"": ""Gn'Omish Gnomes"", ""rarity"": ""Common-1"", ""type"": ""Mortal"", ""item_dimensions"": ""{\u0022height\u0022: \u00223.5\u0022, \u0022width\u0022: \u00222.5\u0022, \u0022unit\u0022: \u0022inch\u0022}""}",d25eb25b-dfa0-4ef0-ad1e-d9396730114e,f4036237-193f-42e6-96ac-f4c693e9c3e6,Gn'Omish Gnomes,Gn'Omish Gnomes,{},guardians_limited-edition_gn'omish-gnomes
15f5e701-81b0-4c7c-9a10-66ed18323e7d,item,1,0,"{""obverse"": ""guardians_limited-edition_gold"", ""reverse"": ""guardians_card-back""}","{""name_printed"": ""Gold"", ""rarity"": ""Common-2"", ""type"": ""Bribery"", ""item_dimensions"": ""{\u0022height\u0022: \u00223.5\u0022, \u0022width\u0022: \u00222.5\u0022, \u0022unit\u0022: \u0022inch\u0022}""}",d25eb25b-dfa0-4ef0-ad1e-d9396730114e,f4036237-193f-42e6-96ac-f4c693e9c3e6,Gold,Gold,{},guardians_limited-edition_gold
bf59387e-3036-4f9e-8cbe-b3f2cdd49304,item,1,0,"{""obverse"": ""guardians_limited-edition_goldthwaite-jumper"", ""reverse"": ""guardians_card-back""}","{""name_printed"": ""Goldthwaite Jumper"", ""rarity"": ""Uncommon-2"", ""type"": ""External"", ""item_dimensions"": ""{\u0022height\u0022: \u00223.5\u0022, \u0022width\u0022: \u00222.5\u0022, \u0022unit\u0022: \u0022inch\u0022}""}",d25eb25b-dfa0-4ef0-ad1e-d9396730114e,f4036237-193f-42e6-96ac-f4c693e9c3e6,Goldthwaite Jumper,Goldthwaite Jumper,{},guardians_limited-edition_goldthwaite-jumper
59b400e6-abb9-4c98-8834-876f55b49c0c,item,1,0,"{""obverse"": ""guardians_limited-edition_gorgal-skag"", ""reverse"": ""guardians_card-back""}","{""name_printed"": ""Gorgal Skag"", ""rarity"": ""Common-1"", ""type"": ""Elemental"", ""item_dimensions"": ""{\u0022height\u0022: \u00223.5\u0022, \u0022width\u0022: \u00222.5\u0022, \u0022unit\u0022: \u0022inch\u0022}""}",d25eb25b-dfa0-4ef0-ad1e-d9396730114e,f4036237-193f-42e6-96ac-f4c693e9c3e6,Gorgal Skag,Gorgal Skag,{},guardians_limited-edition_gorgal-skag
37399d0f-4d62-43c8-b969-33b3baeaebf5,third-party-document,0,0,"{""obverse"": ""guardians_limited-edition_grand-avatar"", ""reverse"": ""guardians_card-back""}","{""name_printed"": ""Grand Avatar"", ""rarity"": ""Rare-1"", ""type"": ""Mortal"", ""item_dimensions"": ""{\u0022height\u0022: \u00223.5\u0022, \u0022width\u0022: \u00222.5\u0022, \u0022unit\u0022: \u0022inch\u0022}""}",d25eb25b-dfa0-4ef0-ad1e-d9396730114e,f4036237-193f-42e6-96ac-f4c693e9c3e6,Grand Avatar,Grand Avatar,{},guardians_limited-edition_grand-avatar
92417d3a-e461-4d57-baf3-278e2f430724,third-party-document,0,0,"{""obverse"": ""guardians_limited-edition_grand-phooba-schnee"", ""reverse"": ""guardians_card-back""}","{""name_printed"": ""Grand Phooba Schnee"", ""rarity"": ""Rare-1"", ""type"": ""External"", ""item_dimensions"": ""{\u0022height\u0022: \u00223.5\u0022, \u0022width\u0022: \u00222.5\u0022, \u0022unit\u0022: \u0022inch\u0022}""}",d25eb25b-dfa0-4ef0-ad1e-d9396730114e,f4036237-193f-42e6-96ac-f4c693e9c3e6,Grand Phooba Schnee,Grand Phooba Schnee,{},guardians_limited-edition_grand-phooba-schnee
26c0c188-e11a-4cb3-802a-d9c2e70150e9,item,1,0,"{""obverse"": ""guardians_limited-edition_great-fanged-ogre"", ""reverse"": ""guardians_card-back""}","{""name_printed"": ""Great Fanged Ogre"", ""rarity"": ""Uncommon-1"", ""type"": ""Mortal"", ""item_dimensions"": ""{\u0022height\u0022: \u00223.5\u0022, \u0022width\u0022: \u00222.5\u0022, \u0022unit\u0022: \u0022inch\u0022}""}",d25eb25b-dfa0-4ef0-ad1e-d9396730114e,f4036237-193f-42e6-96ac-f4c693e9c3e6,Great Fanged Ogre,Great Fanged Ogre,{},guardians_limited-edition_great-fanged-ogre
2f9fcb2e-1912-4cc6-88af-453b5613ad19,item,1,0,"{""obverse"": ""guardians_limited-edition_greater-air-elemental"", ""reverse"": ""guardians_card-back""}","{""name_printed"": ""Greater Air Elemental"", ""rarity"": ""Uncommon-1"", ""type"": ""Elemental"", ""item_dimensions"": ""{\u0022height\u0022: \u00223.5\u0022, \u0022width\u0022: \u00222.5\u0022, \u0022unit\u0022: \u0022inch\u0022}""}",d25eb25b-dfa0-4ef0-ad1e-d9396730114e,f4036237-193f-42e6-96ac-f4c693e9c3e6,Greater Air Elemental,Greater Air Elemental,{},guardians_limited-edition_greater-air-elemental
860c6797-4b33-40b0-b58d-d30f812ee430,third-party-document,0,0,"{""obverse"": ""guardians_limited-edition_greater-energy-elemental"", ""reverse"": ""guardians_card-back""}","{""name_printed"": ""Greater Energy Elemental"", ""rarity"": ""Rare-1"", ""type"": ""Elemental"", ""item_dimensions"": ""{\u0022height\u0022: \u00223.5\u0022, \u0022width\u0022: \u00222.5\u0022, \u0022unit\u0022: \u0022inch\u0022}""}",d25eb25b-dfa0-4ef0-ad1e-d9396730114e,f4036237-193f-42e6-96ac-f4c693e9c3e6,Greater Energy Elemental,Greater Energy Elemental,{},guardians_limited-edition_greater-energy-elemental
856d1dc9-5a12-4466-b7f2-218094e91299,item,1,0,"{""obverse"": ""guardians_limited-edition_greedy-fiend"", ""reverse"": ""guardians_card-back""}","{""name_printed"": ""Greedy Fiend"", ""rarity"": ""Uncommon-2"", ""type"": ""Mortal"", ""item_dimensions"": ""{\u0022height\u0022: \u00223.5\u0022, \u0022width\u0022: \u00222.5\u0022, \u0022unit\u0022: \u0022inch\u0022}""}",d25eb25b-dfa0-4ef0-ad1e-d9396730114e,f4036237-193f-42e6-96ac-f4c693e9c3e6,Greedy Fiend,Greedy Fiend,{},guardians_limited-edition_greedy-fiend
96f3738b-c74e-4d8b-be35-e94dda968dc9,item,1,0,"{""obverse"": ""guardians_limited-edition_grilbus"", ""reverse"": ""guardians_card-back""}","{""name_printed"": ""Grilbus"", ""rarity"": ""Common-1"", ""type"": ""Mortal"", ""item_dimensions"": ""{\u0022height\u0022: \u00223.5\u0022, \u0022width\u0022: \u00222.5\u0022, \u0022unit\u0022: \u0022inch\u0022}""}",d25eb25b-dfa0-4ef0-ad1e-d9396730114e,f4036237-193f-42e6-96ac-f4c693e9c3e6,Grilbus,Grilbus,{},guardians_limited-edition_grilbus
c111e896-d3d0-433e-beb2-6452dcc70dd0,item,1,0,"{""obverse"": ""guardians_limited-edition_grim-skull"", ""reverse"": ""guardians_card-back""}","{""name_printed"": ""Grim Skull"", ""rarity"": ""Rare-2"", ""type"": ""External"", ""item_dimensions"": ""{\u0022height\u0022: \u00223.5\u0022, \u0022width\u0022: \u00222.5\u0022, \u0022unit\u0022: \u0022inch\u0022}""}",d25eb25b-dfa0-4ef0-ad1e-d9396730114e,f4036237-193f-42e6-96ac-f4c693e9c3e6,Grim Skull,Grim Skull,{},guardians_limited-edition_grim-skull
7d8394a8-3d12-4013-a789-0d0e84c52620,item,1,0,"{""obverse"": ""guardians_limited-edition_gringe-commander"", ""reverse"": ""guardians_card-back""}","{""name_printed"": ""Gringe Commander"", ""rarity"": ""Rare-2"", ""type"": ""Mortal"", ""item_dimensions"": ""{\u0022height\u0022: \u00223.5\u0022, \u0022width\u0022: \u00222.5\u0022, \u0022unit\u0022: \u0022inch\u0022}""}",d25eb25b-dfa0-4ef0-ad1e-d9396730114e,f4036237-193f-42e6-96ac-f4c693e9c3e6,Gringe Commander,Gringe Commander,{},guardians_limited-edition_gringe-commander
58dbba6d-7a54-4c9b-8018-7d1b2c940a0d,item,1,0,"{""obverse"": ""guardians_limited-edition_groupie"", ""reverse"": ""guardians_card-back""}","{""name_printed"": ""Groupie"", ""rarity"": ""Uncommon-1"", ""type"": ""External"", ""item_dimensions"": ""{\u0022height\u0022: \u00223.5\u0022, \u0022width\u0022: \u00222.5\u0022, \u0022unit\u0022: \u0022inch\u0022}""}",d25eb25b-dfa0-4ef0-ad1e-d9396730114e,f4036237-193f-42e6-96ac-f4c693e9c3e6,Groupie,Groupie,{},guardians_limited-edition_groupie
6d4e2957-a712-45d6-8d0a-a4fb1f40589e,item,1,0,"{""obverse"": ""guardians_limited-edition_gunner"", ""reverse"": ""guardians_card-back""}","{""name_printed"": ""Gunner"", ""rarity"": ""Common-1"", ""type"": ""Mortal"", ""item_dimensions"": ""{\u0022height\u0022: \u00223.5\u0022, \u0022width\u0022: \u00222.5\u0022, \u0022unit\u0022: \u0022inch\u0022}""}",d25eb25b-dfa0-4ef0-ad1e-d9396730114e,f4036237-193f-42e6-96ac-f4c693e9c3e6,Gunner,Gunner,{},guardians_limited-edition_gunner
2675063a-460f-49e5-8d8c-ee6d86b5c8a8,item,1,0,"{""obverse"": ""guardians_limited-edition_haba-naba-daba"", ""reverse"": ""guardians_card-back""}","{""name_printed"": ""Haba Naba Daba"", ""rarity"": ""Rare-2"", ""type"": ""Mortal"", ""item_dimensions"": ""{\u0022height\u0022: \u00223.5\u0022, \u0022width\u0022: \u00222.5\u0022, \u0022unit\u0022: \u0022inch\u0022}""}",d25eb25b-dfa0-4ef0-ad1e-d9396730114e,f4036237-193f-42e6-96ac-f4c693e9c3e6,Haba Naba Daba,Haba Naba Daba,{},guardians_limited-edition_haba-naba-daba
b168dec7-4b18-476e-b052-0a746f0352bf,item,1,0,"{""obverse"": ""guardians_limited-edition_haba-naba-kaba"", ""reverse"": ""guardians_card-back""}","{""name_printed"": ""Haba Naba Kaba"", ""rarity"": ""Common-1"", ""type"": ""Mortal"", ""item_dimensions"": ""{\u0022height\u0022: \u00223.5\u0022, \u0022width\u0022: \u00222.5\u0022, \u0022unit\u0022: \u0022inch\u0022}""}",d25eb25b-dfa0-4ef0-ad1e-d9396730114e,f4036237-193f-42e6-96ac-f4c693e9c3e6,Haba Naba Kaba,Haba Naba Kaba,{},guardians_limited-edition_haba-naba-kaba
d5523b4a-7a65-4c2f-b952-87844b1277e8,item,1,0,"{""obverse"": ""guardians_limited-edition_hair-de-hobbins"", ""reverse"": ""guardians_card-back""}","{""name_printed"": ""Hair-de-hobbins"", ""rarity"": ""Common-1"", ""type"": ""External"", ""item_dimensions"": ""{\u0022height\u0022: \u00223.5\u0022, \u0022width\u0022: \u00222.5\u0022, \u0022unit\u0022: \u0022inch\u0022}""}",d25eb25b-dfa0-4ef0-ad1e-d9396730114e,f4036237-193f-42e6-96ac-f4c693e9c3e6,Hair-de-hobbins,Hair-de-hobbins,{},guardians_limited-edition_hair-de-hobbins
988a20e1-db1f-4a4c-9214-11750bb8c7f6,third-party-document,0,0,"{""obverse"": ""guardians_limited-edition_hammer-of-doom"", ""reverse"": ""guardians_card-back""}","{""name_printed"": ""Hammer of Doom"", ""rarity"": ""Rare-2"", ""type"": ""Magic Item - Hand"", ""item_dimensions"": ""{\u0022height\u0022: \u00223.5\u0022, \u0022width\u0022: \u00222.5\u0022, \u0022unit\u0022: \u0022inch\u0022}""}",d25eb25b-dfa0-4ef0-ad1e-d9396730114e,f4036237-193f-42e6-96ac-f4c693e9c3e6,Hammer of Doom,Hammer of Doom,{},guardians_limited-edition_hammer-of-doom
949d2a22-f089-44f2-b614-1e9baf2d8b02,third-party-document,0,0,"{""obverse"": ""guardians_limited-edition_harkin-spreader-of-the-wealth"", ""reverse"": ""guardians_card-back""}","{""name_printed"": ""Harkin Spreader of the Wealth"", ""rarity"": ""Rare-2"", ""type"": ""Guardian"", ""item_dimensions"": ""{\u0022height\u0022: \u00223.5\u0022, \u0022width\u0022: \u00222.5\u0022, \u0022unit\u0022: \u0022inch\u0022}""}",d25eb25b-dfa0-4ef0-ad1e-d9396730114e,f4036237-193f-42e6-96ac-f4c693e9c3e6,Harkin Spreader of the Wealth,Harkin Spreader of the Wealth,{},guardians_limited-edition_harkin-spreader-of-the-wealth
17da3b8b-b5c7-4b6e-bfac-6d4f7be1ea4f,item,1,0,"{""obverse"": ""guardians_limited-edition_heels-of-speed"", ""reverse"": ""guardians_card-back""}","{""name_printed"": ""Heels of Speed"", ""rarity"": ""Uncommon-2"", ""type"": ""Magic Item - Creature"", ""item_dimensions"": ""{\u0022height\u0022: \u00223.5\u0022, \u0022width\u0022: \u00222.5\u0022, \u0022unit\u0022: \u0022inch\u0022}""}",d25eb25b-dfa0-4ef0-ad1e-d9396730114e,f4036237-193f-42e6-96ac-f4c693e9c3e6,Heels of Speed,Heels of Speed,{},guardians_limited-edition_heels-of-speed
7ff6d06d-6457-487d-9244-e764da311978,item,1,0,"{""obverse"": ""guardians_limited-edition_helm-of-the-brotherhood"", ""reverse"": ""guardians_card-back""}","{""name_printed"": ""Helm of the Brotherhood"", ""rarity"": ""Rare-2"", ""type"": ""Spell"", ""item_dimensions"": ""{\u0022height\u0022: \u00223.5\u0022, \u0022width\u0022: \u00222.5\u0022, \u0022unit\u0022: \u0022inch\u0022}""}",d25eb25b-dfa0-4ef0-ad1e-d9396730114e,f4036237-193f-42e6-96ac-f4c693e9c3e6,Helm of the Brotherhood,Helm of the Brotherhood,{},guardians_limited-edition_helm-of-the-brotherhood
aff56616-2e6c-47cf-9e37-b21096cdfe44,item,1,0,"{""obverse"": ""guardians_limited-edition_helper-card"", ""reverse"": ""guardians_card-back""}","{""name_printed"": ""Helper Card"", ""rarity"": ""Starter"", ""type"": ""GamePlay"", ""item_dimensions"": ""{\u0022height\u0022: \u00223.5\u0022, \u0022width\u0022: \u00222.5\u0022, \u0022unit\u0022: \u0022inch\u0022}""}",d25eb25b-dfa0-4ef0-ad1e-d9396730114e,f4036237-193f-42e6-96ac-f4c693e9c3e6,Helper Card,Helper Card,{},guardians_limited-edition_helper-card
821afbe6-333c-47b9-af95-5b5a1d2ba5d2,item,1,0,"{""obverse"": ""guardians_limited-edition_holy-grail"", ""reverse"": ""guardians_card-back""}","{""name_printed"": ""Holy Grail"", ""rarity"": ""Rare-2"", ""type"": ""Magic Item - Hand"", ""item_dimensions"": ""{\u0022height\u0022: \u00223.5\u0022, \u0022width\u0022: \u00222.5\u0022, \u0022unit\u0022: \u0022inch\u0022}""}",d25eb25b-dfa0-4ef0-ad1e-d9396730114e,f4036237-193f-42e6-96ac-f4c693e9c3e6,Holy Grail,Holy Grail,{},guardians_limited-edition_holy-grail
0ac9e3e1-3d9f-4711-ad23-56864fa3449d,item,1,0,"{""obverse"": ""guardians_limited-edition_horse"", ""reverse"": ""guardians_card-back""}","{""name_printed"": ""Horse"", ""rarity"": ""Common-1"", ""type"": ""Mortal"", ""item_dimensions"": ""{\u0022height\u0022: \u00223.5\u0022, \u0022width\u0022: \u00222.5\u0022, \u0022unit\u0022: \u0022inch\u0022}""}",d25eb25b-dfa0-4ef0-ad1e-d9396730114e,f4036237-193f-42e6-96ac-f4c693e9c3e6,Horse,Horse,{},guardians_limited-edition_horse
d646b4d2-9150-48ca-8d0a-321b351105d3,item,1,0,"{""obverse"": ""guardians_limited-edition_huge-rock-giant"", ""reverse"": ""guardians_card-back""}","{""name_printed"": ""Huge Rock Giant"", ""rarity"": ""Uncommon-2"", ""type"": ""Mortal"", ""item_dimensions"": ""{\u0022height\u0022: \u00223.5\u0022, \u0022width\u0022: \u00222.5\u0022, \u0022unit\u0022: \u0022inch\u0022}""}",d25eb25b-dfa0-4ef0-ad1e-d9396730114e,f4036237-193f-42e6-96ac-f4c693e9c3e6,Huge Rock Giant,Huge Rock Giant,{},guardians_limited-edition_huge-rock-giant
e1031042-7bb1-4561-aa34-1b4b103b37d6,third-party-document,0,0,"{""obverse"": ""guardians_limited-edition_humungus-fungus"", ""reverse"": ""guardians_card-back""}","{""name_printed"": ""Humungus Fungus"", ""rarity"": ""Rare-1"", ""type"": ""External"", ""item_dimensions"": ""{\u0022height\u0022: \u00223.5\u0022, \u0022width\u0022: \u00222.5\u0022, \u0022unit\u0022: \u0022inch\u0022}""}",d25eb25b-dfa0-4ef0-ad1e-d9396730114e,f4036237-193f-42e6-96ac-f4c693e9c3e6,Humungus Fungus,Humungus Fungus,{},guardians_limited-edition_humungus-fungus
5e44a335-7776-477e-ab51-d68e2dc4cea0,item,1,0,"{""obverse"": ""guardians_limited-edition_ice-elemental"", ""reverse"": ""guardians_card-back""}","{""name_printed"": ""Ice Elemental"", ""rarity"": ""Common-1"", ""type"": ""Elemental"", ""item_dimensions"": ""{\u0022height\u0022: \u00223.5\u0022, \u0022width\u0022: \u00222.5\u0022, \u0022unit\u0022: \u0022inch\u0022}""}",d25eb25b-dfa0-4ef0-ad1e-d9396730114e,f4036237-193f-42e6-96ac-f4c693e9c3e6,Ice Elemental,Ice Elemental,{},guardians_limited-edition_ice-elemental
b4c59b05-eb27-4252-9770-99a34f6a5f0d,item,1,0,"{""obverse"": ""guardians_limited-edition_ice-ogre"", ""reverse"": ""guardians_card-back""}","{""name_printed"": ""Ice Ogre"", ""rarity"": ""Common-1"", ""type"": ""Mortal"", ""item_dimensions"": ""{\u0022height\u0022: \u00223.5\u0022, \u0022width\u0022: \u00222.5\u0022, \u0022unit\u0022: \u0022inch\u0022}""}",d25eb25b-dfa0-4ef0-ad1e-d9396730114e,f4036237-193f-42e6-96ac-f4c693e9c3e6,Ice Ogre,Ice Ogre,{},guardians_limited-edition_ice-ogre
24b40900-bae7-49c4-8929-61d449d2e72b,item,1,0,"{""obverse"": ""guardians_limited-edition_ice-spirit"", ""reverse"": ""guardians_card-back""}","{""name_printed"": ""Ice Spirit"", ""rarity"": ""Common-1"", ""type"": ""Elemental"", ""item_dimensions"": ""{\u0022height\u0022: \u00223.5\u0022, \u0022width\u0022: \u00222.5\u0022, \u0022unit\u0022: \u0022inch\u0022}""}",d25eb25b-dfa0-4ef0-ad1e-d9396730114e,f4036237-193f-42e6-96ac-f4c693e9c3e6,Ice Spirit,Ice Spirit,{},guardians_limited-edition_ice-spirit
d04a8bd2-9e0f-4dbe-83bb-e109ee2e0412,item,1,0,"{""obverse"": ""guardians_limited-edition_ice-storm"", ""reverse"": ""guardians_card-back""}","{""name_printed"": ""Ice Storm"", ""rarity"": ""Common-1"", ""type"": ""Spell"", ""item_dimensions"": ""{\u0022height\u0022: \u00223.5\u0022, \u0022width\u0022: \u00222.5\u0022, \u0022unit\u0022: \u0022inch\u0022}""}",d25eb25b-dfa0-4ef0-ad1e-d9396730114e,f4036237-193f-42e6-96ac-f4c693e9c3e6,Ice Storm,Ice Storm,{},guardians_limited-edition_ice-storm
2d9dab8f-a632-41dc-9b21-ecb0618313ee,third-party-document,0,0,"{""obverse"": ""guardians_limited-edition_idiot"", ""reverse"": ""guardians_card-back""}","{""name_printed"": ""Idiot"", ""rarity"": ""Rare-2"", ""type"": ""Mortal"", ""item_dimensions"": ""{\u0022height\u0022: \u00223.5\u0022, \u0022width\u0022: \u00222.5\u0022, \u0022unit\u0022: \u0022inch\u0022}""}",d25eb25b-dfa0-4ef0-ad1e-d9396730114e,f4036237-193f-42e6-96ac-f4c693e9c3e6,Idiot,Idiot,{},guardians_limited-edition_idiot
a991fed2-356c-4298-98bd-ae99b8f0236a,item,1,0,"{""obverse"": ""guardians_limited-edition_idiot-fiend"", ""reverse"": ""guardians_card-back""}","{""name_printed"": ""Idiot Fiend"", ""rarity"": ""Uncommon-1"", ""type"": ""Mortal"", ""item_dimensions"": ""{\u0022height\u0022: \u00223.5\u0022, \u0022width\u0022: \u00222.5\u0022, \u0022unit\u0022: \u0022inch\u0022}""}",d25eb25b-dfa0-4ef0-ad1e-d9396730114e,f4036237-193f-42e6-96ac-f4c693e9c3e6,Idiot Fiend,Idiot Fiend,{},guardians_limited-edition_idiot-fiend
cb08dfb8-0d1b-470b-99b4-3298c79b70e5,item,1,0,"{""obverse"": ""guardians_limited-edition_iron-crag-baggler"", ""reverse"": ""guardians_card-back""}","{""name_printed"": ""Iron Crag Baggler"", ""rarity"": ""Common-1"", ""type"": ""External"", ""item_dimensions"": ""{\u0022height\u0022: \u00223.5\u0022, \u0022width\u0022: \u00222.5\u0022, \u0022unit\u0022: \u0022inch\u0022}""}",d25eb25b-dfa0-4ef0-ad1e-d9396730114e,f4036237-193f-42e6-96ac-f4c693e9c3e6,Iron Crag Baggler,Iron Crag Baggler,{},guardians_limited-edition_iron-crag-baggler
5ab042e4-8394-497b-88cc-be45132cc3e0,item,1,0,"{""obverse"": ""guardians_limited-edition_iron-crag-boggler"", ""reverse"": ""guardians_card-back""}","{""name_printed"": ""Iron Crag Boggler"", ""rarity"": ""Common-1"", ""type"": ""External"", ""item_dimensions"": ""{\u0022height\u0022: \u00223.5\u0022, \u0022width\u0022: \u00222.5\u0022, \u0022unit\u0022: \u0022inch\u0022}""}",d25eb25b-dfa0-4ef0-ad1e-d9396730114e,f4036237-193f-42e6-96ac-f4c693e9c3e6,Iron Crag Boggler,Iron Crag Boggler,{},guardians_limited-edition_iron-crag-boggler
e7842215-57b1-4ce5-9a6b-71a460f57b08,item,1,0,"{""obverse"": ""guardians_limited-edition_iron-crag-buggler"", ""reverse"": ""guardians_card-back""}","{""name_printed"": ""Iron Crag Buggler"", ""rarity"": ""Common-1"", ""type"": ""External"", ""item_dimensions"": ""{\u0022height\u0022: \u00223.5\u0022, \u0022width\u0022: \u00222.5\u0022, \u0022unit\u0022: \u0022inch\u0022}""}",d25eb25b-dfa0-4ef0-ad1e-d9396730114e,f4036237-193f-42e6-96ac-f4c693e9c3e6,Iron Crag Buggler,Iron Crag Buggler,{},guardians_limited-edition_iron-crag-buggler
c7aea943-d058-42aa-82f1-d6d95b544d66,item,1,0,"{""obverse"": ""guardians_limited-edition_iron-lord"", ""reverse"": ""guardians_card-back""}","{""name_printed"": ""Iron Lord"", ""rarity"": ""Uncommon-1"", ""type"": ""Elemental"", ""item_dimensions"": ""{\u0022height\u0022: \u00223.5\u0022, \u0022width\u0022: \u00222.5\u0022, \u0022unit\u0022: \u0022inch\u0022}""}",d25eb25b-dfa0-4ef0-ad1e-d9396730114e,f4036237-193f-42e6-96ac-f4c693e9c3e6,Iron Lord,Iron Lord,{},guardians_limited-edition_iron-lord
82a91dcb-27ec-4d04-b2bc-ff5caa89c54d,item,1,0,"{""obverse"": ""guardians_limited-edition_jibber"", ""reverse"": ""guardians_card-back""}","{""name_printed"": ""Jibber"", ""rarity"": ""Common-1"", ""type"": ""Mortal"", ""item_dimensions"": ""{\u0022height\u0022: \u00223.5\u0022, \u0022width\u0022: \u00222.5\u0022, \u0022unit\u0022: \u0022inch\u0022}""}",d25eb25b-dfa0-4ef0-ad1e-d9396730114e,f4036237-193f-42e6-96ac-f4c693e9c3e6,Jibber,Jibber,{},guardians_limited-edition_jibber
6bf5a1b4-577f-4336-bc76-e9f8c5575c64,item,1,0,"{""obverse"": ""guardians_limited-edition_khnumian-stronghold-(center)"", ""reverse"": ""guardians_card-back""}","{""name_printed"": ""Khnumian Stronghold"", ""functional_disambiguator"": ""Center"", ""rarity"": ""Starter"", ""type"": ""Stronghold"", ""item_dimensions"": ""{\u0022height\u0022: \u00223.5\u0022, \u0022width\u0022: \u00222.5\u0022, \u0022unit\u0022: \u0022inch\u0022}""}",d25eb25b-dfa0-4ef0-ad1e-d9396730114e,f4036237-193f-42e6-96ac-f4c693e9c3e6,Khnumian Stronghold (Center),Khnumian Stronghold (Center),{},guardians_limited-edition_khnumian-stronghold-(center)
301cf947-6ff5-45b7-b223-9df10a4d5552,item,1,0,"{""obverse"": ""guardians_limited-edition_khnumian-stronghold-(left)"", ""reverse"": ""guardians_card-back""}","{""name_printed"": ""Khnumian Stronghold"", ""functional_disambiguator"": ""Left"", ""rarity"": ""Starter"", ""type"": ""Stronghold"", ""item_dimensions"": ""{\u0022height\u0022: \u00223.5\u0022, \u0022width\u0022: \u00222.5\u0022, \u0022unit\u0022: \u0022inch\u0022}""}",d25eb25b-dfa0-4ef0-ad1e-d9396730114e,f4036237-193f-42e6-96ac-f4c693e9c3e6,Khnumian Stronghold (Left),Khnumian Stronghold (Left),{},guardians_limited-edition_khnumian-stronghold-(left)
32353067-8144-486d-af36-be82d25f3203,item,1,0,"{""obverse"": ""guardians_limited-edition_khnumian-stronghold-(right)"", ""reverse"": ""guardians_card-back""}","{""name_printed"": ""Khnumian Stronghold"", ""functional_disambiguator"": ""Right"", ""rarity"": ""Starter"", ""type"": ""Stronghold"", ""item_dimensions"": ""{\u0022height\u0022: \u00223.5\u0022, \u0022width\u0022: \u00222.5\u0022, \u0022unit\u0022: \u0022inch\u0022}""}",d25eb25b-dfa0-4ef0-ad1e-d9396730114e,f4036237-193f-42e6-96ac-f4c693e9c3e6,Khnumian Stronghold (Right),Khnumian Stronghold (Right),{},guardians_limited-edition_khnumian-stronghold-(right)
e316c535-37cc-42fc-965f-90185091c7f1,item,1,0,"{""obverse"": ""guardians_limited-edition_kikijub"", ""reverse"": ""guardians_card-back""}","{""name_printed"": ""Kikijub"", ""rarity"": ""Uncommon-1"", ""type"": ""External"", ""item_dimensions"": ""{\u0022height\u0022: \u00223.5\u0022, \u0022width\u0022: \u00222.5\u0022, \u0022unit\u0022: \u0022inch\u0022}""}",d25eb25b-dfa0-4ef0-ad1e-d9396730114e,f4036237-193f-42e6-96ac-f4c693e9c3e6,Kikijub,Kikijub,{},guardians_limited-edition_kikijub
cb5e946e-5cf6-4bde-91f8-2238eaaaba87,third-party-document,0,0,"{""obverse"": ""guardians_limited-edition_king-of-mystfall"", ""reverse"": ""guardians_card-back""}","{""name_printed"": ""King of Mystfall"", ""rarity"": ""Rare-2"", ""type"": ""External"", ""item_dimensions"": ""{\u0022height\u0022: \u00223.5\u0022, \u0022width\u0022: \u00222.5\u0022, \u0022unit\u0022: \u0022inch\u0022}""}",d25eb25b-dfa0-4ef0-ad1e-d9396730114e,f4036237-193f-42e6-96ac-f4c693e9c3e6,King of Mystfall,King of Mystfall,{},guardians_limited-edition_king-of-mystfall
23d554a8-9f36-4157-beb6-225c99527dfe,third-party-document,0,0,"{""obverse"": ""guardians_limited-edition_lake-serpent"", ""reverse"": ""guardians_card-back""}","{""name_printed"": ""Lake Serpent"", ""rarity"": ""Rare-2"", ""type"": ""External"", ""item_dimensions"": ""{\u0022height\u0022: \u00223.5\u0022, \u0022width\u0022: \u00222.5\u0022, \u0022unit\u0022: \u0022inch\u0022}""}",d25eb25b-dfa0-4ef0-ad1e-d9396730114e,f4036237-193f-42e6-96ac-f4c693e9c3e6,Lake Serpent,Lake Serpent,{},guardians_limited-edition_lake-serpent
66da657b-1471-4e92-ba59-bf99767c1d47,item,1,0,"{""obverse"": ""guardians_limited-edition_lancer"", ""reverse"": ""guardians_card-back""}","{""name_printed"": ""Lancer"", ""rarity"": ""Uncommon-1"", ""type"": ""Mortal"", ""item_dimensions"": ""{\u0022height\u0022: \u00223.5\u0022, \u0022width\u0022: \u00222.5\u0022, \u0022unit\u0022: \u0022inch\u0022}""}",d25eb25b-dfa0-4ef0-ad1e-d9396730114e,f4036237-193f-42e6-96ac-f4c693e9c3e6,Lancer,Lancer,{},guardians_limited-edition_lancer
1e7c079a-9389-406e-a860-27a258f6f781,item,1,0,"{""obverse"": ""guardians_limited-edition_large-idol"", ""reverse"": ""guardians_card-back""}","{""name_printed"": ""Large Idol"", ""rarity"": ""Uncommon-1"", ""type"": ""Stronghold Upgrade"", ""item_dimensions"": ""{\u0022height\u0022: \u00223.5\u0022, \u0022width\u0022: \u00222.5\u0022, \u0022unit\u0022: \u0022inch\u0022}""}",d25eb25b-dfa0-4ef0-ad1e-d9396730114e,f4036237-193f-42e6-96ac-f4c693e9c3e6,Large Idol,Large Idol,{},guardians_limited-edition_large-idol
86cb1de8-4892-4d1c-a7bc-26d856c9eb14,third-party-document,0,0,"{""obverse"": ""guardians_limited-edition_lawyer"", ""reverse"": ""guardians_card-back""}","{""name_printed"": ""Lawyer"", ""rarity"": ""Rare-1"", ""type"": ""Elemental"", ""item_dimensions"": ""{\u0022height\u0022: \u00223.5\u0022, \u0022width\u0022: \u00222.5\u0022, \u0022unit\u0022: \u0022inch\u0022}""}",d25eb25b-dfa0-4ef0-ad1e-d9396730114e,f4036237-193f-42e6-96ac-f4c693e9c3e6,Lawyer,Lawyer,{},guardians_limited-edition_lawyer
445a1eef-2e77-4ba2-aeb2-6e64583bea1a,item,1,0,"{""obverse"": ""guardians_limited-edition_leprechaun"", ""reverse"": ""guardians_card-back""}","{""name_printed"": ""Leprechaun"", ""rarity"": ""Common-1"", ""type"": ""External"", ""item_dimensions"": ""{\u0022height\u0022: \u00223.5\u0022, \u0022width\u0022: \u00222.5\u0022, \u0022unit\u0022: \u0022inch\u0022}""}",d25eb25b-dfa0-4ef0-ad1e-d9396730114e,f4036237-193f-42e6-96ac-f4c693e9c3e6,Leprechaun,Leprechaun,{},guardians_limited-edition_leprechaun
f54682d0-971b-4f0c-becc-190b056c7701,third-party-document,0,0,"{""obverse"": ""guardians_limited-edition_light-elemental"", ""reverse"": ""guardians_card-back""}","{""name_printed"": ""Light Elemental"", ""rarity"": ""Rare-2"", ""type"": ""Elemental"", ""item_dimensions"": ""{\u0022height\u0022: \u00223.5\u0022, \u0022width\u0022: \u00222.5\u0022, \u0022unit\u0022: \u0022inch\u0022}""}",d25eb25b-dfa0-4ef0-ad1e-d9396730114e,f4036237-193f-42e6-96ac-f4c693e9c3e6,Light Elemental,Light Elemental,{},guardians_limited-edition_light-elemental
dc5c2e29-fcdd-42e2-98e6-79dd4995b6c3,item,1,0,"{""obverse"": ""guardians_limited-edition_lorg-mole"", ""reverse"": ""guardians_card-back""}","{""name_printed"": ""Lorg Mole"", ""rarity"": ""Uncommon-1"", ""type"": ""Elemental"", ""item_dimensions"": ""{\u0022height\u0022: \u00223.5\u0022, \u0022width\u0022: \u00222.5\u0022, \u0022unit\u0022: \u0022inch\u0022}""}",d25eb25b-dfa0-4ef0-ad1e-d9396730114e,f4036237-193f-42e6-96ac-f4c693e9c3e6,Lorg Mole,Lorg Mole,{},guardians_limited-edition_lorg-mole
c05ad875-654a-4fec-a332-3b4160475e68,item,1,0,"{""obverse"": ""guardians_limited-edition_mad-fiend"", ""reverse"": ""guardians_card-back""}","{""name_printed"": ""Mad Fiend"", ""rarity"": ""Uncommon-2"", ""type"": ""Mortal"", ""item_dimensions"": ""{\u0022height\u0022: \u00223.5\u0022, \u0022width\u0022: \u00222.5\u0022, \u0022unit\u0022: \u0022inch\u0022}""}",d25eb25b-dfa0-4ef0-ad1e-d9396730114e,f4036237-193f-42e6-96ac-f4c693e9c3e6,Mad Fiend,Mad Fiend,{},guardians_limited-edition_mad-fiend
1179d0c9-f87f-4041-bf9d-72390111f076,item,1,0,"{""obverse"": ""guardians_limited-edition_magic-feedback"", ""reverse"": ""guardians_card-back""}","{""name_printed"": ""Magic Feedback"", ""rarity"": ""Uncommon-1"", ""type"": ""Spell"", ""item_dimensions"": ""{\u0022height\u0022: \u00223.5\u0022, \u0022width\u0022: \u00222.5\u0022, \u0022unit\u0022: \u0022inch\u0022}""}",d25eb25b-dfa0-4ef0-ad1e-d9396730114e,f4036237-193f-42e6-96ac-f4c693e9c3e6,Magic Feedback,Magic Feedback,{},guardians_limited-edition_magic-feedback
8a78af79-e758-48c3-9979-9fae1fd994a9,item,1,0,"{""obverse"": ""guardians_limited-edition_magma-elemental"", ""reverse"": ""guardians_card-back""}","{""name_printed"": ""Magma Elemental"", ""rarity"": ""Common-1"", ""type"": ""Elemental"", ""item_dimensions"": ""{\u0022height\u0022: \u00223.5\u0022, \u0022width\u0022: \u00222.5\u0022, \u0022unit\u0022: \u0022inch\u0022}""}",d25eb25b-dfa0-4ef0-ad1e-d9396730114e,f4036237-193f-42e6-96ac-f4c693e9c3e6,Magma Elemental,Magma Elemental,{},guardians_limited-edition_magma-elemental
58bde500-c30f-4d13-be45-7ce689e94249,item,1,0,"{""obverse"": ""guardians_limited-edition_major-party-animal"", ""reverse"": ""guardians_card-back""}","{""name_printed"": ""Major Party Animal"", ""rarity"": ""Uncommon-1"", ""type"": ""Mortal"", ""item_dimensions"": ""{\u0022height\u0022: \u00223.5\u0022, \u0022width\u0022: \u00222.5\u0022, \u0022unit\u0022: \u0022inch\u0022}""}",d25eb25b-dfa0-4ef0-ad1e-d9396730114e,f4036237-193f-42e6-96ac-f4c693e9c3e6,Major Party Animal,Major Party Animal,{},guardians_limited-edition_major-party-animal
0a9f9fe3-48b2-40d3-9f8b-efe91ff87b8c,item,1,0,"{""obverse"": ""guardians_limited-edition_make-juice"", ""reverse"": ""guardians_card-back""}","{""name_printed"": ""Make Juice"", ""rarity"": ""Common-2"", ""type"": ""Spell"", ""item_dimensions"": ""{\u0022height\u0022: \u00223.5\u0022, \u0022width\u0022: \u00222.5\u0022, \u0022unit\u0022: \u0022inch\u0022}""}",d25eb25b-dfa0-4ef0-ad1e-d9396730114e,f4036237-193f-42e6-96ac-f4c693e9c3e6,Make Juice,Make Juice,{},guardians_limited-edition_make-juice
95b94708-2887-419b-bbd0-946f22306e5c,item,1,0,"{""obverse"": ""guardians_limited-edition_male-pixie"", ""reverse"": ""guardians_card-back""}","{""name_printed"": ""Male Pixie"", ""rarity"": ""Common-1"", ""type"": ""External"", ""item_dimensions"": ""{\u0022height\u0022: \u00223.5\u0022, \u0022width\u0022: \u00222.5\u0022, \u0022unit\u0022: \u0022inch\u0022}""}",d25eb25b-dfa0-4ef0-ad1e-d9396730114e,f4036237-193f-42e6-96ac-f4c693e9c3e6,Male Pixie,Male Pixie,{},guardians_limited-edition_male-pixie
477e9ee3-d76b-4c9a-b086-15b432db38dd,item,1,0,"{""obverse"": ""guardians_limited-edition_male-titan"", ""reverse"": ""guardians_card-back""}","{""name_printed"": ""Male Titan"", ""rarity"": ""Uncommon-2"", ""type"": ""External"", ""item_dimensions"": ""{\u0022height\u0022: \u00223.5\u0022, \u0022width\u0022: \u00222.5\u0022, \u0022unit\u0022: \u0022inch\u0022}""}",d25eb25b-dfa0-4ef0-ad1e-d9396730114e,f4036237-193f-42e6-96ac-f4c693e9c3e6,Male Titan,Male Titan,{},guardians_limited-edition_male-titan
86389f7a-bfb5-4e3d-9ebb-18a09aec0889,item,1,0,"{""obverse"": ""guardians_limited-edition_marshal"", ""reverse"": ""guardians_card-back""}","{""name_printed"": ""Marshal"", ""rarity"": ""Uncommon-1"", ""type"": ""Mortal"", ""item_dimensions"": ""{\u0022height\u0022: \u00223.5\u0022, \u0022width\u0022: \u00222.5\u0022, \u0022unit\u0022: \u0022inch\u0022}""}",d25eb25b-dfa0-4ef0-ad1e-d9396730114e,f4036237-193f-42e6-96ac-f4c693e9c3e6,Marshal,Marshal,{},guardians_limited-edition_marshal
84b8e371-983b-4025-bf81-bd1489ad096f,item,1,0,"{""obverse"": ""guardians_limited-edition_master-gunner"", ""reverse"": ""guardians_card-back""}","{""name_printed"": ""Master Gunner"", ""rarity"": ""Uncommon-1"", ""type"": ""Mortal"", ""item_dimensions"": ""{\u0022height\u0022: \u00223.5\u0022, \u0022width\u0022: \u00222.5\u0022, \u0022unit\u0022: \u0022inch\u0022}""}",d25eb25b-dfa0-4ef0-ad1e-d9396730114e,f4036237-193f-42e6-96ac-f4c693e9c3e6,Master Gunner,Master Gunner,{},guardians_limited-edition_master-gunner
b19e6f89-e946-48c9-84e4-5263b61d77e1,item,1,0,"{""obverse"": ""guardians_limited-edition_merchant"", ""reverse"": ""guardians_card-back""}","{""name_printed"": ""Merchant"", ""rarity"": ""Uncommon-1"", ""type"": ""Mortal"", ""item_dimensions"": ""{\u0022height\u0022: \u00223.5\u0022, \u0022width\u0022: \u00222.5\u0022, \u0022unit\u0022: \u0022inch\u0022}""}",d25eb25b-dfa0-4ef0-ad1e-d9396730114e,f4036237-193f-42e6-96ac-f4c693e9c3e6,Merchant,Merchant,{},guardians_limited-edition_merchant
40d0b9a4-ab52-4c13-8cfc-f77d0b90dc85,item,1,0,"{""obverse"": ""guardians_limited-edition_minataur"", ""reverse"": ""guardians_card-back""}","{""name_printed"": ""Minataur"", ""rarity"": ""Common-1"", ""type"": ""External"", ""item_dimensions"": ""{\u0022height\u0022: \u00223.5\u0022, \u0022width\u0022: \u00222.5\u0022, \u0022unit\u0022: \u0022inch\u0022}""}",d25eb25b-dfa0-4ef0-ad1e-d9396730114e,f4036237-193f-42e6-96ac-f4c693e9c3e6,Minataur,Minataur,{},guardians_limited-edition_minataur
ae53c05e-9538-4d80-beb4-ebedb370b8e9,item,1,0,"{""obverse"": ""guardians_limited-edition_mist-veiler"", ""reverse"": ""guardians_card-back""}","{""name_printed"": ""Mist Veiler"", ""rarity"": ""Rare-2"", ""type"": ""Elemental"", ""item_dimensions"": ""{\u0022height\u0022: \u00223.5\u0022, \u0022width\u0022: \u00222.5\u0022, \u0022unit\u0022: \u0022inch\u0022}""}",d25eb25b-dfa0-4ef0-ad1e-d9396730114e,f4036237-193f-42e6-96ac-f4c693e9c3e6,Mist Veiler,Mist Veiler,{},guardians_limited-edition_mist-veiler
a2c10bf2-33de-45e1-9a88-db000fecc9ba,item,1,0,"{""obverse"": ""guardians_limited-edition_monolith-of-power"", ""reverse"": ""guardians_card-back""}","{""name_printed"": ""Monolith of Power"", ""rarity"": ""Uncommon-1"", ""type"": ""Magic Item - Hand"", ""item_dimensions"": ""{\u0022height\u0022: \u00223.5\u0022, \u0022width\u0022: \u00222.5\u0022, \u0022unit\u0022: \u0022inch\u0022}""}",d25eb25b-dfa0-4ef0-ad1e-d9396730114e,f4036237-193f-42e6-96ac-f4c693e9c3e6,Monolith of Power,Monolith of Power,{},guardians_limited-edition_monolith-of-power
96c671f9-5e62-4fb6-b8c5-b8d41c20fe5a,item,1,0,"{""obverse"": ""guardians_limited-edition_moon-spirit"", ""reverse"": ""guardians_card-back""}","{""name_printed"": ""Moon Spirit"", ""rarity"": ""Uncommon-1"", ""type"": ""Elemental"", ""item_dimensions"": ""{\u0022height\u0022: \u00223.5\u0022, \u0022width\u0022: \u00222.5\u0022, \u0022unit\u0022: \u0022inch\u0022}""}",d25eb25b-dfa0-4ef0-ad1e-d9396730114e,f4036237-193f-42e6-96ac-f4c693e9c3e6,Moon Spirit,Moon Spirit,{},guardians_limited-edition_moon-spirit
20a5b1a6-8326-46ab-88f9-d71a3bb8f6b0,item,1,0,"{""obverse"": ""guardians_limited-edition_mountains"", ""reverse"": ""guardians_card-back""}","{""name_printed"": ""Mountains"", ""rarity"": ""Common-Sp"", ""type"": ""Terrain"", ""item_dimensions"": ""{\u0022height\u0022: \u00223.5\u0022, \u0022width\u0022: \u00222.5\u0022, \u0022unit\u0022: \u0022inch\u0022}""}",d25eb25b-dfa0-4ef0-ad1e-d9396730114e,f4036237-193f-42e6-96ac-f4c693e9c3e6,Mountains,Mountains,{},guardians_limited-edition_mountains
0c32c359-b70c-4586-b2f1-775e96d34962,item,1,0,"{""obverse"": ""guardians_limited-edition_mud-elemental"", ""reverse"": ""guardians_card-back""}","{""name_printed"": ""Mud Elemental"", ""rarity"": ""Common-1"", ""type"": ""Elemental"", ""item_dimensions"": ""{\u0022height\u0022: \u00223.5\u0022, \u0022width\u0022: \u00222.5\u0022, \u0022unit\u0022: \u0022inch\u0022}""}",d25eb25b-dfa0-4ef0-ad1e-d9396730114e,f4036237-193f-42e6-96ac-f4c693e9c3e6,Mud Elemental,Mud Elemental,{},guardians_limited-edition_mud-elemental
8f56d4f1-23e9-4520-8760-f22d13e4f167,item,1,0,"{""obverse"": ""guardians_limited-edition_mule"", ""reverse"": ""guardians_card-back""}","{""name_printed"": ""Mule"", ""rarity"": ""Common-1"", ""type"": ""Mortal"", ""item_dimensions"": ""{\u0022height\u0022: \u00223.5\u0022, \u0022width\u0022: \u00222.5\u0022, \u0022unit\u0022: \u0022inch\u0022}""}",d25eb25b-dfa0-4ef0-ad1e-d9396730114e,f4036237-193f-42e6-96ac-f4c693e9c3e6,Mule,Mule,{},guardians_limited-edition_mule
2ac46f86-5134-40cd-a6dc-31fb2e682e58,third-party-document,0,0,"{""obverse"": ""guardians_limited-edition_na-'boob"", ""reverse"": ""guardians_card-back""}","{""name_printed"": ""Na 'Boob"", ""rarity"": ""Rare-1"", ""type"": ""Mortal"", ""item_dimensions"": ""{\u0022height\u0022: \u00223.5\u0022, \u0022width\u0022: \u00222.5\u0022, \u0022unit\u0022: \u0022inch\u0022}""}",d25eb25b-dfa0-4ef0-ad1e-d9396730114e,f4036237-193f-42e6-96ac-f4c693e9c3e6,Na 'Boob,Na 'Boob,{},guardians_limited-edition_na-'boob
ad720563-edfe-45ae-a0fc-87d6ed292041,item,1,0,"{""obverse"": ""guardians_limited-edition_old-mold"", ""reverse"": ""guardians_card-back""}","{""name_printed"": ""Old Mold"", ""rarity"": ""Common-1"", ""type"": ""External"", ""item_dimensions"": ""{\u0022height\u0022: \u00223.5\u0022, \u0022width\u0022: \u00222.5\u0022, \u0022unit\u0022: \u0022inch\u0022}""}",d25eb25b-dfa0-4ef0-ad1e-d9396730114e,f4036237-193f-42e6-96ac-f4c693e9c3e6,Old Mold,Old Mold,{},guardians_limited-edition_old-mold
71376b77-0532-4a68-a269-240652525ca2,third-party-document,0,0,"{""obverse"": ""guardians_limited-edition_old-nick"", ""reverse"": ""guardians_card-back""}","{""name_printed"": ""Old Nick"", ""rarity"": ""Rare-1"", ""type"": ""Elemental"", ""item_dimensions"": ""{\u0022height\u0022: \u00223.5\u0022, \u0022width\u0022: \u00222.5\u0022, \u0022unit\u0022: \u0022inch\u0022}""}",d25eb25b-dfa0-4ef0-ad1e-d9396730114e,f4036237-193f-42e6-96ac-f4c693e9c3e6,Old Nick,Old Nick,{},guardians_limited-edition_old-nick
1fc06216-7212-482f-84e5-0b349ec2203e,third-party-document,0,0,"{""obverse"": ""guardians_limited-edition_paladin"", ""reverse"": ""guardians_card-back""}","{""name_printed"": ""Paladin"", ""rarity"": ""Rare-2"", ""type"": ""Mortal"", ""item_dimensions"": ""{\u0022height\u0022: \u00223.5\u0022, \u0022width\u0022: \u00222.5\u0022, \u0022unit\u0022: \u0022inch\u0022}""}",d25eb25b-dfa0-4ef0-ad1e-d9396730114e,f4036237-193f-42e6-96ac-f4c693e9c3e6,Paladin,Paladin,{},guardians_limited-edition_paladin
66af47c7-20db-4a4f-9b6a-b0966aa1cee9,item,1,0,"{""obverse"": ""guardians_limited-edition_party-animal"", ""reverse"": ""guardians_card-back""}","{""name_printed"": ""Party Animal"", ""rarity"": ""Rare-2"", ""type"": ""Mortal"", ""item_dimensions"": ""{\u0022height\u0022: \u00223.5\u0022, \u0022width\u0022: \u00222.5\u0022, \u0022unit\u0022: \u0022inch\u0022}""}",d25eb25b-dfa0-4ef0-ad1e-d9396730114e,f4036237-193f-42e6-96ac-f4c693e9c3e6,Party Animal,Party Animal,{},guardians_limited-edition_party-animal
9ca653ee-d20d-42da-a19f-da0d14ada5e1,third-party-document,0,0,"{""obverse"": ""guardians_limited-edition_pauly,-official-parrot"", ""reverse"": ""guardians_card-back""}","{""name_printed"": ""Pauly, Official Parrot"", ""rarity"": ""Rare-2"", ""type"": ""Mortal"", ""item_dimensions"": ""{\u0022height\u0022: \u00223.5\u0022, \u0022width\u0022: \u00222.5\u0022, \u0022unit\u0022: \u0022inch\u0022}""}",d25eb25b-dfa0-4ef0-ad1e-d9396730114e,f4036237-193f-42e6-96ac-f4c693e9c3e6,"Pauly, Official Parrot","Pauly, Official Parrot",{},"guardians_limited-edition_pauly,-official-parrot"
ce6efb2c-f73c-42c9-b805-720274cfc10e,item,1,0,"{""obverse"": ""guardians_limited-edition_pepe's-slow-down"", ""reverse"": ""guardians_card-back""}","{""name_printed"": ""Pepe's Slow Down"", ""rarity"": ""Uncommon-2"", ""type"": ""Spell"", ""item_dimensions"": ""{\u0022height\u0022: \u00223.5\u0022, \u0022width\u0022: \u00222.5\u0022, \u0022unit\u0022: \u0022inch\u0022}""}",d25eb25b-dfa0-4ef0-ad1e-d9396730114e,f4036237-193f-42e6-96ac-f4c693e9c3e6,Pepe's Slow Down,Pepe's Slow Down,{},guardians_limited-edition_pepe's-slow-down
f4114cd1-7274-4585-a290-03265cd81cd6,item,1,0,"{""obverse"": ""guardians_limited-edition_pesky-varmit"", ""reverse"": ""guardians_card-back""}","{""name_printed"": ""Pesky Varmit"", ""rarity"": ""Common-1"", ""type"": ""Mortal"", ""item_dimensions"": ""{\u0022height\u0022: \u00223.5\u0022, \u0022width\u0022: \u00222.5\u0022, \u0022unit\u0022: \u0022inch\u0022}""}",d25eb25b-dfa0-4ef0-ad1e-d9396730114e,f4036237-193f-42e6-96ac-f4c693e9c3e6,Pesky Varmit,Pesky Varmit,{},guardians_limited-edition_pesky-varmit
94a296e0-1b2c-4bac-82df-c9c7286b10eb,item,1,0,"{""obverse"": ""guardians_limited-edition_phantom-stalker"", ""reverse"": ""guardians_card-back""}","{""name_printed"": ""Phantom Stalker"", ""rarity"": ""Rare-2"", ""type"": ""External"", ""item_dimensions"": ""{\u0022height\u0022: \u00223.5\u0022, \u0022width\u0022: \u00222.5\u0022, \u0022unit\u0022: \u0022inch\u0022}""}",d25eb25b-dfa0-4ef0-ad1e-d9396730114e,f4036237-193f-42e6-96ac-f4c693e9c3e6,Phantom Stalker,Phantom Stalker,{},guardians_limited-edition_phantom-stalker
b6d73466-761e-4082-a5be-0de2d8e88ad5,item,1,0,"{""obverse"": ""guardians_limited-edition_pig-dog"", ""reverse"": ""guardians_card-back""}","{""name_printed"": ""Pig Dog"", ""rarity"": ""Uncommon-1"", ""type"": ""Mortal"", ""item_dimensions"": ""{\u0022height\u0022: \u00223.5\u0022, \u0022width\u0022: \u00222.5\u0022, \u0022unit\u0022: \u0022inch\u0022}""}",d25eb25b-dfa0-4ef0-ad1e-d9396730114e,f4036237-193f-42e6-96ac-f4c693e9c3e6,Pig Dog,Pig Dog,{},guardians_limited-edition_pig-dog
de3e2f77-d7f3-47a2-93b1-8df4cb0cb3ef,third-party-document,0,0,"{""obverse"": ""guardians_limited-edition_pink-flamingos"", ""reverse"": ""guardians_card-back""}","{""name_printed"": ""Pink Flamingos"", ""rarity"": ""Rare-1"", ""type"": ""Mortal"", ""item_dimensions"": ""{\u0022height\u0022: \u00223.5\u0022, \u0022width\u0022: \u00222.5\u0022, \u0022unit\u0022: \u0022inch\u0022}""}",d25eb25b-dfa0-4ef0-ad1e-d9396730114e,f4036237-193f-42e6-96ac-f4c693e9c3e6,Pink Flamingos,Pink Flamingos,{},guardians_limited-edition_pink-flamingos
4710a5c6-0c6c-4efd-99cd-627b8cdc55c0,item,1,0,"{""obverse"": ""guardians_limited-edition_ploogak-the-conqueror"", ""reverse"": ""guardians_card-back""}","{""name_printed"": ""Ploogak the Conqueror"", ""rarity"": ""Rare-2"", ""type"": ""Mortal"", ""item_dimensions"": ""{\u0022height\u0022: \u00223.5\u0022, \u0022width\u0022: \u00222.5\u0022, \u0022unit\u0022: \u0022inch\u0022}""}",d25eb25b-dfa0-4ef0-ad1e-d9396730114e,f4036237-193f-42e6-96ac-f4c693e9c3e6,Ploogak the Conqueror,Ploogak the Conqueror,{},guardians_limited-edition_ploogak-the-conqueror
e7e743d3-703a-4469-8b61-c9fa34f8b9c8,item,1,0,"{""obverse"": ""guardians_limited-edition_polar-ice-ogre"", ""reverse"": ""guardians_card-back""}","{""name_printed"": ""Polar Ice Ogre"", ""rarity"": ""Uncommon-1"", ""type"": ""Mortal"", ""item_dimensions"": ""{\u0022height\u0022: \u00223.5\u0022, \u0022width\u0022: \u00222.5\u0022, \u0022unit\u0022: \u0022inch\u0022}""}",d25eb25b-dfa0-4ef0-ad1e-d9396730114e,f4036237-193f-42e6-96ac-f4c693e9c3e6,Polar Ice Ogre,Polar Ice Ogre,{},guardians_limited-edition_polar-ice-ogre
9f889ddc-7c79-4183-afc0-04b0d2d9162b,item,1,0,"{""obverse"": ""guardians_limited-edition_potion-of-movement-essence"", ""reverse"": ""guardians_card-back""}","{""name_printed"": ""Potion of Movement Essence"", ""rarity"": ""Uncommon-2"", ""type"": ""Magic Item - Hand"", ""item_dimensions"": ""{\u0022height\u0022: \u00223.5\u0022, \u0022width\u0022: \u00222.5\u0022, \u0022unit\u0022: \u0022inch\u0022}""}",d25eb25b-dfa0-4ef0-ad1e-d9396730114e,f4036237-193f-42e6-96ac-f4c693e9c3e6,Potion of Movement Essence,Potion of Movement Essence,{},guardians_limited-edition_potion-of-movement-essence
35bb160b-b51e-4533-b334-b9757bb10e4d,item,1,0,"{""obverse"": ""guardians_limited-edition_power-lunch"", ""reverse"": ""guardians_card-back""}","{""name_printed"": ""Power Lunch"", ""rarity"": ""Common-2"", ""type"": ""Spell"", ""item_dimensions"": ""{\u0022height\u0022: \u00223.5\u0022, \u0022width\u0022: \u00222.5\u0022, \u0022unit\u0022: \u0022inch\u0022}""}",d25eb25b-dfa0-4ef0-ad1e-d9396730114e,f4036237-193f-42e6-96ac-f4c693e9c3e6,Power Lunch,Power Lunch,{},guardians_limited-edition_power-lunch
67aed56f-d3bc-41dc-ba91-90fb57acaf04,item,1,0,"{""obverse"": ""guardians_limited-edition_primordial-goo"", ""reverse"": ""guardians_card-back""}","{""name_printed"": ""Primordial Goo"", ""rarity"": ""Common-1"", ""type"": ""Elemental"", ""item_dimensions"": ""{\u0022height\u0022: \u00223.5\u0022, \u0022width\u0022: \u00222.5\u0022, \u0022unit\u0022: \u0022inch\u0022}""}",d25eb25b-dfa0-4ef0-ad1e-d9396730114e,f4036237-193f-42e6-96ac-f4c693e9c3e6,Primordial Goo,Primordial Goo,{},guardians_limited-edition_primordial-goo
6f6c620f-a187-4682-bdc7-74f8a701abaa,item,1,0,"{""obverse"": ""guardians_limited-edition_rain-spirit"", ""reverse"": ""guardians_card-back""}","{""name_printed"": ""Rain Spirit"", ""rarity"": ""Uncommon-2"", ""type"": ""Elemental"", ""item_dimensions"": ""{\u0022height\u0022: \u00223.5\u0022, \u0022width\u0022: \u00222.5\u0022, \u0022unit\u0022: \u0022inch\u0022}""}",d25eb25b-dfa0-4ef0-ad1e-d9396730114e,f4036237-193f-42e6-96ac-f4c693e9c3e6,Rain Spirit,Rain Spirit,{},guardians_limited-edition_rain-spirit
81bffd13-eafd-4bf2-bfd6-ecf0a3d68eb0,item,1,0,"{""obverse"": ""guardians_limited-edition_rak-nam-leader-of-the-mighty"", ""reverse"": ""guardians_card-back""}","{""name_printed"": ""Rak Nam Leader of the Mighty"", ""rarity"": ""Starter"", ""type"": ""Guardian"", ""item_dimensions"": ""{\u0022height\u0022: \u00223.5\u0022, \u0022width\u0022: \u00222.5\u0022, \u0022unit\u0022: \u0022inch\u0022}""}",d25eb25b-dfa0-4ef0-ad1e-d9396730114e,f4036237-193f-42e6-96ac-f4c693e9c3e6,Rak Nam Leader of the Mighty,Rak Nam Leader of the Mighty,{},guardians_limited-edition_rak-nam-leader-of-the-mighty
c7a6b6db-8f18-4b4f-8a35-18c845e1f701,third-party-document,0,0,"{""obverse"": ""guardians_limited-edition_reverend-smilin'-jack"", ""reverse"": ""guardians_card-back""}","{""name_printed"": ""Reverend Smilin' Jack"", ""rarity"": ""Rare-2"", ""type"": ""Mortal"", ""item_dimensions"": ""{\u0022height\u0022: \u00223.5\u0022, \u0022width\u0022: \u00222.5\u0022, \u0022unit\u0022: \u0022inch\u0022}""}",d25eb25b-dfa0-4ef0-ad1e-d9396730114e,f4036237-193f-42e6-96ac-f4c693e9c3e6,Reverend Smilin' Jack,Reverend Smilin' Jack,{},guardians_limited-edition_reverend-smilin'-jack
777c0531-3e24-4a51-9859-e4fda5887631,item,1,0,"{""obverse"": ""guardians_limited-edition_rik'-sook"", ""reverse"": ""guardians_card-back""}","{""name_printed"": ""Rik' Sook"", ""rarity"": ""Rare-2"", ""type"": ""External"", ""item_dimensions"": ""{\u0022height\u0022: \u00223.5\u0022, \u0022width\u0022: \u00222.5\u0022, \u0022unit\u0022: \u0022inch\u0022}""}",d25eb25b-dfa0-4ef0-ad1e-d9396730114e,f4036237-193f-42e6-96ac-f4c693e9c3e6,Rik' Sook,Rik' Sook,{},guardians_limited-edition_rik'-sook
6918dd42-b5ce-4d60-937d-9354fe9841ba,item,1,0,"{""obverse"": ""guardians_limited-edition_rivers-and-lakes"", ""reverse"": ""guardians_card-back""}","{""name_printed"": ""Rivers and Lakes"", ""rarity"": ""Common-Sp"", ""type"": ""Terrain"", ""item_dimensions"": ""{\u0022height\u0022: \u00223.5\u0022, \u0022width\u0022: \u00222.5\u0022, \u0022unit\u0022: \u0022inch\u0022}""}",d25eb25b-dfa0-4ef0-ad1e-d9396730114e,f4036237-193f-42e6-96ac-f4c693e9c3e6,Rivers and Lakes,Rivers and Lakes,{},guardians_limited-edition_rivers-and-lakes
b4eda1d4-375e-4dc6-8b4b-ed7feb1a4aee,item,1,0,"{""obverse"": ""guardians_limited-edition_rock-giant"", ""reverse"": ""guardians_card-back""}","{""name_printed"": ""Rock Giant"", ""rarity"": ""Common-1"", ""type"": ""Mortal"", ""item_dimensions"": ""{\u0022height\u0022: \u00223.5\u0022, \u0022width\u0022: \u00222.5\u0022, \u0022unit\u0022: \u0022inch\u0022}""}",d25eb25b-dfa0-4ef0-ad1e-d9396730114e,f4036237-193f-42e6-96ac-f4c693e9c3e6,Rock Giant,Rock Giant,{},guardians_limited-edition_rock-giant
fad2e661-0f95-4e0c-82cc-bce3b0516e10,item,1,0,"{""obverse"": ""guardians_limited-edition_rock-lord"", ""reverse"": ""guardians_card-back""}","{""name_printed"": ""Rock Lord"", ""rarity"": ""Uncommon-1"", ""type"": ""Elemental"", ""item_dimensions"": ""{\u0022height\u0022: \u00223.5\u0022, \u0022width\u0022: \u00222.5\u0022, \u0022unit\u0022: \u0022inch\u0022}""}",d25eb25b-dfa0-4ef0-ad1e-d9396730114e,f4036237-193f-42e6-96ac-f4c693e9c3e6,Rock Lord,Rock Lord,{},guardians_limited-edition_rock-lord
78843e57-d922-4d49-8585-fa3291e24d01,item,1,0,"{""obverse"": ""guardians_limited-edition_rock-rat"", ""reverse"": ""guardians_card-back""}","{""name_printed"": ""Rock Rat"", ""rarity"": ""Rare-1"", ""type"": ""External"", ""item_dimensions"": ""{\u0022height\u0022: \u00223.5\u0022, \u0022width\u0022: \u00222.5\u0022, \u0022unit\u0022: \u0022inch\u0022}""}",d25eb25b-dfa0-4ef0-ad1e-d9396730114e,f4036237-193f-42e6-96ac-f4c693e9c3e6,Rock Rat,Rock Rat,{},guardians_limited-edition_rock-rat
de155bfe-b7ea-445e-a411-cd2d35dc9446,item,1,0,"{""obverse"": ""guardians_limited-edition_rock-spirit"", ""reverse"": ""guardians_card-back""}","{""name_printed"": ""Rock Spirit"", ""rarity"": ""Common-1"", ""type"": ""Elemental"", ""item_dimensions"": ""{\u0022height\u0022: \u00223.5\u0022, \u0022width\u0022: \u00222.5\u0022, \u0022unit\u0022: \u0022inch\u0022}""}",d25eb25b-dfa0-4ef0-ad1e-d9396730114e,f4036237-193f-42e6-96ac-f4c693e9c3e6,Rock Spirit,Rock Spirit,{},guardians_limited-edition_rock-spirit
f178e079-ef22-4fc9-9c7a-56edd283a6e7,item,1,0,"{""obverse"": ""guardians_limited-edition_rocks-of-skull-cracking"", ""reverse"": ""guardians_card-back""}","{""name_printed"": ""Rocks of Skull Cracking"", ""rarity"": ""Common-1"", ""type"": ""Magic Item - Hand"", ""item_dimensions"": ""{\u0022height\u0022: \u00223.5\u0022, \u0022width\u0022: \u00222.5\u0022, \u0022unit\u0022: \u0022inch\u0022}""}",d25eb25b-dfa0-4ef0-ad1e-d9396730114e,f4036237-193f-42e6-96ac-f4c693e9c3e6,Rocks of Skull Cracking,Rocks of Skull Cracking,{},guardians_limited-edition_rocks-of-skull-cracking
27f0e092-d382-4c6c-a892-fc4b967d9c91,item,1,0,"{""obverse"": ""guardians_limited-edition_rooster"", ""reverse"": ""guardians_card-back""}","{""name_printed"": ""Rooster"", ""rarity"": ""Common-2"", ""type"": ""Magic Item - Hand"", ""item_dimensions"": ""{\u0022height\u0022: \u00223.5\u0022, \u0022width\u0022: \u00222.5\u0022, \u0022unit\u0022: \u0022inch\u0022}""}",d25eb25b-dfa0-4ef0-ad1e-d9396730114e,f4036237-193f-42e6-96ac-f4c693e9c3e6,Rooster,Rooster,{},guardians_limited-edition_rooster
a17cb0b2-3451-44de-8779-c6931fc0a81b,item,1,0,"{""obverse"": ""guardians_limited-edition_rot-rat"", ""reverse"": ""guardians_card-back""}","{""name_printed"": ""Rot Rat"", ""rarity"": ""Common-1"", ""type"": ""External"", ""item_dimensions"": ""{\u0022height\u0022: \u00223.5\u0022, \u0022width\u0022: \u00222.5\u0022, \u0022unit\u0022: \u0022inch\u0022}""}",d25eb25b-dfa0-4ef0-ad1e-d9396730114e,f4036237-193f-42e6-96ac-f4c693e9c3e6,Rot Rat,Rot Rat,{},guardians_limited-edition_rot-rat
d3e6d3af-a994-4d94-9db3-1565da130248,item,1,0,"{""obverse"": ""guardians_limited-edition_rouge-specter"", ""reverse"": ""guardians_card-back""}","{""name_printed"": ""Rouge Specter"", ""rarity"": ""Uncommon-1"", ""type"": ""External"", ""item_dimensions"": ""{\u0022height\u0022: \u00223.5\u0022, \u0022width\u0022: \u00222.5\u0022, \u0022unit\u0022: \u0022inch\u0022}""}",d25eb25b-dfa0-4ef0-ad1e-d9396730114e,f4036237-193f-42e6-96ac-f4c693e9c3e6,Rouge Specter,Rouge Specter,{},guardians_limited-edition_rouge-specter
b02fb12c-0ec5-448e-9354-b15db4c7f20b,third-party-document,0,0,"{""obverse"": ""guardians_limited-edition_roving-force-inferno"", ""reverse"": ""guardians_card-back""}","{""name_printed"": ""Roving Force Inferno"", ""rarity"": ""Rare-1"", ""type"": ""Elemental"", ""item_dimensions"": ""{\u0022height\u0022: \u00223.5\u0022, \u0022width\u0022: \u00222.5\u0022, \u0022unit\u0022: \u0022inch\u0022}""}",d25eb25b-dfa0-4ef0-ad1e-d9396730114e,f4036237-193f-42e6-96ac-f4c693e9c3e6,Roving Force Inferno,Roving Force Inferno,{},guardians_limited-edition_roving-force-inferno
8effec76-cce9-43ba-9596-e012b4a9c39e,item,1,0,"{""obverse"": ""guardians_limited-edition_sabu-amantek-stronghold-(center)"", ""reverse"": ""guardians_card-back""}","{""name_printed"": ""Sabu Amantek Stronghold"", ""functional_disambiguator"": ""Center"", ""rarity"": ""Starter"", ""type"": ""Stronghold"", ""item_dimensions"": ""{\u0022height\u0022: \u00223.5\u0022, \u0022width\u0022: \u00222.5\u0022, \u0022unit\u0022: \u0022inch\u0022}""}",d25eb25b-dfa0-4ef0-ad1e-d9396730114e,f4036237-193f-42e6-96ac-f4c693e9c3e6,Sabu Amantek Stronghold (Center),Sabu Amantek Stronghold (Center),{},guardians_limited-edition_sabu-amantek-stronghold-(center)
593a0e74-7621-454e-8426-b720bb3e41ab,item,1,0,"{""obverse"": ""guardians_limited-edition_sabu-amantek-stronghold-(left)"", ""reverse"": ""guardians_card-back""}","{""name_printed"": ""Sabu Amantek Stronghold"", ""functional_disambiguator"": ""Left"", ""rarity"": ""Starter"", ""type"": ""Stronghold"", ""item_dimensions"": ""{\u0022height\u0022: \u00223.5\u0022, \u0022width\u0022: \u00222.5\u0022, \u0022unit\u0022: \u0022inch\u0022}""}",d25eb25b-dfa0-4ef0-ad1e-d9396730114e,f4036237-193f-42e6-96ac-f4c693e9c3e6,Sabu Amantek Stronghold (Left),Sabu Amantek Stronghold (Left),{},guardians_limited-edition_sabu-amantek-stronghold-(left)
5166112b-1092-44e9-8fe2-c7e4be55eb49,item,1,0,"{""obverse"": ""guardians_limited-edition_sabu-amantek-stronghold-(right)"", ""reverse"": ""guardians_card-back""}","{""name_printed"": ""Sabu Amantek Stronghold"", ""functional_disambiguator"": ""Right"", ""rarity"": ""Starter"", ""type"": ""Stronghold"", ""item_dimensions"": ""{\u0022height\u0022: \u00223.5\u0022, \u0022width\u0022: \u00222.5\u0022, \u0022unit\u0022: \u0022inch\u0022}""}",d25eb25b-dfa0-4ef0-ad1e-d9396730114e,f4036237-193f-42e6-96ac-f4c693e9c3e6,Sabu Amantek Stronghold (Right),Sabu Amantek Stronghold (Right),{},guardians_limited-edition_sabu-amantek-stronghold-(right)
a5b84127-5c41-46ab-93b4-c8f1b556db7f,item,1,0,"{""obverse"": ""guardians_limited-edition_sacrificial-altar"", ""reverse"": ""guardians_card-back""}","{""name_printed"": ""Sacrificial Altar"", ""rarity"": ""Rare-2"", ""type"": ""Stronghold Upgrade"", ""item_dimensions"": ""{\u0022height\u0022: \u00223.5\u0022, \u0022width\u0022: \u00222.5\u0022, \u0022unit\u0022: \u0022inch\u0022}""}",d25eb25b-dfa0-4ef0-ad1e-d9396730114e,f4036237-193f-42e6-96ac-f4c693e9c3e6,Sacrificial Altar,Sacrificial Altar,{},guardians_limited-edition_sacrificial-altar
36eb36a9-436d-4b21-b44d-1a0c358f61c3,item,1,0,"{""obverse"": ""guardians_limited-edition_sand-lord"", ""reverse"": ""guardians_card-back""}","{""name_printed"": ""Sand Lord"", ""rarity"": ""Common-1"", ""type"": ""Elemental"", ""item_dimensions"": ""{\u0022height\u0022: \u00223.5\u0022, \u0022width\u0022: \u00222.5\u0022, \u0022unit\u0022: \u0022inch\u0022}""}",d25eb25b-dfa0-4ef0-ad1e-d9396730114e,f4036237-193f-42e6-96ac-f4c693e9c3e6,Sand Lord,Sand Lord,{},guardians_limited-edition_sand-lord
0dd8ba53-82a7-4563-bdae-91e3dd7bb267,item,1,0,"{""obverse"": ""guardians_limited-edition_schneeble"", ""reverse"": ""guardians_card-back""}","{""name_printed"": ""Schneeble"", ""rarity"": ""Uncommon-1"", ""type"": ""External"", ""item_dimensions"": ""{\u0022height\u0022: \u00223.5\u0022, \u0022width\u0022: \u00222.5\u0022, \u0022unit\u0022: \u0022inch\u0022}""}",d25eb25b-dfa0-4ef0-ad1e-d9396730114e,f4036237-193f-42e6-96ac-f4c693e9c3e6,Schneeble,Schneeble,{},guardians_limited-edition_schneeble
c61bd28f-bb70-4788-8343-3a3db9456900,item,1,0,"{""obverse"": ""guardians_limited-edition_seer"", ""reverse"": ""guardians_card-back""}","{""name_printed"": ""Seer"", ""rarity"": ""Common-2"", ""type"": ""Mortal"", ""item_dimensions"": ""{\u0022height\u0022: \u00223.5\u0022, \u0022width\u0022: \u00222.5\u0022, \u0022unit\u0022: \u0022inch\u0022}""}",d25eb25b-dfa0-4ef0-ad1e-d9396730114e,f4036237-193f-42e6-96ac-f4c693e9c3e6,Seer,Seer,{},guardians_limited-edition_seer
6dad6099-cb7b-4fa5-8898-22964abd183d,item,1,0,"{""obverse"": ""guardians_limited-edition_shadow-of-ashes"", ""reverse"": ""guardians_card-back""}","{""name_printed"": ""Shadow of Ashes"", ""rarity"": ""Rare-2"", ""type"": ""External"", ""item_dimensions"": ""{\u0022height\u0022: \u00223.5\u0022, \u0022width\u0022: \u00222.5\u0022, \u0022unit\u0022: \u0022inch\u0022}""}",d25eb25b-dfa0-4ef0-ad1e-d9396730114e,f4036237-193f-42e6-96ac-f4c693e9c3e6,Shadow of Ashes,Shadow of Ashes,{},guardians_limited-edition_shadow-of-ashes
60741c86-ac20-4b9c-9b09-1ba1e3f5459d,item,1,0,"{""obverse"": ""guardians_limited-edition_shadow-spy"", ""reverse"": ""guardians_card-back""}","{""name_printed"": ""Shadow Spy"", ""rarity"": ""Uncommon-1"", ""type"": ""Mortal"", ""item_dimensions"": ""{\u0022height\u0022: \u00223.5\u0022, \u0022width\u0022: \u00222.5\u0022, \u0022unit\u0022: \u0022inch\u0022}""}",d25eb25b-dfa0-4ef0-ad1e-d9396730114e,f4036237-193f-42e6-96ac-f4c693e9c3e6,Shadow Spy,Shadow Spy,{},guardians_limited-edition_shadow-spy
179ab087-035d-4a29-ac7e-f6bb64b0dc8a,third-party-document,0,0,"{""obverse"": ""guardians_limited-edition_shadow-warrior"", ""reverse"": ""guardians_card-back""}","{""name_printed"": ""Shadow Warrior"", ""rarity"": ""Rare-2"", ""type"": ""Mortal"", ""item_dimensions"": ""{\u0022height\u0022: \u00223.5\u0022, \u0022width\u0022: \u00222.5\u0022, \u0022unit\u0022: \u0022inch\u0022}""}",d25eb25b-dfa0-4ef0-ad1e-d9396730114e,f4036237-193f-42e6-96ac-f4c693e9c3e6,Shadow Warrior,Shadow Warrior,{},guardians_limited-edition_shadow-warrior
d507c2dc-21f8-415a-ae86-0f78db771eb7,third-party-document,0,0,"{""obverse"": ""guardians_limited-edition_shield-(angelic-10)"", ""reverse"": ""guardians_card-back""}","{""name_printed"": ""Shield"", ""functional_disambiguator"": ""Angelic 10"", ""rarity"": ""Starter"", ""type"": ""Shield"", ""item_dimensions"": ""{\u0022height\u0022: \u00223.5\u0022, \u0022width\u0022: \u00222.5\u0022, \u0022unit\u0022: \u0022inch\u0022}""}",d25eb25b-dfa0-4ef0-ad1e-d9396730114e,f4036237-193f-42e6-96ac-f4c693e9c3e6,Shield (Angelic 10),Shield (Angelic 10),{},guardians_limited-edition_shield-(angelic-10)
693e6aa2-15ea-4362-bc9b-7ff5949e1124,third-party-document,0,0,"{""obverse"": ""guardians_limited-edition_shield-(angelic-11)"", ""reverse"": ""guardians_card-back""}","{""name_printed"": ""Shield"", ""functional_disambiguator"": ""Angelic 11"", ""rarity"": ""Starter"", ""type"": ""Shield"", ""item_dimensions"": ""{\u0022height\u0022: \u00223.5\u0022, \u0022width\u0022: \u00222.5\u0022, \u0022unit\u0022: \u0022inch\u0022}""}",d25eb25b-dfa0-4ef0-ad1e-d9396730114e,f4036237-193f-42e6-96ac-f4c693e9c3e6,Shield (Angelic 11),Shield (Angelic 11),{},guardians_limited-edition_shield-(angelic-11)
d25c1ff3-8322-46bf-9470-3bab174b9ad8,third-party-document,0,0,"{""obverse"": ""guardians_limited-edition_shield-(angelic-12)"", ""reverse"": ""guardians_card-back""}","{""name_printed"": ""Shield"", ""functional_disambiguator"": ""Angelic 12"", ""rarity"": ""Starter"", ""type"": ""Shield"", ""item_dimensions"": ""{\u0022height\u0022: \u00223.5\u0022, \u0022width\u0022: \u00222.5\u0022, \u0022unit\u0022: \u0022inch\u0022}""}",d25eb25b-dfa0-4ef0-ad1e-d9396730114e,f4036237-193f-42e6-96ac-f4c693e9c3e6,Shield (Angelic 12),Shield (Angelic 12),{},guardians_limited-edition_shield-(angelic-12)
8f99b194-628d-47dc-b3ee-c5888175ef1b,third-party-document,0,0,"{""obverse"": ""guardians_limited-edition_shield-(angelic-8)"", ""reverse"": ""guardians_card-back""}","{""name_printed"": ""Shield"", ""functional_disambiguator"": ""Angelic 8"", ""rarity"": ""Starter"", ""type"": ""Shield"", ""item_dimensions"": ""{\u0022height\u0022: \u00223.5\u0022, \u0022width\u0022: \u00222.5\u0022, \u0022unit\u0022: \u0022inch\u0022}""}",d25eb25b-dfa0-4ef0-ad1e-d9396730114e,f4036237-193f-42e6-96ac-f4c693e9c3e6,Shield (Angelic 8),Shield (Angelic 8),{},guardians_limited-edition_shield-(angelic-8)
62f80f20-dcb8-4aa9-b5c8-3f289c19aa4f,third-party-document,0,0,"{""obverse"": ""guardians_limited-edition_shield-(angelic-9)"", ""reverse"": ""guardians_card-back""}","{""name_printed"": ""Shield"", ""functional_disambiguator"": ""Angelic 9"", ""rarity"": ""Starter"", ""type"": ""Shield"", ""item_dimensions"": ""{\u0022height\u0022: \u00223.5\u0022, \u0022width\u0022: \u00222.5\u0022, \u0022unit\u0022: \u0022inch\u0022}""}",d25eb25b-dfa0-4ef0-ad1e-d9396730114e,f4036237-193f-42e6-96ac-f4c693e9c3e6,Shield (Angelic 9),Shield (Angelic 9),{},guardians_limited-edition_shield-(angelic-9)
cd1fcb41-30e4-45ee-abe6-4c55bd8d660b,third-party-document,0,0,"{""obverse"": ""guardians_limited-edition_shield-(chicken-10)"", ""reverse"": ""guardians_card-back""}","{""name_printed"": ""Shield"", ""functional_disambiguator"": ""Chicken 10"", ""rarity"": ""Starter"", ""type"": ""Shield"", ""item_dimensions"": ""{\u0022height\u0022: \u00223.5\u0022, \u0022width\u0022: \u00222.5\u0022, \u0022unit\u0022: \u0022inch\u0022}""}",d25eb25b-dfa0-4ef0-ad1e-d9396730114e,f4036237-193f-42e6-96ac-f4c693e9c3e6,Shield (Chicken 10),Shield (Chicken 10),{},guardians_limited-edition_shield-(chicken-10)
e40ed9de-1f61-474f-835c-031a6316cdf7,third-party-document,0,0,"{""obverse"": ""guardians_limited-edition_shield-(chicken-11)"", ""reverse"": ""guardians_card-back""}","{""name_printed"": ""Shield"", ""functional_disambiguator"": ""Chicken 11"", ""rarity"": ""Starter"", ""type"": ""Shield"", ""item_dimensions"": ""{\u0022height\u0022: \u00223.5\u0022, \u0022width\u0022: \u00222.5\u0022, \u0022unit\u0022: \u0022inch\u0022}""}",d25eb25b-dfa0-4ef0-ad1e-d9396730114e,f4036237-193f-42e6-96ac-f4c693e9c3e6,Shield (Chicken 11),Shield (Chicken 11),{},guardians_limited-edition_shield-(chicken-11)
09297c29-6bb8-4b09-a75f-50d85a6aebe5,third-party-document,0,0,"{""obverse"": ""guardians_limited-edition_shield-(chicken-12)"", ""reverse"": ""guardians_card-back""}","{""name_printed"": ""Shield"", ""functional_disambiguator"": ""Chicken 12"", ""rarity"": ""Starter"", ""type"": ""Shield"", ""item_dimensions"": ""{\u0022height\u0022: \u00223.5\u0022, \u0022width\u0022: \u00222.5\u0022, \u0022unit\u0022: \u0022inch\u0022}""}",d25eb25b-dfa0-4ef0-ad1e-d9396730114e,f4036237-193f-42e6-96ac-f4c693e9c3e6,Shield (Chicken 12),Shield (Chicken 12),{},guardians_limited-edition_shield-(chicken-12)
9c6763db-5783-428f-8553-ab3ec5608ddd,third-party-document,0,0,"{""obverse"": ""guardians_limited-edition_shield-(chicken-14)"", ""reverse"": ""guardians_card-back""}","{""name_printed"": ""Shield"", ""functional_disambiguator"": ""Chicken 14"", ""rarity"": ""Starter"", ""type"": ""Shield"", ""item_dimensions"": ""{\u0022height\u0022: \u00223.5\u0022, \u0022width\u0022: \u00222.5\u0022, \u0022unit\u0022: \u0022inch\u0022}""}",d25eb25b-dfa0-4ef0-ad1e-d9396730114e,f4036237-193f-42e6-96ac-f4c693e9c3e6,Shield (Chicken 14),Shield (Chicken 14),{},guardians_limited-edition_shield-(chicken-14)
609798a3-cedb-4d2d-ac79-7385afb5da05,item,1,0,"{""obverse"": ""guardians_limited-edition_shield-(chicken-7)"", ""reverse"": ""guardians_card-back""}","{""name_printed"": ""Shield"", ""functional_disambiguator"": ""Chicken 7"", ""rarity"": ""Starter"", ""type"": ""Shield"", ""item_dimensions"": ""{\u0022height\u0022: \u00223.5\u0022, \u0022width\u0022: \u00222.5\u0022, \u0022unit\u0022: \u0022inch\u0022}""}",d25eb25b-dfa0-4ef0-ad1e-d9396730114e,f4036237-193f-42e6-96ac-f4c693e9c3e6,Shield (Chicken 7),Shield (Chicken 7),{},guardians_limited-edition_shield-(chicken-7)
7ddc191f-887e-41a0-93a1-108ebae917c3,third-party-document,0,0,"{""obverse"": ""guardians_limited-edition_shield-(chicken-8)"", ""reverse"": ""guardians_card-back""}","{""name_printed"": ""Shield"", ""functional_disambiguator"": ""Chicken 8"", ""rarity"": ""Starter"", ""type"": ""Shield"", ""item_dimensions"": ""{\u0022height\u0022: \u00223.5\u0022, \u0022width\u0022: \u00222.5\u0022, \u0022unit\u0022: \u0022inch\u0022}""}",d25eb25b-dfa0-4ef0-ad1e-d9396730114e,f4036237-193f-42e6-96ac-f4c693e9c3e6,Shield (Chicken 8),Shield (Chicken 8),{},guardians_limited-edition_shield-(chicken-8)
3c5dd3b2-fd7e-49a3-9489-123bac0224c9,item,1,0,"{""obverse"": ""guardians_limited-edition_shield-(demonic-10)"", ""reverse"": ""guardians_card-back""}","{""name_printed"": ""Shield"", ""functional_disambiguator"": ""Demonic 10"", ""rarity"": ""Starter"", ""type"": ""Shield"", ""item_dimensions"": ""{\u0022height\u0022: \u00223.5\u0022, \u0022width\u0022: \u00222.5\u0022, \u0022unit\u0022: \u0022inch\u0022}""}",d25eb25b-dfa0-4ef0-ad1e-d9396730114e,f4036237-193f-42e6-96ac-f4c693e9c3e6,Shield (Demonic 10),Shield (Demonic 10),{},guardians_limited-edition_shield-(demonic-10)
a0f9df2b-06ae-48e8-a5f0-5774f0dd04cb,item,1,0,"{""obverse"": ""guardians_limited-edition_shield-(demonic-12)"", ""reverse"": ""guardians_card-back""}","{""name_printed"": ""Shield"", ""functional_disambiguator"": ""Demonic 12"", ""rarity"": ""Starter"", ""type"": ""Shield"", ""item_dimensions"": ""{\u0022height\u0022: \u00223.5\u0022, \u0022width\u0022: \u00222.5\u0022, \u0022unit\u0022: \u0022inch\u0022}""}",d25eb25b-dfa0-4ef0-ad1e-d9396730114e,f4036237-193f-42e6-96ac-f4c693e9c3e6,Shield (Demonic 12),Shield (Demonic 12),{},guardians_limited-edition_shield-(demonic-12)
de97827e-d48e-4be7-9e2f-957ce36c40ad,item,1,0,"{""obverse"": ""guardians_limited-edition_shield-(demonic-14)"", ""reverse"": ""guardians_card-back""}","{""name_printed"": ""Shield"", ""functional_disambiguator"": ""Demonic 14"", ""rarity"": ""Starter"", ""type"": ""Shield"", ""item_dimensions"": ""{\u0022height\u0022: \u00223.5\u0022, \u0022width\u0022: \u00222.5\u0022, \u0022unit\u0022: \u0022inch\u0022}""}",d25eb25b-dfa0-4ef0-ad1e-d9396730114e,f4036237-193f-42e6-96ac-f4c693e9c3e6,Shield (Demonic 14),Shield (Demonic 14),{},guardians_limited-edition_shield-(demonic-14)
3a047211-cf2e-4ac0-8679-3fdb8fabe4de,third-party-document,0,0,"{""obverse"": ""guardians_limited-edition_shield-(demonic-4)"", ""reverse"": ""guardians_card-back""}","{""name_printed"": ""Shield"", ""functional_disambiguator"": ""Demonic 4"", ""rarity"": ""Starter"", ""type"": ""Shield"", ""item_dimensions"": ""{\u0022height\u0022: \u00223.5\u0022, \u0022width\u0022: \u00222.5\u0022, \u0022unit\u0022: \u0022inch\u0022}""}",d25eb25b-dfa0-4ef0-ad1e-d9396730114e,f4036237-193f-42e6-96ac-f4c693e9c3e6,Shield (Demonic 4),Shield (Demonic 4),{},guardians_limited-edition_shield-(demonic-4)
90f5d5c6-dbf2-4e76-b429-ac02f275601b,item,1,0,"{""obverse"": ""guardians_limited-edition_shield-(demonic-8)"", ""reverse"": ""guardians_card-back""}","{""name_printed"": ""Shield"", ""functional_disambiguator"": ""Demonic 8"", ""rarity"": ""Starter"", ""type"": ""Shield"", ""item_dimensions"": ""{\u0022height\u0022: \u00223.5\u0022, \u0022width\u0022: \u00222.5\u0022, \u0022unit\u0022: \u0022inch\u0022}""}",d25eb25b-dfa0-4ef0-ad1e-d9396730114e,f4036237-193f-42e6-96ac-f4c693e9c3e6,Shield (Demonic 8),Shield (Demonic 8),{},guardians_limited-edition_shield-(demonic-8)
e66c3496-1eda-4663-a766-45191f2f5426,item,1,0,"{""obverse"": ""guardians_limited-edition_shield-(dragon-10)"", ""reverse"": ""guardians_card-back""}","{""name_printed"": ""Shield"", ""functional_disambiguator"": ""Dragon 10"", ""rarity"": ""Starter"", ""type"": ""Shield"", ""item_dimensions"": ""{\u0022height\u0022: \u00223.5\u0022, \u0022width\u0022: \u00222.5\u0022, \u0022unit\u0022: \u0022inch\u0022}""}",d25eb25b-dfa0-4ef0-ad1e-d9396730114e,f4036237-193f-42e6-96ac-f4c693e9c3e6,Shield (Dragon 10),Shield (Dragon 10),{},guardians_limited-edition_shield-(dragon-10)
5c4db873-7b73-43de-9941-0802c0ffb137,third-party-document,0,0,"{""obverse"": ""guardians_limited-edition_shield-(dragon-11)"", ""reverse"": ""guardians_card-back""}","{""name_printed"": ""Shield"", ""functional_disambiguator"": ""Dragon 11"", ""rarity"": ""Starter"", ""type"": ""Shield"", ""item_dimensions"": ""{\u0022height\u0022: \u00223.5\u0022, \u0022width\u0022: \u00222.5\u0022, \u0022unit\u0022: \u0022inch\u0022}""}",d25eb25b-dfa0-4ef0-ad1e-d9396730114e,f4036237-193f-42e6-96ac-f4c693e9c3e6,Shield (Dragon 11),Shield (Dragon 11),{},guardians_limited-edition_shield-(dragon-11)
f24ef004-3302-4ba2-8d12-bf476738c87e,item,1,0,"{""obverse"": ""guardians_limited-edition_shield-(dragon-13)"", ""reverse"": ""guardians_card-back""}","{""name_printed"": ""Shield"", ""functional_disambiguator"": ""Dragon 13"", ""rarity"": ""Starter"", ""type"": ""Shield"", ""item_dimensions"": ""{\u0022height\u0022: \u00223.5\u0022, \u0022width\u0022: \u00222.5\u0022, \u0022unit\u0022: \u0022inch\u0022}""}",d25eb25b-dfa0-4ef0-ad1e-d9396730114e,f4036237-193f-42e6-96ac-f4c693e9c3e6,Shield (Dragon 13),Shield (Dragon 13),{},guardians_limited-edition_shield-(dragon-13)
5c926b77-6c10-4bd6-84f0-fe8ae9ba23e0,third-party-document,0,0,"{""obverse"": ""guardians_limited-edition_shield-(dragon-7)"", ""reverse"": ""guardians_card-back""}","{""name_printed"": ""Shield"", ""functional_disambiguator"": ""Dragon 7"", ""rarity"": ""Starter"", ""type"": ""Shield"", ""item_dimensions"": ""{\u0022height\u0022: \u00223.5\u0022, \u0022width\u0022: \u00222.5\u0022, \u0022unit\u0022: \u0022inch\u0022}""}",d25eb25b-dfa0-4ef0-ad1e-d9396730114e,f4036237-193f-42e6-96ac-f4c693e9c3e6,Shield (Dragon 7),Shield (Dragon 7),{},guardians_limited-edition_shield-(dragon-7)
28a4ea76-ba12-4850-a523-9fed7c882003,third-party-document,0,0,"{""obverse"": ""guardians_limited-edition_shield-(dragon-9)"", ""reverse"": ""guardians_card-back""}","{""name_printed"": ""Shield"", ""functional_disambiguator"": ""Dragon 9"", ""rarity"": ""Starter"", ""type"": ""Shield"", ""item_dimensions"": ""{\u0022height\u0022: \u00223.5\u0022, \u0022width\u0022: \u00222.5\u0022, \u0022unit\u0022: \u0022inch\u0022}""}",d25eb25b-dfa0-4ef0-ad1e-d9396730114e,f4036237-193f-42e6-96ac-f4c693e9c3e6,Shield (Dragon 9),Shield (Dragon 9),{},guardians_limited-edition_shield-(dragon-9)
ac9effdf-3136-4594-8624-a36b404b245f,third-party-document,0,0,"{""obverse"": ""guardians_limited-edition_shield-(insect-10)"", ""reverse"": ""guardians_card-back""}","{""name_printed"": ""Shield"", ""functional_disambiguator"": ""Insect 10"", ""rarity"": ""Starter"", ""type"": ""Shield"", ""item_dimensions"": ""{\u0022height\u0022: \u00223.5\u0022, \u0022width\u0022: \u00222.5\u0022, \u0022unit\u0022: \u0022inch\u0022}""}",d25eb25b-dfa0-4ef0-ad1e-d9396730114e,f4036237-193f-42e6-96ac-f4c693e9c3e6,Shield (Insect 10),Shield (Insect 10),{},guardians_limited-edition_shield-(insect-10)
620e3785-225c-4079-ab4e-21e7f8ecd66c,third-party-document,0,0,"{""obverse"": ""guardians_limited-edition_shield-(insect-11)"", ""reverse"": ""guardians_card-back""}","{""name_printed"": ""Shield"", ""functional_disambiguator"": ""Insect 11"", ""rarity"": ""Starter"", ""type"": ""Shield"", ""item_dimensions"": ""{\u0022height\u0022: \u00223.5\u0022, \u0022width\u0022: \u00222.5\u0022, \u0022unit\u0022: \u0022inch\u0022}""}",d25eb25b-dfa0-4ef0-ad1e-d9396730114e,f4036237-193f-42e6-96ac-f4c693e9c3e6,Shield (Insect 11),Shield (Insect 11),{},guardians_limited-edition_shield-(insect-11)
67da5c49-f986-4b49-b1b0-143703119a25,third-party-document,0,0,"{""obverse"": ""guardians_limited-edition_shield-(insect-12)"", ""reverse"": ""guardians_card-back""}","{""name_printed"": ""Shield"", ""functional_disambiguator"": ""Insect 12"", ""rarity"": ""Starter"", ""type"": ""Shield"", ""item_dimensions"": ""{\u0022height\u0022: \u00223.5\u0022, \u0022width\u0022: \u00222.5\u0022, \u0022unit\u0022: \u0022inch\u0022}""}",d25eb25b-dfa0-4ef0-ad1e-d9396730114e,f4036237-193f-42e6-96ac-f4c693e9c3e6,Shield (Insect 12),Shield (Insect 12),{},guardians_limited-edition_shield-(insect-12)
c069faab-90de-47ea-9a2c-5d8432dbe779,third-party-document,0,0,"{""obverse"": ""guardians_limited-edition_shield-(insect-13)"", ""reverse"": ""guardians_card-back""}","{""name_printed"": ""Shield"", ""functional_disambiguator"": ""Insect 13"", ""rarity"": ""Starter"", ""type"": ""Shield"", ""item_dimensions"": ""{\u0022height\u0022: \u00223.5\u0022, \u0022width\u0022: \u00222.5\u0022, \u0022unit\u0022: \u0022inch\u0022}""}",d25eb25b-dfa0-4ef0-ad1e-d9396730114e,f4036237-193f-42e6-96ac-f4c693e9c3e6,Shield (Insect 13),Shield (Insect 13),{},guardians_limited-edition_shield-(insect-13)
acc0523b-88f6-49ac-b9f0-06f5cab638bb,third-party-document,0,0,"{""obverse"": ""guardians_limited-edition_shield-(insect-14)"", ""reverse"": ""guardians_card-back""}","{""name_printed"": ""Shield"", ""functional_disambiguator"": ""Insect 14"", ""rarity"": ""Starter"", ""type"": ""Shield"", ""item_dimensions"": ""{\u0022height\u0022: \u00223.5\u0022, \u0022width\u0022: \u00222.5\u0022, \u0022unit\u0022: \u0022inch\u0022}""}",d25eb25b-dfa0-4ef0-ad1e-d9396730114e,f4036237-193f-42e6-96ac-f4c693e9c3e6,Shield (Insect 14),Shield (Insect 14),{},guardians_limited-edition_shield-(insect-14)
bd68abbb-73ee-4956-8801-dba177b16972,third-party-document,0,0,"{""obverse"": ""guardians_limited-edition_shield-(insect-6)"", ""reverse"": ""guardians_card-back""}","{""name_printed"": ""Shield"", ""functional_disambiguator"": ""Insect 6"", ""rarity"": ""Starter"", ""type"": ""Shield"", ""item_dimensions"": ""{\u0022height\u0022: \u00223.5\u0022, \u0022width\u0022: \u00222.5\u0022, \u0022unit\u0022: \u0022inch\u0022}""}",d25eb25b-dfa0-4ef0-ad1e-d9396730114e,f4036237-193f-42e6-96ac-f4c693e9c3e6,Shield (Insect 6),Shield (Insect 6),{},guardians_limited-edition_shield-(insect-6)
c1df52a2-72ef-4f6f-900f-23b11d31439d,third-party-document,0,0,"{""obverse"": ""guardians_limited-edition_shield-(insect-7)"", ""reverse"": ""guardians_card-back""}","{""name_printed"": ""Shield"", ""functional_disambiguator"": ""Insect 7"", ""rarity"": ""Starter"", ""type"": ""Shield"", ""item_dimensions"": ""{\u0022height\u0022: \u00223.5\u0022, \u0022width\u0022: \u00222.5\u0022, \u0022unit\u0022: \u0022inch\u0022}""}",d25eb25b-dfa0-4ef0-ad1e-d9396730114e,f4036237-193f-42e6-96ac-f4c693e9c3e6,Shield (Insect 7),Shield (Insect 7),{},guardians_limited-edition_shield-(insect-7)
19984c7a-3f8e-46b2-a9ff-b65129552c83,third-party-document,0,0,"{""obverse"": ""guardians_limited-edition_shield-(insect-8)"", ""reverse"": ""guardians_card-back""}","{""name_printed"": ""Shield"", ""functional_disambiguator"": ""Insect 8"", ""rarity"": ""Starter"", ""type"": ""Shield"", ""item_dimensions"": ""{\u0022height\u0022: \u00223.5\u0022, \u0022width\u0022: \u00222.5\u0022, \u0022unit\u0022: \u0022inch\u0022}""}",d25eb25b-dfa0-4ef0-ad1e-d9396730114e,f4036237-193f-42e6-96ac-f4c693e9c3e6,Shield (Insect 8),Shield (Insect 8),{},guardians_limited-edition_shield-(insect-8)
13ddf2a2-b5be-4795-b215-2a4cff8b513f,item,1,0,"{""obverse"": ""guardians_limited-edition_shield-(lightning-10)"", ""reverse"": ""guardians_card-back""}","{""name_printed"": ""Shield"", ""functional_disambiguator"": ""Lightning 10"", ""rarity"": ""Starter"", ""type"": ""Shield"", ""item_dimensions"": ""{\u0022height\u0022: \u00223.5\u0022, \u0022width\u0022: \u00222.5\u0022, \u0022unit\u0022: \u0022inch\u0022}""}",d25eb25b-dfa0-4ef0-ad1e-d9396730114e,f4036237-193f-42e6-96ac-f4c693e9c3e6,Shield (Lightning 10),Shield (Lightning 10),{},guardians_limited-edition_shield-(lightning-10)
edff04ac-3393-4a8f-8fdd-5c789b858fc6,third-party-document,0,0,"{""obverse"": ""guardians_limited-edition_shield-(lightning-12)"", ""reverse"": ""guardians_card-back""}","{""name_printed"": ""Shield"", ""functional_disambiguator"": ""Lightning 12"", ""rarity"": ""Starter"", ""type"": ""Shield"", ""item_dimensions"": ""{\u0022height\u0022: \u00223.5\u0022, \u0022width\u0022: \u00222.5\u0022, \u0022unit\u0022: \u0022inch\u0022}""}",d25eb25b-dfa0-4ef0-ad1e-d9396730114e,f4036237-193f-42e6-96ac-f4c693e9c3e6,Shield (Lightning 12),Shield (Lightning 12),{},guardians_limited-edition_shield-(lightning-12)
ae30fd73-eba4-42c5-b142-0f6296bbbdf3,item,1,0,"{""obverse"": ""guardians_limited-edition_shield-(lightning-14)"", ""reverse"": ""guardians_card-back""}","{""name_printed"": ""Shield"", ""functional_disambiguator"": ""Lightning 14"", ""rarity"": ""Starter"", ""type"": ""Shield"", ""item_dimensions"": ""{\u0022height\u0022: \u00223.5\u0022, \u0022width\u0022: \u00222.5\u0022, \u0022unit\u0022: \u0022inch\u0022}""}",d25eb25b-dfa0-4ef0-ad1e-d9396730114e,f4036237-193f-42e6-96ac-f4c693e9c3e6,Shield (Lightning 14),Shield (Lightning 14),{},guardians_limited-edition_shield-(lightning-14)
7c23f150-caa1-4a9a-bfd2-8e82f9e02d3c,third-party-document,0,0,"{""obverse"": ""guardians_limited-edition_shield-(lightning-2)"", ""reverse"": ""guardians_card-back""}","{""name_printed"": ""Shield"", ""functional_disambiguator"": ""Lightning 2"", ""rarity"": ""Starter"", ""type"": ""Shield"", ""item_dimensions"": ""{\u0022height\u0022: \u00223.5\u0022, \u0022width\u0022: \u00222.5\u0022, \u0022unit\u0022: \u0022inch\u0022}""}",d25eb25b-dfa0-4ef0-ad1e-d9396730114e,f4036237-193f-42e6-96ac-f4c693e9c3e6,Shield (Lightning 2),Shield (Lightning 2),{},guardians_limited-edition_shield-(lightning-2)
b0fa852f-436c-42e8-a49d-f7ae76023d08,third-party-document,0,0,"{""obverse"": ""guardians_limited-edition_shield-(lightning-5)"", ""reverse"": ""guardians_card-back""}","{""name_printed"": ""Shield"", ""functional_disambiguator"": ""Lightning 5"", ""rarity"": ""Starter"", ""type"": ""Shield"", ""item_dimensions"": ""{\u0022height\u0022: \u00223.5\u0022, \u0022width\u0022: \u00222.5\u0022, \u0022unit\u0022: \u0022inch\u0022}""}",d25eb25b-dfa0-4ef0-ad1e-d9396730114e,f4036237-193f-42e6-96ac-f4c693e9c3e6,Shield (Lightning 5),Shield (Lightning 5),{},guardians_limited-edition_shield-(lightning-5)
bf8e27b3-f4b4-4bd7-8f10-5726e268d0ef,third-party-document,0,0,"{""obverse"": ""guardians_limited-edition_shield-(lightning-9)"", ""reverse"": ""guardians_card-back""}","{""name_printed"": ""Shield"", ""functional_disambiguator"": ""Lightning 9"", ""rarity"": ""Starter"", ""type"": ""Shield"", ""item_dimensions"": ""{\u0022height\u0022: \u00223.5\u0022, \u0022width\u0022: \u00222.5\u0022, \u0022unit\u0022: \u0022inch\u0022}""}",d25eb25b-dfa0-4ef0-ad1e-d9396730114e,f4036237-193f-42e6-96ac-f4c693e9c3e6,Shield (Lightning 9),Shield (Lightning 9),{},guardians_limited-edition_shield-(lightning-9)
7d2fe695-233b-4e1f-bd87-5603984b677f,item,1,0,"{""obverse"": ""guardians_limited-edition_shield-(ox-10)"", ""reverse"": ""guardians_card-back""}","{""name_printed"": ""Shield"", ""functional_disambiguator"": ""Ox 10"", ""rarity"": ""Starter"", ""type"": ""Shield"", ""item_dimensions"": ""{\u0022height\u0022: \u00223.5\u0022, \u0022width\u0022: \u00222.5\u0022, \u0022unit\u0022: \u0022inch\u0022}""}",d25eb25b-dfa0-4ef0-ad1e-d9396730114e,f4036237-193f-42e6-96ac-f4c693e9c3e6,Shield (Ox 10),Shield (Ox 10),{},guardians_limited-edition_shield-(ox-10)
d8b71053-4f06-43cb-8126-2c970357acdb,third-party-document,0,0,"{""obverse"": ""guardians_limited-edition_shield-(ox-11)"", ""reverse"": ""guardians_card-back""}","{""name_printed"": ""Shield"", ""functional_disambiguator"": ""Ox 11"", ""rarity"": ""Starter"", ""type"": ""Shield"", ""item_dimensions"": ""{\u0022height\u0022: \u00223.5\u0022, \u0022width\u0022: \u00222.5\u0022, \u0022unit\u0022: \u0022inch\u0022}""}",d25eb25b-dfa0-4ef0-ad1e-d9396730114e,f4036237-193f-42e6-96ac-f4c693e9c3e6,Shield (Ox 11),Shield (Ox 11),{},guardians_limited-edition_shield-(ox-11)
adfed227-522c-4940-a399-db4996e2fb1b,third-party-document,0,0,"{""obverse"": ""guardians_limited-edition_shield-(ox-12)"", ""reverse"": ""guardians_card-back""}","{""name_printed"": ""Shield"", ""functional_disambiguator"": ""Ox 12"", ""rarity"": ""Starter"", ""type"": ""Shield"", ""item_dimensions"": ""{\u0022height\u0022: \u00223.5\u0022, \u0022width\u0022: \u00222.5\u0022, \u0022unit\u0022: \u0022inch\u0022}""}",d25eb25b-dfa0-4ef0-ad1e-d9396730114e,f4036237-193f-42e6-96ac-f4c693e9c3e6,Shield (Ox 12),Shield (Ox 12),{},guardians_limited-edition_shield-(ox-12)
c837fdb8-882d-48b2-bec3-ce458b027708,item,1,0,"{""obverse"": ""guardians_limited-edition_shield-(ox-13)"", ""reverse"": ""guardians_card-back""}","{""name_printed"": ""Shield"", ""functional_disambiguator"": ""Ox 13"", ""rarity"": ""Starter"", ""type"": ""Shield"", ""item_dimensions"": ""{\u0022height\u0022: \u00223.5\u0022, \u0022width\u0022: \u00222.5\u0022, \u0022unit\u0022: \u0022inch\u0022}""}",d25eb25b-dfa0-4ef0-ad1e-d9396730114e,f4036237-193f-42e6-96ac-f4c693e9c3e6,Shield (Ox 13),Shield (Ox 13),{},guardians_limited-edition_shield-(ox-13)
d9fc61ef-dc5b-4b13-b602-6a2d318a3ee4,third-party-document,0,0,"{""obverse"": ""guardians_limited-edition_shield-(ox-7)"", ""reverse"": ""guardians_card-back""}","{""name_printed"": ""Shield"", ""functional_disambiguator"": ""Ox 7"", ""rarity"": ""Starter"", ""type"": ""Shield"", ""item_dimensions"": ""{\u0022height\u0022: \u00223.5\u0022, \u0022width\u0022: \u00222.5\u0022, \u0022unit\u0022: \u0022inch\u0022}""}",d25eb25b-dfa0-4ef0-ad1e-d9396730114e,f4036237-193f-42e6-96ac-f4c693e9c3e6,Shield (Ox 7),Shield (Ox 7),{},guardians_limited-edition_shield-(ox-7)
d0631846-050e-4b63-8028-f5df91a693f8,item,1,0,"{""obverse"": ""guardians_limited-edition_shield-(ox-8)"", ""reverse"": ""guardians_card-back""}","{""name_printed"": ""Shield"", ""functional_disambiguator"": ""Ox 8"", ""rarity"": ""Starter"", ""type"": ""Shield"", ""item_dimensions"": ""{\u0022height\u0022: \u00223.5\u0022, \u0022width\u0022: \u00222.5\u0022, \u0022unit\u0022: \u0022inch\u0022}""}",d25eb25b-dfa0-4ef0-ad1e-d9396730114e,f4036237-193f-42e6-96ac-f4c693e9c3e6,Shield (Ox 8),Shield (Ox 8),{},guardians_limited-edition_shield-(ox-8)
46675400-06c8-44f7-bebc-7f5afb0e99ac,third-party-document,0,0,"{""obverse"": ""guardians_limited-edition_shield-(ox-9)"", ""reverse"": ""guardians_card-back""}","{""name_printed"": ""Shield"", ""functional_disambiguator"": ""Ox 9"", ""rarity"": ""Starter"", ""type"": ""Shield"", ""item_dimensions"": ""{\u0022height\u0022: \u00223.5\u0022, \u0022width\u0022: \u00222.5\u0022, \u0022unit\u0022: \u0022inch\u0022}""}",d25eb25b-dfa0-4ef0-ad1e-d9396730114e,f4036237-193f-42e6-96ac-f4c693e9c3e6,Shield (Ox 9),Shield (Ox 9),{},guardians_limited-edition_shield-(ox-9)
b2ba8c35-5685-4663-a203-9b68f4a67e2d,third-party-document,0,0,"{""obverse"": ""guardians_limited-edition_shield-(skull-10)"", ""reverse"": ""guardians_card-back""}","{""name_printed"": ""Shield"", ""functional_disambiguator"": ""Skull 10"", ""rarity"": ""Starter"", ""type"": ""Shield"", ""item_dimensions"": ""{\u0022height\u0022: \u00223.5\u0022, \u0022width\u0022: \u00222.5\u0022, \u0022unit\u0022: \u0022inch\u0022}""}",d25eb25b-dfa0-4ef0-ad1e-d9396730114e,f4036237-193f-42e6-96ac-f4c693e9c3e6,Shield (Skull 10),Shield (Skull 10),{},guardians_limited-edition_shield-(skull-10)
f16127a8-7405-4e66-b1e2-cbab2a31fc03,third-party-document,0,0,"{""obverse"": ""guardians_limited-edition_shield-(skull-11)"", ""reverse"": ""guardians_card-back""}","{""name_printed"": ""Shield"", ""functional_disambiguator"": ""Skull 11"", ""rarity"": ""Starter"", ""type"": ""Shield"", ""item_dimensions"": ""{\u0022height\u0022: \u00223.5\u0022, \u0022width\u0022: \u00222.5\u0022, \u0022unit\u0022: \u0022inch\u0022}""}",d25eb25b-dfa0-4ef0-ad1e-d9396730114e,f4036237-193f-42e6-96ac-f4c693e9c3e6,Shield (Skull 11),Shield (Skull 11),{},guardians_limited-edition_shield-(skull-11)
db32ed34-92b6-4495-b3d0-89b1c3e39582,item,1,0,"{""obverse"": ""guardians_limited-edition_shield-(skull-12)"", ""reverse"": ""guardians_card-back""}","{""name_printed"": ""Shield"", ""functional_disambiguator"": ""Skull 12"", ""rarity"": ""Starter"", ""type"": ""Shield"", ""item_dimensions"": ""{\u0022height\u0022: \u00223.5\u0022, \u0022width\u0022: \u00222.5\u0022, \u0022unit\u0022: \u0022inch\u0022}""}",d25eb25b-dfa0-4ef0-ad1e-d9396730114e,f4036237-193f-42e6-96ac-f4c693e9c3e6,Shield (Skull 12),Shield (Skull 12),{},guardians_limited-edition_shield-(skull-12)
fe2196e5-fee4-4bff-ade4-d63a5bd7f071,item,1,0,"{""obverse"": ""guardians_limited-edition_shield-(skull-13)"", ""reverse"": ""guardians_card-back""}","{""name_printed"": ""Shield"", ""functional_disambiguator"": ""Skull 13"", ""rarity"": ""Starter"", ""type"": ""Shield"", ""item_dimensions"": ""{\u0022height\u0022: \u00223.5\u0022, \u0022width\u0022: \u00222.5\u0022, \u0022unit\u0022: \u0022inch\u0022}""}",d25eb25b-dfa0-4ef0-ad1e-d9396730114e,f4036237-193f-42e6-96ac-f4c693e9c3e6,Shield (Skull 13),Shield (Skull 13),{},guardians_limited-edition_shield-(skull-13)
72f74d9d-473a-409f-9ef0-028780b856a9,third-party-document,0,0,"{""obverse"": ""guardians_limited-edition_shield-(skull-14)"", ""reverse"": ""guardians_card-back""}","{""name_printed"": ""Shield"", ""functional_disambiguator"": ""Skull 14"", ""rarity"": ""Starter"", ""type"": ""Shield"", ""item_dimensions"": ""{\u0022height\u0022: \u00223.5\u0022, \u0022width\u0022: \u00222.5\u0022, \u0022unit\u0022: \u0022inch\u0022}""}",d25eb25b-dfa0-4ef0-ad1e-d9396730114e,f4036237-193f-42e6-96ac-f4c693e9c3e6,Shield (Skull 14),Shield (Skull 14),{},guardians_limited-edition_shield-(skull-14)
bc7236c8-bc99-4f15-a028-32b5280415eb,third-party-document,0,0,"{""obverse"": ""guardians_limited-edition_shield-(skull-6)"", ""reverse"": ""guardians_card-back""}","{""name_printed"": ""Shield"", ""functional_disambiguator"": ""Skull 6"", ""rarity"": ""Starter"", ""type"": ""Shield"", ""item_dimensions"": ""{\u0022height\u0022: \u00223.5\u0022, \u0022width\u0022: \u00222.5\u0022, \u0022unit\u0022: \u0022inch\u0022}""}",d25eb25b-dfa0-4ef0-ad1e-d9396730114e,f4036237-193f-42e6-96ac-f4c693e9c3e6,Shield (Skull 6),Shield (Skull 6),{},guardians_limited-edition_shield-(skull-6)
44c0e2e4-f987-49a7-b9d2-a95fbeccc538,third-party-document,0,0,"{""obverse"": ""guardians_limited-edition_shield-(skull-7)"", ""reverse"": ""guardians_card-back""}","{""name_printed"": ""Shield"", ""functional_disambiguator"": ""Skull 7"", ""rarity"": ""Starter"", ""type"": ""Shield"", ""item_dimensions"": ""{\u0022height\u0022: \u00223.5\u0022, \u0022width\u0022: \u00222.5\u0022, \u0022unit\u0022: \u0022inch\u0022}""}",d25eb25b-dfa0-4ef0-ad1e-d9396730114e,f4036237-193f-42e6-96ac-f4c693e9c3e6,Shield (Skull 7),Shield (Skull 7),{},guardians_limited-edition_shield-(skull-7)
5728dc31-47f5-456e-8253-21d19dbcb2c9,third-party-document,0,0,"{""obverse"": ""guardians_limited-edition_shield-(skull-8)"", ""reverse"": ""guardians_card-back""}","{""name_printed"": ""Shield"", ""functional_disambiguator"": ""Skull 8"", ""rarity"": ""Starter"", ""type"": ""Shield"", ""item_dimensions"": ""{\u0022height\u0022: \u00223.5\u0022, \u0022width\u0022: \u00222.5\u0022, \u0022unit\u0022: \u0022inch\u0022}""}",d25eb25b-dfa0-4ef0-ad1e-d9396730114e,f4036237-193f-42e6-96ac-f4c693e9c3e6,Shield (Skull 8),Shield (Skull 8),{},guardians_limited-edition_shield-(skull-8)
4e174868-5e88-4322-be40-bff25d576363,third-party-document,0,0,"{""obverse"": ""guardians_limited-edition_shield-(skull-9)"", ""reverse"": ""guardians_card-back""}","{""name_printed"": ""Shield"", ""functional_disambiguator"": ""Skull 9"", ""rarity"": ""Starter"", ""type"": ""Shield"", ""item_dimensions"": ""{\u0022height\u0022: \u00223.5\u0022, \u0022width\u0022: \u00222.5\u0022, \u0022unit\u0022: \u0022inch\u0022}""}",d25eb25b-dfa0-4ef0-ad1e-d9396730114e,f4036237-193f-42e6-96ac-f4c693e9c3e6,Shield (Skull 9),Shield (Skull 9),{},guardians_limited-edition_shield-(skull-9)
0a94a4c5-1d43-4828-ac08-e7384ad737bc,item,1,0,"{""obverse"": ""guardians_limited-edition_shield-(snakes-10)"", ""reverse"": ""guardians_card-back""}","{""name_printed"": ""Shield"", ""functional_disambiguator"": ""Snakes 10"", ""rarity"": ""Starter"", ""type"": ""Shield"", ""item_dimensions"": ""{\u0022height\u0022: \u00223.5\u0022, \u0022width\u0022: \u00222.5\u0022, \u0022unit\u0022: \u0022inch\u0022}""}",d25eb25b-dfa0-4ef0-ad1e-d9396730114e,f4036237-193f-42e6-96ac-f4c693e9c3e6,Shield (Snakes 10),Shield (Snakes 10),{},guardians_limited-edition_shield-(snakes-10)
2f5249a6-dfd5-4b50-b8d1-25c7d201f1e0,item,1,0,"{""obverse"": ""guardians_limited-edition_shield-(snakes-11)"", ""reverse"": ""guardians_card-back""}","{""name_printed"": ""Shield"", ""functional_disambiguator"": ""Snakes 11"", ""rarity"": ""Starter"", ""type"": ""Shield"", ""item_dimensions"": ""{\u0022height\u0022: \u00223.5\u0022, \u0022width\u0022: \u00222.5\u0022, \u0022unit\u0022: \u0022inch\u0022}""}",d25eb25b-dfa0-4ef0-ad1e-d9396730114e,f4036237-193f-42e6-96ac-f4c693e9c3e6,Shield (Snakes 11),Shield (Snakes 11),{},guardians_limited-edition_shield-(snakes-11)
e8872f2b-5da2-4d1e-833d-871aba24006d,item,1,0,"{""obverse"": ""guardians_limited-edition_shield-(snakes-9)"", ""reverse"": ""guardians_card-back""}","{""name_printed"": ""Shield"", ""functional_disambiguator"": ""Snakes 9"", ""rarity"": ""Starter"", ""type"": ""Shield"", ""item_dimensions"": ""{\u0022height\u0022: \u00223.5\u0022, \u0022width\u0022: \u00222.5\u0022, \u0022unit\u0022: \u0022inch\u0022}""}",d25eb25b-dfa0-4ef0-ad1e-d9396730114e,f4036237-193f-42e6-96ac-f4c693e9c3e6,Shield (Snakes 9),Shield (Snakes 9),{},guardians_limited-edition_shield-(snakes-9)
af762f8f-4423-41e6-9f9a-7d60aec3bb4e,item,1,0,"{""obverse"": ""guardians_limited-edition_siin-stealer-of-the-power"", ""reverse"": ""guardians_card-back""}","{""name_printed"": ""Siin Stealer of the Power"", ""rarity"": ""Starter"", ""type"": ""Guardian"", ""item_dimensions"": ""{\u0022height\u0022: \u00223.5\u0022, \u0022width\u0022: \u00222.5\u0022, \u0022unit\u0022: \u0022inch\u0022}""}",d25eb25b-dfa0-4ef0-ad1e-d9396730114e,f4036237-193f-42e6-96ac-f4c693e9c3e6,Siin Stealer of the Power,Siin Stealer of the Power,{},guardians_limited-edition_siin-stealer-of-the-power
40955fdd-4297-451d-8b53-e0092370dd76,item,1,0,"{""obverse"": ""guardians_limited-edition_skeletal-minion"", ""reverse"": ""guardians_card-back""}","{""name_printed"": ""Skeletal Minion"", ""rarity"": ""Common-1"", ""type"": ""External"", ""item_dimensions"": ""{\u0022height\u0022: \u00223.5\u0022, \u0022width\u0022: \u00222.5\u0022, \u0022unit\u0022: \u0022inch\u0022}""}",d25eb25b-dfa0-4ef0-ad1e-d9396730114e,f4036237-193f-42e6-96ac-f4c693e9c3e6,Skeletal Minion,Skeletal Minion,{},guardians_limited-edition_skeletal-minion
66eaee82-5ffd-4256-a3f2-40aebeaeec5c,third-party-document,0,0,"{""obverse"": ""guardians_limited-edition_slag-bunny"", ""reverse"": ""guardians_card-back""}","{""name_printed"": ""Slag Bunny"", ""rarity"": ""Uncommon-1"", ""type"": ""Mortal"", ""item_dimensions"": ""{\u0022height\u0022: \u00223.5\u0022, \u0022width\u0022: \u00222.5\u0022, \u0022unit\u0022: \u0022inch\u0022}""}",d25eb25b-dfa0-4ef0-ad1e-d9396730114e,f4036237-193f-42e6-96ac-f4c693e9c3e6,Slag Bunny,Slag Bunny,{},guardians_limited-edition_slag-bunny
15f62773-e14e-4cd4-b0ba-97616de13829,item,1,0,"{""obverse"": ""guardians_limited-edition_sleeping-spirit"", ""reverse"": ""guardians_card-back""}","{""name_printed"": ""Sleeping Spirit"", ""rarity"": ""Common-1"", ""type"": ""Elemental"", ""item_dimensions"": ""{\u0022height\u0022: \u00223.5\u0022, \u0022width\u0022: \u00222.5\u0022, \u0022unit\u0022: \u0022inch\u0022}""}",d25eb25b-dfa0-4ef0-ad1e-d9396730114e,f4036237-193f-42e6-96ac-f4c693e9c3e6,Sleeping Spirit,Sleeping Spirit,{},guardians_limited-edition_sleeping-spirit
433fea55-41a2-45e5-a443-f51807650b94,item,1,0,"{""obverse"": ""guardians_limited-edition_slippery-slime"", ""reverse"": ""guardians_card-back""}","{""name_printed"": ""Slippery Slime"", ""rarity"": ""Rare-2"", ""type"": ""External"", ""item_dimensions"": ""{\u0022height\u0022: \u00223.5\u0022, \u0022width\u0022: \u00222.5\u0022, \u0022unit\u0022: \u0022inch\u0022}""}",d25eb25b-dfa0-4ef0-ad1e-d9396730114e,f4036237-193f-42e6-96ac-f4c693e9c3e6,Slippery Slime,Slippery Slime,{},guardians_limited-edition_slippery-slime
29a0c123-a513-4125-939c-42396ee98bed,item,1,0,"{""obverse"": ""guardians_limited-edition_sloarch"", ""reverse"": ""guardians_card-back""}","{""name_printed"": ""Sloarch"", ""rarity"": ""Uncommon-1"", ""type"": ""Mortal"", ""item_dimensions"": ""{\u0022height\u0022: \u00223.5\u0022, \u0022width\u0022: \u00222.5\u0022, \u0022unit\u0022: \u0022inch\u0022}""}",d25eb25b-dfa0-4ef0-ad1e-d9396730114e,f4036237-193f-42e6-96ac-f4c693e9c3e6,Sloarch,Sloarch,{},guardians_limited-edition_sloarch
d7b62690-6c33-480d-ae10-025746492913,item,1,0,"{""obverse"": ""guardians_limited-edition_smoke-spirit"", ""reverse"": ""guardians_card-back""}","{""name_printed"": ""Smoke Spirit"", ""rarity"": ""Uncommon-1"", ""type"": ""Elemental"", ""item_dimensions"": ""{\u0022height\u0022: \u00223.5\u0022, \u0022width\u0022: \u00222.5\u0022, \u0022unit\u0022: \u0022inch\u0022}""}",d25eb25b-dfa0-4ef0-ad1e-d9396730114e,f4036237-193f-42e6-96ac-f4c693e9c3e6,Smoke Spirit,Smoke Spirit,{},guardians_limited-edition_smoke-spirit
7d6a6b6c-4b51-42c6-bb69-00e397bd0d68,item,1,0,"{""obverse"": ""guardians_limited-edition_snibs-bony-ridged"", ""reverse"": ""guardians_card-back""}","{""name_printed"": ""Snibs Bony Ridged"", ""rarity"": ""Uncommon-1"", ""type"": ""Mortal"", ""item_dimensions"": ""{\u0022height\u0022: \u00223.5\u0022, \u0022width\u0022: \u00222.5\u0022, \u0022unit\u0022: \u0022inch\u0022}""}",d25eb25b-dfa0-4ef0-ad1e-d9396730114e,f4036237-193f-42e6-96ac-f4c693e9c3e6,Snibs Bony Ridged,Snibs Bony Ridged,{},guardians_limited-edition_snibs-bony-ridged
705e2e48-e8bf-4932-be10-8ca6d0e71bda,item,1,0,"{""obverse"": ""guardians_limited-edition_snogwart"", ""reverse"": ""guardians_card-back""}","{""name_printed"": ""Snogwart"", ""rarity"": ""Common-1"", ""type"": ""Mortal"", ""item_dimensions"": ""{\u0022height\u0022: \u00223.5\u0022, \u0022width\u0022: \u00222.5\u0022, \u0022unit\u0022: \u0022inch\u0022}""}",d25eb25b-dfa0-4ef0-ad1e-d9396730114e,f4036237-193f-42e6-96ac-f4c693e9c3e6,Snogwart,Snogwart,{},guardians_limited-edition_snogwart
7f1e52bc-f804-4274-bc02-c5f7488fdea0,item,1,0,"{""obverse"": ""guardians_limited-edition_snow-daughters"", ""reverse"": ""guardians_card-back""}","{""name_printed"": ""Snow Daughters"", ""rarity"": ""Common-1"", ""type"": ""Elemental"", ""item_dimensions"": ""{\u0022height\u0022: \u00223.5\u0022, \u0022width\u0022: \u00222.5\u0022, \u0022unit\u0022: \u0022inch\u0022}""}",d25eb25b-dfa0-4ef0-ad1e-d9396730114e,f4036237-193f-42e6-96ac-f4c693e9c3e6,Snow Daughters,Snow Daughters,{},guardians_limited-edition_snow-daughters
219a8941-256c-42da-b9f3-c4970fff364d,item,1,0,"{""obverse"": ""guardians_limited-edition_sorcerer"", ""reverse"": ""guardians_card-back""}","{""name_printed"": ""Sorcerer"", ""rarity"": ""Rare-2"", ""type"": ""Mortal"", ""item_dimensions"": ""{\u0022height\u0022: \u00223.5\u0022, \u0022width\u0022: \u00222.5\u0022, \u0022unit\u0022: \u0022inch\u0022}""}",d25eb25b-dfa0-4ef0-ad1e-d9396730114e,f4036237-193f-42e6-96ac-f4c693e9c3e6,Sorcerer,Sorcerer,{},guardians_limited-edition_sorcerer
387e1bcc-ae11-4207-9719-1bd24f71823f,item,1,0,"{""obverse"": ""guardians_limited-edition_speckled-clamjack"", ""reverse"": ""guardians_card-back""}","{""name_printed"": ""Speckled Clamjack"", ""rarity"": ""Common-1"", ""type"": ""Mortal"", ""item_dimensions"": ""{\u0022height\u0022: \u00223.5\u0022, \u0022width\u0022: \u00222.5\u0022, \u0022unit\u0022: \u0022inch\u0022}""}",d25eb25b-dfa0-4ef0-ad1e-d9396730114e,f4036237-193f-42e6-96ac-f4c693e9c3e6,Speckled Clamjack,Speckled Clamjack,{},guardians_limited-edition_speckled-clamjack
0fb8c874-e552-4d2a-8e63-5a9327d79fe4,item,1,0,"{""obverse"": ""guardians_limited-edition_sphinx"", ""reverse"": ""guardians_card-back""}","{""name_printed"": ""Sphinx"", ""rarity"": ""Uncommon-1"", ""type"": ""External"", ""item_dimensions"": ""{\u0022height\u0022: \u00223.5\u0022, \u0022width\u0022: \u00222.5\u0022, \u0022unit\u0022: \u0022inch\u0022}""}",d25eb25b-dfa0-4ef0-ad1e-d9396730114e,f4036237-193f-42e6-96ac-f4c693e9c3e6,Sphinx,Sphinx,{},guardians_limited-edition_sphinx
d8772ed5-a8f9-4e6e-babf-46f97ca8c4b6,item,1,0,"{""obverse"": ""guardians_limited-edition_spires"", ""reverse"": ""guardians_card-back""}","{""name_printed"": ""Spires"", ""rarity"": ""Common-Sp"", ""type"": ""Terrain"", ""item_dimensions"": ""{\u0022height\u0022: \u00223.5\u0022, \u0022width\u0022: \u00222.5\u0022, \u0022unit\u0022: \u0022inch\u0022}""}",d25eb25b-dfa0-4ef0-ad1e-d9396730114e,f4036237-193f-42e6-96ac-f4c693e9c3e6,Spires,Spires,{},guardians_limited-edition_spires
fdead8ec-71f3-4d11-b2da-2e28d1f8e408,third-party-document,0,0,"{""obverse"": ""guardians_limited-edition_spirit-of-the-forge"", ""reverse"": ""guardians_card-back""}","{""name_printed"": ""Spirit of the Forge"", ""rarity"": ""Rare-2"", ""type"": ""Elemental"", ""item_dimensions"": ""{\u0022height\u0022: \u00223.5\u0022, \u0022width\u0022: \u00222.5\u0022, \u0022unit\u0022: \u0022inch\u0022}""}",d25eb25b-dfa0-4ef0-ad1e-d9396730114e,f4036237-193f-42e6-96ac-f4c693e9c3e6,Spirit of the Forge,Spirit of the Forge,{},guardians_limited-edition_spirit-of-the-forge
8d92c745-b5c0-49ab-afab-850417778e19,third-party-document,0,0,"{""obverse"": ""guardians_limited-edition_spirit-of-the-hunt"", ""reverse"": ""guardians_card-back""}","{""name_printed"": ""Spirit of the Hunt"", ""rarity"": ""Rare-1"", ""type"": ""Elemental"", ""item_dimensions"": ""{\u0022height\u0022: \u00223.5\u0022, \u0022width\u0022: \u00222.5\u0022, \u0022unit\u0022: \u0022inch\u0022}""}",d25eb25b-dfa0-4ef0-ad1e-d9396730114e,f4036237-193f-42e6-96ac-f4c693e9c3e6,Spirit of the Hunt,Spirit of the Hunt,{},guardians_limited-edition_spirit-of-the-hunt
daabd1fa-de65-4e93-a762-69a7cb442e1d,item,1,0,"{""obverse"": ""guardians_limited-edition_st--ballantine's-evocation"", ""reverse"": ""guardians_card-back""}","{""name_printed"": ""St. Ballantine's Evocation"", ""rarity"": ""Common-1"", ""type"": ""Spell"", ""item_dimensions"": ""{\u0022height\u0022: \u00223.5\u0022, \u0022width\u0022: \u00222.5\u0022, \u0022unit\u0022: \u0022inch\u0022}""}",d25eb25b-dfa0-4ef0-ad1e-d9396730114e,f4036237-193f-42e6-96ac-f4c693e9c3e6,St. Ballantine's Evocation,St. Ballantine's Evocation,{},guardians_limited-edition_st--ballantine's-evocation
a2fba6f6-c51b-454d-aba6-4a8b5090904a,third-party-document,0,0,"{""obverse"": ""guardians_limited-edition_standard-bearer-(angelic-13)"", ""reverse"": ""guardians_card-back""}","{""name_printed"": ""Standard Bearer"", ""functional_disambiguator"": ""Angelic 13"", ""rarity"": ""Rare-2"", ""type"": ""Shield"", ""item_dimensions"": ""{\u0022height\u0022: \u00223.5\u0022, \u0022width\u0022: \u00222.5\u0022, \u0022unit\u0022: \u0022inch\u0022}""}",d25eb25b-dfa0-4ef0-ad1e-d9396730114e,f4036237-193f-42e6-96ac-f4c693e9c3e6,Standard Bearer (Angelic 13),Standard Bearer (Angelic 13),{},guardians_limited-edition_standard-bearer-(angelic-13)
af03f506-60a3-4a67-9ba0-5bebf6045c6d,item,1,0,"{""obverse"": ""guardians_limited-edition_standard-bearer-(angelic-19)"", ""reverse"": ""guardians_card-back""}","{""name_printed"": ""Standard Bearer"", ""functional_disambiguator"": ""Angelic 19"", ""rarity"": ""Uncommon-1"", ""type"": ""Shield"", ""item_dimensions"": ""{\u0022height\u0022: \u00223.5\u0022, \u0022width\u0022: \u00222.5\u0022, \u0022unit\u0022: \u0022inch\u0022}""}",d25eb25b-dfa0-4ef0-ad1e-d9396730114e,f4036237-193f-42e6-96ac-f4c693e9c3e6,Standard Bearer (Angelic 19),Standard Bearer (Angelic 19),{},guardians_limited-edition_standard-bearer-(angelic-19)
d91a36ce-281c-4499-85fd-11d507603d6d,third-party-document,0,0,"{""obverse"": ""guardians_limited-edition_standard-bearer-(chicken-12)"", ""reverse"": ""guardians_card-back""}","{""name_printed"": ""Standard Bearer"", ""functional_disambiguator"": ""Chicken 12"", ""rarity"": ""Rare-2"", ""type"": ""Shield"", ""item_dimensions"": ""{\u0022height\u0022: \u00223.5\u0022, \u0022width\u0022: \u00222.5\u0022, \u0022unit\u0022: \u0022inch\u0022}""}",d25eb25b-dfa0-4ef0-ad1e-d9396730114e,f4036237-193f-42e6-96ac-f4c693e9c3e6,Standard Bearer (Chicken 12),Standard Bearer (Chicken 12),{},guardians_limited-edition_standard-bearer-(chicken-12)
38a3b1de-e022-4547-9435-9b93cb52b669,item,1,0,"{""obverse"": ""guardians_limited-edition_standard-bearer-(chicken-5)"", ""reverse"": ""guardians_card-back""}","{""name_printed"": ""Standard Bearer"", ""functional_disambiguator"": ""Chicken 5"", ""rarity"": ""Uncommon-1"", ""type"": ""Shield"", ""item_dimensions"": ""{\u0022height\u0022: \u00223.5\u0022, \u0022width\u0022: \u00222.5\u0022, \u0022unit\u0022: \u0022inch\u0022}""}",d25eb25b-dfa0-4ef0-ad1e-d9396730114e,f4036237-193f-42e6-96ac-f4c693e9c3e6,Standard Bearer (Chicken 5),Standard Bearer (Chicken 5),{},guardians_limited-edition_standard-bearer-(chicken-5)
e7591a00-a56e-4056-ae6a-b871eb537e88,item,1,0,"{""obverse"": ""guardians_limited-edition_standard-bearer-(demonic-19)"", ""reverse"": ""guardians_card-back""}","{""name_printed"": ""Standard Bearer"", ""functional_disambiguator"": ""Demonic 19"", ""rarity"": ""Rare-2"", ""type"": ""Shield"", ""item_dimensions"": ""{\u0022height\u0022: \u00223.5\u0022, \u0022width\u0022: \u00222.5\u0022, \u0022unit\u0022: \u0022inch\u0022}""}",d25eb25b-dfa0-4ef0-ad1e-d9396730114e,f4036237-193f-42e6-96ac-f4c693e9c3e6,Standard Bearer (Demonic 19),Standard Bearer (Demonic 19),{},guardians_limited-edition_standard-bearer-(demonic-19)
3dd9ada9-f934-4925-9fe0-da46ea55c362,third-party-document,0,0,"{""obverse"": ""guardians_limited-edition_standard-bearer-(demonic-4)"", ""reverse"": ""guardians_card-back""}","{""name_printed"": ""Standard Bearer"", ""functional_disambiguator"": ""Demonic 4"", ""rarity"": ""Uncommon-1"", ""type"": ""Shield"", ""item_dimensions"": ""{\u0022height\u0022: \u00223.5\u0022, \u0022width\u0022: \u00222.5\u0022, \u0022unit\u0022: \u0022inch\u0022}""}",d25eb25b-dfa0-4ef0-ad1e-d9396730114e,f4036237-193f-42e6-96ac-f4c693e9c3e6,Standard Bearer (Demonic 4),Standard Bearer (Demonic 4),{},guardians_limited-edition_standard-bearer-(demonic-4)
c89e50ac-f5eb-4ebf-8281-b3f6cce02cfa,item,1,0,"{""obverse"": ""guardians_limited-edition_standard-bearer-(dragon-15)"", ""reverse"": ""guardians_card-back""}","{""name_printed"": ""Standard Bearer"", ""functional_disambiguator"": ""Dragon 15"", ""rarity"": ""Uncommon-1"", ""type"": ""Shield"", ""item_dimensions"": ""{\u0022height\u0022: \u00223.5\u0022, \u0022width\u0022: \u00222.5\u0022, \u0022unit\u0022: \u0022inch\u0022}""}",d25eb25b-dfa0-4ef0-ad1e-d9396730114e,f4036237-193f-42e6-96ac-f4c693e9c3e6,Standard Bearer (Dragon 15),Standard Bearer (Dragon 15),{},guardians_limited-edition_standard-bearer-(dragon-15)
90040723-0e29-4808-bc9e-0114e1fae011,third-party-document,0,0,"{""obverse"": ""guardians_limited-edition_standard-bearer-(dragon-19)"", ""reverse"": ""guardians_card-back""}","{""name_printed"": ""Standard Bearer"", ""functional_disambiguator"": ""Dragon 19"", ""rarity"": ""Rare-2"", ""type"": ""Shield"", ""item_dimensions"": ""{\u0022height\u0022: \u00223.5\u0022, \u0022width\u0022: \u00222.5\u0022, \u0022unit\u0022: \u0022inch\u0022}""}",d25eb25b-dfa0-4ef0-ad1e-d9396730114e,f4036237-193f-42e6-96ac-f4c693e9c3e6,Standard Bearer (Dragon 19),Standard Bearer (Dragon 19),{},guardians_limited-edition_standard-bearer-(dragon-19)
88bc7ad5-3c2a-4964-b94b-9ab2950f343b,item,1,0,"{""obverse"": ""guardians_limited-edition_standard-bearer-(insect-14)"", ""reverse"": ""guardians_card-back""}","{""name_printed"": ""Standard Bearer"", ""functional_disambiguator"": ""Insect 14"", ""rarity"": ""Uncommon-1"", ""type"": ""Shield"", ""item_dimensions"": ""{\u0022height\u0022: \u00223.5\u0022, \u0022width\u0022: \u00222.5\u0022, \u0022unit\u0022: \u0022inch\u0022}""}",d25eb25b-dfa0-4ef0-ad1e-d9396730114e,f4036237-193f-42e6-96ac-f4c693e9c3e6,Standard Bearer (Insect 14),Standard Bearer (Insect 14),{},guardians_limited-edition_standard-bearer-(insect-14)
81afe36a-606e-460a-8527-46f1de1d2fad,item,1,0,"{""obverse"": ""guardians_limited-edition_standard-bearer-(insect-16)"", ""reverse"": ""guardians_card-back""}","{""name_printed"": ""Standard Bearer"", ""functional_disambiguator"": ""Insect 16"", ""rarity"": ""Rare-2"", ""type"": ""Shield"", ""item_dimensions"": ""{\u0022height\u0022: \u00223.5\u0022, \u0022width\u0022: \u00222.5\u0022, \u0022unit\u0022: \u0022inch\u0022}""}",d25eb25b-dfa0-4ef0-ad1e-d9396730114e,f4036237-193f-42e6-96ac-f4c693e9c3e6,Standard Bearer (Insect 16),Standard Bearer (Insect 16),{},guardians_limited-edition_standard-bearer-(insect-16)
141f85ae-742f-479e-853f-ba57dc84be8a,item,1,0,"{""obverse"": ""guardians_limited-edition_standard-bearer-(lightning-14)"", ""reverse"": ""guardians_card-back""}","{""name_printed"": ""Standard Bearer"", ""functional_disambiguator"": ""Lightning 14"", ""rarity"": ""Rare-2"", ""type"": ""Shield"", ""item_dimensions"": ""{\u0022height\u0022: \u00223.5\u0022, \u0022width\u0022: \u00222.5\u0022, \u0022unit\u0022: \u0022inch\u0022}""}",d25eb25b-dfa0-4ef0-ad1e-d9396730114e,f4036237-193f-42e6-96ac-f4c693e9c3e6,Standard Bearer (Lightning 14),Standard Bearer (Lightning 14),{},guardians_limited-edition_standard-bearer-(lightning-14)
11a115c4-4590-4a98-8464-4a6273d4e7b3,item,1,0,"{""obverse"": ""guardians_limited-edition_standard-bearer-(lightning-4)"", ""reverse"": ""guardians_card-back""}","{""name_printed"": ""Standard Bearer"", ""functional_disambiguator"": ""Lightning 4"", ""rarity"": ""Uncommon-1"", ""type"": ""Shield"", ""item_dimensions"": ""{\u0022height\u0022: \u00223.5\u0022, \u0022width\u0022: \u00222.5\u0022, \u0022unit\u0022: \u0022inch\u0022}""}",d25eb25b-dfa0-4ef0-ad1e-d9396730114e,f4036237-193f-42e6-96ac-f4c693e9c3e6,Standard Bearer (Lightning 4),Standard Bearer (Lightning 4),{},guardians_limited-edition_standard-bearer-(lightning-4)
0bf902e0-c9cb-43ed-afcf-ae54754a3186,third-party-document,0,0,"{""obverse"": ""guardians_limited-edition_standard-bearer-(ox-19)"", ""reverse"": ""guardians_card-back""}","{""name_printed"": ""Standard Bearer"", ""functional_disambiguator"": ""Ox 19"", ""rarity"": ""Rare-2"", ""type"": ""Shield"", ""item_dimensions"": ""{\u0022height\u0022: \u00223.5\u0022, \u0022width\u0022: \u00222.5\u0022, \u0022unit\u0022: \u0022inch\u0022}""}",d25eb25b-dfa0-4ef0-ad1e-d9396730114e,f4036237-193f-42e6-96ac-f4c693e9c3e6,Standard Bearer (Ox 19),Standard Bearer (Ox 19),{},guardians_limited-edition_standard-bearer-(ox-19)
7cb1251c-edae-47ba-81a3-9f7a4a5bfc1b,item,1,0,"{""obverse"": ""guardians_limited-edition_standard-bearer-(ox-5)"", ""reverse"": ""guardians_card-back""}","{""name_printed"": ""Standard Bearer"", ""functional_disambiguator"": ""Ox 5"", ""rarity"": ""Uncommon-1"", ""type"": ""Shield"", ""item_dimensions"": ""{\u0022height\u0022: \u00223.5\u0022, \u0022width\u0022: \u00222.5\u0022, \u0022unit\u0022: \u0022inch\u0022}""}",d25eb25b-dfa0-4ef0-ad1e-d9396730114e,f4036237-193f-42e6-96ac-f4c693e9c3e6,Standard Bearer (Ox 5),Standard Bearer (Ox 5),{},guardians_limited-edition_standard-bearer-(ox-5)
f98196ff-b4c8-4cd4-8ddb-bbd2a91a4e89,item,1,0,"{""obverse"": ""guardians_limited-edition_standard-bearer-(skull-16)"", ""reverse"": ""guardians_card-back""}","{""name_printed"": ""Standard Bearer"", ""functional_disambiguator"": ""Skull 16"", ""rarity"": ""Uncommon-1"", ""type"": ""Shield"", ""item_dimensions"": ""{\u0022height\u0022: \u00223.5\u0022, \u0022width\u0022: \u00222.5\u0022, \u0022unit\u0022: \u0022inch\u0022}""}",d25eb25b-dfa0-4ef0-ad1e-d9396730114e,f4036237-193f-42e6-96ac-f4c693e9c3e6,Standard Bearer (Skull 16),Standard Bearer (Skull 16),{},guardians_limited-edition_standard-bearer-(skull-16)
2134708b-43df-43de-b74b-3bdaf83b0786,third-party-document,0,0,"{""obverse"": ""guardians_limited-edition_standard-bearer-(skull-21)"", ""reverse"": ""guardians_card-back""}","{""name_printed"": ""Standard Bearer"", ""functional_disambiguator"": ""Skull 21"", ""rarity"": ""Rare-2"", ""type"": ""Shield"", ""item_dimensions"": ""{\u0022height\u0022: \u00223.5\u0022, \u0022width\u0022: \u00222.5\u0022, \u0022unit\u0022: \u0022inch\u0022}""}",d25eb25b-dfa0-4ef0-ad1e-d9396730114e,f4036237-193f-42e6-96ac-f4c693e9c3e6,Standard Bearer (Skull 21),Standard Bearer (Skull 21),{},guardians_limited-edition_standard-bearer-(skull-21)
b4d2ddba-2fae-41ab-937f-5ef922d62b9a,item,1,0,"{""obverse"": ""guardians_limited-edition_standard-bearer-(snakes-17)"", ""reverse"": ""guardians_card-back""}","{""name_printed"": ""Standard Bearer"", ""functional_disambiguator"": ""Snakes 17"", ""rarity"": ""Rare-2"", ""type"": ""Shield"", ""item_dimensions"": ""{\u0022height\u0022: \u00223.5\u0022, \u0022width\u0022: \u00222.5\u0022, \u0022unit\u0022: \u0022inch\u0022}""}",d25eb25b-dfa0-4ef0-ad1e-d9396730114e,f4036237-193f-42e6-96ac-f4c693e9c3e6,Standard Bearer (Snakes 17),Standard Bearer (Snakes 17),{},guardians_limited-edition_standard-bearer-(snakes-17)
da053752-0516-4dac-be32-2aaefa4b843a,third-party-document,0,0,"{""obverse"": ""guardians_limited-edition_standard-bearer-(snakes-6)"", ""reverse"": ""guardians_card-back""}","{""name_printed"": ""Standard Bearer"", ""functional_disambiguator"": ""Snakes 6"", ""rarity"": ""Uncommon-1"", ""type"": ""Shield"", ""item_dimensions"": ""{\u0022height\u0022: \u00223.5\u0022, \u0022width\u0022: \u00222.5\u0022, \u0022unit\u0022: \u0022inch\u0022}""}",d25eb25b-dfa0-4ef0-ad1e-d9396730114e,f4036237-193f-42e6-96ac-f4c693e9c3e6,Standard Bearer (Snakes 6),Standard Bearer (Snakes 6),{},guardians_limited-edition_standard-bearer-(snakes-6)
e6333224-b13f-4f03-8afc-162214648682,item,1,0,"{""obverse"": ""guardians_limited-edition_stinking-spirit"", ""reverse"": ""guardians_card-back""}","{""name_printed"": ""Stinking Spirit"", ""rarity"": ""Uncommon-1"", ""type"": ""Elemental"", ""item_dimensions"": ""{\u0022height\u0022: \u00223.5\u0022, \u0022width\u0022: \u00222.5\u0022, \u0022unit\u0022: \u0022inch\u0022}""}",d25eb25b-dfa0-4ef0-ad1e-d9396730114e,f4036237-193f-42e6-96ac-f4c693e9c3e6,Stinking Spirit,Stinking Spirit,{},guardians_limited-edition_stinking-spirit
43207e9a-a56c-4d8c-9cdc-3304c6c95d7b,item,1,0,"{""obverse"": ""guardians_limited-edition_succubus"", ""reverse"": ""guardians_card-back""}","{""name_printed"": ""Succubus"", ""rarity"": ""Uncommon-1"", ""type"": ""Elemental"", ""item_dimensions"": ""{\u0022height\u0022: \u00223.5\u0022, \u0022width\u0022: \u00222.5\u0022, \u0022unit\u0022: \u0022inch\u0022}""}",d25eb25b-dfa0-4ef0-ad1e-d9396730114e,f4036237-193f-42e6-96ac-f4c693e9c3e6,Succubus,Succubus,{},guardians_limited-edition_succubus
289cec58-e57e-4ded-b13b-ff88519d51a2,item,1,0,"{""obverse"": ""guardians_limited-edition_summon-gravity-well"", ""reverse"": ""guardians_card-back""}","{""name_printed"": ""Summon Gravity Well"", ""rarity"": ""Common-1"", ""type"": ""Spell"", ""item_dimensions"": ""{\u0022height\u0022: \u00223.5\u0022, \u0022width\u0022: \u00222.5\u0022, \u0022unit\u0022: \u0022inch\u0022}""}",d25eb25b-dfa0-4ef0-ad1e-d9396730114e,f4036237-193f-42e6-96ac-f4c693e9c3e6,Summon Gravity Well,Summon Gravity Well,{},guardians_limited-edition_summon-gravity-well
442ff1e7-25fe-4473-865d-c16a5b7b6778,item,1,0,"{""obverse"": ""guardians_limited-edition_summons-gate"", ""reverse"": ""guardians_card-back""}","{""name_printed"": ""Summons Gate"", ""rarity"": ""Rare-2"", ""type"": ""Spell"", ""item_dimensions"": ""{\u0022height\u0022: \u00223.5\u0022, \u0022width\u0022: \u00222.5\u0022, \u0022unit\u0022: \u0022inch\u0022}""}",d25eb25b-dfa0-4ef0-ad1e-d9396730114e,f4036237-193f-42e6-96ac-f4c693e9c3e6,Summons Gate,Summons Gate,{},guardians_limited-edition_summons-gate
35e53d5a-d952-4181-8e0a-75270a309fa1,item,1,0,"{""obverse"": ""guardians_limited-edition_sun-spirit"", ""reverse"": ""guardians_card-back""}","{""name_printed"": ""Sun Spirit"", ""rarity"": ""Common-2"", ""type"": ""Elemental"", ""item_dimensions"": ""{\u0022height\u0022: \u00223.5\u0022, \u0022width\u0022: \u00222.5\u0022, \u0022unit\u0022: \u0022inch\u0022}""}",d25eb25b-dfa0-4ef0-ad1e-d9396730114e,f4036237-193f-42e6-96ac-f4c693e9c3e6,Sun Spirit,Sun Spirit,{},guardians_limited-edition_sun-spirit
117b1e76-49c1-4467-9bdb-cda4a193380e,third-party-document,0,0,"{""obverse"": ""guardians_limited-edition_super-model"", ""reverse"": ""guardians_card-back""}","{""name_printed"": ""Super Model"", ""rarity"": ""Uncommon-1"", ""type"": ""Mortal"", ""item_dimensions"": ""{\u0022height\u0022: \u00223.5\u0022, \u0022width\u0022: \u00222.5\u0022, \u0022unit\u0022: \u0022inch\u0022}""}",d25eb25b-dfa0-4ef0-ad1e-d9396730114e,f4036237-193f-42e6-96ac-f4c693e9c3e6,Super Model,Super Model,{},guardians_limited-edition_super-model
965261e6-28cb-4ded-913f-6197952b2fbb,item,1,0,"{""obverse"": ""guardians_limited-edition_swamp"", ""reverse"": ""guardians_card-back""}","{""name_printed"": ""Swamp"", ""rarity"": ""Common-Sp"", ""type"": ""Terrain"", ""item_dimensions"": ""{\u0022height\u0022: \u00223.5\u0022, \u0022width\u0022: \u00222.5\u0022, \u0022unit\u0022: \u0022inch\u0022}""}",d25eb25b-dfa0-4ef0-ad1e-d9396730114e,f4036237-193f-42e6-96ac-f4c693e9c3e6,Swamp,Swamp,{},guardians_limited-edition_swamp
62f6a901-5c76-4a4a-90da-14105e88433c,item,1,0,"{""obverse"": ""guardians_limited-edition_swordsman"", ""reverse"": ""guardians_card-back""}","{""name_printed"": ""Swordsman"", ""rarity"": ""Common-2"", ""type"": ""Mortal"", ""item_dimensions"": ""{\u0022height\u0022: \u00223.5\u0022, \u0022width\u0022: \u00222.5\u0022, \u0022unit\u0022: \u0022inch\u0022}""}",d25eb25b-dfa0-4ef0-ad1e-d9396730114e,f4036237-193f-42e6-96ac-f4c693e9c3e6,Swordsman,Swordsman,{},guardians_limited-edition_swordsman
b1e45636-407f-48d0-84a7-b2b6960dd05c,item,1,0,"{""obverse"": ""guardians_limited-edition_tangle-web"", ""reverse"": ""guardians_card-back""}","{""name_printed"": ""Tangle Web"", ""rarity"": ""Uncommon-1"", ""type"": ""Elemental"", ""item_dimensions"": ""{\u0022height\u0022: \u00223.5\u0022, \u0022width\u0022: \u00222.5\u0022, \u0022unit\u0022: \u0022inch\u0022}""}",d25eb25b-dfa0-4ef0-ad1e-d9396730114e,f4036237-193f-42e6-96ac-f4c693e9c3e6,Tangle Web,Tangle Web,{},guardians_limited-edition_tangle-web
bc9bc1cf-49d1-42e5-bebf-8626b9a030c2,item,1,0,"{""obverse"": ""guardians_limited-edition_teleport-tower"", ""reverse"": ""guardians_card-back""}","{""name_printed"": ""Teleport Tower"", ""rarity"": ""Uncommon-1"", ""type"": ""Stronghold Upgrade"", ""item_dimensions"": ""{\u0022height\u0022: \u00223.5\u0022, \u0022width\u0022: \u00222.5\u0022, \u0022unit\u0022: \u0022inch\u0022}""}",d25eb25b-dfa0-4ef0-ad1e-d9396730114e,f4036237-193f-42e6-96ac-f4c693e9c3e6,Teleport Tower,Teleport Tower,{},guardians_limited-edition_teleport-tower
0f2bdb32-75e1-43c3-93fa-3ac28bc2d840,item,1,0,"{""obverse"": ""guardians_limited-edition_tes-let-leader-with-foresight"", ""reverse"": ""guardians_card-back""}","{""name_printed"": ""Tes Let Leader with Foresight"", ""rarity"": ""Starter"", ""type"": ""Guardian"", ""item_dimensions"": ""{\u0022height\u0022: \u00223.5\u0022, \u0022width\u0022: \u00222.5\u0022, \u0022unit\u0022: \u0022inch\u0022}""}",d25eb25b-dfa0-4ef0-ad1e-d9396730114e,f4036237-193f-42e6-96ac-f4c693e9c3e6,Tes Let Leader with Foresight,Tes Let Leader with Foresight,{},guardians_limited-edition_tes-let-leader-with-foresight
b169a226-cb3c-4fba-ac50-8c3ddde5d78f,item,1,0,"{""obverse"": ""guardians_limited-edition_thackle"", ""reverse"": ""guardians_card-back""}","{""name_printed"": ""Thackle"", ""rarity"": ""Common-1"", ""type"": ""Mortal"", ""item_dimensions"": ""{\u0022height\u0022: \u00223.5\u0022, \u0022width\u0022: \u00222.5\u0022, \u0022unit\u0022: \u0022inch\u0022}""}",d25eb25b-dfa0-4ef0-ad1e-d9396730114e,f4036237-193f-42e6-96ac-f4c693e9c3e6,Thackle,Thackle,{},guardians_limited-edition_thackle
04bee0d6-c73a-49ce-ac0b-563302fb0de0,item,1,0,"{""obverse"": ""guardians_limited-edition_thak-steady-hand"", ""reverse"": ""guardians_card-back""}","{""name_printed"": ""Thak Steady Hand"", ""rarity"": ""Rare-2"", ""type"": ""Guardian"", ""item_dimensions"": ""{\u0022height\u0022: \u00223.5\u0022, \u0022width\u0022: \u00222.5\u0022, \u0022unit\u0022: \u0022inch\u0022}""}",d25eb25b-dfa0-4ef0-ad1e-d9396730114e,f4036237-193f-42e6-96ac-f4c693e9c3e6,Thak Steady Hand,Thak Steady Hand,{},guardians_limited-edition_thak-steady-hand
5bc47d50-40de-47d9-b375-9564d29538ed,item,1,0,"{""obverse"": ""guardians_limited-edition_the-dry-heaps"", ""reverse"": ""guardians_card-back""}","{""name_printed"": ""The Dry Heaps"", ""rarity"": ""Common-Sp"", ""type"": ""Terrain"", ""item_dimensions"": ""{\u0022height\u0022: \u00223.5\u0022, \u0022width\u0022: \u00222.5\u0022, \u0022unit\u0022: \u0022inch\u0022}""}",d25eb25b-dfa0-4ef0-ad1e-d9396730114e,f4036237-193f-42e6-96ac-f4c693e9c3e6,The Dry Heaps,The Dry Heaps,{},guardians_limited-edition_the-dry-heaps
4b8f4333-27ae-475f-af5b-8a60ca5dbc28,third-party-document,0,0,"{""obverse"": ""guardians_limited-edition_thunder-hawk"", ""reverse"": ""guardians_card-back""}","{""name_printed"": ""Thunder Hawk"", ""rarity"": ""Rare-2"", ""type"": ""Elemental"", ""item_dimensions"": ""{\u0022height\u0022: \u00223.5\u0022, \u0022width\u0022: \u00222.5\u0022, \u0022unit\u0022: \u0022inch\u0022}""}",d25eb25b-dfa0-4ef0-ad1e-d9396730114e,f4036237-193f-42e6-96ac-f4c693e9c3e6,Thunder Hawk,Thunder Hawk,{},guardians_limited-edition_thunder-hawk
c17472a9-a668-44b1-bc74-6eb3da97ca44,item,1,0,"{""obverse"": ""guardians_limited-edition_tiny-flying-fungus"", ""reverse"": ""guardians_card-back""}","{""name_printed"": ""Tiny Flying Fungus"", ""rarity"": ""Common-1"", ""type"": ""External"", ""item_dimensions"": ""{\u0022height\u0022: \u00223.5\u0022, \u0022width\u0022: \u00222.5\u0022, \u0022unit\u0022: \u0022inch\u0022}""}",d25eb25b-dfa0-4ef0-ad1e-d9396730114e,f4036237-193f-42e6-96ac-f4c693e9c3e6,Tiny Flying Fungus,Tiny Flying Fungus,{},guardians_limited-edition_tiny-flying-fungus
0ce478f2-e1d2-468c-b0a9-b32b8c4c0c10,item,1,0,"{""obverse"": ""guardians_limited-edition_tookle-leader-of-the-many"", ""reverse"": ""guardians_card-back""}","{""name_printed"": ""Tookle Leader of the Many"", ""rarity"": ""Rare-2"", ""type"": ""Guardian"", ""item_dimensions"": ""{\u0022height\u0022: \u00223.5\u0022, \u0022width\u0022: \u00222.5\u0022, \u0022unit\u0022: \u0022inch\u0022}""}",d25eb25b-dfa0-4ef0-ad1e-d9396730114e,f4036237-193f-42e6-96ac-f4c693e9c3e6,Tookle Leader of the Many,Tookle Leader of the Many,{},guardians_limited-edition_tookle-leader-of-the-many
866fba21-e59d-4118-b827-c5779ef83793,item,1,0,"{""obverse"": ""guardians_limited-edition_trumpeter"", ""reverse"": ""guardians_card-back""}","{""name_printed"": ""Trumpeter"", ""rarity"": ""Uncommon-1"", ""type"": ""Elemental"", ""item_dimensions"": ""{\u0022height\u0022: \u00223.5\u0022, \u0022width\u0022: \u00222.5\u0022, \u0022unit\u0022: \u0022inch\u0022}""}",d25eb25b-dfa0-4ef0-ad1e-d9396730114e,f4036237-193f-42e6-96ac-f4c693e9c3e6,Trumpeter,Trumpeter,{},guardians_limited-edition_trumpeter
854a33c2-44a6-4e0e-a289-d9a605eb7d50,item,1,0,"{""obverse"": ""guardians_limited-edition_ugly-wart-fiend"", ""reverse"": ""guardians_card-back""}","{""name_printed"": ""Ugly Wart Fiend"", ""rarity"": ""Uncommon-2"", ""type"": ""Mortal"", ""item_dimensions"": ""{\u0022height\u0022: \u00223.5\u0022, \u0022width\u0022: \u00222.5\u0022, \u0022unit\u0022: \u0022inch\u0022}""}",d25eb25b-dfa0-4ef0-ad1e-d9396730114e,f4036237-193f-42e6-96ac-f4c693e9c3e6,Ugly Wart Fiend,Ugly Wart Fiend,{},guardians_limited-edition_ugly-wart-fiend
d53fc283-48a8-4898-9425-843db1508f72,third-party-document,0,0,"{""obverse"": ""guardians_limited-edition_valkyrie-spirit"", ""reverse"": ""guardians_card-back""}","{""name_printed"": ""Valkyrie Spirit"", ""rarity"": ""Rare-2"", ""type"": ""External"", ""item_dimensions"": ""{\u0022height\u0022: \u00223.5\u0022, \u0022width\u0022: \u00222.5\u0022, \u0022unit\u0022: \u0022inch\u0022}""}",d25eb25b-dfa0-4ef0-ad1e-d9396730114e,f4036237-193f-42e6-96ac-f4c693e9c3e6,Valkyrie Spirit,Valkyrie Spirit,{},guardians_limited-edition_valkyrie-spirit
cfe62904-6991-490a-953e-1f620185ca90,item,1,0,"{""obverse"": ""guardians_limited-edition_vampire"", ""reverse"": ""guardians_card-back""}","{""name_printed"": ""Vampire"", ""rarity"": ""Common-1"", ""type"": ""External"", ""item_dimensions"": ""{\u0022height\u0022: \u00223.5\u0022, \u0022width\u0022: \u00222.5\u0022, \u0022unit\u0022: \u0022inch\u0022}""}",d25eb25b-dfa0-4ef0-ad1e-d9396730114e,f4036237-193f-42e6-96ac-f4c693e9c3e6,Vampire,Vampire,{},guardians_limited-edition_vampire
c6f1fb82-12c3-458c-bd91-9aa21f17fd50,item,1,0,"{""obverse"": ""guardians_limited-edition_vampire-hunters"", ""reverse"": ""guardians_card-back""}","{""name_printed"": ""Vampire Hunters"", ""rarity"": ""Common-1"", ""type"": ""Mortal"", ""item_dimensions"": ""{\u0022height\u0022: \u00223.5\u0022, \u0022width\u0022: \u00222.5\u0022, \u0022unit\u0022: \u0022inch\u0022}""}",d25eb25b-dfa0-4ef0-ad1e-d9396730114e,f4036237-193f-42e6-96ac-f4c693e9c3e6,Vampire Hunters,Vampire Hunters,{},guardians_limited-edition_vampire-hunters
fab602dd-8318-402a-b2a5-98ce465cf406,item,1,0,"{""obverse"": ""guardians_limited-edition_vampire-lord"", ""reverse"": ""guardians_card-back""}","{""name_printed"": ""Vampire Lord"", ""rarity"": ""Rare-2"", ""type"": ""External"", ""item_dimensions"": ""{\u0022height\u0022: \u00223.5\u0022, \u0022width\u0022: \u00222.5\u0022, \u0022unit\u0022: \u0022inch\u0022}""}",d25eb25b-dfa0-4ef0-ad1e-d9396730114e,f4036237-193f-42e6-96ac-f4c693e9c3e6,Vampire Lord,Vampire Lord,{},guardians_limited-edition_vampire-lord
a1be27fa-2c5b-4f58-bfb6-922a992f7acf,item,1,0,"{""obverse"": ""guardians_limited-edition_vapor-elemental"", ""reverse"": ""guardians_card-back""}","{""name_printed"": ""Vapor Elemental"", ""rarity"": ""Uncommon-1"", ""type"": ""Elemental"", ""item_dimensions"": ""{\u0022height\u0022: \u00223.5\u0022, \u0022width\u0022: \u00222.5\u0022, \u0022unit\u0022: \u0022inch\u0022}""}",d25eb25b-dfa0-4ef0-ad1e-d9396730114e,f4036237-193f-42e6-96ac-f4c693e9c3e6,Vapor Elemental,Vapor Elemental,{},guardians_limited-edition_vapor-elemental
fc6ae9cc-12ca-45f5-8095-615f4b3b4b3b,item,1,0,"{""obverse"": ""guardians_limited-edition_varmit-archer"", ""reverse"": ""guardians_card-back""}","{""name_printed"": ""Varmit Archer"", ""rarity"": ""Common-1"", ""type"": ""Mortal"", ""item_dimensions"": ""{\u0022height\u0022: \u00223.5\u0022, \u0022width\u0022: \u00222.5\u0022, \u0022unit\u0022: \u0022inch\u0022}""}",d25eb25b-dfa0-4ef0-ad1e-d9396730114e,f4036237-193f-42e6-96ac-f4c693e9c3e6,Varmit Archer,Varmit Archer,{},guardians_limited-edition_varmit-archer
f17af5a5-f66e-4b7d-a35b-22c3cac3f18e,item,1,0,"{""obverse"": ""guardians_limited-edition_visionary"", ""reverse"": ""guardians_card-back""}","{""name_printed"": ""Visionary"", ""rarity"": ""Common-2"", ""type"": ""Mortal"", ""item_dimensions"": ""{\u0022height\u0022: \u00223.5\u0022, \u0022width\u0022: \u00222.5\u0022, \u0022unit\u0022: \u0022inch\u0022}""}",d25eb25b-dfa0-4ef0-ad1e-d9396730114e,f4036237-193f-42e6-96ac-f4c693e9c3e6,Visionary,Visionary,{},guardians_limited-edition_visionary
145c6661-8d93-46ee-95c8-f2b42dcd92c7,item,1,0,"{""obverse"": ""guardians_limited-edition_vitales-dark-cloud"", ""reverse"": ""guardians_card-back""}","{""name_printed"": ""Vitales Dark Cloud"", ""rarity"": ""Uncommon-1"", ""type"": ""Spell"", ""item_dimensions"": ""{\u0022height\u0022: \u00223.5\u0022, \u0022width\u0022: \u00222.5\u0022, \u0022unit\u0022: \u0022inch\u0022}""}",d25eb25b-dfa0-4ef0-ad1e-d9396730114e,f4036237-193f-42e6-96ac-f4c693e9c3e6,Vitales Dark Cloud,Vitales Dark Cloud,{},guardians_limited-edition_vitales-dark-cloud
494c9db2-cdfa-465b-a393-b1880aaed52f,item,1,0,"{""obverse"": ""guardians_limited-edition_wailing-specter"", ""reverse"": ""guardians_card-back""}","{""name_printed"": ""Wailing Specter"", ""rarity"": ""Uncommon-1"", ""type"": ""External"", ""item_dimensions"": ""{\u0022height\u0022: \u00223.5\u0022, \u0022width\u0022: \u00222.5\u0022, \u0022unit\u0022: \u0022inch\u0022}""}",d25eb25b-dfa0-4ef0-ad1e-d9396730114e,f4036237-193f-42e6-96ac-f4c693e9c3e6,Wailing Specter,Wailing Specter,{},guardians_limited-edition_wailing-specter
6252e71f-77bc-4775-b224-9e7601d8fa37,item,1,0,"{""obverse"": ""guardians_limited-edition_warrior-spirit"", ""reverse"": ""guardians_card-back""}","{""name_printed"": ""Warrior Spirit"", ""rarity"": ""Uncommon-1"", ""type"": ""Elemental"", ""item_dimensions"": ""{\u0022height\u0022: \u00223.5\u0022, \u0022width\u0022: \u00222.5\u0022, \u0022unit\u0022: \u0022inch\u0022}""}",d25eb25b-dfa0-4ef0-ad1e-d9396730114e,f4036237-193f-42e6-96ac-f4c693e9c3e6,Warrior Spirit,Warrior Spirit,{},guardians_limited-edition_warrior-spirit
5b585121-35cc-4ff8-b02a-7f36bff9876f,item,1,0,"{""obverse"": ""guardians_limited-edition_watcher"", ""reverse"": ""guardians_card-back""}","{""name_printed"": ""Watcher"", ""rarity"": ""Uncommon-1"", ""type"": ""Mortal"", ""item_dimensions"": ""{\u0022height\u0022: \u00223.5\u0022, \u0022width\u0022: \u00222.5\u0022, \u0022unit\u0022: \u0022inch\u0022}""}",d25eb25b-dfa0-4ef0-ad1e-d9396730114e,f4036237-193f-42e6-96ac-f4c693e9c3e6,Watcher,Watcher,{},guardians_limited-edition_watcher
777769d3-d823-46c1-8527-dec74ca64532,item,1,0,"{""obverse"": ""guardians_limited-edition_water-nymph"", ""reverse"": ""guardians_card-back""}","{""name_printed"": ""Water Nymph"", ""rarity"": ""Common-2"", ""type"": ""External"", ""item_dimensions"": ""{\u0022height\u0022: \u00223.5\u0022, \u0022width\u0022: \u00222.5\u0022, \u0022unit\u0022: \u0022inch\u0022}""}",d25eb25b-dfa0-4ef0-ad1e-d9396730114e,f4036237-193f-42e6-96ac-f4c693e9c3e6,Water Nymph,Water Nymph,{},guardians_limited-edition_water-nymph
7306b0aa-f82e-4954-aa3a-99351a04a3ce,item,1,0,"{""obverse"": ""guardians_limited-edition_water-spout"", ""reverse"": ""guardians_card-back""}","{""name_printed"": ""Water Spout"", ""rarity"": ""Common-1"", ""type"": ""Elemental"", ""item_dimensions"": ""{\u0022height\u0022: \u00223.5\u0022, \u0022width\u0022: \u00222.5\u0022, \u0022unit\u0022: \u0022inch\u0022}""}",d25eb25b-dfa0-4ef0-ad1e-d9396730114e,f4036237-193f-42e6-96ac-f4c693e9c3e6,Water Spout,Water Spout,{},guardians_limited-edition_water-spout
51884431-93ef-4280-911b-9ba7234faf6c,item,1,0,"{""obverse"": ""guardians_limited-edition_whispering-spirits"", ""reverse"": ""guardians_card-back""}","{""name_printed"": ""Whispering Spirits"", ""rarity"": ""Common-1"", ""type"": ""Elemental"", ""item_dimensions"": ""{\u0022height\u0022: \u00223.5\u0022, \u0022width\u0022: \u00222.5\u0022, \u0022unit\u0022: \u0022inch\u0022}""}",d25eb25b-dfa0-4ef0-ad1e-d9396730114e,f4036237-193f-42e6-96ac-f4c693e9c3e6,Whispering Spirits,Whispering Spirits,{},guardians_limited-edition_whispering-spirits
01974fff-af78-497e-b9a4-c6abb09647a3,third-party-document,0,0,"{""obverse"": ""guardians_limited-edition_white-unicorn"", ""reverse"": ""guardians_card-back""}","{""name_printed"": ""White Unicorn"", ""rarity"": ""Rare-1"", ""type"": ""External"", ""item_dimensions"": ""{\u0022height\u0022: \u00223.5\u0022, \u0022width\u0022: \u00222.5\u0022, \u0022unit\u0022: \u0022inch\u0022}""}",d25eb25b-dfa0-4ef0-ad1e-d9396730114e,f4036237-193f-42e6-96ac-f4c693e9c3e6,White Unicorn,White Unicorn,{},guardians_limited-edition_white-unicorn
b5c99380-6eee-4eec-837b-36295a823dc6,item,1,0,"{""obverse"": ""guardians_limited-edition_wild-nymph"", ""reverse"": ""guardians_card-back""}","{""name_printed"": ""Wild Nymph"", ""rarity"": ""Common-1"", ""type"": ""External"", ""item_dimensions"": ""{\u0022height\u0022: \u00223.5\u0022, \u0022width\u0022: \u00222.5\u0022, \u0022unit\u0022: \u0022inch\u0022}""}",d25eb25b-dfa0-4ef0-ad1e-d9396730114e,f4036237-193f-42e6-96ac-f4c693e9c3e6,Wild Nymph,Wild Nymph,{},guardians_limited-edition_wild-nymph
715c7fd2-ce4f-4623-94ae-048bbd28d58f,item,1,0,"{""obverse"": ""guardians_limited-edition_will'o-the-wisp"", ""reverse"": ""guardians_card-back""}","{""name_printed"": ""Will'o the Wisp"", ""rarity"": ""Uncommon-1"", ""type"": ""External"", ""item_dimensions"": ""{\u0022height\u0022: \u00223.5\u0022, \u0022width\u0022: \u00222.5\u0022, \u0022unit\u0022: \u0022inch\u0022}""}",d25eb25b-dfa0-4ef0-ad1e-d9396730114e,f4036237-193f-42e6-96ac-f4c693e9c3e6,Will'o the Wisp,Will'o the Wisp,{},guardians_limited-edition_will'o-the-wisp
ed0c3552-36c5-41cf-985a-0d75aad2e066,item,1,0,"{""obverse"": ""guardians_limited-edition_wind-spirit"", ""reverse"": ""guardians_card-back""}","{""name_printed"": ""Wind Spirit"", ""rarity"": ""Common-1"", ""type"": ""Elemental"", ""item_dimensions"": ""{\u0022height\u0022: \u00223.5\u0022, \u0022width\u0022: \u00222.5\u0022, \u0022unit\u0022: \u0022inch\u0022}""}",d25eb25b-dfa0-4ef0-ad1e-d9396730114e,f4036237-193f-42e6-96ac-f4c693e9c3e6,Wind Spirit,Wind Spirit,{},guardians_limited-edition_wind-spirit
b7ca913c-b829-48f0-b9c9-9579355bf02b,item,1,0,"{""obverse"": ""guardians_limited-edition_winterseed's-maiden"", ""reverse"": ""guardians_card-back""}","{""name_printed"": ""Winterseed's Maiden"", ""rarity"": ""Uncommon-1"", ""type"": ""External"", ""item_dimensions"": ""{\u0022height\u0022: \u00223.5\u0022, \u0022width\u0022: \u00222.5\u0022, \u0022unit\u0022: \u0022inch\u0022}""}",d25eb25b-dfa0-4ef0-ad1e-d9396730114e,f4036237-193f-42e6-96ac-f4c693e9c3e6,Winterseed's Maiden,Winterseed's Maiden,{},guardians_limited-edition_winterseed's-maiden
6c12d8a4-a965-42b6-8f43-d981636b9b6e,item,1,0,"{""obverse"": ""guardians_limited-edition_winterseed's-mistress"", ""reverse"": ""guardians_card-back""}","{""name_printed"": ""Winterseed's Mistress"", ""rarity"": ""Uncommon-1"", ""type"": ""External"", ""item_dimensions"": ""{\u0022height\u0022: \u00223.5\u0022, \u0022width\u0022: \u00222.5\u0022, \u0022unit\u0022: \u0022inch\u0022}""}",d25eb25b-dfa0-4ef0-ad1e-d9396730114e,f4036237-193f-42e6-96ac-f4c693e9c3e6,Winterseed's Mistress,Winterseed's Mistress,{},guardians_limited-edition_winterseed's-mistress
74194a6e-0e47-4dc6-af17-b54cdd304a9d,item,1,0,"{""obverse"": ""guardians_limited-edition_wood-nymph"", ""reverse"": ""guardians_card-back""}","{""name_printed"": ""Wood Nymph"", ""rarity"": ""Common-1"", ""type"": ""External"", ""item_dimensions"": ""{\u0022height\u0022: \u00223.5\u0022, \u0022width\u0022: \u00222.5\u0022, \u0022unit\u0022: \u0022inch\u0022}""}",d25eb25b-dfa0-4ef0-ad1e-d9396730114e,f4036237-193f-42e6-96ac-f4c693e9c3e6,Wood Nymph,Wood Nymph,{},guardians_limited-edition_wood-nymph
5ad7a1ef-4f92-4a74-ba94-ff7c33711810,item,1,0,"{""obverse"": ""guardians_limited-edition_wood-spirit"", ""reverse"": ""guardians_card-back""}","{""name_printed"": ""Wood Spirit"", ""rarity"": ""Common-1"", ""type"": ""Elemental"", ""item_dimensions"": ""{\u0022height\u0022: \u00223.5\u0022, \u0022width\u0022: \u00222.5\u0022, \u0022unit\u0022: \u0022inch\u0022}""}",d25eb25b-dfa0-4ef0-ad1e-d9396730114e,f4036237-193f-42e6-96ac-f4c693e9c3e6,Wood Spirit,Wood Spirit,{},guardians_limited-edition_wood-spirit
d91fc303-3789-4ef6-9c36-64b6f0f9e8eb,item,1,0,"{""obverse"": ""guardians_limited-edition_woods"", ""reverse"": ""guardians_card-back""}","{""name_printed"": ""Woods"", ""rarity"": ""Common-Sp"", ""type"": ""Terrain"", ""item_dimensions"": ""{\u0022height\u0022: \u00223.5\u0022, \u0022width\u0022: \u00222.5\u0022, \u0022unit\u0022: \u0022inch\u0022}""}",d25eb25b-dfa0-4ef0-ad1e-d9396730114e,f4036237-193f-42e6-96ac-f4c693e9c3e6,Woods,Woods,{},guardians_limited-edition_woods
4d4c9039-a5c6-491e-8dce-2c21eaeb57b2,item,1,0,"{""obverse"": ""guardians_limited-edition_wraith"", ""reverse"": ""guardians_card-back""}","{""name_printed"": ""Wraith"", ""rarity"": ""Rare-2"", ""type"": ""External"", ""item_dimensions"": ""{\u0022height\u0022: \u00223.5\u0022, \u0022width\u0022: \u00222.5\u0022, \u0022unit\u0022: \u0022inch\u0022}""}",d25eb25b-dfa0-4ef0-ad1e-d9396730114e,f4036237-193f-42e6-96ac-f4c693e9c3e6,Wraith,Wraith,{},guardians_limited-edition_wraith
7f37bcae-9b89-43d8-80d0-744d3496e63b,item,1,0,"{""obverse"": ""guardians_limited-edition_yandrax"", ""reverse"": ""guardians_card-back""}","{""name_printed"": ""Yandrax"", ""rarity"": ""Uncommon-1"", ""type"": ""Elemental"", ""item_dimensions"": ""{\u0022height\u0022: \u00223.5\u0022, \u0022width\u0022: \u00222.5\u0022, \u0022unit\u0022: \u0022inch\u0022}""}",d25eb25b-dfa0-4ef0-ad1e-d9396730114e,f4036237-193f-42e6-96ac-f4c693e9c3e6,Yandrax,Yandrax,{},guardians_limited-edition_yandrax
7004c6d8-3b91-4cae-86cf-3d83c9888681,item,1,0,"{""obverse"": ""guardians_limited-edition_yard-rat"", ""reverse"": ""guardians_card-back""}","{""name_printed"": ""Yard Rat"", ""rarity"": ""Uncommon-2"", ""type"": ""Mortal"", ""item_dimensions"": ""{\u0022height\u0022: \u00223.5\u0022, \u0022width\u0022: \u00222.5\u0022, \u0022unit\u0022: \u0022inch\u0022}""}",d25eb25b-dfa0-4ef0-ad1e-d9396730114e,f4036237-193f-42e6-96ac-f4c693e9c3e6,Yard Rat,Yard Rat,{},guardians_limited-edition_yard-rat
5e16af64-f873-4936-b6d1-9f18ab4433bf,item,1,0,"{""obverse"": ""guardians_limited-edition_zombie"", ""reverse"": ""guardians_card-back""}","{""name_printed"": ""Zombie"", ""rarity"": ""Uncommon-1"", ""type"": ""External"", ""item_dimensions"": ""{\u0022height\u0022: \u00223.5\u0022, \u0022width\u0022: \u00222.5\u0022, \u0022unit\u0022: \u0022inch\u0022}""}",d25eb25b-dfa0-4ef0-ad1e-d9396730114e,f4036237-193f-42e6-96ac-f4c693e9c3e6,Zombie,Zombie,{},guardians_limited-edition_zombie
79027028-8f87-4c26-8594-d0e32a7a9597,third-party-document,0,0,"{""obverse"": ""guardians_necropolis-park_40,000-useless-warhammers"", ""reverse"": ""guardians_card-back""}","{""name_printed"": ""40,000 Useless Warhammers"", ""rarity"": ""Uncom-1"", ""type"": ""Magic Item - Hand"", ""item_dimensions"": ""{\u0022height\u0022: \u00223.5\u0022, \u0022width\u0022: \u00222.5\u0022, \u0022unit\u0022: \u0022inch\u0022}""}",d25eb25b-dfa0-4ef0-ad1e-d9396730114e,8797cf03-d6b0-490e-84ba-a1d2f934beff,"40,000 Useless Warhammers","40,000 Useless Warhammers",{},"guardians_necropolis-park_40,000-useless-warhammers"
faf6b70e-129a-40ea-9437-9c48033cc3f9,third-party-document,0,0,"{""obverse"": ""guardians_necropolis-park_ancient-tome-of-dispansation"", ""reverse"": ""guardians_card-back""}","{""name_printed"": ""Ancient Tome of Dispansation"", ""rarity"": ""Common-1"", ""type"": ""Magic Item - Accessory"", ""item_dimensions"": ""{\u0022height\u0022: \u00223.5\u0022, \u0022width\u0022: \u00222.5\u0022, \u0022unit\u0022: \u0022inch\u0022}""}",d25eb25b-dfa0-4ef0-ad1e-d9396730114e,8797cf03-d6b0-490e-84ba-a1d2f934beff,Ancient Tome of Dispansation,Ancient Tome of Dispansation,{},guardians_necropolis-park_ancient-tome-of-dispansation
794ba4e9-44cc-45a4-a044-095372acadeb,third-party-document,0,0,"{""obverse"": ""guardians_necropolis-park_ankh"", ""reverse"": ""guardians_card-back""}","{""name_printed"": ""Ankh"", ""rarity"": ""Common-2"", ""type"": ""Magic Item - Accessory"", ""item_dimensions"": ""{\u0022height\u0022: \u00223.5\u0022, \u0022width\u0022: \u00222.5\u0022, \u0022unit\u0022: \u0022inch\u0022}""}",d25eb25b-dfa0-4ef0-ad1e-d9396730114e,8797cf03-d6b0-490e-84ba-a1d2f934beff,Ankh,Ankh,{},guardians_necropolis-park_ankh
c44fb719-a94b-4e03-a0e7-49675941b5cf,third-party-document,0,0,"{""obverse"": ""guardians_necropolis-park_ba-choomba"", ""reverse"": ""guardians_card-back""}","{""name_printed"": ""Ba Choomba"", ""rarity"": ""Common-2"", ""type"": ""Elemental Creature"", ""item_dimensions"": ""{\u0022height\u0022: \u00223.5\u0022, \u0022width\u0022: \u00222.5\u0022, \u0022unit\u0022: \u0022inch\u0022}""}",d25eb25b-dfa0-4ef0-ad1e-d9396730114e,8797cf03-d6b0-490e-84ba-a1d2f934beff,Ba Choomba,Ba Choomba,{},guardians_necropolis-park_ba-choomba
5950dad0-5962-40a8-8cae-35461458c16d,third-party-document,0,0,"{""obverse"": ""guardians_necropolis-park_barrow-downs"", ""reverse"": ""guardians_card-back""}","{""name_printed"": ""Barrow Downs"", ""rarity"": ""Uncom-3"", ""type"": ""Location Terrain"", ""item_dimensions"": ""{\u0022height\u0022: \u00223.5\u0022, \u0022width\u0022: \u00222.5\u0022, \u0022unit\u0022: \u0022inch\u0022}""}",d25eb25b-dfa0-4ef0-ad1e-d9396730114e,8797cf03-d6b0-490e-84ba-a1d2f934beff,Barrow Downs,Barrow Downs,{},guardians_necropolis-park_barrow-downs
592ca329-0475-4871-9668-56aedef6bf7f,third-party-document,0,0,"{""obverse"": ""guardians_necropolis-park_bellaret,-third-called"", ""reverse"": ""guardians_card-back""}","{""name_printed"": ""Bellaret, Third Called"", ""rarity"": ""Uncom-1"", ""type"": ""Elemental Creature"", ""item_dimensions"": ""{\u0022height\u0022: \u00223.5\u0022, \u0022width\u0022: \u00222.5\u0022, \u0022unit\u0022: \u0022inch\u0022}""}",d25eb25b-dfa0-4ef0-ad1e-d9396730114e,8797cf03-d6b0-490e-84ba-a1d2f934beff,"Bellaret, Third Called","Bellaret, Third Called",{},"guardians_necropolis-park_bellaret,-third-called"
d2b0f154-e227-467a-9581-966b31dfc26b,third-party-document,0,0,"{""obverse"": ""guardians_necropolis-park_blue-mountain-leechfoot"", ""reverse"": ""guardians_card-back""}","{""name_printed"": ""Blue Mountain Leechfoot"", ""rarity"": ""Uncom-3"", ""type"": ""Mortal Creature"", ""item_dimensions"": ""{\u0022height\u0022: \u00223.5\u0022, \u0022width\u0022: \u00222.5\u0022, \u0022unit\u0022: \u0022inch\u0022}""}",d25eb25b-dfa0-4ef0-ad1e-d9396730114e,8797cf03-d6b0-490e-84ba-a1d2f934beff,Blue Mountain Leechfoot,Blue Mountain Leechfoot,{},guardians_necropolis-park_blue-mountain-leechfoot
0c87776c-6ede-49a1-a0ae-fef2f876ff4f,third-party-document,0,0,"{""obverse"": ""guardians_necropolis-park_buffy,-evil-hornbag"", ""reverse"": ""guardians_card-back""}","{""name_printed"": ""Buffy, Evil Hornbag"", ""rarity"": ""Uncom-2"", ""type"": ""Mortal Creature"", ""item_dimensions"": ""{\u0022height\u0022: \u00223.5\u0022, \u0022width\u0022: \u00222.5\u0022, \u0022unit\u0022: \u0022inch\u0022}""}",d25eb25b-dfa0-4ef0-ad1e-d9396730114e,8797cf03-d6b0-490e-84ba-a1d2f934beff,"Buffy, Evil Hornbag","Buffy, Evil Hornbag",{},"guardians_necropolis-park_buffy,-evil-hornbag"
ba75eb5a-ad43-4aca-a905-2ad6edcd269d,third-party-document,0,0,"{""obverse"": ""guardians_necropolis-park_chant-of-the-osirans"", ""reverse"": ""guardians_card-back""}","{""name_printed"": ""Chant of the Osirans"", ""rarity"": ""Common-2"", ""type"": ""Spell"", ""item_dimensions"": ""{\u0022height\u0022: \u00223.5\u0022, \u0022width\u0022: \u00222.5\u0022, \u0022unit\u0022: \u0022inch\u0022}""}",d25eb25b-dfa0-4ef0-ad1e-d9396730114e,8797cf03-d6b0-490e-84ba-a1d2f934beff,Chant of the Osirans,Chant of the Osirans,{},guardians_necropolis-park_chant-of-the-osirans
c6b48f65-f2df-493f-a7a1-2e5bf3776319,third-party-document,0,0,"{""obverse"": ""guardians_necropolis-park_chief-lector-priest-of-sethos"", ""reverse"": ""guardians_card-back""}","{""name_printed"": ""Chief Lector Priest of Sethos"", ""rarity"": ""Uncom-3"", ""type"": ""External Creature"", ""item_dimensions"": ""{\u0022height\u0022: \u00223.5\u0022, \u0022width\u0022: \u00222.5\u0022, \u0022unit\u0022: \u0022inch\u0022}""}",d25eb25b-dfa0-4ef0-ad1e-d9396730114e,8797cf03-d6b0-490e-84ba-a1d2f934beff,Chief Lector Priest of Sethos,Chief Lector Priest of Sethos,{},guardians_necropolis-park_chief-lector-priest-of-sethos
eeedc519-1e7e-4889-84e5-ce9c2ea5c6fe,third-party-document,0,0,"{""obverse"": ""guardians_necropolis-park_dachas,-supreme-leader"", ""reverse"": ""guardians_card-back""}","{""name_printed"": ""Dachas, Supreme Leader"", ""rarity"": ""Uncom-1"", ""type"": ""Elemental Creature"", ""item_dimensions"": ""{\u0022height\u0022: \u00223.5\u0022, \u0022width\u0022: \u00222.5\u0022, \u0022unit\u0022: \u0022inch\u0022}""}",d25eb25b-dfa0-4ef0-ad1e-d9396730114e,8797cf03-d6b0-490e-84ba-a1d2f934beff,"Dachas, Supreme Leader","Dachas, Supreme Leader",{},"guardians_necropolis-park_dachas,-supreme-leader"
07da1b7f-06e2-4ea5-ad53-8844fa9fbb4c,third-party-document,0,0,"{""obverse"": ""guardians_necropolis-park_dead-cats"", ""reverse"": ""guardians_card-back""}","{""name_printed"": ""Dead Cats"", ""rarity"": ""Common-2"", ""type"": ""External Creature"", ""item_dimensions"": ""{\u0022height\u0022: \u00223.5\u0022, \u0022width\u0022: \u00222.5\u0022, \u0022unit\u0022: \u0022inch\u0022}""}",d25eb25b-dfa0-4ef0-ad1e-d9396730114e,8797cf03-d6b0-490e-84ba-a1d2f934beff,Dead Cats,Dead Cats,{},guardians_necropolis-park_dead-cats
36ed6a51-4d60-49fc-b88f-6ed80b04c407,third-party-document,0,0,"{""obverse"": ""guardians_necropolis-park_death-pit-of-djoser"", ""reverse"": ""guardians_card-back""}","{""name_printed"": ""Death Pit of Djoser"", ""rarity"": ""Uncom-2"", ""type"": ""Stronghold Upgrade"", ""item_dimensions"": ""{\u0022height\u0022: \u00223.5\u0022, \u0022width\u0022: \u00222.5\u0022, \u0022unit\u0022: \u0022inch\u0022}""}",d25eb25b-dfa0-4ef0-ad1e-d9396730114e,8797cf03-d6b0-490e-84ba-a1d2f934beff,Death Pit of Djoser,Death Pit of Djoser,{},guardians_necropolis-park_death-pit-of-djoser
94fcc72d-1598-44c0-95e8-d5a7a909254e,third-party-document,0,0,"{""obverse"": ""guardians_necropolis-park_doogop,-the-greedy"", ""reverse"": ""guardians_card-back""}","{""name_printed"": ""Doogop, the Greedy"", ""rarity"": ""Common-2"", ""type"": ""Elemental Creature"", ""item_dimensions"": ""{\u0022height\u0022: \u00223.5\u0022, \u0022width\u0022: \u00222.5\u0022, \u0022unit\u0022: \u0022inch\u0022}""}",d25eb25b-dfa0-4ef0-ad1e-d9396730114e,8797cf03-d6b0-490e-84ba-a1d2f934beff,"Doogop, the Greedy","Doogop, the Greedy",{},"guardians_necropolis-park_doogop,-the-greedy"
f3677f7c-01c2-44f2-b275-bc66d77f6b0b,third-party-document,0,0,"{""obverse"": ""guardians_necropolis-park_dork-age"", ""reverse"": ""guardians_card-back""}","{""name_printed"": ""Dork Age"", ""rarity"": ""Uncom-2"", ""type"": ""Spell"", ""item_dimensions"": ""{\u0022height\u0022: \u00223.5\u0022, \u0022width\u0022: \u00222.5\u0022, \u0022unit\u0022: \u0022inch\u0022}""}",d25eb25b-dfa0-4ef0-ad1e-d9396730114e,8797cf03-d6b0-490e-84ba-a1d2f934beff,Dork Age,Dork Age,{},guardians_necropolis-park_dork-age
31cb5542-ecfb-4b1d-ba8c-f2e0322ea141,third-party-document,0,0,"{""obverse"": ""guardians_necropolis-park_drizzle-bone-the-hack"", ""reverse"": ""guardians_card-back""}","{""name_printed"": ""Drizzle Bone the Hack"", ""rarity"": ""Uncom-1"", ""type"": ""Elemental Creature"", ""item_dimensions"": ""{\u0022height\u0022: \u00223.5\u0022, \u0022width\u0022: \u00222.5\u0022, \u0022unit\u0022: \u0022inch\u0022}""}",d25eb25b-dfa0-4ef0-ad1e-d9396730114e,8797cf03-d6b0-490e-84ba-a1d2f934beff,Drizzle Bone the Hack,Drizzle Bone the Hack,{},guardians_necropolis-park_drizzle-bone-the-hack
7b277229-7192-4047-992c-6936b8350eab,third-party-document,0,0,"{""obverse"": ""guardians_necropolis-park_eater-of-the-dead"", ""reverse"": ""guardians_card-back""}","{""name_printed"": ""Eater of the Dead"", ""rarity"": ""Common-2"", ""type"": ""External Creature"", ""item_dimensions"": ""{\u0022height\u0022: \u00223.5\u0022, \u0022width\u0022: \u00222.5\u0022, \u0022unit\u0022: \u0022inch\u0022}""}",d25eb25b-dfa0-4ef0-ad1e-d9396730114e,8797cf03-d6b0-490e-84ba-a1d2f934beff,Eater of the Dead,Eater of the Dead,{},guardians_necropolis-park_eater-of-the-dead
baf1e37d-e2a9-492b-adcd-43fa6e840e3f,third-party-document,0,0,"{""obverse"": ""guardians_necropolis-park_egyptian-motif-(not-terrain)"", ""reverse"": ""guardians_card-back""}","{""name_printed"": ""Egyptian motif"", ""functional_disambiguator"": ""Not Terrain"", ""rarity"": ""Common-2"", ""type"": ""Shield"", ""item_dimensions"": ""{\u0022height\u0022: \u00223.5\u0022, \u0022width\u0022: \u00222.5\u0022, \u0022unit\u0022: \u0022inch\u0022}""}",d25eb25b-dfa0-4ef0-ad1e-d9396730114e,8797cf03-d6b0-490e-84ba-a1d2f934beff,Egyptian motif (Not Terrain),Egyptian motif (Not Terrain),{},guardians_necropolis-park_egyptian-motif-(not-terrain)
0f9b128a-4021-4a9c-aa0b-5ca89408ddea,third-party-document,0,0,"{""obverse"": ""guardians_necropolis-park_egyptian-motif-(also-terrain)"", ""reverse"": ""guardians_card-back""}","{""name_printed"": ""Egyptian motif"", ""functional_disambiguator"": ""Also Terrain"", ""rarity"": ""Uncom-2"", ""type"": ""Shield/Terrain"", ""item_dimensions"": ""{\u0022height\u0022: \u00223.5\u0022, \u0022width\u0022: \u00222.5\u0022, \u0022unit\u0022: \u0022inch\u0022}""}",d25eb25b-dfa0-4ef0-ad1e-d9396730114e,8797cf03-d6b0-490e-84ba-a1d2f934beff,Egyptian motif (Also Terrain),Egyptian motif (Also Terrain),{},guardians_necropolis-park_egyptian-motif-(also-terrain)
dcbfa5ce-01b2-4a37-a83f-102c7dbfaac1,third-party-document,0,0,"{""obverse"": ""guardians_necropolis-park_egyptian-motif-standard-(11)"", ""reverse"": ""guardians_card-back""}","{""name_printed"": ""Egyptian motif Standard (11)"", ""rarity"": ""Uncom-3"", ""type"": ""Shield-Standard Bearer"", ""item_dimensions"": ""{\u0022height\u0022: \u00223.5\u0022, \u0022width\u0022: \u00222.5\u0022, \u0022unit\u0022: \u0022inch\u0022}""}",d25eb25b-dfa0-4ef0-ad1e-d9396730114e,8797cf03-d6b0-490e-84ba-a1d2f934beff,Egyptian motif Standard (11),Egyptian motif Standard (11),{},guardians_necropolis-park_egyptian-motif-standard-(11)
749e0b05-8080-4adc-bd94-29590a9b8ce6,third-party-document,0,0,"{""obverse"": ""guardians_necropolis-park_egyptian-motif-standard-(25)"", ""reverse"": ""guardians_card-back""}","{""name_printed"": ""Egyptian motif Standard (25)"", ""rarity"": ""Uncom-3"", ""type"": ""Shield-Standard Bearer"", ""item_dimensions"": ""{\u0022height\u0022: \u00223.5\u0022, \u0022width\u0022: \u00222.5\u0022, \u0022unit\u0022: \u0022inch\u0022}""}",d25eb25b-dfa0-4ef0-ad1e-d9396730114e,8797cf03-d6b0-490e-84ba-a1d2f934beff,Egyptian motif Standard (25),Egyptian motif Standard (25),{},guardians_necropolis-park_egyptian-motif-standard-(25)
9c19525d-1753-4f4a-b298-397eff8653ea,third-party-document,0,0,"{""obverse"": ""guardians_necropolis-park_eisnmir---master-of-posessions"", ""reverse"": ""guardians_card-back""}","{""name_printed"": ""Eisnmir - Master of Posessions"", ""rarity"": ""Common-1"", ""type"": ""Guardian"", ""item_dimensions"": ""{\u0022height\u0022: \u00223.5\u0022, \u0022width\u0022: \u00222.5\u0022, \u0022unit\u0022: \u0022inch\u0022}""}",d25eb25b-dfa0-4ef0-ad1e-d9396730114e,8797cf03-d6b0-490e-84ba-a1d2f934beff,Eisnmir - Master of Posessions,Eisnmir - Master of Posessions,{},guardians_necropolis-park_eisnmir---master-of-posessions
12b3b57a-1fec-4ec8-adc1-f7b0997e98d9,third-party-document,0,0,"{""obverse"": ""guardians_necropolis-park_evil-baron-stoner"", ""reverse"": ""guardians_card-back""}","{""name_printed"": ""Evil Baron Stoner"", ""rarity"": ""Common-2"", ""type"": ""External Creature"", ""item_dimensions"": ""{\u0022height\u0022: \u00223.5\u0022, \u0022width\u0022: \u00222.5\u0022, \u0022unit\u0022: \u0022inch\u0022}""}",d25eb25b-dfa0-4ef0-ad1e-d9396730114e,8797cf03-d6b0-490e-84ba-a1d2f934beff,Evil Baron Stoner,Evil Baron Stoner,{},guardians_necropolis-park_evil-baron-stoner
54388503-6602-451f-b389-4002d1d9cf4b,third-party-document,0,0,"{""obverse"": ""guardians_necropolis-park_fan-bearer"", ""reverse"": ""guardians_card-back""}","{""name_printed"": ""Fan Bearer"", ""rarity"": ""Common-2"", ""type"": ""External Creature"", ""item_dimensions"": ""{\u0022height\u0022: \u00223.5\u0022, \u0022width\u0022: \u00222.5\u0022, \u0022unit\u0022: \u0022inch\u0022}""}",d25eb25b-dfa0-4ef0-ad1e-d9396730114e,8797cf03-d6b0-490e-84ba-a1d2f934beff,Fan Bearer,Fan Bearer,{},guardians_necropolis-park_fan-bearer
50adfc30-d9e1-4acd-8eeb-49775a8b5efe,third-party-document,0,0,"{""obverse"": ""guardians_necropolis-park_fatback-chak"", ""reverse"": ""guardians_card-back""}","{""name_printed"": ""Fatback Chak"", ""rarity"": ""Common-1"", ""type"": ""External Creature"", ""item_dimensions"": ""{\u0022height\u0022: \u00223.5\u0022, \u0022width\u0022: \u00222.5\u0022, \u0022unit\u0022: \u0022inch\u0022}""}",d25eb25b-dfa0-4ef0-ad1e-d9396730114e,8797cf03-d6b0-490e-84ba-a1d2f934beff,Fatback Chak,Fatback Chak,{},guardians_necropolis-park_fatback-chak
0a002088-b38e-4334-a515-1ea3886fbe52,third-party-document,0,0,"{""obverse"": ""guardians_necropolis-park_festus"", ""reverse"": ""guardians_card-back""}","{""name_printed"": ""Festus"", ""rarity"": ""Common-2"", ""type"": ""Mortal Creature"", ""item_dimensions"": ""{\u0022height\u0022: \u00223.5\u0022, \u0022width\u0022: \u00222.5\u0022, \u0022unit\u0022: \u0022inch\u0022}""}",d25eb25b-dfa0-4ef0-ad1e-d9396730114e,8797cf03-d6b0-490e-84ba-a1d2f934beff,Festus,Festus,{},guardians_necropolis-park_festus
7fdd8f05-39b5-43f2-b3fa-ff35629187ef,third-party-document,0,0,"{""obverse"": ""guardians_necropolis-park_footlocker-of-conflagration"", ""reverse"": ""guardians_card-back""}","{""name_printed"": ""Footlocker of Conflagration"", ""rarity"": ""Uncom-2"", ""type"": ""Magic Item - Accessory"", ""item_dimensions"": ""{\u0022height\u0022: \u00223.5\u0022, \u0022width\u0022: \u00222.5\u0022, \u0022unit\u0022: \u0022inch\u0022}""}",d25eb25b-dfa0-4ef0-ad1e-d9396730114e,8797cf03-d6b0-490e-84ba-a1d2f934beff,Footlocker of Conflagration,Footlocker of Conflagration,{},guardians_necropolis-park_footlocker-of-conflagration
eb8e9331-cd05-4b05-bc6e-3418586a5240,third-party-document,0,0,"{""obverse"": ""guardians_necropolis-park_gehrund,-field-marshal"", ""reverse"": ""guardians_card-back""}","{""name_printed"": ""Gehrund, Field Marshal"", ""rarity"": ""Uncom-1"", ""type"": ""Elemental Creature"", ""item_dimensions"": ""{\u0022height\u0022: \u00223.5\u0022, \u0022width\u0022: \u00222.5\u0022, \u0022unit\u0022: \u0022inch\u0022}""}",d25eb25b-dfa0-4ef0-ad1e-d9396730114e,8797cf03-d6b0-490e-84ba-a1d2f934beff,"Gehrund, Field Marshal","Gehrund, Field Marshal",{},"guardians_necropolis-park_gehrund,-field-marshal"
d7e3445b-f56b-4968-93b1-81172498a71b,third-party-document,0,0,"{""obverse"": ""guardians_necropolis-park_geldspar,-court-magician"", ""reverse"": ""guardians_card-back""}","{""name_printed"": ""Geldspar, Court Magician"", ""rarity"": ""Common-2"", ""type"": ""External Creature"", ""item_dimensions"": ""{\u0022height\u0022: \u00223.5\u0022, \u0022width\u0022: \u00222.5\u0022, \u0022unit\u0022: \u0022inch\u0022}""}",d25eb25b-dfa0-4ef0-ad1e-d9396730114e,8797cf03-d6b0-490e-84ba-a1d2f934beff,"Geldspar, Court Magician","Geldspar, Court Magician",{},"guardians_necropolis-park_geldspar,-court-magician"
a0abeabb-3538-4832-9155-603b1d56a43b,third-party-document,0,0,"{""obverse"": ""guardians_necropolis-park_gift-of-isis"", ""reverse"": ""guardians_card-back""}","{""name_printed"": ""Gift of Isis"", ""rarity"": ""Common-2"", ""type"": ""Magic Item - Accessory"", ""item_dimensions"": ""{\u0022height\u0022: \u00223.5\u0022, \u0022width\u0022: \u00222.5\u0022, \u0022unit\u0022: \u0022inch\u0022}""}",d25eb25b-dfa0-4ef0-ad1e-d9396730114e,8797cf03-d6b0-490e-84ba-a1d2f934beff,Gift of Isis,Gift of Isis,{},guardians_necropolis-park_gift-of-isis
ecb096ea-c0f9-491c-99d0-af5af0489b2c,third-party-document,0,0,"{""obverse"": ""guardians_necropolis-park_gift-of-osirus"", ""reverse"": ""guardians_card-back""}","{""name_printed"": ""Gift of Osirus"", ""rarity"": ""Common-2"", ""type"": ""Magic Item - Accessory"", ""item_dimensions"": ""{\u0022height\u0022: \u00223.5\u0022, \u0022width\u0022: \u00222.5\u0022, \u0022unit\u0022: \u0022inch\u0022}""}",d25eb25b-dfa0-4ef0-ad1e-d9396730114e,8797cf03-d6b0-490e-84ba-a1d2f934beff,Gift of Osirus,Gift of Osirus,{},guardians_necropolis-park_gift-of-osirus
37fa9633-4347-42fa-8d7b-4da1a5930449,third-party-document,0,0,"{""obverse"": ""guardians_necropolis-park_gorcoo"", ""reverse"": ""guardians_card-back""}","{""name_printed"": ""Gorcoo"", ""rarity"": ""Common-2"", ""type"": ""Elemental Creature"", ""item_dimensions"": ""{\u0022height\u0022: \u00223.5\u0022, \u0022width\u0022: \u00222.5\u0022, \u0022unit\u0022: \u0022inch\u0022}""}",d25eb25b-dfa0-4ef0-ad1e-d9396730114e,8797cf03-d6b0-490e-84ba-a1d2f934beff,Gorcoo,Gorcoo,{},guardians_necropolis-park_gorcoo
2b54f208-f0fe-4578-9811-70abe0153a38,third-party-document,0,0,"{""obverse"": ""guardians_necropolis-park_greenback-chak"", ""reverse"": ""guardians_card-back""}","{""name_printed"": ""Greenback Chak"", ""rarity"": ""Common-2"", ""type"": ""External Creature"", ""item_dimensions"": ""{\u0022height\u0022: \u00223.5\u0022, \u0022width\u0022: \u00222.5\u0022, \u0022unit\u0022: \u0022inch\u0022}""}",d25eb25b-dfa0-4ef0-ad1e-d9396730114e,8797cf03-d6b0-490e-84ba-a1d2f934beff,Greenback Chak,Greenback Chak,{},guardians_necropolis-park_greenback-chak
d5fa4c0b-da62-4782-b0e3-2c18c2220c1a,third-party-document,0,0,"{""obverse"": ""guardians_necropolis-park_guardian-angel"", ""reverse"": ""guardians_card-back""}","{""name_printed"": ""Guardian Angel"", ""rarity"": ""Uncom-3"", ""type"": ""Elemental Creature"", ""item_dimensions"": ""{\u0022height\u0022: \u00223.5\u0022, \u0022width\u0022: \u00222.5\u0022, \u0022unit\u0022: \u0022inch\u0022}""}",d25eb25b-dfa0-4ef0-ad1e-d9396730114e,8797cf03-d6b0-490e-84ba-a1d2f934beff,Guardian Angel,Guardian Angel,{},guardians_necropolis-park_guardian-angel
8fb84807-7b5a-45f8-ae88-e4c42944e58a,third-party-document,0,0,"{""obverse"": ""guardians_necropolis-park_heliopolos,-temple-of-re"", ""reverse"": ""guardians_card-back""}","{""name_printed"": ""Heliopolos, Temple of Re"", ""rarity"": ""Common-2"", ""type"": ""Magic Item - Accessory"", ""item_dimensions"": ""{\u0022height\u0022: \u00223.5\u0022, \u0022width\u0022: \u00222.5\u0022, \u0022unit\u0022: \u0022inch\u0022}""}",d25eb25b-dfa0-4ef0-ad1e-d9396730114e,8797cf03-d6b0-490e-84ba-a1d2f934beff,"Heliopolos, Temple of Re","Heliopolos, Temple of Re",{},"guardians_necropolis-park_heliopolos,-temple-of-re"
a98d3314-7bad-45af-ae65-312437a06055,third-party-document,0,0,"{""obverse"": ""guardians_necropolis-park_high-priest-of-sethos"", ""reverse"": ""guardians_card-back""}","{""name_printed"": ""High Priest of Sethos"", ""rarity"": ""Uncom-1"", ""type"": ""External Creature"", ""item_dimensions"": ""{\u0022height\u0022: \u00223.5\u0022, \u0022width\u0022: \u00222.5\u0022, \u0022unit\u0022: \u0022inch\u0022}""}",d25eb25b-dfa0-4ef0-ad1e-d9396730114e,8797cf03-d6b0-490e-84ba-a1d2f934beff,High Priest of Sethos,High Priest of Sethos,{},guardians_necropolis-park_high-priest-of-sethos
47a9bb9a-6d94-461e-9506-27c9564439d9,third-party-document,0,0,"{""obverse"": ""guardians_necropolis-park_high-priestess-of-isis"", ""reverse"": ""guardians_card-back""}","{""name_printed"": ""High Priestess of Isis"", ""rarity"": ""Uncom-3"", ""type"": ""External Creature"", ""item_dimensions"": ""{\u0022height\u0022: \u00223.5\u0022, \u0022width\u0022: \u00222.5\u0022, \u0022unit\u0022: \u0022inch\u0022}""}",d25eb25b-dfa0-4ef0-ad1e-d9396730114e,8797cf03-d6b0-490e-84ba-a1d2f934beff,High Priestess of Isis,High Priestess of Isis,{},guardians_necropolis-park_high-priestess-of-isis
73533d25-35c0-4730-92f0-bf93d610d5d7,third-party-document,0,0,"{""obverse"": ""guardians_necropolis-park_humahuma"", ""reverse"": ""guardians_card-back""}","{""name_printed"": ""Humahuma"", ""rarity"": ""Common-2"", ""type"": ""Mortal Creature"", ""item_dimensions"": ""{\u0022height\u0022: \u00223.5\u0022, \u0022width\u0022: \u00222.5\u0022, \u0022unit\u0022: \u0022inch\u0022}""}",d25eb25b-dfa0-4ef0-ad1e-d9396730114e,8797cf03-d6b0-490e-84ba-a1d2f934beff,Humahuma,Humahuma,{},guardians_necropolis-park_humahuma
69cdea13-9c88-43c7-a7a1-b7c31cb73160,third-party-document,0,0,"{""obverse"": ""guardians_necropolis-park_imhotep,-visier-of-djoser"", ""reverse"": ""guardians_card-back""}","{""name_printed"": ""Imhotep, Visier of Djoser"", ""rarity"": ""Uncom-1"", ""type"": ""External Creature"", ""item_dimensions"": ""{\u0022height\u0022: \u00223.5\u0022, \u0022width\u0022: \u00222.5\u0022, \u0022unit\u0022: \u0022inch\u0022}""}",d25eb25b-dfa0-4ef0-ad1e-d9396730114e,8797cf03-d6b0-490e-84ba-a1d2f934beff,"Imhotep, Visier of Djoser","Imhotep, Visier of Djoser",{},"guardians_necropolis-park_imhotep,-visier-of-djoser"
60d83382-b4d5-4dc7-b2b3-62b8515bad26,third-party-document,0,0,"{""obverse"": ""guardians_necropolis-park_iron-force-of-sethos"", ""reverse"": ""guardians_card-back""}","{""name_printed"": ""Iron Force of Sethos"", ""rarity"": ""Common-2"", ""type"": ""Spell"", ""item_dimensions"": ""{\u0022height\u0022: \u00223.5\u0022, \u0022width\u0022: \u00222.5\u0022, \u0022unit\u0022: \u0022inch\u0022}""}",d25eb25b-dfa0-4ef0-ad1e-d9396730114e,8797cf03-d6b0-490e-84ba-a1d2f934beff,Iron Force of Sethos,Iron Force of Sethos,{},guardians_necropolis-park_iron-force-of-sethos
bb2fd449-295b-4817-ae64-6a3c9552d26d,third-party-document,0,0,"{""obverse"": ""guardians_necropolis-park_ishtar,-queen-of-the-heap"", ""reverse"": ""guardians_card-back""}","{""name_printed"": ""Ishtar, Queen of the Heap"", ""rarity"": ""Uncom-1"", ""type"": ""Mortal Creature"", ""item_dimensions"": ""{\u0022height\u0022: \u00223.5\u0022, \u0022width\u0022: \u00222.5\u0022, \u0022unit\u0022: \u0022inch\u0022}""}",d25eb25b-dfa0-4ef0-ad1e-d9396730114e,8797cf03-d6b0-490e-84ba-a1d2f934beff,"Ishtar, Queen of the Heap","Ishtar, Queen of the Heap",{},"guardians_necropolis-park_ishtar,-queen-of-the-heap"
9e869c98-bcde-440e-8c70-528f7db49252,third-party-document,0,0,"{""obverse"": ""guardians_necropolis-park_jimandu"", ""reverse"": ""guardians_card-back""}","{""name_printed"": ""Jimandu"", ""rarity"": ""Common-2"", ""type"": ""Elemental Creature"", ""item_dimensions"": ""{\u0022height\u0022: \u00223.5\u0022, \u0022width\u0022: \u00222.5\u0022, \u0022unit\u0022: \u0022inch\u0022}""}",d25eb25b-dfa0-4ef0-ad1e-d9396730114e,8797cf03-d6b0-490e-84ba-a1d2f934beff,Jimandu,Jimandu,{},guardians_necropolis-park_jimandu
d7482330-3aff-41e9-8abd-fe072fda5b7e,third-party-document,0,0,"{""obverse"": ""guardians_necropolis-park_jinshade,-second-called"", ""reverse"": ""guardians_card-back""}","{""name_printed"": ""Jinshade, Second Called"", ""rarity"": ""Uncom-3"", ""type"": ""Elemental Creature"", ""item_dimensions"": ""{\u0022height\u0022: \u00223.5\u0022, \u0022width\u0022: \u00222.5\u0022, \u0022unit\u0022: \u0022inch\u0022}""}",d25eb25b-dfa0-4ef0-ad1e-d9396730114e,8797cf03-d6b0-490e-84ba-a1d2f934beff,"Jinshade, Second Called","Jinshade, Second Called",{},"guardians_necropolis-park_jinshade,-second-called"
3d80f324-ffc0-4e88-9c2b-f7fbef4f73fe,third-party-document,0,0,"{""obverse"": ""guardians_necropolis-park_joomjaba"", ""reverse"": ""guardians_card-back""}","{""name_printed"": ""Joomjaba"", ""rarity"": ""Uncom-3"", ""type"": ""Elemental Creature"", ""item_dimensions"": ""{\u0022height\u0022: \u00223.5\u0022, \u0022width\u0022: \u00222.5\u0022, \u0022unit\u0022: \u0022inch\u0022}""}",d25eb25b-dfa0-4ef0-ad1e-d9396730114e,8797cf03-d6b0-490e-84ba-a1d2f934beff,Joomjaba,Joomjaba,{},guardians_necropolis-park_joomjaba
f67cfad8-757b-4c88-99ae-ee33b156f391,third-party-document,0,0,"{""obverse"": ""guardians_necropolis-park_judge-dredge"", ""reverse"": ""guardians_card-back""}","{""name_printed"": ""Judge Dredge"", ""rarity"": ""Uncom-3"", ""type"": ""Mortal Creature"", ""item_dimensions"": ""{\u0022height\u0022: \u00223.5\u0022, \u0022width\u0022: \u00222.5\u0022, \u0022unit\u0022: \u0022inch\u0022}""}",d25eb25b-dfa0-4ef0-ad1e-d9396730114e,8797cf03-d6b0-490e-84ba-a1d2f934beff,Judge Dredge,Judge Dredge,{},guardians_necropolis-park_judge-dredge
ae963739-2624-4744-b8d5-ad4119247fc8,third-party-document,0,0,"{""obverse"": ""guardians_necropolis-park_jungle"", ""reverse"": ""guardians_card-back""}","{""name_printed"": ""Jungle"", ""rarity"": ""Uncom-3"", ""type"": ""Terrain"", ""item_dimensions"": ""{\u0022height\u0022: \u00223.5\u0022, \u0022width\u0022: \u00222.5\u0022, \u0022unit\u0022: \u0022inch\u0022}""}",d25eb25b-dfa0-4ef0-ad1e-d9396730114e,8797cf03-d6b0-490e-84ba-a1d2f934beff,Jungle,Jungle,{},guardians_necropolis-park_jungle
757f8241-11f0-4a4d-979a-2acb486fa8f1,third-party-document,0,0,"{""obverse"": ""guardians_necropolis-park_k'hutek---protector-of-the-fallen"", ""reverse"": ""guardians_card-back""}","{""name_printed"": ""K'Hutek - Protector of the Fallen"", ""rarity"": ""Uncom-2"", ""type"": ""Guardian"", ""item_dimensions"": ""{\u0022height\u0022: \u00223.5\u0022, \u0022width\u0022: \u00222.5\u0022, \u0022unit\u0022: \u0022inch\u0022}""}",d25eb25b-dfa0-4ef0-ad1e-d9396730114e,8797cf03-d6b0-490e-84ba-a1d2f934beff,K'Hutek - Protector of the Fallen,K'Hutek - Protector of the Fallen,{},guardians_necropolis-park_k'hutek---protector-of-the-fallen
312317b5-ad4e-4173-a10c-d089c408264f,third-party-document,0,0,"{""obverse"": ""guardians_necropolis-park_kurgan,-blademaster-of-the-exile"", ""reverse"": ""guardians_card-back""}","{""name_printed"": ""Kurgan, Blademaster of the Exile"", ""rarity"": ""Common-2"", ""type"": ""d Mortal Creature"", ""item_dimensions"": ""{\u0022height\u0022: \u00223.5\u0022, \u0022width\u0022: \u00222.5\u0022, \u0022unit\u0022: \u0022inch\u0022}""}",d25eb25b-dfa0-4ef0-ad1e-d9396730114e,8797cf03-d6b0-490e-84ba-a1d2f934beff,"Kurgan, Blademaster of the Exile","Kurgan, Blademaster of the Exile",{},"guardians_necropolis-park_kurgan,-blademaster-of-the-exile"
f75486d0-faae-4de0-ac6d-a3654c31078d,third-party-document,0,0,"{""obverse"": ""guardians_necropolis-park_limited-big-time-rebate"", ""reverse"": ""guardians_card-back""}","{""name_printed"": ""Limited Big Time Rebate"", ""rarity"": ""Common-2"", ""type"": ""Spell"", ""item_dimensions"": ""{\u0022height\u0022: \u00223.5\u0022, \u0022width\u0022: \u00222.5\u0022, \u0022unit\u0022: \u0022inch\u0022}""}",d25eb25b-dfa0-4ef0-ad1e-d9396730114e,8797cf03-d6b0-490e-84ba-a1d2f934beff,Limited Big Time Rebate,Limited Big Time Rebate,{},guardians_necropolis-park_limited-big-time-rebate
6a1d60f7-79c2-4307-8945-ce8bee0c7d32,third-party-document,0,0,"{""obverse"": ""guardians_necropolis-park_lotus-flower-water-garden"", ""reverse"": ""guardians_card-back""}","{""name_printed"": ""Lotus Flower Water Garden"", ""rarity"": ""Uncom-2"", ""type"": ""Stronghold Upgrade"", ""item_dimensions"": ""{\u0022height\u0022: \u00223.5\u0022, \u0022width\u0022: \u00222.5\u0022, \u0022unit\u0022: \u0022inch\u0022}""}",d25eb25b-dfa0-4ef0-ad1e-d9396730114e,8797cf03-d6b0-490e-84ba-a1d2f934beff,Lotus Flower Water Garden,Lotus Flower Water Garden,{},guardians_necropolis-park_lotus-flower-water-garden
b7ee76a7-2175-46de-ad6f-fc27189d2534,third-party-document,0,0,"{""obverse"": ""guardians_necropolis-park_lucinda,-evil-hornbag"", ""reverse"": ""guardians_card-back""}","{""name_printed"": ""Lucinda, Evil Hornbag"", ""rarity"": ""Uncom-2"", ""type"": ""Mortal Creature"", ""item_dimensions"": ""{\u0022height\u0022: \u00223.5\u0022, \u0022width\u0022: \u00222.5\u0022, \u0022unit\u0022: \u0022inch\u0022}""}",d25eb25b-dfa0-4ef0-ad1e-d9396730114e,8797cf03-d6b0-490e-84ba-a1d2f934beff,"Lucinda, Evil Hornbag","Lucinda, Evil Hornbag",{},"guardians_necropolis-park_lucinda,-evil-hornbag"
ffadf5f9-eb10-4ac7-a227-f6a23a752c46,third-party-document,0,0,"{""obverse"": ""guardians_necropolis-park_mayor-mcevil"", ""reverse"": ""guardians_card-back""}","{""name_printed"": ""Mayor McEvil"", ""rarity"": ""Common-2"", ""type"": ""Mortal Creature"", ""item_dimensions"": ""{\u0022height\u0022: \u00223.5\u0022, \u0022width\u0022: \u00222.5\u0022, \u0022unit\u0022: \u0022inch\u0022}""}",d25eb25b-dfa0-4ef0-ad1e-d9396730114e,8797cf03-d6b0-490e-84ba-a1d2f934beff,Mayor McEvil,Mayor McEvil,{},guardians_necropolis-park_mayor-mcevil
27a0b1de-d532-4703-b1c4-ee96f110c59f,third-party-document,0,0,"{""obverse"": ""guardians_necropolis-park_mayor-mcfood"", ""reverse"": ""guardians_card-back""}","{""name_printed"": ""Mayor McFood"", ""rarity"": ""Uncom-1"", ""type"": ""Mortal Creature"", ""item_dimensions"": ""{\u0022height\u0022: \u00223.5\u0022, \u0022width\u0022: \u00222.5\u0022, \u0022unit\u0022: \u0022inch\u0022}""}",d25eb25b-dfa0-4ef0-ad1e-d9396730114e,8797cf03-d6b0-490e-84ba-a1d2f934beff,Mayor McFood,Mayor McFood,{},guardians_necropolis-park_mayor-mcfood
a9f28e13-ae4c-4bef-8be9-5113a4d1b33c,third-party-document,0,0,"{""obverse"": ""guardians_necropolis-park_mayor-mcgreed"", ""reverse"": ""guardians_card-back""}","{""name_printed"": ""Mayor McGreed"", ""rarity"": ""Common-2"", ""type"": ""Mortal Creature"", ""item_dimensions"": ""{\u0022height\u0022: \u00223.5\u0022, \u0022width\u0022: \u00222.5\u0022, \u0022unit\u0022: \u0022inch\u0022}""}",d25eb25b-dfa0-4ef0-ad1e-d9396730114e,8797cf03-d6b0-490e-84ba-a1d2f934beff,Mayor McGreed,Mayor McGreed,{},guardians_necropolis-park_mayor-mcgreed
c60ac828-9465-451b-b480-9c9503389a15,third-party-document,0,0,"{""obverse"": ""guardians_necropolis-park_mchooter-s-distraction"", ""reverse"": ""guardians_card-back""}","{""name_printed"": ""McHooter s Distraction"", ""rarity"": ""Common-2"", ""type"": ""Spell"", ""item_dimensions"": ""{\u0022height\u0022: \u00223.5\u0022, \u0022width\u0022: \u00222.5\u0022, \u0022unit\u0022: \u0022inch\u0022}""}",d25eb25b-dfa0-4ef0-ad1e-d9396730114e,8797cf03-d6b0-490e-84ba-a1d2f934beff,McHooter s Distraction,McHooter s Distraction,{},guardians_necropolis-park_mchooter-s-distraction
8627d57e-3335-4376-a49c-019aae72b60a,third-party-document,0,0,"{""obverse"": ""guardians_necropolis-park_mocodabi"", ""reverse"": ""guardians_card-back""}","{""name_printed"": ""Mocodabi"", ""rarity"": ""Common-2"", ""type"": ""Elemental Creature"", ""item_dimensions"": ""{\u0022height\u0022: \u00223.5\u0022, \u0022width\u0022: \u00222.5\u0022, \u0022unit\u0022: \u0022inch\u0022}""}",d25eb25b-dfa0-4ef0-ad1e-d9396730114e,8797cf03-d6b0-490e-84ba-a1d2f934beff,Mocodabi,Mocodabi,{},guardians_necropolis-park_mocodabi
0482c54f-902c-41ac-bb67-4d6064a46e7c,third-party-document,0,0,"{""obverse"": ""guardians_necropolis-park_moheidra,-mistress-of-souls"", ""reverse"": ""guardians_card-back""}","{""name_printed"": ""Moheidra, Mistress of Souls"", ""rarity"": ""Common-2"", ""type"": ""External Creature"", ""item_dimensions"": ""{\u0022height\u0022: \u00223.5\u0022, \u0022width\u0022: \u00222.5\u0022, \u0022unit\u0022: \u0022inch\u0022}""}",d25eb25b-dfa0-4ef0-ad1e-d9396730114e,8797cf03-d6b0-490e-84ba-a1d2f934beff,"Moheidra, Mistress of Souls","Moheidra, Mistress of Souls",{},"guardians_necropolis-park_moheidra,-mistress-of-souls"
6b963a6b-2086-4a35-bf48-607affc03b2c,third-party-document,0,0,"{""obverse"": ""guardians_necropolis-park_morb's-revenge"", ""reverse"": ""guardians_card-back""}","{""name_printed"": ""Morb's Revenge"", ""rarity"": ""Common-2"", ""type"": ""Spell"", ""item_dimensions"": ""{\u0022height\u0022: \u00223.5\u0022, \u0022width\u0022: \u00222.5\u0022, \u0022unit\u0022: \u0022inch\u0022}""}",d25eb25b-dfa0-4ef0-ad1e-d9396730114e,8797cf03-d6b0-490e-84ba-a1d2f934beff,Morb's Revenge,Morb's Revenge,{},guardians_necropolis-park_morb's-revenge
8aa0e3db-4b7d-4712-b343-186efcc32887,third-party-document,0,0,"{""obverse"": ""guardians_necropolis-park_mummy"", ""reverse"": ""guardians_card-back""}","{""name_printed"": ""Mummy"", ""rarity"": ""Common-2"", ""type"": ""External Creature"", ""item_dimensions"": ""{\u0022height\u0022: \u00223.5\u0022, \u0022width\u0022: \u00222.5\u0022, \u0022unit\u0022: \u0022inch\u0022}""}",d25eb25b-dfa0-4ef0-ad1e-d9396730114e,8797cf03-d6b0-490e-84ba-a1d2f934beff,Mummy,Mummy,{},guardians_necropolis-park_mummy
35847cdc-1d27-4284-a923-ed2915f5d67b,third-party-document,0,0,"{""obverse"": ""guardians_necropolis-park_necropolis-park-(center)"", ""reverse"": ""guardians_card-back""}","{""name_printed"": ""Necropolis Park"", ""functional_disambiguator"": ""Center"", ""rarity"": ""Uncom-2"", ""type"": ""Stronghold"", ""item_dimensions"": ""{\u0022height\u0022: \u00223.5\u0022, \u0022width\u0022: \u00222.5\u0022, \u0022unit\u0022: \u0022inch\u0022}""}",d25eb25b-dfa0-4ef0-ad1e-d9396730114e,8797cf03-d6b0-490e-84ba-a1d2f934beff,Necropolis Park (Center),Necropolis Park (Center),{},guardians_necropolis-park_necropolis-park-(center)
0f01a5b0-1ad5-471c-9fcf-7097b6bb9781,third-party-document,0,0,"{""obverse"": ""guardians_necropolis-park_necropolis-park-(left)"", ""reverse"": ""guardians_card-back""}","{""name_printed"": ""Necropolis Park"", ""functional_disambiguator"": ""Left"", ""rarity"": ""Uncom-2"", ""type"": ""Stronghold"", ""item_dimensions"": ""{\u0022height\u0022: \u00223.5\u0022, \u0022width\u0022: \u00222.5\u0022, \u0022unit\u0022: \u0022inch\u0022}""}",d25eb25b-dfa0-4ef0-ad1e-d9396730114e,8797cf03-d6b0-490e-84ba-a1d2f934beff,Necropolis Park (Left),Necropolis Park (Left),{},guardians_necropolis-park_necropolis-park-(left)
c2cfa23c-5c69-459c-a673-87b3c0329618,third-party-document,0,0,"{""obverse"": ""guardians_necropolis-park_necropolis-park-(right)"", ""reverse"": ""guardians_card-back""}","{""name_printed"": ""Necropolis Park"", ""functional_disambiguator"": ""Right"", ""rarity"": ""Uncom-2"", ""type"": ""Stronghold"", ""item_dimensions"": ""{\u0022height\u0022: \u00223.5\u0022, \u0022width\u0022: \u00222.5\u0022, \u0022unit\u0022: \u0022inch\u0022}""}",d25eb25b-dfa0-4ef0-ad1e-d9396730114e,8797cf03-d6b0-490e-84ba-a1d2f934beff,Necropolis Park (Right),Necropolis Park (Right),{},guardians_necropolis-park_necropolis-park-(right)
919d3689-ff5c-4391-b0a6-2a3b213912d4,third-party-document,0,0,"{""obverse"": ""guardians_necropolis-park_noknaga"", ""reverse"": ""guardians_card-back""}","{""name_printed"": ""Noknaga"", ""rarity"": ""Common-2"", ""type"": ""Elemental Creature"", ""item_dimensions"": ""{\u0022height\u0022: \u00223.5\u0022, \u0022width\u0022: \u00222.5\u0022, \u0022unit\u0022: \u0022inch\u0022}""}",d25eb25b-dfa0-4ef0-ad1e-d9396730114e,8797cf03-d6b0-490e-84ba-a1d2f934beff,Noknaga,Noknaga,{},guardians_necropolis-park_noknaga
858265ae-ca9b-419e-bdf6-578f0fa0edf9,third-party-document,0,0,"{""obverse"": ""guardians_necropolis-park_nubian-slave-girl"", ""reverse"": ""guardians_card-back""}","{""name_printed"": ""Nubian Slave Girl"", ""rarity"": ""Common-2"", ""type"": ""External Creature"", ""item_dimensions"": ""{\u0022height\u0022: \u00223.5\u0022, \u0022width\u0022: \u00222.5\u0022, \u0022unit\u0022: \u0022inch\u0022}""}",d25eb25b-dfa0-4ef0-ad1e-d9396730114e,8797cf03-d6b0-490e-84ba-a1d2f934beff,Nubian Slave Girl,Nubian Slave Girl,{},guardians_necropolis-park_nubian-slave-girl
e8d67e34-7043-4223-93e5-fb724afeb0bc,third-party-document,0,0,"{""obverse"": ""guardians_necropolis-park_obelisk-of-bablos"", ""reverse"": ""guardians_card-back""}","{""name_printed"": ""Obelisk of Bablos"", ""rarity"": ""Uncom-3"", ""type"": ""Magic Item - Hand"", ""item_dimensions"": ""{\u0022height\u0022: \u00223.5\u0022, \u0022width\u0022: \u00222.5\u0022, \u0022unit\u0022: \u0022inch\u0022}""}",d25eb25b-dfa0-4ef0-ad1e-d9396730114e,8797cf03-d6b0-490e-84ba-a1d2f934beff,Obelisk of Bablos,Obelisk of Bablos,{},guardians_necropolis-park_obelisk-of-bablos
217344ac-189b-4a33-a79e-f15e332628d2,third-party-document,0,0,"{""obverse"": ""guardians_necropolis-park_odious-clamjack"", ""reverse"": ""guardians_card-back""}","{""name_printed"": ""Odious Clamjack"", ""rarity"": ""Common-2"", ""type"": ""Mortal Creature"", ""item_dimensions"": ""{\u0022height\u0022: \u00223.5\u0022, \u0022width\u0022: \u00222.5\u0022, \u0022unit\u0022: \u0022inch\u0022}""}",d25eb25b-dfa0-4ef0-ad1e-d9396730114e,8797cf03-d6b0-490e-84ba-a1d2f934beff,Odious Clamjack,Odious Clamjack,{},guardians_necropolis-park_odious-clamjack
83b39fbc-b540-4f49-a952-fd9760de1dfa,third-party-document,0,0,"{""obverse"": ""guardians_necropolis-park_pharaoh-djoser"", ""reverse"": ""guardians_card-back""}","{""name_printed"": ""Pharaoh Djoser"", ""rarity"": ""Common-2"", ""type"": ""External Creature"", ""item_dimensions"": ""{\u0022height\u0022: \u00223.5\u0022, \u0022width\u0022: \u00222.5\u0022, \u0022unit\u0022: \u0022inch\u0022}""}",d25eb25b-dfa0-4ef0-ad1e-d9396730114e,8797cf03-d6b0-490e-84ba-a1d2f934beff,Pharaoh Djoser,Pharaoh Djoser,{},guardians_necropolis-park_pharaoh-djoser
dab8d175-1152-40f0-94bb-b7f3dbe97c9a,third-party-document,0,0,"{""obverse"": ""guardians_necropolis-park_plague-walker"", ""reverse"": ""guardians_card-back""}","{""name_printed"": ""Plague Walker"", ""rarity"": ""Common-2"", ""type"": ""External Creature"", ""item_dimensions"": ""{\u0022height\u0022: \u00223.5\u0022, \u0022width\u0022: \u00222.5\u0022, \u0022unit\u0022: \u0022inch\u0022}""}",d25eb25b-dfa0-4ef0-ad1e-d9396730114e,8797cf03-d6b0-490e-84ba-a1d2f934beff,Plague Walker,Plague Walker,{},guardians_necropolis-park_plague-walker
c31c8d6d-8eb8-4f80-9fd3-07c0edef7676,third-party-document,0,0,"{""obverse"": ""guardians_necropolis-park_preist-of-horus"", ""reverse"": ""guardians_card-back""}","{""name_printed"": ""Preist of Horus"", ""rarity"": ""Uncom-1"", ""type"": ""External Creature"", ""item_dimensions"": ""{\u0022height\u0022: \u00223.5\u0022, \u0022width\u0022: \u00222.5\u0022, \u0022unit\u0022: \u0022inch\u0022}""}",d25eb25b-dfa0-4ef0-ad1e-d9396730114e,8797cf03-d6b0-490e-84ba-a1d2f934beff,Preist of Horus,Preist of Horus,{},guardians_necropolis-park_preist-of-horus
f2da2f86-bca0-4cac-b1e7-28cb9a36e05e,third-party-document,0,0,"{""obverse"": ""guardians_necropolis-park_priest-of-sethos"", ""reverse"": ""guardians_card-back""}","{""name_printed"": ""Priest of Sethos"", ""rarity"": ""Uncom-1"", ""type"": ""External Creature"", ""item_dimensions"": ""{\u0022height\u0022: \u00223.5\u0022, \u0022width\u0022: \u00222.5\u0022, \u0022unit\u0022: \u0022inch\u0022}""}",d25eb25b-dfa0-4ef0-ad1e-d9396730114e,8797cf03-d6b0-490e-84ba-a1d2f934beff,Priest of Sethos,Priest of Sethos,{},guardians_necropolis-park_priest-of-sethos
897e3d07-d3e8-430d-a4b1-5020af131dd2,third-party-document,0,0,"{""obverse"": ""guardians_necropolis-park_priestess-of-isis"", ""reverse"": ""guardians_card-back""}","{""name_printed"": ""Priestess of Isis"", ""rarity"": ""Common-2"", ""type"": ""External Creature"", ""item_dimensions"": ""{\u0022height\u0022: \u00223.5\u0022, \u0022width\u0022: \u00222.5\u0022, \u0022unit\u0022: \u0022inch\u0022}""}",d25eb25b-dfa0-4ef0-ad1e-d9396730114e,8797cf03-d6b0-490e-84ba-a1d2f934beff,Priestess of Isis,Priestess of Isis,{},guardians_necropolis-park_priestess-of-isis
cb826447-6e4e-4f94-b7bf-84b78475a485,third-party-document,0,0,"{""obverse"": ""guardians_necropolis-park_rachur,-field-marshal"", ""reverse"": ""guardians_card-back""}","{""name_printed"": ""Rachur, Field Marshal"", ""rarity"": ""Uncom-1"", ""type"": ""Elemental Creature"", ""item_dimensions"": ""{\u0022height\u0022: \u00223.5\u0022, \u0022width\u0022: \u00222.5\u0022, \u0022unit\u0022: \u0022inch\u0022}""}",d25eb25b-dfa0-4ef0-ad1e-d9396730114e,8797cf03-d6b0-490e-84ba-a1d2f934beff,"Rachur, Field Marshal","Rachur, Field Marshal",{},"guardians_necropolis-park_rachur,-field-marshal"
47ef91c2-7209-44ff-a207-e8522403e5af,third-party-document,0,0,"{""obverse"": ""guardians_necropolis-park_rocks-at-rhuadan"", ""reverse"": ""guardians_card-back""}","{""name_printed"": ""Rocks at Rhuadan"", ""rarity"": ""Uncom-3"", ""type"": ""Location Terrain"", ""item_dimensions"": ""{\u0022height\u0022: \u00223.5\u0022, \u0022width\u0022: \u00222.5\u0022, \u0022unit\u0022: \u0022inch\u0022}""}",d25eb25b-dfa0-4ef0-ad1e-d9396730114e,8797cf03-d6b0-490e-84ba-a1d2f934beff,Rocks at Rhuadan,Rocks at Rhuadan,{},guardians_necropolis-park_rocks-at-rhuadan
fe36eaa1-938e-42ee-b71e-31a015d4d9a3,third-party-document,0,0,"{""obverse"": ""guardians_necropolis-park_rye-beaner"", ""reverse"": ""guardians_card-back""}","{""name_printed"": ""Rye Beaner"", ""rarity"": ""Uncom-2"", ""type"": ""Mortal Creature"", ""item_dimensions"": ""{\u0022height\u0022: \u00223.5\u0022, \u0022width\u0022: \u00222.5\u0022, \u0022unit\u0022: \u0022inch\u0022}""}",d25eb25b-dfa0-4ef0-ad1e-d9396730114e,8797cf03-d6b0-490e-84ba-a1d2f934beff,Rye Beaner,Rye Beaner,{},guardians_necropolis-park_rye-beaner
ed052cd7-404c-4046-9eee-ff14e0d0207e,third-party-document,0,0,"{""obverse"": ""guardians_necropolis-park_sales-weasel"", ""reverse"": ""guardians_card-back""}","{""name_printed"": ""Sales Weasel"", ""rarity"": ""Uncom-3"", ""type"": ""Elemental Creature"", ""item_dimensions"": ""{\u0022height\u0022: \u00223.5\u0022, \u0022width\u0022: \u00222.5\u0022, \u0022unit\u0022: \u0022inch\u0022}""}",d25eb25b-dfa0-4ef0-ad1e-d9396730114e,8797cf03-d6b0-490e-84ba-a1d2f934beff,Sales Weasel,Sales Weasel,{},guardians_necropolis-park_sales-weasel
0f7d4635-4bca-4571-b0a8-061e77c20244,third-party-document,0,0,"{""obverse"": ""guardians_necropolis-park_scamp-jones"", ""reverse"": ""guardians_card-back""}","{""name_printed"": ""Scamp Jones"", ""rarity"": ""Uncom-2"", ""type"": ""Mortal Creature"", ""item_dimensions"": ""{\u0022height\u0022: \u00223.5\u0022, \u0022width\u0022: \u00222.5\u0022, \u0022unit\u0022: \u0022inch\u0022}""}",d25eb25b-dfa0-4ef0-ad1e-d9396730114e,8797cf03-d6b0-490e-84ba-a1d2f934beff,Scamp Jones,Scamp Jones,{},guardians_necropolis-park_scamp-jones
b0b3c84c-b94b-4586-a897-6ca060fa8d34,third-party-document,0,0,"{""obverse"": ""guardians_necropolis-park_scarab-of-bounty"", ""reverse"": ""guardians_card-back""}","{""name_printed"": ""Scarab of Bounty"", ""rarity"": ""Uncom-2"", ""type"": ""Magic Item - Accessory"", ""item_dimensions"": ""{\u0022height\u0022: \u00223.5\u0022, \u0022width\u0022: \u00222.5\u0022, \u0022unit\u0022: \u0022inch\u0022}""}",d25eb25b-dfa0-4ef0-ad1e-d9396730114e,8797cf03-d6b0-490e-84ba-a1d2f934beff,Scarab of Bounty,Scarab of Bounty,{},guardians_necropolis-park_scarab-of-bounty
527e1c22-3774-48d6-8489-71612ff03005,third-party-document,0,0,"{""obverse"": ""guardians_necropolis-park_sebek,-queen-of-magicians"", ""reverse"": ""guardians_card-back""}","{""name_printed"": ""Sebek, Queen of Magicians"", ""rarity"": ""Uncom-1"", ""type"": ""External Creature"", ""item_dimensions"": ""{\u0022height\u0022: \u00223.5\u0022, \u0022width\u0022: \u00222.5\u0022, \u0022unit\u0022: \u0022inch\u0022}""}",d25eb25b-dfa0-4ef0-ad1e-d9396730114e,8797cf03-d6b0-490e-84ba-a1d2f934beff,"Sebek, Queen of Magicians","Sebek, Queen of Magicians",{},"guardians_necropolis-park_sebek,-queen-of-magicians"
b5d7458a-4faa-43a5-9a32-c092e43eae79,third-party-document,0,0,"{""obverse"": ""guardians_necropolis-park_secauris"", ""reverse"": ""guardians_card-back""}","{""name_printed"": ""Secauris"", ""rarity"": ""Common-2"", ""type"": ""Elemental Creature"", ""item_dimensions"": ""{\u0022height\u0022: \u00223.5\u0022, \u0022width\u0022: \u00222.5\u0022, \u0022unit\u0022: \u0022inch\u0022}""}",d25eb25b-dfa0-4ef0-ad1e-d9396730114e,8797cf03-d6b0-490e-84ba-a1d2f934beff,Secauris,Secauris,{},guardians_necropolis-park_secauris
8a7f7fe6-a8ee-4f49-8d23-3e22c4b5a167,third-party-document,0,0,"{""obverse"": ""guardians_necropolis-park_shackzu,-field-marshal"", ""reverse"": ""guardians_card-back""}","{""name_printed"": ""Shackzu, Field Marshal"", ""rarity"": ""Uncom-1"", ""type"": ""Elemental Creature"", ""item_dimensions"": ""{\u0022height\u0022: \u00223.5\u0022, \u0022width\u0022: \u00222.5\u0022, \u0022unit\u0022: \u0022inch\u0022}""}",d25eb25b-dfa0-4ef0-ad1e-d9396730114e,8797cf03-d6b0-490e-84ba-a1d2f934beff,"Shackzu, Field Marshal","Shackzu, Field Marshal",{},"guardians_necropolis-park_shackzu,-field-marshal"
6a1cecd7-3462-49a9-b8bd-aff0e41c1a5e,third-party-document,0,0,"{""obverse"": ""guardians_necropolis-park_shadow-bank-job"", ""reverse"": ""guardians_card-back""}","{""name_printed"": ""Shadow Bank Job"", ""rarity"": ""Common-2"", ""type"": ""Spell"", ""item_dimensions"": ""{\u0022height\u0022: \u00223.5\u0022, \u0022width\u0022: \u00222.5\u0022, \u0022unit\u0022: \u0022inch\u0022}""}",d25eb25b-dfa0-4ef0-ad1e-d9396730114e,8797cf03-d6b0-490e-84ba-a1d2f934beff,Shadow Bank Job,Shadow Bank Job,{},guardians_necropolis-park_shadow-bank-job
dfecceb3-6651-443e-bb5b-dc65cd94fa44,third-party-document,0,0,"{""obverse"": ""guardians_necropolis-park_shadow-beer-heist"", ""reverse"": ""guardians_card-back""}","{""name_printed"": ""Shadow Beer Heist"", ""rarity"": ""Uncom-3"", ""type"": ""Spell"", ""item_dimensions"": ""{\u0022height\u0022: \u00223.5\u0022, \u0022width\u0022: \u00222.5\u0022, \u0022unit\u0022: \u0022inch\u0022}""}",d25eb25b-dfa0-4ef0-ad1e-d9396730114e,8797cf03-d6b0-490e-84ba-a1d2f934beff,Shadow Beer Heist,Shadow Beer Heist,{},guardians_necropolis-park_shadow-beer-heist
0c21c60d-1df3-4614-a3a9-8f721fa8300b,third-party-document,0,0,"{""obverse"": ""guardians_necropolis-park_shadow-panty-raid"", ""reverse"": ""guardians_card-back""}","{""name_printed"": ""Shadow Panty Raid"", ""rarity"": ""Uncom-3"", ""type"": ""Spell"", ""item_dimensions"": ""{\u0022height\u0022: \u00223.5\u0022, \u0022width\u0022: \u00222.5\u0022, \u0022unit\u0022: \u0022inch\u0022}""}",d25eb25b-dfa0-4ef0-ad1e-d9396730114e,8797cf03-d6b0-490e-84ba-a1d2f934beff,Shadow Panty Raid,Shadow Panty Raid,{},guardians_necropolis-park_shadow-panty-raid
cb2a28d6-6ef5-4991-8b17-82274372f213,third-party-document,0,0,"{""obverse"": ""guardians_necropolis-park_silver-server"", ""reverse"": ""guardians_card-back""}","{""name_printed"": ""Silver Server"", ""rarity"": ""Common-2"", ""type"": ""Mortal Creature"", ""item_dimensions"": ""{\u0022height\u0022: \u00223.5\u0022, \u0022width\u0022: \u00222.5\u0022, \u0022unit\u0022: \u0022inch\u0022}""}",d25eb25b-dfa0-4ef0-ad1e-d9396730114e,8797cf03-d6b0-490e-84ba-a1d2f934beff,Silver Server,Silver Server,{},guardians_necropolis-park_silver-server
5d1c3058-7619-4c07-baf4-59bee5b6f4f7,third-party-document,0,0,"{""obverse"": ""guardians_necropolis-park_slackback-chak"", ""reverse"": ""guardians_card-back""}","{""name_printed"": ""Slackback Chak"", ""rarity"": ""Common-2"", ""type"": ""External Creature"", ""item_dimensions"": ""{\u0022height\u0022: \u00223.5\u0022, \u0022width\u0022: \u00222.5\u0022, \u0022unit\u0022: \u0022inch\u0022}""}",d25eb25b-dfa0-4ef0-ad1e-d9396730114e,8797cf03-d6b0-490e-84ba-a1d2f934beff,Slackback Chak,Slackback Chak,{},guardians_necropolis-park_slackback-chak
c0f2ab9b-5ffd-41df-a40d-5cfe6b07348b,third-party-document,0,0,"{""obverse"": ""guardians_necropolis-park_slim-jab"", ""reverse"": ""guardians_card-back""}","{""name_printed"": ""Slim Jab"", ""rarity"": ""Common-2"", ""type"": ""External Creature"", ""item_dimensions"": ""{\u0022height\u0022: \u00223.5\u0022, \u0022width\u0022: \u00222.5\u0022, \u0022unit\u0022: \u0022inch\u0022}""}",d25eb25b-dfa0-4ef0-ad1e-d9396730114e,8797cf03-d6b0-490e-84ba-a1d2f934beff,Slim Jab,Slim Jab,{},guardians_necropolis-park_slim-jab
97eb667a-b043-4673-9281-ee9bd584c7a9,third-party-document,0,0,"{""obverse"": ""guardians_necropolis-park_snake-pit"", ""reverse"": ""guardians_card-back""}","{""name_printed"": ""Snake Pit"", ""rarity"": ""Uncom-2"", ""type"": ""Stronghold Downgrade"", ""item_dimensions"": ""{\u0022height\u0022: \u00223.5\u0022, \u0022width\u0022: \u00222.5\u0022, \u0022unit\u0022: \u0022inch\u0022}""}",d25eb25b-dfa0-4ef0-ad1e-d9396730114e,8797cf03-d6b0-490e-84ba-a1d2f934beff,Snake Pit,Snake Pit,{},guardians_necropolis-park_snake-pit
352d8016-5e67-4729-a8ea-a2150bf8e257,third-party-document,0,0,"{""obverse"": ""guardians_necropolis-park_sneaky-varmit"", ""reverse"": ""guardians_card-back""}","{""name_printed"": ""Sneaky Varmit"", ""rarity"": ""Common-2"", ""type"": ""Mortal Creature"", ""item_dimensions"": ""{\u0022height\u0022: \u00223.5\u0022, \u0022width\u0022: \u00222.5\u0022, \u0022unit\u0022: \u0022inch\u0022}""}",d25eb25b-dfa0-4ef0-ad1e-d9396730114e,8797cf03-d6b0-490e-84ba-a1d2f934beff,Sneaky Varmit,Sneaky Varmit,{},guardians_necropolis-park_sneaky-varmit
ad0559cd-3aa6-496e-915f-4e262deb52b4,third-party-document,0,0,"{""obverse"": ""guardians_necropolis-park_squibby"", ""reverse"": ""guardians_card-back""}","{""name_printed"": ""Squibby"", ""rarity"": ""Uncom-1"", ""type"": ""Mortal Creature"", ""item_dimensions"": ""{\u0022height\u0022: \u00223.5\u0022, \u0022width\u0022: \u00222.5\u0022, \u0022unit\u0022: \u0022inch\u0022}""}",d25eb25b-dfa0-4ef0-ad1e-d9396730114e,8797cf03-d6b0-490e-84ba-a1d2f934beff,Squibby,Squibby,{},guardians_necropolis-park_squibby
f9026fc9-fe3d-4154-892e-ebd72e985df6,third-party-document,0,0,"{""obverse"": ""guardians_necropolis-park_stiverin"", ""reverse"": ""guardians_card-back""}","{""name_printed"": ""Stiverin"", ""rarity"": ""Uncom-2"", ""type"": ""Elemental Creature"", ""item_dimensions"": ""{\u0022height\u0022: \u00223.5\u0022, \u0022width\u0022: \u00222.5\u0022, \u0022unit\u0022: \u0022inch\u0022}""}",d25eb25b-dfa0-4ef0-ad1e-d9396730114e,8797cf03-d6b0-490e-84ba-a1d2f934beff,Stiverin,Stiverin,{},guardians_necropolis-park_stiverin
223135dc-186a-494b-a480-47cd5b077f60,third-party-document,0,0,"{""obverse"": ""guardians_necropolis-park_tavinmoor,-first-called"", ""reverse"": ""guardians_card-back""}","{""name_printed"": ""Tavinmoor, First Called"", ""rarity"": ""Common-2"", ""type"": ""Elemental Creature"", ""item_dimensions"": ""{\u0022height\u0022: \u00223.5\u0022, \u0022width\u0022: \u00222.5\u0022, \u0022unit\u0022: \u0022inch\u0022}""}",d25eb25b-dfa0-4ef0-ad1e-d9396730114e,8797cf03-d6b0-490e-84ba-a1d2f934beff,"Tavinmoor, First Called","Tavinmoor, First Called",{},"guardians_necropolis-park_tavinmoor,-first-called"
3d282ffa-f37e-46cb-ad70-fbce9a79a4d1,third-party-document,0,0,"{""obverse"": ""guardians_necropolis-park_the-minx"", ""reverse"": ""guardians_card-back""}","{""name_printed"": ""The Minx"", ""rarity"": ""Common-2"", ""type"": ""Mortal Creature"", ""item_dimensions"": ""{\u0022height\u0022: \u00223.5\u0022, \u0022width\u0022: \u00222.5\u0022, \u0022unit\u0022: \u0022inch\u0022}""}",d25eb25b-dfa0-4ef0-ad1e-d9396730114e,8797cf03-d6b0-490e-84ba-a1d2f934beff,The Minx,The Minx,{},guardians_necropolis-park_the-minx
f0ec244b-df49-4ed5-9b0f-40713a9a215e,third-party-document,0,0,"{""obverse"": ""guardians_necropolis-park_the-ol-switcheroo"", ""reverse"": ""guardians_card-back""}","{""name_printed"": ""The Ol Switcheroo"", ""rarity"": ""Common-2"", ""type"": ""Spell"", ""item_dimensions"": ""{\u0022height\u0022: \u00223.5\u0022, \u0022width\u0022: \u00222.5\u0022, \u0022unit\u0022: \u0022inch\u0022}""}",d25eb25b-dfa0-4ef0-ad1e-d9396730114e,8797cf03-d6b0-490e-84ba-a1d2f934beff,The Ol Switcheroo,The Ol Switcheroo,{},guardians_necropolis-park_the-ol-switcheroo
2218325f-8bfa-477e-b666-4f7d4e8988f0,third-party-document,0,0,"{""obverse"": ""guardians_necropolis-park_theib,-master-of-scribes"", ""reverse"": ""guardians_card-back""}","{""name_printed"": ""Theib, Master of Scribes"", ""rarity"": ""Common-2"", ""type"": ""External Creature"", ""item_dimensions"": ""{\u0022height\u0022: \u00223.5\u0022, \u0022width\u0022: \u00222.5\u0022, \u0022unit\u0022: \u0022inch\u0022}""}",d25eb25b-dfa0-4ef0-ad1e-d9396730114e,8797cf03-d6b0-490e-84ba-a1d2f934beff,"Theib, Master of Scribes","Theib, Master of Scribes",{},"guardians_necropolis-park_theib,-master-of-scribes"
6fe671df-f3ae-4373-b1ba-320a64b7944d,third-party-document,0,0,"{""obverse"": ""guardians_necropolis-park_tiny-whining-cankerd"", ""reverse"": ""guardians_card-back""}","{""name_printed"": ""Tiny Whining Cankerd"", ""rarity"": ""Common-2"", ""type"": ""Mortal Creature"", ""item_dimensions"": ""{\u0022height\u0022: \u00223.5\u0022, \u0022width\u0022: \u00222.5\u0022, \u0022unit\u0022: \u0022inch\u0022}""}",d25eb25b-dfa0-4ef0-ad1e-d9396730114e,8797cf03-d6b0-490e-84ba-a1d2f934beff,Tiny Whining Cankerd,Tiny Whining Cankerd,{},guardians_necropolis-park_tiny-whining-cankerd
97ee51e5-f284-4c66-9d07-b00cbd88d5cf,third-party-document,0,0,"{""obverse"": ""guardians_necropolis-park_tomb-of-the-bulzuru"", ""reverse"": ""guardians_card-back""}","{""name_printed"": ""Tomb of the Bulzuru"", ""rarity"": ""Uncom-3"", ""type"": ""Location Terrain"", ""item_dimensions"": ""{\u0022height\u0022: \u00223.5\u0022, \u0022width\u0022: \u00222.5\u0022, \u0022unit\u0022: \u0022inch\u0022}""}",d25eb25b-dfa0-4ef0-ad1e-d9396730114e,8797cf03-d6b0-490e-84ba-a1d2f934beff,Tomb of the Bulzuru,Tomb of the Bulzuru,{},guardians_necropolis-park_tomb-of-the-bulzuru
7899eeaf-d97f-4527-8063-5736b0bfa5bf,third-party-document,0,0,"{""obverse"": ""guardians_necropolis-park_total-chaos"", ""reverse"": ""guardians_card-back""}","{""name_printed"": ""Total Chaos"", ""rarity"": ""Uncom-1"", ""type"": ""Spell"", ""item_dimensions"": ""{\u0022height\u0022: \u00223.5\u0022, \u0022width\u0022: \u00222.5\u0022, \u0022unit\u0022: \u0022inch\u0022}""}",d25eb25b-dfa0-4ef0-ad1e-d9396730114e,8797cf03-d6b0-490e-84ba-a1d2f934beff,Total Chaos,Total Chaos,{},guardians_necropolis-park_total-chaos
e2a1cdd3-b56d-450f-afd4-41191b8b2495,third-party-document,0,0,"{""obverse"": ""guardians_necropolis-park_u--r--first"", ""reverse"": ""guardians_card-back""}","{""name_printed"": ""U. R. First"", ""rarity"": ""Common-2"", ""type"": ""Spell"", ""item_dimensions"": ""{\u0022height\u0022: \u00223.5\u0022, \u0022width\u0022: \u00222.5\u0022, \u0022unit\u0022: \u0022inch\u0022}""}",d25eb25b-dfa0-4ef0-ad1e-d9396730114e,8797cf03-d6b0-490e-84ba-a1d2f934beff,U. R. First,U. R. First,{},guardians_necropolis-park_u--r--first
e709b842-f589-4766-8166-8ea0eece854a,third-party-document,0,0,"{""obverse"": ""guardians_necropolis-park_vestibule-of-kabod"", ""reverse"": ""guardians_card-back""}","{""name_printed"": ""Vestibule of Kabod"", ""rarity"": ""Uncom-1"", ""type"": ""Magic Item - Creature"", ""item_dimensions"": ""{\u0022height\u0022: \u00223.5\u0022, \u0022width\u0022: \u00222.5\u0022, \u0022unit\u0022: \u0022inch\u0022}""}",d25eb25b-dfa0-4ef0-ad1e-d9396730114e,8797cf03-d6b0-490e-84ba-a1d2f934beff,Vestibule of Kabod,Vestibule of Kabod,{},guardians_necropolis-park_vestibule-of-kabod
75074727-d5bd-4699-9593-33090287cbad,third-party-document,0,0,"{""obverse"": ""guardians_necropolis-park_voodoo-hat-rack"", ""reverse"": ""guardians_card-back""}","{""name_printed"": ""Voodoo Hat Rack"", ""rarity"": ""Common-2"", ""type"": ""Magic Item - Hand"", ""item_dimensions"": ""{\u0022height\u0022: \u00223.5\u0022, \u0022width\u0022: \u00222.5\u0022, \u0022unit\u0022: \u0022inch\u0022}""}",d25eb25b-dfa0-4ef0-ad1e-d9396730114e,8797cf03-d6b0-490e-84ba-a1d2f934beff,Voodoo Hat Rack,Voodoo Hat Rack,{},guardians_necropolis-park_voodoo-hat-rack
e7e8fc8e-db49-47e7-a2f7-cd246373a22d,third-party-document,0,0,"{""obverse"": ""guardians_necropolis-park_wanda,-evil-hornbag"", ""reverse"": ""guardians_card-back""}","{""name_printed"": ""Wanda, Evil Hornbag"", ""rarity"": ""Uncom-2"", ""type"": ""Mortal Creature"", ""item_dimensions"": ""{\u0022height\u0022: \u00223.5\u0022, \u0022width\u0022: \u00222.5\u0022, \u0022unit\u0022: \u0022inch\u0022}""}",d25eb25b-dfa0-4ef0-ad1e-d9396730114e,8797cf03-d6b0-490e-84ba-a1d2f934beff,"Wanda, Evil Hornbag","Wanda, Evil Hornbag",{},"guardians_necropolis-park_wanda,-evil-hornbag"
8b999421-c1ab-42c7-b19d-6bc39fa2dc14,third-party-document,0,0,"{""obverse"": ""guardians_necropolis-park_warwick's-conversion"", ""reverse"": ""guardians_card-back""}","{""name_printed"": ""Warwick's Conversion"", ""rarity"": ""Common-2"", ""type"": ""Spell"", ""item_dimensions"": ""{\u0022height\u0022: \u00223.5\u0022, \u0022width\u0022: \u00222.5\u0022, \u0022unit\u0022: \u0022inch\u0022}""}",d25eb25b-dfa0-4ef0-ad1e-d9396730114e,8797cf03-d6b0-490e-84ba-a1d2f934beff,Warwick's Conversion,Warwick's Conversion,{},guardians_necropolis-park_warwick's-conversion
0bb34723-a61c-4878-9030-0e44176c0857,third-party-document,0,0,"{""obverse"": ""guardians_other_barrow-wight"", ""reverse"": ""guardians_card-back""}","{""name_printed"": ""Barrow Wight"", ""rarity"": ""Promo"", ""type"": ""Externals"", ""item_dimensions"": ""{\u0022height\u0022: \u00223.5\u0022, \u0022width\u0022: \u00222.5\u0022, \u0022unit\u0022: \u0022inch\u0022}""}",d25eb25b-dfa0-4ef0-ad1e-d9396730114e,678f1fc7-b45c-4eb9-abe1-d068c25f3c95,Barrow Wight,Barrow Wight,{},guardians_other_barrow-wight
c6cf66dd-20b5-43a3-b069-4bc64acbfc11,third-party-document,0,0,"{""obverse"": ""guardians_other_chaos-summoner"", ""reverse"": ""guardians_card-back""}","{""name_printed"": ""Chaos Summoner"", ""rarity"": ""Promo"", ""type"": ""Spell"", ""item_dimensions"": ""{\u0022height\u0022: \u00223.5\u0022, \u0022width\u0022: \u00222.5\u0022, \u0022unit\u0022: \u0022inch\u0022}""}",d25eb25b-dfa0-4ef0-ad1e-d9396730114e,678f1fc7-b45c-4eb9-abe1-d068c25f3c95,Chaos Summoner,Chaos Summoner,{},guardians_other_chaos-summoner
9b266f02-c8d7-45e0-97fc-dde658f3f30f,third-party-document,0,0,"{""obverse"": ""guardians_other_cheesy-con-souvenir-tweezle"", ""reverse"": ""guardians_card-back""}","{""name_printed"": ""Cheesy Con Souvenir Tweezle"", ""rarity"": ""Promo"", ""type"": ""Magic Item"", ""item_dimensions"": ""{\u0022height\u0022: \u00223.5\u0022, \u0022width\u0022: \u00222.5\u0022, \u0022unit\u0022: \u0022inch\u0022}""}",d25eb25b-dfa0-4ef0-ad1e-d9396730114e,678f1fc7-b45c-4eb9-abe1-d068c25f3c95,Cheesy Con Souvenir Tweezle,Cheesy Con Souvenir Tweezle,{},guardians_other_cheesy-con-souvenir-tweezle
715465e9-3dd1-4c79-bd55-eb3477ab3eb6,third-party-document,0,0,"{""obverse"": ""guardians_other_druk"", ""reverse"": ""guardians_card-back""}","{""name_printed"": ""Druk"", ""rarity"": ""Promo"", ""type"": ""Elementals"", ""item_dimensions"": ""{\u0022height\u0022: \u00223.5\u0022, \u0022width\u0022: \u00222.5\u0022, \u0022unit\u0022: \u0022inch\u0022}""}",d25eb25b-dfa0-4ef0-ad1e-d9396730114e,678f1fc7-b45c-4eb9-abe1-d068c25f3c95,Druk,Druk,{},guardians_other_druk
d8cdd12f-ff08-484b-83ae-f16ea8f4e415,third-party-document,0,0,"{""obverse"": ""guardians_other_enemy-mine"", ""reverse"": ""guardians_card-back""}","{""name_printed"": ""Enemy Mine"", ""rarity"": ""Promo"", ""item_dimensions"": ""{\u0022height\u0022: \u00223.5\u0022, \u0022width\u0022: \u00222.5\u0022, \u0022unit\u0022: \u0022inch\u0022}""}",d25eb25b-dfa0-4ef0-ad1e-d9396730114e,678f1fc7-b45c-4eb9-abe1-d068c25f3c95,Enemy Mine,Enemy Mine,{},guardians_other_enemy-mine
5b098265-558c-40e5-89c1-0468b043cde1,third-party-document,0,0,"{""obverse"": ""guardians_other_exploding-tweezle"", ""reverse"": ""guardians_card-back""}","{""name_printed"": ""Exploding Tweezle"", ""rarity"": ""Promo"", ""type"": ""Magic Item"", ""item_dimensions"": ""{\u0022height\u0022: \u00223.5\u0022, \u0022width\u0022: \u00222.5\u0022, \u0022unit\u0022: \u0022inch\u0022}""}",d25eb25b-dfa0-4ef0-ad1e-d9396730114e,678f1fc7-b45c-4eb9-abe1-d068c25f3c95,Exploding Tweezle,Exploding Tweezle,{},guardians_other_exploding-tweezle
e5bddd01-bba1-4da5-93c7-08955737e867,third-party-document,0,0,"{""obverse"": ""guardians_other_land-drake"", ""reverse"": ""guardians_card-back""}","{""name_printed"": ""Land Drake"", ""rarity"": ""Promo"", ""type"": ""Externals"", ""item_dimensions"": ""{\u0022height\u0022: \u00223.5\u0022, \u0022width\u0022: \u00222.5\u0022, \u0022unit\u0022: \u0022inch\u0022}""}",d25eb25b-dfa0-4ef0-ad1e-d9396730114e,678f1fc7-b45c-4eb9-abe1-d068c25f3c95,Land Drake,Land Drake,{},guardians_other_land-drake
2a1a0056-c761-4088-b3bc-07c837640454,third-party-document,0,0,"{""obverse"": ""guardians_other_tweezle-the-sneaky"", ""reverse"": ""guardians_card-back""}","{""name_printed"": ""Tweezle the Sneaky"", ""rarity"": ""Promo"", ""type"": ""Magic Item"", ""item_dimensions"": ""{\u0022height\u0022: \u00223.5\u0022, \u0022width\u0022: \u00222.5\u0022, \u0022unit\u0022: \u0022inch\u0022}""}",d25eb25b-dfa0-4ef0-ad1e-d9396730114e,678f1fc7-b45c-4eb9-abe1-d068c25f3c95,Tweezle the Sneaky,Tweezle the Sneaky,{},guardians_other_tweezle-the-sneaky
0ebea0de-2c18-4f19-87de-6e3c0f86f1d4,third-party-document,0,0,"{""obverse"": ""guardians_revised_amber-well"", ""reverse"": ""guardians_card-back""}","{""name_printed"": ""Amber Well"", ""rarity"": ""Common-1"", ""type"": ""Elemental"", ""item_dimensions"": ""{\u0022height\u0022: \u00223.5\u0022, \u0022width\u0022: \u00222.5\u0022, \u0022unit\u0022: \u0022inch\u0022}""}",d25eb25b-dfa0-4ef0-ad1e-d9396730114e,a881755f-6915-48e9-a3c8-6986f2e61bf1,Amber Well,Amber Well,{},guardians_revised_amber-well
a1c02c2d-6ea5-4883-937c-e3cdfd822843,third-party-document,0,0,"{""obverse"": ""guardians_revised_anvil-of-heaviness"", ""reverse"": ""guardians_card-back""}","{""name_printed"": ""Anvil of Heaviness"", ""rarity"": ""Common-1"", ""type"": ""Magic Item - Hand"", ""item_dimensions"": ""{\u0022height\u0022: \u00223.5\u0022, \u0022width\u0022: \u00222.5\u0022, \u0022unit\u0022: \u0022inch\u0022}""}",d25eb25b-dfa0-4ef0-ad1e-d9396730114e,a881755f-6915-48e9-a3c8-6986f2e61bf1,Anvil of Heaviness,Anvil of Heaviness,{},guardians_revised_anvil-of-heaviness
cd53d691-ac67-43cb-a39b-a4993c3797b5,third-party-document,0,0,"{""obverse"": ""guardians_revised_archer"", ""reverse"": ""guardians_card-back""}","{""name_printed"": ""Archer"", ""rarity"": ""Common-1"", ""type"": ""Mortal"", ""item_dimensions"": ""{\u0022height\u0022: \u00223.5\u0022, \u0022width\u0022: \u00222.5\u0022, \u0022unit\u0022: \u0022inch\u0022}""}",d25eb25b-dfa0-4ef0-ad1e-d9396730114e,a881755f-6915-48e9-a3c8-6986f2e61bf1,Archer,Archer,{},guardians_revised_archer
6d6e74e1-6684-4e20-86b8-7425316e4313,third-party-document,0,0,"{""obverse"": ""guardians_revised_babe-hound"", ""reverse"": ""guardians_card-back""}","{""name_printed"": ""Babe Hound"", ""rarity"": ""Common-1"", ""type"": ""Mortal"", ""item_dimensions"": ""{\u0022height\u0022: \u00223.5\u0022, \u0022width\u0022: \u00222.5\u0022, \u0022unit\u0022: \u0022inch\u0022}""}",d25eb25b-dfa0-4ef0-ad1e-d9396730114e,a881755f-6915-48e9-a3c8-6986f2e61bf1,Babe Hound,Babe Hound,{},guardians_revised_babe-hound
35975cc4-0031-4e8e-b60d-523c5155b6f7,third-party-document,0,0,"{""obverse"": ""guardians_revised_baleful-eye"", ""reverse"": ""guardians_card-back""}","{""name_printed"": ""Baleful Eye"", ""rarity"": ""Common-1"", ""type"": ""Elemental"", ""item_dimensions"": ""{\u0022height\u0022: \u00223.5\u0022, \u0022width\u0022: \u00222.5\u0022, \u0022unit\u0022: \u0022inch\u0022}""}",d25eb25b-dfa0-4ef0-ad1e-d9396730114e,a881755f-6915-48e9-a3c8-6986f2e61bf1,Baleful Eye,Baleful Eye,{},guardians_revised_baleful-eye
65c95c44-53b7-4de1-87a6-06c24bd5adc3,third-party-document,0,0,"{""obverse"": ""guardians_revised_black-lung"", ""reverse"": ""guardians_card-back""}","{""name_printed"": ""Black Lung"", ""rarity"": ""Common-1"", ""type"": ""External"", ""item_dimensions"": ""{\u0022height\u0022: \u00223.5\u0022, \u0022width\u0022: \u00222.5\u0022, \u0022unit\u0022: \u0022inch\u0022}""}",d25eb25b-dfa0-4ef0-ad1e-d9396730114e,a881755f-6915-48e9-a3c8-6986f2e61bf1,Black Lung,Black Lung,{},guardians_revised_black-lung
94a4ca39-20b6-4d5d-b299-7b9592b815f4,third-party-document,0,0,"{""obverse"": ""guardians_revised_brown-backs"", ""reverse"": ""guardians_card-back""}","{""name_printed"": ""Brown Backs"", ""rarity"": ""Common-1"", ""type"": ""Mortal"", ""item_dimensions"": ""{\u0022height\u0022: \u00223.5\u0022, \u0022width\u0022: \u00222.5\u0022, \u0022unit\u0022: \u0022inch\u0022}""}",d25eb25b-dfa0-4ef0-ad1e-d9396730114e,a881755f-6915-48e9-a3c8-6986f2e61bf1,Brown Backs,Brown Backs,{},guardians_revised_brown-backs
779efb62-49eb-4a5a-9a91-a2ebe82c7670,third-party-document,0,0,"{""obverse"": ""guardians_revised_bulbous-clamjack"", ""reverse"": ""guardians_card-back""}","{""name_printed"": ""Bulbous Clamjack"", ""rarity"": ""Common-1"", ""type"": ""Mortal"", ""item_dimensions"": ""{\u0022height\u0022: \u00223.5\u0022, \u0022width\u0022: \u00222.5\u0022, \u0022unit\u0022: \u0022inch\u0022}""}",d25eb25b-dfa0-4ef0-ad1e-d9396730114e,a881755f-6915-48e9-a3c8-6986f2e61bf1,Bulbous Clamjack,Bulbous Clamjack,{},guardians_revised_bulbous-clamjack
eb731e7c-a3f6-46c0-9880-98838852b4fc,third-party-document,0,0,"{""obverse"": ""guardians_revised_captain"", ""reverse"": ""guardians_card-back""}","{""name_printed"": ""Captain"", ""rarity"": ""Common-1"", ""type"": ""Mortal"", ""item_dimensions"": ""{\u0022height\u0022: \u00223.5\u0022, \u0022width\u0022: \u00222.5\u0022, \u0022unit\u0022: \u0022inch\u0022}""}",d25eb25b-dfa0-4ef0-ad1e-d9396730114e,a881755f-6915-48e9-a3c8-6986f2e61bf1,Captain,Captain,{},guardians_revised_captain
44220012-f483-4316-aa01-e0e9e6243013,third-party-document,0,0,"{""obverse"": ""guardians_revised_cave-giant"", ""reverse"": ""guardians_card-back""}","{""name_printed"": ""Cave Giant"", ""rarity"": ""Common-1"", ""type"": ""Mortal"", ""item_dimensions"": ""{\u0022height\u0022: \u00223.5\u0022, \u0022width\u0022: \u00222.5\u0022, \u0022unit\u0022: \u0022inch\u0022}""}",d25eb25b-dfa0-4ef0-ad1e-d9396730114e,a881755f-6915-48e9-a3c8-6986f2e61bf1,Cave Giant,Cave Giant,{},guardians_revised_cave-giant
245bb2e7-757a-4502-b591-ee64d0f41d6f,third-party-document,0,0,"{""obverse"": ""guardians_revised_corporal"", ""reverse"": ""guardians_card-back""}","{""name_printed"": ""Corporal"", ""rarity"": ""Common-1"", ""type"": ""Mortal"", ""item_dimensions"": ""{\u0022height\u0022: \u00223.5\u0022, \u0022width\u0022: \u00222.5\u0022, \u0022unit\u0022: \u0022inch\u0022}""}",d25eb25b-dfa0-4ef0-ad1e-d9396730114e,a881755f-6915-48e9-a3c8-6986f2e61bf1,Corporal,Corporal,{},guardians_revised_corporal
0be1c94a-facd-4af4-b033-1d61191662f5,third-party-document,0,0,"{""obverse"": ""guardians_revised_crook-end-snoot"", ""reverse"": ""guardians_card-back""}","{""name_printed"": ""Crook End Snoot"", ""rarity"": ""Common-1"", ""type"": ""External"", ""item_dimensions"": ""{\u0022height\u0022: \u00223.5\u0022, \u0022width\u0022: \u00222.5\u0022, \u0022unit\u0022: \u0022inch\u0022}""}",d25eb25b-dfa0-4ef0-ad1e-d9396730114e,a881755f-6915-48e9-a3c8-6986f2e61bf1,Crook End Snoot,Crook End Snoot,{},guardians_revised_crook-end-snoot
5101b3fb-d46b-4516-800b-c5e2d7c2aa01,third-party-document,0,0,"{""obverse"": ""guardians_revised_cyclops"", ""reverse"": ""guardians_card-back""}","{""name_printed"": ""Cyclops"", ""rarity"": ""Common-1"", ""type"": ""External"", ""item_dimensions"": ""{\u0022height\u0022: \u00223.5\u0022, \u0022width\u0022: \u00222.5\u0022, \u0022unit\u0022: \u0022inch\u0022}""}",d25eb25b-dfa0-4ef0-ad1e-d9396730114e,a881755f-6915-48e9-a3c8-6986f2e61bf1,Cyclops,Cyclops,{},guardians_revised_cyclops
839403be-a761-46e0-a057-4fb114ef46f3,third-party-document,0,0,"{""obverse"": ""guardians_revised_desert-giant"", ""reverse"": ""guardians_card-back""}","{""name_printed"": ""Desert Giant"", ""rarity"": ""Common-1"", ""type"": ""Mortal"", ""item_dimensions"": ""{\u0022height\u0022: \u00223.5\u0022, \u0022width\u0022: \u00222.5\u0022, \u0022unit\u0022: \u0022inch\u0022}""}",d25eb25b-dfa0-4ef0-ad1e-d9396730114e,a881755f-6915-48e9-a3c8-6986f2e61bf1,Desert Giant,Desert Giant,{},guardians_revised_desert-giant
838d1481-df90-48d6-9237-9d5271eed553,third-party-document,0,0,"{""obverse"": ""guardians_revised_detect-life-force"", ""reverse"": ""guardians_card-back""}","{""name_printed"": ""Detect Life Force"", ""rarity"": ""Common-1"", ""type"": ""Spell"", ""item_dimensions"": ""{\u0022height\u0022: \u00223.5\u0022, \u0022width\u0022: \u00222.5\u0022, \u0022unit\u0022: \u0022inch\u0022}""}",d25eb25b-dfa0-4ef0-ad1e-d9396730114e,a881755f-6915-48e9-a3c8-6986f2e61bf1,Detect Life Force,Detect Life Force,{},guardians_revised_detect-life-force
1cc47d12-e0e5-4b41-87ff-9a622f431ff2,third-party-document,0,0,"{""obverse"": ""guardians_revised_devil-dog"", ""reverse"": ""guardians_card-back""}","{""name_printed"": ""Devil Dog"", ""rarity"": ""Common-1"", ""type"": ""Elemental"", ""item_dimensions"": ""{\u0022height\u0022: \u00223.5\u0022, \u0022width\u0022: \u00222.5\u0022, \u0022unit\u0022: \u0022inch\u0022}""}",d25eb25b-dfa0-4ef0-ad1e-d9396730114e,a881755f-6915-48e9-a3c8-6986f2e61bf1,Devil Dog,Devil Dog,{},guardians_revised_devil-dog
7f664631-d1f9-4855-bee6-f1dc64193199,third-party-document,0,0,"{""obverse"": ""guardians_revised_devil-hedgehog"", ""reverse"": ""guardians_card-back""}","{""name_printed"": ""Devil Hedgehog"", ""rarity"": ""Common-1"", ""type"": ""Elemental"", ""item_dimensions"": ""{\u0022height\u0022: \u00223.5\u0022, \u0022width\u0022: \u00222.5\u0022, \u0022unit\u0022: \u0022inch\u0022}""}",d25eb25b-dfa0-4ef0-ad1e-d9396730114e,a881755f-6915-48e9-a3c8-6986f2e61bf1,Devil Hedgehog,Devil Hedgehog,{},guardians_revised_devil-hedgehog
84e37bc1-13b4-452f-a5a5-70e68c096f12,third-party-document,0,0,"{""obverse"": ""guardians_revised_dreaded-doom-dog"", ""reverse"": ""guardians_card-back""}","{""name_printed"": ""Dreaded Doom Dog"", ""rarity"": ""Common-1"", ""type"": ""Elemental"", ""item_dimensions"": ""{\u0022height\u0022: \u00223.5\u0022, \u0022width\u0022: \u00222.5\u0022, \u0022unit\u0022: \u0022inch\u0022}""}",d25eb25b-dfa0-4ef0-ad1e-d9396730114e,a881755f-6915-48e9-a3c8-6986f2e61bf1,Dreaded Doom Dog,Dreaded Doom Dog,{},guardians_revised_dreaded-doom-dog
7e07b1b7-f033-463a-881e-c99b1a48dc70,third-party-document,0,0,"{""obverse"": ""guardians_revised_drooling-clamjack"", ""reverse"": ""guardians_card-back""}","{""name_printed"": ""Drooling Clamjack"", ""rarity"": ""Common-1"", ""type"": ""Mortal"", ""item_dimensions"": ""{\u0022height\u0022: \u00223.5\u0022, \u0022width\u0022: \u00222.5\u0022, \u0022unit\u0022: \u0022inch\u0022}""}",d25eb25b-dfa0-4ef0-ad1e-d9396730114e,a881755f-6915-48e9-a3c8-6986f2e61bf1,Drooling Clamjack,Drooling Clamjack,{},guardians_revised_drooling-clamjack
22fbfa37-4c8d-4033-af21-5fc54af3125a,third-party-document,0,0,"{""obverse"": ""guardians_revised_earth-elemental"", ""reverse"": ""guardians_card-back""}","{""name_printed"": ""Earth Elemental"", ""rarity"": ""Common-1"", ""type"": ""Elemental"", ""item_dimensions"": ""{\u0022height\u0022: \u00223.5\u0022, \u0022width\u0022: \u00222.5\u0022, \u0022unit\u0022: \u0022inch\u0022}""}",d25eb25b-dfa0-4ef0-ad1e-d9396730114e,a881755f-6915-48e9-a3c8-6986f2e61bf1,Earth Elemental,Earth Elemental,{},guardians_revised_earth-elemental
ea9b66ad-0a87-420e-9d71-bb26d04d1766,third-party-document,0,0,"{""obverse"": ""guardians_revised_energy-eater"", ""reverse"": ""guardians_card-back""}","{""name_printed"": ""Energy Eater"", ""rarity"": ""Common-1"", ""type"": ""Spell"", ""item_dimensions"": ""{\u0022height\u0022: \u00223.5\u0022, \u0022width\u0022: \u00222.5\u0022, \u0022unit\u0022: \u0022inch\u0022}""}",d25eb25b-dfa0-4ef0-ad1e-d9396730114e,a881755f-6915-48e9-a3c8-6986f2e61bf1,Energy Eater,Energy Eater,{},guardians_revised_energy-eater
b802e437-230b-4044-995b-80636c15dd88,third-party-document,0,0,"{""obverse"": ""guardians_revised_eye-of-long-spying"", ""reverse"": ""guardians_card-back""}","{""name_printed"": ""Eye of Long Spying"", ""rarity"": ""Common-1"", ""type"": ""Spell"", ""item_dimensions"": ""{\u0022height\u0022: \u00223.5\u0022, \u0022width\u0022: \u00222.5\u0022, \u0022unit\u0022: \u0022inch\u0022}""}",d25eb25b-dfa0-4ef0-ad1e-d9396730114e,a881755f-6915-48e9-a3c8-6986f2e61bf1,Eye of Long Spying,Eye of Long Spying,{},guardians_revised_eye-of-long-spying
73196827-4e6c-4fb2-836a-ee3f1538cb4f,third-party-document,0,0,"{""obverse"": ""guardians_revised_female-titan"", ""reverse"": ""guardians_card-back""}","{""name_printed"": ""Female Titan"", ""rarity"": ""Common-1"", ""type"": ""External"", ""item_dimensions"": ""{\u0022height\u0022: \u00223.5\u0022, \u0022width\u0022: \u00222.5\u0022, \u0022unit\u0022: \u0022inch\u0022}""}",d25eb25b-dfa0-4ef0-ad1e-d9396730114e,a881755f-6915-48e9-a3c8-6986f2e61bf1,Female Titan,Female Titan,{},guardians_revised_female-titan
56c3e5b5-ee93-46f6-9885-842993e0ce8f,third-party-document,0,0,"{""obverse"": ""guardians_revised_fire-walker"", ""reverse"": ""guardians_card-back""}","{""name_printed"": ""Fire Walker"", ""rarity"": ""Common-1"", ""type"": ""Elemental"", ""item_dimensions"": ""{\u0022height\u0022: \u00223.5\u0022, \u0022width\u0022: \u00222.5\u0022, \u0022unit\u0022: \u0022inch\u0022}""}",d25eb25b-dfa0-4ef0-ad1e-d9396730114e,a881755f-6915-48e9-a3c8-6986f2e61bf1,Fire Walker,Fire Walker,{},guardians_revised_fire-walker
356cac59-1032-41e0-b087-09672ad310d3,third-party-document,0,0,"{""obverse"": ""guardians_revised_giant-penguin"", ""reverse"": ""guardians_card-back""}","{""name_printed"": ""Giant Penguin"", ""rarity"": ""Common-1"", ""type"": ""External"", ""item_dimensions"": ""{\u0022height\u0022: \u00223.5\u0022, \u0022width\u0022: \u00222.5\u0022, \u0022unit\u0022: \u0022inch\u0022}""}",d25eb25b-dfa0-4ef0-ad1e-d9396730114e,a881755f-6915-48e9-a3c8-6986f2e61bf1,Giant Penguin,Giant Penguin,{},guardians_revised_giant-penguin
ed9d6d49-f366-4557-b949-e3e85503bc59,third-party-document,0,0,"{""obverse"": ""guardians_revised_gn'omish-gnomes"", ""reverse"": ""guardians_card-back""}","{""name_printed"": ""Gn'Omish Gnomes"", ""rarity"": ""Common-1"", ""type"": ""Mortal"", ""item_dimensions"": ""{\u0022height\u0022: \u00223.5\u0022, \u0022width\u0022: \u00222.5\u0022, \u0022unit\u0022: \u0022inch\u0022}""}",d25eb25b-dfa0-4ef0-ad1e-d9396730114e,a881755f-6915-48e9-a3c8-6986f2e61bf1,Gn'Omish Gnomes,Gn'Omish Gnomes,{},guardians_revised_gn'omish-gnomes
7cb4bf7a-ded2-4148-b3f9-1c84583d5ecc,third-party-document,0,0,"{""obverse"": ""guardians_revised_gorgal-skag"", ""reverse"": ""guardians_card-back""}","{""name_printed"": ""Gorgal Skag"", ""rarity"": ""Common-1"", ""type"": ""Elemental"", ""item_dimensions"": ""{\u0022height\u0022: \u00223.5\u0022, \u0022width\u0022: \u00222.5\u0022, \u0022unit\u0022: \u0022inch\u0022}""}",d25eb25b-dfa0-4ef0-ad1e-d9396730114e,a881755f-6915-48e9-a3c8-6986f2e61bf1,Gorgal Skag,Gorgal Skag,{},guardians_revised_gorgal-skag
c2c9d0fb-d89c-4f84-a0fa-0e01e8d311a5,third-party-document,0,0,"{""obverse"": ""guardians_revised_grilbus"", ""reverse"": ""guardians_card-back""}","{""name_printed"": ""Grilbus"", ""rarity"": ""Common-1"", ""type"": ""Mortal"", ""item_dimensions"": ""{\u0022height\u0022: \u00223.5\u0022, \u0022width\u0022: \u00222.5\u0022, \u0022unit\u0022: \u0022inch\u0022}""}",d25eb25b-dfa0-4ef0-ad1e-d9396730114e,a881755f-6915-48e9-a3c8-6986f2e61bf1,Grilbus,Grilbus,{},guardians_revised_grilbus
e0c897e9-f0d3-4d1f-8e33-900b2cd5ab3c,third-party-document,0,0,"{""obverse"": ""guardians_revised_gunner"", ""reverse"": ""guardians_card-back""}","{""name_printed"": ""Gunner"", ""rarity"": ""Common-1"", ""type"": ""Mortal"", ""item_dimensions"": ""{\u0022height\u0022: \u00223.5\u0022, \u0022width\u0022: \u00222.5\u0022, \u0022unit\u0022: \u0022inch\u0022}""}",d25eb25b-dfa0-4ef0-ad1e-d9396730114e,a881755f-6915-48e9-a3c8-6986f2e61bf1,Gunner,Gunner,{},guardians_revised_gunner
b80f2744-597e-434a-be9a-7e43f55410dc,third-party-document,0,0,"{""obverse"": ""guardians_revised_haba-naba-kaba"", ""reverse"": ""guardians_card-back""}","{""name_printed"": ""Haba Naba Kaba"", ""rarity"": ""Common-1"", ""type"": ""Mortal"", ""item_dimensions"": ""{\u0022height\u0022: \u00223.5\u0022, \u0022width\u0022: \u00222.5\u0022, \u0022unit\u0022: \u0022inch\u0022}""}",d25eb25b-dfa0-4ef0-ad1e-d9396730114e,a881755f-6915-48e9-a3c8-6986f2e61bf1,Haba Naba Kaba,Haba Naba Kaba,{},guardians_revised_haba-naba-kaba
5114d5be-48aa-4350-803a-e29048643c87,third-party-document,0,0,"{""obverse"": ""guardians_revised_hair-de-hobbins"", ""reverse"": ""guardians_card-back""}","{""name_printed"": ""Hair-de-hobbins"", ""rarity"": ""Common-1"", ""type"": ""External"", ""item_dimensions"": ""{\u0022height\u0022: \u00223.5\u0022, \u0022width\u0022: \u00222.5\u0022, \u0022unit\u0022: \u0022inch\u0022}""}",d25eb25b-dfa0-4ef0-ad1e-d9396730114e,a881755f-6915-48e9-a3c8-6986f2e61bf1,Hair-de-hobbins,Hair-de-hobbins,{},guardians_revised_hair-de-hobbins
fb37e472-e441-4292-99ea-f89f6d3a655c,third-party-document,0,0,"{""obverse"": ""guardians_revised_horse"", ""reverse"": ""guardians_card-back""}","{""name_printed"": ""Horse"", ""rarity"": ""Common-1"", ""type"": ""Mortal"", ""item_dimensions"": ""{\u0022height\u0022: \u00223.5\u0022, \u0022width\u0022: \u00222.5\u0022, \u0022unit\u0022: \u0022inch\u0022}""}",d25eb25b-dfa0-4ef0-ad1e-d9396730114e,a881755f-6915-48e9-a3c8-6986f2e61bf1,Horse,Horse,{},guardians_revised_horse
d22ead1c-46ba-44dc-929c-bedac1fbc1b1,third-party-document,0,0,"{""obverse"": ""guardians_revised_ice-elemental"", ""reverse"": ""guardians_card-back""}","{""name_printed"": ""Ice Elemental"", ""rarity"": ""Common-1"", ""type"": ""Elemental"", ""item_dimensions"": ""{\u0022height\u0022: \u00223.5\u0022, \u0022width\u0022: \u00222.5\u0022, \u0022unit\u0022: \u0022inch\u0022}""}",d25eb25b-dfa0-4ef0-ad1e-d9396730114e,a881755f-6915-48e9-a3c8-6986f2e61bf1,Ice Elemental,Ice Elemental,{},guardians_revised_ice-elemental
8f070bab-d563-4398-a0a8-c1aa38835e7c,third-party-document,0,0,"{""obverse"": ""guardians_revised_ice-ogre"", ""reverse"": ""guardians_card-back""}","{""name_printed"": ""Ice Ogre"", ""rarity"": ""Common-1"", ""type"": ""Mortal"", ""item_dimensions"": ""{\u0022height\u0022: \u00223.5\u0022, \u0022width\u0022: \u00222.5\u0022, \u0022unit\u0022: \u0022inch\u0022}""}",d25eb25b-dfa0-4ef0-ad1e-d9396730114e,a881755f-6915-48e9-a3c8-6986f2e61bf1,Ice Ogre,Ice Ogre,{},guardians_revised_ice-ogre
91228dff-df00-4091-9be6-c91ab327287e,third-party-document,0,0,"{""obverse"": ""guardians_revised_ice-spirit"", ""reverse"": ""guardians_card-back""}","{""name_printed"": ""Ice Spirit"", ""rarity"": ""Common-1"", ""type"": ""Elemental"", ""item_dimensions"": ""{\u0022height\u0022: \u00223.5\u0022, \u0022width\u0022: \u00222.5\u0022, \u0022unit\u0022: \u0022inch\u0022}""}",d25eb25b-dfa0-4ef0-ad1e-d9396730114e,a881755f-6915-48e9-a3c8-6986f2e61bf1,Ice Spirit,Ice Spirit,{},guardians_revised_ice-spirit
518125ad-43a7-4e99-bcf4-ae76ae8f5bf8,third-party-document,0,0,"{""obverse"": ""guardians_revised_ice-storm"", ""reverse"": ""guardians_card-back""}","{""name_printed"": ""Ice Storm"", ""rarity"": ""Common-1"", ""type"": ""Spell"", ""item_dimensions"": ""{\u0022height\u0022: \u00223.5\u0022, \u0022width\u0022: \u00222.5\u0022, \u0022unit\u0022: \u0022inch\u0022}""}",d25eb25b-dfa0-4ef0-ad1e-d9396730114e,a881755f-6915-48e9-a3c8-6986f2e61bf1,Ice Storm,Ice Storm,{},guardians_revised_ice-storm
debb0dfe-709b-48b7-8f4b-6a3ba0f8ded3,third-party-document,0,0,"{""obverse"": ""guardians_revised_iron-crag-baggler"", ""reverse"": ""guardians_card-back""}","{""name_printed"": ""Iron Crag Baggler"", ""rarity"": ""Common-1"", ""type"": ""External"", ""item_dimensions"": ""{\u0022height\u0022: \u00223.5\u0022, \u0022width\u0022: \u00222.5\u0022, \u0022unit\u0022: \u0022inch\u0022}""}",d25eb25b-dfa0-4ef0-ad1e-d9396730114e,a881755f-6915-48e9-a3c8-6986f2e61bf1,Iron Crag Baggler,Iron Crag Baggler,{},guardians_revised_iron-crag-baggler
b29c0936-8f88-4576-93c7-1e6479fd2ad1,third-party-document,0,0,"{""obverse"": ""guardians_revised_iron-crag-boggler"", ""reverse"": ""guardians_card-back""}","{""name_printed"": ""Iron Crag Boggler"", ""rarity"": ""Common-1"", ""type"": ""External"", ""item_dimensions"": ""{\u0022height\u0022: \u00223.5\u0022, \u0022width\u0022: \u00222.5\u0022, \u0022unit\u0022: \u0022inch\u0022}""}",d25eb25b-dfa0-4ef0-ad1e-d9396730114e,a881755f-6915-48e9-a3c8-6986f2e61bf1,Iron Crag Boggler,Iron Crag Boggler,{},guardians_revised_iron-crag-boggler
e74786d7-c98f-495d-b5b5-839bee64a847,third-party-document,0,0,"{""obverse"": ""guardians_revised_iron-crag-buggler"", ""reverse"": ""guardians_card-back""}","{""name_printed"": ""Iron Crag Buggler"", ""rarity"": ""Common-1"", ""type"": ""External"", ""item_dimensions"": ""{\u0022height\u0022: \u00223.5\u0022, \u0022width\u0022: \u00222.5\u0022, \u0022unit\u0022: \u0022inch\u0022}""}",d25eb25b-dfa0-4ef0-ad1e-d9396730114e,a881755f-6915-48e9-a3c8-6986f2e61bf1,Iron Crag Buggler,Iron Crag Buggler,{},guardians_revised_iron-crag-buggler
058af618-4e61-4dbc-b518-662dba73137b,third-party-document,0,0,"{""obverse"": ""guardians_revised_jibber"", ""reverse"": ""guardians_card-back""}","{""name_printed"": ""Jibber"", ""rarity"": ""Common-1"", ""type"": ""Mortal"", ""item_dimensions"": ""{\u0022height\u0022: \u00223.5\u0022, \u0022width\u0022: \u00222.5\u0022, \u0022unit\u0022: \u0022inch\u0022}""}",d25eb25b-dfa0-4ef0-ad1e-d9396730114e,a881755f-6915-48e9-a3c8-6986f2e61bf1,Jibber,Jibber,{},guardians_revised_jibber
c8335a35-7318-4b30-ad65-ed42dc7a1726,third-party-document,0,0,"{""obverse"": ""guardians_revised_leprechaun"", ""reverse"": ""guardians_card-back""}","{""name_printed"": ""Leprechaun"", ""rarity"": ""Common-1"", ""type"": ""External"", ""item_dimensions"": ""{\u0022height\u0022: \u00223.5\u0022, \u0022width\u0022: \u00222.5\u0022, \u0022unit\u0022: \u0022inch\u0022}""}",d25eb25b-dfa0-4ef0-ad1e-d9396730114e,a881755f-6915-48e9-a3c8-6986f2e61bf1,Leprechaun,Leprechaun,{},guardians_revised_leprechaun
79b8cce4-7e55-49f2-8a9c-055d3c0a90c6,third-party-document,0,0,"{""obverse"": ""guardians_revised_magma-elemental"", ""reverse"": ""guardians_card-back""}","{""name_printed"": ""Magma Elemental"", ""rarity"": ""Common-1"", ""type"": ""Elemental"", ""item_dimensions"": ""{\u0022height\u0022: \u00223.5\u0022, \u0022width\u0022: \u00222.5\u0022, \u0022unit\u0022: \u0022inch\u0022}""}",d25eb25b-dfa0-4ef0-ad1e-d9396730114e,a881755f-6915-48e9-a3c8-6986f2e61bf1,Magma Elemental,Magma Elemental,{},guardians_revised_magma-elemental
309831e5-c3db-47cc-a832-30f694164954,third-party-document,0,0,"{""obverse"": ""guardians_revised_male-pixie"", ""reverse"": ""guardians_card-back""}","{""name_printed"": ""Male Pixie"", ""rarity"": ""Common-1"", ""type"": ""External"", ""item_dimensions"": ""{\u0022height\u0022: \u00223.5\u0022, \u0022width\u0022: \u00222.5\u0022, \u0022unit\u0022: \u0022inch\u0022}""}",d25eb25b-dfa0-4ef0-ad1e-d9396730114e,a881755f-6915-48e9-a3c8-6986f2e61bf1,Male Pixie,Male Pixie,{},guardians_revised_male-pixie
cb68b998-2098-458f-9979-df533464fc59,third-party-document,0,0,"{""obverse"": ""guardians_revised_minataur"", ""reverse"": ""guardians_card-back""}","{""name_printed"": ""Minataur"", ""rarity"": ""Common-1"", ""type"": ""External"", ""item_dimensions"": ""{\u0022height\u0022: \u00223.5\u0022, \u0022width\u0022: \u00222.5\u0022, \u0022unit\u0022: \u0022inch\u0022}""}",d25eb25b-dfa0-4ef0-ad1e-d9396730114e,a881755f-6915-48e9-a3c8-6986f2e61bf1,Minataur,Minataur,{},guardians_revised_minataur
79a41cc9-902f-4464-873b-693328aa712b,third-party-document,0,0,"{""obverse"": ""guardians_revised_mud-elemental"", ""reverse"": ""guardians_card-back""}","{""name_printed"": ""Mud Elemental"", ""rarity"": ""Common-1"", ""type"": ""Elemental"", ""item_dimensions"": ""{\u0022height\u0022: \u00223.5\u0022, \u0022width\u0022: \u00222.5\u0022, \u0022unit\u0022: \u0022inch\u0022}""}",d25eb25b-dfa0-4ef0-ad1e-d9396730114e,a881755f-6915-48e9-a3c8-6986f2e61bf1,Mud Elemental,Mud Elemental,{},guardians_revised_mud-elemental
06c3d06f-2a4a-4f67-b850-7274fb23d471,third-party-document,0,0,"{""obverse"": ""guardians_revised_mule"", ""reverse"": ""guardians_card-back""}","{""name_printed"": ""Mule"", ""rarity"": ""Common-1"", ""type"": ""Mortal"", ""item_dimensions"": ""{\u0022height\u0022: \u00223.5\u0022, \u0022width\u0022: \u00222.5\u0022, \u0022unit\u0022: \u0022inch\u0022}""}",d25eb25b-dfa0-4ef0-ad1e-d9396730114e,a881755f-6915-48e9-a3c8-6986f2e61bf1,Mule,Mule,{},guardians_revised_mule
c827a262-4cb9-4c85-921d-5890406a8b69,third-party-document,0,0,"{""obverse"": ""guardians_revised_old-mold"", ""reverse"": ""guardians_card-back""}","{""name_printed"": ""Old Mold"", ""rarity"": ""Common-1"", ""type"": ""External"", ""item_dimensions"": ""{\u0022height\u0022: \u00223.5\u0022, \u0022width\u0022: \u00222.5\u0022, \u0022unit\u0022: \u0022inch\u0022}""}",d25eb25b-dfa0-4ef0-ad1e-d9396730114e,a881755f-6915-48e9-a3c8-6986f2e61bf1,Old Mold,Old Mold,{},guardians_revised_old-mold
c64a1f8c-bea6-4ad2-88a1-fae69f508b92,third-party-document,0,0,"{""obverse"": ""guardians_revised_pesky-varmit"", ""reverse"": ""guardians_card-back""}","{""name_printed"": ""Pesky Varmit"", ""rarity"": ""Common-1"", ""type"": ""Mortal"", ""item_dimensions"": ""{\u0022height\u0022: \u00223.5\u0022, \u0022width\u0022: \u00222.5\u0022, \u0022unit\u0022: \u0022inch\u0022}""}",d25eb25b-dfa0-4ef0-ad1e-d9396730114e,a881755f-6915-48e9-a3c8-6986f2e61bf1,Pesky Varmit,Pesky Varmit,{},guardians_revised_pesky-varmit
f5601328-057c-44ac-9cae-c0102a571886,third-party-document,0,0,"{""obverse"": ""guardians_revised_primordial-goo"", ""reverse"": ""guardians_card-back""}","{""name_printed"": ""Primordial Goo"", ""rarity"": ""Common-1"", ""type"": ""Elemental"", ""item_dimensions"": ""{\u0022height\u0022: \u00223.5\u0022, \u0022width\u0022: \u00222.5\u0022, \u0022unit\u0022: \u0022inch\u0022}""}",d25eb25b-dfa0-4ef0-ad1e-d9396730114e,a881755f-6915-48e9-a3c8-6986f2e61bf1,Primordial Goo,Primordial Goo,{},guardians_revised_primordial-goo
35d3b475-f8aa-4b47-9c83-484f30e87253,third-party-document,0,0,"{""obverse"": ""guardians_revised_rock-giant"", ""reverse"": ""guardians_card-back""}","{""name_printed"": ""Rock Giant"", ""rarity"": ""Common-1"", ""type"": ""Mortal"", ""item_dimensions"": ""{\u0022height\u0022: \u00223.5\u0022, \u0022width\u0022: \u00222.5\u0022, \u0022unit\u0022: \u0022inch\u0022}""}",d25eb25b-dfa0-4ef0-ad1e-d9396730114e,a881755f-6915-48e9-a3c8-6986f2e61bf1,Rock Giant,Rock Giant,{},guardians_revised_rock-giant
97cc48cb-ebed-4c19-9813-e0e679770245,third-party-document,0,0,"{""obverse"": ""guardians_revised_rock-spirit"", ""reverse"": ""guardians_card-back""}","{""name_printed"": ""Rock Spirit"", ""rarity"": ""Common-1"", ""type"": ""Elemental"", ""item_dimensions"": ""{\u0022height\u0022: \u00223.5\u0022, \u0022width\u0022: \u00222.5\u0022, \u0022unit\u0022: \u0022inch\u0022}""}",d25eb25b-dfa0-4ef0-ad1e-d9396730114e,a881755f-6915-48e9-a3c8-6986f2e61bf1,Rock Spirit,Rock Spirit,{},guardians_revised_rock-spirit
0e04dd68-ebe0-4705-8a3c-7822b4a33e4b,third-party-document,0,0,"{""obverse"": ""guardians_revised_rocks-of-skull-cracking"", ""reverse"": ""guardians_card-back""}","{""name_printed"": ""Rocks of Skull Cracking"", ""rarity"": ""Common-1"", ""type"": ""Magic Item - Hand"", ""item_dimensions"": ""{\u0022height\u0022: \u00223.5\u0022, \u0022width\u0022: \u00222.5\u0022, \u0022unit\u0022: \u0022inch\u0022}""}",d25eb25b-dfa0-4ef0-ad1e-d9396730114e,a881755f-6915-48e9-a3c8-6986f2e61bf1,Rocks of Skull Cracking,Rocks of Skull Cracking,{},guardians_revised_rocks-of-skull-cracking
f6a31c4a-e385-431b-8cf8-e8064f3642ca,third-party-document,0,0,"{""obverse"": ""guardians_revised_rot-rat"", ""reverse"": ""guardians_card-back""}","{""name_printed"": ""Rot Rat"", ""rarity"": ""Common-1"", ""type"": ""External"", ""item_dimensions"": ""{\u0022height\u0022: \u00223.5\u0022, \u0022width\u0022: \u00222.5\u0022, \u0022unit\u0022: \u0022inch\u0022}""}",d25eb25b-dfa0-4ef0-ad1e-d9396730114e,a881755f-6915-48e9-a3c8-6986f2e61bf1,Rot Rat,Rot Rat,{},guardians_revised_rot-rat
39086696-1629-4144-9184-d491bbf9e127,third-party-document,0,0,"{""obverse"": ""guardians_revised_sand-lord"", ""reverse"": ""guardians_card-back""}","{""name_printed"": ""Sand Lord"", ""rarity"": ""Common-1"", ""type"": ""Elemental"", ""item_dimensions"": ""{\u0022height\u0022: \u00223.5\u0022, \u0022width\u0022: \u00222.5\u0022, \u0022unit\u0022: \u0022inch\u0022}""}",d25eb25b-dfa0-4ef0-ad1e-d9396730114e,a881755f-6915-48e9-a3c8-6986f2e61bf1,Sand Lord,Sand Lord,{},guardians_revised_sand-lord
57426c11-c47a-4eeb-9edc-b6a0f42f5643,third-party-document,0,0,"{""obverse"": ""guardians_revised_skeletal-minion"", ""reverse"": ""guardians_card-back""}","{""name_printed"": ""Skeletal Minion"", ""rarity"": ""Common-1"", ""type"": ""External"", ""item_dimensions"": ""{\u0022height\u0022: \u00223.5\u0022, \u0022width\u0022: \u00222.5\u0022, \u0022unit\u0022: \u0022inch\u0022}""}",d25eb25b-dfa0-4ef0-ad1e-d9396730114e,a881755f-6915-48e9-a3c8-6986f2e61bf1,Skeletal Minion,Skeletal Minion,{},guardians_revised_skeletal-minion
55e98ecf-fca3-489d-8e79-0c91d3ac2a33,third-party-document,0,0,"{""obverse"": ""guardians_revised_sleeping-spirit"", ""reverse"": ""guardians_card-back""}","{""name_printed"": ""Sleeping Spirit"", ""rarity"": ""Common-1"", ""type"": ""Elemental"", ""item_dimensions"": ""{\u0022height\u0022: \u00223.5\u0022, \u0022width\u0022: \u00222.5\u0022, \u0022unit\u0022: \u0022inch\u0022}""}",d25eb25b-dfa0-4ef0-ad1e-d9396730114e,a881755f-6915-48e9-a3c8-6986f2e61bf1,Sleeping Spirit,Sleeping Spirit,{},guardians_revised_sleeping-spirit
c6be7944-0d27-4ebc-8062-44ede1284e11,third-party-document,0,0,"{""obverse"": ""guardians_revised_snogwart"", ""reverse"": ""guardians_card-back""}","{""name_printed"": ""Snogwart"", ""rarity"": ""Common-1"", ""type"": ""Mortal"", ""item_dimensions"": ""{\u0022height\u0022: \u00223.5\u0022, \u0022width\u0022: \u00222.5\u0022, \u0022unit\u0022: \u0022inch\u0022}""}",d25eb25b-dfa0-4ef0-ad1e-d9396730114e,a881755f-6915-48e9-a3c8-6986f2e61bf1,Snogwart,Snogwart,{},guardians_revised_snogwart
52e46e05-0e3b-4799-8df5-5181f34ed45d,third-party-document,0,0,"{""obverse"": ""guardians_revised_snow-daughters"", ""reverse"": ""guardians_card-back""}","{""name_printed"": ""Snow Daughters"", ""rarity"": ""Common-1"", ""type"": ""Elemental"", ""item_dimensions"": ""{\u0022height\u0022: \u00223.5\u0022, \u0022width\u0022: \u00222.5\u0022, \u0022unit\u0022: \u0022inch\u0022}""}",d25eb25b-dfa0-4ef0-ad1e-d9396730114e,a881755f-6915-48e9-a3c8-6986f2e61bf1,Snow Daughters,Snow Daughters,{},guardians_revised_snow-daughters
eb09f1b2-9f47-4c10-a81a-68d0e41f45bf,third-party-document,0,0,"{""obverse"": ""guardians_revised_speckled-clamjack"", ""reverse"": ""guardians_card-back""}","{""name_printed"": ""Speckled Clamjack"", ""rarity"": ""Common-1"", ""type"": ""Mortal"", ""item_dimensions"": ""{\u0022height\u0022: \u00223.5\u0022, \u0022width\u0022: \u00222.5\u0022, \u0022unit\u0022: \u0022inch\u0022}""}",d25eb25b-dfa0-4ef0-ad1e-d9396730114e,a881755f-6915-48e9-a3c8-6986f2e61bf1,Speckled Clamjack,Speckled Clamjack,{},guardians_revised_speckled-clamjack
fad07bf9-d634-42de-81e4-b0d2d92737b0,third-party-document,0,0,"{""obverse"": ""guardians_revised_st--ballantine's-evocation"", ""reverse"": ""guardians_card-back""}","{""name_printed"": ""St. Ballantine's Evocation"", ""rarity"": ""Common-1"", ""type"": ""Spell"", ""item_dimensions"": ""{\u0022height\u0022: \u00223.5\u0022, \u0022width\u0022: \u00222.5\u0022, \u0022unit\u0022: \u0022inch\u0022}""}",d25eb25b-dfa0-4ef0-ad1e-d9396730114e,a881755f-6915-48e9-a3c8-6986f2e61bf1,St. Ballantine's Evocation,St. Ballantine's Evocation,{},guardians_revised_st--ballantine's-evocation
b2f5cb70-524f-4be7-9a07-b42a28938c24,third-party-document,0,0,"{""obverse"": ""guardians_revised_summon-gravity-well"", ""reverse"": ""guardians_card-back""}","{""name_printed"": ""Summon Gravity Well"", ""rarity"": ""Common-1"", ""type"": ""Spell"", ""item_dimensions"": ""{\u0022height\u0022: \u00223.5\u0022, \u0022width\u0022: \u00222.5\u0022, \u0022unit\u0022: \u0022inch\u0022}""}",d25eb25b-dfa0-4ef0-ad1e-d9396730114e,a881755f-6915-48e9-a3c8-6986f2e61bf1,Summon Gravity Well,Summon Gravity Well,{},guardians_revised_summon-gravity-well
eb97767a-29a6-4da7-a953-fa10e018a869,third-party-document,0,0,"{""obverse"": ""guardians_revised_thackle"", ""reverse"": ""guardians_card-back""}","{""name_printed"": ""Thackle"", ""rarity"": ""Common-1"", ""type"": ""Mortal"", ""item_dimensions"": ""{\u0022height\u0022: \u00223.5\u0022, \u0022width\u0022: \u00222.5\u0022, \u0022unit\u0022: \u0022inch\u0022}""}",d25eb25b-dfa0-4ef0-ad1e-d9396730114e,a881755f-6915-48e9-a3c8-6986f2e61bf1,Thackle,Thackle,{},guardians_revised_thackle
9f00f5a4-7ac3-47ce-b441-d036ccb9913e,third-party-document,0,0,"{""obverse"": ""guardians_revised_tiny-flying-fungus"", ""reverse"": ""guardians_card-back""}","{""name_printed"": ""Tiny Flying Fungus"", ""rarity"": ""Common-1"", ""type"": ""External"", ""item_dimensions"": ""{\u0022height\u0022: \u00223.5\u0022, \u0022width\u0022: \u00222.5\u0022, \u0022unit\u0022: \u0022inch\u0022}""}",d25eb25b-dfa0-4ef0-ad1e-d9396730114e,a881755f-6915-48e9-a3c8-6986f2e61bf1,Tiny Flying Fungus,Tiny Flying Fungus,{},guardians_revised_tiny-flying-fungus
23fe91d0-7819-43c7-8649-cd3cbde2da2a,third-party-document,0,0,"{""obverse"": ""guardians_revised_vampire"", ""reverse"": ""guardians_card-back""}","{""name_printed"": ""Vampire"", ""rarity"": ""Common-1"", ""type"": ""External"", ""item_dimensions"": ""{\u0022height\u0022: \u00223.5\u0022, \u0022width\u0022: \u00222.5\u0022, \u0022unit\u0022: \u0022inch\u0022}""}",d25eb25b-dfa0-4ef0-ad1e-d9396730114e,a881755f-6915-48e9-a3c8-6986f2e61bf1,Vampire,Vampire,{},guardians_revised_vampire
a974df0c-6984-4732-ab09-658f8123172e,third-party-document,0,0,"{""obverse"": ""guardians_revised_vampire-hunters"", ""reverse"": ""guardians_card-back""}","{""name_printed"": ""Vampire Hunters"", ""rarity"": ""Common-1"", ""type"": ""Mortal"", ""item_dimensions"": ""{\u0022height\u0022: \u00223.5\u0022, \u0022width\u0022: \u00222.5\u0022, \u0022unit\u0022: \u0022inch\u0022}""}",d25eb25b-dfa0-4ef0-ad1e-d9396730114e,a881755f-6915-48e9-a3c8-6986f2e61bf1,Vampire Hunters,Vampire Hunters,{},guardians_revised_vampire-hunters
8eab0cd7-a136-433a-aa8b-6a1c9d02f5c3,third-party-document,0,0,"{""obverse"": ""guardians_revised_varmit-archer"", ""reverse"": ""guardians_card-back""}","{""name_printed"": ""Varmit Archer"", ""rarity"": ""Common-1"", ""type"": ""Mortal"", ""item_dimensions"": ""{\u0022height\u0022: \u00223.5\u0022, \u0022width\u0022: \u00222.5\u0022, \u0022unit\u0022: \u0022inch\u0022}""}",d25eb25b-dfa0-4ef0-ad1e-d9396730114e,a881755f-6915-48e9-a3c8-6986f2e61bf1,Varmit Archer,Varmit Archer,{},guardians_revised_varmit-archer
a7506191-0071-41a8-8768-07a6d37a7db1,third-party-document,0,0,"{""obverse"": ""guardians_revised_water-spout"", ""reverse"": ""guardians_card-back""}","{""name_printed"": ""Water Spout"", ""rarity"": ""Common-1"", ""type"": ""Elemental"", ""item_dimensions"": ""{\u0022height\u0022: \u00223.5\u0022, \u0022width\u0022: \u00222.5\u0022, \u0022unit\u0022: \u0022inch\u0022}""}",d25eb25b-dfa0-4ef0-ad1e-d9396730114e,a881755f-6915-48e9-a3c8-6986f2e61bf1,Water Spout,Water Spout,{},guardians_revised_water-spout
5a0b77d3-cec1-4709-81be-fad0c16e7440,third-party-document,0,0,"{""obverse"": ""guardians_revised_whispering-spirits"", ""reverse"": ""guardians_card-back""}","{""name_printed"": ""Whispering Spirits"", ""rarity"": ""Common-1"", ""type"": ""Elemental"", ""item_dimensions"": ""{\u0022height\u0022: \u00223.5\u0022, \u0022width\u0022: \u00222.5\u0022, \u0022unit\u0022: \u0022inch\u0022}""}",d25eb25b-dfa0-4ef0-ad1e-d9396730114e,a881755f-6915-48e9-a3c8-6986f2e61bf1,Whispering Spirits,Whispering Spirits,{},guardians_revised_whispering-spirits
be136e64-94eb-4889-84fc-b9d88e87ad39,third-party-document,0,0,"{""obverse"": ""guardians_revised_wild-nymph"", ""reverse"": ""guardians_card-back""}","{""name_printed"": ""Wild Nymph"", ""rarity"": ""Common-1"", ""type"": ""External"", ""item_dimensions"": ""{\u0022height\u0022: \u00223.5\u0022, \u0022width\u0022: \u00222.5\u0022, \u0022unit\u0022: \u0022inch\u0022}""}",d25eb25b-dfa0-4ef0-ad1e-d9396730114e,a881755f-6915-48e9-a3c8-6986f2e61bf1,Wild Nymph,Wild Nymph,{},guardians_revised_wild-nymph
4d066ec1-4e4d-447e-afe3-4d3843e157bd,third-party-document,0,0,"{""obverse"": ""guardians_revised_wind-spirit"", ""reverse"": ""guardians_card-back""}","{""name_printed"": ""Wind Spirit"", ""rarity"": ""Common-1"", ""type"": ""Elemental"", ""item_dimensions"": ""{\u0022height\u0022: \u00223.5\u0022, \u0022width\u0022: \u00222.5\u0022, \u0022unit\u0022: \u0022inch\u0022}""}",d25eb25b-dfa0-4ef0-ad1e-d9396730114e,a881755f-6915-48e9-a3c8-6986f2e61bf1,Wind Spirit,Wind Spirit,{},guardians_revised_wind-spirit
77f43e78-11b9-4058-a17c-af895b3bfe55,third-party-document,0,0,"{""obverse"": ""guardians_revised_wood-nymph"", ""reverse"": ""guardians_card-back""}","{""name_printed"": ""Wood Nymph"", ""rarity"": ""Common-1"", ""type"": ""External"", ""item_dimensions"": ""{\u0022height\u0022: \u00223.5\u0022, \u0022width\u0022: \u00222.5\u0022, \u0022unit\u0022: \u0022inch\u0022}""}",d25eb25b-dfa0-4ef0-ad1e-d9396730114e,a881755f-6915-48e9-a3c8-6986f2e61bf1,Wood Nymph,Wood Nymph,{},guardians_revised_wood-nymph
91a2c49e-675c-478d-9fad-9c9fe5a89e32,third-party-document,0,0,"{""obverse"": ""guardians_revised_wood-spirit"", ""reverse"": ""guardians_card-back""}","{""name_printed"": ""Wood Spirit"", ""rarity"": ""Common-1"", ""type"": ""Elemental"", ""item_dimensions"": ""{\u0022height\u0022: \u00223.5\u0022, \u0022width\u0022: \u00222.5\u0022, \u0022unit\u0022: \u0022inch\u0022}""}",d25eb25b-dfa0-4ef0-ad1e-d9396730114e,a881755f-6915-48e9-a3c8-6986f2e61bf1,Wood Spirit,Wood Spirit,{},guardians_revised_wood-spirit
2f7ff3e3-9448-456b-8dc9-c830730e9a30,third-party-document,0,0,"{""obverse"": ""guardians_revised_babes"", ""reverse"": ""guardians_card-back""}","{""name_printed"": ""Babes"", ""rarity"": ""Common-2"", ""type"": ""Bribery"", ""item_dimensions"": ""{\u0022height\u0022: \u00223.5\u0022, \u0022width\u0022: \u00222.5\u0022, \u0022unit\u0022: \u0022inch\u0022}""}",d25eb25b-dfa0-4ef0-ad1e-d9396730114e,a881755f-6915-48e9-a3c8-6986f2e61bf1,Babes,Babes,{},guardians_revised_babes
c6195ad5-cfb6-435c-91b4-319ce706b6de,third-party-document,0,0,"{""obverse"": ""guardians_revised_beer"", ""reverse"": ""guardians_card-back""}","{""name_printed"": ""Beer"", ""rarity"": ""Common-2"", ""type"": ""Bribery"", ""item_dimensions"": ""{\u0022height\u0022: \u00223.5\u0022, \u0022width\u0022: \u00222.5\u0022, \u0022unit\u0022: \u0022inch\u0022}""}",d25eb25b-dfa0-4ef0-ad1e-d9396730114e,a881755f-6915-48e9-a3c8-6986f2e61bf1,Beer,Beer,{},guardians_revised_beer
799d1188-63d1-48de-b621-f6a8bed34e6e,third-party-document,0,0,"{""obverse"": ""guardians_revised_burrowing-barg"", ""reverse"": ""guardians_card-back""}","{""name_printed"": ""Burrowing Barg"", ""rarity"": ""Common-2"", ""type"": ""External"", ""item_dimensions"": ""{\u0022height\u0022: \u00223.5\u0022, \u0022width\u0022: \u00222.5\u0022, \u0022unit\u0022: \u0022inch\u0022}""}",d25eb25b-dfa0-4ef0-ad1e-d9396730114e,a881755f-6915-48e9-a3c8-6986f2e61bf1,Burrowing Barg,Burrowing Barg,{},guardians_revised_burrowing-barg
40c35e90-2a1b-4fa5-a4b5-b68166c4fc11,third-party-document,0,0,"{""obverse"": ""guardians_revised_dispel-magic"", ""reverse"": ""guardians_card-back""}","{""name_printed"": ""Dispel Magic"", ""rarity"": ""Common-2"", ""type"": ""Spell"", ""item_dimensions"": ""{\u0022height\u0022: \u00223.5\u0022, \u0022width\u0022: \u00222.5\u0022, \u0022unit\u0022: \u0022inch\u0022}""}",d25eb25b-dfa0-4ef0-ad1e-d9396730114e,a881755f-6915-48e9-a3c8-6986f2e61bf1,Dispel Magic,Dispel Magic,{},guardians_revised_dispel-magic
c1395000-05a2-407b-9307-b2dc6a338248,third-party-document,0,0,"{""obverse"": ""guardians_revised_gold"", ""reverse"": ""guardians_card-back""}","{""name_printed"": ""Gold"", ""rarity"": ""Common-2"", ""type"": ""Bribery"", ""item_dimensions"": ""{\u0022height\u0022: \u00223.5\u0022, \u0022width\u0022: \u00222.5\u0022, \u0022unit\u0022: \u0022inch\u0022}""}",d25eb25b-dfa0-4ef0-ad1e-d9396730114e,a881755f-6915-48e9-a3c8-6986f2e61bf1,Gold,Gold,{},guardians_revised_gold
c54c9ff3-3143-4b79-88aa-a74dcfb8199b,third-party-document,0,0,"{""obverse"": ""guardians_revised_make-juice"", ""reverse"": ""guardians_card-back""}","{""name_printed"": ""Make Juice"", ""rarity"": ""Common-2"", ""type"": ""Spell"", ""item_dimensions"": ""{\u0022height\u0022: \u00223.5\u0022, \u0022width\u0022: \u00222.5\u0022, \u0022unit\u0022: \u0022inch\u0022}""}",d25eb25b-dfa0-4ef0-ad1e-d9396730114e,a881755f-6915-48e9-a3c8-6986f2e61bf1,Make Juice,Make Juice,{},guardians_revised_make-juice
4b28a480-282f-48d2-a6be-ea7d2ffd68e8,third-party-document,0,0,"{""obverse"": ""guardians_revised_power-lunch"", ""reverse"": ""guardians_card-back""}","{""name_printed"": ""Power Lunch"", ""rarity"": ""Common-2"", ""type"": ""Spell"", ""item_dimensions"": ""{\u0022height\u0022: \u00223.5\u0022, \u0022width\u0022: \u00222.5\u0022, \u0022unit\u0022: \u0022inch\u0022}""}",d25eb25b-dfa0-4ef0-ad1e-d9396730114e,a881755f-6915-48e9-a3c8-6986f2e61bf1,Power Lunch,Power Lunch,{},guardians_revised_power-lunch
eeac4a7a-4605-4d9c-b30d-df9a029b9e52,third-party-document,0,0,"{""obverse"": ""guardians_revised_rooster"", ""reverse"": ""guardians_card-back""}","{""name_printed"": ""Rooster"", ""rarity"": ""Common-2"", ""type"": ""Magic Item - Hand"", ""item_dimensions"": ""{\u0022height\u0022: \u00223.5\u0022, \u0022width\u0022: \u00222.5\u0022, \u0022unit\u0022: \u0022inch\u0022}""}",d25eb25b-dfa0-4ef0-ad1e-d9396730114e,a881755f-6915-48e9-a3c8-6986f2e61bf1,Rooster,Rooster,{},guardians_revised_rooster
ad3801e2-fc06-48e4-92d1-9d311399944b,third-party-document,0,0,"{""obverse"": ""guardians_revised_seer"", ""reverse"": ""guardians_card-back""}","{""name_printed"": ""Seer"", ""rarity"": ""Common-2"", ""type"": ""Mortal"", ""item_dimensions"": ""{\u0022height\u0022: \u00223.5\u0022, \u0022width\u0022: \u00222.5\u0022, \u0022unit\u0022: \u0022inch\u0022}""}",d25eb25b-dfa0-4ef0-ad1e-d9396730114e,a881755f-6915-48e9-a3c8-6986f2e61bf1,Seer,Seer,{},guardians_revised_seer
269a8a7e-611a-4a9e-9da9-ec5fe30a95dd,third-party-document,0,0,"{""obverse"": ""guardians_revised_sun-spirit"", ""reverse"": ""guardians_card-back""}","{""name_printed"": ""Sun Spirit"", ""rarity"": ""Common-2"", ""type"": ""Elemental"", ""item_dimensions"": ""{\u0022height\u0022: \u00223.5\u0022, \u0022width\u0022: \u00222.5\u0022, \u0022unit\u0022: \u0022inch\u0022}""}",d25eb25b-dfa0-4ef0-ad1e-d9396730114e,a881755f-6915-48e9-a3c8-6986f2e61bf1,Sun Spirit,Sun Spirit,{},guardians_revised_sun-spirit
28ced095-b6c8-4159-bc9e-7e2776bd5ff8,third-party-document,0,0,"{""obverse"": ""guardians_revised_swordsman"", ""reverse"": ""guardians_card-back""}","{""name_printed"": ""Swordsman"", ""rarity"": ""Common-2"", ""type"": ""Mortal"", ""item_dimensions"": ""{\u0022height\u0022: \u00223.5\u0022, \u0022width\u0022: \u00222.5\u0022, \u0022unit\u0022: \u0022inch\u0022}""}",d25eb25b-dfa0-4ef0-ad1e-d9396730114e,a881755f-6915-48e9-a3c8-6986f2e61bf1,Swordsman,Swordsman,{},guardians_revised_swordsman
e302b8d3-e162-4c80-97d4-9741aa79a42e,third-party-document,0,0,"{""obverse"": ""guardians_revised_visionary"", ""reverse"": ""guardians_card-back""}","{""name_printed"": ""Visionary"", ""rarity"": ""Common-2"", ""type"": ""Mortal"", ""item_dimensions"": ""{\u0022height\u0022: \u00223.5\u0022, \u0022width\u0022: \u00222.5\u0022, \u0022unit\u0022: \u0022inch\u0022}""}",d25eb25b-dfa0-4ef0-ad1e-d9396730114e,a881755f-6915-48e9-a3c8-6986f2e61bf1,Visionary,Visionary,{},guardians_revised_visionary
bebc19d6-1a42-4da5-a2b1-abd7866596f1,third-party-document,0,0,"{""obverse"": ""guardians_revised_water-nymph"", ""reverse"": ""guardians_card-back""}","{""name_printed"": ""Water Nymph"", ""rarity"": ""Common-2"", ""type"": ""External"", ""item_dimensions"": ""{\u0022height\u0022: \u00223.5\u0022, \u0022width\u0022: \u00222.5\u0022, \u0022unit\u0022: \u0022inch\u0022}""}",d25eb25b-dfa0-4ef0-ad1e-d9396730114e,a881755f-6915-48e9-a3c8-6986f2e61bf1,Water Nymph,Water Nymph,{},guardians_revised_water-nymph
038c87f8-7225-4355-bf4b-daa620f70489,third-party-document,0,0,"{""obverse"": ""guardians_revised_mountains"", ""reverse"": ""guardians_card-back""}","{""name_printed"": ""Mountains"", ""rarity"": ""Common-Sp"", ""type"": ""Terrain"", ""item_dimensions"": ""{\u0022height\u0022: \u00223.5\u0022, \u0022width\u0022: \u00222.5\u0022, \u0022unit\u0022: \u0022inch\u0022}""}",d25eb25b-dfa0-4ef0-ad1e-d9396730114e,a881755f-6915-48e9-a3c8-6986f2e61bf1,Mountains,Mountains,{},guardians_revised_mountains
73950407-4512-47bd-bb3c-6e782a0a8c66,third-party-document,0,0,"{""obverse"": ""guardians_revised_rivers-and-lakes"", ""reverse"": ""guardians_card-back""}","{""name_printed"": ""Rivers and Lakes"", ""rarity"": ""Common-Sp"", ""type"": ""Terrain"", ""item_dimensions"": ""{\u0022height\u0022: \u00223.5\u0022, \u0022width\u0022: \u00222.5\u0022, \u0022unit\u0022: \u0022inch\u0022}""}",d25eb25b-dfa0-4ef0-ad1e-d9396730114e,a881755f-6915-48e9-a3c8-6986f2e61bf1,Rivers and Lakes,Rivers and Lakes,{},guardians_revised_rivers-and-lakes
bfe88fcb-2c77-4023-9f84-3c2bd6843619,third-party-document,0,0,"{""obverse"": ""guardians_revised_spires"", ""reverse"": ""guardians_card-back""}","{""name_printed"": ""Spires"", ""rarity"": ""Common-Sp"", ""type"": ""Terrain"", ""item_dimensions"": ""{\u0022height\u0022: \u00223.5\u0022, \u0022width\u0022: \u00222.5\u0022, \u0022unit\u0022: \u0022inch\u0022}""}",d25eb25b-dfa0-4ef0-ad1e-d9396730114e,a881755f-6915-48e9-a3c8-6986f2e61bf1,Spires,Spires,{},guardians_revised_spires
d5de2b42-132c-482c-aad8-a883f8e75e5e,third-party-document,0,0,"{""obverse"": ""guardians_revised_swamp"", ""reverse"": ""guardians_card-back""}","{""name_printed"": ""Swamp"", ""rarity"": ""Common-Sp"", ""type"": ""Terrain"", ""item_dimensions"": ""{\u0022height\u0022: \u00223.5\u0022, \u0022width\u0022: \u00222.5\u0022, \u0022unit\u0022: \u0022inch\u0022}""}",d25eb25b-dfa0-4ef0-ad1e-d9396730114e,a881755f-6915-48e9-a3c8-6986f2e61bf1,Swamp,Swamp,{},guardians_revised_swamp
93d43e49-c7a0-4520-b614-5aacd9e9f9cc,third-party-document,0,0,"{""obverse"": ""guardians_revised_the-dry-heaps"", ""reverse"": ""guardians_card-back""}","{""name_printed"": ""The Dry Heaps"", ""rarity"": ""Common-Sp"", ""type"": ""Terrain"", ""item_dimensions"": ""{\u0022height\u0022: \u00223.5\u0022, \u0022width\u0022: \u00222.5\u0022, \u0022unit\u0022: \u0022inch\u0022}""}",d25eb25b-dfa0-4ef0-ad1e-d9396730114e,a881755f-6915-48e9-a3c8-6986f2e61bf1,The Dry Heaps,The Dry Heaps,{},guardians_revised_the-dry-heaps
bd9f54b4-33e7-48d7-887e-2d082acdea28,third-party-document,0,0,"{""obverse"": ""guardians_revised_woods"", ""reverse"": ""guardians_card-back""}","{""name_printed"": ""Woods"", ""rarity"": ""Common-Sp"", ""type"": ""Terrain"", ""item_dimensions"": ""{\u0022height\u0022: \u00223.5\u0022, \u0022width\u0022: \u00222.5\u0022, \u0022unit\u0022: \u0022inch\u0022}""}",d25eb25b-dfa0-4ef0-ad1e-d9396730114e,a881755f-6915-48e9-a3c8-6986f2e61bf1,Woods,Woods,{},guardians_revised_woods
3cfac45c-fad1-42aa-ba04-e14fe5da0836,third-party-document,0,0,"{""obverse"": ""guardians_revised_agent-of-shadow"", ""reverse"": ""guardians_card-back""}","{""name_printed"": ""Agent of Shadow"", ""rarity"": ""Rare-1"", ""type"": ""Mortal"", ""item_dimensions"": ""{\u0022height\u0022: \u00223.5\u0022, \u0022width\u0022: \u00222.5\u0022, \u0022unit\u0022: \u0022inch\u0022}""}",d25eb25b-dfa0-4ef0-ad1e-d9396730114e,a881755f-6915-48e9-a3c8-6986f2e61bf1,Agent of Shadow,Agent of Shadow,{},guardians_revised_agent-of-shadow
19543a5f-34f0-424a-9a5f-4711cd2f49f3,third-party-document,0,0,"{""obverse"": ""guardians_revised_archangel-magnus"", ""reverse"": ""guardians_card-back""}","{""name_printed"": ""Archangel Magnus"", ""rarity"": ""Rare-1"", ""type"": ""Elemental"", ""item_dimensions"": ""{\u0022height\u0022: \u00223.5\u0022, \u0022width\u0022: \u00222.5\u0022, \u0022unit\u0022: \u0022inch\u0022}""}",d25eb25b-dfa0-4ef0-ad1e-d9396730114e,a881755f-6915-48e9-a3c8-6986f2e61bf1,Archangel Magnus,Archangel Magnus,{},guardians_revised_archangel-magnus
c40f9fd8-ef27-4158-9dab-675c780021f2,third-party-document,0,0,"{""obverse"": ""guardians_revised_archangel-odessa"", ""reverse"": ""guardians_card-back""}","{""name_printed"": ""Archangel Odessa"", ""rarity"": ""Rare-1"", ""type"": ""Elemental"", ""item_dimensions"": ""{\u0022height\u0022: \u00223.5\u0022, \u0022width\u0022: \u00222.5\u0022, \u0022unit\u0022: \u0022inch\u0022}""}",d25eb25b-dfa0-4ef0-ad1e-d9396730114e,a881755f-6915-48e9-a3c8-6986f2e61bf1,Archangel Odessa,Archangel Odessa,{},guardians_revised_archangel-odessa
a4799588-d2b6-4920-ab12-4c0f900d2339,third-party-document,0,0,"{""obverse"": ""guardians_revised_bealzebub"", ""reverse"": ""guardians_card-back""}","{""name_printed"": ""Bealzebub"", ""rarity"": ""Rare-1"", ""type"": ""Elemental"", ""item_dimensions"": ""{\u0022height\u0022: \u00223.5\u0022, \u0022width\u0022: \u00222.5\u0022, \u0022unit\u0022: \u0022inch\u0022}""}",d25eb25b-dfa0-4ef0-ad1e-d9396730114e,a881755f-6915-48e9-a3c8-6986f2e61bf1,Bealzebub,Bealzebub,{},guardians_revised_bealzebub
98e40cdc-9d23-4f17-a10a-01fc76a9f7f6,third-party-document,0,0,"{""obverse"": ""guardians_revised_bruce-the-goose"", ""reverse"": ""guardians_card-back""}","{""name_printed"": ""Bruce the Goose"", ""rarity"": ""Rare-1"", ""type"": ""Mortal"", ""item_dimensions"": ""{\u0022height\u0022: \u00223.5\u0022, \u0022width\u0022: \u00222.5\u0022, \u0022unit\u0022: \u0022inch\u0022}""}",d25eb25b-dfa0-4ef0-ad1e-d9396730114e,a881755f-6915-48e9-a3c8-6986f2e61bf1,Bruce the Goose,Bruce the Goose,{},guardians_revised_bruce-the-goose
300e938d-c501-46f2-b8c0-2b2a8aa7d2e9,third-party-document,0,0,"{""obverse"": ""guardians_revised_dragon-wing-lord"", ""reverse"": ""guardians_card-back""}","{""name_printed"": ""Dragon Wing Lord"", ""rarity"": ""Rare-1"", ""type"": ""External"", ""item_dimensions"": ""{\u0022height\u0022: \u00223.5\u0022, \u0022width\u0022: \u00222.5\u0022, \u0022unit\u0022: \u0022inch\u0022}""}",d25eb25b-dfa0-4ef0-ad1e-d9396730114e,a881755f-6915-48e9-a3c8-6986f2e61bf1,Dragon Wing Lord,Dragon Wing Lord,{},guardians_revised_dragon-wing-lord
b007b6a3-b6e0-424e-88b4-4fd672b3d517,third-party-document,0,0,"{""obverse"": ""guardians_revised_flame-cannon"", ""reverse"": ""guardians_card-back""}","{""name_printed"": ""Flame Cannon"", ""rarity"": ""Rare-1"", ""type"": ""Stronghold Upgrade"", ""item_dimensions"": ""{\u0022height\u0022: \u00223.5\u0022, \u0022width\u0022: \u00222.5\u0022, \u0022unit\u0022: \u0022inch\u0022}""}",d25eb25b-dfa0-4ef0-ad1e-d9396730114e,a881755f-6915-48e9-a3c8-6986f2e61bf1,Flame Cannon,Flame Cannon,{},guardians_revised_flame-cannon
a17b0c52-c524-487e-a80a-232dde49fa57,third-party-document,0,0,"{""obverse"": ""guardians_revised_gaar---influencer-of-the-masses"", ""reverse"": ""guardians_card-back""}","{""name_printed"": ""Gaar - Influencer of the Masses"", ""rarity"": ""Rare-1"", ""type"": ""Guardian"", ""item_dimensions"": ""{\u0022height\u0022: \u00223.5\u0022, \u0022width\u0022: \u00222.5\u0022, \u0022unit\u0022: \u0022inch\u0022}""}",d25eb25b-dfa0-4ef0-ad1e-d9396730114e,a881755f-6915-48e9-a3c8-6986f2e61bf1,Gaar - Influencer of the Masses,Gaar - Influencer of the Masses,{},guardians_revised_gaar---influencer-of-the-masses
6144bbc2-968f-4a19-acce-8c68615a282d,third-party-document,0,0,"{""obverse"": ""guardians_revised_grand-avatar"", ""reverse"": ""guardians_card-back""}","{""name_printed"": ""Grand Avatar"", ""rarity"": ""Rare-1"", ""type"": ""Mortal"", ""item_dimensions"": ""{\u0022height\u0022: \u00223.5\u0022, \u0022width\u0022: \u00222.5\u0022, \u0022unit\u0022: \u0022inch\u0022}""}",d25eb25b-dfa0-4ef0-ad1e-d9396730114e,a881755f-6915-48e9-a3c8-6986f2e61bf1,Grand Avatar,Grand Avatar,{},guardians_revised_grand-avatar
19f2fe69-8c41-45e1-928e-8e8ca3cd8262,third-party-document,0,0,"{""obverse"": ""guardians_revised_grand-phooba-schnee"", ""reverse"": ""guardians_card-back""}","{""name_printed"": ""Grand Phooba Schnee"", ""rarity"": ""Rare-1"", ""type"": ""External"", ""item_dimensions"": ""{\u0022height\u0022: \u00223.5\u0022, \u0022width\u0022: \u00222.5\u0022, \u0022unit\u0022: \u0022inch\u0022}""}",d25eb25b-dfa0-4ef0-ad1e-d9396730114e,a881755f-6915-48e9-a3c8-6986f2e61bf1,Grand Phooba Schnee,Grand Phooba Schnee,{},guardians_revised_grand-phooba-schnee
248f5502-2bac-49df-9c8d-2ff866b43233,third-party-document,0,0,"{""obverse"": ""guardians_revised_greater-energy-elemental"", ""reverse"": ""guardians_card-back""}","{""name_printed"": ""Greater Energy Elemental"", ""rarity"": ""Rare-1"", ""type"": ""Elemental"", ""item_dimensions"": ""{\u0022height\u0022: \u00223.5\u0022, \u0022width\u0022: \u00222.5\u0022, \u0022unit\u0022: \u0022inch\u0022}""}",d25eb25b-dfa0-4ef0-ad1e-d9396730114e,a881755f-6915-48e9-a3c8-6986f2e61bf1,Greater Energy Elemental,Greater Energy Elemental,{},guardians_revised_greater-energy-elemental
974ccf4c-f697-4d55-bb4e-d3035472b09a,third-party-document,0,0,"{""obverse"": ""guardians_revised_humungus-fungus"", ""reverse"": ""guardians_card-back""}","{""name_printed"": ""Humungus Fungus"", ""rarity"": ""Rare-1"", ""type"": ""External"", ""item_dimensions"": ""{\u0022height\u0022: \u00223.5\u0022, \u0022width\u0022: \u00222.5\u0022, \u0022unit\u0022: \u0022inch\u0022}""}",d25eb25b-dfa0-4ef0-ad1e-d9396730114e,a881755f-6915-48e9-a3c8-6986f2e61bf1,Humungus Fungus,Humungus Fungus,{},guardians_revised_humungus-fungus
91e5f5d5-1ffe-48e5-9b4b-209bf42fb3bf,third-party-document,0,0,"{""obverse"": ""guardians_revised_lawyer"", ""reverse"": ""guardians_card-back""}","{""name_printed"": ""Lawyer"", ""rarity"": ""Rare-1"", ""type"": ""Elemental"", ""item_dimensions"": ""{\u0022height\u0022: \u00223.5\u0022, \u0022width\u0022: \u00222.5\u0022, \u0022unit\u0022: \u0022inch\u0022}""}",d25eb25b-dfa0-4ef0-ad1e-d9396730114e,a881755f-6915-48e9-a3c8-6986f2e61bf1,Lawyer,Lawyer,{},guardians_revised_lawyer
fe585c4b-8076-421c-bad1-3bfff4b4c430,third-party-document,0,0,"{""obverse"": ""guardians_revised_na-'boob"", ""reverse"": ""guardians_card-back""}","{""name_printed"": ""Na 'Boob"", ""rarity"": ""Rare-1"", ""type"": ""Mortal"", ""item_dimensions"": ""{\u0022height\u0022: \u00223.5\u0022, \u0022width\u0022: \u00222.5\u0022, \u0022unit\u0022: \u0022inch\u0022}""}",d25eb25b-dfa0-4ef0-ad1e-d9396730114e,a881755f-6915-48e9-a3c8-6986f2e61bf1,Na 'Boob,Na 'Boob,{},guardians_revised_na-'boob
1d85635e-a55e-4bbf-a728-b93c5fd79950,third-party-document,0,0,"{""obverse"": ""guardians_revised_old-nick"", ""reverse"": ""guardians_card-back""}","{""name_printed"": ""Old Nick"", ""rarity"": ""Rare-1"", ""type"": ""Elemental"", ""item_dimensions"": ""{\u0022height\u0022: \u00223.5\u0022, \u0022width\u0022: \u00222.5\u0022, \u0022unit\u0022: \u0022inch\u0022}""}",d25eb25b-dfa0-4ef0-ad1e-d9396730114e,a881755f-6915-48e9-a3c8-6986f2e61bf1,Old Nick,Old Nick,{},guardians_revised_old-nick
c9131412-c47e-4f0f-8d22-02de5cc17a39,third-party-document,0,0,"{""obverse"": ""guardians_revised_pink-flamingos"", ""reverse"": ""guardians_card-back""}","{""name_printed"": ""Pink Flamingos"", ""rarity"": ""Rare-1"", ""type"": ""Mortal"", ""item_dimensions"": ""{\u0022height\u0022: \u00223.5\u0022, \u0022width\u0022: \u00222.5\u0022, \u0022unit\u0022: \u0022inch\u0022}""}",d25eb25b-dfa0-4ef0-ad1e-d9396730114e,a881755f-6915-48e9-a3c8-6986f2e61bf1,Pink Flamingos,Pink Flamingos,{},guardians_revised_pink-flamingos
2b83503e-99cc-42e4-a964-025623f0c900,third-party-document,0,0,"{""obverse"": ""guardians_revised_rock-rat"", ""reverse"": ""guardians_card-back""}","{""name_printed"": ""Rock Rat"", ""rarity"": ""Rare-1"", ""type"": ""External"", ""item_dimensions"": ""{\u0022height\u0022: \u00223.5\u0022, \u0022width\u0022: \u00222.5\u0022, \u0022unit\u0022: \u0022inch\u0022}""}",d25eb25b-dfa0-4ef0-ad1e-d9396730114e,a881755f-6915-48e9-a3c8-6986f2e61bf1,Rock Rat,Rock Rat,{},guardians_revised_rock-rat
ea187e05-c926-4743-be78-e104dffd4751,third-party-document,0,0,"{""obverse"": ""guardians_revised_roving-force-inferno"", ""reverse"": ""guardians_card-back""}","{""name_printed"": ""Roving Force Inferno"", ""rarity"": ""Rare-1"", ""type"": ""Elemental"", ""item_dimensions"": ""{\u0022height\u0022: \u00223.5\u0022, \u0022width\u0022: \u00222.5\u0022, \u0022unit\u0022: \u0022inch\u0022}""}",d25eb25b-dfa0-4ef0-ad1e-d9396730114e,a881755f-6915-48e9-a3c8-6986f2e61bf1,Roving Force Inferno,Roving Force Inferno,{},guardians_revised_roving-force-inferno
a9423391-d8a0-4ac1-a942-3b8abac1e811,third-party-document,0,0,"{""obverse"": ""guardians_revised_spirit-of-the-hunt"", ""reverse"": ""guardians_card-back""}","{""name_printed"": ""Spirit of the Hunt"", ""rarity"": ""Rare-1"", ""type"": ""Elemental"", ""item_dimensions"": ""{\u0022height\u0022: \u00223.5\u0022, \u0022width\u0022: \u00222.5\u0022, \u0022unit\u0022: \u0022inch\u0022}""}",d25eb25b-dfa0-4ef0-ad1e-d9396730114e,a881755f-6915-48e9-a3c8-6986f2e61bf1,Spirit of the Hunt,Spirit of the Hunt,{},guardians_revised_spirit-of-the-hunt
fef2e4ce-7434-4bfa-b8ce-563bf919de37,third-party-document,0,0,"{""obverse"": ""guardians_revised_white-unicorn"", ""reverse"": ""guardians_card-back""}","{""name_printed"": ""White Unicorn"", ""rarity"": ""Rare-1"", ""type"": ""External"", ""item_dimensions"": ""{\u0022height\u0022: \u00223.5\u0022, \u0022width\u0022: \u00222.5\u0022, \u0022unit\u0022: \u0022inch\u0022}""}",d25eb25b-dfa0-4ef0-ad1e-d9396730114e,a881755f-6915-48e9-a3c8-6986f2e61bf1,White Unicorn,White Unicorn,{},guardians_revised_white-unicorn
1fc78f30-c801-4f16-8101-be72c88fa4ff,third-party-document,0,0,"{""obverse"": ""guardians_revised_ancient-ogre"", ""reverse"": ""guardians_card-back""}","{""name_printed"": ""Ancient Ogre"", ""rarity"": ""Rare-2"", ""type"": ""Mortal"", ""item_dimensions"": ""{\u0022height\u0022: \u00223.5\u0022, \u0022width\u0022: \u00222.5\u0022, \u0022unit\u0022: \u0022inch\u0022}""}",d25eb25b-dfa0-4ef0-ad1e-d9396730114e,a881755f-6915-48e9-a3c8-6986f2e61bf1,Ancient Ogre,Ancient Ogre,{},guardians_revised_ancient-ogre
640c0b66-42e6-4774-8216-328df9706e22,third-party-document,0,0,"{""obverse"": ""guardians_revised_arms-of-the-earth"", ""reverse"": ""guardians_card-back""}","{""name_printed"": ""Arms of the Earth"", ""rarity"": ""Rare-2"", ""type"": ""External"", ""item_dimensions"": ""{\u0022height\u0022: \u00223.5\u0022, \u0022width\u0022: \u00222.5\u0022, \u0022unit\u0022: \u0022inch\u0022}""}",d25eb25b-dfa0-4ef0-ad1e-d9396730114e,a881755f-6915-48e9-a3c8-6986f2e61bf1,Arms of the Earth,Arms of the Earth,{},guardians_revised_arms-of-the-earth
449d4807-63a3-48c9-9182-ddf55108d7bf,third-party-document,0,0,"{""obverse"": ""guardians_revised_black-unicorn"", ""reverse"": ""guardians_card-back""}","{""name_printed"": ""Black Unicorn"", ""rarity"": ""Rare-2"", ""type"": ""External"", ""item_dimensions"": ""{\u0022height\u0022: \u00223.5\u0022, \u0022width\u0022: \u00222.5\u0022, \u0022unit\u0022: \u0022inch\u0022}""}",d25eb25b-dfa0-4ef0-ad1e-d9396730114e,a881755f-6915-48e9-a3c8-6986f2e61bf1,Black Unicorn,Black Unicorn,{},guardians_revised_black-unicorn
69a52abf-0622-4806-a4f4-8973ede7708e,third-party-document,0,0,"{""obverse"": ""guardians_revised_bone-shambler"", ""reverse"": ""guardians_card-back""}","{""name_printed"": ""Bone Shambler"", ""rarity"": ""Rare-2"", ""type"": ""External"", ""item_dimensions"": ""{\u0022height\u0022: \u00223.5\u0022, \u0022width\u0022: \u00222.5\u0022, \u0022unit\u0022: \u0022inch\u0022}""}",d25eb25b-dfa0-4ef0-ad1e-d9396730114e,a881755f-6915-48e9-a3c8-6986f2e61bf1,Bone Shambler,Bone Shambler,{},guardians_revised_bone-shambler
f55e4a9d-9d85-4164-9ab6-c350bfca134e,third-party-document,0,0,"{""obverse"": ""guardians_revised_captain-red-nose"", ""reverse"": ""guardians_card-back""}","{""name_printed"": ""Captain Red Nose"", ""rarity"": ""Rare-2"", ""type"": ""Mortal"", ""item_dimensions"": ""{\u0022height\u0022: \u00223.5\u0022, \u0022width\u0022: \u00222.5\u0022, \u0022unit\u0022: \u0022inch\u0022}""}",d25eb25b-dfa0-4ef0-ad1e-d9396730114e,a881755f-6915-48e9-a3c8-6986f2e61bf1,Captain Red Nose,Captain Red Nose,{},guardians_revised_captain-red-nose
479bfa5b-daaf-4bc0-b343-de3134689136,third-party-document,0,0,"{""obverse"": ""guardians_revised_cherub"", ""reverse"": ""guardians_card-back""}","{""name_printed"": ""Cherub"", ""rarity"": ""Rare-2"", ""type"": ""Elemental"", ""item_dimensions"": ""{\u0022height\u0022: \u00223.5\u0022, \u0022width\u0022: \u00222.5\u0022, \u0022unit\u0022: \u0022inch\u0022}""}",d25eb25b-dfa0-4ef0-ad1e-d9396730114e,a881755f-6915-48e9-a3c8-6986f2e61bf1,Cherub,Cherub,{},guardians_revised_cherub
3f574a68-ea7f-4394-bb33-2041b2a44719,third-party-document,0,0,"{""obverse"": ""guardians_revised_corruption-stream"", ""reverse"": ""guardians_card-back""}","{""name_printed"": ""Corruption Stream"", ""rarity"": ""Rare-2"", ""type"": ""Elemental"", ""item_dimensions"": ""{\u0022height\u0022: \u00223.5\u0022, \u0022width\u0022: \u00222.5\u0022, \u0022unit\u0022: \u0022inch\u0022}""}",d25eb25b-dfa0-4ef0-ad1e-d9396730114e,a881755f-6915-48e9-a3c8-6986f2e61bf1,Corruption Stream,Corruption Stream,{},guardians_revised_corruption-stream
bb1ad24e-c0bc-4295-bbac-8e73ee91c071,third-party-document,0,0,"{""obverse"": ""guardians_revised_crystal-flash"", ""reverse"": ""guardians_card-back""}","{""name_printed"": ""Crystal Flash"", ""rarity"": ""Rare-2"", ""type"": ""External"", ""item_dimensions"": ""{\u0022height\u0022: \u00223.5\u0022, \u0022width\u0022: \u00222.5\u0022, \u0022unit\u0022: \u0022inch\u0022}""}",d25eb25b-dfa0-4ef0-ad1e-d9396730114e,a881755f-6915-48e9-a3c8-6986f2e61bf1,Crystal Flash,Crystal Flash,{},guardians_revised_crystal-flash
2da497e3-00e5-496b-89f0-d4703d36fa8b,third-party-document,0,0,"{""obverse"": ""guardians_revised_darkness-elemental"", ""reverse"": ""guardians_card-back""}","{""name_printed"": ""Darkness Elemental"", ""rarity"": ""Rare-2"", ""type"": ""Elemental"", ""item_dimensions"": ""{\u0022height\u0022: \u00223.5\u0022, \u0022width\u0022: \u00222.5\u0022, \u0022unit\u0022: \u0022inch\u0022}""}",d25eb25b-dfa0-4ef0-ad1e-d9396730114e,a881755f-6915-48e9-a3c8-6986f2e61bf1,Darkness Elemental,Darkness Elemental,{},guardians_revised_darkness-elemental
3f0e355f-d3d9-4fd1-af97-72f29a5c08a2,third-party-document,0,0,"{""obverse"": ""guardians_revised_death"", ""reverse"": ""guardians_card-back""}","{""name_printed"": ""Death"", ""rarity"": ""Rare-2"", ""type"": ""Elemental"", ""item_dimensions"": ""{\u0022height\u0022: \u00223.5\u0022, \u0022width\u0022: \u00222.5\u0022, \u0022unit\u0022: \u0022inch\u0022}""}",d25eb25b-dfa0-4ef0-ad1e-d9396730114e,a881755f-6915-48e9-a3c8-6986f2e61bf1,Death,Death,{},guardians_revised_death
cdde8da5-5033-45fe-ac32-e2f126ef7f12,third-party-document,0,0,"{""obverse"": ""guardians_revised_earth-mother"", ""reverse"": ""guardians_card-back""}","{""name_printed"": ""Earth Mother"", ""rarity"": ""Rare-2"", ""type"": ""Elemental"", ""item_dimensions"": ""{\u0022height\u0022: \u00223.5\u0022, \u0022width\u0022: \u00222.5\u0022, \u0022unit\u0022: \u0022inch\u0022}""}",d25eb25b-dfa0-4ef0-ad1e-d9396730114e,a881755f-6915-48e9-a3c8-6986f2e61bf1,Earth Mother,Earth Mother,{},guardians_revised_earth-mother
2f84c17d-7d4c-4be9-8c1d-1b77f4c4f559,third-party-document,0,0,"{""obverse"": ""guardians_revised_energy-leach"", ""reverse"": ""guardians_card-back""}","{""name_printed"": ""Energy Leach"", ""rarity"": ""Rare-2"", ""type"": ""Elemental"", ""item_dimensions"": ""{\u0022height\u0022: \u00223.5\u0022, \u0022width\u0022: \u00222.5\u0022, \u0022unit\u0022: \u0022inch\u0022}""}",d25eb25b-dfa0-4ef0-ad1e-d9396730114e,a881755f-6915-48e9-a3c8-6986f2e61bf1,Energy Leach,Energy Leach,{},guardians_revised_energy-leach
9fc9a5a8-c098-48ac-a816-17705313e495,third-party-document,0,0,"{""obverse"": ""guardians_revised_energy-well"", ""reverse"": ""guardians_card-back""}","{""name_printed"": ""Energy Well"", ""rarity"": ""Rare-2"", ""type"": ""Elemental"", ""item_dimensions"": ""{\u0022height\u0022: \u00223.5\u0022, \u0022width\u0022: \u00222.5\u0022, \u0022unit\u0022: \u0022inch\u0022}""}",d25eb25b-dfa0-4ef0-ad1e-d9396730114e,a881755f-6915-48e9-a3c8-6986f2e61bf1,Energy Well,Energy Well,{},guardians_revised_energy-well
73cd45eb-4c85-450b-8dce-b712383d9b74,third-party-document,0,0,"{""obverse"": ""guardians_revised_eternal-witch-lord"", ""reverse"": ""guardians_card-back""}","{""name_printed"": ""Eternal Witch Lord"", ""rarity"": ""Rare-2"", ""type"": ""External"", ""item_dimensions"": ""{\u0022height\u0022: \u00223.5\u0022, \u0022width\u0022: \u00222.5\u0022, \u0022unit\u0022: \u0022inch\u0022}""}",d25eb25b-dfa0-4ef0-ad1e-d9396730114e,a881755f-6915-48e9-a3c8-6986f2e61bf1,Eternal Witch Lord,Eternal Witch Lord,{},guardians_revised_eternal-witch-lord
5268c801-ee2d-4511-8c81-389f6248572a,third-party-document,0,0,"{""obverse"": ""guardians_revised_eye-of-missile-mayhem"", ""reverse"": ""guardians_card-back""}","{""name_printed"": ""Eye of Missile Mayhem"", ""rarity"": ""Rare-2"", ""type"": ""Magic Item - Hand"", ""item_dimensions"": ""{\u0022height\u0022: \u00223.5\u0022, \u0022width\u0022: \u00222.5\u0022, \u0022unit\u0022: \u0022inch\u0022}""}",d25eb25b-dfa0-4ef0-ad1e-d9396730114e,a881755f-6915-48e9-a3c8-6986f2e61bf1,Eye of Missile Mayhem,Eye of Missile Mayhem,{},guardians_revised_eye-of-missile-mayhem
f63d5bd3-719d-46ed-83ad-133dcd7b1bb3,third-party-document,0,0,"{""obverse"": ""guardians_revised_finn---swamp-king"", ""reverse"": ""guardians_card-back""}","{""name_printed"": ""Finn - Swamp King"", ""rarity"": ""Rare-2"", ""type"": ""Guardian"", ""item_dimensions"": ""{\u0022height\u0022: \u00223.5\u0022, \u0022width\u0022: \u00222.5\u0022, \u0022unit\u0022: \u0022inch\u0022}""}",d25eb25b-dfa0-4ef0-ad1e-d9396730114e,a881755f-6915-48e9-a3c8-6986f2e61bf1,Finn - Swamp King,Finn - Swamp King,{},guardians_revised_finn---swamp-king
d3e1037b-8a79-448a-88f7-553ce3280b03,third-party-document,0,0,"{""obverse"": ""guardians_revised_fire-elemental"", ""reverse"": ""guardians_card-back""}","{""name_printed"": ""Fire Elemental"", ""rarity"": ""Rare-2"", ""type"": ""Elemental"", ""item_dimensions"": ""{\u0022height\u0022: \u00223.5\u0022, \u0022width\u0022: \u00222.5\u0022, \u0022unit\u0022: \u0022inch\u0022}""}",d25eb25b-dfa0-4ef0-ad1e-d9396730114e,a881755f-6915-48e9-a3c8-6986f2e61bf1,Fire Elemental,Fire Elemental,{},guardians_revised_fire-elemental
29b001f5-d3f2-4da2-a03a-5707c25ce41a,third-party-document,0,0,"{""obverse"": ""guardians_revised_force-barrier"", ""reverse"": ""guardians_card-back""}","{""name_printed"": ""Force Barrier"", ""rarity"": ""Rare-2"", ""type"": ""Spell"", ""item_dimensions"": ""{\u0022height\u0022: \u00223.5\u0022, \u0022width\u0022: \u00222.5\u0022, \u0022unit\u0022: \u0022inch\u0022}""}",d25eb25b-dfa0-4ef0-ad1e-d9396730114e,a881755f-6915-48e9-a3c8-6986f2e61bf1,Force Barrier,Force Barrier,{},guardians_revised_force-barrier
e3baa253-a2cb-4292-84ea-e15fb0af3d70,third-party-document,0,0,"{""obverse"": ""guardians_revised_gn'olegable-gnomes"", ""reverse"": ""guardians_card-back""}","{""name_printed"": ""Gn'Olegable Gnomes"", ""rarity"": ""Rare-2"", ""type"": ""Mortal"", ""item_dimensions"": ""{\u0022height\u0022: \u00223.5\u0022, \u0022width\u0022: \u00222.5\u0022, \u0022unit\u0022: \u0022inch\u0022}""}",d25eb25b-dfa0-4ef0-ad1e-d9396730114e,a881755f-6915-48e9-a3c8-6986f2e61bf1,Gn'Olegable Gnomes,Gn'Olegable Gnomes,{},guardians_revised_gn'olegable-gnomes
77fa9054-07da-4029-9156-2d3d6cd08cb5,third-party-document,0,0,"{""obverse"": ""guardians_revised_grim-skull"", ""reverse"": ""guardians_card-back""}","{""name_printed"": ""Grim Skull"", ""rarity"": ""Rare-2"", ""type"": ""External"", ""item_dimensions"": ""{\u0022height\u0022: \u00223.5\u0022, \u0022width\u0022: \u00222.5\u0022, \u0022unit\u0022: \u0022inch\u0022}""}",d25eb25b-dfa0-4ef0-ad1e-d9396730114e,a881755f-6915-48e9-a3c8-6986f2e61bf1,Grim Skull,Grim Skull,{},guardians_revised_grim-skull
3ef3adec-95a8-43f9-ab69-563d65505021,third-party-document,0,0,"{""obverse"": ""guardians_revised_haba-naba-daba"", ""reverse"": ""guardians_card-back""}","{""name_printed"": ""Haba Naba Daba"", ""rarity"": ""Rare-2"", ""type"": ""Mortal"", ""item_dimensions"": ""{\u0022height\u0022: \u00223.5\u0022, \u0022width\u0022: \u00222.5\u0022, \u0022unit\u0022: \u0022inch\u0022}""}",d25eb25b-dfa0-4ef0-ad1e-d9396730114e,a881755f-6915-48e9-a3c8-6986f2e61bf1,Haba Naba Daba,Haba Naba Daba,{},guardians_revised_haba-naba-daba
8b110efc-edfe-4f97-bcc9-73907bc3d344,third-party-document,0,0,"{""obverse"": ""guardians_revised_hammer-of-doom"", ""reverse"": ""guardians_card-back""}","{""name_printed"": ""Hammer of Doom"", ""rarity"": ""Rare-2"", ""type"": ""Magic Item - Hand"", ""item_dimensions"": ""{\u0022height\u0022: \u00223.5\u0022, \u0022width\u0022: \u00222.5\u0022, \u0022unit\u0022: \u0022inch\u0022}""}",d25eb25b-dfa0-4ef0-ad1e-d9396730114e,a881755f-6915-48e9-a3c8-6986f2e61bf1,Hammer of Doom,Hammer of Doom,{},guardians_revised_hammer-of-doom
bc163517-46b1-42ab-b4ff-22e5257c0661,third-party-document,0,0,"{""obverse"": ""guardians_revised_harkin---spreader-of-the-wealth"", ""reverse"": ""guardians_card-back""}","{""name_printed"": ""Harkin - Spreader of the Wealth"", ""rarity"": ""Rare-2"", ""type"": ""Guardian"", ""item_dimensions"": ""{\u0022height\u0022: \u00223.5\u0022, \u0022width\u0022: \u00222.5\u0022, \u0022unit\u0022: \u0022inch\u0022}""}",d25eb25b-dfa0-4ef0-ad1e-d9396730114e,a881755f-6915-48e9-a3c8-6986f2e61bf1,Harkin - Spreader of the Wealth,Harkin - Spreader of the Wealth,{},guardians_revised_harkin---spreader-of-the-wealth
b4752f41-53f9-4bf8-8233-3f92abc2dd37,third-party-document,0,0,"{""obverse"": ""guardians_revised_helm-of-the-brotherhood"", ""reverse"": ""guardians_card-back""}","{""name_printed"": ""Helm of the Brotherhood"", ""rarity"": ""Rare-2"", ""type"": ""Spell"", ""item_dimensions"": ""{\u0022height\u0022: \u00223.5\u0022, \u0022width\u0022: \u00222.5\u0022, \u0022unit\u0022: \u0022inch\u0022}""}",d25eb25b-dfa0-4ef0-ad1e-d9396730114e,a881755f-6915-48e9-a3c8-6986f2e61bf1,Helm of the Brotherhood,Helm of the Brotherhood,{},guardians_revised_helm-of-the-brotherhood
d7a503e3-c0f9-47ad-8630-631c11d2c409,third-party-document,0,0,"{""obverse"": ""guardians_revised_holy-grail"", ""reverse"": ""guardians_card-back""}","{""name_printed"": ""Holy Grail"", ""rarity"": ""Rare-2"", ""type"": ""Magic Item - Hand"", ""item_dimensions"": ""{\u0022height\u0022: \u00223.5\u0022, \u0022width\u0022: \u00222.5\u0022, \u0022unit\u0022: \u0022inch\u0022}""}",d25eb25b-dfa0-4ef0-ad1e-d9396730114e,a881755f-6915-48e9-a3c8-6986f2e61bf1,Holy Grail,Holy Grail,{},guardians_revised_holy-grail
ece57ea5-db72-4e5b-aab8-b3545440bb4b,third-party-document,0,0,"{""obverse"": ""guardians_revised_idiot"", ""reverse"": ""guardians_card-back""}","{""name_printed"": ""Idiot"", ""rarity"": ""Rare-2"", ""type"": ""Mortal"", ""item_dimensions"": ""{\u0022height\u0022: \u00223.5\u0022, \u0022width\u0022: \u00222.5\u0022, \u0022unit\u0022: \u0022inch\u0022}""}",d25eb25b-dfa0-4ef0-ad1e-d9396730114e,a881755f-6915-48e9-a3c8-6986f2e61bf1,Idiot,Idiot,{},guardians_revised_idiot
980ad676-1591-4302-9e9c-d21b221477a2,third-party-document,0,0,"{""obverse"": ""guardians_revised_king-of-mystfall"", ""reverse"": ""guardians_card-back""}","{""name_printed"": ""King of Mystfall"", ""rarity"": ""Rare-2"", ""type"": ""External"", ""item_dimensions"": ""{\u0022height\u0022: \u00223.5\u0022, \u0022width\u0022: \u00222.5\u0022, \u0022unit\u0022: \u0022inch\u0022}""}",d25eb25b-dfa0-4ef0-ad1e-d9396730114e,a881755f-6915-48e9-a3c8-6986f2e61bf1,King of Mystfall,King of Mystfall,{},guardians_revised_king-of-mystfall
b2a41652-69bb-484c-abfd-0bda7cc2f8ac,third-party-document,0,0,"{""obverse"": ""guardians_revised_lake-serpent"", ""reverse"": ""guardians_card-back""}","{""name_printed"": ""Lake Serpent"", ""rarity"": ""Rare-2"", ""type"": ""External"", ""item_dimensions"": ""{\u0022height\u0022: \u00223.5\u0022, \u0022width\u0022: \u00222.5\u0022, \u0022unit\u0022: \u0022inch\u0022}""}",d25eb25b-dfa0-4ef0-ad1e-d9396730114e,a881755f-6915-48e9-a3c8-6986f2e61bf1,Lake Serpent,Lake Serpent,{},guardians_revised_lake-serpent
f7869694-a4d7-4002-8c06-f61fa9a04c15,third-party-document,0,0,"{""obverse"": ""guardians_revised_light-elemental"", ""reverse"": ""guardians_card-back""}","{""name_printed"": ""Light Elemental"", ""rarity"": ""Rare-2"", ""type"": ""Elemental"", ""item_dimensions"": ""{\u0022height\u0022: \u00223.5\u0022, \u0022width\u0022: \u00222.5\u0022, \u0022unit\u0022: \u0022inch\u0022}""}",d25eb25b-dfa0-4ef0-ad1e-d9396730114e,a881755f-6915-48e9-a3c8-6986f2e61bf1,Light Elemental,Light Elemental,{},guardians_revised_light-elemental
a264b4aa-ce93-4ad1-80ea-97ad71463ee1,third-party-document,0,0,"{""obverse"": ""guardians_revised_mist-veiler"", ""reverse"": ""guardians_card-back""}","{""name_printed"": ""Mist Veiler"", ""rarity"": ""Rare-2"", ""type"": ""Elemental"", ""item_dimensions"": ""{\u0022height\u0022: \u00223.5\u0022, \u0022width\u0022: \u00222.5\u0022, \u0022unit\u0022: \u0022inch\u0022}""}",d25eb25b-dfa0-4ef0-ad1e-d9396730114e,a881755f-6915-48e9-a3c8-6986f2e61bf1,Mist Veiler,Mist Veiler,{},guardians_revised_mist-veiler
434ad2d5-1060-4382-8812-e02bb3f3d7f8,third-party-document,0,0,"{""obverse"": ""guardians_revised_paladin"", ""reverse"": ""guardians_card-back""}","{""name_printed"": ""Paladin"", ""rarity"": ""Rare-2"", ""type"": ""Mortal"", ""item_dimensions"": ""{\u0022height\u0022: \u00223.5\u0022, \u0022width\u0022: \u00222.5\u0022, \u0022unit\u0022: \u0022inch\u0022}""}",d25eb25b-dfa0-4ef0-ad1e-d9396730114e,a881755f-6915-48e9-a3c8-6986f2e61bf1,Paladin,Paladin,{},guardians_revised_paladin
8cdefbd1-504f-4ab8-be5b-c652757f2b4a,third-party-document,0,0,"{""obverse"": ""guardians_revised_party-animal"", ""reverse"": ""guardians_card-back""}","{""name_printed"": ""Party Animal"", ""rarity"": ""Rare-2"", ""type"": ""Mortal"", ""item_dimensions"": ""{\u0022height\u0022: \u00223.5\u0022, \u0022width\u0022: \u00222.5\u0022, \u0022unit\u0022: \u0022inch\u0022}""}",d25eb25b-dfa0-4ef0-ad1e-d9396730114e,a881755f-6915-48e9-a3c8-6986f2e61bf1,Party Animal,Party Animal,{},guardians_revised_party-animal
b640a9d6-dbbd-4225-8967-2845489c9068,third-party-document,0,0,"{""obverse"": ""guardians_revised_pauly,-official-parrot"", ""reverse"": ""guardians_card-back""}","{""name_printed"": ""Pauly, Official Parrot"", ""rarity"": ""Rare-2"", ""type"": ""Mortal"", ""item_dimensions"": ""{\u0022height\u0022: \u00223.5\u0022, \u0022width\u0022: \u00222.5\u0022, \u0022unit\u0022: \u0022inch\u0022}""}",d25eb25b-dfa0-4ef0-ad1e-d9396730114e,a881755f-6915-48e9-a3c8-6986f2e61bf1,"Pauly, Official Parrot","Pauly, Official Parrot",{},"guardians_revised_pauly,-official-parrot"
01bc16ae-b315-4778-8443-f9182a6c366d,third-party-document,0,0,"{""obverse"": ""guardians_revised_ploogak-the-conqueror"", ""reverse"": ""guardians_card-back""}","{""name_printed"": ""Ploogak the Conqueror"", ""rarity"": ""Rare-2"", ""type"": ""Mortal"", ""item_dimensions"": ""{\u0022height\u0022: \u00223.5\u0022, \u0022width\u0022: \u00222.5\u0022, \u0022unit\u0022: \u0022inch\u0022}""}",d25eb25b-dfa0-4ef0-ad1e-d9396730114e,a881755f-6915-48e9-a3c8-6986f2e61bf1,Ploogak the Conqueror,Ploogak the Conqueror,{},guardians_revised_ploogak-the-conqueror
c8fe293f-4fd1-4e7c-a4e4-6ec901ceec7a,third-party-document,0,0,"{""obverse"": ""guardians_revised_reverend-smilin'-jack"", ""reverse"": ""guardians_card-back""}","{""name_printed"": ""Reverend Smilin' Jack"", ""rarity"": ""Rare-2"", ""type"": ""Mortal"", ""item_dimensions"": ""{\u0022height\u0022: \u00223.5\u0022, \u0022width\u0022: \u00222.5\u0022, \u0022unit\u0022: \u0022inch\u0022}""}",d25eb25b-dfa0-4ef0-ad1e-d9396730114e,a881755f-6915-48e9-a3c8-6986f2e61bf1,Reverend Smilin' Jack,Reverend Smilin' Jack,{},guardians_revised_reverend-smilin'-jack
144b17ba-324b-4189-acbb-80d29800a9a7,third-party-document,0,0,"{""obverse"": ""guardians_revised_rik'-sook"", ""reverse"": ""guardians_card-back""}","{""name_printed"": ""Rik' Sook"", ""rarity"": ""Rare-2"", ""type"": ""External"", ""item_dimensions"": ""{\u0022height\u0022: \u00223.5\u0022, \u0022width\u0022: \u00222.5\u0022, \u0022unit\u0022: \u0022inch\u0022}""}",d25eb25b-dfa0-4ef0-ad1e-d9396730114e,a881755f-6915-48e9-a3c8-6986f2e61bf1,Rik' Sook,Rik' Sook,{},guardians_revised_rik'-sook
0384a201-aa10-4c1c-8a49-cc0cec6ea3b3,third-party-document,0,0,"{""obverse"": ""guardians_revised_sacrificial-altar"", ""reverse"": ""guardians_card-back""}","{""name_printed"": ""Sacrificial Altar"", ""rarity"": ""Rare-2"", ""type"": ""Stronghold Upgrade"", ""item_dimensions"": ""{\u0022height\u0022: \u00223.5\u0022, \u0022width\u0022: \u00222.5\u0022, \u0022unit\u0022: \u0022inch\u0022}""}",d25eb25b-dfa0-4ef0-ad1e-d9396730114e,a881755f-6915-48e9-a3c8-6986f2e61bf1,Sacrificial Altar,Sacrificial Altar,{},guardians_revised_sacrificial-altar
f913eab3-fa54-4eed-862d-78bb935a3fb2,third-party-document,0,0,"{""obverse"": ""guardians_revised_shadow-of-ashes"", ""reverse"": ""guardians_card-back""}","{""name_printed"": ""Shadow of Ashes"", ""rarity"": ""Rare-2"", ""type"": ""External"", ""item_dimensions"": ""{\u0022height\u0022: \u00223.5\u0022, \u0022width\u0022: \u00222.5\u0022, \u0022unit\u0022: \u0022inch\u0022}""}",d25eb25b-dfa0-4ef0-ad1e-d9396730114e,a881755f-6915-48e9-a3c8-6986f2e61bf1,Shadow of Ashes,Shadow of Ashes,{},guardians_revised_shadow-of-ashes
6012fbb0-d1f1-4658-901f-1402092bb0bb,third-party-document,0,0,"{""obverse"": ""guardians_revised_shadow-warrior"", ""reverse"": ""guardians_card-back""}","{""name_printed"": ""Shadow Warrior"", ""rarity"": ""Rare-2"", ""type"": ""Mortal"", ""item_dimensions"": ""{\u0022height\u0022: \u00223.5\u0022, \u0022width\u0022: \u00222.5\u0022, \u0022unit\u0022: \u0022inch\u0022}""}",d25eb25b-dfa0-4ef0-ad1e-d9396730114e,a881755f-6915-48e9-a3c8-6986f2e61bf1,Shadow Warrior,Shadow Warrior,{},guardians_revised_shadow-warrior
af1920df-b396-4a15-b4a0-9b14751310e1,third-party-document,0,0,"{""obverse"": ""guardians_revised_slippery-slime"", ""reverse"": ""guardians_card-back""}","{""name_printed"": ""Slippery Slime"", ""rarity"": ""Rare-2"", ""type"": ""External"", ""item_dimensions"": ""{\u0022height\u0022: \u00223.5\u0022, \u0022width\u0022: \u00222.5\u0022, \u0022unit\u0022: \u0022inch\u0022}""}",d25eb25b-dfa0-4ef0-ad1e-d9396730114e,a881755f-6915-48e9-a3c8-6986f2e61bf1,Slippery Slime,Slippery Slime,{},guardians_revised_slippery-slime
70e30689-ccf6-40b8-8c2c-b26d50ce889d,third-party-document,0,0,"{""obverse"": ""guardians_revised_sorcerer"", ""reverse"": ""guardians_card-back""}","{""name_printed"": ""Sorcerer"", ""rarity"": ""Rare-2"", ""type"": ""Mortal"", ""item_dimensions"": ""{\u0022height\u0022: \u00223.5\u0022, \u0022width\u0022: \u00222.5\u0022, \u0022unit\u0022: \u0022inch\u0022}""}",d25eb25b-dfa0-4ef0-ad1e-d9396730114e,a881755f-6915-48e9-a3c8-6986f2e61bf1,Sorcerer,Sorcerer,{},guardians_revised_sorcerer
621936a2-157c-4040-abad-fd916dbb8044,third-party-document,0,0,"{""obverse"": ""guardians_revised_standard-bearer-[brom's-demonic,-19]"", ""reverse"": ""guardians_card-back""}","{""name_printed"": ""Standard Bearer [Brom's Demonic, 19]"", ""rarity"": ""Rare-2"", ""type"": ""Shield"", ""item_dimensions"": ""{\u0022height\u0022: \u00223.5\u0022, \u0022width\u0022: \u00222.5\u0022, \u0022unit\u0022: \u0022inch\u0022}""}",d25eb25b-dfa0-4ef0-ad1e-d9396730114e,a881755f-6915-48e9-a3c8-6986f2e61bf1,"Standard Bearer [Brom's Demonic, 19]","Standard Bearer [Brom's Demonic, 19]",{},"guardians_revised_standard-bearer-[brom's-demonic,-19]"
4f0c4baf-cb81-46e6-b6ec-99ccf0aa3319,third-party-document,0,0,"{""obverse"": ""guardians_revised_standard-bearer-[brom's-dragon,-19]"", ""reverse"": ""guardians_card-back""}","{""name_printed"": ""Standard Bearer [Brom's Dragon, 19]"", ""rarity"": ""Rare-2"", ""type"": ""Shield"", ""item_dimensions"": ""{\u0022height\u0022: \u00223.5\u0022, \u0022width\u0022: \u00222.5\u0022, \u0022unit\u0022: \u0022inch\u0022}""}",d25eb25b-dfa0-4ef0-ad1e-d9396730114e,a881755f-6915-48e9-a3c8-6986f2e61bf1,"Standard Bearer [Brom's Dragon, 19]","Standard Bearer [Brom's Dragon, 19]",{},"guardians_revised_standard-bearer-[brom's-dragon,-19]"
04b57fe7-0061-4be1-b79d-5e099b960fea,third-party-document,0,0,"{""obverse"": ""guardians_revised_standard-bearer-[brom's-skull,-21]"", ""reverse"": ""guardians_card-back""}","{""name_printed"": ""Standard Bearer [Brom's Skull, 21]"", ""rarity"": ""Rare-2"", ""type"": ""Shield"", ""item_dimensions"": ""{\u0022height\u0022: \u00223.5\u0022, \u0022width\u0022: \u00222.5\u0022, \u0022unit\u0022: \u0022inch\u0022}""}",d25eb25b-dfa0-4ef0-ad1e-d9396730114e,a881755f-6915-48e9-a3c8-6986f2e61bf1,"Standard Bearer [Brom's Skull, 21]","Standard Bearer [Brom's Skull, 21]",{},"guardians_revised_standard-bearer-[brom's-skull,-21]"
d73480a8-f398-41df-8b1f-26a5d8a0f84f,third-party-document,0,0,"{""obverse"": ""guardians_revised_standard-bearer-[maitz's-insect,-16]"", ""reverse"": ""guardians_card-back""}","{""name_printed"": ""Standard Bearer [Maitz's Insect, 16]"", ""rarity"": ""Rare-2"", ""type"": ""Shield"", ""item_dimensions"": ""{\u0022height\u0022: \u00223.5\u0022, \u0022width\u0022: \u00222.5\u0022, \u0022unit\u0022: \u0022inch\u0022}""}",d25eb25b-dfa0-4ef0-ad1e-d9396730114e,a881755f-6915-48e9-a3c8-6986f2e61bf1,"Standard Bearer [Maitz's Insect, 16]","Standard Bearer [Maitz's Insect, 16]",{},"guardians_revised_standard-bearer-[maitz's-insect,-16]"
fb896d1a-3284-4419-8144-fd62626c4967,third-party-document,0,0,"{""obverse"": ""guardians_revised_standard-bearer-[maitz's-lightning,-14]"", ""reverse"": ""guardians_card-back""}","{""name_printed"": ""Standard Bearer [Maitz's Lightning, 14]"", ""rarity"": ""Rare-2"", ""type"": ""Shield"", ""item_dimensions"": ""{\u0022height\u0022: \u00223.5\u0022, \u0022width\u0022: \u00222.5\u0022, \u0022unit\u0022: \u0022inch\u0022}""}",d25eb25b-dfa0-4ef0-ad1e-d9396730114e,a881755f-6915-48e9-a3c8-6986f2e61bf1,"Standard Bearer [Maitz's Lightning, 14]","Standard Bearer [Maitz's Lightning, 14]",{},"guardians_revised_standard-bearer-[maitz's-lightning,-14]"
f8be9857-9bc8-4f3b-ab13-ef06001d6465,third-party-document,0,0,"{""obverse"": ""guardians_revised_standard-bearer-[ploog's-ox,-19]"", ""reverse"": ""guardians_card-back""}","{""name_printed"": ""Standard Bearer [Ploog's Ox, 19]"", ""rarity"": ""Rare-2"", ""type"": ""Shield"", ""item_dimensions"": ""{\u0022height\u0022: \u00223.5\u0022, \u0022width\u0022: \u00222.5\u0022, \u0022unit\u0022: \u0022inch\u0022}""}",d25eb25b-dfa0-4ef0-ad1e-d9396730114e,a881755f-6915-48e9-a3c8-6986f2e61bf1,"Standard Bearer [Ploog's Ox, 19]","Standard Bearer [Ploog's Ox, 19]",{},"guardians_revised_standard-bearer-[ploog's-ox,-19]"
82361fef-695a-47ec-bbbe-fabe4fafe374,third-party-document,0,0,"{""obverse"": ""guardians_revised_standard-bearer-[warhola's-snakes,-17]"", ""reverse"": ""guardians_card-back""}","{""name_printed"": ""Standard Bearer [Warhola's Snakes, 17]"", ""rarity"": ""Rare-2"", ""type"": ""Shield"", ""item_dimensions"": ""{\u0022height\u0022: \u00223.5\u0022, \u0022width\u0022: \u00222.5\u0022, \u0022unit\u0022: \u0022inch\u0022}""}",d25eb25b-dfa0-4ef0-ad1e-d9396730114e,a881755f-6915-48e9-a3c8-6986f2e61bf1,"Standard Bearer [Warhola's Snakes, 17]","Standard Bearer [Warhola's Snakes, 17]",{},"guardians_revised_standard-bearer-[warhola's-snakes,-17]"
d174299a-0885-4e47-9414-e5aac208ca5f,third-party-document,0,0,"{""obverse"": ""guardians_revised_summons-gate"", ""reverse"": ""guardians_card-back""}","{""name_printed"": ""Summons Gate"", ""rarity"": ""Rare-2"", ""type"": ""Spell"", ""item_dimensions"": ""{\u0022height\u0022: \u00223.5\u0022, \u0022width\u0022: \u00222.5\u0022, \u0022unit\u0022: \u0022inch\u0022}""}",d25eb25b-dfa0-4ef0-ad1e-d9396730114e,a881755f-6915-48e9-a3c8-6986f2e61bf1,Summons Gate,Summons Gate,{},guardians_revised_summons-gate
7e6dada0-8964-40ca-a47f-4c6d69d903e2,third-party-document,0,0,"{""obverse"": ""guardians_revised_thak---steady-hand"", ""reverse"": ""guardians_card-back""}","{""name_printed"": ""Thak - Steady Hand"", ""rarity"": ""Rare-2"", ""type"": ""Guardian"", ""item_dimensions"": ""{\u0022height\u0022: \u00223.5\u0022, \u0022width\u0022: \u00222.5\u0022, \u0022unit\u0022: \u0022inch\u0022}""}",d25eb25b-dfa0-4ef0-ad1e-d9396730114e,a881755f-6915-48e9-a3c8-6986f2e61bf1,Thak - Steady Hand,Thak - Steady Hand,{},guardians_revised_thak---steady-hand
7ddbeb89-cc2c-4c62-8dd0-1deef8889185,third-party-document,0,0,"{""obverse"": ""guardians_revised_thunder-hawk"", ""reverse"": ""guardians_card-back""}","{""name_printed"": ""Thunder Hawk"", ""rarity"": ""Rare-2"", ""type"": ""Elemental"", ""item_dimensions"": ""{\u0022height\u0022: \u00223.5\u0022, \u0022width\u0022: \u00222.5\u0022, \u0022unit\u0022: \u0022inch\u0022}""}",d25eb25b-dfa0-4ef0-ad1e-d9396730114e,a881755f-6915-48e9-a3c8-6986f2e61bf1,Thunder Hawk,Thunder Hawk,{},guardians_revised_thunder-hawk
52743e29-3f13-416d-861d-c951279c3932,third-party-document,0,0,"{""obverse"": ""guardians_revised_tookle---leader-of-the-many"", ""reverse"": ""guardians_card-back""}","{""name_printed"": ""Tookle - Leader of the Many"", ""rarity"": ""Rare-2"", ""type"": ""Guardian"", ""item_dimensions"": ""{\u0022height\u0022: \u00223.5\u0022, \u0022width\u0022: \u00222.5\u0022, \u0022unit\u0022: \u0022inch\u0022}""}",d25eb25b-dfa0-4ef0-ad1e-d9396730114e,a881755f-6915-48e9-a3c8-6986f2e61bf1,Tookle - Leader of the Many,Tookle - Leader of the Many,{},guardians_revised_tookle---leader-of-the-many
7dfe5df4-4f6d-4b65-a2d2-7fa432893aeb,third-party-document,0,0,"{""obverse"": ""guardians_revised_valkyrie-spirit"", ""reverse"": ""guardians_card-back""}","{""name_printed"": ""Valkyrie Spirit"", ""rarity"": ""Rare-2"", ""type"": ""External"", ""item_dimensions"": ""{\u0022height\u0022: \u00223.5\u0022, \u0022width\u0022: \u00222.5\u0022, \u0022unit\u0022: \u0022inch\u0022}""}",d25eb25b-dfa0-4ef0-ad1e-d9396730114e,a881755f-6915-48e9-a3c8-6986f2e61bf1,Valkyrie Spirit,Valkyrie Spirit,{},guardians_revised_valkyrie-spirit
de753b66-bed2-4c43-873a-dd913cc93ae2,third-party-document,0,0,"{""obverse"": ""guardians_revised_vampire-lord"", ""reverse"": ""guardians_card-back""}","{""name_printed"": ""Vampire Lord"", ""rarity"": ""Rare-2"", ""type"": ""External"", ""item_dimensions"": ""{\u0022height\u0022: \u00223.5\u0022, \u0022width\u0022: \u00222.5\u0022, \u0022unit\u0022: \u0022inch\u0022}""}",d25eb25b-dfa0-4ef0-ad1e-d9396730114e,a881755f-6915-48e9-a3c8-6986f2e61bf1,Vampire Lord,Vampire Lord,{},guardians_revised_vampire-lord
334d92df-8fff-4bc0-a752-bd0513f3fe25,third-party-document,0,0,"{""obverse"": ""guardians_revised_cow"", ""reverse"": ""guardians_card-back""}","{""name_printed"": ""Cow"", ""rarity"": ""Rare-2"", ""type"": ""Mortal"", ""item_dimensions"": ""{\u0022height\u0022: \u00223.5\u0022, \u0022width\u0022: \u00222.5\u0022, \u0022unit\u0022: \u0022inch\u0022}""}",d25eb25b-dfa0-4ef0-ad1e-d9396730114e,a881755f-6915-48e9-a3c8-6986f2e61bf1,Cow,Cow,{},guardians_revised_cow
b410de6d-32e1-46c6-847f-7c276c32e938,third-party-document,0,0,"{""obverse"": ""guardians_revised_gringe-commander"", ""reverse"": ""guardians_card-back""}","{""name_printed"": ""Gringe Commander"", ""rarity"": ""Rare-2"", ""type"": ""Mortal"", ""item_dimensions"": ""{\u0022height\u0022: \u00223.5\u0022, \u0022width\u0022: \u00222.5\u0022, \u0022unit\u0022: \u0022inch\u0022}""}",d25eb25b-dfa0-4ef0-ad1e-d9396730114e,a881755f-6915-48e9-a3c8-6986f2e61bf1,Gringe Commander,Gringe Commander,{},guardians_revised_gringe-commander
958986c8-15fc-43c4-a706-82e0a2efe988,third-party-document,0,0,"{""obverse"": ""guardians_revised_phantom-stalker"", ""reverse"": ""guardians_card-back""}","{""name_printed"": ""Phantom Stalker"", ""rarity"": ""Rare-2"", ""type"": ""External"", ""item_dimensions"": ""{\u0022height\u0022: \u00223.5\u0022, \u0022width\u0022: \u00222.5\u0022, \u0022unit\u0022: \u0022inch\u0022}""}",d25eb25b-dfa0-4ef0-ad1e-d9396730114e,a881755f-6915-48e9-a3c8-6986f2e61bf1,Phantom Stalker,Phantom Stalker,{},guardians_revised_phantom-stalker
59ec1011-dcc4-4f2f-bfbe-d214b316cbc4,third-party-document,0,0,"{""obverse"": ""guardians_revised_spirit-of-the-forge"", ""reverse"": ""guardians_card-back""}","{""name_printed"": ""Spirit of the Forge"", ""rarity"": ""Rare-2"", ""type"": ""Elemental"", ""item_dimensions"": ""{\u0022height\u0022: \u00223.5\u0022, \u0022width\u0022: \u00222.5\u0022, \u0022unit\u0022: \u0022inch\u0022}""}",d25eb25b-dfa0-4ef0-ad1e-d9396730114e,a881755f-6915-48e9-a3c8-6986f2e61bf1,Spirit of the Forge,Spirit of the Forge,{},guardians_revised_spirit-of-the-forge
a22e35a3-9054-434a-8e1b-e326afc2eb28,third-party-document,0,0,"{""obverse"": ""guardians_revised_standard-bearer-[brom's-angelic,-13]"", ""reverse"": ""guardians_card-back""}","{""name_printed"": ""Standard Bearer [Brom's Angelic, 13]"", ""rarity"": ""Rare-2"", ""type"": ""Shield"", ""item_dimensions"": ""{\u0022height\u0022: \u00223.5\u0022, \u0022width\u0022: \u00222.5\u0022, \u0022unit\u0022: \u0022inch\u0022}""}",d25eb25b-dfa0-4ef0-ad1e-d9396730114e,a881755f-6915-48e9-a3c8-6986f2e61bf1,"Standard Bearer [Brom's Angelic, 13]","Standard Bearer [Brom's Angelic, 13]",{},"guardians_revised_standard-bearer-[brom's-angelic,-13]"
11ca86b4-09b8-4378-8a7f-40e7ee85dcd0,third-party-document,0,0,"{""obverse"": ""guardians_revised_standard-bearer-[ploog's-chicken,-12]"", ""reverse"": ""guardians_card-back""}","{""name_printed"": ""Standard Bearer [Ploog's Chicken, 12]"", ""rarity"": ""Rare-2"", ""type"": ""Shield"", ""item_dimensions"": ""{\u0022height\u0022: \u00223.5\u0022, \u0022width\u0022: \u00222.5\u0022, \u0022unit\u0022: \u0022inch\u0022}""}",d25eb25b-dfa0-4ef0-ad1e-d9396730114e,a881755f-6915-48e9-a3c8-6986f2e61bf1,"Standard Bearer [Ploog's Chicken, 12]","Standard Bearer [Ploog's Chicken, 12]",{},"guardians_revised_standard-bearer-[ploog's-chicken,-12]"
79d05933-3e6e-4b57-9203-74242d1931bf,third-party-document,0,0,"{""obverse"": ""guardians_revised_wraith"", ""reverse"": ""guardians_card-back""}","{""name_printed"": ""Wraith"", ""rarity"": ""Rare-2"", ""type"": ""External"", ""item_dimensions"": ""{\u0022height\u0022: \u00223.5\u0022, \u0022width\u0022: \u00222.5\u0022, \u0022unit\u0022: \u0022inch\u0022}""}",d25eb25b-dfa0-4ef0-ad1e-d9396730114e,a881755f-6915-48e9-a3c8-6986f2e61bf1,Wraith,Wraith,{},guardians_revised_wraith
8b8cbe7b-77fa-45b2-960f-ceab33ee9d51,third-party-document,0,0,"{""obverse"": ""guardians_revised_carreg-amroth-stronghold-(c)"", ""reverse"": ""guardians_card-back""}","{""name_printed"": ""Carreg Amroth Stronghold (C)"", ""rarity"": ""Starter"", ""type"": ""Stronghold"", ""item_dimensions"": ""{\u0022height\u0022: \u00223.5\u0022, \u0022width\u0022: \u00222.5\u0022, \u0022unit\u0022: \u0022inch\u0022}""}",d25eb25b-dfa0-4ef0-ad1e-d9396730114e,a881755f-6915-48e9-a3c8-6986f2e61bf1,Carreg Amroth Stronghold (C),Carreg Amroth Stronghold (C),{},guardians_revised_carreg-amroth-stronghold-(c)
d2bee187-85bc-40a7-a96c-36b4f73941e8,third-party-document,0,0,"{""obverse"": ""guardians_revised_carreg-amroth-stronghold-(l)"", ""reverse"": ""guardians_card-back""}","{""name_printed"": ""Carreg Amroth Stronghold (L)"", ""rarity"": ""Starter"", ""type"": ""Stronghold"", ""item_dimensions"": ""{\u0022height\u0022: \u00223.5\u0022, \u0022width\u0022: \u00222.5\u0022, \u0022unit\u0022: \u0022inch\u0022}""}",d25eb25b-dfa0-4ef0-ad1e-d9396730114e,a881755f-6915-48e9-a3c8-6986f2e61bf1,Carreg Amroth Stronghold (L),Carreg Amroth Stronghold (L),{},guardians_revised_carreg-amroth-stronghold-(l)
4c573b11-45d6-444b-b6e1-eba1f2e84a3d,third-party-document,0,0,"{""obverse"": ""guardians_revised_carreg-amroth-stronghold-(r)"", ""reverse"": ""guardians_card-back""}","{""name_printed"": ""Carreg Amroth Stronghold (R)"", ""rarity"": ""Starter"", ""type"": ""Stronghold"", ""item_dimensions"": ""{\u0022height\u0022: \u00223.5\u0022, \u0022width\u0022: \u00222.5\u0022, \u0022unit\u0022: \u0022inch\u0022}""}",d25eb25b-dfa0-4ef0-ad1e-d9396730114e,a881755f-6915-48e9-a3c8-6986f2e61bf1,Carreg Amroth Stronghold (R),Carreg Amroth Stronghold (R),{},guardians_revised_carreg-amroth-stronghold-(r)
95c85af3-9965-45a7-937c-eb60fb39f0a1,third-party-document,0,0,"{""obverse"": ""guardians_revised_khnumian-stronghold-(c)"", ""reverse"": ""guardians_card-back""}","{""name_printed"": ""Khnumian Stronghold (C)"", ""rarity"": ""Starter"", ""type"": ""Stronghold"", ""item_dimensions"": ""{\u0022height\u0022: \u00223.5\u0022, \u0022width\u0022: \u00222.5\u0022, \u0022unit\u0022: \u0022inch\u0022}""}",d25eb25b-dfa0-4ef0-ad1e-d9396730114e,a881755f-6915-48e9-a3c8-6986f2e61bf1,Khnumian Stronghold (C),Khnumian Stronghold (C),{},guardians_revised_khnumian-stronghold-(c)
3db0bb7c-f1f7-4407-9784-3601b973eca8,third-party-document,0,0,"{""obverse"": ""guardians_revised_khnumian-stronghold-(l)"", ""reverse"": ""guardians_card-back""}","{""name_printed"": ""Khnumian Stronghold (L)"", ""rarity"": ""Starter"", ""type"": ""Stronghold"", ""item_dimensions"": ""{\u0022height\u0022: \u00223.5\u0022, \u0022width\u0022: \u00222.5\u0022, \u0022unit\u0022: \u0022inch\u0022}""}",d25eb25b-dfa0-4ef0-ad1e-d9396730114e,a881755f-6915-48e9-a3c8-6986f2e61bf1,Khnumian Stronghold (L),Khnumian Stronghold (L),{},guardians_revised_khnumian-stronghold-(l)
40bd4c3e-15b0-46f0-9b0d-8c60025e4145,third-party-document,0,0,"{""obverse"": ""guardians_revised_khnumian-stronghold-(r)"", ""reverse"": ""guardians_card-back""}","{""name_printed"": ""Khnumian Stronghold (R)"", ""rarity"": ""Starter"", ""type"": ""Stronghold"", ""item_dimensions"": ""{\u0022height\u0022: \u00223.5\u0022, \u0022width\u0022: \u00222.5\u0022, \u0022unit\u0022: \u0022inch\u0022}""}",d25eb25b-dfa0-4ef0-ad1e-d9396730114e,a881755f-6915-48e9-a3c8-6986f2e61bf1,Khnumian Stronghold (R),Khnumian Stronghold (R),{},guardians_revised_khnumian-stronghold-(r)
b784e0c5-4b35-45d8-9de7-548eff5575d8,third-party-document,0,0,"{""obverse"": ""guardians_revised_rak-nam---leader-of-the-mighty"", ""reverse"": ""guardians_card-back""}","{""name_printed"": ""Rak Nam - Leader of the Mighty"", ""rarity"": ""Starter"", ""type"": ""Guardian"", ""item_dimensions"": ""{\u0022height\u0022: \u00223.5\u0022, \u0022width\u0022: \u00222.5\u0022, \u0022unit\u0022: \u0022inch\u0022}""}",d25eb25b-dfa0-4ef0-ad1e-d9396730114e,a881755f-6915-48e9-a3c8-6986f2e61bf1,Rak Nam - Leader of the Mighty,Rak Nam - Leader of the Mighty,{},guardians_revised_rak-nam---leader-of-the-mighty
82e63bab-a662-4f2d-8143-8da6469d4f6c,third-party-document,0,0,"{""obverse"": ""guardians_revised_sabu-amantek-(c)"", ""reverse"": ""guardians_card-back""}","{""name_printed"": ""Sabu Amantek (C)"", ""rarity"": ""Starter"", ""type"": ""Stronghold"", ""item_dimensions"": ""{\u0022height\u0022: \u00223.5\u0022, \u0022width\u0022: \u00222.5\u0022, \u0022unit\u0022: \u0022inch\u0022}""}",d25eb25b-dfa0-4ef0-ad1e-d9396730114e,a881755f-6915-48e9-a3c8-6986f2e61bf1,Sabu Amantek (C),Sabu Amantek (C),{},guardians_revised_sabu-amantek-(c)
ce726222-4e06-4e5c-817f-ba36dec1c8f6,third-party-document,0,0,"{""obverse"": ""guardians_revised_sabu-amantek-(l)"", ""reverse"": ""guardians_card-back""}","{""name_printed"": ""Sabu Amantek (L)"", ""rarity"": ""Starter"", ""type"": ""Stronghold"", ""item_dimensions"": ""{\u0022height\u0022: \u00223.5\u0022, \u0022width\u0022: \u00222.5\u0022, \u0022unit\u0022: \u0022inch\u0022}""}",d25eb25b-dfa0-4ef0-ad1e-d9396730114e,a881755f-6915-48e9-a3c8-6986f2e61bf1,Sabu Amantek (L),Sabu Amantek (L),{},guardians_revised_sabu-amantek-(l)
2b4629c7-67a7-4ad8-95aa-69362af6e5cf,third-party-document,0,0,"{""obverse"": ""guardians_revised_sabu-amantek-(r)"", ""reverse"": ""guardians_card-back""}","{""name_printed"": ""Sabu Amantek (R)"", ""rarity"": ""Starter"", ""type"": ""Stronghold"", ""item_dimensions"": ""{\u0022height\u0022: \u00223.5\u0022, \u0022width\u0022: \u00222.5\u0022, \u0022unit\u0022: \u0022inch\u0022}""}",d25eb25b-dfa0-4ef0-ad1e-d9396730114e,a881755f-6915-48e9-a3c8-6986f2e61bf1,Sabu Amantek (R),Sabu Amantek (R),{},guardians_revised_sabu-amantek-(r)
4e9ead81-2a54-48da-bb97-8b2ae7b20ae6,third-party-document,0,0,"{""obverse"": ""guardians_revised_shield-[brom's-dragon,-10]-(4)"", ""reverse"": ""guardians_card-back""}","{""name_printed"": ""Shield [Brom's Dragon, 10] (4)"", ""rarity"": ""Starter"", ""type"": ""Shield"", ""item_dimensions"": ""{\u0022height\u0022: \u00223.5\u0022, \u0022width\u0022: \u00222.5\u0022, \u0022unit\u0022: \u0022inch\u0022}""}",d25eb25b-dfa0-4ef0-ad1e-d9396730114e,a881755f-6915-48e9-a3c8-6986f2e61bf1,"Shield [Brom's Dragon, 10] (4)","Shield [Brom's Dragon, 10] (4)",{},"guardians_revised_shield-[brom's-dragon,-10]-(4)"
895387db-910f-4496-a7b0-6f19b42cceab,third-party-document,0,0,"{""obverse"": ""guardians_revised_shield-[brom's-dragon,-13]-(2)"", ""reverse"": ""guardians_card-back""}","{""name_printed"": ""Shield [Brom's Dragon, 13] (2)"", ""rarity"": ""Starter"", ""type"": ""Shield"", ""item_dimensions"": ""{\u0022height\u0022: \u00223.5\u0022, \u0022width\u0022: \u00222.5\u0022, \u0022unit\u0022: \u0022inch\u0022}""}",d25eb25b-dfa0-4ef0-ad1e-d9396730114e,a881755f-6915-48e9-a3c8-6986f2e61bf1,"Shield [Brom's Dragon, 13] (2)","Shield [Brom's Dragon, 13] (2)",{},"guardians_revised_shield-[brom's-dragon,-13]-(2)"
5b5052c0-1155-4c5b-bc8e-3f7f4ead096f,third-party-document,0,0,"{""obverse"": ""guardians_revised_shield-[maitz's-lightning,-10]-(2)"", ""reverse"": ""guardians_card-back""}","{""name_printed"": ""Shield [Maitz's Lightning, 10] (2)"", ""rarity"": ""Starter"", ""type"": ""Shield"", ""item_dimensions"": ""{\u0022height\u0022: \u00223.5\u0022, \u0022width\u0022: \u00222.5\u0022, \u0022unit\u0022: \u0022inch\u0022}""}",d25eb25b-dfa0-4ef0-ad1e-d9396730114e,a881755f-6915-48e9-a3c8-6986f2e61bf1,"Shield [Maitz's Lightning, 10] (2)","Shield [Maitz's Lightning, 10] (2)",{},"guardians_revised_shield-[maitz's-lightning,-10]-(2)"
0f622d12-2ce9-4f19-a4a7-415a97de344f,third-party-document,0,0,"{""obverse"": ""guardians_revised_shield-[maitz's-lightning,-14]-(3)"", ""reverse"": ""guardians_card-back""}","{""name_printed"": ""Shield [Maitz's Lightning, 14] (3)"", ""rarity"": ""Starter"", ""type"": ""Shield"", ""item_dimensions"": ""{\u0022height\u0022: \u00223.5\u0022, \u0022width\u0022: \u00222.5\u0022, \u0022unit\u0022: \u0022inch\u0022}""}",d25eb25b-dfa0-4ef0-ad1e-d9396730114e,a881755f-6915-48e9-a3c8-6986f2e61bf1,"Shield [Maitz's Lightning, 14] (3)","Shield [Maitz's Lightning, 14] (3)",{},"guardians_revised_shield-[maitz's-lightning,-14]-(3)"
40393945-d20b-48d6-b7b7-bba1a040a3f7,third-party-document,0,0,"{""obverse"": ""guardians_revised_shield-[ploog's-chicken,-07]-(3)"", ""reverse"": ""guardians_card-back""}","{""name_printed"": ""Shield [Ploog's Chicken, 07] (3)"", ""rarity"": ""Starter"", ""type"": ""Shield"", ""item_dimensions"": ""{\u0022height\u0022: \u00223.5\u0022, \u0022width\u0022: \u00222.5\u0022, \u0022unit\u0022: \u0022inch\u0022}""}",d25eb25b-dfa0-4ef0-ad1e-d9396730114e,a881755f-6915-48e9-a3c8-6986f2e61bf1,"Shield [Ploog's Chicken, 07] (3)","Shield [Ploog's Chicken, 07] (3)",{},"guardians_revised_shield-[ploog's-chicken,-07]-(3)"
6c2fe070-2d7b-45f9-bb42-65d2cfed54b3,third-party-document,0,0,"{""obverse"": ""guardians_revised_shield-[ploog's-chicken,-14]-(2)"", ""reverse"": ""guardians_card-back""}","{""name_printed"": ""Shield [Ploog's Chicken, 14] (2)"", ""rarity"": ""Starter"", ""type"": ""Shield"", ""item_dimensions"": ""{\u0022height\u0022: \u00223.5\u0022, \u0022width\u0022: \u00222.5\u0022, \u0022unit\u0022: \u0022inch\u0022}""}",d25eb25b-dfa0-4ef0-ad1e-d9396730114e,a881755f-6915-48e9-a3c8-6986f2e61bf1,"Shield [Ploog's Chicken, 14] (2)","Shield [Ploog's Chicken, 14] (2)",{},"guardians_revised_shield-[ploog's-chicken,-14]-(2)"
c310dcda-6012-4702-bf2f-6957d8ffee30,third-party-document,0,0,"{""obverse"": ""guardians_revised_shield-[ploog's-ox,-07]"", ""reverse"": ""guardians_card-back""}","{""name_printed"": ""Shield [Ploog's Ox, 07]"", ""rarity"": ""Starter"", ""type"": ""Shield"", ""item_dimensions"": ""{\u0022height\u0022: \u00223.5\u0022, \u0022width\u0022: \u00222.5\u0022, \u0022unit\u0022: \u0022inch\u0022}""}",d25eb25b-dfa0-4ef0-ad1e-d9396730114e,a881755f-6915-48e9-a3c8-6986f2e61bf1,"Shield [Ploog's Ox, 07]","Shield [Ploog's Ox, 07]",{},"guardians_revised_shield-[ploog's-ox,-07]"
4a48f417-649c-4b7c-b0ae-0ae7a2a2950f,third-party-document,0,0,"{""obverse"": ""guardians_revised_shield-[ploog's-ox,-10]-(3)"", ""reverse"": ""guardians_card-back""}","{""name_printed"": ""Shield [Ploog's Ox, 10] (3)"", ""rarity"": ""Starter"", ""type"": ""Shield"", ""item_dimensions"": ""{\u0022height\u0022: \u00223.5\u0022, \u0022width\u0022: \u00222.5\u0022, \u0022unit\u0022: \u0022inch\u0022}""}",d25eb25b-dfa0-4ef0-ad1e-d9396730114e,a881755f-6915-48e9-a3c8-6986f2e61bf1,"Shield [Ploog's Ox, 10] (3)","Shield [Ploog's Ox, 10] (3)",{},"guardians_revised_shield-[ploog's-ox,-10]-(3)"
9c34aa4c-9168-4638-9082-05d70bb32c5e,third-party-document,0,0,"{""obverse"": ""guardians_revised_shield-[warhola's-snakes,-09]-(3)"", ""reverse"": ""guardians_card-back""}","{""name_printed"": ""Shield [Warhola's Snakes, 09] (3)"", ""rarity"": ""Starter"", ""type"": ""Shield"", ""item_dimensions"": ""{\u0022height\u0022: \u00223.5\u0022, \u0022width\u0022: \u00222.5\u0022, \u0022unit\u0022: \u0022inch\u0022}""}",d25eb25b-dfa0-4ef0-ad1e-d9396730114e,a881755f-6915-48e9-a3c8-6986f2e61bf1,"Shield [Warhola's Snakes, 09] (3)","Shield [Warhola's Snakes, 09] (3)",{},"guardians_revised_shield-[warhola's-snakes,-09]-(3)"
379435a5-d09f-4d7f-b187-e0b73d253118,third-party-document,0,0,"{""obverse"": ""guardians_revised_shield-[warhola's-snakes,-10]-(3)"", ""reverse"": ""guardians_card-back""}","{""name_printed"": ""Shield [Warhola's Snakes, 10] (3)"", ""rarity"": ""Starter"", ""type"": ""Shield"", ""item_dimensions"": ""{\u0022height\u0022: \u00223.5\u0022, \u0022width\u0022: \u00222.5\u0022, \u0022unit\u0022: \u0022inch\u0022}""}",d25eb25b-dfa0-4ef0-ad1e-d9396730114e,a881755f-6915-48e9-a3c8-6986f2e61bf1,"Shield [Warhola's Snakes, 10] (3)","Shield [Warhola's Snakes, 10] (3)",{},"guardians_revised_shield-[warhola's-snakes,-10]-(3)"
6e1b122a-67f8-42b4-883e-228ca674267f,third-party-document,0,0,"{""obverse"": ""guardians_revised_shield-[warhola's-snakes,-11]-(3)"", ""reverse"": ""guardians_card-back""}","{""name_printed"": ""Shield [Warhola's Snakes, 11] (3)"", ""rarity"": ""Starter"", ""type"": ""Shield"", ""item_dimensions"": ""{\u0022height\u0022: \u00223.5\u0022, \u0022width\u0022: \u00222.5\u0022, \u0022unit\u0022: \u0022inch\u0022}""}",d25eb25b-dfa0-4ef0-ad1e-d9396730114e,a881755f-6915-48e9-a3c8-6986f2e61bf1,"Shield [Warhola's Snakes, 11] (3)","Shield [Warhola's Snakes, 11] (3)",{},"guardians_revised_shield-[warhola's-snakes,-11]-(3)"
1e852483-7e9c-4ee0-8249-92a79539c14a,third-party-document,0,0,"{""obverse"": ""guardians_revised_siin---stealer-of-the-power"", ""reverse"": ""guardians_card-back""}","{""name_printed"": ""Siin - Stealer of the Power"", ""rarity"": ""Starter"", ""type"": ""Guardian"", ""item_dimensions"": ""{\u0022height\u0022: \u00223.5\u0022, \u0022width\u0022: \u00222.5\u0022, \u0022unit\u0022: \u0022inch\u0022}""}",d25eb25b-dfa0-4ef0-ad1e-d9396730114e,a881755f-6915-48e9-a3c8-6986f2e61bf1,Siin - Stealer of the Power,Siin - Stealer of the Power,{},guardians_revised_siin---stealer-of-the-power
2ab0ca83-1bf9-4c7b-ab2e-4c733901ec96,third-party-document,0,0,"{""obverse"": ""guardians_revised_tes-let---leader-with-foresight"", ""reverse"": ""guardians_card-back""}","{""name_printed"": ""Tes Let - Leader with Foresight"", ""rarity"": ""Starter"", ""type"": ""Guardian"", ""item_dimensions"": ""{\u0022height\u0022: \u00223.5\u0022, \u0022width\u0022: \u00222.5\u0022, \u0022unit\u0022: \u0022inch\u0022}""}",d25eb25b-dfa0-4ef0-ad1e-d9396730114e,a881755f-6915-48e9-a3c8-6986f2e61bf1,Tes Let - Leader with Foresight,Tes Let - Leader with Foresight,{},guardians_revised_tes-let---leader-with-foresight
b1a5b618-4e20-4d88-8afd-1e037cba8bda,third-party-document,0,0,"{""obverse"": ""guardians_revised_turn-phases---combat-summary"", ""reverse"": ""guardians_card-back""}","{""name_printed"": ""Turn Phases / Combat Summary"", ""rarity"": ""Starter"", ""type"": ""GamePlay"", ""item_dimensions"": ""{\u0022height\u0022: \u00223.5\u0022, \u0022width\u0022: \u00222.5\u0022, \u0022unit\u0022: \u0022inch\u0022}""}",d25eb25b-dfa0-4ef0-ad1e-d9396730114e,a881755f-6915-48e9-a3c8-6986f2e61bf1,Turn Phases / Combat Summary,Turn Phases / Combat Summary,{},guardians_revised_turn-phases---combat-summary
d9a365e1-1a6b-4a1a-af41-399478128740,third-party-document,0,0,"{""obverse"": ""guardians_revised_shield-[brom's-angelic,-08]-(3)"", ""reverse"": ""guardians_card-back""}","{""name_printed"": ""Shield [Brom's Angelic, 08] (3)"", ""rarity"": ""Starter"", ""type"": ""Shield"", ""item_dimensions"": ""{\u0022height\u0022: \u00223.5\u0022, \u0022width\u0022: \u00222.5\u0022, \u0022unit\u0022: \u0022inch\u0022}""}",d25eb25b-dfa0-4ef0-ad1e-d9396730114e,a881755f-6915-48e9-a3c8-6986f2e61bf1,"Shield [Brom's Angelic, 08] (3)","Shield [Brom's Angelic, 08] (3)",{},"guardians_revised_shield-[brom's-angelic,-08]-(3)"
3dd1106b-dbe3-491f-bf7e-5b65bb852ed7,third-party-document,0,0,"{""obverse"": ""guardians_revised_shield-[brom's-angelic,-09]"", ""reverse"": ""guardians_card-back""}","{""name_printed"": ""Shield [Brom's Angelic, 09]"", ""rarity"": ""Starter"", ""type"": ""Shield"", ""item_dimensions"": ""{\u0022height\u0022: \u00223.5\u0022, \u0022width\u0022: \u00222.5\u0022, \u0022unit\u0022: \u0022inch\u0022}""}",d25eb25b-dfa0-4ef0-ad1e-d9396730114e,a881755f-6915-48e9-a3c8-6986f2e61bf1,"Shield [Brom's Angelic, 09]","Shield [Brom's Angelic, 09]",{},"guardians_revised_shield-[brom's-angelic,-09]"
7eff7a06-f1d7-497a-9004-a53706d00525,third-party-document,0,0,"{""obverse"": ""guardians_revised_shield-[brom's-angelic,-10]"", ""reverse"": ""guardians_card-back""}","{""name_printed"": ""Shield [Brom's Angelic, 10]"", ""rarity"": ""Starter"", ""type"": ""Shield"", ""item_dimensions"": ""{\u0022height\u0022: \u00223.5\u0022, \u0022width\u0022: \u00222.5\u0022, \u0022unit\u0022: \u0022inch\u0022}""}",d25eb25b-dfa0-4ef0-ad1e-d9396730114e,a881755f-6915-48e9-a3c8-6986f2e61bf1,"Shield [Brom's Angelic, 10]","Shield [Brom's Angelic, 10]",{},"guardians_revised_shield-[brom's-angelic,-10]"
810a4b18-5097-4d9c-909c-5a4daa9c1904,third-party-document,0,0,"{""obverse"": ""guardians_revised_shield-[brom's-angelic,-11]"", ""reverse"": ""guardians_card-back""}","{""name_printed"": ""Shield [Brom's Angelic, 11]"", ""rarity"": ""Starter"", ""type"": ""Shield"", ""item_dimensions"": ""{\u0022height\u0022: \u00223.5\u0022, \u0022width\u0022: \u00222.5\u0022, \u0022unit\u0022: \u0022inch\u0022}""}",d25eb25b-dfa0-4ef0-ad1e-d9396730114e,a881755f-6915-48e9-a3c8-6986f2e61bf1,"Shield [Brom's Angelic, 11]","Shield [Brom's Angelic, 11]",{},"guardians_revised_shield-[brom's-angelic,-11]"
03ad9ae5-4615-4bbb-8772-d85c0edf68a0,third-party-document,0,0,"{""obverse"": ""guardians_revised_shield-[brom's-angelic,-12]-(3)"", ""reverse"": ""guardians_card-back""}","{""name_printed"": ""Shield [Brom's Angelic, 12] (3)"", ""rarity"": ""Starter"", ""type"": ""Shield"", ""item_dimensions"": ""{\u0022height\u0022: \u00223.5\u0022, \u0022width\u0022: \u00222.5\u0022, \u0022unit\u0022: \u0022inch\u0022}""}",d25eb25b-dfa0-4ef0-ad1e-d9396730114e,a881755f-6915-48e9-a3c8-6986f2e61bf1,"Shield [Brom's Angelic, 12] (3)","Shield [Brom's Angelic, 12] (3)",{},"guardians_revised_shield-[brom's-angelic,-12]-(3)"
29964399-5a2c-4944-9e5a-e9b2e794d340,third-party-document,0,0,"{""obverse"": ""guardians_revised_shield-[brom's-demonic,-04]"", ""reverse"": ""guardians_card-back""}","{""name_printed"": ""Shield [Brom's Demonic, 04]"", ""rarity"": ""Starter"", ""type"": ""Shield"", ""item_dimensions"": ""{\u0022height\u0022: \u00223.5\u0022, \u0022width\u0022: \u00222.5\u0022, \u0022unit\u0022: \u0022inch\u0022}""}",d25eb25b-dfa0-4ef0-ad1e-d9396730114e,a881755f-6915-48e9-a3c8-6986f2e61bf1,"Shield [Brom's Demonic, 04]","Shield [Brom's Demonic, 04]",{},"guardians_revised_shield-[brom's-demonic,-04]"
c40b32ca-1a7d-4a7a-8eb9-7fa57031c4d1,third-party-document,0,0,"{""obverse"": ""guardians_revised_shield-[brom's-demonic,-08]-(2)"", ""reverse"": ""guardians_card-back""}","{""name_printed"": ""Shield [Brom's Demonic, 08] (2)"", ""rarity"": ""Starter"", ""type"": ""Shield"", ""item_dimensions"": ""{\u0022height\u0022: \u00223.5\u0022, \u0022width\u0022: \u00222.5\u0022, \u0022unit\u0022: \u0022inch\u0022}""}",d25eb25b-dfa0-4ef0-ad1e-d9396730114e,a881755f-6915-48e9-a3c8-6986f2e61bf1,"Shield [Brom's Demonic, 08] (2)","Shield [Brom's Demonic, 08] (2)",{},"guardians_revised_shield-[brom's-demonic,-08]-(2)"
b4a1c864-1450-44bd-8dd8-514f334c48bf,third-party-document,0,0,"{""obverse"": ""guardians_revised_shield-[brom's-demonic,-10]-(3)"", ""reverse"": ""guardians_card-back""}","{""name_printed"": ""Shield [Brom's Demonic, 10] (3)"", ""rarity"": ""Starter"", ""type"": ""Shield"", ""item_dimensions"": ""{\u0022height\u0022: \u00223.5\u0022, \u0022width\u0022: \u00222.5\u0022, \u0022unit\u0022: \u0022inch\u0022}""}",d25eb25b-dfa0-4ef0-ad1e-d9396730114e,a881755f-6915-48e9-a3c8-6986f2e61bf1,"Shield [Brom's Demonic, 10] (3)","Shield [Brom's Demonic, 10] (3)",{},"guardians_revised_shield-[brom's-demonic,-10]-(3)"
47f15fe7-0ba2-4041-afb9-c582c307d0d2,third-party-document,0,0,"{""obverse"": ""guardians_revised_shield-[brom's-demonic,-12]"", ""reverse"": ""guardians_card-back""}","{""name_printed"": ""Shield [Brom's Demonic, 12]"", ""rarity"": ""Starter"", ""type"": ""Shield"", ""item_dimensions"": ""{\u0022height\u0022: \u00223.5\u0022, \u0022width\u0022: \u00222.5\u0022, \u0022unit\u0022: \u0022inch\u0022}""}",d25eb25b-dfa0-4ef0-ad1e-d9396730114e,a881755f-6915-48e9-a3c8-6986f2e61bf1,"Shield [Brom's Demonic, 12]","Shield [Brom's Demonic, 12]",{},"guardians_revised_shield-[brom's-demonic,-12]"
25d27659-15e8-4cb3-8d47-bf53156ea5ba,third-party-document,0,0,"{""obverse"": ""guardians_revised_shield-[brom's-demonic,-14]-(2)"", ""reverse"": ""guardians_card-back""}","{""name_printed"": ""Shield [Brom's Demonic, 14] (2)"", ""rarity"": ""Starter"", ""type"": ""Shield"", ""item_dimensions"": ""{\u0022height\u0022: \u00223.5\u0022, \u0022width\u0022: \u00222.5\u0022, \u0022unit\u0022: \u0022inch\u0022}""}",d25eb25b-dfa0-4ef0-ad1e-d9396730114e,a881755f-6915-48e9-a3c8-6986f2e61bf1,"Shield [Brom's Demonic, 14] (2)","Shield [Brom's Demonic, 14] (2)",{},"guardians_revised_shield-[brom's-demonic,-14]-(2)"
9406139c-f7db-451d-8752-c0702a917792,third-party-document,0,0,"{""obverse"": ""guardians_revised_shield-[brom's-dragon,-07]"", ""reverse"": ""guardians_card-back""}","{""name_printed"": ""Shield [Brom's Dragon, 07]"", ""rarity"": ""Starter"", ""type"": ""Shield"", ""item_dimensions"": ""{\u0022height\u0022: \u00223.5\u0022, \u0022width\u0022: \u00222.5\u0022, \u0022unit\u0022: \u0022inch\u0022}""}",d25eb25b-dfa0-4ef0-ad1e-d9396730114e,a881755f-6915-48e9-a3c8-6986f2e61bf1,"Shield [Brom's Dragon, 07]","Shield [Brom's Dragon, 07]",{},"guardians_revised_shield-[brom's-dragon,-07]"
8178de01-e4fb-41b5-9ee6-60a37528ded7,third-party-document,0,0,"{""obverse"": ""guardians_revised_shield-[brom's-dragon,-09]"", ""reverse"": ""guardians_card-back""}","{""name_printed"": ""Shield [Brom's Dragon, 09]"", ""rarity"": ""Starter"", ""type"": ""Shield"", ""item_dimensions"": ""{\u0022height\u0022: \u00223.5\u0022, \u0022width\u0022: \u00222.5\u0022, \u0022unit\u0022: \u0022inch\u0022}""}",d25eb25b-dfa0-4ef0-ad1e-d9396730114e,a881755f-6915-48e9-a3c8-6986f2e61bf1,"Shield [Brom's Dragon, 09]","Shield [Brom's Dragon, 09]",{},"guardians_revised_shield-[brom's-dragon,-09]"
fb438f52-4a09-4df0-977c-8b4187ac97cb,third-party-document,0,0,"{""obverse"": ""guardians_revised_shield-[brom's-dragon,-11]"", ""reverse"": ""guardians_card-back""}","{""name_printed"": ""Shield [Brom's Dragon, 11]"", ""rarity"": ""Starter"", ""type"": ""Shield"", ""item_dimensions"": ""{\u0022height\u0022: \u00223.5\u0022, \u0022width\u0022: \u00222.5\u0022, \u0022unit\u0022: \u0022inch\u0022}""}",d25eb25b-dfa0-4ef0-ad1e-d9396730114e,a881755f-6915-48e9-a3c8-6986f2e61bf1,"Shield [Brom's Dragon, 11]","Shield [Brom's Dragon, 11]",{},"guardians_revised_shield-[brom's-dragon,-11]"
dffb47b2-29c2-4aae-ad2b-a2aea4da08ae,third-party-document,0,0,"{""obverse"": ""guardians_revised_shield-[brom's-skull,-06]"", ""reverse"": ""guardians_card-back""}","{""name_printed"": ""Shield [Brom's Skull, 06]"", ""rarity"": ""Starter"", ""type"": ""Shield"", ""item_dimensions"": ""{\u0022height\u0022: \u00223.5\u0022, \u0022width\u0022: \u00222.5\u0022, \u0022unit\u0022: \u0022inch\u0022}""}",d25eb25b-dfa0-4ef0-ad1e-d9396730114e,a881755f-6915-48e9-a3c8-6986f2e61bf1,"Shield [Brom's Skull, 06]","Shield [Brom's Skull, 06]",{},"guardians_revised_shield-[brom's-skull,-06]"
17227192-5427-4c2c-b7dc-5ecaae4d161f,third-party-document,0,0,"{""obverse"": ""guardians_revised_shield-[brom's-skull,-07]"", ""reverse"": ""guardians_card-back""}","{""name_printed"": ""Shield [Brom's Skull, 07]"", ""rarity"": ""Starter"", ""type"": ""Shield"", ""item_dimensions"": ""{\u0022height\u0022: \u00223.5\u0022, \u0022width\u0022: \u00222.5\u0022, \u0022unit\u0022: \u0022inch\u0022}""}",d25eb25b-dfa0-4ef0-ad1e-d9396730114e,a881755f-6915-48e9-a3c8-6986f2e61bf1,"Shield [Brom's Skull, 07]","Shield [Brom's Skull, 07]",{},"guardians_revised_shield-[brom's-skull,-07]"
aee316da-b518-475b-8187-ea01d8c725d0,third-party-document,0,0,"{""obverse"": ""guardians_revised_shield-[brom's-skull,-08]"", ""reverse"": ""guardians_card-back""}","{""name_printed"": ""Shield [Brom's Skull, 08]"", ""rarity"": ""Starter"", ""type"": ""Shield"", ""item_dimensions"": ""{\u0022height\u0022: \u00223.5\u0022, \u0022width\u0022: \u00222.5\u0022, \u0022unit\u0022: \u0022inch\u0022}""}",d25eb25b-dfa0-4ef0-ad1e-d9396730114e,a881755f-6915-48e9-a3c8-6986f2e61bf1,"Shield [Brom's Skull, 08]","Shield [Brom's Skull, 08]",{},"guardians_revised_shield-[brom's-skull,-08]"
6714400e-073e-4d95-8659-15ceea60cacc,third-party-document,0,0,"{""obverse"": ""guardians_revised_shield-[brom's-skull,-09]"", ""reverse"": ""guardians_card-back""}","{""name_printed"": ""Shield [Brom's Skull, 09]"", ""rarity"": ""Starter"", ""type"": ""Shield"", ""item_dimensions"": ""{\u0022height\u0022: \u00223.5\u0022, \u0022width\u0022: \u00222.5\u0022, \u0022unit\u0022: \u0022inch\u0022}""}",d25eb25b-dfa0-4ef0-ad1e-d9396730114e,a881755f-6915-48e9-a3c8-6986f2e61bf1,"Shield [Brom's Skull, 09]","Shield [Brom's Skull, 09]",{},"guardians_revised_shield-[brom's-skull,-09]"
d3417715-fe42-401f-bb4f-912b32e37a09,third-party-document,0,0,"{""obverse"": ""guardians_revised_shield-[brom's-skull,-10]"", ""reverse"": ""guardians_card-back""}","{""name_printed"": ""Shield [Brom's Skull, 10]"", ""rarity"": ""Starter"", ""type"": ""Shield"", ""item_dimensions"": ""{\u0022height\u0022: \u00223.5\u0022, \u0022width\u0022: \u00222.5\u0022, \u0022unit\u0022: \u0022inch\u0022}""}",d25eb25b-dfa0-4ef0-ad1e-d9396730114e,a881755f-6915-48e9-a3c8-6986f2e61bf1,"Shield [Brom's Skull, 10]","Shield [Brom's Skull, 10]",{},"guardians_revised_shield-[brom's-skull,-10]"
43721c2e-5d73-48d1-a87b-355c67d5b2dd,third-party-document,0,0,"{""obverse"": ""guardians_revised_shield-[brom's-skull,-11]"", ""reverse"": ""guardians_card-back""}","{""name_printed"": ""Shield [Brom's Skull, 11]"", ""rarity"": ""Starter"", ""type"": ""Shield"", ""item_dimensions"": ""{\u0022height\u0022: \u00223.5\u0022, \u0022width\u0022: \u00222.5\u0022, \u0022unit\u0022: \u0022inch\u0022}""}",d25eb25b-dfa0-4ef0-ad1e-d9396730114e,a881755f-6915-48e9-a3c8-6986f2e61bf1,"Shield [Brom's Skull, 11]","Shield [Brom's Skull, 11]",{},"guardians_revised_shield-[brom's-skull,-11]"
836a3de4-0557-4cf8-8a3c-fd3ac1115050,third-party-document,0,0,"{""obverse"": ""guardians_revised_shield-[brom's-skull,-12]"", ""reverse"": ""guardians_card-back""}","{""name_printed"": ""Shield [Brom's Skull, 12]"", ""rarity"": ""Starter"", ""type"": ""Shield"", ""item_dimensions"": ""{\u0022height\u0022: \u00223.5\u0022, \u0022width\u0022: \u00222.5\u0022, \u0022unit\u0022: \u0022inch\u0022}""}",d25eb25b-dfa0-4ef0-ad1e-d9396730114e,a881755f-6915-48e9-a3c8-6986f2e61bf1,"Shield [Brom's Skull, 12]","Shield [Brom's Skull, 12]",{},"guardians_revised_shield-[brom's-skull,-12]"
3243e7c1-e184-4673-993c-100bf8b760dc,third-party-document,0,0,"{""obverse"": ""guardians_revised_shield-[brom's-skull,-13]"", ""reverse"": ""guardians_card-back""}","{""name_printed"": ""Shield [Brom's Skull, 13]"", ""rarity"": ""Starter"", ""type"": ""Shield"", ""item_dimensions"": ""{\u0022height\u0022: \u00223.5\u0022, \u0022width\u0022: \u00222.5\u0022, \u0022unit\u0022: \u0022inch\u0022}""}",d25eb25b-dfa0-4ef0-ad1e-d9396730114e,a881755f-6915-48e9-a3c8-6986f2e61bf1,"Shield [Brom's Skull, 13]","Shield [Brom's Skull, 13]",{},"guardians_revised_shield-[brom's-skull,-13]"
845062f9-49e5-4ea3-a99d-6df30e1b19b5,third-party-document,0,0,"{""obverse"": ""guardians_revised_shield-[brom's-skull,-14]"", ""reverse"": ""guardians_card-back""}","{""name_printed"": ""Shield [Brom's Skull, 14]"", ""rarity"": ""Starter"", ""type"": ""Shield"", ""item_dimensions"": ""{\u0022height\u0022: \u00223.5\u0022, \u0022width\u0022: \u00222.5\u0022, \u0022unit\u0022: \u0022inch\u0022}""}",d25eb25b-dfa0-4ef0-ad1e-d9396730114e,a881755f-6915-48e9-a3c8-6986f2e61bf1,"Shield [Brom's Skull, 14]","Shield [Brom's Skull, 14]",{},"guardians_revised_shield-[brom's-skull,-14]"
dc58a1c2-e560-4a64-a584-49f5db7c5f10,third-party-document,0,0,"{""obverse"": ""guardians_revised_shield-[maitz's-insect,-06]"", ""reverse"": ""guardians_card-back""}","{""name_printed"": ""Shield [Maitz's Insect, 06]"", ""rarity"": ""Starter"", ""type"": ""Shield"", ""item_dimensions"": ""{\u0022height\u0022: \u00223.5\u0022, \u0022width\u0022: \u00222.5\u0022, \u0022unit\u0022: \u0022inch\u0022}""}",d25eb25b-dfa0-4ef0-ad1e-d9396730114e,a881755f-6915-48e9-a3c8-6986f2e61bf1,"Shield [Maitz's Insect, 06]","Shield [Maitz's Insect, 06]",{},"guardians_revised_shield-[maitz's-insect,-06]"
4f2c6afc-6c0d-4959-ad98-5b0441523497,third-party-document,0,0,"{""obverse"": ""guardians_revised_shield-[maitz's-insect,-07]"", ""reverse"": ""guardians_card-back""}","{""name_printed"": ""Shield [Maitz's Insect, 07]"", ""rarity"": ""Starter"", ""type"": ""Shield"", ""item_dimensions"": ""{\u0022height\u0022: \u00223.5\u0022, \u0022width\u0022: \u00222.5\u0022, \u0022unit\u0022: \u0022inch\u0022}""}",d25eb25b-dfa0-4ef0-ad1e-d9396730114e,a881755f-6915-48e9-a3c8-6986f2e61bf1,"Shield [Maitz's Insect, 07]","Shield [Maitz's Insect, 07]",{},"guardians_revised_shield-[maitz's-insect,-07]"
0cebb108-715f-46d4-8f0f-14a01c004864,third-party-document,0,0,"{""obverse"": ""guardians_revised_shield-[maitz's-insect,-08]"", ""reverse"": ""guardians_card-back""}","{""name_printed"": ""Shield [Maitz's Insect, 08]"", ""rarity"": ""Starter"", ""type"": ""Shield"", ""item_dimensions"": ""{\u0022height\u0022: \u00223.5\u0022, \u0022width\u0022: \u00222.5\u0022, \u0022unit\u0022: \u0022inch\u0022}""}",d25eb25b-dfa0-4ef0-ad1e-d9396730114e,a881755f-6915-48e9-a3c8-6986f2e61bf1,"Shield [Maitz's Insect, 08]","Shield [Maitz's Insect, 08]",{},"guardians_revised_shield-[maitz's-insect,-08]"
9d2e855d-7029-44c2-8ec2-4a78736bfc32,third-party-document,0,0,"{""obverse"": ""guardians_revised_shield-[maitz's-insect,-10]-(2)"", ""reverse"": ""guardians_card-back""}","{""name_printed"": ""Shield [Maitz's Insect, 10] (2)"", ""rarity"": ""Starter"", ""type"": ""Shield"", ""item_dimensions"": ""{\u0022height\u0022: \u00223.5\u0022, \u0022width\u0022: \u00222.5\u0022, \u0022unit\u0022: \u0022inch\u0022}""}",d25eb25b-dfa0-4ef0-ad1e-d9396730114e,a881755f-6915-48e9-a3c8-6986f2e61bf1,"Shield [Maitz's Insect, 10] (2)","Shield [Maitz's Insect, 10] (2)",{},"guardians_revised_shield-[maitz's-insect,-10]-(2)"
e6cd44ed-ddd1-4855-8bae-bd0011c61884,third-party-document,0,0,"{""obverse"": ""guardians_revised_shield-[maitz's-insect,-11]"", ""reverse"": ""guardians_card-back""}","{""name_printed"": ""Shield [Maitz's Insect, 11]"", ""rarity"": ""Starter"", ""type"": ""Shield"", ""item_dimensions"": ""{\u0022height\u0022: \u00223.5\u0022, \u0022width\u0022: \u00222.5\u0022, \u0022unit\u0022: \u0022inch\u0022}""}",d25eb25b-dfa0-4ef0-ad1e-d9396730114e,a881755f-6915-48e9-a3c8-6986f2e61bf1,"Shield [Maitz's Insect, 11]","Shield [Maitz's Insect, 11]",{},"guardians_revised_shield-[maitz's-insect,-11]"
49584571-1f25-4d3b-a0f9-adc25c3259e0,third-party-document,0,0,"{""obverse"": ""guardians_revised_shield-[maitz's-insect,-12]"", ""reverse"": ""guardians_card-back""}","{""name_printed"": ""Shield [Maitz's Insect, 12]"", ""rarity"": ""Starter"", ""type"": ""Shield"", ""item_dimensions"": ""{\u0022height\u0022: \u00223.5\u0022, \u0022width\u0022: \u00222.5\u0022, \u0022unit\u0022: \u0022inch\u0022}""}",d25eb25b-dfa0-4ef0-ad1e-d9396730114e,a881755f-6915-48e9-a3c8-6986f2e61bf1,"Shield [Maitz's Insect, 12]","Shield [Maitz's Insect, 12]",{},"guardians_revised_shield-[maitz's-insect,-12]"
832f17cd-1473-4e94-a658-257f99532a84,third-party-document,0,0,"{""obverse"": ""guardians_revised_shield-[maitz's-insect,-13]"", ""reverse"": ""guardians_card-back""}","{""name_printed"": ""Shield [Maitz's Insect, 13]"", ""rarity"": ""Starter"", ""type"": ""Shield"", ""item_dimensions"": ""{\u0022height\u0022: \u00223.5\u0022, \u0022width\u0022: \u00222.5\u0022, \u0022unit\u0022: \u0022inch\u0022}""}",d25eb25b-dfa0-4ef0-ad1e-d9396730114e,a881755f-6915-48e9-a3c8-6986f2e61bf1,"Shield [Maitz's Insect, 13]","Shield [Maitz's Insect, 13]",{},"guardians_revised_shield-[maitz's-insect,-13]"
0b85e7df-8f5f-4254-a3e4-251593ca69da,third-party-document,0,0,"{""obverse"": ""guardians_revised_shield-[maitz's-insect,-14]-(3)"", ""reverse"": ""guardians_card-back""}","{""name_printed"": ""Shield [Maitz's Insect, 14] (3)"", ""rarity"": ""Starter"", ""type"": ""Shield"", ""item_dimensions"": ""{\u0022height\u0022: \u00223.5\u0022, \u0022width\u0022: \u00222.5\u0022, \u0022unit\u0022: \u0022inch\u0022}""}",d25eb25b-dfa0-4ef0-ad1e-d9396730114e,a881755f-6915-48e9-a3c8-6986f2e61bf1,"Shield [Maitz's Insect, 14] (3)","Shield [Maitz's Insect, 14] (3)",{},"guardians_revised_shield-[maitz's-insect,-14]-(3)"
613ad8d4-c8c1-4b41-8f9d-e6a0054c6b93,third-party-document,0,0,"{""obverse"": ""guardians_revised_shield-[maitz's-lightning,-02]"", ""reverse"": ""guardians_card-back""}","{""name_printed"": ""Shield [Maitz's Lightning, 02]"", ""rarity"": ""Starter"", ""type"": ""Shield"", ""item_dimensions"": ""{\u0022height\u0022: \u00223.5\u0022, \u0022width\u0022: \u00222.5\u0022, \u0022unit\u0022: \u0022inch\u0022}""}",d25eb25b-dfa0-4ef0-ad1e-d9396730114e,a881755f-6915-48e9-a3c8-6986f2e61bf1,"Shield [Maitz's Lightning, 02]","Shield [Maitz's Lightning, 02]",{},"guardians_revised_shield-[maitz's-lightning,-02]"
c9ffcde7-865b-49b2-929c-02adb89dcb40,third-party-document,0,0,"{""obverse"": ""guardians_revised_shield-[maitz's-lightning,-05]"", ""reverse"": ""guardians_card-back""}","{""name_printed"": ""Shield [Maitz's Lightning, 05]"", ""rarity"": ""Starter"", ""type"": ""Shield"", ""item_dimensions"": ""{\u0022height\u0022: \u00223.5\u0022, \u0022width\u0022: \u00222.5\u0022, \u0022unit\u0022: \u0022inch\u0022}""}",d25eb25b-dfa0-4ef0-ad1e-d9396730114e,a881755f-6915-48e9-a3c8-6986f2e61bf1,"Shield [Maitz's Lightning, 05]","Shield [Maitz's Lightning, 05]",{},"guardians_revised_shield-[maitz's-lightning,-05]"
edc41383-fe8c-43b2-b2dd-31d2a17ccb53,third-party-document,0,0,"{""obverse"": ""guardians_revised_shield-[maitz's-lightning,-09]"", ""reverse"": ""guardians_card-back""}","{""name_printed"": ""Shield [Maitz's Lightning, 09]"", ""rarity"": ""Starter"", ""type"": ""Shield"", ""item_dimensions"": ""{\u0022height\u0022: \u00223.5\u0022, \u0022width\u0022: \u00222.5\u0022, \u0022unit\u0022: \u0022inch\u0022}""}",d25eb25b-dfa0-4ef0-ad1e-d9396730114e,a881755f-6915-48e9-a3c8-6986f2e61bf1,"Shield [Maitz's Lightning, 09]","Shield [Maitz's Lightning, 09]",{},"guardians_revised_shield-[maitz's-lightning,-09]"
49087d51-0f22-4932-b533-5c623f70fb71,third-party-document,0,0,"{""obverse"": ""guardians_revised_shield-[maitz's-lightning,-12]"", ""reverse"": ""guardians_card-back""}","{""name_printed"": ""Shield [Maitz's Lightning, 12]"", ""rarity"": ""Starter"", ""type"": ""Shield"", ""item_dimensions"": ""{\u0022height\u0022: \u00223.5\u0022, \u0022width\u0022: \u00222.5\u0022, \u0022unit\u0022: \u0022inch\u0022}""}",d25eb25b-dfa0-4ef0-ad1e-d9396730114e,a881755f-6915-48e9-a3c8-6986f2e61bf1,"Shield [Maitz's Lightning, 12]","Shield [Maitz's Lightning, 12]",{},"guardians_revised_shield-[maitz's-lightning,-12]"
a0e67cb7-07bc-4ded-b6ba-f0d4fb83c1f1,third-party-document,0,0,"{""obverse"": ""guardians_revised_shield-[ploog's-chicken,-08]"", ""reverse"": ""guardians_card-back""}","{""name_printed"": ""Shield [Ploog's Chicken, 08]"", ""rarity"": ""Starter"", ""type"": ""Shield"", ""item_dimensions"": ""{\u0022height\u0022: \u00223.5\u0022, \u0022width\u0022: \u00222.5\u0022, \u0022unit\u0022: \u0022inch\u0022}""}",d25eb25b-dfa0-4ef0-ad1e-d9396730114e,a881755f-6915-48e9-a3c8-6986f2e61bf1,"Shield [Ploog's Chicken, 08]","Shield [Ploog's Chicken, 08]",{},"guardians_revised_shield-[ploog's-chicken,-08]"
e9c221c1-fc48-4404-910d-4e1b78d09849,third-party-document,0,0,"{""obverse"": ""guardians_revised_shield-[ploog's-chicken,-10]"", ""reverse"": ""guardians_card-back""}","{""name_printed"": ""Shield [Ploog's Chicken, 10]"", ""rarity"": ""Starter"", ""type"": ""Shield"", ""item_dimensions"": ""{\u0022height\u0022: \u00223.5\u0022, \u0022width\u0022: \u00222.5\u0022, \u0022unit\u0022: \u0022inch\u0022}""}",d25eb25b-dfa0-4ef0-ad1e-d9396730114e,a881755f-6915-48e9-a3c8-6986f2e61bf1,"Shield [Ploog's Chicken, 10]","Shield [Ploog's Chicken, 10]",{},"guardians_revised_shield-[ploog's-chicken,-10]"
ec1b06ed-fcc6-4b3a-b0c8-bc6bf7e101d7,third-party-document,0,0,"{""obverse"": ""guardians_revised_shield-[ploog's-chicken,-11]"", ""reverse"": ""guardians_card-back""}","{""name_printed"": ""Shield [Ploog's Chicken, 11]"", ""rarity"": ""Starter"", ""type"": ""Shield"", ""item_dimensions"": ""{\u0022height\u0022: \u00223.5\u0022, \u0022width\u0022: \u00222.5\u0022, \u0022unit\u0022: \u0022inch\u0022}""}",d25eb25b-dfa0-4ef0-ad1e-d9396730114e,a881755f-6915-48e9-a3c8-6986f2e61bf1,"Shield [Ploog's Chicken, 11]","Shield [Ploog's Chicken, 11]",{},"guardians_revised_shield-[ploog's-chicken,-11]"
a4284494-fc2c-49d3-8f91-635385bff03b,third-party-document,0,0,"{""obverse"": ""guardians_revised_shield-[ploog's-chicken,-12]"", ""reverse"": ""guardians_card-back""}","{""name_printed"": ""Shield [Ploog's Chicken, 12]"", ""rarity"": ""Starter"", ""type"": ""Shield"", ""item_dimensions"": ""{\u0022height\u0022: \u00223.5\u0022, \u0022width\u0022: \u00222.5\u0022, \u0022unit\u0022: \u0022inch\u0022}""}",d25eb25b-dfa0-4ef0-ad1e-d9396730114e,a881755f-6915-48e9-a3c8-6986f2e61bf1,"Shield [Ploog's Chicken, 12]","Shield [Ploog's Chicken, 12]",{},"guardians_revised_shield-[ploog's-chicken,-12]"
37949f1a-2b21-4477-a08f-4f91e57f85e3,third-party-document,0,0,"{""obverse"": ""guardians_revised_shield-[ploog's-ox,-08]"", ""reverse"": ""guardians_card-back""}","{""name_printed"": ""Shield [Ploog's Ox, 08]"", ""rarity"": ""Starter"", ""type"": ""Shield"", ""item_dimensions"": ""{\u0022height\u0022: \u00223.5\u0022, \u0022width\u0022: \u00222.5\u0022, \u0022unit\u0022: \u0022inch\u0022}""}",d25eb25b-dfa0-4ef0-ad1e-d9396730114e,a881755f-6915-48e9-a3c8-6986f2e61bf1,"Shield [Ploog's Ox, 08]","Shield [Ploog's Ox, 08]",{},"guardians_revised_shield-[ploog's-ox,-08]"
05ba6a0b-82d7-4b45-8469-0e6cbc4f74cf,third-party-document,0,0,"{""obverse"": ""guardians_revised_shield-[ploog's-ox,-09]"", ""reverse"": ""guardians_card-back""}","{""name_printed"": ""Shield [Ploog's Ox, 09]"", ""rarity"": ""Starter"", ""type"": ""Shield"", ""item_dimensions"": ""{\u0022height\u0022: \u00223.5\u0022, \u0022width\u0022: \u00222.5\u0022, \u0022unit\u0022: \u0022inch\u0022}""}",d25eb25b-dfa0-4ef0-ad1e-d9396730114e,a881755f-6915-48e9-a3c8-6986f2e61bf1,"Shield [Ploog's Ox, 09]","Shield [Ploog's Ox, 09]",{},"guardians_revised_shield-[ploog's-ox,-09]"
e61e1b75-3327-4464-99cc-40005618cdfe,third-party-document,0,0,"{""obverse"": ""guardians_revised_shield-[ploog's-ox,-11]"", ""reverse"": ""guardians_card-back""}","{""name_printed"": ""Shield [Ploog's Ox, 11]"", ""rarity"": ""Starter"", ""type"": ""Shield"", ""item_dimensions"": ""{\u0022height\u0022: \u00223.5\u0022, \u0022width\u0022: \u00222.5\u0022, \u0022unit\u0022: \u0022inch\u0022}""}",d25eb25b-dfa0-4ef0-ad1e-d9396730114e,a881755f-6915-48e9-a3c8-6986f2e61bf1,"Shield [Ploog's Ox, 11]","Shield [Ploog's Ox, 11]",{},"guardians_revised_shield-[ploog's-ox,-11]"
02e387a7-e85d-4a90-8ff0-67c360b67f50,third-party-document,0,0,"{""obverse"": ""guardians_revised_shield-[ploog's-ox,-12]"", ""reverse"": ""guardians_card-back""}","{""name_printed"": ""Shield [Ploog's Ox, 12]"", ""rarity"": ""Starter"", ""type"": ""Shield"", ""item_dimensions"": ""{\u0022height\u0022: \u00223.5\u0022, \u0022width\u0022: \u00222.5\u0022, \u0022unit\u0022: \u0022inch\u0022}""}",d25eb25b-dfa0-4ef0-ad1e-d9396730114e,a881755f-6915-48e9-a3c8-6986f2e61bf1,"Shield [Ploog's Ox, 12]","Shield [Ploog's Ox, 12]",{},"guardians_revised_shield-[ploog's-ox,-12]"
f828e911-4444-4b89-8203-20f554b61675,third-party-document,0,0,"{""obverse"": ""guardians_revised_shield-[ploog's-ox,-13]"", ""reverse"": ""guardians_card-back""}","{""name_printed"": ""Shield [Ploog's Ox, 13]"", ""rarity"": ""Starter"", ""type"": ""Shield"", ""item_dimensions"": ""{\u0022height\u0022: \u00223.5\u0022, \u0022width\u0022: \u00222.5\u0022, \u0022unit\u0022: \u0022inch\u0022}""}",d25eb25b-dfa0-4ef0-ad1e-d9396730114e,a881755f-6915-48e9-a3c8-6986f2e61bf1,"Shield [Ploog's Ox, 13]","Shield [Ploog's Ox, 13]",{},"guardians_revised_shield-[ploog's-ox,-13]"
59d42d67-8e99-4f88-8240-fb11574d6695,third-party-document,0,0,"{""obverse"": ""guardians_revised_amulet-of-flying"", ""reverse"": ""guardians_card-back""}","{""name_printed"": ""Amulet of Flying"", ""rarity"": ""Uncommon-1"", ""type"": ""Magic Item - Creature"", ""item_dimensions"": ""{\u0022height\u0022: \u00223.5\u0022, \u0022width\u0022: \u00222.5\u0022, \u0022unit\u0022: \u0022inch\u0022}""}",d25eb25b-dfa0-4ef0-ad1e-d9396730114e,a881755f-6915-48e9-a3c8-6986f2e61bf1,Amulet of Flying,Amulet of Flying,{},guardians_revised_amulet-of-flying
cfa43c56-72e1-4644-ae1d-b3578d8aa585,third-party-document,0,0,"{""obverse"": ""guardians_revised_angel"", ""reverse"": ""guardians_card-back""}","{""name_printed"": ""Angel"", ""rarity"": ""Uncommon-1"", ""type"": ""Elemental"", ""item_dimensions"": ""{\u0022height\u0022: \u00223.5\u0022, \u0022width\u0022: \u00222.5\u0022, \u0022unit\u0022: \u0022inch\u0022}""}",d25eb25b-dfa0-4ef0-ad1e-d9396730114e,a881755f-6915-48e9-a3c8-6986f2e61bf1,Angel,Angel,{},guardians_revised_angel
d78d37f2-8be2-4423-92e9-be0955351584,third-party-document,0,0,"{""obverse"": ""guardians_revised_baal-a-gog"", ""reverse"": ""guardians_card-back""}","{""name_printed"": ""Baal-a-Gog"", ""rarity"": ""Uncommon-1"", ""type"": ""Elemental"", ""item_dimensions"": ""{\u0022height\u0022: \u00223.5\u0022, \u0022width\u0022: \u00222.5\u0022, \u0022unit\u0022: \u0022inch\u0022}""}",d25eb25b-dfa0-4ef0-ad1e-d9396730114e,a881755f-6915-48e9-a3c8-6986f2e61bf1,Baal-a-Gog,Baal-a-Gog,{},guardians_revised_baal-a-gog
97edb223-8ad8-467e-bdb8-b0b39d829a76,third-party-document,0,0,"{""obverse"": ""guardians_revised_bantam-drake"", ""reverse"": ""guardians_card-back""}","{""name_printed"": ""Bantam Drake"", ""rarity"": ""Uncommon-1"", ""type"": ""External"", ""item_dimensions"": ""{\u0022height\u0022: \u00223.5\u0022, \u0022width\u0022: \u00222.5\u0022, \u0022unit\u0022: \u0022inch\u0022}""}",d25eb25b-dfa0-4ef0-ad1e-d9396730114e,a881755f-6915-48e9-a3c8-6986f2e61bf1,Bantam Drake,Bantam Drake,{},guardians_revised_bantam-drake
9f95646f-cd07-4199-803e-9908802430b2,third-party-document,0,0,"{""obverse"": ""guardians_revised_big-groaning-cankerd"", ""reverse"": ""guardians_card-back""}","{""name_printed"": ""Big Groaning Cankerd"", ""rarity"": ""Uncommon-1"", ""type"": ""Mortal"", ""item_dimensions"": ""{\u0022height\u0022: \u00223.5\u0022, \u0022width\u0022: \u00222.5\u0022, \u0022unit\u0022: \u0022inch\u0022}""}",d25eb25b-dfa0-4ef0-ad1e-d9396730114e,a881755f-6915-48e9-a3c8-6986f2e61bf1,Big Groaning Cankerd,Big Groaning Cankerd,{},guardians_revised_big-groaning-cankerd
c3060420-c7eb-4453-a0dc-e36cfc7e6fdd,third-party-document,0,0,"{""obverse"": ""guardians_revised_blackthwaite-jumper"", ""reverse"": ""guardians_card-back""}","{""name_printed"": ""Blackthwaite Jumper"", ""rarity"": ""Uncommon-1"", ""type"": ""External"", ""item_dimensions"": ""{\u0022height\u0022: \u00223.5\u0022, \u0022width\u0022: \u00222.5\u0022, \u0022unit\u0022: \u0022inch\u0022}""}",d25eb25b-dfa0-4ef0-ad1e-d9396730114e,a881755f-6915-48e9-a3c8-6986f2e61bf1,Blackthwaite Jumper,Blackthwaite Jumper,{},guardians_revised_blackthwaite-jumper
46a62629-352f-41ae-96a1-42509ae4e153,third-party-document,0,0,"{""obverse"": ""guardians_revised_bold-mold"", ""reverse"": ""guardians_card-back""}","{""name_printed"": ""Bold Mold"", ""rarity"": ""Uncommon-1"", ""type"": ""External"", ""item_dimensions"": ""{\u0022height\u0022: \u00223.5\u0022, \u0022width\u0022: \u00222.5\u0022, \u0022unit\u0022: \u0022inch\u0022}""}",d25eb25b-dfa0-4ef0-ad1e-d9396730114e,a881755f-6915-48e9-a3c8-6986f2e61bf1,Bold Mold,Bold Mold,{},guardians_revised_bold-mold
7b4fa05e-6c6e-4578-b006-c5a85abcf6c1,third-party-document,0,0,"{""obverse"": ""guardians_revised_brap-back-goblins"", ""reverse"": ""guardians_card-back""}","{""name_printed"": ""Brap Back Goblins"", ""rarity"": ""Uncommon-1"", ""type"": ""Mortal"", ""item_dimensions"": ""{\u0022height\u0022: \u00223.5\u0022, \u0022width\u0022: \u00222.5\u0022, \u0022unit\u0022: \u0022inch\u0022}""}",d25eb25b-dfa0-4ef0-ad1e-d9396730114e,a881755f-6915-48e9-a3c8-6986f2e61bf1,Brap Back Goblins,Brap Back Goblins,{},guardians_revised_brap-back-goblins
e92b92a7-210f-43bc-8873-2cad11f8454c,third-party-document,0,0,"{""obverse"": ""guardians_revised_bungee-bony-ridged"", ""reverse"": ""guardians_card-back""}","{""name_printed"": ""Bungee Bony Ridged"", ""rarity"": ""Uncommon-1"", ""type"": ""Mortal"", ""item_dimensions"": ""{\u0022height\u0022: \u00223.5\u0022, \u0022width\u0022: \u00222.5\u0022, \u0022unit\u0022: \u0022inch\u0022}""}",d25eb25b-dfa0-4ef0-ad1e-d9396730114e,a881755f-6915-48e9-a3c8-6986f2e61bf1,Bungee Bony Ridged,Bungee Bony Ridged,{},guardians_revised_bungee-bony-ridged
75cee983-d6f5-4103-8013-cc9d5591b67d,third-party-document,0,0,"{""obverse"": ""guardians_revised_cleric"", ""reverse"": ""guardians_card-back""}","{""name_printed"": ""Cleric"", ""rarity"": ""Uncommon-1"", ""type"": ""Mortal"", ""item_dimensions"": ""{\u0022height\u0022: \u00223.5\u0022, \u0022width\u0022: \u00222.5\u0022, \u0022unit\u0022: \u0022inch\u0022}""}",d25eb25b-dfa0-4ef0-ad1e-d9396730114e,a881755f-6915-48e9-a3c8-6986f2e61bf1,Cleric,Cleric,{},guardians_revised_cleric
8df36cb0-174a-430f-975c-c8084365c6e6,third-party-document,0,0,"{""obverse"": ""guardians_revised_control-destiny"", ""reverse"": ""guardians_card-back""}","{""name_printed"": ""Control Destiny"", ""rarity"": ""Uncommon-1"", ""type"": ""Spell"", ""item_dimensions"": ""{\u0022height\u0022: \u00223.5\u0022, \u0022width\u0022: \u00222.5\u0022, \u0022unit\u0022: \u0022inch\u0022}""}",d25eb25b-dfa0-4ef0-ad1e-d9396730114e,a881755f-6915-48e9-a3c8-6986f2e61bf1,Control Destiny,Control Destiny,{},guardians_revised_control-destiny
1509e7e1-5c71-47fc-af47-3651c63016dc,third-party-document,0,0,"{""obverse"": ""guardians_revised_crook-end-snooter"", ""reverse"": ""guardians_card-back""}","{""name_printed"": ""Crook End Snooter"", ""rarity"": ""Uncommon-1"", ""type"": ""External"", ""item_dimensions"": ""{\u0022height\u0022: \u00223.5\u0022, \u0022width\u0022: \u00222.5\u0022, \u0022unit\u0022: \u0022inch\u0022}""}",d25eb25b-dfa0-4ef0-ad1e-d9396730114e,a881755f-6915-48e9-a3c8-6986f2e61bf1,Crook End Snooter,Crook End Snooter,{},guardians_revised_crook-end-snooter
20b870d2-b055-44ae-8f31-6af63579ea4e,third-party-document,0,0,"{""obverse"": ""guardians_revised_demon-horde-of-kabod"", ""reverse"": ""guardians_card-back""}","{""name_printed"": ""Demon Horde of Kabod"", ""rarity"": ""Uncommon-1"", ""type"": ""Elemental"", ""item_dimensions"": ""{\u0022height\u0022: \u00223.5\u0022, \u0022width\u0022: \u00222.5\u0022, \u0022unit\u0022: \u0022inch\u0022}""}",d25eb25b-dfa0-4ef0-ad1e-d9396730114e,a881755f-6915-48e9-a3c8-6986f2e61bf1,Demon Horde of Kabod,Demon Horde of Kabod,{},guardians_revised_demon-horde-of-kabod
cd1fa0a3-2c46-456e-9707-2dbcd68f3880,third-party-document,0,0,"{""obverse"": ""guardians_revised_djinn"", ""reverse"": ""guardians_card-back""}","{""name_printed"": ""Djinn"", ""rarity"": ""Uncommon-1"", ""type"": ""Elemental"", ""item_dimensions"": ""{\u0022height\u0022: \u00223.5\u0022, \u0022width\u0022: \u00222.5\u0022, \u0022unit\u0022: \u0022inch\u0022}""}",d25eb25b-dfa0-4ef0-ad1e-d9396730114e,a881755f-6915-48e9-a3c8-6986f2e61bf1,Djinn,Djinn,{},guardians_revised_djinn
7c132026-2bc6-473c-a18c-addfa7d7bf15,third-party-document,0,0,"{""obverse"": ""guardians_revised_doomwing"", ""reverse"": ""guardians_card-back""}","{""name_printed"": ""Doomwing"", ""rarity"": ""Uncommon-1"", ""type"": ""Elemental"", ""item_dimensions"": ""{\u0022height\u0022: \u00223.5\u0022, \u0022width\u0022: \u00222.5\u0022, \u0022unit\u0022: \u0022inch\u0022}""}",d25eb25b-dfa0-4ef0-ad1e-d9396730114e,a881755f-6915-48e9-a3c8-6986f2e61bf1,Doomwing,Doomwing,{},guardians_revised_doomwing
154bab96-589f-4f6b-8341-781535968965,third-party-document,0,0,"{""obverse"": ""guardians_revised_energy-toad"", ""reverse"": ""guardians_card-back""}","{""name_printed"": ""Energy Toad"", ""rarity"": ""Uncommon-1"", ""type"": ""Elemental"", ""item_dimensions"": ""{\u0022height\u0022: \u00223.5\u0022, \u0022width\u0022: \u00222.5\u0022, \u0022unit\u0022: \u0022inch\u0022}""}",d25eb25b-dfa0-4ef0-ad1e-d9396730114e,a881755f-6915-48e9-a3c8-6986f2e61bf1,Energy Toad,Energy Toad,{},guardians_revised_energy-toad
284d6ce9-1b59-4dfe-a170-26befead0741,third-party-document,0,0,"{""obverse"": ""guardians_revised_female-pixie"", ""reverse"": ""guardians_card-back""}","{""name_printed"": ""Female Pixie"", ""rarity"": ""Uncommon-1"", ""type"": ""External"", ""item_dimensions"": ""{\u0022height\u0022: \u00223.5\u0022, \u0022width\u0022: \u00222.5\u0022, \u0022unit\u0022: \u0022inch\u0022}""}",d25eb25b-dfa0-4ef0-ad1e-d9396730114e,a881755f-6915-48e9-a3c8-6986f2e61bf1,Female Pixie,Female Pixie,{},guardians_revised_female-pixie
c7eafdf1-1e5b-4ef6-981f-828cb081aefb,third-party-document,0,0,"{""obverse"": ""guardians_revised_gn'obby-gnome"", ""reverse"": ""guardians_card-back""}","{""name_printed"": ""Gn'Obby Gnome"", ""rarity"": ""Uncommon-1"", ""type"": ""Mortal"", ""item_dimensions"": ""{\u0022height\u0022: \u00223.5\u0022, \u0022width\u0022: \u00222.5\u0022, \u0022unit\u0022: \u0022inch\u0022}""}",d25eb25b-dfa0-4ef0-ad1e-d9396730114e,a881755f-6915-48e9-a3c8-6986f2e61bf1,Gn'Obby Gnome,Gn'Obby Gnome,{},guardians_revised_gn'obby-gnome
9815ced3-4e55-4398-840c-f5a9da215421,third-party-document,0,0,"{""obverse"": ""guardians_revised_great-fanged-ogre"", ""reverse"": ""guardians_card-back""}","{""name_printed"": ""Great Fanged Ogre"", ""rarity"": ""Uncommon-1"", ""type"": ""Mortal"", ""item_dimensions"": ""{\u0022height\u0022: \u00223.5\u0022, \u0022width\u0022: \u00222.5\u0022, \u0022unit\u0022: \u0022inch\u0022}""}",d25eb25b-dfa0-4ef0-ad1e-d9396730114e,a881755f-6915-48e9-a3c8-6986f2e61bf1,Great Fanged Ogre,Great Fanged Ogre,{},guardians_revised_great-fanged-ogre
d09b90fe-f28a-487c-ab1e-47047c10def2,third-party-document,0,0,"{""obverse"": ""guardians_revised_greater-air-elemental"", ""reverse"": ""guardians_card-back""}","{""name_printed"": ""Greater Air Elemental"", ""rarity"": ""Uncommon-1"", ""type"": ""Elemental"", ""item_dimensions"": ""{\u0022height\u0022: \u00223.5\u0022, \u0022width\u0022: \u00222.5\u0022, \u0022unit\u0022: \u0022inch\u0022}""}",d25eb25b-dfa0-4ef0-ad1e-d9396730114e,a881755f-6915-48e9-a3c8-6986f2e61bf1,Greater Air Elemental,Greater Air Elemental,{},guardians_revised_greater-air-elemental
a94d1b34-c34b-44c0-be50-bc6f8e56af5b,third-party-document,0,0,"{""obverse"": ""guardians_revised_groupie"", ""reverse"": ""guardians_card-back""}","{""name_printed"": ""Groupie"", ""rarity"": ""Uncommon-1"", ""type"": ""External"", ""item_dimensions"": ""{\u0022height\u0022: \u00223.5\u0022, \u0022width\u0022: \u00222.5\u0022, \u0022unit\u0022: \u0022inch\u0022}""}",d25eb25b-dfa0-4ef0-ad1e-d9396730114e,a881755f-6915-48e9-a3c8-6986f2e61bf1,Groupie,Groupie,{},guardians_revised_groupie
c12aae8e-0ab8-4dcd-bfe5-87cfe26f34b6,third-party-document,0,0,"{""obverse"": ""guardians_revised_idiot-fiend"", ""reverse"": ""guardians_card-back""}","{""name_printed"": ""Idiot Fiend"", ""rarity"": ""Uncommon-1"", ""type"": ""Mortal"", ""item_dimensions"": ""{\u0022height\u0022: \u00223.5\u0022, \u0022width\u0022: \u00222.5\u0022, \u0022unit\u0022: \u0022inch\u0022}""}",d25eb25b-dfa0-4ef0-ad1e-d9396730114e,a881755f-6915-48e9-a3c8-6986f2e61bf1,Idiot Fiend,Idiot Fiend,{},guardians_revised_idiot-fiend
274d8883-b3f8-4fcd-a822-b396eb2c7c03,third-party-document,0,0,"{""obverse"": ""guardians_revised_iron-lord"", ""reverse"": ""guardians_card-back""}","{""name_printed"": ""Iron Lord"", ""rarity"": ""Uncommon-1"", ""type"": ""Elemental"", ""item_dimensions"": ""{\u0022height\u0022: \u00223.5\u0022, \u0022width\u0022: \u00222.5\u0022, \u0022unit\u0022: \u0022inch\u0022}""}",d25eb25b-dfa0-4ef0-ad1e-d9396730114e,a881755f-6915-48e9-a3c8-6986f2e61bf1,Iron Lord,Iron Lord,{},guardians_revised_iron-lord
bdd1088c-9d6a-4384-8530-330361c3fdba,third-party-document,0,0,"{""obverse"": ""guardians_revised_kikijub"", ""reverse"": ""guardians_card-back""}","{""name_printed"": ""Kikijub"", ""rarity"": ""Uncommon-1"", ""type"": ""External"", ""item_dimensions"": ""{\u0022height\u0022: \u00223.5\u0022, \u0022width\u0022: \u00222.5\u0022, \u0022unit\u0022: \u0022inch\u0022}""}",d25eb25b-dfa0-4ef0-ad1e-d9396730114e,a881755f-6915-48e9-a3c8-6986f2e61bf1,Kikijub,Kikijub,{},guardians_revised_kikijub
0f5e3b45-5d9a-4e89-973b-727224a558ff,third-party-document,0,0,"{""obverse"": ""guardians_revised_lancer"", ""reverse"": ""guardians_card-back""}","{""name_printed"": ""Lancer"", ""rarity"": ""Uncommon-1"", ""type"": ""Mortal"", ""item_dimensions"": ""{\u0022height\u0022: \u00223.5\u0022, \u0022width\u0022: \u00222.5\u0022, \u0022unit\u0022: \u0022inch\u0022}""}",d25eb25b-dfa0-4ef0-ad1e-d9396730114e,a881755f-6915-48e9-a3c8-6986f2e61bf1,Lancer,Lancer,{},guardians_revised_lancer
3414d162-180a-4441-8fce-e103a1505b25,third-party-document,0,0,"{""obverse"": ""guardians_revised_large-idol"", ""reverse"": ""guardians_card-back""}","{""name_printed"": ""Large Idol"", ""rarity"": ""Uncommon-1"", ""type"": ""Stronghold Upgrade"", ""item_dimensions"": ""{\u0022height\u0022: \u00223.5\u0022, \u0022width\u0022: \u00222.5\u0022, \u0022unit\u0022: \u0022inch\u0022}""}",d25eb25b-dfa0-4ef0-ad1e-d9396730114e,a881755f-6915-48e9-a3c8-6986f2e61bf1,Large Idol,Large Idol,{},guardians_revised_large-idol
d1bac8d4-eef0-40c2-bc58-f5784ede9b7f,third-party-document,0,0,"{""obverse"": ""guardians_revised_lorg-mole"", ""reverse"": ""guardians_card-back""}","{""name_printed"": ""Lorg Mole"", ""rarity"": ""Uncommon-1"", ""type"": ""Elemental"", ""item_dimensions"": ""{\u0022height\u0022: \u00223.5\u0022, \u0022width\u0022: \u00222.5\u0022, \u0022unit\u0022: \u0022inch\u0022}""}",d25eb25b-dfa0-4ef0-ad1e-d9396730114e,a881755f-6915-48e9-a3c8-6986f2e61bf1,Lorg Mole,Lorg Mole,{},guardians_revised_lorg-mole
5eaf2a77-f44e-4bde-af53-8df56a738812,third-party-document,0,0,"{""obverse"": ""guardians_revised_magic-feedback"", ""reverse"": ""guardians_card-back""}","{""name_printed"": ""Magic Feedback"", ""rarity"": ""Uncommon-1"", ""type"": ""Spell"", ""item_dimensions"": ""{\u0022height\u0022: \u00223.5\u0022, \u0022width\u0022: \u00222.5\u0022, \u0022unit\u0022: \u0022inch\u0022}""}",d25eb25b-dfa0-4ef0-ad1e-d9396730114e,a881755f-6915-48e9-a3c8-6986f2e61bf1,Magic Feedback,Magic Feedback,{},guardians_revised_magic-feedback
f9c3f619-ffcb-495b-a42e-9179c83e46b2,third-party-document,0,0,"{""obverse"": ""guardians_revised_major-party-animal"", ""reverse"": ""guardians_card-back""}","{""name_printed"": ""Major Party Animal"", ""rarity"": ""Uncommon-1"", ""type"": ""Mortal"", ""item_dimensions"": ""{\u0022height\u0022: \u00223.5\u0022, \u0022width\u0022: \u00222.5\u0022, \u0022unit\u0022: \u0022inch\u0022}""}",d25eb25b-dfa0-4ef0-ad1e-d9396730114e,a881755f-6915-48e9-a3c8-6986f2e61bf1,Major Party Animal,Major Party Animal,{},guardians_revised_major-party-animal
ef628271-01ec-4b67-a1bc-e039ec41c091,third-party-document,0,0,"{""obverse"": ""guardians_revised_marshal"", ""reverse"": ""guardians_card-back""}","{""name_printed"": ""Marshal"", ""rarity"": ""Uncommon-1"", ""type"": ""Mortal"", ""item_dimensions"": ""{\u0022height\u0022: \u00223.5\u0022, \u0022width\u0022: \u00222.5\u0022, \u0022unit\u0022: \u0022inch\u0022}""}",d25eb25b-dfa0-4ef0-ad1e-d9396730114e,a881755f-6915-48e9-a3c8-6986f2e61bf1,Marshal,Marshal,{},guardians_revised_marshal
f7b4e5f5-1e65-453e-960a-7e09214704db,third-party-document,0,0,"{""obverse"": ""guardians_revised_master-gunner"", ""reverse"": ""guardians_card-back""}","{""name_printed"": ""Master Gunner"", ""rarity"": ""Uncommon-1"", ""type"": ""Mortal"", ""item_dimensions"": ""{\u0022height\u0022: \u00223.5\u0022, \u0022width\u0022: \u00222.5\u0022, \u0022unit\u0022: \u0022inch\u0022}""}",d25eb25b-dfa0-4ef0-ad1e-d9396730114e,a881755f-6915-48e9-a3c8-6986f2e61bf1,Master Gunner,Master Gunner,{},guardians_revised_master-gunner
4eb8dd59-5617-4f8b-a195-0856c719bec2,third-party-document,0,0,"{""obverse"": ""guardians_revised_merchant"", ""reverse"": ""guardians_card-back""}","{""name_printed"": ""Merchant"", ""rarity"": ""Uncommon-1"", ""type"": ""Mortal"", ""item_dimensions"": ""{\u0022height\u0022: \u00223.5\u0022, \u0022width\u0022: \u00222.5\u0022, \u0022unit\u0022: \u0022inch\u0022}""}",d25eb25b-dfa0-4ef0-ad1e-d9396730114e,a881755f-6915-48e9-a3c8-6986f2e61bf1,Merchant,Merchant,{},guardians_revised_merchant
4f6510f5-2a70-4fe4-a2ea-b8f27f2e2c3b,third-party-document,0,0,"{""obverse"": ""guardians_revised_monolith-of-power"", ""reverse"": ""guardians_card-back""}","{""name_printed"": ""Monolith of Power"", ""rarity"": ""Uncommon-1"", ""type"": ""Magic Item - Hand"", ""item_dimensions"": ""{\u0022height\u0022: \u00223.5\u0022, \u0022width\u0022: \u00222.5\u0022, \u0022unit\u0022: \u0022inch\u0022}""}",d25eb25b-dfa0-4ef0-ad1e-d9396730114e,a881755f-6915-48e9-a3c8-6986f2e61bf1,Monolith of Power,Monolith of Power,{},guardians_revised_monolith-of-power
778a6575-e0fc-4595-8ad4-31349045de7d,third-party-document,0,0,"{""obverse"": ""guardians_revised_moon-spirit"", ""reverse"": ""guardians_card-back""}","{""name_printed"": ""Moon Spirit"", ""rarity"": ""Uncommon-1"", ""type"": ""Elemental"", ""item_dimensions"": ""{\u0022height\u0022: \u00223.5\u0022, \u0022width\u0022: \u00222.5\u0022, \u0022unit\u0022: \u0022inch\u0022}""}",d25eb25b-dfa0-4ef0-ad1e-d9396730114e,a881755f-6915-48e9-a3c8-6986f2e61bf1,Moon Spirit,Moon Spirit,{},guardians_revised_moon-spirit
c28b53d8-8354-488f-b617-b19e03c32b94,third-party-document,0,0,"{""obverse"": ""guardians_revised_pig-dog"", ""reverse"": ""guardians_card-back""}","{""name_printed"": ""Pig Dog"", ""rarity"": ""Uncommon-1"", ""type"": ""Mortal"", ""item_dimensions"": ""{\u0022height\u0022: \u00223.5\u0022, \u0022width\u0022: \u00222.5\u0022, \u0022unit\u0022: \u0022inch\u0022}""}",d25eb25b-dfa0-4ef0-ad1e-d9396730114e,a881755f-6915-48e9-a3c8-6986f2e61bf1,Pig Dog,Pig Dog,{},guardians_revised_pig-dog
0c04c1ad-a822-41a9-8e14-9e088cc1de4f,third-party-document,0,0,"{""obverse"": ""guardians_revised_polar-ice-ogre"", ""reverse"": ""guardians_card-back""}","{""name_printed"": ""Polar Ice Ogre"", ""rarity"": ""Uncommon-1"", ""type"": ""Mortal"", ""item_dimensions"": ""{\u0022height\u0022: \u00223.5\u0022, \u0022width\u0022: \u00222.5\u0022, \u0022unit\u0022: \u0022inch\u0022}""}",d25eb25b-dfa0-4ef0-ad1e-d9396730114e,a881755f-6915-48e9-a3c8-6986f2e61bf1,Polar Ice Ogre,Polar Ice Ogre,{},guardians_revised_polar-ice-ogre
5fdcaa8b-da75-43c3-b09b-e691879330c2,third-party-document,0,0,"{""obverse"": ""guardians_revised_rock-lord"", ""reverse"": ""guardians_card-back""}","{""name_printed"": ""Rock Lord"", ""rarity"": ""Uncommon-1"", ""type"": ""Elemental"", ""item_dimensions"": ""{\u0022height\u0022: \u00223.5\u0022, \u0022width\u0022: \u00222.5\u0022, \u0022unit\u0022: \u0022inch\u0022}""}",d25eb25b-dfa0-4ef0-ad1e-d9396730114e,a881755f-6915-48e9-a3c8-6986f2e61bf1,Rock Lord,Rock Lord,{},guardians_revised_rock-lord
ace5ecf1-8479-4c66-8369-128b5e57832b,third-party-document,0,0,"{""obverse"": ""guardians_revised_rogue-specter"", ""reverse"": ""guardians_card-back""}","{""name_printed"": ""Rogue Specter"", ""rarity"": ""Uncommon-1"", ""type"": ""External"", ""item_dimensions"": ""{\u0022height\u0022: \u00223.5\u0022, \u0022width\u0022: \u00222.5\u0022, \u0022unit\u0022: \u0022inch\u0022}""}",d25eb25b-dfa0-4ef0-ad1e-d9396730114e,a881755f-6915-48e9-a3c8-6986f2e61bf1,Rogue Specter,Rogue Specter,{},guardians_revised_rogue-specter
bd881c71-4525-462a-bc3b-4a955117e00e,third-party-document,0,0,"{""obverse"": ""guardians_revised_schneeble"", ""reverse"": ""guardians_card-back""}","{""name_printed"": ""Schneeble"", ""rarity"": ""Uncommon-1"", ""type"": ""External"", ""item_dimensions"": ""{\u0022height\u0022: \u00223.5\u0022, \u0022width\u0022: \u00222.5\u0022, \u0022unit\u0022: \u0022inch\u0022}""}",d25eb25b-dfa0-4ef0-ad1e-d9396730114e,a881755f-6915-48e9-a3c8-6986f2e61bf1,Schneeble,Schneeble,{},guardians_revised_schneeble
37ab0460-18e9-4906-9560-5b85161b092b,third-party-document,0,0,"{""obverse"": ""guardians_revised_shadow-spy"", ""reverse"": ""guardians_card-back""}","{""name_printed"": ""Shadow Spy"", ""rarity"": ""Uncommon-1"", ""type"": ""Mortal"", ""item_dimensions"": ""{\u0022height\u0022: \u00223.5\u0022, \u0022width\u0022: \u00222.5\u0022, \u0022unit\u0022: \u0022inch\u0022}""}",d25eb25b-dfa0-4ef0-ad1e-d9396730114e,a881755f-6915-48e9-a3c8-6986f2e61bf1,Shadow Spy,Shadow Spy,{},guardians_revised_shadow-spy
bc807d06-6acc-49cc-8e7d-c8b72e0e4189,third-party-document,0,0,"{""obverse"": ""guardians_revised_slag-bunny"", ""reverse"": ""guardians_card-back""}","{""name_printed"": ""Slag Bunny"", ""rarity"": ""Uncommon-1"", ""type"": ""Mortal"", ""item_dimensions"": ""{\u0022height\u0022: \u00223.5\u0022, \u0022width\u0022: \u00222.5\u0022, \u0022unit\u0022: \u0022inch\u0022}""}",d25eb25b-dfa0-4ef0-ad1e-d9396730114e,a881755f-6915-48e9-a3c8-6986f2e61bf1,Slag Bunny,Slag Bunny,{},guardians_revised_slag-bunny
e063082c-ef6f-4324-b99b-27b9d07df940,third-party-document,0,0,"{""obverse"": ""guardians_revised_sloarch"", ""reverse"": ""guardians_card-back""}","{""name_printed"": ""Sloarch"", ""rarity"": ""Uncommon-1"", ""type"": ""Mortal"", ""item_dimensions"": ""{\u0022height\u0022: \u00223.5\u0022, \u0022width\u0022: \u00222.5\u0022, \u0022unit\u0022: \u0022inch\u0022}""}",d25eb25b-dfa0-4ef0-ad1e-d9396730114e,a881755f-6915-48e9-a3c8-6986f2e61bf1,Sloarch,Sloarch,{},guardians_revised_sloarch
3bfabd2b-8e1c-4ce1-8d63-c06c7ac828e0,third-party-document,0,0,"{""obverse"": ""guardians_revised_smoke-spirit"", ""reverse"": ""guardians_card-back""}","{""name_printed"": ""Smoke Spirit"", ""rarity"": ""Uncommon-1"", ""type"": ""Elemental"", ""item_dimensions"": ""{\u0022height\u0022: \u00223.5\u0022, \u0022width\u0022: \u00222.5\u0022, \u0022unit\u0022: \u0022inch\u0022}""}",d25eb25b-dfa0-4ef0-ad1e-d9396730114e,a881755f-6915-48e9-a3c8-6986f2e61bf1,Smoke Spirit,Smoke Spirit,{},guardians_revised_smoke-spirit
2ce4b837-7a11-46a0-83d3-52e6347d9234,third-party-document,0,0,"{""obverse"": ""guardians_revised_snibs-bony-ridged"", ""reverse"": ""guardians_card-back""}","{""name_printed"": ""Snibs Bony Ridged"", ""rarity"": ""Uncommon-1"", ""type"": ""Mortal"", ""item_dimensions"": ""{\u0022height\u0022: \u00223.5\u0022, \u0022width\u0022: \u00222.5\u0022, \u0022unit\u0022: \u0022inch\u0022}""}",d25eb25b-dfa0-4ef0-ad1e-d9396730114e,a881755f-6915-48e9-a3c8-6986f2e61bf1,Snibs Bony Ridged,Snibs Bony Ridged,{},guardians_revised_snibs-bony-ridged
59330411-8fe4-4712-abec-1a08e51ea6ee,third-party-document,0,0,"{""obverse"": ""guardians_revised_sphinx"", ""reverse"": ""guardians_card-back""}","{""name_printed"": ""Sphinx"", ""rarity"": ""Uncommon-1"", ""type"": ""External"", ""item_dimensions"": ""{\u0022height\u0022: \u00223.5\u0022, \u0022width\u0022: \u00222.5\u0022, \u0022unit\u0022: \u0022inch\u0022}""}",d25eb25b-dfa0-4ef0-ad1e-d9396730114e,a881755f-6915-48e9-a3c8-6986f2e61bf1,Sphinx,Sphinx,{},guardians_revised_sphinx
e20dcd28-2f4a-4d35-86ba-db08628d539c,third-party-document,0,0,"{""obverse"": ""guardians_revised_standard-bearer-[brom's-angelic,-19]"", ""reverse"": ""guardians_card-back""}","{""name_printed"": ""Standard Bearer [Brom's Angelic, 19]"", ""rarity"": ""Uncommon-1"", ""type"": ""Shield"", ""item_dimensions"": ""{\u0022height\u0022: \u00223.5\u0022, \u0022width\u0022: \u00222.5\u0022, \u0022unit\u0022: \u0022inch\u0022}""}",d25eb25b-dfa0-4ef0-ad1e-d9396730114e,a881755f-6915-48e9-a3c8-6986f2e61bf1,"Standard Bearer [Brom's Angelic, 19]","Standard Bearer [Brom's Angelic, 19]",{},"guardians_revised_standard-bearer-[brom's-angelic,-19]"
44f59bc9-e614-4c61-b4d4-f84bd1c0e29a,third-party-document,0,0,"{""obverse"": ""guardians_revised_standard-bearer-[brom's-demonic,-04]"", ""reverse"": ""guardians_card-back""}","{""name_printed"": ""Standard Bearer [Brom's Demonic, 04]"", ""rarity"": ""Uncommon-1"", ""type"": ""Shield"", ""item_dimensions"": ""{\u0022height\u0022: \u00223.5\u0022, \u0022width\u0022: \u00222.5\u0022, \u0022unit\u0022: \u0022inch\u0022}""}",d25eb25b-dfa0-4ef0-ad1e-d9396730114e,a881755f-6915-48e9-a3c8-6986f2e61bf1,"Standard Bearer [Brom's Demonic, 04]","Standard Bearer [Brom's Demonic, 04]",{},"guardians_revised_standard-bearer-[brom's-demonic,-04]"
a91d62e6-2dbb-44f8-bbd4-7850572ec3ea,third-party-document,0,0,"{""obverse"": ""guardians_revised_standard-bearer-[brom's-dragon,-15]"", ""reverse"": ""guardians_card-back""}","{""name_printed"": ""Standard Bearer [Brom's Dragon, 15]"", ""rarity"": ""Uncommon-1"", ""type"": ""Shield"", ""item_dimensions"": ""{\u0022height\u0022: \u00223.5\u0022, \u0022width\u0022: \u00222.5\u0022, \u0022unit\u0022: \u0022inch\u0022}""}",d25eb25b-dfa0-4ef0-ad1e-d9396730114e,a881755f-6915-48e9-a3c8-6986f2e61bf1,"Standard Bearer [Brom's Dragon, 15]","Standard Bearer [Brom's Dragon, 15]",{},"guardians_revised_standard-bearer-[brom's-dragon,-15]"
c4b81309-0101-4722-a927-96aaf22842b9,third-party-document,0,0,"{""obverse"": ""guardians_revised_standard-bearer-[brom's-skull,-16]"", ""reverse"": ""guardians_card-back""}","{""name_printed"": ""Standard Bearer [Brom's Skull, 16]"", ""rarity"": ""Uncommon-1"", ""type"": ""Shield"", ""item_dimensions"": ""{\u0022height\u0022: \u00223.5\u0022, \u0022width\u0022: \u00222.5\u0022, \u0022unit\u0022: \u0022inch\u0022}""}",d25eb25b-dfa0-4ef0-ad1e-d9396730114e,a881755f-6915-48e9-a3c8-6986f2e61bf1,"Standard Bearer [Brom's Skull, 16]","Standard Bearer [Brom's Skull, 16]",{},"guardians_revised_standard-bearer-[brom's-skull,-16]"
b6605e95-3219-4864-8ea3-5e1ae5f197b0,third-party-document,0,0,"{""obverse"": ""guardians_revised_standard-bearer-[maitz's-insect,-14]"", ""reverse"": ""guardians_card-back""}","{""name_printed"": ""Standard Bearer [Maitz's Insect, 14]"", ""rarity"": ""Uncommon-1"", ""type"": ""Shield"", ""item_dimensions"": ""{\u0022height\u0022: \u00223.5\u0022, \u0022width\u0022: \u00222.5\u0022, \u0022unit\u0022: \u0022inch\u0022}""}",d25eb25b-dfa0-4ef0-ad1e-d9396730114e,a881755f-6915-48e9-a3c8-6986f2e61bf1,"Standard Bearer [Maitz's Insect, 14]","Standard Bearer [Maitz's Insect, 14]",{},"guardians_revised_standard-bearer-[maitz's-insect,-14]"
3316c410-51b6-40c1-b931-427af60c78aa,third-party-document,0,0,"{""obverse"": ""guardians_revised_standard-bearer-[maitz's-lightning,-04]"", ""reverse"": ""guardians_card-back""}","{""name_printed"": ""Standard Bearer [Maitz's Lightning, 04]"", ""rarity"": ""Uncommon-1"", ""type"": ""Shield"", ""item_dimensions"": ""{\u0022height\u0022: \u00223.5\u0022, \u0022width\u0022: \u00222.5\u0022, \u0022unit\u0022: \u0022inch\u0022}""}",d25eb25b-dfa0-4ef0-ad1e-d9396730114e,a881755f-6915-48e9-a3c8-6986f2e61bf1,"Standard Bearer [Maitz's Lightning, 04]","Standard Bearer [Maitz's Lightning, 04]",{},"guardians_revised_standard-bearer-[maitz's-lightning,-04]"
2153524f-301b-4926-bc0d-3a282d32925a,third-party-document,0,0,"{""obverse"": ""guardians_revised_standard-bearer-[ploog's-chicken,-05]"", ""reverse"": ""guardians_card-back""}","{""name_printed"": ""Standard Bearer [Ploog's Chicken, 05]"", ""rarity"": ""Uncommon-1"", ""type"": ""Shield"", ""item_dimensions"": ""{\u0022height\u0022: \u00223.5\u0022, \u0022width\u0022: \u00222.5\u0022, \u0022unit\u0022: \u0022inch\u0022}""}",d25eb25b-dfa0-4ef0-ad1e-d9396730114e,a881755f-6915-48e9-a3c8-6986f2e61bf1,"Standard Bearer [Ploog's Chicken, 05]","Standard Bearer [Ploog's Chicken, 05]",{},"guardians_revised_standard-bearer-[ploog's-chicken,-05]"
3fc354ac-201c-49c4-bdda-edf6d7ac57c0,third-party-document,0,0,"{""obverse"": ""guardians_revised_standard-bearer-[ploog's-ox,-05]"", ""reverse"": ""guardians_card-back""}","{""name_printed"": ""Standard Bearer [Ploog's Ox, 05]"", ""rarity"": ""Uncommon-1"", ""type"": ""Shield"", ""item_dimensions"": ""{\u0022height\u0022: \u00223.5\u0022, \u0022width\u0022: \u00222.5\u0022, \u0022unit\u0022: \u0022inch\u0022}""}",d25eb25b-dfa0-4ef0-ad1e-d9396730114e,a881755f-6915-48e9-a3c8-6986f2e61bf1,"Standard Bearer [Ploog's Ox, 05]","Standard Bearer [Ploog's Ox, 05]",{},"guardians_revised_standard-bearer-[ploog's-ox,-05]"
b16133a3-adb5-4502-8a2a-f4769483b726,third-party-document,0,0,"{""obverse"": ""guardians_revised_standard-bearer-[warhola's-snakes,-06]"", ""reverse"": ""guardians_card-back""}","{""name_printed"": ""Standard Bearer [Warhola's Snakes, 06]"", ""rarity"": ""Uncommon-1"", ""type"": ""Shield"", ""item_dimensions"": ""{\u0022height\u0022: \u00223.5\u0022, \u0022width\u0022: \u00222.5\u0022, \u0022unit\u0022: \u0022inch\u0022}""}",d25eb25b-dfa0-4ef0-ad1e-d9396730114e,a881755f-6915-48e9-a3c8-6986f2e61bf1,"Standard Bearer [Warhola's Snakes, 06]","Standard Bearer [Warhola's Snakes, 06]",{},"guardians_revised_standard-bearer-[warhola's-snakes,-06]"
50c2234f-e893-434d-886d-4c5622268c34,third-party-document,0,0,"{""obverse"": ""guardians_revised_stinking-spirit"", ""reverse"": ""guardians_card-back""}","{""name_printed"": ""Stinking Spirit"", ""rarity"": ""Uncommon-1"", ""type"": ""Elemental"", ""item_dimensions"": ""{\u0022height\u0022: \u00223.5\u0022, \u0022width\u0022: \u00222.5\u0022, \u0022unit\u0022: \u0022inch\u0022}""}",d25eb25b-dfa0-4ef0-ad1e-d9396730114e,a881755f-6915-48e9-a3c8-6986f2e61bf1,Stinking Spirit,Stinking Spirit,{},guardians_revised_stinking-spirit
675ec884-5c5a-4eb3-8905-ef5b7dfa8280,third-party-document,0,0,"{""obverse"": ""guardians_revised_succubus"", ""reverse"": ""guardians_card-back""}","{""name_printed"": ""Succubus"", ""rarity"": ""Uncommon-1"", ""type"": ""Elemental"", ""item_dimensions"": ""{\u0022height\u0022: \u00223.5\u0022, \u0022width\u0022: \u00222.5\u0022, \u0022unit\u0022: \u0022inch\u0022}""}",d25eb25b-dfa0-4ef0-ad1e-d9396730114e,a881755f-6915-48e9-a3c8-6986f2e61bf1,Succubus,Succubus,{},guardians_revised_succubus
ee315066-b3f6-4c5b-9450-a97eeee77262,third-party-document,0,0,"{""obverse"": ""guardians_revised_super-model"", ""reverse"": ""guardians_card-back""}","{""name_printed"": ""Super Model"", ""rarity"": ""Uncommon-1"", ""type"": ""Mortal"", ""item_dimensions"": ""{\u0022height\u0022: \u00223.5\u0022, \u0022width\u0022: \u00222.5\u0022, \u0022unit\u0022: \u0022inch\u0022}""}",d25eb25b-dfa0-4ef0-ad1e-d9396730114e,a881755f-6915-48e9-a3c8-6986f2e61bf1,Super Model,Super Model,{},guardians_revised_super-model
41aa408b-2c84-4439-b2df-4f4d43e40c1f,third-party-document,0,0,"{""obverse"": ""guardians_revised_tangle-web"", ""reverse"": ""guardians_card-back""}","{""name_printed"": ""Tangle Web"", ""rarity"": ""Uncommon-1"", ""type"": ""Elemental"", ""item_dimensions"": ""{\u0022height\u0022: \u00223.5\u0022, \u0022width\u0022: \u00222.5\u0022, \u0022unit\u0022: \u0022inch\u0022}""}",d25eb25b-dfa0-4ef0-ad1e-d9396730114e,a881755f-6915-48e9-a3c8-6986f2e61bf1,Tangle Web,Tangle Web,{},guardians_revised_tangle-web
874017f9-a151-4f12-81ef-5f8e6f46099b,third-party-document,0,0,"{""obverse"": ""guardians_revised_teleport-tower"", ""reverse"": ""guardians_card-back""}","{""name_printed"": ""Teleport Tower"", ""rarity"": ""Uncommon-1"", ""type"": ""Stronghold Upgrade"", ""item_dimensions"": ""{\u0022height\u0022: \u00223.5\u0022, \u0022width\u0022: \u00222.5\u0022, \u0022unit\u0022: \u0022inch\u0022}""}",d25eb25b-dfa0-4ef0-ad1e-d9396730114e,a881755f-6915-48e9-a3c8-6986f2e61bf1,Teleport Tower,Teleport Tower,{},guardians_revised_teleport-tower
6511b4cb-26b8-4fba-a8ab-c9f512df88b3,third-party-document,0,0,"{""obverse"": ""guardians_revised_trumpeter"", ""reverse"": ""guardians_card-back""}","{""name_printed"": ""Trumpeter"", ""rarity"": ""Uncommon-1"", ""type"": ""Elemental"", ""item_dimensions"": ""{\u0022height\u0022: \u00223.5\u0022, \u0022width\u0022: \u00222.5\u0022, \u0022unit\u0022: \u0022inch\u0022}""}",d25eb25b-dfa0-4ef0-ad1e-d9396730114e,a881755f-6915-48e9-a3c8-6986f2e61bf1,Trumpeter,Trumpeter,{},guardians_revised_trumpeter
42006ba3-1786-4faa-ab88-77075e4b308d,third-party-document,0,0,"{""obverse"": ""guardians_revised_vapor-elemental"", ""reverse"": ""guardians_card-back""}","{""name_printed"": ""Vapor Elemental"", ""rarity"": ""Uncommon-1"", ""type"": ""Elemental"", ""item_dimensions"": ""{\u0022height\u0022: \u00223.5\u0022, \u0022width\u0022: \u00222.5\u0022, \u0022unit\u0022: \u0022inch\u0022}""}",d25eb25b-dfa0-4ef0-ad1e-d9396730114e,a881755f-6915-48e9-a3c8-6986f2e61bf1,Vapor Elemental,Vapor Elemental,{},guardians_revised_vapor-elemental
18de14ed-5acf-4f04-bc24-205bbe1015b1,third-party-document,0,0,"{""obverse"": ""guardians_revised_vitales-dark-cloud"", ""reverse"": ""guardians_card-back""}","{""name_printed"": ""Vitales Dark Cloud"", ""rarity"": ""Uncommon-1"", ""type"": ""Spell"", ""item_dimensions"": ""{\u0022height\u0022: \u00223.5\u0022, \u0022width\u0022: \u00222.5\u0022, \u0022unit\u0022: \u0022inch\u0022}""}",d25eb25b-dfa0-4ef0-ad1e-d9396730114e,a881755f-6915-48e9-a3c8-6986f2e61bf1,Vitales Dark Cloud,Vitales Dark Cloud,{},guardians_revised_vitales-dark-cloud
2126c0bb-df40-414b-8746-d82d8b70a560,third-party-document,0,0,"{""obverse"": ""guardians_revised_wailing-specter"", ""reverse"": ""guardians_card-back""}","{""name_printed"": ""Wailing Specter"", ""rarity"": ""Uncommon-1"", ""type"": ""External"", ""item_dimensions"": ""{\u0022height\u0022: \u00223.5\u0022, \u0022width\u0022: \u00222.5\u0022, \u0022unit\u0022: \u0022inch\u0022}""}",d25eb25b-dfa0-4ef0-ad1e-d9396730114e,a881755f-6915-48e9-a3c8-6986f2e61bf1,Wailing Specter,Wailing Specter,{},guardians_revised_wailing-specter
02a2722c-bd3d-4d74-a034-6d8d757157ea,third-party-document,0,0,"{""obverse"": ""guardians_revised_warrior-spirit"", ""reverse"": ""guardians_card-back""}","{""name_printed"": ""Warrior Spirit"", ""rarity"": ""Uncommon-1"", ""type"": ""Elemental"", ""item_dimensions"": ""{\u0022height\u0022: \u00223.5\u0022, \u0022width\u0022: \u00222.5\u0022, \u0022unit\u0022: \u0022inch\u0022}""}",d25eb25b-dfa0-4ef0-ad1e-d9396730114e,a881755f-6915-48e9-a3c8-6986f2e61bf1,Warrior Spirit,Warrior Spirit,{},guardians_revised_warrior-spirit
f7fafdf9-6a66-4a47-bef8-c06767c69867,third-party-document,0,0,"{""obverse"": ""guardians_revised_watcher"", ""reverse"": ""guardians_card-back""}","{""name_printed"": ""Watcher"", ""rarity"": ""Uncommon-1"", ""type"": ""Mortal"", ""item_dimensions"": ""{\u0022height\u0022: \u00223.5\u0022, \u0022width\u0022: \u00222.5\u0022, \u0022unit\u0022: \u0022inch\u0022}""}",d25eb25b-dfa0-4ef0-ad1e-d9396730114e,a881755f-6915-48e9-a3c8-6986f2e61bf1,Watcher,Watcher,{},guardians_revised_watcher
46de9800-bcc9-43d0-b8cc-231751facc5a,third-party-document,0,0,"{""obverse"": ""guardians_revised_will'o-the-wisp"", ""reverse"": ""guardians_card-back""}","{""name_printed"": ""Will'o the Wisp"", ""rarity"": ""Uncommon-1"", ""type"": ""External"", ""item_dimensions"": ""{\u0022height\u0022: \u00223.5\u0022, \u0022width\u0022: \u00222.5\u0022, \u0022unit\u0022: \u0022inch\u0022}""}",d25eb25b-dfa0-4ef0-ad1e-d9396730114e,a881755f-6915-48e9-a3c8-6986f2e61bf1,Will'o the Wisp,Will'o the Wisp,{},guardians_revised_will'o-the-wisp
623e47b4-1547-48c3-a05b-e00cae7350aa,third-party-document,0,0,"{""obverse"": ""guardians_revised_winterseed's-maiden"", ""reverse"": ""guardians_card-back""}","{""name_printed"": ""Winterseed's Maiden"", ""rarity"": ""Uncommon-1"", ""type"": ""External"", ""item_dimensions"": ""{\u0022height\u0022: \u00223.5\u0022, \u0022width\u0022: \u00222.5\u0022, \u0022unit\u0022: \u0022inch\u0022}""}",d25eb25b-dfa0-4ef0-ad1e-d9396730114e,a881755f-6915-48e9-a3c8-6986f2e61bf1,Winterseed's Maiden,Winterseed's Maiden,{},guardians_revised_winterseed's-maiden
72c5cd92-c833-4ee2-a593-97bafe739885,third-party-document,0,0,"{""obverse"": ""guardians_revised_winterseed's-mistress"", ""reverse"": ""guardians_card-back""}","{""name_printed"": ""Winterseed's Mistress"", ""rarity"": ""Uncommon-1"", ""type"": ""External"", ""item_dimensions"": ""{\u0022height\u0022: \u00223.5\u0022, \u0022width\u0022: \u00222.5\u0022, \u0022unit\u0022: \u0022inch\u0022}""}",d25eb25b-dfa0-4ef0-ad1e-d9396730114e,a881755f-6915-48e9-a3c8-6986f2e61bf1,Winterseed's Mistress,Winterseed's Mistress,{},guardians_revised_winterseed's-mistress
f8d65e23-88ca-4356-a166-e8ce2778aa80,third-party-document,0,0,"{""obverse"": ""guardians_revised_yandrax"", ""reverse"": ""guardians_card-back""}","{""name_printed"": ""Yandrax"", ""rarity"": ""Uncommon-1"", ""type"": ""Elemental"", ""item_dimensions"": ""{\u0022height\u0022: \u00223.5\u0022, \u0022width\u0022: \u00222.5\u0022, \u0022unit\u0022: \u0022inch\u0022}""}",d25eb25b-dfa0-4ef0-ad1e-d9396730114e,a881755f-6915-48e9-a3c8-6986f2e61bf1,Yandrax,Yandrax,{},guardians_revised_yandrax
77932b76-b44b-4ad0-b626-334cef7524a8,third-party-document,0,0,"{""obverse"": ""guardians_revised_zombie"", ""reverse"": ""guardians_card-back""}","{""name_printed"": ""Zombie"", ""rarity"": ""Uncommon-1"", ""type"": ""External"", ""item_dimensions"": ""{\u0022height\u0022: \u00223.5\u0022, \u0022width\u0022: \u00222.5\u0022, \u0022unit\u0022: \u0022inch\u0022}""}",d25eb25b-dfa0-4ef0-ad1e-d9396730114e,a881755f-6915-48e9-a3c8-6986f2e61bf1,Zombie,Zombie,{},guardians_revised_zombie
9d7bd523-3058-4d62-9950-6adcd6f36240,third-party-document,0,0,"{""obverse"": ""guardians_revised_annihilator-cloud"", ""reverse"": ""guardians_card-back""}","{""name_printed"": ""Annihilator Cloud"", ""rarity"": ""Uncommon-2"", ""type"": ""Elemental"", ""item_dimensions"": ""{\u0022height\u0022: \u00223.5\u0022, \u0022width\u0022: \u00222.5\u0022, \u0022unit\u0022: \u0022inch\u0022}""}",d25eb25b-dfa0-4ef0-ad1e-d9396730114e,a881755f-6915-48e9-a3c8-6986f2e61bf1,Annihilator Cloud,Annihilator Cloud,{},guardians_revised_annihilator-cloud
3eed77f4-e95a-43fd-a548-2d959440bb22,third-party-document,0,0,"{""obverse"": ""guardians_revised_axeman"", ""reverse"": ""guardians_card-back""}","{""name_printed"": ""Axeman"", ""rarity"": ""Uncommon-2"", ""type"": ""Mortal"", ""item_dimensions"": ""{\u0022height\u0022: \u00223.5\u0022, \u0022width\u0022: \u00222.5\u0022, \u0022unit\u0022: \u0022inch\u0022}""}",d25eb25b-dfa0-4ef0-ad1e-d9396730114e,a881755f-6915-48e9-a3c8-6986f2e61bf1,Axeman,Axeman,{},guardians_revised_axeman
eb0819c4-b919-4a31-ae6f-8f5937f7281b,third-party-document,0,0,"{""obverse"": ""guardians_revised_elder-cave-giant"", ""reverse"": ""guardians_card-back""}","{""name_printed"": ""Elder Cave Giant"", ""rarity"": ""Uncommon-2"", ""type"": ""Mortal"", ""item_dimensions"": ""{\u0022height\u0022: \u00223.5\u0022, \u0022width\u0022: \u00222.5\u0022, \u0022unit\u0022: \u0022inch\u0022}""}",d25eb25b-dfa0-4ef0-ad1e-d9396730114e,a881755f-6915-48e9-a3c8-6986f2e61bf1,Elder Cave Giant,Elder Cave Giant,{},guardians_revised_elder-cave-giant
0c05151f-9b93-487f-b3be-275c0eb9b63f,third-party-document,0,0,"{""obverse"": ""guardians_revised_embryonic-witch"", ""reverse"": ""guardians_card-back""}","{""name_printed"": ""Embryonic Witch"", ""rarity"": ""Uncommon-2"", ""type"": ""External"", ""item_dimensions"": ""{\u0022height\u0022: \u00223.5\u0022, \u0022width\u0022: \u00222.5\u0022, \u0022unit\u0022: \u0022inch\u0022}""}",d25eb25b-dfa0-4ef0-ad1e-d9396730114e,a881755f-6915-48e9-a3c8-6986f2e61bf1,Embryonic Witch,Embryonic Witch,{},guardians_revised_embryonic-witch
43a1e9fc-8df9-4014-abbb-e958b7ddecbe,third-party-document,0,0,"{""obverse"": ""guardians_revised_floyd-the-flying-pig"", ""reverse"": ""guardians_card-back""}","{""name_printed"": ""Floyd the Flying Pig"", ""rarity"": ""Uncommon-2"", ""type"": ""Mortal"", ""item_dimensions"": ""{\u0022height\u0022: \u00223.5\u0022, \u0022width\u0022: \u00222.5\u0022, \u0022unit\u0022: \u0022inch\u0022}""}",d25eb25b-dfa0-4ef0-ad1e-d9396730114e,a881755f-6915-48e9-a3c8-6986f2e61bf1,Floyd the Flying Pig,Floyd the Flying Pig,{},guardians_revised_floyd-the-flying-pig
8b8e397a-0e34-4dd2-a20e-e3073f764b6c,third-party-document,0,0,"{""obverse"": ""guardians_revised_goldthwaite-jumper"", ""reverse"": ""guardians_card-back""}","{""name_printed"": ""Goldthwaite Jumper"", ""rarity"": ""Uncommon-2"", ""type"": ""External"", ""item_dimensions"": ""{\u0022height\u0022: \u00223.5\u0022, \u0022width\u0022: \u00222.5\u0022, \u0022unit\u0022: \u0022inch\u0022}""}",d25eb25b-dfa0-4ef0-ad1e-d9396730114e,a881755f-6915-48e9-a3c8-6986f2e61bf1,Goldthwaite Jumper,Goldthwaite Jumper,{},guardians_revised_goldthwaite-jumper
0eb299f0-92fc-44cc-bdd0-ad0a418048f0,third-party-document,0,0,"{""obverse"": ""guardians_revised_greedy-fiend"", ""reverse"": ""guardians_card-back""}","{""name_printed"": ""Greedy Fiend"", ""rarity"": ""Uncommon-2"", ""type"": ""Mortal"", ""item_dimensions"": ""{\u0022height\u0022: \u00223.5\u0022, \u0022width\u0022: \u00222.5\u0022, \u0022unit\u0022: \u0022inch\u0022}""}",d25eb25b-dfa0-4ef0-ad1e-d9396730114e,a881755f-6915-48e9-a3c8-6986f2e61bf1,Greedy Fiend,Greedy Fiend,{},guardians_revised_greedy-fiend
f612ac30-47ac-44dc-a6c9-f37c16d83501,third-party-document,0,0,"{""obverse"": ""guardians_revised_heels-of-speed"", ""reverse"": ""guardians_card-back""}","{""name_printed"": ""Heels of Speed"", ""rarity"": ""Uncommon-2"", ""type"": ""Magic Item - Creature"", ""item_dimensions"": ""{\u0022height\u0022: \u00223.5\u0022, \u0022width\u0022: \u00222.5\u0022, \u0022unit\u0022: \u0022inch\u0022}""}",d25eb25b-dfa0-4ef0-ad1e-d9396730114e,a881755f-6915-48e9-a3c8-6986f2e61bf1,Heels of Speed,Heels of Speed,{},guardians_revised_heels-of-speed
33fa3c24-f429-4e1b-86f3-94821ebfb3b5,third-party-document,0,0,"{""obverse"": ""guardians_revised_huge-rock-giant"", ""reverse"": ""guardians_card-back""}","{""name_printed"": ""Huge Rock Giant"", ""rarity"": ""Uncommon-2"", ""type"": ""Mortal"", ""item_dimensions"": ""{\u0022height\u0022: \u00223.5\u0022, \u0022width\u0022: \u00222.5\u0022, \u0022unit\u0022: \u0022inch\u0022}""}",d25eb25b-dfa0-4ef0-ad1e-d9396730114e,a881755f-6915-48e9-a3c8-6986f2e61bf1,Huge Rock Giant,Huge Rock Giant,{},guardians_revised_huge-rock-giant
ed269443-5546-4900-b21c-8a1db52787d3,third-party-document,0,0,"{""obverse"": ""guardians_revised_mad-fiend"", ""reverse"": ""guardians_card-back""}","{""name_printed"": ""Mad Fiend"", ""rarity"": ""Uncommon-2"", ""type"": ""Mortal"", ""item_dimensions"": ""{\u0022height\u0022: \u00223.5\u0022, \u0022width\u0022: \u00222.5\u0022, \u0022unit\u0022: \u0022inch\u0022}""}",d25eb25b-dfa0-4ef0-ad1e-d9396730114e,a881755f-6915-48e9-a3c8-6986f2e61bf1,Mad Fiend,Mad Fiend,{},guardians_revised_mad-fiend
b3eca2dc-cbfe-40fd-84f4-47ce87b0ec47,third-party-document,0,0,"{""obverse"": ""guardians_revised_male-titan"", ""reverse"": ""guardians_card-back""}","{""name_printed"": ""Male Titan"", ""rarity"": ""Uncommon-2"", ""type"": ""External"", ""item_dimensions"": ""{\u0022height\u0022: \u00223.5\u0022, \u0022width\u0022: \u00222.5\u0022, \u0022unit\u0022: \u0022inch\u0022}""}",d25eb25b-dfa0-4ef0-ad1e-d9396730114e,a881755f-6915-48e9-a3c8-6986f2e61bf1,Male Titan,Male Titan,{},guardians_revised_male-titan
b8f06d6b-531e-46e3-bd58-76bf381d6f11,third-party-document,0,0,"{""obverse"": ""guardians_revised_pepe's-slow-down"", ""reverse"": ""guardians_card-back""}","{""name_printed"": ""Pepe's Slow Down"", ""rarity"": ""Uncommon-2"", ""type"": ""Spell"", ""item_dimensions"": ""{\u0022height\u0022: \u00223.5\u0022, \u0022width\u0022: \u00222.5\u0022, \u0022unit\u0022: \u0022inch\u0022}""}",d25eb25b-dfa0-4ef0-ad1e-d9396730114e,a881755f-6915-48e9-a3c8-6986f2e61bf1,Pepe's Slow Down,Pepe's Slow Down,{},guardians_revised_pepe's-slow-down
211ba638-c594-47a7-bbb8-fbe396a3b2ae,third-party-document,0,0,"{""obverse"": ""guardians_revised_potion-of-movement-essence"", ""reverse"": ""guardians_card-back""}","{""name_printed"": ""Potion of Movement Essence"", ""rarity"": ""Uncommon-2"", ""type"": ""Magic Item - Hand"", ""item_dimensions"": ""{\u0022height\u0022: \u00223.5\u0022, \u0022width\u0022: \u00222.5\u0022, \u0022unit\u0022: \u0022inch\u0022}""}",d25eb25b-dfa0-4ef0-ad1e-d9396730114e,a881755f-6915-48e9-a3c8-6986f2e61bf1,Potion of Movement Essence,Potion of Movement Essence,{},guardians_revised_potion-of-movement-essence
705020a9-bfd0-437a-a053-c5660f764e88,third-party-document,0,0,"{""obverse"": ""guardians_revised_rain-spirit"", ""reverse"": ""guardians_card-back""}","{""name_printed"": ""Rain Spirit"", ""rarity"": ""Uncommon-2"", ""type"": ""Elemental"", ""item_dimensions"": ""{\u0022height\u0022: \u00223.5\u0022, \u0022width\u0022: \u00222.5\u0022, \u0022unit\u0022: \u0022inch\u0022}""}",d25eb25b-dfa0-4ef0-ad1e-d9396730114e,a881755f-6915-48e9-a3c8-6986f2e61bf1,Rain Spirit,Rain Spirit,{},guardians_revised_rain-spirit
217ecb2c-212c-4e1a-a206-7dfc04f1d63e,third-party-document,0,0,"{""obverse"": ""guardians_revised_ugly-wart-fiend"", ""reverse"": ""guardians_card-back""}","{""name_printed"": ""Ugly Wart Fiend"", ""rarity"": ""Uncommon-2"", ""type"": ""Mortal"", ""item_dimensions"": ""{\u0022height\u0022: \u00223.5\u0022, \u0022width\u0022: \u00222.5\u0022, \u0022unit\u0022: \u0022inch\u0022}""}",d25eb25b-dfa0-4ef0-ad1e-d9396730114e,a881755f-6915-48e9-a3c8-6986f2e61bf1,Ugly Wart Fiend,Ugly Wart Fiend,{},guardians_revised_ugly-wart-fiend
d03fae73-e16f-4760-b65c-5bab3b9178ce,third-party-document,0,0,"{""obverse"": ""guardians_revised_yard-rat"", ""reverse"": ""guardians_card-back""}","{""name_printed"": ""Yard Rat"", ""rarity"": ""Uncommon-2"", ""type"": ""Mortal"", ""item_dimensions"": ""{\u0022height\u0022: \u00223.5\u0022, \u0022width\u0022: \u00222.5\u0022, \u0022unit\u0022: \u0022inch\u0022}""}",d25eb25b-dfa0-4ef0-ad1e-d9396730114e,a881755f-6915-48e9-a3c8-6986f2e61bf1,Yard Rat,Yard Rat,{},guardians_revised_yard-rat