id,source,imaged,documented,images,attributes,game_id,set_id,functional_name,item_name,source_notes,game_set_item_slug
8b5b4608-816e-4dbe-bd1c-5d7bd34b5ae2,item,1,1,"{""obverse"": ""sand-land-tactical-card-battle_base-set_angry-beelzebub"", ""reverse"": ""sand-land-tactical-card-battle_card-back""}","{""name_printed"": ""Angry Beelzebub"", ""rarity"": ""Fixed"", ""fixed_rarity_ratio"": ""F2"", ""item_finish"": ""Foil"", ""number"": ""SL01-05"", ""type"": ""Asset: Unit"", ""cost"": ""2"", ""attack"": ""3"", ""water"": ""2"", ""health"": ""6"", ""rule_text"": ""Activate: Attack with this unit."", ""tags"": ""[\u0022Demon\u0022, \u0022Fiend\u0022]"", ""item_dimensions"": ""{\u0022height\u0022: \u00223.5\u0022, \u0022width\u0022: \u00222.5\u0022, \u0022unit\u0022: \u0022inch\u0022}""}",8a2df42a-283f-49cb-9e1a-4ae10c5baeef,05a4fb59-e06b-4ef1-ba48-e6a90088f572,Angry Beelzebub,Angry Beelzebub,{},sand-land-tactical-card-battle_base-set_angry-beelzebub
d8df60d0-01d6-4f64-8b85-38a3ab91bc25,item,1,1,"{""obverse"": ""sand-land-tactical-card-battle_base-set_ann-(asset--unit)"", ""reverse"": ""sand-land-tactical-card-battle_card-back""}","{""name_printed"": ""Ann"", ""functional_disambiguator"": ""Asset: Unit"", ""rarity"": ""Fixed"", ""fixed_rarity_ratio"": ""F2"", ""item_finish"": ""Normal"", ""number"": ""SL03-06"", ""type"": ""Asset: Unit"", ""cost"": ""1"", ""attack"": ""1"", ""water"": ""2"", ""health"": ""6"", ""rule_text"": ""Activate: Heal an asset 1."", ""tags"": ""[\u0022Human\u0022, \u0022Demon\u0022]"", ""item_dimensions"": ""{\u0022height\u0022: \u00223.5\u0022, \u0022width\u0022: \u00222.5\u0022, \u0022unit\u0022: \u0022inch\u0022}""}",8a2df42a-283f-49cb-9e1a-4ae10c5baeef,05a4fb59-e06b-4ef1-ba48-e6a90088f572,Ann (Asset: Unit),Ann (Asset: Unit),{},sand-land-tactical-card-battle_base-set_ann-(asset--unit)
429c60a3-2a95-43c1-a60f-1fcb954b6260,item,1,1,"{""obverse"": ""sand-land-tactical-card-battle_base-set_ann-(leader)"", ""reverse"": ""sand-land-tactical-card-battle_card-back""}","{""name_printed"": ""Ann"", ""functional_disambiguator"": ""Leader"", ""rarity"": ""Fixed"", ""fixed_rarity_ratio"": ""F1"", ""item_finish"": ""Foil"", ""number"": ""SL08-01"", ""type"": ""Leader"", ""water"": ""3"", ""rule_text"": ""Exhaust: Heal your units 1. Each unit healed this way has +2 Attack this turn."", ""item_dimensions"": ""{\u0022height\u0022: \u00223.5\u0022, \u0022width\u0022: \u00222.5\u0022, \u0022unit\u0022: \u0022inch\u0022}""}",8a2df42a-283f-49cb-9e1a-4ae10c5baeef,05a4fb59-e06b-4ef1-ba48-e6a90088f572,Ann (Leader),Ann (Leader),{},sand-land-tactical-card-battle_base-set_ann-(leader)
397534f8-c10c-46e7-a0ac-a26e4c1d687e,item,1,1,"{""obverse"": ""sand-land-tactical-card-battle_base-set_apo"", ""reverse"": ""sand-land-tactical-card-battle_card-back""}","{""name_printed"": ""Apo"", ""rarity"": ""Fixed"", ""fixed_rarity_ratio"": ""F3"", ""item_finish"": ""Normal"", ""number"": ""SL04-09"", ""type"": ""Asset: Unit"", ""cost"": ""0"", ""attack"": ""2"", ""water"": ""1"", ""health"": ""3"", ""rule_text"": ""Defeated: You may ready an exhausted card."", ""tags"": ""[\u0022Human\u0022]"", ""item_dimensions"": ""{\u0022height\u0022: \u00223.5\u0022, \u0022width\u0022: \u00222.5\u0022, \u0022unit\u0022: \u0022inch\u0022}""}",8a2df42a-283f-49cb-9e1a-4ae10c5baeef,05a4fb59-e06b-4ef1-ba48-e6a90088f572,Apo,Apo,{},sand-land-tactical-card-battle_base-set_apo
8f0589b0-4792-4d2d-95e6-9527ca8a5618,item,1,1,"{""obverse"": ""sand-land-tactical-card-battle_base-set_aquanium-[sl06-12]"", ""reverse"": ""sand-land-tactical-card-battle_card-back""}","{""name_printed"": ""Aquanium"", ""variant_disambiguator"": ""SL06-12"", ""rarity"": ""Fixed"", ""fixed_rarity_ratio"": ""F3"", ""item_finish"": ""Normal"", ""number"": ""SL06-12"", ""type"": ""Asset: Location"", ""cost"": ""3"", ""attack"": ""0"", ""water"": ""1"", ""health"": ""12"", ""rule_text"": ""Activate: Reclaim 1 Scrap."", ""item_dimensions"": ""{\u0022height\u0022: \u00223.5\u0022, \u0022width\u0022: \u00222.5\u0022, \u0022unit\u0022: \u0022inch\u0022}""}",8a2df42a-283f-49cb-9e1a-4ae10c5baeef,05a4fb59-e06b-4ef1-ba48-e6a90088f572,Aquanium,Aquanium [SL06-12],{},sand-land-tactical-card-battle_base-set_aquanium-[sl06-12]
df781cdc-2f78-4604-a36b-581ac063132e,item,1,1,"{""obverse"": ""sand-land-tactical-card-battle_base-set_aquanium-[sl09-13]"", ""reverse"": ""sand-land-tactical-card-battle_card-back""}","{""name_printed"": ""Aquanium"", ""variant_disambiguator"": ""SL09-13"", ""rarity"": ""Fixed"", ""fixed_rarity_ratio"": ""F2"", ""item_finish"": ""Normal"", ""number"": ""SL09-13"", ""type"": ""Asset: Location"", ""cost"": ""3"", ""attack"": ""0"", ""water"": ""1"", ""health"": ""12"", ""rule_text"": ""Activate: Reclaim 1 Scrap."", ""item_dimensions"": ""{\u0022height\u0022: \u00223.5\u0022, \u0022width\u0022: \u00222.5\u0022, \u0022unit\u0022: \u0022inch\u0022}""}",8a2df42a-283f-49cb-9e1a-4ae10c5baeef,05a4fb59-e06b-4ef1-ba48-e6a90088f572,Aquanium,Aquanium [SL09-13],{},sand-land-tactical-card-battle_base-set_aquanium-[sl09-13]
181ebc7a-511a-46e2-b0f3-65676ec9ce6f,item,1,1,"{""obverse"": ""sand-land-tactical-card-battle_base-set_aquanium-absorption"", ""reverse"": ""sand-land-tactical-card-battle_card-back""}","{""name_printed"": ""Aquanium Absorption"", ""rarity"": ""Fixed"", ""fixed_rarity_ratio"": ""F3"", ""item_finish"": ""Normal"", ""number"": ""SL10-12"", ""type"": ""Tactic"", ""cost"": ""0"", ""rule_text"": ""Reveal: You may pay 1-2 Scrap. If you do, search your deck for any Muniel with that Scrap cost and put it face up into play in an empty slot. Shuffle this tactic into your deck."", ""item_dimensions"": ""{\u0022height\u0022: \u00223.5\u0022, \u0022width\u0022: \u00222.5\u0022, \u0022unit\u0022: \u0022inch\u0022}""}",8a2df42a-283f-49cb-9e1a-4ae10c5baeef,05a4fb59-e06b-4ef1-ba48-e6a90088f572,Aquanium Absorption,Aquanium Absorption,{},sand-land-tactical-card-battle_base-set_aquanium-absorption
3f7ad19e-0fd4-47c7-a433-fc381b197a6d,item,1,1,"{""obverse"": ""sand-land-tactical-card-battle_base-set_art-of-manipulation"", ""reverse"": ""sand-land-tactical-card-battle_card-back""}","{""name_printed"": ""Art of Manipulation"", ""rarity"": ""Fixed"", ""fixed_rarity_ratio"": ""F2"", ""item_finish"": ""Foil"", ""number"": ""SL10-10"", ""type"": ""Tactic"", ""cost"": ""0"", ""rule_text"": ""Discard: Choose a face up enemy unit. It attacks a neighbor of your choice."", ""item_dimensions"": ""{\u0022height\u0022: \u00223.5\u0022, \u0022width\u0022: \u00222.5\u0022, \u0022unit\u0022: \u0022inch\u0022}""}",8a2df42a-283f-49cb-9e1a-4ae10c5baeef,05a4fb59-e06b-4ef1-ba48-e6a90088f572,Art of Manipulation,Art of Manipulation,{},sand-land-tactical-card-battle_base-set_art-of-manipulation
11d5af7e-b9fd-40e5-915f-12d4f8540cc5,item,1,1,"{""obverse"": ""sand-land-tactical-card-battle_base-set_assistance-[sl05-12]"", ""reverse"": ""sand-land-tactical-card-battle_card-back""}","{""name_printed"": ""Assistance"", ""variant_disambiguator"": ""SL05-12"", ""rarity"": ""Fixed"", ""fixed_rarity_ratio"": ""F2"", ""item_finish"": ""Normal"", ""number"": ""SL05-12"", ""type"": ""Tactic"", ""cost"": ""0"", ""rule_text"": ""Attach: Chosen unit has Agile (This unit may both move and attack in either order.), Armor Piercing (This unit's damage ignores Armor on the target.), and +1 Attack."", ""item_dimensions"": ""{\u0022height\u0022: \u00223.5\u0022, \u0022width\u0022: \u00222.5\u0022, \u0022unit\u0022: \u0022inch\u0022}""}",8a2df42a-283f-49cb-9e1a-4ae10c5baeef,05a4fb59-e06b-4ef1-ba48-e6a90088f572,Assistance,Assistance [SL05-12],{},sand-land-tactical-card-battle_base-set_assistance-[sl05-12]
af7a681f-195d-4ac0-9bb9-d04cc92cf31d,item,1,1,"{""obverse"": ""sand-land-tactical-card-battle_base-set_assistance-[sl08-14]"", ""reverse"": ""sand-land-tactical-card-battle_card-back""}","{""name_printed"": ""Assistance"", ""variant_disambiguator"": ""SL08-14"", ""rarity"": ""Fixed"", ""fixed_rarity_ratio"": ""F2"", ""item_finish"": ""Normal"", ""number"": ""SL08-14"", ""type"": ""Tactic"", ""cost"": ""0"", ""rule_text"": ""Attach: Chosen unit has Agile (This unit may both move and attack in either order.), Armor Piercing (This unit's damage ignores Armor on the target.), and +1 Attack."", ""item_dimensions"": ""{\u0022height\u0022: \u00223.5\u0022, \u0022width\u0022: \u00222.5\u0022, \u0022unit\u0022: \u0022inch\u0022}""}",8a2df42a-283f-49cb-9e1a-4ae10c5baeef,05a4fb59-e06b-4ef1-ba48-e6a90088f572,Assistance,Assistance [SL08-14],{},sand-land-tactical-card-battle_base-set_assistance-[sl08-14]
621e9cef-6a44-428a-baa2-2f53da5969e9,item,1,1,"{""obverse"": ""sand-land-tactical-card-battle_base-set_auto-defender-[sl09-08]"", ""reverse"": ""sand-land-tactical-card-battle_card-back""}","{""name_printed"": ""Auto-Defender"", ""variant_disambiguator"": ""SL09-08"", ""rarity"": ""Fixed"", ""fixed_rarity_ratio"": ""F2"", ""item_finish"": ""Normal"", ""number"": ""SL09-08"", ""type"": ""Asset: Unit"", ""cost"": ""0"", ""attack"": ""2"", ""water"": ""1"", ""health"": ""3"", ""rule_text"": ""Taunt (If a unit with Taunt is a legal target for an attack, it must be chosen as the target.) Armor:1 (Reduces damage dealt to the Asset by 1.)"", ""tags"": ""[\u0022Bot\u0022]"", ""item_dimensions"": ""{\u0022height\u0022: \u00223.5\u0022, \u0022width\u0022: \u00222.5\u0022, \u0022unit\u0022: \u0022inch\u0022}""}",8a2df42a-283f-49cb-9e1a-4ae10c5baeef,05a4fb59-e06b-4ef1-ba48-e6a90088f572,Auto-Defender,Auto-Defender [SL09-08],{},sand-land-tactical-card-battle_base-set_auto-defender-[sl09-08]
fe4de207-822e-4b8a-8d8c-256856d51a09,item,1,1,"{""obverse"": ""sand-land-tactical-card-battle_base-set_auto-defender-[sl10-09]"", ""reverse"": ""sand-land-tactical-card-battle_card-back""}","{""name_printed"": ""Auto-Defender"", ""variant_disambiguator"": ""SL10-09"", ""rarity"": ""Fixed"", ""fixed_rarity_ratio"": ""F3"", ""item_finish"": ""Normal"", ""number"": ""SL10-09"", ""type"": ""Asset: Unit"", ""cost"": ""0"", ""attack"": ""2"", ""water"": ""1"", ""health"": ""3"", ""rule_text"": ""Taunt (If a unit with Taunt is a legal target for an attack, it must be chosen as the target.) Armor:1 (Reduces damage dealt to the Asset by 1.)"", ""tags"": ""[\u0022Bot\u0022]"", ""item_dimensions"": ""{\u0022height\u0022: \u00223.5\u0022, \u0022width\u0022: \u00222.5\u0022, \u0022unit\u0022: \u0022inch\u0022}""}",8a2df42a-283f-49cb-9e1a-4ae10c5baeef,05a4fb59-e06b-4ef1-ba48-e6a90088f572,Auto-Defender,Auto-Defender [SL10-09],{},sand-land-tactical-card-battle_base-set_auto-defender-[sl10-09]
f9fe91ca-761c-4e99-9315-94ac2deed7a8,item,1,1,"{""obverse"": ""sand-land-tactical-card-battle_base-set_awaken-power"", ""reverse"": ""sand-land-tactical-card-battle_card-back""}","{""name_printed"": ""Awaken Power"", ""rarity"": ""Fixed"", ""fixed_rarity_ratio"": ""F2"", ""item_finish"": ""Normal"", ""number"": ""SL08-13"", ""type"": ""Tactic"", ""cost"": ""0"", ""rule_text"": ""Attach: Chosen unit has +2 Attack and Range (This unit can attack any asset on the opponent's side.)"", ""item_dimensions"": ""{\u0022height\u0022: \u00223.5\u0022, \u0022width\u0022: \u00222.5\u0022, \u0022unit\u0022: \u0022inch\u0022}""}",8a2df42a-283f-49cb-9e1a-4ae10c5baeef,05a4fb59-e06b-4ef1-ba48-e6a90088f572,Awaken Power,Awaken Power,{},sand-land-tactical-card-battle_base-set_awaken-power
4c3913c6-34f2-4f5f-b2d7-6794183177e9,item,1,1,"{""obverse"": ""sand-land-tactical-card-battle_base-set_beelzebub--adversity"", ""reverse"": ""sand-land-tactical-card-battle_card-back""}","{""name_printed"": ""Beelzebub: Adversity"", ""rarity"": ""Fixed"", ""fixed_rarity_ratio"": ""F20"", ""item_finish"": ""Normal"", ""number"": ""SLP-01"", ""type"": ""Asset: Unit"", ""cost"": ""1"", ""attack"": ""2"", ""water"": ""1"", ""health"": ""7"", ""rule_text"": ""Counterattack (When this unit is attacked, if it is not defeated, it attacks back to the attacking unit. The attacking unit must be a legal target.) Ongoing: This card has +3 Attack if the water counter is on the opponent's side."", ""tags"": ""[\u0022Demon\u0022, \u0022Fiend\u0022]"", ""item_dimensions"": ""{\u0022height\u0022: \u00223.5\u0022, \u0022width\u0022: \u00222.5\u0022, \u0022unit\u0022: \u0022inch\u0022}""}",8a2df42a-283f-49cb-9e1a-4ae10c5baeef,05a4fb59-e06b-4ef1-ba48-e6a90088f572,Beelzebub: Adversity,Beelzebub: Adversity,{},sand-land-tactical-card-battle_base-set_beelzebub--adversity
86859985-57ac-46b2-95a4-9779957e53f5,item,1,1,"{""obverse"": ""sand-land-tactical-card-battle_base-set_beelzebub--counterattack"", ""reverse"": ""sand-land-tactical-card-battle_card-back""}","{""name_printed"": ""Beelzebub: Counterattack"", ""rarity"": ""Fixed"", ""fixed_rarity_ratio"": ""F2"", ""item_finish"": ""Foil"", ""number"": ""SL04-04"", ""type"": ""Asset: Unit"", ""cost"": ""1"", ""attack"": ""2"", ""water"": ""1"", ""health"": ""6"", ""rule_text"": ""Counterattack (When this unit is attacked, if it is not defeated, it attacks back to the attacking unit. The attacking unit must be a legal target.) Ongoing: This card has +1 Attack for each damaged neighbor."", ""tags"": ""[\u0022Demon\u0022, \u0022Fiend\u0022]"", ""item_dimensions"": ""{\u0022height\u0022: \u00223.5\u0022, \u0022width\u0022: \u00222.5\u0022, \u0022unit\u0022: \u0022inch\u0022}""}",8a2df42a-283f-49cb-9e1a-4ae10c5baeef,05a4fb59-e06b-4ef1-ba48-e6a90088f572,Beelzebub: Counterattack,Beelzebub: Counterattack,{},sand-land-tactical-card-battle_base-set_beelzebub--counterattack
49babfa0-6726-4726-b127-adca516eacf5,item,1,1,"{""obverse"": ""sand-land-tactical-card-battle_base-set_beelzebub--critical-hit"", ""reverse"": ""sand-land-tactical-card-battle_card-back""}","{""name_printed"": ""Beelzebub: Critical Hit"", ""rarity"": ""Fixed"", ""fixed_rarity_ratio"": ""F2"", ""item_finish"": ""Foil"", ""number"": ""SL03-02"", ""type"": ""Asset: Unit"", ""cost"": ""2"", ""attack"": ""4"", ""water"": ""2"", ""health"": ""6"", ""rule_text"": ""Activate: You may pay 1 scrap. If you do, this unit has +4 Attack and Splash:2 (When this unit attacks a target, it also deals 2 damage to the target's neighbors.) this turn."", ""tags"": ""[\u0022Demon\u0022, \u0022Fiend\u0022]"", ""item_dimensions"": ""{\u0022height\u0022: \u00223.5\u0022, \u0022width\u0022: \u00222.5\u0022, \u0022unit\u0022: \u0022inch\u0022}""}",8a2df42a-283f-49cb-9e1a-4ae10c5baeef,05a4fb59-e06b-4ef1-ba48-e6a90088f572,Beelzebub: Critical Hit,Beelzebub: Critical Hit,{},sand-land-tactical-card-battle_base-set_beelzebub--critical-hit
7a1f5a9f-ae61-4dc0-9a80-075166e27611,item,1,1,"{""obverse"": ""sand-land-tactical-card-battle_base-set_beelzebub-(asset--unit)"", ""reverse"": ""sand-land-tactical-card-battle_card-back""}","{""name_printed"": ""Beelzebub"", ""functional_disambiguator"": ""Asset: Unit"", ""rarity"": ""Fixed"", ""fixed_rarity_ratio"": ""F2"", ""item_finish"": ""Foil"", ""number"": ""SL07-04"", ""type"": ""Asset: Unit"", ""cost"": ""2"", ""attack"": ""2"", ""water"": ""2"", ""health"": ""6"", ""rule_text"": ""Reveal: Pull 1 water. Activate: Heal any unit 2."", ""tags"": ""[\u0022Demon\u0022, \u0022Fiend\u0022]"", ""item_dimensions"": ""{\u0022height\u0022: \u00223.5\u0022, \u0022width\u0022: \u00222.5\u0022, \u0022unit\u0022: \u0022inch\u0022}""}",8a2df42a-283f-49cb-9e1a-4ae10c5baeef,05a4fb59-e06b-4ef1-ba48-e6a90088f572,Beelzebub (Asset: Unit),Beelzebub (Asset: Unit),{},sand-land-tactical-card-battle_base-set_beelzebub-(asset--unit)
c81dee3f-4ef7-43be-83e9-82b0b1348cfe,item,1,1,"{""obverse"": ""sand-land-tactical-card-battle_base-set_beelzebub-(leader)"", ""reverse"": ""sand-land-tactical-card-battle_card-back""}","{""name_printed"": ""Beelzebub"", ""functional_disambiguator"": ""Leader"", ""rarity"": ""Fixed"", ""fixed_rarity_ratio"": ""F1"", ""item_finish"": ""Foil"", ""number"": ""SL01-01"", ""type"": ""Leader"", ""water"": ""2"", ""rule_text"": ""Exhaust: Move one of your units. It has +2 Attack this turn."", ""item_dimensions"": ""{\u0022height\u0022: \u00223.5\u0022, \u0022width\u0022: \u00222.5\u0022, \u0022unit\u0022: \u0022inch\u0022}""}",8a2df42a-283f-49cb-9e1a-4ae10c5baeef,05a4fb59-e06b-4ef1-ba48-e6a90088f572,Beelzebub (Leader),Beelzebub (Leader),{},sand-land-tactical-card-battle_base-set_beelzebub-(leader)
344dd5ea-8230-4051-a107-d1a926507f68,item,1,1,"{""obverse"": ""sand-land-tactical-card-battle_base-set_bred-(asset--unit)"", ""reverse"": ""sand-land-tactical-card-battle_card-back""}","{""name_printed"": ""Bred"", ""functional_disambiguator"": ""Asset: Unit"", ""rarity"": ""Fixed"", ""fixed_rarity_ratio"": ""F2"", ""item_finish"": ""Foil"", ""number"": ""SL09-03"", ""type"": ""Asset: Unit"", ""cost"": ""2"", ""attack"": ""3"", ""water"": ""2"", ""health"": ""8"", ""rule_text"": ""When the opponent reveals a Demon, heal this unit 2."", ""tags"": ""[\u0022Human\u0022]"", ""item_dimensions"": ""{\u0022height\u0022: \u00223.5\u0022, \u0022width\u0022: \u00222.5\u0022, \u0022unit\u0022: \u0022inch\u0022}""}",8a2df42a-283f-49cb-9e1a-4ae10c5baeef,05a4fb59-e06b-4ef1-ba48-e6a90088f572,Bred (Asset: Unit),Bred (Asset: Unit),{},sand-land-tactical-card-battle_base-set_bred-(asset--unit)
e27de80b-83ef-44d6-be44-2d23e576d43e,item,1,1,"{""obverse"": ""sand-land-tactical-card-battle_base-set_bred-(leader)"", ""reverse"": ""sand-land-tactical-card-battle_card-back""}","{""name_printed"": ""Bred"", ""functional_disambiguator"": ""Leader"", ""rarity"": ""Fixed"", ""fixed_rarity_ratio"": ""F1"", ""item_finish"": ""Foil"", ""number"": ""SL09-01"", ""type"": ""Leader"", ""water"": ""2"", ""rule_text"": ""Exhaust: Ready a face up Bot."", ""item_dimensions"": ""{\u0022height\u0022: \u00223.5\u0022, \u0022width\u0022: \u00222.5\u0022, \u0022unit\u0022: \u0022inch\u0022}""}",8a2df42a-283f-49cb-9e1a-4ae10c5baeef,05a4fb59-e06b-4ef1-ba48-e6a90088f572,Bred (Leader),Bred (Leader),{},sand-land-tactical-card-battle_base-set_bred-(leader)
bbb0213d-0500-46ae-b8f5-b47f0d609b77,item,1,1,"{""obverse"": ""sand-land-tactical-card-battle_base-set_bred's-robot"", ""reverse"": ""sand-land-tactical-card-battle_card-back""}","{""name_printed"": ""Bred's Robot"", ""rarity"": ""Fixed"", ""fixed_rarity_ratio"": ""F2"", ""item_finish"": ""Foil"", ""number"": ""SL09-04"", ""type"": ""Asset: Unit"", ""cost"": ""1"", ""attack"": ""4"", ""water"": ""1"", ""health"": ""4"", ""rule_text"": ""Armor:1 (Reduces damage dealt to the Asset by 1.) Reveal: You may pay 1 Scrap. If you do, this unit takes no damage this turn and it may move."", ""tags"": ""[\u0022Bot\u0022]"", ""item_dimensions"": ""{\u0022height\u0022: \u00223.5\u0022, \u0022width\u0022: \u00222.5\u0022, \u0022unit\u0022: \u0022inch\u0022}""}",8a2df42a-283f-49cb-9e1a-4ae10c5baeef,05a4fb59-e06b-4ef1-ba48-e6a90088f572,Bred's Robot,Bred's Robot,{},sand-land-tactical-card-battle_base-set_bred's-robot
2b939f15-c8de-4304-95ae-667230586187,item,1,1,"{""obverse"": ""sand-land-tactical-card-battle_base-set_bred's-robot--power-boost"", ""reverse"": ""sand-land-tactical-card-battle_card-back""}","{""name_printed"": ""Bred's Robot: Power Boost"", ""rarity"": ""Fixed"", ""fixed_rarity_ratio"": ""F3"", ""item_finish"": ""Normal"", ""number"": ""SL10-08"", ""type"": ""Asset: Unit"", ""cost"": ""2"", ""attack"": ""3"", ""water"": ""1"", ""health"": ""6"", ""rule_text"": ""Range (This unit can attack any asset on the opponent's side.) Armor:1 (Reduces damage dealt to the Asset by 1.) Ongoing: This unit has +2 Attack against Demons."", ""tags"": ""[\u0022Bot\u0022]"", ""item_dimensions"": ""{\u0022height\u0022: \u00223.5\u0022, \u0022width\u0022: \u00222.5\u0022, \u0022unit\u0022: \u0022inch\u0022}""}",8a2df42a-283f-49cb-9e1a-4ae10c5baeef,05a4fb59-e06b-4ef1-ba48-e6a90088f572,Bred's Robot: Power Boost,Bred's Robot: Power Boost,{},sand-land-tactical-card-battle_base-set_bred's-robot--power-boost
2df3a838-3952-44be-b017-aa7175a258e4,item,1,1,"{""obverse"": ""sand-land-tactical-card-battle_base-set_cargo-transport-robot"", ""reverse"": ""sand-land-tactical-card-battle_card-back""}","{""name_printed"": ""Cargo Transport Robot"", ""rarity"": ""Fixed"", ""fixed_rarity_ratio"": ""F3"", ""item_finish"": ""Normal"", ""number"": ""SL09-10"", ""type"": ""Asset: Unit"", ""cost"": ""0"", ""attack"": ""1"", ""water"": ""1"", ""health"": ""4"", ""rule_text"": ""Activate: Heal a neighbor 2. You may move it."", ""tags"": ""[\u0022Bot\u0022]"", ""item_dimensions"": ""{\u0022height\u0022: \u00223.5\u0022, \u0022width\u0022: \u00222.5\u0022, \u0022unit\u0022: \u0022inch\u0022}""}",8a2df42a-283f-49cb-9e1a-4ae10c5baeef,05a4fb59-e06b-4ef1-ba48-e6a90088f572,Cargo Transport Robot,Cargo Transport Robot,{},sand-land-tactical-card-battle_base-set_cargo-transport-robot
0c335e3b-ca21-4325-95ca-3d4985bc7491,item,1,1,"{""obverse"": ""sand-land-tactical-card-battle_base-set_centaur-[sl01-06]"", ""reverse"": ""sand-land-tactical-card-battle_card-back""}","{""name_printed"": ""Centaur"", ""variant_disambiguator"": ""SL01-06"", ""rarity"": ""Fixed"", ""fixed_rarity_ratio"": ""F2"", ""item_finish"": ""Normal"", ""number"": ""SL01-06"", ""type"": ""Asset: Unit"", ""cost"": ""2"", ""attack"": ""1"", ""water"": ""2"", ""health"": ""8"", ""rule_text"": ""Agile (This unit may both move and attack in either order.) When this unit is moved, it has +2 Attack this turn."", ""tags"": ""[\u0022Demon\u0022]"", ""item_dimensions"": ""{\u0022height\u0022: \u00223.5\u0022, \u0022width\u0022: \u00222.5\u0022, \u0022unit\u0022: \u0022inch\u0022}""}",8a2df42a-283f-49cb-9e1a-4ae10c5baeef,05a4fb59-e06b-4ef1-ba48-e6a90088f572,Centaur,Centaur [SL01-06],{},sand-land-tactical-card-battle_base-set_centaur-[sl01-06]
413dbd0d-5708-4a74-89b4-5661b882bc78,item,1,1,"{""obverse"": ""sand-land-tactical-card-battle_base-set_centaur-[sl07-06]"", ""reverse"": ""sand-land-tactical-card-battle_card-back""}","{""name_printed"": ""Centaur"", ""variant_disambiguator"": ""SL07-06"", ""rarity"": ""Fixed"", ""fixed_rarity_ratio"": ""F2"", ""item_finish"": ""Foil"", ""number"": ""SL07-06"", ""type"": ""Asset: Unit"", ""cost"": ""2"", ""attack"": ""1"", ""water"": ""2"", ""health"": ""8"", ""rule_text"": ""Agile (This unit may both move and attack in either order.) When this unit is moved, it has +2 Attack this turn."", ""tags"": ""[\u0022Demon\u0022]"", ""item_dimensions"": ""{\u0022height\u0022: \u00223.5\u0022, \u0022width\u0022: \u00222.5\u0022, \u0022unit\u0022: \u0022inch\u0022}""}",8a2df42a-283f-49cb-9e1a-4ae10c5baeef,05a4fb59-e06b-4ef1-ba48-e6a90088f572,Centaur,Centaur [SL07-06],{},sand-land-tactical-card-battle_base-set_centaur-[sl07-06]
05082283-0ab9-4085-a28d-3a0a10d91217,item,1,1,"{""obverse"": ""sand-land-tactical-card-battle_base-set_commander-bred"", ""reverse"": ""sand-land-tactical-card-battle_card-back""}","{""name_printed"": ""Commander Bred"", ""rarity"": ""Fixed"", ""fixed_rarity_ratio"": ""F2"", ""item_finish"": ""Normal"", ""number"": ""SL10-06"", ""type"": ""Asset: Unit"", ""cost"": ""1"", ""attack"": ""2"", ""water"": ""1"", ""health"": ""6"", ""rule_text"": ""Ongoing: Your Angels and other Humans have +1 Attack."", ""tags"": ""[\u0022Human\u0022]"", ""item_dimensions"": ""{\u0022height\u0022: \u00223.5\u0022, \u0022width\u0022: \u00222.5\u0022, \u0022unit\u0022: \u0022inch\u0022}""}",8a2df42a-283f-49cb-9e1a-4ae10c5baeef,05a4fb59-e06b-4ef1-ba48-e6a90088f572,Commander Bred,Commander Bred,{},sand-land-tactical-card-battle_base-set_commander-bred
4ba8fefd-3c76-4ee1-919e-ed7cc3a6346f,item,1,1,"{""obverse"": ""sand-land-tactical-card-battle_base-set_cyclops"", ""reverse"": ""sand-land-tactical-card-battle_card-back""}","{""name_printed"": ""Cyclops"", ""rarity"": ""Fixed"", ""fixed_rarity_ratio"": ""F3"", ""item_finish"": ""Normal"", ""number"": ""SL07-07"", ""type"": ""Asset: Unit"", ""cost"": ""0"", ""attack"": ""3"", ""water"": ""1"", ""health"": ""6"", ""rule_text"": ""Ongoing: This unit may only attack if it is damaged."", ""tags"": ""[\u0022Demon\u0022]"", ""item_dimensions"": ""{\u0022height\u0022: \u00223.5\u0022, \u0022width\u0022: \u00222.5\u0022, \u0022unit\u0022: \u0022inch\u0022}""}",8a2df42a-283f-49cb-9e1a-4ae10c5baeef,05a4fb59-e06b-4ef1-ba48-e6a90088f572,Cyclops,Cyclops,{},sand-land-tactical-card-battle_base-set_cyclops
b40a03e8-beb0-4f88-b012-b60055d577a3,item,1,1,"{""obverse"": ""sand-land-tactical-card-battle_base-set_defender-lango"", ""reverse"": ""sand-land-tactical-card-battle_card-back""}","{""name_printed"": ""Defender Lango"", ""rarity"": ""Fixed"", ""fixed_rarity_ratio"": ""F2"", ""item_finish"": ""Foil"", ""number"": ""SL08-03"", ""type"": ""Asset: Unit"", ""cost"": ""1"", ""attack"": ""2"", ""water"": ""1"", ""health"": ""6"", ""rule_text"": ""Activate: You may move 1 damage from one of your other units to this unit. If you do, this unit has +2 Attack this turn."", ""tags"": ""[\u0022Human\u0022]"", ""item_dimensions"": ""{\u0022height\u0022: \u00223.5\u0022, \u0022width\u0022: \u00222.5\u0022, \u0022unit\u0022: \u0022inch\u0022}""}",8a2df42a-283f-49cb-9e1a-4ae10c5baeef,05a4fb59-e06b-4ef1-ba48-e6a90088f572,Defender Lango,Defender Lango,{},sand-land-tactical-card-battle_base-set_defender-lango
7825e984-46be-4043-9e9d-95ef805e4d66,item,1,1,"{""obverse"": ""sand-land-tactical-card-battle_base-set_demon-ann"", ""reverse"": ""sand-land-tactical-card-battle_card-back""}","{""name_printed"": ""Demon Ann"", ""rarity"": ""Fixed"", ""fixed_rarity_ratio"": ""F2"", ""item_finish"": ""Foil"", ""number"": ""SL07-05"", ""type"": ""Asset: Unit"", ""cost"": ""1"", ""attack"": ""2"", ""water"": ""2"", ""health"": ""7"", ""rule_text"": ""Activate: Move one of your units. If you pay 1 Scrap, you may move an enemy unit instead."", ""tags"": ""[\u0022Demon Ann\u0022]"", ""item_dimensions"": ""{\u0022height\u0022: \u00223.5\u0022, \u0022width\u0022: \u00222.5\u0022, \u0022unit\u0022: \u0022inch\u0022}""}",8a2df42a-283f-49cb-9e1a-4ae10c5baeef,05a4fb59-e06b-4ef1-ba48-e6a90088f572,Demon Ann,Demon Ann,{},sand-land-tactical-card-battle_base-set_demon-ann
2745ec2c-c5f4-4586-997e-ddde953c7c2e,item,1,1,"{""obverse"": ""sand-land-tactical-card-battle_base-set_driver-thief"", ""reverse"": ""sand-land-tactical-card-battle_card-back""}","{""name_printed"": ""Driver Thief"", ""rarity"": ""Fixed"", ""fixed_rarity_ratio"": ""F2"", ""item_finish"": ""Normal"", ""number"": ""SL04-08"", ""type"": ""Asset: Unit"", ""cost"": ""1"", ""attack"": ""1"", ""water"": ""1"", ""health"": ""5"", ""rule_text"": ""Ongoing: Bot neighbors cost 1 less Scrap."", ""tags"": ""[\u0022Driver Thief\u0022]"", ""item_dimensions"": ""{\u0022height\u0022: \u00223.5\u0022, \u0022width\u0022: \u00222.5\u0022, \u0022unit\u0022: \u0022inch\u0022}""}",8a2df42a-283f-49cb-9e1a-4ae10c5baeef,05a4fb59-e06b-4ef1-ba48-e6a90088f572,Driver Thief,Driver Thief,{},sand-land-tactical-card-battle_base-set_driver-thief
f8a552cd-4f8a-42a4-8a07-9c7f317792e7,item,1,1,"{""obverse"": ""sand-land-tactical-card-battle_base-set_fake-king-jam"", ""reverse"": ""sand-land-tactical-card-battle_card-back""}","{""name_printed"": ""Fake King Jam"", ""rarity"": ""Fixed"", ""fixed_rarity_ratio"": ""F2"", ""item_finish"": ""Normal"", ""number"": ""SL09-11"", ""type"": ""Asset: Unit"", ""cost"": ""0"", ""attack"": ""0"", ""water"": ""3"", ""health"": ""6"", ""rule_text"": ""Defeated: The opponent pulls 3 water."", ""tags"": ""[\u0022Bot\u0022]"", ""item_dimensions"": ""{\u0022height\u0022: \u00223.5\u0022, \u0022width\u0022: \u00222.5\u0022, \u0022unit\u0022: \u0022inch\u0022}""}",8a2df42a-283f-49cb-9e1a-4ae10c5baeef,05a4fb59-e06b-4ef1-ba48-e6a90088f572,Fake King Jam,Fake King Jam,{},sand-land-tactical-card-battle_base-set_fake-king-jam
51157354-9338-4eef-ace4-2f38c183e4a1,item,1,1,"{""obverse"": ""sand-land-tactical-card-battle_base-set_flying-fortress-garam"", ""reverse"": ""sand-land-tactical-card-battle_card-back""}","{""name_printed"": ""Flying Fortress Garam"", ""rarity"": ""Fixed"", ""fixed_rarity_ratio"": ""F2"", ""item_finish"": ""Foil"", ""number"": ""SL09-02"", ""type"": ""Asset: Unit"", ""cost"": ""3"", ""attack"": ""3"", ""water"": ""2"", ""health"": ""9"", ""rule_text"": ""Splash:1 (When this unit attacks a target, it also deals damage to the targets neighbors.) Armor:1 (Reduces damage dealt to the Asset by 1.) Cannot Move. Activate: You may pay 1 Scrap. If you do, you may move this unit and it has +2 Attack and Range (This unit can attack any asset on the opponent's side.) this turn."", ""tags"": ""[\u0022Bot\u0022]"", ""item_dimensions"": ""{\u0022height\u0022: \u00223.5\u0022, \u0022width\u0022: \u00222.5\u0022, \u0022unit\u0022: \u0022inch\u0022}""}",8a2df42a-283f-49cb-9e1a-4ae10c5baeef,05a4fb59-e06b-4ef1-ba48-e6a90088f572,Flying Fortress Garam,Flying Fortress Garam,{},sand-land-tactical-card-battle_base-set_flying-fortress-garam
25b0192e-58aa-45fc-86a8-741a3e2a0bdb,item,1,1,"{""obverse"": ""sand-land-tactical-card-battle_base-set_flying-tank-[sl05-10]"", ""reverse"": ""sand-land-tactical-card-battle_card-back""}","{""name_printed"": ""Flying Tank"", ""variant_disambiguator"": ""SL05-10"", ""rarity"": ""Fixed"", ""fixed_rarity_ratio"": ""F2"", ""item_finish"": ""Normal"", ""number"": ""SL05-10"", ""type"": ""Asset: Unit"", ""cost"": ""2"", ""attack"": ""2"", ""water"": ""3"", ""health"": ""4"", ""rule_text"": ""Armor:2 (Reduces damage dealth to the Asset by 2.) Activate: You may pay 2 Scrap. If you do, this unit has Splash:6 (When this unit attacks a target, it also deals 6 damage to the target's neighbors.) and Range (This unit can attack any asset on the opponent's side.) this turn. After attacking, turn this unit face down."", ""tags"": ""[\u0022Bot\u0022]"", ""item_dimensions"": ""{\u0022height\u0022: \u00223.5\u0022, \u0022width\u0022: \u00222.5\u0022, \u0022unit\u0022: \u0022inch\u0022}""}",8a2df42a-283f-49cb-9e1a-4ae10c5baeef,05a4fb59-e06b-4ef1-ba48-e6a90088f572,Flying Tank,Flying Tank [SL05-10],{},sand-land-tactical-card-battle_base-set_flying-tank-[sl05-10]
0bf22e53-8a8c-47ae-9da3-78d6dfad0936,item,1,1,"{""obverse"": ""sand-land-tactical-card-battle_base-set_flying-tank-[sl06-10]"", ""reverse"": ""sand-land-tactical-card-battle_card-back""}","{""name_printed"": ""Flying Tank"", ""variant_disambiguator"": ""SL06-10"", ""rarity"": ""Fixed"", ""fixed_rarity_ratio"": ""F2"", ""item_finish"": ""Normal"", ""number"": ""SL06-10"", ""type"": ""Asset: Unit"", ""cost"": ""2"", ""attack"": ""2"", ""water"": ""3"", ""health"": ""4"", ""rule_text"": ""Armor:2 (Reduces damage dealth to the Asset by 2.) Activate: You may pay 2 Scrap. If you do, this unit has Splash:6 (When this unit attacks a target, it also deals 6 damage to the target's neighbors.) and Range (This unit can attack any asset on the opponent's side.) this turn. After attacking, turn this unit face down."", ""tags"": ""[\u0022Bot\u0022]"", ""item_dimensions"": ""{\u0022height\u0022: \u00223.5\u0022, \u0022width\u0022: \u00222.5\u0022, \u0022unit\u0022: \u0022inch\u0022}""}",8a2df42a-283f-49cb-9e1a-4ae10c5baeef,05a4fb59-e06b-4ef1-ba48-e6a90088f572,Flying Tank,Flying Tank [SL06-10],{},sand-land-tactical-card-battle_base-set_flying-tank-[sl06-10]
9e5590af-6741-4a33-97fe-019bbcbaf49c,item,1,1,"{""obverse"": ""sand-land-tactical-card-battle_base-set_forest-land-army"", ""reverse"": ""sand-land-tactical-card-battle_card-back""}","{""name_printed"": ""Forest Land Army"", ""rarity"": ""Fixed"", ""fixed_rarity_ratio"": ""F3"", ""item_finish"": ""Normal"", ""number"": ""SL09-06"", ""type"": ""Asset: Unit"", ""cost"": ""0"", ""attack"": ""2"", ""water"": ""1"", ""health"": ""5"", ""rule_text"": ""Activate: Heal this unit 1."", ""tags"": ""[\u0022Human\u0022]"", ""item_dimensions"": ""{\u0022height\u0022: \u00223.5\u0022, \u0022width\u0022: \u00222.5\u0022, \u0022unit\u0022: \u0022inch\u0022}""}",8a2df42a-283f-49cb-9e1a-4ae10c5baeef,05a4fb59-e06b-4ef1-ba48-e6a90088f572,Forest Land Army,Forest Land Army,{},sand-land-tactical-card-battle_base-set_forest-land-army
6a8935fa-2e74-4285-949c-0edc1d42a564,item,1,1,"{""obverse"": ""sand-land-tactical-card-battle_base-set_forest-land-army-drone"", ""reverse"": ""sand-land-tactical-card-battle_card-back""}","{""name_printed"": ""Forest Land Army Drone"", ""rarity"": ""Fixed"", ""fixed_rarity_ratio"": ""F3"", ""item_finish"": ""Normal"", ""number"": ""SL09-09"", ""type"": ""Asset: Unit"", ""cost"": ""1"", ""attack"": ""4"", ""water"": ""1"", ""health"": ""2"", ""rule_text"": ""Defeated: Deal 2 damage to an opposing enemy asset. Activate: This unit attacks with +2 Attack. After attacking, this unit is defeated."", ""tags"": ""[\u0022Bot\u0022]"", ""item_dimensions"": ""{\u0022height\u0022: \u00223.5\u0022, \u0022width\u0022: \u00222.5\u0022, \u0022unit\u0022: \u0022inch\u0022}""}",8a2df42a-283f-49cb-9e1a-4ae10c5baeef,05a4fb59-e06b-4ef1-ba48-e6a90088f572,Forest Land Army Drone,Forest Land Army Drone,{},sand-land-tactical-card-battle_base-set_forest-land-army-drone
aca497f3-daf9-41cf-ab69-4b8aed86ee15,item,1,1,"{""obverse"": ""sand-land-tactical-card-battle_base-set_forest-land-battleship"", ""reverse"": ""sand-land-tactical-card-battle_card-back""}","{""name_printed"": ""Forest Land Battleship"", ""rarity"": ""Fixed"", ""fixed_rarity_ratio"": ""F3"", ""item_finish"": ""Normal"", ""number"": ""SL09-07"", ""type"": ""Asset: Unit"", ""cost"": ""1"", ""attack"": ""3"", ""water"": ""1"", ""health"": ""4"", ""rule_text"": ""Agile (This unit may both move and attack in either order.) Armor:1 (Reduces damage dealt to the Asset by 1.)"", ""tags"": ""[\u0022Bot\u0022]"", ""item_dimensions"": ""{\u0022height\u0022: \u00223.5\u0022, \u0022width\u0022: \u00222.5\u0022, \u0022unit\u0022: \u0022inch\u0022}""}",8a2df42a-283f-49cb-9e1a-4ae10c5baeef,05a4fb59-e06b-4ef1-ba48-e6a90088f572,Forest Land Battleship,Forest Land Battleship,{},sand-land-tactical-card-battle_base-set_forest-land-battleship
27f06b69-b65d-45b0-9849-9d65c8666628,item,1,1,"{""obverse"": ""sand-land-tactical-card-battle_base-set_fox-spirit"", ""reverse"": ""sand-land-tactical-card-battle_card-back""}","{""name_printed"": ""Fox Spirit"", ""rarity"": ""Fixed"", ""fixed_rarity_ratio"": ""F3"", ""item_finish"": ""Normal"", ""number"": ""SL07-12"", ""type"": ""Asset: Unit"", ""cost"": ""0"", ""attack"": ""2"", ""water"": ""1"", ""health"": ""4"", ""rule_text"": ""Reveal: This turn, this unit takes no damage."", ""tags"": ""[\u0022Demon\u0022]"", ""item_dimensions"": ""{\u0022height\u0022: \u00223.5\u0022, \u0022width\u0022: \u00222.5\u0022, \u0022unit\u0022: \u0022inch\u0022}""}",8a2df42a-283f-49cb-9e1a-4ae10c5baeef,05a4fb59-e06b-4ef1-ba48-e6a90088f572,Fox Spirit,Fox Spirit,{},sand-land-tactical-card-battle_base-set_fox-spirit
05810a17-dfec-4280-9c7f-f5b2654c0005,item,1,1,"{""obverse"": ""sand-land-tactical-card-battle_base-set_game-console"", ""reverse"": ""sand-land-tactical-card-battle_card-back""}","{""name_printed"": ""Game Console"", ""rarity"": ""Fixed"", ""fixed_rarity_ratio"": ""F3"", ""item_finish"": ""Normal"", ""number"": ""SL02-14"", ""type"": ""Asset: Unit"", ""cost"": ""1"", ""attack"": ""0"", ""water"": ""1"", ""health"": ""3"", ""rule_text"": ""Ongoing: Neighbors cost 1 less Scrap."", ""item_dimensions"": ""{\u0022height\u0022: \u00223.5\u0022, \u0022width\u0022: \u00222.5\u0022, \u0022unit\u0022: \u0022inch\u0022}""}",8a2df42a-283f-49cb-9e1a-4ae10c5baeef,05a4fb59-e06b-4ef1-ba48-e6a90088f572,Game Console,Game Console,{},sand-land-tactical-card-battle_base-set_game-console
cd1c1cc4-59fd-4d62-9224-e94315bd9abe,item,1,1,"{""obverse"": ""sand-land-tactical-card-battle_base-set_gargoyle"", ""reverse"": ""sand-land-tactical-card-battle_card-back""}","{""name_printed"": ""Gargoyle"", ""rarity"": ""Fixed"", ""fixed_rarity_ratio"": ""F3"", ""item_finish"": ""Normal"", ""number"": ""SL03-10"", ""type"": ""Asset: Unit"", ""cost"": ""0"", ""attack"": ""3"", ""water"": ""1"", ""health"": ""4"", ""tags"": ""[\u0022Demon\u0022]"", ""item_dimensions"": ""{\u0022height\u0022: \u00223.5\u0022, \u0022width\u0022: \u00222.5\u0022, \u0022unit\u0022: \u0022inch\u0022}""}",8a2df42a-283f-49cb-9e1a-4ae10c5baeef,05a4fb59-e06b-4ef1-ba48-e6a90088f572,Gargoyle,Gargoyle,{},sand-land-tactical-card-battle_base-set_gargoyle
36d542a6-e86c-40ec-8e81-0dbb6e9fccd7,item,1,1,"{""obverse"": ""sand-land-tactical-card-battle_base-set_gargoyle--agility-[sl01-07]"", ""reverse"": ""sand-land-tactical-card-battle_card-back""}","{""name_printed"": ""Gargoyle: Agility"", ""variant_disambiguator"": ""SL01-07"", ""rarity"": ""Fixed"", ""fixed_rarity_ratio"": ""F3"", ""item_finish"": ""Normal"", ""number"": ""SL01-07"", ""type"": ""Asset: Unit"", ""cost"": ""1"", ""attack"": ""3"", ""water"": ""1"", ""health"": ""6"", ""rule_text"": ""Agile (This unit may both move and attack in either order.)"", ""tags"": ""[\u0022Demon\u0022]"", ""item_dimensions"": ""{\u0022height\u0022: \u00223.5\u0022, \u0022width\u0022: \u00222.5\u0022, \u0022unit\u0022: \u0022inch\u0022}""}",8a2df42a-283f-49cb-9e1a-4ae10c5baeef,05a4fb59-e06b-4ef1-ba48-e6a90088f572,Gargoyle: Agility,Gargoyle: Agility [SL01-07],{},sand-land-tactical-card-battle_base-set_gargoyle--agility-[sl01-07]
0df87a81-3df7-4be7-ac3e-786976bb2d66,item,1,1,"{""obverse"": ""sand-land-tactical-card-battle_base-set_gargoyle--agility-[sl07-08]"", ""reverse"": ""sand-land-tactical-card-battle_card-back""}","{""name_printed"": ""Gargoyle: Agility"", ""variant_disambiguator"": ""SL07-08"", ""rarity"": ""Fixed"", ""fixed_rarity_ratio"": ""F2"", ""item_finish"": ""Normal"", ""number"": ""SL07-08"", ""type"": ""Asset: Unit"", ""cost"": ""1"", ""attack"": ""3"", ""water"": ""1"", ""health"": ""6"", ""rule_text"": ""Agile (This unit may both move and attack in either order.)"", ""tags"": ""[\u0022Demon\u0022]"", ""item_dimensions"": ""{\u0022height\u0022: \u00223.5\u0022, \u0022width\u0022: \u00222.5\u0022, \u0022unit\u0022: \u0022inch\u0022}""}",8a2df42a-283f-49cb-9e1a-4ae10c5baeef,05a4fb59-e06b-4ef1-ba48-e6a90088f572,Gargoyle: Agility,Gargoyle: Agility [SL07-08],{},sand-land-tactical-card-battle_base-set_gargoyle--agility-[sl07-08]
b436504c-546d-4db1-a465-ac33960a42bd,item,1,1,"{""obverse"": ""sand-land-tactical-card-battle_base-set_geji-dragon"", ""reverse"": ""sand-land-tactical-card-battle_card-back""}","{""name_printed"": ""Geji Dragon"", ""rarity"": ""Fixed"", ""fixed_rarity_ratio"": ""F2"", ""item_finish"": ""Foil"", ""number"": ""SL02-06"", ""type"": ""Asset: Unit"", ""cost"": ""3"", ""attack"": ""4"", ""water"": ""2"", ""health"": ""9"", ""rule_text"": ""Armor:1 (Reduces damage dealt to the Asset by 1.) Activate: You may pay 1 Scrap. If you do, deal 6 damage to any asset."", ""tags"": ""[\u0022Demon\u0022]"", ""item_dimensions"": ""{\u0022height\u0022: \u00223.5\u0022, \u0022width\u0022: \u00222.5\u0022, \u0022unit\u0022: \u0022inch\u0022}""}",8a2df42a-283f-49cb-9e1a-4ae10c5baeef,05a4fb59-e06b-4ef1-ba48-e6a90088f572,Geji Dragon,Geji Dragon,{},sand-land-tactical-card-battle_base-set_geji-dragon
a6e29447-501c-40ec-aad3-fe18f8289dcf,item,1,1,"{""obverse"": ""sand-land-tactical-card-battle_base-set_general-are"", ""reverse"": ""sand-land-tactical-card-battle_card-back""}","{""name_printed"": ""General Are"", ""rarity"": ""Fixed"", ""fixed_rarity_ratio"": ""F1"", ""item_finish"": ""Foil"", ""number"": ""SL05-01"", ""type"": ""Leader"", ""water"": ""3"", ""rule_text"": ""Ongoing: Units in your front row have +1 Attack."", ""item_dimensions"": ""{\u0022height\u0022: \u00223.5\u0022, \u0022width\u0022: \u00222.5\u0022, \u0022unit\u0022: \u0022inch\u0022}""}",8a2df42a-283f-49cb-9e1a-4ae10c5baeef,05a4fb59-e06b-4ef1-ba48-e6a90088f572,General Are,General Are,{},sand-land-tactical-card-battle_base-set_general-are
80eecb42-f7ab-4882-80b6-816007bc975c,item,1,1,"{""obverse"": ""sand-land-tactical-card-battle_base-set_general-are--broadcast-[sl05-09]"", ""reverse"": ""sand-land-tactical-card-battle_card-back""}","{""name_printed"": ""General Are: Broadcast"", ""variant_disambiguator"": ""SL05-09"", ""rarity"": ""Fixed"", ""fixed_rarity_ratio"": ""F3"", ""item_finish"": ""Normal"", ""number"": ""SL05-09"", ""type"": ""Asset: Unit"", ""cost"": ""2"", ""attack"": ""1"", ""water"": ""3"", ""health"": ""7"", ""rule_text"": ""Activate: Deal 1 damage to all face up enemy units."", ""tags"": ""[\u0022Human\u0022]"", ""item_dimensions"": ""{\u0022height\u0022: \u00223.5\u0022, \u0022width\u0022: \u00222.5\u0022, \u0022unit\u0022: \u0022inch\u0022}""}",8a2df42a-283f-49cb-9e1a-4ae10c5baeef,05a4fb59-e06b-4ef1-ba48-e6a90088f572,General Are: Broadcast,General Are: Broadcast [SL05-09],{},sand-land-tactical-card-battle_base-set_general-are--broadcast-[sl05-09]
dea7dba2-7f5c-4824-8d28-4087a911e76b,item,1,1,"{""obverse"": ""sand-land-tactical-card-battle_base-set_general-are--broadcast-[sl06-07]"", ""reverse"": ""sand-land-tactical-card-battle_card-back""}","{""name_printed"": ""General Are: Broadcast"", ""variant_disambiguator"": ""SL06-07"", ""rarity"": ""Fixed"", ""fixed_rarity_ratio"": ""F2"", ""item_finish"": ""Normal"", ""number"": ""SL06-07"", ""type"": ""Asset: Unit"", ""cost"": ""2"", ""attack"": ""1"", ""water"": ""3"", ""health"": ""7"", ""rule_text"": ""Activate: Deal 1 damage to all face up enemy units."", ""tags"": ""[\u0022Human\u0022]"", ""item_dimensions"": ""{\u0022height\u0022: \u00223.5\u0022, \u0022width\u0022: \u00222.5\u0022, \u0022unit\u0022: \u0022inch\u0022}""}",8a2df42a-283f-49cb-9e1a-4ae10c5baeef,05a4fb59-e06b-4ef1-ba48-e6a90088f572,General Are: Broadcast,General Are: Broadcast [SL06-07],{},sand-land-tactical-card-battle_base-set_general-are--broadcast-[sl06-07]
3116d5c9-a4aa-41d3-8719-934cd1f6e8d4,item,1,1,"{""obverse"": ""sand-land-tactical-card-battle_base-set_general-are--commanding-officer-[sl01-08]"", ""reverse"": ""sand-land-tactical-card-battle_card-back""}","{""name_printed"": ""General Are: Commanding Officer"", ""variant_disambiguator"": ""SL01-08"", ""rarity"": ""Fixed"", ""fixed_rarity_ratio"": ""F2"", ""item_finish"": ""Normal"", ""number"": ""SL01-08"", ""type"": ""Asset: Unit"", ""cost"": ""2"", ""attack"": ""2"", ""water"": ""1"", ""health"": ""6"", ""rule_text"": ""Ongoing: Neighbors have +2 Attack."", ""tags"": ""[\u0022Human\u0022]"", ""item_dimensions"": ""{\u0022height\u0022: \u00223.5\u0022, \u0022width\u0022: \u00222.5\u0022, \u0022unit\u0022: \u0022inch\u0022}""}",8a2df42a-283f-49cb-9e1a-4ae10c5baeef,05a4fb59-e06b-4ef1-ba48-e6a90088f572,General Are: Commanding Officer,General Are: Commanding Officer [SL01-08],{},sand-land-tactical-card-battle_base-set_general-are--commanding-officer-[sl01-08]
c67870b2-57d3-461e-9078-c89d904a80b7,item,1,1,"{""obverse"": ""sand-land-tactical-card-battle_base-set_general-are--commanding-officer-[sl02-09]"", ""reverse"": ""sand-land-tactical-card-battle_card-back""}","{""name_printed"": ""General Are: Commanding Officer"", ""variant_disambiguator"": ""SL02-09"", ""rarity"": ""Fixed"", ""fixed_rarity_ratio"": ""F2"", ""item_finish"": ""Normal"", ""number"": ""SL02-09"", ""type"": ""Asset: Unit"", ""cost"": ""2"", ""attack"": ""2"", ""water"": ""1"", ""health"": ""6"", ""rule_text"": ""Ongoing: Neighbors have +2 Attack."", ""tags"": ""[\u0022Human\u0022]"", ""item_dimensions"": ""{\u0022height\u0022: \u00223.5\u0022, \u0022width\u0022: \u00222.5\u0022, \u0022unit\u0022: \u0022inch\u0022}""}",8a2df42a-283f-49cb-9e1a-4ae10c5baeef,05a4fb59-e06b-4ef1-ba48-e6a90088f572,General Are: Commanding Officer,General Are: Commanding Officer [SL02-09],{},sand-land-tactical-card-battle_base-set_general-are--commanding-officer-[sl02-09]
d5c5a6e3-d91f-4e58-b491-ecf315466247,item,1,1,"{""obverse"": ""sand-land-tactical-card-battle_base-set_general-are--coordinator"", ""reverse"": ""sand-land-tactical-card-battle_card-back""}","{""name_printed"": ""General Are: Coordinator"", ""rarity"": ""Fixed"", ""fixed_rarity_ratio"": ""F2"", ""item_finish"": ""Foil"", ""number"": ""SL06-04"", ""type"": ""Asset: Unit"", ""cost"": ""2"", ""attack"": ""2"", ""water"": ""2"", ""health"": ""6"", ""rule_text"": ""Armor:1 (Reduces damage dealt to the Asset by 1.) Activate: You may pay 1 Scrap. If you do, deal 6 damage to any asset."", ""tags"": ""[\u0022Human\u0022]"", ""item_dimensions"": ""{\u0022height\u0022: \u00223.5\u0022, \u0022width\u0022: \u00222.5\u0022, \u0022unit\u0022: \u0022inch\u0022}""}",8a2df42a-283f-49cb-9e1a-4ae10c5baeef,05a4fb59-e06b-4ef1-ba48-e6a90088f572,General Are: Coordinator,General Are: Coordinator,{},sand-land-tactical-card-battle_base-set_general-are--coordinator
d6cccbf2-db4e-47bc-ab98-ca4217675e14,item,1,1,"{""obverse"": ""sand-land-tactical-card-battle_base-set_general-are--focus"", ""reverse"": ""sand-land-tactical-card-battle_card-back""}","{""name_printed"": ""General Are: Focus"", ""rarity"": ""Fixed"", ""fixed_rarity_ratio"": ""F3"", ""item_finish"": ""Normal"", ""number"": ""SL03-08"", ""type"": ""Asset: Unit"", ""cost"": ""1"", ""attack"": ""3"", ""water"": ""1"", ""health"": ""6"", ""rule_text"": ""Range (This unit can attack any asset on the opponent's side.) Armor Piercing (This unit's damage ignores Armor on the target.)"", ""tags"": ""[\u0022Human\u0022]"", ""item_dimensions"": ""{\u0022height\u0022: \u00223.5\u0022, \u0022width\u0022: \u00222.5\u0022, \u0022unit\u0022: \u0022inch\u0022}""}",8a2df42a-283f-49cb-9e1a-4ae10c5baeef,05a4fb59-e06b-4ef1-ba48-e6a90088f572,General Are: Focus,General Are: Focus,{},sand-land-tactical-card-battle_base-set_general-are--focus
735da6a7-0329-4046-93cf-66427258db4c,item,1,1,"{""obverse"": ""sand-land-tactical-card-battle_base-set_general-are--tank-driver"", ""reverse"": ""sand-land-tactical-card-battle_card-back""}","{""name_printed"": ""General Are: Tank Driver"", ""rarity"": ""Fixed"", ""fixed_rarity_ratio"": ""F2"", ""item_finish"": ""Foil"", ""number"": ""SL05-05"", ""type"": ""Asset: Unit"", ""cost"": ""1"", ""attack"": ""1"", ""water"": ""2"", ""health"": ""5"", ""rule_text"": ""Ongoing: your Bots have +1 Attack."", ""tags"": ""[\u0022Human\u0022]"", ""item_dimensions"": ""{\u0022height\u0022: \u00223.5\u0022, \u0022width\u0022: \u00222.5\u0022, \u0022unit\u0022: \u0022inch\u0022}""}",8a2df42a-283f-49cb-9e1a-4ae10c5baeef,05a4fb59-e06b-4ef1-ba48-e6a90088f572,General Are: Tank Driver,General Are: Tank Driver,{},sand-land-tactical-card-battle_base-set_general-are--tank-driver
2a3d55e7-94af-49bd-be17-68fe4af31d84,item,1,1,"{""obverse"": ""sand-land-tactical-card-battle_base-set_general-are--tank-leader"", ""reverse"": ""sand-land-tactical-card-battle_card-back""}","{""name_printed"": ""General Are: Tank Leader"", ""rarity"": ""Fixed"", ""fixed_rarity_ratio"": ""F2"", ""item_finish"": ""Foil"", ""number"": ""SL05-02"", ""type"": ""Asset: Unit"", ""cost"": ""2"", ""attack"": ""2"", ""water"": ""2"", ""health"": ""5"", ""rule_text"": ""Armor:1 (Reduces damage dealt to the Asset by 1.) Ongoing: Bot neighbors have Armor:1 (Reduces damage dealt to the Asset by 1.) and +1 Attack."", ""tags"": ""[\u0022Human\u0022]"", ""item_dimensions"": ""{\u0022height\u0022: \u00223.5\u0022, \u0022width\u0022: \u00222.5\u0022, \u0022unit\u0022: \u0022inch\u0022}""}",8a2df42a-283f-49cb-9e1a-4ae10c5baeef,05a4fb59-e06b-4ef1-ba48-e6a90088f572,General Are: Tank Leader,General Are: Tank Leader,{},sand-land-tactical-card-battle_base-set_general-are--tank-leader
6b0c587e-fdbe-4bca-875a-48f19f46d554,item,1,1,"{""obverse"": ""sand-land-tactical-card-battle_base-set_general-shiva"", ""reverse"": ""sand-land-tactical-card-battle_card-back""}","{""name_printed"": ""General Shiva"", ""rarity"": ""Fixed"", ""fixed_rarity_ratio"": ""F2"", ""item_finish"": ""Foil"", ""number"": ""SL04-05"", ""type"": ""Asset: Unit"", ""cost"": ""2"", ""attack"": ""3"", ""water"": ""2"", ""health"": ""6"", ""rule_text"": ""Ongoing: Your Bots have +2 Attack."", ""tags"": ""[\u0022Human\u0022]"", ""item_dimensions"": ""{\u0022height\u0022: \u00223.5\u0022, \u0022width\u0022: \u00222.5\u0022, \u0022unit\u0022: \u0022inch\u0022}""}",8a2df42a-283f-49cb-9e1a-4ae10c5baeef,05a4fb59-e06b-4ef1-ba48-e6a90088f572,General Shiva,General Shiva,{},sand-land-tactical-card-battle_base-set_general-shiva
b4de827a-b1fc-4e53-9746-1886d29d4c4c,item,1,1,"{""obverse"": ""sand-land-tactical-card-battle_base-set_ghost-[sl01-09]"", ""reverse"": ""sand-land-tactical-card-battle_card-back""}","{""name_printed"": ""Ghost"", ""variant_disambiguator"": ""SL01-09"", ""rarity"": ""Fixed"", ""fixed_rarity_ratio"": ""F3"", ""item_finish"": ""Normal"", ""number"": ""SL01-09"", ""type"": ""Asset: Unit"", ""cost"": ""0"", ""attack"": ""2"", ""water"": ""1"", ""health"": ""3"", ""rule_text"": ""When this unit takes damage, it loses a maximum of 1 health."", ""tags"": ""[\u0022Demon\u0022]"", ""item_dimensions"": ""{\u0022height\u0022: \u00223.5\u0022, \u0022width\u0022: \u00222.5\u0022, \u0022unit\u0022: \u0022inch\u0022}""}",8a2df42a-283f-49cb-9e1a-4ae10c5baeef,05a4fb59-e06b-4ef1-ba48-e6a90088f572,Ghost,Ghost [SL01-09],{},sand-land-tactical-card-battle_base-set_ghost-[sl01-09]
090b6a66-fde1-4a93-869b-a5d2dcb72237,item,1,1,"{""obverse"": ""sand-land-tactical-card-battle_base-set_ghost-[sl07-09]"", ""reverse"": ""sand-land-tactical-card-battle_card-back""}","{""name_printed"": ""Ghost"", ""variant_disambiguator"": ""SL07-09"", ""rarity"": ""Fixed"", ""fixed_rarity_ratio"": ""F3"", ""item_finish"": ""Normal"", ""number"": ""SL07-09"", ""type"": ""Asset: Unit"", ""cost"": ""0"", ""attack"": ""2"", ""water"": ""1"", ""health"": ""3"", ""rule_text"": ""When this unit takes damage, it loses a maximum of 1 health."", ""tags"": ""[\u0022Demon\u0022]"", ""item_dimensions"": ""{\u0022height\u0022: \u00223.5\u0022, \u0022width\u0022: \u00222.5\u0022, \u0022unit\u0022: \u0022inch\u0022}""}",8a2df42a-283f-49cb-9e1a-4ae10c5baeef,05a4fb59-e06b-4ef1-ba48-e6a90088f572,Ghost,Ghost [SL07-09],{},sand-land-tactical-card-battle_base-set_ghost-[sl07-09]
cb400f08-658e-401d-b501-93f7315ba9a6,item,1,1,"{""obverse"": ""sand-land-tactical-card-battle_base-set_grand-speech-[sl09-14]"", ""reverse"": ""sand-land-tactical-card-battle_card-back""}","{""name_printed"": ""Grand Speech"", ""variant_disambiguator"": ""SL09-14"", ""rarity"": ""Fixed"", ""fixed_rarity_ratio"": ""F2"", ""item_finish"": ""Foil"", ""number"": ""SL09-14"", ""type"": ""Tactic"", ""cost"": ""1"", ""rule_text"": ""Ongoing: Your assets have +1 water."", ""item_dimensions"": ""{\u0022height\u0022: \u00223.5\u0022, \u0022width\u0022: \u00222.5\u0022, \u0022unit\u0022: \u0022inch\u0022}""}",8a2df42a-283f-49cb-9e1a-4ae10c5baeef,05a4fb59-e06b-4ef1-ba48-e6a90088f572,Grand Speech,Grand Speech [SL09-14],{},sand-land-tactical-card-battle_base-set_grand-speech-[sl09-14]
5602020f-a840-4847-a34b-bdbb1ed34f3b,item,1,1,"{""obverse"": ""sand-land-tactical-card-battle_base-set_grand-speech-[sl10-13]"", ""reverse"": ""sand-land-tactical-card-battle_card-back""}","{""name_printed"": ""Grand Speech"", ""variant_disambiguator"": ""SL10-13"", ""rarity"": ""Fixed"", ""fixed_rarity_ratio"": ""F2"", ""item_finish"": ""Normal"", ""number"": ""SL10-13"", ""type"": ""Tactic"", ""cost"": ""1"", ""rule_text"": ""Ongoing: Your assets have +1 water."", ""item_dimensions"": ""{\u0022height\u0022: \u00223.5\u0022, \u0022width\u0022: \u00222.5\u0022, \u0022unit\u0022: \u0022inch\u0022}""}",8a2df42a-283f-49cb-9e1a-4ae10c5baeef,05a4fb59-e06b-4ef1-ba48-e6a90088f572,Grand Speech,Grand Speech [SL10-13],{},sand-land-tactical-card-battle_base-set_grand-speech-[sl10-13]
46bcd066-eed8-48c7-860e-85531dfd82da,item,1,1,"{""obverse"": ""sand-land-tactical-card-battle_base-set_gremlin-[sl02-08]"", ""reverse"": ""sand-land-tactical-card-battle_card-back""}","{""name_printed"": ""Gremlin"", ""variant_disambiguator"": ""SL02-08"", ""rarity"": ""Fixed"", ""fixed_rarity_ratio"": ""F3"", ""item_finish"": ""Normal"", ""number"": ""SL02-08"", ""type"": ""Asset: Unit"", ""cost"": ""0"", ""attack"": ""1"", ""water"": ""1"", ""health"": ""4"", ""rule_text"": ""Ongoing: This unit has +3 Attack when attacking Bots."", ""tags"": ""[\u0022Demon\u0022]"", ""item_dimensions"": ""{\u0022height\u0022: \u00223.5\u0022, \u0022width\u0022: \u00222.5\u0022, \u0022unit\u0022: \u0022inch\u0022}""}",8a2df42a-283f-49cb-9e1a-4ae10c5baeef,05a4fb59-e06b-4ef1-ba48-e6a90088f572,Gremlin,Gremlin [SL02-08],{},sand-land-tactical-card-battle_base-set_gremlin-[sl02-08]
5af2bfd3-c3cf-4a52-b7dc-35e8fab1098c,item,1,1,"{""obverse"": ""sand-land-tactical-card-battle_base-set_gremlin-[sl07-10]"", ""reverse"": ""sand-land-tactical-card-battle_card-back""}","{""name_printed"": ""Gremlin"", ""variant_disambiguator"": ""SL07-10"", ""rarity"": ""Fixed"", ""fixed_rarity_ratio"": ""F3"", ""item_finish"": ""Normal"", ""number"": ""SL07-10"", ""type"": ""Asset: Unit"", ""cost"": ""0"", ""attack"": ""1"", ""water"": ""1"", ""health"": ""4"", ""rule_text"": ""Ongoing: This unit has +3 Attack when attacking Bots."", ""tags"": ""[\u0022Demon\u0022]"", ""item_dimensions"": ""{\u0022height\u0022: \u00223.5\u0022, \u0022width\u0022: \u00222.5\u0022, \u0022unit\u0022: \u0022inch\u0022}""}",8a2df42a-283f-49cb-9e1a-4ae10c5baeef,05a4fb59-e06b-4ef1-ba48-e6a90088f572,Gremlin,Gremlin [SL07-10],{},sand-land-tactical-card-battle_base-set_gremlin-[sl07-10]
56028496-213e-4fee-9c02-eadb5d58fa22,item,1,1,"{""obverse"": ""sand-land-tactical-card-battle_base-set_guide-rao"", ""reverse"": ""sand-land-tactical-card-battle_card-back""}","{""name_printed"": ""Guide Rao"", ""rarity"": ""Fixed"", ""fixed_rarity_ratio"": ""F2"", ""item_finish"": ""Foil"", ""number"": ""SL02-04"", ""type"": ""Asset: Unit"", ""cost"": ""1"", ""attack"": ""2"", ""water"": ""1"", ""health"": ""5"", ""rule_text"": ""Ongoing: Neighboring Humans have +1 Attack. Neighboring Demons have +2 Attack."", ""tags"": ""[\u0022Human\u0022]"", ""item_dimensions"": ""{\u0022height\u0022: \u00223.5\u0022, \u0022width\u0022: \u00222.5\u0022, \u0022unit\u0022: \u0022inch\u0022}""}",8a2df42a-283f-49cb-9e1a-4ae10c5baeef,05a4fb59-e06b-4ef1-ba48-e6a90088f572,Guide Rao,Guide Rao,{},sand-land-tactical-card-battle_base-set_guide-rao
6a4a64ae-7cce-4586-8830-46193a1f3e77,item,1,1,"{""obverse"": ""sand-land-tactical-card-battle_base-set_guppy"", ""reverse"": ""sand-land-tactical-card-battle_card-back""}","{""name_printed"": ""Guppy"", ""rarity"": ""Fixed"", ""fixed_rarity_ratio"": ""F3"", ""item_finish"": ""Normal"", ""number"": ""SL05-07"", ""type"": ""Asset: Unit"", ""cost"": ""1"", ""attack"": ""2"", ""water"": ""1"", ""health"": ""5"", ""rule_text"": ""Range (This unit can attack any asset on the opponent's side.) Armor Piercing (This unit's damage ignores Armor on the target.)"", ""tags"": ""[\u0022Swimmers\u0022]"", ""item_dimensions"": ""{\u0022height\u0022: \u00223.5\u0022, \u0022width\u0022: \u00222.5\u0022, \u0022unit\u0022: \u0022inch\u0022}""}",8a2df42a-283f-49cb-9e1a-4ae10c5baeef,05a4fb59-e06b-4ef1-ba48-e6a90088f572,Guppy,Guppy,{},sand-land-tactical-card-battle_base-set_guppy
dc8ddf92-3005-43a6-a395-370d8d7505a3,item,1,1,"{""obverse"": ""sand-land-tactical-card-battle_base-set_insect-man"", ""reverse"": ""sand-land-tactical-card-battle_card-back""}","{""name_printed"": ""Insect Man"", ""rarity"": ""Fixed"", ""fixed_rarity_ratio"": ""F2"", ""item_finish"": ""Foil"", ""number"": ""SL06-02"", ""type"": ""Asset: Unit"", ""cost"": ""3"", ""attack"": ""6"", ""water"": ""2"", ""health"": ""10"", ""rule_text"": ""Armor:1 (Reduces damage dealt to the Asset by 1.)"", ""tags"": ""[\u0022Insect\u0022]"", ""item_dimensions"": ""{\u0022height\u0022: \u00223.5\u0022, \u0022width\u0022: \u00222.5\u0022, \u0022unit\u0022: \u0022inch\u0022}""}",8a2df42a-283f-49cb-9e1a-4ae10c5baeef,05a4fb59-e06b-4ef1-ba48-e6a90088f572,Insect Man,Insect Man,{},sand-land-tactical-card-battle_base-set_insect-man
a28b709c-a241-4ce4-af50-93f2b0be569a,item,1,1,"{""obverse"": ""sand-land-tactical-card-battle_base-set_insect-man--airdrop"", ""reverse"": ""sand-land-tactical-card-battle_card-back""}","{""name_printed"": ""Insect Man: Airdrop"", ""rarity"": ""Fixed"", ""fixed_rarity_ratio"": ""F2"", ""item_finish"": ""Normal"", ""number"": ""SL06-13"", ""type"": ""Tactic"", ""cost"": ""0"", ""rule_text"": ""Reveal: Swap this tactic with any asset in your Scrap area or discard area. Put that card face down into this slot."", ""item_dimensions"": ""{\u0022height\u0022: \u00223.5\u0022, \u0022width\u0022: \u00222.5\u0022, \u0022unit\u0022: \u0022inch\u0022}""}",8a2df42a-283f-49cb-9e1a-4ae10c5baeef,05a4fb59-e06b-4ef1-ba48-e6a90088f572,Insect Man: Airdrop,Insect Man: Airdrop,{},sand-land-tactical-card-battle_base-set_insect-man--airdrop
9b93af3e-24ac-4962-89f0-99b522f22c35,item,1,1,"{""obverse"": ""sand-land-tactical-card-battle_base-set_kamaitachi-[sl01-10]"", ""reverse"": ""sand-land-tactical-card-battle_card-back""}","{""name_printed"": ""Kamaitachi"", ""variant_disambiguator"": ""SL01-10"", ""rarity"": ""Fixed"", ""fixed_rarity_ratio"": ""F3"", ""item_finish"": ""Normal"", ""number"": ""SL01-10"", ""type"": ""Asset: Unit"", ""cost"": ""2"", ""attack"": ""3"", ""water"": ""1"", ""health"": ""7"", ""rule_text"": ""Reveal: This unit has +3 Attack and Armor:3 (Reduces damage dealt to the Asset by 3.) this turn."", ""tags"": ""[\u0022Demon\u0022]"", ""item_dimensions"": ""{\u0022height\u0022: \u00223.5\u0022, \u0022width\u0022: \u00222.5\u0022, \u0022unit\u0022: \u0022inch\u0022}""}",8a2df42a-283f-49cb-9e1a-4ae10c5baeef,05a4fb59-e06b-4ef1-ba48-e6a90088f572,Kamaitachi,Kamaitachi [SL01-10],{},sand-land-tactical-card-battle_base-set_kamaitachi-[sl01-10]
8827dbe4-edc6-45a0-a18b-6988a773073b,item,1,1,"{""obverse"": ""sand-land-tactical-card-battle_base-set_kamaitachi-[sl07-11]"", ""reverse"": ""sand-land-tactical-card-battle_card-back""}","{""name_printed"": ""Kamaitachi"", ""variant_disambiguator"": ""SL07-11"", ""rarity"": ""Fixed"", ""fixed_rarity_ratio"": ""F2"", ""item_finish"": ""Normal"", ""number"": ""SL07-11"", ""type"": ""Asset: Unit"", ""cost"": ""2"", ""attack"": ""3"", ""water"": ""1"", ""health"": ""7"", ""rule_text"": ""Reveal: This unit has +3 Attack and Armor:3 (Reduces damage dealt to the Asset by 3.) this turn."", ""tags"": ""[\u0022Demon\u0022]"", ""item_dimensions"": ""{\u0022height\u0022: \u00223.5\u0022, \u0022width\u0022: \u00222.5\u0022, \u0022unit\u0022: \u0022inch\u0022}""}",8a2df42a-283f-49cb-9e1a-4ae10c5baeef,05a4fb59-e06b-4ef1-ba48-e6a90088f572,Kamaitachi,Kamaitachi [SL07-11],{},sand-land-tactical-card-battle_base-set_kamaitachi-[sl07-11]
34b0040e-6f90-4c09-b591-48ac2d5faca8,item,1,1,"{""obverse"": ""sand-land-tactical-card-battle_base-set_king-jam"", ""reverse"": ""sand-land-tactical-card-battle_card-back""}","{""name_printed"": ""King Jam"", ""rarity"": ""Fixed"", ""fixed_rarity_ratio"": ""F3"", ""item_finish"": ""Normal"", ""number"": ""SL08-07"", ""type"": ""Asset: Unit"", ""cost"": ""1"", ""attack"": ""1"", ""water"": ""2"", ""health"": ""4"", ""rule_text"": ""Activate: Turn any face up unit face down. Its owner reclaims the Scrap cost."", ""tags"": ""[\u0022Human\u0022]"", ""item_dimensions"": ""{\u0022height\u0022: \u00223.5\u0022, \u0022width\u0022: \u00222.5\u0022, \u0022unit\u0022: \u0022inch\u0022}""}",8a2df42a-283f-49cb-9e1a-4ae10c5baeef,05a4fb59-e06b-4ef1-ba48-e6a90088f572,King Jam,King Jam,{},sand-land-tactical-card-battle_base-set_king-jam
34a34fce-d2de-4ca3-a4ce-4f7cbc3df2d9,item,1,1,"{""obverse"": ""sand-land-tactical-card-battle_base-set_king-of-sand-land"", ""reverse"": ""sand-land-tactical-card-battle_card-back""}","{""name_printed"": ""King of Sand Land"", ""rarity"": ""Fixed"", ""fixed_rarity_ratio"": ""F3"", ""item_finish"": ""Normal"", ""number"": ""SL06-08"", ""type"": ""Asset: Unit"", ""cost"": ""1"", ""attack"": ""1"", ""water"": ""1"", ""health"": ""6"", ""rule_text"": ""When an enemy asset is defeated, pull 1 water."", ""tags"": ""[\u0022Human\u0022]"", ""item_dimensions"": ""{\u0022height\u0022: \u00223.5\u0022, \u0022width\u0022: \u00222.5\u0022, \u0022unit\u0022: \u0022inch\u0022}""}",8a2df42a-283f-49cb-9e1a-4ae10c5baeef,05a4fb59-e06b-4ef1-ba48-e6a90088f572,King of Sand Land,King of Sand Land,{},sand-land-tactical-card-battle_base-set_king-of-sand-land
6dc86f29-d423-4d16-9db2-04e12b53d396,item,1,1,"{""obverse"": ""sand-land-tactical-card-battle_base-set_lango"", ""reverse"": ""sand-land-tactical-card-battle_card-back""}","{""name_printed"": ""Lango"", ""rarity"": ""Fixed"", ""fixed_rarity_ratio"": ""F2"", ""item_finish"": ""Normal"", ""number"": ""SL02-10"", ""type"": ""Asset: Unit"", ""cost"": ""0"", ""attack"": ""2"", ""water"": ""1"", ""health"": ""5"", ""rule_text"": ""Counterattack (When this unit is attacked, if it is not defeated, it attacks back to the attacking unit. The attacking unit must be a legal target.)"", ""tags"": ""[\u0022Human\u0022]"", ""item_dimensions"": ""{\u0022height\u0022: \u00223.5\u0022, \u0022width\u0022: \u00222.5\u0022, \u0022unit\u0022: \u0022inch\u0022}""}",8a2df42a-283f-49cb-9e1a-4ae10c5baeef,05a4fb59-e06b-4ef1-ba48-e6a90088f572,Lango,Lango,{},sand-land-tactical-card-battle_base-set_lango
eb30e9c7-b5f3-4ca6-915f-60ec7e70e792,item,1,1,"{""obverse"": ""sand-land-tactical-card-battle_base-set_legendary-spring"", ""reverse"": ""sand-land-tactical-card-battle_card-back""}","{""name_printed"": ""Legendary Spring"", ""rarity"": ""Fixed"", ""fixed_rarity_ratio"": ""F2"", ""item_finish"": ""Normal"", ""number"": ""SL04-12"", ""type"": ""Asset: Location"", ""cost"": ""2"", ""attack"": ""0"", ""water"": ""2"", ""health"": ""7"", ""rule_text"": ""Stealth (A location with Stealth cannot be targeted by an attack unless there are no legal targets without Stealth.) Ongoing: Neighbors have Armor:1 (Reduces damage dealt to the Asset by 1.)"", ""item_dimensions"": ""{\u0022height\u0022: \u00223.5\u0022, \u0022width\u0022: \u00222.5\u0022, \u0022unit\u0022: \u0022inch\u0022}""}",8a2df42a-283f-49cb-9e1a-4ae10c5baeef,05a4fb59-e06b-4ef1-ba48-e6a90088f572,Legendary Spring,Legendary Spring,{},sand-land-tactical-card-battle_base-set_legendary-spring
8fabcb74-a6cc-4648-aeca-78233376414a,item,1,1,"{""obverse"": ""sand-land-tactical-card-battle_base-set_lightning"", ""reverse"": ""sand-land-tactical-card-battle_card-back""}","{""name_printed"": ""Lightning"", ""rarity"": ""Fixed"", ""fixed_rarity_ratio"": ""F2"", ""item_finish"": ""Normal"", ""number"": ""SL10-14"", ""type"": ""Tactic"", ""cost"": ""0"", ""rule_text"": ""Discard: Deal 4 damage to an asset. Splash:1 (When this attacks a target, it also deals 1 damage to the target's neighbors.)"", ""item_dimensions"": ""{\u0022height\u0022: \u00223.5\u0022, \u0022width\u0022: \u00222.5\u0022, \u0022unit\u0022: \u0022inch\u0022}""}",8a2df42a-283f-49cb-9e1a-4ae10c5baeef,05a4fb59-e06b-4ef1-ba48-e6a90088f572,Lightning,Lightning,{},sand-land-tactical-card-battle_base-set_lightning
f85cda32-2372-4ddd-b2c4-c1bdd63b33df,item,1,1,"{""obverse"": ""sand-land-tactical-card-battle_base-set_lilith"", ""reverse"": ""sand-land-tactical-card-battle_card-back""}","{""name_printed"": ""Lilith"", ""rarity"": ""Fixed"", ""fixed_rarity_ratio"": ""F2"", ""item_finish"": ""Foil"", ""number"": ""SL07-03"", ""type"": ""Asset: Unit"", ""cost"": ""2"", ""attack"": ""4"", ""water"": ""3"", ""health"": ""6"", ""rule_text"": ""Defeated: Reclaim 1 Scrap."", ""tags"": ""[\u0022Demon\u0022, \u0022Fiend\u0022]"", ""item_dimensions"": ""{\u0022height\u0022: \u00223.5\u0022, \u0022width\u0022: \u00222.5\u0022, \u0022unit\u0022: \u0022inch\u0022}""}",8a2df42a-283f-49cb-9e1a-4ae10c5baeef,05a4fb59-e06b-4ef1-ba48-e6a90088f572,Lilith,Lilith,{},sand-land-tactical-card-battle_base-set_lilith
f22217bd-e309-4485-bbe3-daf397d9a70d,item,1,1,"{""obverse"": ""sand-land-tactical-card-battle_base-set_lucifer--wing-plucker"", ""reverse"": ""sand-land-tactical-card-battle_card-back""}","{""name_printed"": ""Lucifer: Wing Plucker"", ""rarity"": ""Fixed"", ""fixed_rarity_ratio"": ""F2"", ""item_finish"": ""Normal"", ""number"": ""SL03-09"", ""type"": ""Asset: Unit"", ""cost"": ""2"", ""attack"": ""1"", ""water"": ""3"", ""health"": ""7"", ""rule_text"": ""When an enemy unit is attacked by this unit, but not defeated, it is reduced to 1 health."", ""tags"": ""[\u0022Demon\u0022, \u0022Fiend\u0022]"", ""item_dimensions"": ""{\u0022height\u0022: \u00223.5\u0022, \u0022width\u0022: \u00222.5\u0022, \u0022unit\u0022: \u0022inch\u0022}""}",8a2df42a-283f-49cb-9e1a-4ae10c5baeef,05a4fb59-e06b-4ef1-ba48-e6a90088f572,Lucifer: Wing Plucker,Lucifer: Wing Plucker,{},sand-land-tactical-card-battle_base-set_lucifer--wing-plucker
264c1fce-850b-4b56-a08a-38bce90b2b1d,item,1,1,"{""obverse"": ""sand-land-tactical-card-battle_base-set_lucifer-(asset--unit)"", ""reverse"": ""sand-land-tactical-card-battle_card-back""}","{""name_printed"": ""Lucifer"", ""functional_disambiguator"": ""Asset: Unit"", ""rarity"": ""Fixed"", ""fixed_rarity_ratio"": ""F2"", ""item_finish"": ""Foil"", ""number"": ""SL07-02"", ""type"": ""Asset: Unit"", ""cost"": ""4"", ""attack"": ""4"", ""water"": ""2"", ""health"": ""8"", ""rule_text"": ""Ongoing: Your other Demons have +2 Attack and +1 water."", ""tags"": ""[\u0022Demon\u0022, \u0022Fiend\u0022]"", ""item_dimensions"": ""{\u0022height\u0022: \u00223.5\u0022, \u0022width\u0022: \u00222.5\u0022, \u0022unit\u0022: \u0022inch\u0022}""}",8a2df42a-283f-49cb-9e1a-4ae10c5baeef,05a4fb59-e06b-4ef1-ba48-e6a90088f572,Lucifer (Asset: Unit),Lucifer (Asset: Unit),{},sand-land-tactical-card-battle_base-set_lucifer-(asset--unit)
5ae25ad3-59eb-44fa-8613-0309793eba9a,item,1,1,"{""obverse"": ""sand-land-tactical-card-battle_base-set_lucifer-(leader)"", ""reverse"": ""sand-land-tactical-card-battle_card-back""}","{""name_printed"": ""Lucifer"", ""functional_disambiguator"": ""Leader"", ""rarity"": ""Fixed"", ""fixed_rarity_ratio"": ""F1"", ""item_finish"": ""Foil"", ""number"": ""SL07-01"", ""type"": ""Leader"", ""water"": ""2"", ""rule_text"": ""Ongoing: Your Demons have +1 Attack."", ""item_dimensions"": ""{\u0022height\u0022: \u00223.5\u0022, \u0022width\u0022: \u00222.5\u0022, \u0022unit\u0022: \u0022inch\u0022}""}",8a2df42a-283f-49cb-9e1a-4ae10c5baeef,05a4fb59-e06b-4ef1-ba48-e6a90088f572,Lucifer (Leader),Lucifer (Leader),{},sand-land-tactical-card-battle_base-set_lucifer-(leader)
07b0b971-30c4-420d-b8cd-67310de30776,item,1,1,"{""obverse"": ""sand-land-tactical-card-battle_base-set_masquerade"", ""reverse"": ""sand-land-tactical-card-battle_card-back""}","{""name_printed"": ""Masquerade"", ""rarity"": ""Fixed"", ""fixed_rarity_ratio"": ""F2"", ""item_finish"": ""Normal"", ""number"": ""SL01-14"", ""type"": ""Tactic"", ""cost"": ""1"", ""rule_text"": ""Reveal: Swap this tactic with any asset in your Scrap area or discard area. Put that card face down into this slot. Pull 1 Water"", ""item_dimensions"": ""{\u0022height\u0022: \u00223.5\u0022, \u0022width\u0022: \u00222.5\u0022, \u0022unit\u0022: \u0022inch\u0022}""}",8a2df42a-283f-49cb-9e1a-4ae10c5baeef,05a4fb59-e06b-4ef1-ba48-e6a90088f572,Masquerade,Masquerade,{},sand-land-tactical-card-battle_base-set_masquerade
66176404-e962-499b-b1ff-86f477b2a6e2,item,1,1,"{""obverse"": ""sand-land-tactical-card-battle_base-set_mechanic-thief"", ""reverse"": ""sand-land-tactical-card-battle_card-back""}","{""name_printed"": ""Mechanic Thief"", ""rarity"": ""Fixed"", ""fixed_rarity_ratio"": ""F2"", ""item_finish"": ""Foil"", ""number"": ""SL04-06"", ""type"": ""Asset: Unit"", ""cost"": ""1"", ""attack"": ""2"", ""water"": ""2"", ""health"": ""2"", ""rule_text"": ""Stealth (A unit with Stealth cannot be targeted by an attack unless there are no legal targets without Stealth.) Activate: Heal your Bots 1."", ""tags"": ""[\u0022Demon\u0022]"", ""item_dimensions"": ""{\u0022height\u0022: \u00223.5\u0022, \u0022width\u0022: \u00222.5\u0022, \u0022unit\u0022: \u0022inch\u0022}""}",8a2df42a-283f-49cb-9e1a-4ae10c5baeef,05a4fb59-e06b-4ef1-ba48-e6a90088f572,Mechanic Thief,Mechanic Thief,{},sand-land-tactical-card-battle_base-set_mechanic-thief
a9c13313-7801-41c2-afc7-ae4af9e65df4,item,1,1,"{""obverse"": ""sand-land-tactical-card-battle_base-set_mega-aircraft-carrier"", ""reverse"": ""sand-land-tactical-card-battle_card-back""}","{""name_printed"": ""Mega Aircraft Carrier"", ""rarity"": ""Fixed"", ""fixed_rarity_ratio"": ""F2"", ""item_finish"": ""Foil"", ""number"": ""SL06-06"", ""type"": ""Asset: Unit"", ""cost"": ""3"", ""attack"": ""2"", ""water"": ""3"", ""health"": ""15"", ""rule_text"": ""Ongoing: Neighbors have Range (This unit can attack any asset on the opponent's side.)"", ""tags"": ""[\u0022Bot\u0022]"", ""item_dimensions"": ""{\u0022height\u0022: \u00223.5\u0022, \u0022width\u0022: \u00222.5\u0022, \u0022unit\u0022: \u0022inch\u0022}""}",8a2df42a-283f-49cb-9e1a-4ae10c5baeef,05a4fb59-e06b-4ef1-ba48-e6a90088f572,Mega Aircraft Carrier,Mega Aircraft Carrier,{},sand-land-tactical-card-battle_base-set_mega-aircraft-carrier
5942a000-fe86-4124-90ea-eb4b86bf5484,item,1,1,"{""obverse"": ""sand-land-tactical-card-battle_base-set_metallicized-beelzebub-(asset--unit)"", ""reverse"": ""sand-land-tactical-card-battle_card-back""}","{""name_printed"": ""Metallicized Beelzebub"", ""functional_disambiguator"": ""Asset: Unit"", ""rarity"": ""Fixed"", ""fixed_rarity_ratio"": ""F2"", ""item_finish"": ""Foil"", ""number"": ""SL03-05"", ""type"": ""Asset: Unit"", ""cost"": ""2"", ""attack"": ""2"", ""water"": ""1"", ""health"": ""6"", ""rule_text"": ""Armor:1 (Reduces damage dealt to the Asset by 1.) Ongoing: This unit has +1 Attack for each other face up Demon in your play area."", ""tags"": ""[\u0022Demon\u0022, \u0022Fiend\u0022]"", ""item_dimensions"": ""{\u0022height\u0022: \u00223.5\u0022, \u0022width\u0022: \u00222.5\u0022, \u0022unit\u0022: \u0022inch\u0022}""}",8a2df42a-283f-49cb-9e1a-4ae10c5baeef,05a4fb59-e06b-4ef1-ba48-e6a90088f572,Metallicized Beelzebub (Asset: Unit),Metallicized Beelzebub (Asset: Unit),{},sand-land-tactical-card-battle_base-set_metallicized-beelzebub-(asset--unit)
b1a57400-c456-4a3f-945d-a19bee25add9,item,1,1,"{""obverse"": ""sand-land-tactical-card-battle_base-set_metallicized-beelzebub-(leader)"", ""reverse"": ""sand-land-tactical-card-battle_card-back""}","{""name_printed"": ""Metallicized Beelzebub"", ""functional_disambiguator"": ""Leader"", ""rarity"": ""Fixed"", ""fixed_rarity_ratio"": ""F1"", ""item_finish"": ""Foil"", ""number"": ""SL03-01"", ""type"": ""Leader"", ""water"": ""3"", ""rule_text"": ""Exhaust: your units with Armor have +2 Attack this turn."", ""item_dimensions"": ""{\u0022height\u0022: \u00223.5\u0022, \u0022width\u0022: \u00222.5\u0022, \u0022unit\u0022: \u0022inch\u0022}""}",8a2df42a-283f-49cb-9e1a-4ae10c5baeef,05a4fb59-e06b-4ef1-ba48-e6a90088f572,Metallicized Beelzebub (Leader),Metallicized Beelzebub (Leader),{},sand-land-tactical-card-battle_base-set_metallicized-beelzebub-(leader)
906e1e9b-2ff4-450e-a342-c3397ca93349,item,1,1,"{""obverse"": ""sand-land-tactical-card-battle_base-set_muniel-(asset--unit)"", ""reverse"": ""sand-land-tactical-card-battle_card-back""}","{""name_printed"": ""Muniel"", ""functional_disambiguator"": ""Asset: Unit"", ""rarity"": ""Fixed"", ""fixed_rarity_ratio"": ""F2"", ""item_finish"": ""Foil"", ""number"": ""SL10-04"", ""type"": ""Asset: Unit"", ""cost"": ""1"", ""attack"": ""2"", ""water"": ""2"", ""health"": ""5"", ""rule_text"": ""Ongoing: This unit has +1 Attack for each tactic in your tactics area."", ""tags"": ""[\u0022Angel\u0022]"", ""item_dimensions"": ""{\u0022height\u0022: \u00223.5\u0022, \u0022width\u0022: \u00222.5\u0022, \u0022unit\u0022: \u0022inch\u0022}""}",8a2df42a-283f-49cb-9e1a-4ae10c5baeef,05a4fb59-e06b-4ef1-ba48-e6a90088f572,Muniel (Asset: Unit),Muniel (Asset: Unit),{},sand-land-tactical-card-battle_base-set_muniel-(asset--unit)
96b4e51d-bd0d-42ec-a3c2-a990cdcd63ed,item,1,1,"{""obverse"": ""sand-land-tactical-card-battle_base-set_muniel-(leader)"", ""reverse"": ""sand-land-tactical-card-battle_card-back""}","{""name_printed"": ""Muniel"", ""functional_disambiguator"": ""Leader"", ""rarity"": ""Fixed"", ""fixed_rarity_ratio"": ""F1"", ""item_finish"": ""Foil"", ""number"": ""SL10-01"", ""type"": ""Leader"", ""water"": ""6"", ""item_dimensions"": ""{\u0022height\u0022: \u00223.5\u0022, \u0022width\u0022: \u00222.5\u0022, \u0022unit\u0022: \u0022inch\u0022}""}",8a2df42a-283f-49cb-9e1a-4ae10c5baeef,05a4fb59-e06b-4ef1-ba48-e6a90088f572,Muniel (Leader),Muniel (Leader),{},sand-land-tactical-card-battle_base-set_muniel-(leader)
3fd85d6c-aad2-4be2-8c00-7a7fa389db4b,item,1,1,"{""obverse"": ""sand-land-tactical-card-battle_base-set_muniel,-final-form--muscular"", ""reverse"": ""sand-land-tactical-card-battle_card-back""}","{""name_printed"": ""Muniel, Final Form: Muscular"", ""rarity"": ""Fixed"", ""fixed_rarity_ratio"": ""F2"", ""item_finish"": ""Foil"", ""number"": ""SL10-02"", ""type"": ""Asset: Unit"", ""cost"": ""2"", ""attack"": ""4"", ""water"": ""2"", ""health"": ""7"", ""rule_text"": ""Activate: You may pay 1 Scrap. If you do, this unit has +2 Attack and Splash:1 (When this unit attacks a target, it also deals 1 damage to the target's neighbors.) this turn."", ""tags"": ""[\u0022Angel\u0022]"", ""item_dimensions"": ""{\u0022height\u0022: \u00223.5\u0022, \u0022width\u0022: \u00222.5\u0022, \u0022unit\u0022: \u0022inch\u0022}""}",8a2df42a-283f-49cb-9e1a-4ae10c5baeef,05a4fb59-e06b-4ef1-ba48-e6a90088f572,"Muniel, Final Form: Muscular","Muniel, Final Form: Muscular",{},"sand-land-tactical-card-battle_base-set_muniel,-final-form--muscular"
ff213267-1bcb-4f2c-a4ae-42f767254e26,item,1,1,"{""obverse"": ""sand-land-tactical-card-battle_base-set_muniel,-final-form--plump"", ""reverse"": ""sand-land-tactical-card-battle_card-back""}","{""name_printed"": ""Muniel, Final Form: Plump"", ""rarity"": ""Fixed"", ""fixed_rarity_ratio"": ""F2"", ""item_finish"": ""Foil"", ""number"": ""SL10-03"", ""type"": ""Asset: Unit"", ""cost"": ""2"", ""attack"": ""5"", ""water"": ""2"", ""health"": ""7"", ""rule_text"": ""Counterattack (When this unit is attacked, if it is not defeated, it attacks back to the attacking unit. The attacking unit must be a legal target.) Cannot Move."", ""tags"": ""[\u0022Angel\u0022]"", ""item_dimensions"": ""{\u0022height\u0022: \u00223.5\u0022, \u0022width\u0022: \u00222.5\u0022, \u0022unit\u0022: \u0022inch\u0022}""}",8a2df42a-283f-49cb-9e1a-4ae10c5baeef,05a4fb59-e06b-4ef1-ba48-e6a90088f572,"Muniel, Final Form: Plump","Muniel, Final Form: Plump",{},"sand-land-tactical-card-battle_base-set_muniel,-final-form--plump"
820c7fcd-3138-40cb-a74a-497253cc7c34,item,1,1,"{""obverse"": ""sand-land-tactical-card-battle_base-set_papa"", ""reverse"": ""sand-land-tactical-card-battle_card-back""}","{""name_printed"": ""Papa"", ""rarity"": ""Fixed"", ""fixed_rarity_ratio"": ""F2"", ""item_finish"": ""Foil"", ""number"": ""SL05-03"", ""type"": ""Asset: Unit"", ""cost"": ""1"", ""attack"": ""2"", ""water"": ""2"", ""health"": ""5"", ""rule_text"": ""Ongoing: This unit has +1 Attack for each other face up Swimmers in your play area."", ""tags"": ""[\u0022Swimmers\u0022]"", ""item_dimensions"": ""{\u0022height\u0022: \u00223.5\u0022, \u0022width\u0022: \u00222.5\u0022, \u0022unit\u0022: \u0022inch\u0022}""}",8a2df42a-283f-49cb-9e1a-4ae10c5baeef,05a4fb59-e06b-4ef1-ba48-e6a90088f572,Papa,Papa,{},sand-land-tactical-card-battle_base-set_papa
bf8ae370-ac5b-44b5-9973-55fc166d00cc,item,1,1,"{""obverse"": ""sand-land-tactical-card-battle_base-set_pike"", ""reverse"": ""sand-land-tactical-card-battle_card-back""}","{""name_printed"": ""Pike"", ""rarity"": ""Fixed"", ""fixed_rarity_ratio"": ""F3"", ""item_finish"": ""Normal"", ""number"": ""SL05-08"", ""type"": ""Asset: Unit"", ""cost"": ""0"", ""attack"": ""1"", ""water"": ""1"", ""health"": ""2"", ""rule_text"": ""Activate: Reveal a face down card. It costs +1 Scrap or is trashed."", ""tags"": ""[\u0022Swimmers\u0022]"", ""item_dimensions"": ""{\u0022height\u0022: \u00223.5\u0022, \u0022width\u0022: \u00222.5\u0022, \u0022unit\u0022: \u0022inch\u0022}""}",8a2df42a-283f-49cb-9e1a-4ae10c5baeef,05a4fb59-e06b-4ef1-ba48-e6a90088f572,Pike,Pike,{},sand-land-tactical-card-battle_base-set_pike
667d8a6d-baa3-4042-aa25-6142315118de,item,1,1,"{""obverse"": ""sand-land-tactical-card-battle_base-set_pike's-sketch"", ""reverse"": ""sand-land-tactical-card-battle_card-back""}","{""name_printed"": ""Pike's Sketch"", ""rarity"": ""Fixed"", ""fixed_rarity_ratio"": ""F2"", ""item_finish"": ""Normal"", ""number"": ""SL05-13"", ""type"": ""Tactic"", ""cost"": ""0"", ""rule_text"": ""Ongoing: Ready enemies take 2 extra damage when attacked."", ""item_dimensions"": ""{\u0022height\u0022: \u00223.5\u0022, \u0022width\u0022: \u00222.5\u0022, \u0022unit\u0022: \u0022inch\u0022}""}",8a2df42a-283f-49cb-9e1a-4ae10c5baeef,05a4fb59-e06b-4ef1-ba48-e6a90088f572,Pike's Sketch,Pike's Sketch,{},sand-land-tactical-card-battle_base-set_pike's-sketch
d4e02182-5256-4766-b110-aeb772603b9f,item,1,1,"{""obverse"": ""sand-land-tactical-card-battle_base-set_plot"", ""reverse"": ""sand-land-tactical-card-battle_card-back""}","{""name_printed"": ""Plot"", ""rarity"": ""Fixed"", ""fixed_rarity_ratio"": ""F2"", ""item_finish"": ""Normal"", ""number"": ""SL06-14"", ""type"": ""Tactic"", ""cost"": ""1"", ""rule_text"": ""Reveal: If the water counter is on the opponent's side, pull 2 water. Otherwise, pull 1 water."", ""item_dimensions"": ""{\u0022height\u0022: \u00223.5\u0022, \u0022width\u0022: \u00222.5\u0022, \u0022unit\u0022: \u0022inch\u0022}""}",8a2df42a-283f-49cb-9e1a-4ae10c5baeef,05a4fb59-e06b-4ef1-ba48-e6a90088f572,Plot,Plot,{},sand-land-tactical-card-battle_base-set_plot
df27c4a4-e3a3-4a66-9cb4-23623177316a,item,1,1,"{""obverse"": ""sand-land-tactical-card-battle_base-set_powall"", ""reverse"": ""sand-land-tactical-card-battle_card-back""}","{""name_printed"": ""Powall"", ""rarity"": ""Fixed"", ""fixed_rarity_ratio"": ""F3"", ""item_finish"": ""Normal"", ""number"": ""SL10-07"", ""type"": ""Asset: Unit"", ""cost"": ""1"", ""attack"": ""2"", ""water"": ""1"", ""health"": ""5"", ""rule_text"": ""Range (This unit can attack any asset on the opponent's side.) Activate: Turn any face up unit face down. Its owner reclaims the Scrap cost."", ""tags"": ""[\u0022Angel\u0022]"", ""item_dimensions"": ""{\u0022height\u0022: \u00223.5\u0022, \u0022width\u0022: \u00222.5\u0022, \u0022unit\u0022: \u0022inch\u0022}""}",8a2df42a-283f-49cb-9e1a-4ae10c5baeef,05a4fb59-e06b-4ef1-ba48-e6a90088f572,Powall,Powall,{},sand-land-tactical-card-battle_base-set_powall
88ebf190-1a70-463e-9793-2a886ab35858,item,1,1,"{""obverse"": ""sand-land-tactical-card-battle_base-set_power-of-darkness-absorption-[sl01-13]"", ""reverse"": ""sand-land-tactical-card-battle_card-back""}","{""name_printed"": ""Power of Darkness Absorption"", ""variant_disambiguator"": ""SL01-13"", ""rarity"": ""Fixed"", ""fixed_rarity_ratio"": ""F2"", ""item_finish"": ""Foil"", ""number"": ""SL01-13"", ""type"": ""Tactic"", ""cost"": ""0"", ""rule_text"": ""Reveal: Heal your Beelzebubs 2. Ongoing: Your Beelzebubs have Armor:1 (Reduces damage dealt to the Asset by 1.)"", ""item_dimensions"": ""{\u0022height\u0022: \u00223.5\u0022, \u0022width\u0022: \u00222.5\u0022, \u0022unit\u0022: \u0022inch\u0022}""}",8a2df42a-283f-49cb-9e1a-4ae10c5baeef,05a4fb59-e06b-4ef1-ba48-e6a90088f572,Power of Darkness Absorption,Power of Darkness Absorption [SL01-13],{},sand-land-tactical-card-battle_base-set_power-of-darkness-absorption-[sl01-13]
23da2d9c-f94f-4427-8743-5a0e6d50003f,item,1,1,"{""obverse"": ""sand-land-tactical-card-battle_base-set_power-of-darkness-absorption-[sl03-13]"", ""reverse"": ""sand-land-tactical-card-battle_card-back""}","{""name_printed"": ""Power of Darkness Absorption"", ""variant_disambiguator"": ""SL03-13"", ""rarity"": ""Fixed"", ""fixed_rarity_ratio"": ""F2"", ""item_finish"": ""Normal"", ""number"": ""SL03-13"", ""type"": ""Tactic"", ""cost"": ""0"", ""rule_text"": ""Reveal: Heal your Beelzebubs 2. Ongoing: Your Beelzebubs have Armor:1 (Reduces damage dealt to the Asset by 1.)"", ""item_dimensions"": ""{\u0022height\u0022: \u00223.5\u0022, \u0022width\u0022: \u00222.5\u0022, \u0022unit\u0022: \u0022inch\u0022}""}",8a2df42a-283f-49cb-9e1a-4ae10c5baeef,05a4fb59-e06b-4ef1-ba48-e6a90088f572,Power of Darkness Absorption,Power of Darkness Absorption [SL03-13],{},sand-land-tactical-card-battle_base-set_power-of-darkness-absorption-[sl03-13]
357b0fe4-609c-41cb-aba1-a02e043abbf0,item,1,1,"{""obverse"": ""sand-land-tactical-card-battle_base-set_princess-ann"", ""reverse"": ""sand-land-tactical-card-battle_card-back""}","{""name_printed"": ""Princess Ann"", ""rarity"": ""Fixed"", ""fixed_rarity_ratio"": ""F2"", ""item_finish"": ""Foil"", ""number"": ""SL08-02"", ""type"": ""Asset: Unit"", ""cost"": ""1"", ""attack"": ""2"", ""water"": ""1"", ""health"": ""6"", ""rule_text"": ""Stealth (A unit with Stealth cannot be targeted by an attack unless there are no legal targets without Stealth.) Ongoing: This unit has +2 water while in the front row."", ""tags"": ""[\u0022Human\u0022, \u0022Demon\u0022]"", ""item_dimensions"": ""{\u0022height\u0022: \u00223.5\u0022, \u0022width\u0022: \u00222.5\u0022, \u0022unit\u0022: \u0022inch\u0022}""}",8a2df42a-283f-49cb-9e1a-4ae10c5baeef,05a4fb59-e06b-4ef1-ba48-e6a90088f572,Princess Ann,Princess Ann,{},sand-land-tactical-card-battle_base-set_princess-ann
88439d5c-3c02-418c-aa75-057b26cf7cfa,item,1,1,"{""obverse"": ""sand-land-tactical-card-battle_base-set_queen-lilith"", ""reverse"": ""sand-land-tactical-card-battle_card-back""}","{""name_printed"": ""Queen Lilith"", ""rarity"": ""Fixed"", ""fixed_rarity_ratio"": ""F2"", ""item_finish"": ""Foil"", ""number"": ""SL08-05"", ""type"": ""Asset: Unit"", ""cost"": ""3"", ""attack"": ""2"", ""water"": ""1"", ""health"": ""5"", ""rule_text"": ""Ongoing: Enemy cards cost +1 Scrap."", ""tags"": ""[\u0022Demon\u0022, \u0022Fiend\u0022]"", ""item_dimensions"": ""{\u0022height\u0022: \u00223.5\u0022, \u0022width\u0022: \u00222.5\u0022, \u0022unit\u0022: \u0022inch\u0022}""}",8a2df42a-283f-49cb-9e1a-4ae10c5baeef,05a4fb59-e06b-4ef1-ba48-e6a90088f572,Queen Lilith,Queen Lilith,{},sand-land-tactical-card-battle_base-set_queen-lilith
4b350773-8136-4e39-8737-6cce1648afc1,item,1,1,"{""obverse"": ""sand-land-tactical-card-battle_base-set_rao"", ""reverse"": ""sand-land-tactical-card-battle_card-back""}","{""name_printed"": ""Rao"", ""rarity"": ""Fixed"", ""fixed_rarity_ratio"": ""F1"", ""item_finish"": ""Foil"", ""number"": ""SL04-01"", ""type"": ""Leader"", ""water"": ""3"", ""rule_text"": ""Exhaust: Give a unit +1 Attack and Range (This unit can attack any asset on the opponent's side.) this turn."", ""item_dimensions"": ""{\u0022height\u0022: \u00223.5\u0022, \u0022width\u0022: \u00222.5\u0022, \u0022unit\u0022: \u0022inch\u0022}""}",8a2df42a-283f-49cb-9e1a-4ae10c5baeef,05a4fb59-e06b-4ef1-ba48-e6a90088f572,Rao,Rao,{},sand-land-tactical-card-battle_base-set_rao
5a87086f-6c47-44f7-850a-013e5b180bc5,item,1,1,"{""obverse"": ""sand-land-tactical-card-battle_base-set_rao--cover"", ""reverse"": ""sand-land-tactical-card-battle_card-back""}","{""name_printed"": ""Rao: Cover"", ""rarity"": ""Fixed"", ""fixed_rarity_ratio"": ""F20"", ""item_finish"": ""Normal"", ""number"": ""SLP-02"", ""type"": ""Asset: Unit"", ""cost"": ""1"", ""attack"": ""2"", ""water"": ""1"", ""health"": ""6"", ""rule_text"": ""Taunt (If a unit with Taunt is a legal target for an attack, it must be chosen as the target.) When either player trashes a card, fully heal this unit."", ""tags"": ""[\u0022Human\u0022]"", ""item_dimensions"": ""{\u0022height\u0022: \u00223.5\u0022, \u0022width\u0022: \u00222.5\u0022, \u0022unit\u0022: \u0022inch\u0022}""}",8a2df42a-283f-49cb-9e1a-4ae10c5baeef,05a4fb59-e06b-4ef1-ba48-e6a90088f572,Rao: Cover,Rao: Cover,{},sand-land-tactical-card-battle_base-set_rao--cover
0b0e9edc-14c6-4c6e-9dba-31650ada5078,item,1,1,"{""obverse"": ""sand-land-tactical-card-battle_base-set_rao--mastery"", ""reverse"": ""sand-land-tactical-card-battle_card-back""}","{""name_printed"": ""Rao: Mastery"", ""rarity"": ""Fixed"", ""fixed_rarity_ratio"": ""F2"", ""item_finish"": ""Foil"", ""number"": ""SL08-04"", ""type"": ""Asset: Unit"", ""cost"": ""2"", ""attack"": ""3"", ""water"": ""2"", ""health"": ""7"", ""rule_text"": ""Reveal: This turn, this unit takes no damage."", ""tags"": ""[\u0022Human\u0022]"", ""item_dimensions"": ""{\u0022height\u0022: \u00223.5\u0022, \u0022width\u0022: \u00222.5\u0022, \u0022unit\u0022: \u0022inch\u0022}""}",8a2df42a-283f-49cb-9e1a-4ae10c5baeef,05a4fb59-e06b-4ef1-ba48-e6a90088f572,Rao: Mastery,Rao: Mastery,{},sand-land-tactical-card-battle_base-set_rao--mastery
e88b3b0f-be84-45ef-bc4a-f78179bb2368,item,1,1,"{""obverse"": ""sand-land-tactical-card-battle_base-set_rao's-amulet"", ""reverse"": ""sand-land-tactical-card-battle_card-back""}","{""name_printed"": ""Rao's Amulet"", ""rarity"": ""Fixed"", ""fixed_rarity_ratio"": ""F2"", ""item_finish"": ""Normal"", ""number"": ""SL04-14"", ""type"": ""Tactic"", ""cost"": ""1"", ""rule_text"": ""Attach: When neighbors to chosen unit are defeated, pull 1 water."", ""item_dimensions"": ""{\u0022height\u0022: \u00223.5\u0022, \u0022width\u0022: \u00222.5\u0022, \u0022unit\u0022: \u0022inch\u0022}""}",8a2df42a-283f-49cb-9e1a-4ae10c5baeef,05a4fb59-e06b-4ef1-ba48-e6a90088f572,Rao's Amulet,Rao's Amulet,{},sand-land-tactical-card-battle_base-set_rao's-amulet
c46f45fb-c9c0-4e4f-95d8-a16d6f17d378,item,1,1,"{""obverse"": ""sand-land-tactical-card-battle_base-set_rao's-car"", ""reverse"": ""sand-land-tactical-card-battle_card-back""}","{""name_printed"": ""Rao's Car"", ""rarity"": ""Fixed"", ""fixed_rarity_ratio"": ""F3"", ""item_finish"": ""Normal"", ""number"": ""SL04-11"", ""type"": ""Asset: Unit"", ""cost"": ""0"", ""attack"": ""2"", ""water"": ""1"", ""health"": ""4"", ""rule_text"": ""Agile (This unit may both move and attack in either order.)"", ""tags"": ""[\u0022Bot\u0022]"", ""item_dimensions"": ""{\u0022height\u0022: \u00223.5\u0022, \u0022width\u0022: \u00222.5\u0022, \u0022unit\u0022: \u0022inch\u0022}""}",8a2df42a-283f-49cb-9e1a-4ae10c5baeef,05a4fb59-e06b-4ef1-ba48-e6a90088f572,Rao's Car,Rao's Car,{},sand-land-tactical-card-battle_base-set_rao's-car
86fb6ce1-dbc1-46cc-a085-f19bd2033afd,item,1,1,"{""obverse"": ""sand-land-tactical-card-battle_base-set_reinforcer-beelzebub"", ""reverse"": ""sand-land-tactical-card-battle_card-back""}","{""name_printed"": ""Reinforcer Beelzebub"", ""rarity"": ""Fixed"", ""fixed_rarity_ratio"": ""F2"", ""item_finish"": ""Foil"", ""number"": ""SL02-05"", ""type"": ""Asset: Unit"", ""cost"": ""0"", ""attack"": ""2"", ""water"": ""1"", ""health"": ""2"", ""rule_text"": ""Stealth (A unit with Stealth cannot be targeted by an attack unless there are no legal targets without Stealth.) Activate: Reveal one of your face down cards. It costs 1 less Scrap."", ""tags"": ""[\u0022Demon\u0022, \u0022Fiend\u0022]"", ""item_dimensions"": ""{\u0022height\u0022: \u00223.5\u0022, \u0022width\u0022: \u00222.5\u0022, \u0022unit\u0022: \u0022inch\u0022}""}",8a2df42a-283f-49cb-9e1a-4ae10c5baeef,05a4fb59-e06b-4ef1-ba48-e6a90088f572,Reinforcer Beelzebub,Reinforcer Beelzebub,{},sand-land-tactical-card-battle_base-set_reinforcer-beelzebub
2d9353b9-47ca-4df1-861e-94674d952b3c,item,1,1,"{""obverse"": ""sand-land-tactical-card-battle_base-set_resistance-ann"", ""reverse"": ""sand-land-tactical-card-battle_card-back""}","{""name_printed"": ""Resistance Ann"", ""rarity"": ""Fixed"", ""fixed_rarity_ratio"": ""F20"", ""item_finish"": ""Normal"", ""number"": ""SLP-03"", ""type"": ""Asset: Unit"", ""cost"": ""1"", ""attack"": ""2"", ""water"": ""1"", ""health"": ""5"", ""rule_text"": ""Ongoing: Neighbors have Counterattack (When this unit is attacked, if it is not defeated, it attacks back to the attacking unit. The attacking unit must be a legal target.)"", ""tags"": ""[\u0022Human\u0022, \u0022Demon\u0022]"", ""item_dimensions"": ""{\u0022height\u0022: \u00223.5\u0022, \u0022width\u0022: \u00222.5\u0022, \u0022unit\u0022: \u0022inch\u0022}""}",8a2df42a-283f-49cb-9e1a-4ae10c5baeef,05a4fb59-e06b-4ef1-ba48-e6a90088f572,Resistance Ann,Resistance Ann,{},sand-land-tactical-card-battle_base-set_resistance-ann
a3d2e4cc-0a01-4715-9830-57ab61902f93,item,1,1,"{""obverse"": ""sand-land-tactical-card-battle_base-set_royal-army-of-sand-land"", ""reverse"": ""sand-land-tactical-card-battle_card-back""}","{""name_printed"": ""Royal Army of Sand Land"", ""rarity"": ""Fixed"", ""fixed_rarity_ratio"": ""F3"", ""item_finish"": ""Normal"", ""number"": ""SL06-09"", ""type"": ""Asset: Unit"", ""cost"": ""0"", ""attack"": ""2"", ""water"": ""1"", ""health"": ""5"", ""rule_text"": ""Activate: Heal this unit 1."", ""tags"": ""[\u0022Human\u0022]"", ""item_dimensions"": ""{\u0022height\u0022: \u00223.5\u0022, \u0022width\u0022: \u00222.5\u0022, \u0022unit\u0022: \u0022inch\u0022}""}",8a2df42a-283f-49cb-9e1a-4ae10c5baeef,05a4fb59-e06b-4ef1-ba48-e6a90088f572,Royal Army of Sand Land,Royal Army of Sand Land,{},sand-land-tactical-card-battle_base-set_royal-army-of-sand-land
f963c395-577f-4706-bd4e-be0f35ae9974,item,1,1,"{""obverse"": ""sand-land-tactical-card-battle_base-set_run"", ""reverse"": ""sand-land-tactical-card-battle_card-back""}","{""name_printed"": ""Run"", ""rarity"": ""Fixed"", ""fixed_rarity_ratio"": ""F2"", ""item_finish"": ""Foil"", ""number"": ""SL03-12"", ""type"": ""Tactic"", ""cost"": ""0"", ""rule_text"": ""Exhaust: Heal a unit 2. You may move it."", ""item_dimensions"": ""{\u0022height\u0022: \u00223.5\u0022, \u0022width\u0022: \u00222.5\u0022, \u0022unit\u0022: \u0022inch\u0022}""}",8a2df42a-283f-49cb-9e1a-4ae10c5baeef,05a4fb59-e06b-4ef1-ba48-e6a90088f572,Run,Run,{},sand-land-tactical-card-battle_base-set_run
38851e35-9130-4ee3-a50d-716b5267b713,item,1,1,"{""obverse"": ""sand-land-tactical-card-battle_base-set_samael"", ""reverse"": ""sand-land-tactical-card-battle_card-back""}","{""name_printed"": ""Samael"", ""rarity"": ""Fixed"", ""fixed_rarity_ratio"": ""F2"", ""item_finish"": ""Normal"", ""number"": ""SL07-13"", ""type"": ""Asset: Unit"", ""cost"": ""0"", ""attack"": ""1"", ""water"": ""1"", ""health"": ""4"", ""rule_text"": ""Poison (If this unit damages a ready asset, the damaged asset is exhausted.)"", ""tags"": ""[\u0022Demon\u0022]"", ""item_dimensions"": ""{\u0022height\u0022: \u00223.5\u0022, \u0022width\u0022: \u00222.5\u0022, \u0022unit\u0022: \u0022inch\u0022}""}",8a2df42a-283f-49cb-9e1a-4ae10c5baeef,05a4fb59-e06b-4ef1-ba48-e6a90088f572,Samael,Samael,{},sand-land-tactical-card-battle_base-set_samael
ae2b71e4-2f71-4c68-9243-f0f9950852af,item,1,1,"{""obverse"": ""sand-land-tactical-card-battle_base-set_santa-thief"", ""reverse"": ""sand-land-tactical-card-battle_card-back""}","{""name_printed"": ""Santa Thief"", ""rarity"": ""Fixed"", ""fixed_rarity_ratio"": ""F3"", ""item_finish"": ""Normal"", ""number"": ""SL02-07"", ""type"": ""Asset: Unit"", ""cost"": ""1"", ""attack"": ""1"", ""water"": ""1"", ""health"": ""3"", ""rule_text"": ""Activate: Pull 1 water. The opponent loses a Scrap."", ""tags"": ""[\u0022Demon\u0022]"", ""item_dimensions"": ""{\u0022height\u0022: \u00223.5\u0022, \u0022width\u0022: \u00222.5\u0022, \u0022unit\u0022: \u0022inch\u0022}""}",8a2df42a-283f-49cb-9e1a-4ae10c5baeef,05a4fb59-e06b-4ef1-ba48-e6a90088f572,Santa Thief,Santa Thief,{},sand-land-tactical-card-battle_base-set_santa-thief
ef367df4-b2c8-43ef-8136-763f32b9360a,item,1,1,"{""obverse"": ""sand-land-tactical-card-battle_base-set_satyr"", ""reverse"": ""sand-land-tactical-card-battle_card-back""}","{""name_printed"": ""Satyr"", ""rarity"": ""Fixed"", ""fixed_rarity_ratio"": ""F2"", ""item_finish"": ""Normal"", ""number"": ""SL07-14"", ""type"": ""Asset: Unit"", ""cost"": ""0"", ""attack"": ""2"", ""water"": ""1"", ""health"": ""4"", ""rule_text"": ""When this unit attacks, you may move the attacked unit afterwards."", ""tags"": ""[\u0022Demon\u0022]"", ""item_dimensions"": ""{\u0022height\u0022: \u00223.5\u0022, \u0022width\u0022: \u00222.5\u0022, \u0022unit\u0022: \u0022inch\u0022}""}",8a2df42a-283f-49cb-9e1a-4ae10c5baeef,05a4fb59-e06b-4ef1-ba48-e6a90088f572,Satyr,Satyr,{},sand-land-tactical-card-battle_base-set_satyr
c86da4fc-d139-41bf-a866-e71769cf66c6,item,1,1,"{""obverse"": ""sand-land-tactical-card-battle_base-set_schemer-muniel"", ""reverse"": ""sand-land-tactical-card-battle_card-back""}","{""name_printed"": ""Schemer Muniel"", ""rarity"": ""Fixed"", ""fixed_rarity_ratio"": ""F2"", ""item_finish"": ""Foil"", ""number"": ""SL09-05"", ""type"": ""Asset: Unit"", ""cost"": ""1"", ""attack"": ""3"", ""water"": ""1"", ""health"": ""6"", ""rule_text"": ""Activate: You may pay 1 Scrap. If you do, the opponent loses 1 Scrap."", ""tags"": ""[\u0022Angel\u0022]"", ""item_dimensions"": ""{\u0022height\u0022: \u00223.5\u0022, \u0022width\u0022: \u00222.5\u0022, \u0022unit\u0022: \u0022inch\u0022}""}",8a2df42a-283f-49cb-9e1a-4ae10c5baeef,05a4fb59-e06b-4ef1-ba48-e6a90088f572,Schemer Muniel,Schemer Muniel,{},sand-land-tactical-card-battle_base-set_schemer-muniel
bbdff8e4-1219-4849-9fb5-2d92d1899ee4,item,1,1,"{""obverse"": ""sand-land-tactical-card-battle_base-set_sconne"", ""reverse"": ""sand-land-tactical-card-battle_card-back""}","{""name_printed"": ""Sconne"", ""rarity"": ""Fixed"", ""fixed_rarity_ratio"": ""F3"", ""item_finish"": ""Normal"", ""number"": ""SL08-08"", ""type"": ""Asset: Unit"", ""cost"": ""0"", ""attack"": ""2"", ""water"": ""1"", ""health"": ""3"", ""rule_text"": ""Counterattack (When this unit is attacked, if it is not defeated, it attacks back to the attacking unit. The attacking unit must be a legal target.) Defeated: Heal neighbors 2."", ""tags"": ""[\u0022Human\u0022]"", ""item_dimensions"": ""{\u0022height\u0022: \u00223.5\u0022, \u0022width\u0022: \u00222.5\u0022, \u0022unit\u0022: \u0022inch\u0022}""}",8a2df42a-283f-49cb-9e1a-4ae10c5baeef,05a4fb59-e06b-4ef1-ba48-e6a90088f572,Sconne,Sconne,{},sand-land-tactical-card-battle_base-set_sconne
903203ca-f37b-4738-a2a5-8a81936a8979,item,1,1,"{""obverse"": ""sand-land-tactical-card-battle_base-set_scout-beelzebub"", ""reverse"": ""sand-land-tactical-card-battle_card-back""}","{""name_printed"": ""Scout Beelzebub"", ""rarity"": ""Fixed"", ""fixed_rarity_ratio"": ""F2"", ""item_finish"": ""Foil"", ""number"": ""SL02-03"", ""type"": ""Asset: Unit"", ""cost"": ""2"", ""attack"": ""4"", ""water"": ""2"", ""health"": ""6"", ""rule_text"": ""Agile (This unit may both move and attack in either order.) Activate: Reveal a face down card."", ""tags"": ""[\u0022Demon\u0022, \u0022Fiend\u0022]"", ""item_dimensions"": ""{\u0022height\u0022: \u00223.5\u0022, \u0022width\u0022: \u00222.5\u0022, \u0022unit\u0022: \u0022inch\u0022}""}",8a2df42a-283f-49cb-9e1a-4ae10c5baeef,05a4fb59-e06b-4ef1-ba48-e6a90088f572,Scout Beelzebub,Scout Beelzebub,{},sand-land-tactical-card-battle_base-set_scout-beelzebub
5d230d3b-866b-495d-a2d6-8f4ee5eea17e,item,1,1,"{""obverse"": ""sand-land-tactical-card-battle_base-set_shark"", ""reverse"": ""sand-land-tactical-card-battle_card-back""}","{""name_printed"": ""Shark"", ""rarity"": ""Fixed"", ""fixed_rarity_ratio"": ""F2"", ""item_finish"": ""Foil"", ""number"": ""SL05-04"", ""type"": ""Asset: Unit"", ""cost"": ""0"", ""attack"": ""3"", ""water"": ""1"", ""health"": ""2"", ""rule_text"": ""Agile (This unit may both move and attack in either order.)"", ""tags"": ""[\u0022Swimmers\u0022]"", ""item_dimensions"": ""{\u0022height\u0022: \u00223.5\u0022, \u0022width\u0022: \u00222.5\u0022, \u0022unit\u0022: \u0022inch\u0022}""}",8a2df42a-283f-49cb-9e1a-4ae10c5baeef,05a4fb59-e06b-4ef1-ba48-e6a90088f572,Shark,Shark,{},sand-land-tactical-card-battle_base-set_shark
3ba0983f-550e-47e9-84ee-c1cb85950d3b,item,1,1,"{""obverse"": ""sand-land-tactical-card-battle_base-set_sheriff-rao"", ""reverse"": ""sand-land-tactical-card-battle_card-back""}","{""name_printed"": ""Sheriff Rao"", ""rarity"": ""Fixed"", ""fixed_rarity_ratio"": ""F2"", ""item_finish"": ""Foil"", ""number"": ""SL01-03"", ""type"": ""Asset: Unit"", ""cost"": ""2"", ""attack"": ""2"", ""water"": ""2"", ""health"": ""7"", ""rule_text"": ""When a neighbor is defeated, pull 1 water."", ""tags"": ""[\u0022Human\u0022]"", ""item_dimensions"": ""{\u0022height\u0022: \u00223.5\u0022, \u0022width\u0022: \u00222.5\u0022, \u0022unit\u0022: \u0022inch\u0022}""}",8a2df42a-283f-49cb-9e1a-4ae10c5baeef,05a4fb59-e06b-4ef1-ba48-e6a90088f572,Sheriff Rao,Sheriff Rao,{},sand-land-tactical-card-battle_base-set_sheriff-rao
92f731e4-be3a-49df-a58f-4333b1ff59ba,item,1,1,"{""obverse"": ""sand-land-tactical-card-battle_base-set_simmit"", ""reverse"": ""sand-land-tactical-card-battle_card-back""}","{""name_printed"": ""Simmit"", ""rarity"": ""Fixed"", ""fixed_rarity_ratio"": ""F2"", ""item_finish"": ""Normal"", ""number"": ""SL08-09"", ""type"": ""Asset: Unit"", ""cost"": ""1"", ""attack"": ""2"", ""water"": ""1"", ""health"": ""7"", ""rule_text"": ""Taunt (If a unit with Taunt is a legal target for an attack, it must be chosen as the target.)"", ""tags"": ""[\u0022Human\u0022]"", ""item_dimensions"": ""{\u0022height\u0022: \u00223.5\u0022, \u0022width\u0022: \u00222.5\u0022, \u0022unit\u0022: \u0022inch\u0022}""}",8a2df42a-283f-49cb-9e1a-4ae10c5baeef,05a4fb59-e06b-4ef1-ba48-e6a90088f572,Simmit,Simmit,{},sand-land-tactical-card-battle_base-set_simmit
8dcc65a5-6288-4247-ba8c-b0e6d7609611,item,1,1,"{""obverse"": ""sand-land-tactical-card-battle_base-set_speed-fiend-beelzebub"", ""reverse"": ""sand-land-tactical-card-battle_card-back""}","{""name_printed"": ""Speed Fiend Beelzebub"", ""rarity"": ""Fixed"", ""fixed_rarity_ratio"": ""F2"", ""item_finish"": ""Foil"", ""number"": ""SL01-02"", ""type"": ""Asset: Unit"", ""cost"": ""1"", ""attack"": ""2"", ""water"": ""2"", ""health"": ""5"", ""rule_text"": ""Taunt (If a unit with Taunt is a legal target for an attack, it must be chosen as the target.) When this unit is moved, heal it 3."", ""tags"": ""[\u0022Demon\u0022, \u0022Fiend\u0022]"", ""item_dimensions"": ""{\u0022height\u0022: \u00223.5\u0022, \u0022width\u0022: \u00222.5\u0022, \u0022unit\u0022: \u0022inch\u0022}""}",8a2df42a-283f-49cb-9e1a-4ae10c5baeef,05a4fb59-e06b-4ef1-ba48-e6a90088f572,Speed Fiend Beelzebub,Speed Fiend Beelzebub,{},sand-land-tactical-card-battle_base-set_speed-fiend-beelzebub
53d6d63b-7d26-44ca-9e4f-cf372765f3a0,item,1,1,"{""obverse"": ""sand-land-tactical-card-battle_base-set_storyteller-thief"", ""reverse"": ""sand-land-tactical-card-battle_card-back""}","{""name_printed"": ""Storyteller Thief"", ""rarity"": ""Fixed"", ""fixed_rarity_ratio"": ""F2"", ""item_finish"": ""Foil"", ""number"": ""SL03-04"", ""type"": ""Asset: Unit"", ""cost"": ""0"", ""attack"": ""1"", ""water"": ""1"", ""health"": ""3"", ""rule_text"": ""Reveal: Search your deck for any other asset and put it face down into one of your other non-empty slots. Shuffle the card that was in that slot into your deck."", ""tags"": ""[\u0022Demon\u0022]"", ""item_dimensions"": ""{\u0022height\u0022: \u00223.5\u0022, \u0022width\u0022: \u00222.5\u0022, \u0022unit\u0022: \u0022inch\u0022}""}",8a2df42a-283f-49cb-9e1a-4ae10c5baeef,05a4fb59-e06b-4ef1-ba48-e6a90088f572,Storyteller Thief,Storyteller Thief,{},sand-land-tactical-card-battle_base-set_storyteller-thief
4c6ce9e9-ae84-4316-9ec0-d2876ac092d8,item,1,1,"{""obverse"": ""sand-land-tactical-card-battle_base-set_strategist-muniel"", ""reverse"": ""sand-land-tactical-card-battle_card-back""}","{""name_printed"": ""Strategist Muniel"", ""rarity"": ""Fixed"", ""fixed_rarity_ratio"": ""F20"", ""item_finish"": ""Normal"", ""number"": ""SLP-04"", ""type"": ""Asset: Unit"", ""cost"": ""2"", ""attack"": ""2"", ""water"": ""1"", ""health"": ""7"", ""rule_text"": ""Splash:1 (When this unit attacks a target, it also deals 1 damage to the target's neighbors.) Armor Piercing (This unit's damage ignores Armor on the target.)"", ""tags"": ""[\u0022Angel\u0022]"", ""item_dimensions"": ""{\u0022height\u0022: \u00223.5\u0022, \u0022width\u0022: \u00222.5\u0022, \u0022unit\u0022: \u0022inch\u0022}""}",8a2df42a-283f-49cb-9e1a-4ae10c5baeef,05a4fb59-e06b-4ef1-ba48-e6a90088f572,Strategist Muniel,Strategist Muniel,{},sand-land-tactical-card-battle_base-set_strategist-muniel
bf51483d-84da-4390-999b-4a587e29db9c,item,1,1,"{""obverse"": ""sand-land-tactical-card-battle_base-set_supreme-commander-zeu--exploitation"", ""reverse"": ""sand-land-tactical-card-battle_card-back""}","{""name_printed"": ""Supreme Commander Zeu: Exploitation"", ""rarity"": ""Fixed"", ""fixed_rarity_ratio"": ""F20"", ""item_finish"": ""Normal"", ""number"": ""SLP-05"", ""type"": ""Asset: Unit"", ""cost"": ""1"", ""attack"": ""2"", ""water"": ""1"", ""health"": ""6"", ""rule_text"": ""Range (This unit can attack any asset on the opponent's side.) Activate: Turn any face up unit face down. Its owner reclaims the Scrap cost."", ""tags"": ""[\u0022Human\u0022, \u0022Bot\u0022]"", ""item_dimensions"": ""{\u0022height\u0022: \u00223.5\u0022, \u0022width\u0022: \u00222.5\u0022, \u0022unit\u0022: \u0022inch\u0022}""}",8a2df42a-283f-49cb-9e1a-4ae10c5baeef,05a4fb59-e06b-4ef1-ba48-e6a90088f572,Supreme Commander Zeu: Exploitation,Supreme Commander Zeu: Exploitation,{},sand-land-tactical-card-battle_base-set_supreme-commander-zeu--exploitation
2fdff0f1-a78a-4a0b-90ae-a29201a7cce4,item,1,1,"{""obverse"": ""sand-land-tactical-card-battle_base-set_supreme-commander-zeu--flying"", ""reverse"": ""sand-land-tactical-card-battle_card-back""}","{""name_printed"": ""Supreme Commander Zeu: Flying"", ""rarity"": ""Fixed"", ""fixed_rarity_ratio"": ""F2"", ""item_finish"": ""Foil"", ""number"": ""SL06-05"", ""type"": ""Asset: Unit"", ""cost"": ""2"", ""attack"": ""3"", ""water"": ""2"", ""health"": ""5"", ""rule_text"": ""Agile (This unit may both move and attack in either order.) Splash:1 (When this unit attacks a target, it also deals 1 damage to the target's neighbors.) Armor:1 (Reduces damage dealt to the Asset by 1.)"", ""tags"": ""[\u0022Human\u0022, \u0022Bot\u0022]"", ""item_dimensions"": ""{\u0022height\u0022: \u00223.5\u0022, \u0022width\u0022: \u00222.5\u0022, \u0022unit\u0022: \u0022inch\u0022}""}",8a2df42a-283f-49cb-9e1a-4ae10c5baeef,05a4fb59-e06b-4ef1-ba48-e6a90088f572,Supreme Commander Zeu: Flying,Supreme Commander Zeu: Flying,{},sand-land-tactical-card-battle_base-set_supreme-commander-zeu--flying
b3d903b3-c250-48f0-8c16-50c06fb6b801,item,1,1,"{""obverse"": ""sand-land-tactical-card-battle_base-set_supreme-commander-zeu-(asset--unit)"", ""reverse"": ""sand-land-tactical-card-battle_card-back""}","{""name_printed"": ""Supreme Commander Zeu"", ""functional_disambiguator"": ""Asset: Unit"", ""rarity"": ""Fixed"", ""fixed_rarity_ratio"": ""F2"", ""item_finish"": ""Foil"", ""number"": ""SL06-03"", ""type"": ""Asset: Unit"", ""cost"": ""0"", ""attack"": ""2"", ""water"": ""1"", ""health"": ""3"", ""rule_text"": ""Activate: You may defeat one of your face up assets. If you do, reclaim its Scrap cost +1."", ""tags"": ""[\u0022Human\u0022, \u0022Bot\u0022]"", ""item_dimensions"": ""{\u0022height\u0022: \u00223.5\u0022, \u0022width\u0022: \u00222.5\u0022, \u0022unit\u0022: \u0022inch\u0022}""}",8a2df42a-283f-49cb-9e1a-4ae10c5baeef,05a4fb59-e06b-4ef1-ba48-e6a90088f572,Supreme Commander Zeu (Asset: Unit),Supreme Commander Zeu (Asset: Unit),{},sand-land-tactical-card-battle_base-set_supreme-commander-zeu-(asset--unit)
d0d68c87-e985-4f3a-b4fa-4e887f02db78,item,1,1,"{""obverse"": ""sand-land-tactical-card-battle_base-set_supreme-commander-zeu-(leader)"", ""reverse"": ""sand-land-tactical-card-battle_card-back""}","{""name_printed"": ""Supreme Commander Zeu"", ""functional_disambiguator"": ""Leader"", ""rarity"": ""Fixed"", ""fixed_rarity_ratio"": ""F1"", ""item_finish"": ""Foil"", ""number"": ""SL06-01"", ""type"": ""Leader"", ""water"": ""4"", ""rule_text"": ""When round 3 of a skirmish starts, place this card face up into an empty slot. Treat it as a unit with 5 Attack, 5 Health, 0 Scrap Cost, and 5 Water. When it leaves the play area, return it to your leader area."", ""item_dimensions"": ""{\u0022height\u0022: \u00223.5\u0022, \u0022width\u0022: \u00222.5\u0022, \u0022unit\u0022: \u0022inch\u0022}""}",8a2df42a-283f-49cb-9e1a-4ae10c5baeef,05a4fb59-e06b-4ef1-ba48-e6a90088f572,Supreme Commander Zeu (Leader),Supreme Commander Zeu (Leader),{},sand-land-tactical-card-battle_base-set_supreme-commander-zeu-(leader)
bfc0d61f-e72d-4b63-a96f-905a3c554570,item,1,1,"{""obverse"": ""sand-land-tactical-card-battle_base-set_swimmers-[sl02-11]"", ""reverse"": ""sand-land-tactical-card-battle_card-back""}","{""name_printed"": ""Swimmers"", ""variant_disambiguator"": ""SL02-11"", ""rarity"": ""Fixed"", ""fixed_rarity_ratio"": ""F3"", ""item_finish"": ""Normal"", ""number"": ""SL02-11"", ""type"": ""Asset: Unit"", ""cost"": ""0"", ""attack"": ""2"", ""water"": ""2"", ""health"": ""3"", ""tags"": ""[\u0022Swimmers\u0022]"", ""item_dimensions"": ""{\u0022height\u0022: \u00223.5\u0022, \u0022width\u0022: \u00222.5\u0022, \u0022unit\u0022: \u0022inch\u0022}""}",8a2df42a-283f-49cb-9e1a-4ae10c5baeef,05a4fb59-e06b-4ef1-ba48-e6a90088f572,Swimmers,Swimmers [SL02-11],{},sand-land-tactical-card-battle_base-set_swimmers-[sl02-11]
cbc39ea8-f4d0-4584-bab0-4c7ce048a554,item,1,1,"{""obverse"": ""sand-land-tactical-card-battle_base-set_swimmers-[sl08-11]"", ""reverse"": ""sand-land-tactical-card-battle_card-back""}","{""name_printed"": ""Swimmers"", ""variant_disambiguator"": ""SL08-11"", ""rarity"": ""Fixed"", ""fixed_rarity_ratio"": ""F3"", ""item_finish"": ""Normal"", ""number"": ""SL08-11"", ""type"": ""Asset: Unit"", ""cost"": ""0"", ""attack"": ""2"", ""water"": ""2"", ""health"": ""3"", ""tags"": ""[\u0022Swimmers\u0022]"", ""item_dimensions"": ""{\u0022height\u0022: \u00223.5\u0022, \u0022width\u0022: \u00222.5\u0022, \u0022unit\u0022: \u0022inch\u0022}""}",8a2df42a-283f-49cb-9e1a-4ae10c5baeef,05a4fb59-e06b-4ef1-ba48-e6a90088f572,Swimmers,Swimmers [SL08-11],{},sand-land-tactical-card-battle_base-set_swimmers-[sl08-11]
bd38e1a6-cf66-4ee0-b4d3-ae4ae95a8051,item,1,1,"{""obverse"": ""sand-land-tactical-card-battle_base-set_swimming-papa"", ""reverse"": ""sand-land-tactical-card-battle_card-back""}","{""name_printed"": ""Swimming Papa"", ""rarity"": ""Fixed"", ""fixed_rarity_ratio"": ""F3"", ""item_finish"": ""Normal"", ""number"": ""SL08-10"", ""type"": ""Asset: Unit"", ""cost"": ""1"", ""attack"": ""2"", ""water"": ""2"", ""health"": ""6"", ""rule_text"": ""When either player pulls water (including at the end of a round), heal this unit 1."", ""tags"": ""[\u0022Swimmers\u0022]"", ""item_dimensions"": ""{\u0022height\u0022: \u00223.5\u0022, \u0022width\u0022: \u00222.5\u0022, \u0022unit\u0022: \u0022inch\u0022}""}",8a2df42a-283f-49cb-9e1a-4ae10c5baeef,05a4fb59-e06b-4ef1-ba48-e6a90088f572,Swimming Papa,Swimming Papa,{},sand-land-tactical-card-battle_base-set_swimming-papa
931ddc68-74f6-4cbe-a9da-436b73c3983a,item,1,1,"{""obverse"": ""sand-land-tactical-card-battle_base-set_tank-101-[sl05-06]"", ""reverse"": ""sand-land-tactical-card-battle_card-back""}","{""name_printed"": ""Tank 101"", ""variant_disambiguator"": ""SL05-06"", ""rarity"": ""Fixed"", ""fixed_rarity_ratio"": ""F2"", ""item_finish"": ""Foil"", ""number"": ""SL05-06"", ""type"": ""Asset: Unit"", ""cost"": ""2"", ""attack"": ""3"", ""water"": ""2"", ""health"": ""6"", ""rule_text"": ""Range (This unit can attack any asset on the opponent's side.) Counterattack (When this unit is attacked, if it is not defeated, it attacks back to the attacking unit. The attacking unit must be a legal target.) Armor:1 (Reduces damage dealt to the Asset by 1.)"", ""tags"": ""[\u0022Bot\u0022]"", ""item_dimensions"": ""{\u0022height\u0022: \u00223.5\u0022, \u0022width\u0022: \u00222.5\u0022, \u0022unit\u0022: \u0022inch\u0022}""}",8a2df42a-283f-49cb-9e1a-4ae10c5baeef,05a4fb59-e06b-4ef1-ba48-e6a90088f572,Tank 101,Tank 101 [SL05-06],{},sand-land-tactical-card-battle_base-set_tank-101-[sl05-06]
50667dbf-1bc4-4a2f-ab6f-aa4530147569,item,1,1,"{""obverse"": ""sand-land-tactical-card-battle_base-set_tank-101-[sl06-11]"", ""reverse"": ""sand-land-tactical-card-battle_card-back""}","{""name_printed"": ""Tank 101"", ""variant_disambiguator"": ""SL06-11"", ""rarity"": ""Fixed"", ""fixed_rarity_ratio"": ""F3"", ""item_finish"": ""Normal"", ""number"": ""SL06-11"", ""type"": ""Asset: Unit"", ""cost"": ""2"", ""attack"": ""3"", ""water"": ""2"", ""health"": ""6"", ""rule_text"": ""Range (This unit can attack any asset on the opponent's side.) Counterattack (When this unit is attacked, if it is not defeated, it attacks back to the attacking unit. The attacking unit must be a legal target.) Armor:1 (Reduces damage dealt to the Asset by 1.)"", ""tags"": ""[\u0022Bot\u0022]"", ""item_dimensions"": ""{\u0022height\u0022: \u00223.5\u0022, \u0022width\u0022: \u00222.5\u0022, \u0022unit\u0022: \u0022inch\u0022}""}",8a2df42a-283f-49cb-9e1a-4ae10c5baeef,05a4fb59-e06b-4ef1-ba48-e6a90088f572,Tank 101,Tank 101 [SL06-11],{},sand-land-tactical-card-battle_base-set_tank-101-[sl06-11]
cd1ba7a7-0e01-4181-90e0-de37dc3c3e59,item,1,1,"{""obverse"": ""sand-land-tactical-card-battle_base-set_tank-102"", ""reverse"": ""sand-land-tactical-card-battle_card-back""}","{""name_printed"": ""Tank 102"", ""rarity"": ""Fixed"", ""fixed_rarity_ratio"": ""F3"", ""item_finish"": ""Normal"", ""number"": ""SL05-11"", ""type"": ""Asset: Unit"", ""cost"": ""1"", ""attack"": ""3"", ""water"": ""2"", ""health"": ""5"", ""rule_text"": ""Armor:1 (Reduces damage dealt to the Asset by 1.)"", ""tags"": ""[\u0022Bot\u0022]"", ""item_dimensions"": ""{\u0022height\u0022: \u00223.5\u0022, \u0022width\u0022: \u00222.5\u0022, \u0022unit\u0022: \u0022inch\u0022}""}",8a2df42a-283f-49cb-9e1a-4ae10c5baeef,05a4fb59-e06b-4ef1-ba48-e6a90088f572,Tank 102,Tank 102,{},sand-land-tactical-card-battle_base-set_tank-102
00237a6b-bf04-4a8a-84d5-fcad1bd9848b,item,1,1,"{""obverse"": ""sand-land-tactical-card-battle_base-set_tank-104--speedy"", ""reverse"": ""sand-land-tactical-card-battle_card-back""}","{""name_printed"": ""Tank 104: Speedy"", ""rarity"": ""Fixed"", ""fixed_rarity_ratio"": ""F3"", ""item_finish"": ""Normal"", ""number"": ""SL04-07"", ""type"": ""Asset: Unit"", ""cost"": ""1"", ""attack"": ""3"", ""water"": ""1"", ""health"": ""5"", ""rule_text"": ""Armor Piercing (This unit's damage ignores Armor on the target.) Armor:1 (Reduces damage dealt to the Asset by 1.) When attacking an exhausted enemy asset, this unit has +2 Attack."", ""tags"": ""[\u0022Bot\u0022]"", ""item_dimensions"": ""{\u0022height\u0022: \u00223.5\u0022, \u0022width\u0022: \u00222.5\u0022, \u0022unit\u0022: \u0022inch\u0022}""}",8a2df42a-283f-49cb-9e1a-4ae10c5baeef,05a4fb59-e06b-4ef1-ba48-e6a90088f572,Tank 104: Speedy,Tank 104: Speedy,{},sand-land-tactical-card-battle_base-set_tank-104--speedy
855c52a4-a98c-46d4-93b1-e239d3c65947,item,1,1,"{""obverse"": ""sand-land-tactical-card-battle_base-set_tank-104-[sl02-12]"", ""reverse"": ""sand-land-tactical-card-battle_card-back""}","{""name_printed"": ""Tank 104"", ""variant_disambiguator"": ""SL02-12"", ""rarity"": ""Fixed"", ""fixed_rarity_ratio"": ""F2"", ""item_finish"": ""Normal"", ""number"": ""SL02-12"", ""type"": ""Asset: Unit"", ""cost"": ""0"", ""attack"": ""2"", ""water"": ""1"", ""health"": ""4"", ""rule_text"": ""Counterattack (When this unit is attacked, if it is not defeated, it attacks back to the attacking unit. The attacking unit must be a legal target.) Armor:1 (Reduces damage dealt to the Asset by 1.)"", ""tags"": ""[\u0022Bot\u0022]"", ""item_dimensions"": ""{\u0022height\u0022: \u00223.5\u0022, \u0022width\u0022: \u00222.5\u0022, \u0022unit\u0022: \u0022inch\u0022}""}",8a2df42a-283f-49cb-9e1a-4ae10c5baeef,05a4fb59-e06b-4ef1-ba48-e6a90088f572,Tank 104,Tank 104 [SL02-12],{},sand-land-tactical-card-battle_base-set_tank-104-[sl02-12]
d96f5b94-aa25-40ff-a38b-6ad5f5a993a9,item,1,1,"{""obverse"": ""sand-land-tactical-card-battle_base-set_tank-104-[sl04-03]"", ""reverse"": ""sand-land-tactical-card-battle_card-back""}","{""name_printed"": ""Tank 104"", ""variant_disambiguator"": ""SL04-03"", ""rarity"": ""Fixed"", ""fixed_rarity_ratio"": ""F2"", ""item_finish"": ""Foil"", ""number"": ""SL04-03"", ""type"": ""Asset: Unit"", ""cost"": ""0"", ""attack"": ""2"", ""water"": ""1"", ""health"": ""4"", ""rule_text"": ""Counterattack (When this unit is attacked, if it is not defeated, it attacks back to the attacking unit. The attacking unit must be a legal target.) Armor:1 (Reduces damage dealt to the Asset by 1.)"", ""tags"": ""[\u0022Bot\u0022]"", ""item_dimensions"": ""{\u0022height\u0022: \u00223.5\u0022, \u0022width\u0022: \u00222.5\u0022, \u0022unit\u0022: \u0022inch\u0022}""}",8a2df42a-283f-49cb-9e1a-4ae10c5baeef,05a4fb59-e06b-4ef1-ba48-e6a90088f572,Tank 104,Tank 104 [SL04-03],{},sand-land-tactical-card-battle_base-set_tank-104-[sl04-03]
c0d76198-e2fd-411d-8bea-a11d947dc1cd,item,1,1,"{""obverse"": ""sand-land-tactical-card-battle_base-set_tank-brigade-[sl02-13]"", ""reverse"": ""sand-land-tactical-card-battle_card-back""}","{""name_printed"": ""Tank Brigade"", ""variant_disambiguator"": ""SL02-13"", ""rarity"": ""Fixed"", ""fixed_rarity_ratio"": ""F2"", ""item_finish"": ""Normal"", ""number"": ""SL02-13"", ""type"": ""Asset: Unit"", ""cost"": ""2"", ""attack"": ""5"", ""water"": ""1"", ""health"": ""6"", ""rule_text"": ""Armor:2 (Reduces damage dealt to the Asset by 2.) When this unit would ready at the end of a round, it only does so if you pay 1 Scrap."", ""tags"": ""[\u0022Bot\u0022]"", ""item_dimensions"": ""{\u0022height\u0022: \u00223.5\u0022, \u0022width\u0022: \u00222.5\u0022, \u0022unit\u0022: \u0022inch\u0022}""}",8a2df42a-283f-49cb-9e1a-4ae10c5baeef,05a4fb59-e06b-4ef1-ba48-e6a90088f572,Tank Brigade,Tank Brigade [SL02-13],{},sand-land-tactical-card-battle_base-set_tank-brigade-[sl02-13]
5fae2281-f243-418e-b6e8-0d31f9f0fa19,item,1,1,"{""obverse"": ""sand-land-tactical-card-battle_base-set_tank-brigade-[sl03-11]"", ""reverse"": ""sand-land-tactical-card-battle_card-back""}","{""name_printed"": ""Tank Brigade"", ""variant_disambiguator"": ""SL03-11"", ""rarity"": ""Fixed"", ""fixed_rarity_ratio"": ""F3"", ""item_finish"": ""Normal"", ""number"": ""SL03-11"", ""type"": ""Asset: Unit"", ""cost"": ""2"", ""attack"": ""5"", ""water"": ""1"", ""health"": ""6"", ""rule_text"": ""Armor:2 (Reduces damage dealt to the Asset by 2.) When this unit would ready at the end of a round, it only does so if you pay 1 Scrap."", ""tags"": ""[\u0022Bot\u0022]"", ""item_dimensions"": ""{\u0022height\u0022: \u00223.5\u0022, \u0022width\u0022: \u00222.5\u0022, \u0022unit\u0022: \u0022inch\u0022}""}",8a2df42a-283f-49cb-9e1a-4ae10c5baeef,05a4fb59-e06b-4ef1-ba48-e6a90088f572,Tank Brigade,Tank Brigade [SL03-11],{},sand-land-tactical-card-battle_base-set_tank-brigade-[sl03-11]
e1f500e7-85e6-4273-9a31-064df5b838d7,item,1,1,"{""obverse"": ""sand-land-tactical-card-battle_base-set_tank-tactician-rao"", ""reverse"": ""sand-land-tactical-card-battle_card-back""}","{""name_printed"": ""Tank Tactician Rao"", ""rarity"": ""Fixed"", ""fixed_rarity_ratio"": ""F3"", ""item_finish"": ""Normal"", ""number"": ""SL03-07"", ""type"": ""Asset: Unit"", ""cost"": ""1"", ""attack"": ""2"", ""water"": ""1"", ""health"": ""5"", ""rule_text"": ""Armor Piercing (This unit's damage ignores Armor on the target.) Reveal: Heal neighbors 2. Ongoing: Neighbors have +1 Attack."", ""tags"": ""[\u0022Human\u0022]"", ""item_dimensions"": ""{\u0022height\u0022: \u00223.5\u0022, \u0022width\u0022: \u00222.5\u0022, \u0022unit\u0022: \u0022inch\u0022}""}",8a2df42a-283f-49cb-9e1a-4ae10c5baeef,05a4fb59-e06b-4ef1-ba48-e6a90088f572,Tank Tactician Rao,Tank Tactician Rao,{},sand-land-tactical-card-battle_base-set_tank-tactician-rao
338de269-8ba8-47eb-86fc-8055c90f77bd,item,1,1,"{""obverse"": ""sand-land-tactical-card-battle_base-set_team-work-[sl08-12]"", ""reverse"": ""sand-land-tactical-card-battle_card-back""}","{""name_printed"": ""Team Work"", ""variant_disambiguator"": ""SL08-12"", ""rarity"": ""Fixed"", ""fixed_rarity_ratio"": ""F2"", ""item_finish"": ""Foil"", ""number"": ""SL08-12"", ""type"": ""Tactic"", ""cost"": ""0"", ""rule_text"": ""Attach: Neighbors of chosen unit have +2 Attack."", ""item_dimensions"": ""{\u0022height\u0022: \u00223.5\u0022, \u0022width\u0022: \u00222.5\u0022, \u0022unit\u0022: \u0022inch\u0022}""}",8a2df42a-283f-49cb-9e1a-4ae10c5baeef,05a4fb59-e06b-4ef1-ba48-e6a90088f572,Team Work,Team Work [SL08-12],{},sand-land-tactical-card-battle_base-set_team-work-[sl08-12]
2973d196-0860-463b-b78e-d70eca7a0b84,item,1,1,"{""obverse"": ""sand-land-tactical-card-battle_base-set_team-work-[sl10-11]"", ""reverse"": ""sand-land-tactical-card-battle_card-back""}","{""name_printed"": ""Team Work"", ""variant_disambiguator"": ""SL10-11"", ""rarity"": ""Fixed"", ""fixed_rarity_ratio"": ""F2"", ""item_finish"": ""Normal"", ""number"": ""SL10-11"", ""type"": ""Tactic"", ""cost"": ""0"", ""rule_text"": ""Attach: Neighbors of chosen unit have +2 Attack."", ""item_dimensions"": ""{\u0022height\u0022: \u00223.5\u0022, \u0022width\u0022: \u00222.5\u0022, \u0022unit\u0022: \u0022inch\u0022}""}",8a2df42a-283f-49cb-9e1a-4ae10c5baeef,05a4fb59-e06b-4ef1-ba48-e6a90088f572,Team Work,Team Work [SL10-11],{},sand-land-tactical-card-battle_base-set_team-work-[sl10-11]
28c54fa5-caee-452a-b183-b188280dd87d,item,1,1,"{""obverse"": ""sand-land-tactical-card-battle_base-set_the-picchi-[sl01-11]"", ""reverse"": ""sand-land-tactical-card-battle_card-back""}","{""name_printed"": ""The Picchi"", ""variant_disambiguator"": ""SL01-11"", ""rarity"": ""Fixed"", ""fixed_rarity_ratio"": ""F3"", ""item_finish"": ""Normal"", ""number"": ""SL01-11"", ""type"": ""Asset: Unit"", ""cost"": ""1"", ""attack"": ""1"", ""water"": ""1"", ""health"": ""7"", ""rule_text"": ""Ongoing: This unit has +2 Attack for each empty neighbor slot."", ""item_dimensions"": ""{\u0022height\u0022: \u00223.5\u0022, \u0022width\u0022: \u00222.5\u0022, \u0022unit\u0022: \u0022inch\u0022}""}",8a2df42a-283f-49cb-9e1a-4ae10c5baeef,05a4fb59-e06b-4ef1-ba48-e6a90088f572,The Picchi,The Picchi [SL01-11],{},sand-land-tactical-card-battle_base-set_the-picchi-[sl01-11]
f5c7d29f-1fdf-4f4f-bec5-f7f71e0e682a,item,1,1,"{""obverse"": ""sand-land-tactical-card-battle_base-set_the-picchi-[sl04-10]"", ""reverse"": ""sand-land-tactical-card-battle_card-back""}","{""name_printed"": ""The Picchi"", ""variant_disambiguator"": ""SL04-10"", ""rarity"": ""Fixed"", ""fixed_rarity_ratio"": ""F3"", ""item_finish"": ""Normal"", ""number"": ""SL04-10"", ""type"": ""Asset: Unit"", ""cost"": ""1"", ""attack"": ""1"", ""water"": ""1"", ""health"": ""7"", ""rule_text"": ""Ongoing: This unit has +2 Attack for each empty neighbor slot."", ""item_dimensions"": ""{\u0022height\u0022: \u00223.5\u0022, \u0022width\u0022: \u00222.5\u0022, \u0022unit\u0022: \u0022inch\u0022}""}",8a2df42a-283f-49cb-9e1a-4ae10c5baeef,05a4fb59-e06b-4ef1-ba48-e6a90088f572,The Picchi,The Picchi [SL04-10],{},sand-land-tactical-card-battle_base-set_the-picchi-[sl04-10]
bc38b0a8-8adf-450f-b5a0-4df8dac07b7c,item,1,1,"{""obverse"": ""sand-land-tactical-card-battle_base-set_thief--resupply"", ""reverse"": ""sand-land-tactical-card-battle_card-back""}","{""name_printed"": ""Thief: Resupply"", ""rarity"": ""Fixed"", ""fixed_rarity_ratio"": ""F2"", ""item_finish"": ""Foil"", ""number"": ""SL02-02"", ""type"": ""Asset: Unit"", ""cost"": ""2"", ""attack"": ""2"", ""water"": ""1"", ""health"": ""4"", ""rule_text"": ""Activate: If there is a Bot in your discard area, you may put it face down into an empty slot."", ""tags"": ""[\u0022Demon\u0022]"", ""item_dimensions"": ""{\u0022height\u0022: \u00223.5\u0022, \u0022width\u0022: \u00222.5\u0022, \u0022unit\u0022: \u0022inch\u0022}""}",8a2df42a-283f-49cb-9e1a-4ae10c5baeef,05a4fb59-e06b-4ef1-ba48-e6a90088f572,Thief: Resupply,Thief: Resupply,{},sand-land-tactical-card-battle_base-set_thief--resupply
d4762c1e-e38f-474e-a639-6c0fce19f0b6,item,1,1,"{""obverse"": ""sand-land-tactical-card-battle_base-set_thief-(asset--unit)"", ""reverse"": ""sand-land-tactical-card-battle_card-back""}","{""name_printed"": ""Thief"", ""functional_disambiguator"": ""Asset: Unit"", ""rarity"": ""Fixed"", ""fixed_rarity_ratio"": ""F2"", ""item_finish"": ""Foil"", ""number"": ""SL01-04"", ""type"": ""Asset: Unit"", ""cost"": ""1"", ""attack"": ""3"", ""water"": ""1"", ""health"": ""3"", ""rule_text"": ""Reveal: The opponent loses a Scrap."", ""tags"": ""[\u0022Demon\u0022]"", ""item_dimensions"": ""{\u0022height\u0022: \u00223.5\u0022, \u0022width\u0022: \u00222.5\u0022, \u0022unit\u0022: \u0022inch\u0022}""}",8a2df42a-283f-49cb-9e1a-4ae10c5baeef,05a4fb59-e06b-4ef1-ba48-e6a90088f572,Thief (Asset: Unit),Thief (Asset: Unit),{},sand-land-tactical-card-battle_base-set_thief-(asset--unit)
cca60f36-9c66-4b09-add0-7f07d2aa4059,item,1,1,"{""obverse"": ""sand-land-tactical-card-battle_base-set_thief-(leader)"", ""reverse"": ""sand-land-tactical-card-battle_card-back""}","{""name_printed"": ""Thief"", ""functional_disambiguator"": ""Leader"", ""rarity"": ""Fixed"", ""fixed_rarity_ratio"": ""F1"", ""item_finish"": ""Foil"", ""number"": ""SL02-01"", ""type"": ""Leader"", ""water"": ""2"", ""rule_text"": ""Exhaust: Deal 1 damage to an enemy asset. If that defeats it, pull 1 water."", ""item_dimensions"": ""{\u0022height\u0022: \u00223.5\u0022, \u0022width\u0022: \u00222.5\u0022, \u0022unit\u0022: \u0022inch\u0022}""}",8a2df42a-283f-49cb-9e1a-4ae10c5baeef,05a4fb59-e06b-4ef1-ba48-e6a90088f572,Thief (Leader),Thief (Leader),{},sand-land-tactical-card-battle_base-set_thief-(leader)
165d6f9f-0788-4dbd-9b06-6f7729ce9a17,item,1,1,"{""obverse"": ""sand-land-tactical-card-battle_base-set_thief's-hairspray"", ""reverse"": ""sand-land-tactical-card-battle_card-back""}","{""name_printed"": ""Thief's Hairspray"", ""rarity"": ""Fixed"", ""fixed_rarity_ratio"": ""F2"", ""item_finish"": ""Normal"", ""number"": ""SL04-13"", ""type"": ""Tactic"", ""cost"": ""0"", ""rule_text"": ""Discard: Exhaust up to 2 face up assets. Pull 1 water."", ""item_dimensions"": ""{\u0022height\u0022: \u00223.5\u0022, \u0022width\u0022: \u00222.5\u0022, \u0022unit\u0022: \u0022inch\u0022}""}",8a2df42a-283f-49cb-9e1a-4ae10c5baeef,05a4fb59-e06b-4ef1-ba48-e6a90088f572,Thief's Hairspray,Thief's Hairspray,{},sand-land-tactical-card-battle_base-set_thief's-hairspray
f84cf75b-0268-478b-b4a9-592c262e0d4e,item,1,1,"{""obverse"": ""sand-land-tactical-card-battle_base-set_tonfa"", ""reverse"": ""sand-land-tactical-card-battle_card-back""}","{""name_printed"": ""Tonfa"", ""rarity"": ""Fixed"", ""fixed_rarity_ratio"": ""F2"", ""item_finish"": ""Normal"", ""number"": ""SL03-14"", ""type"": ""Tactic"", ""cost"": ""0"", ""rule_text"": ""Attach: Chosen unit has +1 Attack and Counterattack (When this unit is attacked, if it is not defeated, it attacks back to the attacking unit. The attacking unit must be a legal target.)"", ""item_dimensions"": ""{\u0022height\u0022: \u00223.5\u0022, \u0022width\u0022: \u00222.5\u0022, \u0022unit\u0022: \u0022inch\u0022}""}",8a2df42a-283f-49cb-9e1a-4ae10c5baeef,05a4fb59-e06b-4ef1-ba48-e6a90088f572,Tonfa,Tonfa,{},sand-land-tactical-card-battle_base-set_tonfa
7d1f92ca-6543-412f-8b70-7288fa34ef35,item,1,1,"{""obverse"": ""sand-land-tactical-card-battle_base-set_tragic-past"", ""reverse"": ""sand-land-tactical-card-battle_card-back""}","{""name_printed"": ""Tragic Past"", ""rarity"": ""Fixed"", ""fixed_rarity_ratio"": ""F2"", ""item_finish"": ""Normal"", ""number"": ""SL05-14"", ""type"": ""Tactic"", ""cost"": ""0"", ""rule_text"": ""Attach: Chosen unit has \u0022When a neighbor is defeated, exhaust an enemy\u0022."", ""item_dimensions"": ""{\u0022height\u0022: \u00223.5\u0022, \u0022width\u0022: \u00222.5\u0022, \u0022unit\u0022: \u0022inch\u0022}""}",8a2df42a-283f-49cb-9e1a-4ae10c5baeef,05a4fb59-e06b-4ef1-ba48-e6a90088f572,Tragic Past,Tragic Past,{},sand-land-tactical-card-battle_base-set_tragic-past
8f51bb54-90e3-403f-b536-13816306f270,item,1,1,"{""obverse"": ""sand-land-tactical-card-battle_base-set_trickster-rao"", ""reverse"": ""sand-land-tactical-card-battle_card-back""}","{""name_printed"": ""Trickster Rao"", ""rarity"": ""Fixed"", ""fixed_rarity_ratio"": ""F2"", ""item_finish"": ""Foil"", ""number"": ""SL04-02"", ""type"": ""Asset: Unit"", ""cost"": ""1"", ""attack"": ""1"", ""water"": ""1"", ""health"": ""3"", ""rule_text"": ""Stealth (A unit with Stealth cannot be targeted by an attack unless there are no legal targets without Stealth.) Activate: Exhast a face up enemy unit."", ""tags"": ""[\u0022Human\u0022]"", ""item_dimensions"": ""{\u0022height\u0022: \u00223.5\u0022, \u0022width\u0022: \u00222.5\u0022, \u0022unit\u0022: \u0022inch\u0022}""}",8a2df42a-283f-49cb-9e1a-4ae10c5baeef,05a4fb59-e06b-4ef1-ba48-e6a90088f572,Trickster Rao,Trickster Rao,{},sand-land-tactical-card-battle_base-set_trickster-rao
c657fc9b-aa17-4deb-a949-f236fdee3f5c,item,1,1,"{""obverse"": ""sand-land-tactical-card-battle_base-set_urn-of-sealing"", ""reverse"": ""sand-land-tactical-card-battle_card-back""}","{""name_printed"": ""Urn of Sealing"", ""rarity"": ""Fixed"", ""fixed_rarity_ratio"": ""F2"", ""item_finish"": ""Foil"", ""number"": ""SL10-05"", ""type"": ""Asset: Unit"", ""cost"": ""1"", ""attack"": ""0"", ""water"": ""1"", ""health"": ""6"", ""rule_text"": ""Cannot Move. Cannot attack. Reveal: Choose a unit and place it under Urn of Sealing. It  counts as out of the game. Defeated: Return a unit under Urn of Sealing to its owner, who may place it face up into an empty slot."", ""tags"": ""[\u0022Angel\u0022]"", ""item_dimensions"": ""{\u0022height\u0022: \u00223.5\u0022, \u0022width\u0022: \u00222.5\u0022, \u0022unit\u0022: \u0022inch\u0022}""}",8a2df42a-283f-49cb-9e1a-4ae10c5baeef,05a4fb59-e06b-4ef1-ba48-e6a90088f572,Urn of Sealing,Urn of Sealing,{},sand-land-tactical-card-battle_base-set_urn-of-sealing
4d390cdd-00d3-46d1-bfa2-3ae31a997c1e,item,1,1,"{""obverse"": ""sand-land-tactical-card-battle_base-set_vanguard-beelzebub"", ""reverse"": ""sand-land-tactical-card-battle_card-back""}","{""name_printed"": ""Vanguard Beelzebub"", ""rarity"": ""Fixed"", ""fixed_rarity_ratio"": ""F2"", ""item_finish"": ""Foil"", ""number"": ""SL03-03"", ""type"": ""Asset: Unit"", ""cost"": ""1"", ""attack"": ""2"", ""water"": ""1"", ""health"": ""5"", ""rule_text"": ""Taunt (If a unit with Taunt is a legal target for an attack, it must be chosen as the target.) Defeated: You may ready an exhausted card."", ""tags"": ""[\u0022Demon\u0022, \u0022Fiend\u0022]"", ""item_dimensions"": ""{\u0022height\u0022: \u00223.5\u0022, \u0022width\u0022: \u00222.5\u0022, \u0022unit\u0022: \u0022inch\u0022}""}",8a2df42a-283f-49cb-9e1a-4ae10c5baeef,05a4fb59-e06b-4ef1-ba48-e6a90088f572,Vanguard Beelzebub,Vanguard Beelzebub,{},sand-land-tactical-card-battle_base-set_vanguard-beelzebub
0a48ad15-e3ad-49e2-90b2-307b2bbfef8f,item,1,1,"{""obverse"": ""sand-land-tactical-card-battle_base-set_water-[sl01-12]"", ""reverse"": ""sand-land-tactical-card-battle_card-back""}","{""name_printed"": ""Water"", ""variant_disambiguator"": ""SL01-12"", ""rarity"": ""Fixed"", ""fixed_rarity_ratio"": ""F2"", ""item_finish"": ""Normal"", ""number"": ""SL01-12"", ""type"": ""Asset: Location"", ""cost"": ""0"", ""attack"": ""0"", ""water"": ""1"", ""health"": ""3"", ""rule_text"": ""Ongoing: Neighbors have +1 water."", ""item_dimensions"": ""{\u0022height\u0022: \u00223.5\u0022, \u0022width\u0022: \u00222.5\u0022, \u0022unit\u0022: \u0022inch\u0022}""}",8a2df42a-283f-49cb-9e1a-4ae10c5baeef,05a4fb59-e06b-4ef1-ba48-e6a90088f572,Water,Water [SL01-12],{},sand-land-tactical-card-battle_base-set_water-[sl01-12]
dd158c02-4904-46b4-bb27-ed18f2b31677,item,1,1,"{""obverse"": ""sand-land-tactical-card-battle_base-set_water-[sl09-12]"", ""reverse"": ""sand-land-tactical-card-battle_card-back""}","{""name_printed"": ""Water"", ""variant_disambiguator"": ""SL09-12"", ""rarity"": ""Fixed"", ""fixed_rarity_ratio"": ""F2"", ""item_finish"": ""Normal"", ""number"": ""SL09-12"", ""type"": ""Asset: Location"", ""cost"": ""0"", ""attack"": ""0"", ""water"": ""1"", ""health"": ""3"", ""rule_text"": ""Ongoing: Neighbors have +1 water."", ""item_dimensions"": ""{\u0022height\u0022: \u00223.5\u0022, \u0022width\u0022: \u00222.5\u0022, \u0022unit\u0022: \u0022inch\u0022}""}",8a2df42a-283f-49cb-9e1a-4ae10c5baeef,05a4fb59-e06b-4ef1-ba48-e6a90088f572,Water,Water [SL09-12],{},sand-land-tactical-card-battle_base-set_water-[sl09-12]
32f0bc71-3c11-468f-8982-eb205ebc3c6c,item,1,1,"{""obverse"": ""sand-land-tactical-card-battle_base-set_young-ann"", ""reverse"": ""sand-land-tactical-card-battle_card-back""}","{""name_printed"": ""Young Ann"", ""rarity"": ""Fixed"", ""fixed_rarity_ratio"": ""F2"", ""item_finish"": ""Normal"", ""number"": ""SL08-06"", ""type"": ""Asset: Unit"", ""cost"": ""0"", ""attack"": ""1"", ""water"": ""1"", ""health"": ""5"", ""rule_text"": ""Stealth (A unit with Stealth cannot be targeted by an attack unless there are no legal targets without Stealth.) Activate: Heal a unit 1."", ""tags"": ""[\u0022Human\u0022, \u0022Demon\u0022]"", ""item_dimensions"": ""{\u0022height\u0022: \u00223.5\u0022, \u0022width\u0022: \u00222.5\u0022, \u0022unit\u0022: \u0022inch\u0022}""}",8a2df42a-283f-49cb-9e1a-4ae10c5baeef,05a4fb59-e06b-4ef1-ba48-e6a90088f572,Young Ann,Young Ann,{},sand-land-tactical-card-battle_base-set_young-ann