id,source,imaged,documented,images,attributes,game_id,set_id,functional_name,item_name,source_notes,game_set_item_slug
fec0889b-e13a-4dca-899c-063368788fab,first-party-document,0,0,"{""obverse"": ""nostalgix_base-set-1st-edition_applith"", ""reverse"": ""nostalgix_card-back""}","{""name_printed"": ""Applith"", ""number"": ""1"", ""item_dimensions"": ""{\u0022height\u0022: \u002288\u0022, \u0022width\u0022: \u002263\u0022, \u0022unit\u0022: \u0022millimeter\u0022}""}",08a3f1c9-b324-4679-9055-0eccbf1c4dde,b2fa7b16-725d-44b1-8430-6135b7c922c6,Applith,Applith,{},nostalgix_base-set-1st-edition_applith
95ebf0da-2642-4270-8aa2-bff20c29dd36,first-party-document,0,0,"{""obverse"": ""nostalgix_base-set-1st-edition_crowk"", ""reverse"": ""nostalgix_card-back""}","{""name_printed"": ""Crowk"", ""number"": ""2"", ""item_dimensions"": ""{\u0022height\u0022: \u002288\u0022, \u0022width\u0022: \u002263\u0022, \u0022unit\u0022: \u0022millimeter\u0022}""}",08a3f1c9-b324-4679-9055-0eccbf1c4dde,b2fa7b16-725d-44b1-8430-6135b7c922c6,Crowk,Crowk,{},nostalgix_base-set-1st-edition_crowk
54ec9ef1-5ac9-4454-afed-e1c8ce41d1cd,first-party-document,0,0,"{""obverse"": ""nostalgix_base-set-1st-edition_gelephant-[3]"", ""reverse"": ""nostalgix_card-back""}","{""name_printed"": ""Gelephant"", ""variant_disambiguator"": ""3"", ""number"": ""3"", ""item_dimensions"": ""{\u0022height\u0022: \u002288\u0022, \u0022width\u0022: \u002263\u0022, \u0022unit\u0022: \u0022millimeter\u0022}""}",08a3f1c9-b324-4679-9055-0eccbf1c4dde,b2fa7b16-725d-44b1-8430-6135b7c922c6,Gelephant,Gelephant [3],{},nostalgix_base-set-1st-edition_gelephant-[3]
c83287b2-7fa2-4b33-bc8f-1deadb81a177,first-party-document,0,0,"{""obverse"": ""nostalgix_base-set-1st-edition_grotbloom"", ""reverse"": ""nostalgix_card-back""}","{""name_printed"": ""Grotbloom"", ""number"": ""4"", ""item_dimensions"": ""{\u0022height\u0022: \u002288\u0022, \u0022width\u0022: \u002263\u0022, \u0022unit\u0022: \u0022millimeter\u0022}""}",08a3f1c9-b324-4679-9055-0eccbf1c4dde,b2fa7b16-725d-44b1-8430-6135b7c922c6,Grotbloom,Grotbloom,{},nostalgix_base-set-1st-edition_grotbloom
5c9385be-b45e-47de-a1fd-682e8764a2a0,first-party-document,0,0,"{""obverse"": ""nostalgix_base-set-1st-edition_panguarrd"", ""reverse"": ""nostalgix_card-back""}","{""name_printed"": ""Panguarrd"", ""number"": ""5"", ""item_dimensions"": ""{\u0022height\u0022: \u002288\u0022, \u0022width\u0022: \u002263\u0022, \u0022unit\u0022: \u0022millimeter\u0022}""}",08a3f1c9-b324-4679-9055-0eccbf1c4dde,b2fa7b16-725d-44b1-8430-6135b7c922c6,Panguarrd,Panguarrd,{},nostalgix_base-set-1st-edition_panguarrd
e2cb4223-6b29-466c-aa87-3cc435b04cd6,first-party-document,0,0,"{""obverse"": ""nostalgix_base-set-1st-edition_semperkin"", ""reverse"": ""nostalgix_card-back""}","{""name_printed"": ""Semperkin"", ""number"": ""6"", ""item_dimensions"": ""{\u0022height\u0022: \u002288\u0022, \u0022width\u0022: \u002263\u0022, \u0022unit\u0022: \u0022millimeter\u0022}""}",08a3f1c9-b324-4679-9055-0eccbf1c4dde,b2fa7b16-725d-44b1-8430-6135b7c922c6,Semperkin,Semperkin,{},nostalgix_base-set-1st-edition_semperkin
d365ddbe-7968-4b1f-a81e-cfd7ee21c61c,first-party-document,0,0,"{""obverse"": ""nostalgix_base-set-1st-edition_booster-box-dragon"", ""reverse"": ""nostalgix_card-back""}","{""name_printed"": ""Booster Box Dragon"", ""number"": ""7"", ""item_dimensions"": ""{\u0022height\u0022: \u002288\u0022, \u0022width\u0022: \u002263\u0022, \u0022unit\u0022: \u0022millimeter\u0022}""}",08a3f1c9-b324-4679-9055-0eccbf1c4dde,b2fa7b16-725d-44b1-8430-6135b7c922c6,Booster Box Dragon,Booster Box Dragon,{},nostalgix_base-set-1st-edition_booster-box-dragon
d3b6d148-4609-406d-b24a-c228e2c63461,first-party-document,0,0,"{""obverse"": ""nostalgix_base-set-1st-edition_pyragni"", ""reverse"": ""nostalgix_card-back""}","{""name_printed"": ""Pyragni"", ""number"": ""8"", ""item_dimensions"": ""{\u0022height\u0022: \u002288\u0022, \u0022width\u0022: \u002263\u0022, \u0022unit\u0022: \u0022millimeter\u0022}""}",08a3f1c9-b324-4679-9055-0eccbf1c4dde,b2fa7b16-725d-44b1-8430-6135b7c922c6,Pyragni,Pyragni,{},nostalgix_base-set-1st-edition_pyragni
5ed1dcb9-7b8b-49f7-a763-fac81806e4b9,first-party-document,0,0,"{""obverse"": ""nostalgix_base-set-1st-edition_avengaline"", ""reverse"": ""nostalgix_card-back""}","{""name_printed"": ""Avengaline"", ""number"": ""9"", ""item_dimensions"": ""{\u0022height\u0022: \u002288\u0022, \u0022width\u0022: \u002263\u0022, \u0022unit\u0022: \u0022millimeter\u0022}""}",08a3f1c9-b324-4679-9055-0eccbf1c4dde,b2fa7b16-725d-44b1-8430-6135b7c922c6,Avengaline,Avengaline,{},nostalgix_base-set-1st-edition_avengaline
a131c986-4061-4d53-99c9-bb0254adfd0d,first-party-document,0,0,"{""obverse"": ""nostalgix_base-set-1st-edition_cerbercat"", ""reverse"": ""nostalgix_card-back""}","{""name_printed"": ""Cerbercat"", ""number"": ""10"", ""item_dimensions"": ""{\u0022height\u0022: \u002288\u0022, \u0022width\u0022: \u002263\u0022, \u0022unit\u0022: \u0022millimeter\u0022}""}",08a3f1c9-b324-4679-9055-0eccbf1c4dde,b2fa7b16-725d-44b1-8430-6135b7c922c6,Cerbercat,Cerbercat,{},nostalgix_base-set-1st-edition_cerbercat
72a0f3bb-2fbd-4c6e-b1e2-94ad681e3a0e,first-party-document,0,0,"{""obverse"": ""nostalgix_base-set-1st-edition_falkyrien-[11]"", ""reverse"": ""nostalgix_card-back""}","{""name_printed"": ""Falkyrien"", ""variant_disambiguator"": ""11"", ""number"": ""11"", ""item_dimensions"": ""{\u0022height\u0022: \u002288\u0022, \u0022width\u0022: \u002263\u0022, \u0022unit\u0022: \u0022millimeter\u0022}""}",08a3f1c9-b324-4679-9055-0eccbf1c4dde,b2fa7b16-725d-44b1-8430-6135b7c922c6,Falkyrien,Falkyrien [11],{},nostalgix_base-set-1st-edition_falkyrien-[11]
d4b87840-cb97-4e40-8cc0-a597d62f674a,first-party-document,0,0,"{""obverse"": ""nostalgix_base-set-1st-edition_gruffgriff"", ""reverse"": ""nostalgix_card-back""}","{""name_printed"": ""Gruffgriff"", ""number"": ""12"", ""item_dimensions"": ""{\u0022height\u0022: \u002288\u0022, \u0022width\u0022: \u002263\u0022, \u0022unit\u0022: \u0022millimeter\u0022}""}",08a3f1c9-b324-4679-9055-0eccbf1c4dde,b2fa7b16-725d-44b1-8430-6135b7c922c6,Gruffgriff,Gruffgriff,{},nostalgix_base-set-1st-edition_gruffgriff
cca05547-e5d1-4415-be3d-9799f3baa3c4,first-party-document,0,0,"{""obverse"": ""nostalgix_base-set-1st-edition_takoon"", ""reverse"": ""nostalgix_card-back""}","{""name_printed"": ""Takoon"", ""number"": ""13"", ""item_dimensions"": ""{\u0022height\u0022: \u002288\u0022, \u0022width\u0022: \u002263\u0022, \u0022unit\u0022: \u0022millimeter\u0022}""}",08a3f1c9-b324-4679-9055-0eccbf1c4dde,b2fa7b16-725d-44b1-8430-6135b7c922c6,Takoon,Takoon,{},nostalgix_base-set-1st-edition_takoon
0b3b3757-453c-47ba-a8e1-8cb79e070a6b,first-party-document,0,0,"{""obverse"": ""nostalgix_base-set-1st-edition_2n-up"", ""reverse"": ""nostalgix_card-back""}","{""name_printed"": ""2N.UP"", ""number"": ""14"", ""item_dimensions"": ""{\u0022height\u0022: \u002288\u0022, \u0022width\u0022: \u002263\u0022, \u0022unit\u0022: \u0022millimeter\u0022}""}",08a3f1c9-b324-4679-9055-0eccbf1c4dde,b2fa7b16-725d-44b1-8430-6135b7c922c6,2N.UP,2N.UP,{},nostalgix_base-set-1st-edition_2n-up
253b727c-ed95-4b5e-ba24-3dd285e08ea5,first-party-document,0,0,"{""obverse"": ""nostalgix_base-set-1st-edition_destructa"", ""reverse"": ""nostalgix_card-back""}","{""name_printed"": ""Destructa"", ""number"": ""15"", ""item_dimensions"": ""{\u0022height\u0022: \u002288\u0022, \u0022width\u0022: \u002263\u0022, \u0022unit\u0022: \u0022millimeter\u0022}""}",08a3f1c9-b324-4679-9055-0eccbf1c4dde,b2fa7b16-725d-44b1-8430-6135b7c922c6,Destructa,Destructa,{},nostalgix_base-set-1st-edition_destructa
4b0e573d-c130-4c16-901f-eaefafadea0f,first-party-document,0,0,"{""obverse"": ""nostalgix_base-set-1st-edition_gametron-[16]"", ""reverse"": ""nostalgix_card-back""}","{""name_printed"": ""Gametron"", ""variant_disambiguator"": ""16"", ""number"": ""16"", ""item_dimensions"": ""{\u0022height\u0022: \u002288\u0022, \u0022width\u0022: \u002263\u0022, \u0022unit\u0022: \u0022millimeter\u0022}""}",08a3f1c9-b324-4679-9055-0eccbf1c4dde,b2fa7b16-725d-44b1-8430-6135b7c922c6,Gametron,Gametron [16],{},nostalgix_base-set-1st-edition_gametron-[16]
bb22c737-afcb-46c0-9c5e-5ad9574a1922,first-party-document,0,0,"{""obverse"": ""nostalgix_base-set-1st-edition_xenobot"", ""reverse"": ""nostalgix_card-back""}","{""name_printed"": ""Xenobot"", ""number"": ""17"", ""item_dimensions"": ""{\u0022height\u0022: \u002288\u0022, \u0022width\u0022: \u002263\u0022, \u0022unit\u0022: \u0022millimeter\u0022}""}",08a3f1c9-b324-4679-9055-0eccbf1c4dde,b2fa7b16-725d-44b1-8430-6135b7c922c6,Xenobot,Xenobot,{},nostalgix_base-set-1st-edition_xenobot
81696f41-792a-4b4a-86a1-3e7a3083d79d,first-party-document,0,0,"{""obverse"": ""nostalgix_base-set-1st-edition_cielkasta"", ""reverse"": ""nostalgix_card-back""}","{""name_printed"": ""Cielkasta"", ""number"": ""18"", ""item_dimensions"": ""{\u0022height\u0022: \u002288\u0022, \u0022width\u0022: \u002263\u0022, \u0022unit\u0022: \u0022millimeter\u0022}""}",08a3f1c9-b324-4679-9055-0eccbf1c4dde,b2fa7b16-725d-44b1-8430-6135b7c922c6,Cielkasta,Cielkasta,{},nostalgix_base-set-1st-edition_cielkasta
5f6c262a-90c8-4c49-9964-cbef1a39a58e,first-party-document,0,0,"{""obverse"": ""nostalgix_base-set-1st-edition_lilaeth"", ""reverse"": ""nostalgix_card-back""}","{""name_printed"": ""Lilaeth"", ""number"": ""19"", ""item_dimensions"": ""{\u0022height\u0022: \u002288\u0022, \u0022width\u0022: \u002263\u0022, \u0022unit\u0022: \u0022millimeter\u0022}""}",08a3f1c9-b324-4679-9055-0eccbf1c4dde,b2fa7b16-725d-44b1-8430-6135b7c922c6,Lilaeth,Lilaeth,{},nostalgix_base-set-1st-edition_lilaeth
411f6794-109e-4b4e-8b27-6cb9afdeb0c8,first-party-document,0,0,"{""obverse"": ""nostalgix_base-set-1st-edition_marajor"", ""reverse"": ""nostalgix_card-back""}","{""name_printed"": ""Marajor"", ""number"": ""20"", ""item_dimensions"": ""{\u0022height\u0022: \u002288\u0022, \u0022width\u0022: \u002263\u0022, \u0022unit\u0022: \u0022millimeter\u0022}""}",08a3f1c9-b324-4679-9055-0eccbf1c4dde,b2fa7b16-725d-44b1-8430-6135b7c922c6,Marajor,Marajor,{},nostalgix_base-set-1st-edition_marajor
7bbb42a6-3342-435f-89cf-93b7ab53b3b8,first-party-document,0,0,"{""obverse"": ""nostalgix_base-set-1st-edition_venomusa-[21]"", ""reverse"": ""nostalgix_card-back""}","{""name_printed"": ""Venomusa"", ""variant_disambiguator"": ""21"", ""number"": ""21"", ""item_dimensions"": ""{\u0022height\u0022: \u002288\u0022, \u0022width\u0022: \u002263\u0022, \u0022unit\u0022: \u0022millimeter\u0022}""}",08a3f1c9-b324-4679-9055-0eccbf1c4dde,b2fa7b16-725d-44b1-8430-6135b7c922c6,Venomusa,Venomusa [21],{},nostalgix_base-set-1st-edition_venomusa-[21]
4cae37ec-2dcb-4c31-a822-78a1ff02a41a,first-party-document,0,0,"{""obverse"": ""nostalgix_base-set-1st-edition_chronokryos"", ""reverse"": ""nostalgix_card-back""}","{""name_printed"": ""Chronokryos"", ""number"": ""22"", ""item_dimensions"": ""{\u0022height\u0022: \u002288\u0022, \u0022width\u0022: \u002263\u0022, \u0022unit\u0022: \u0022millimeter\u0022}""}",08a3f1c9-b324-4679-9055-0eccbf1c4dde,b2fa7b16-725d-44b1-8430-6135b7c922c6,Chronokryos,Chronokryos,{},nostalgix_base-set-1st-edition_chronokryos
3f1ed665-32fc-4043-a997-218322fdd4c8,first-party-document,0,0,"{""obverse"": ""nostalgix_base-set-1st-edition_roserine-[23]"", ""reverse"": ""nostalgix_card-back""}","{""name_printed"": ""Roserine"", ""variant_disambiguator"": ""23"", ""number"": ""23"", ""item_dimensions"": ""{\u0022height\u0022: \u002288\u0022, \u0022width\u0022: \u002263\u0022, \u0022unit\u0022: \u0022millimeter\u0022}""}",08a3f1c9-b324-4679-9055-0eccbf1c4dde,b2fa7b16-725d-44b1-8430-6135b7c922c6,Roserine,Roserine [23],{},nostalgix_base-set-1st-edition_roserine-[23]
f4c5c2d4-53d2-4a52-90b8-4dc54a438229,first-party-document,0,0,"{""obverse"": ""nostalgix_base-set-1st-edition_king-stingarr"", ""reverse"": ""nostalgix_card-back""}","{""name_printed"": ""King Stingarr"", ""number"": ""24"", ""item_dimensions"": ""{\u0022height\u0022: \u002288\u0022, \u0022width\u0022: \u002263\u0022, \u0022unit\u0022: \u0022millimeter\u0022}""}",08a3f1c9-b324-4679-9055-0eccbf1c4dde,b2fa7b16-725d-44b1-8430-6135b7c922c6,King Stingarr,King Stingarr,{},nostalgix_base-set-1st-edition_king-stingarr
61f09ddf-ad29-48c1-8d04-25218a3b4116,first-party-document,0,0,"{""obverse"": ""nostalgix_base-set-1st-edition_morang"", ""reverse"": ""nostalgix_card-back""}","{""name_printed"": ""Morang"", ""number"": ""25"", ""item_dimensions"": ""{\u0022height\u0022: \u002288\u0022, \u0022width\u0022: \u002263\u0022, \u0022unit\u0022: \u0022millimeter\u0022}""}",08a3f1c9-b324-4679-9055-0eccbf1c4dde,b2fa7b16-725d-44b1-8430-6135b7c922c6,Morang,Morang,{},nostalgix_base-set-1st-edition_morang
677f3121-5d36-423a-a95b-dab5445fa8e5,first-party-document,0,0,"{""obverse"": ""nostalgix_base-set-1st-edition_nessea"", ""reverse"": ""nostalgix_card-back""}","{""name_printed"": ""Nessea"", ""number"": ""26"", ""item_dimensions"": ""{\u0022height\u0022: \u002288\u0022, \u0022width\u0022: \u002263\u0022, \u0022unit\u0022: \u0022millimeter\u0022}""}",08a3f1c9-b324-4679-9055-0eccbf1c4dde,b2fa7b16-725d-44b1-8430-6135b7c922c6,Nessea,Nessea,{},nostalgix_base-set-1st-edition_nessea
cd56c17a-86fb-4205-aa79-9a0f8d0eee24,item,1,0,"{""obverse"": ""nostalgix_base-set-1st-edition_cataver"", ""reverse"": ""nostalgix_card-back""}","{""name_printed"": ""Cataver"", ""number"": ""27"", ""item_dimensions"": ""{\u0022height\u0022: \u002288\u0022, \u0022width\u0022: \u002263\u0022, \u0022unit\u0022: \u0022millimeter\u0022}""}",08a3f1c9-b324-4679-9055-0eccbf1c4dde,b2fa7b16-725d-44b1-8430-6135b7c922c6,Cataver,Cataver,{},nostalgix_base-set-1st-edition_cataver
d92b6fca-8a74-4c52-bf73-d0362643c715,item,1,0,"{""obverse"": ""nostalgix_base-set-1st-edition_cordyslug"", ""reverse"": ""nostalgix_card-back""}","{""name_printed"": ""Cordyslug"", ""number"": ""28"", ""item_dimensions"": ""{\u0022height\u0022: \u002288\u0022, \u0022width\u0022: \u002263\u0022, \u0022unit\u0022: \u0022millimeter\u0022}""}",08a3f1c9-b324-4679-9055-0eccbf1c4dde,b2fa7b16-725d-44b1-8430-6135b7c922c6,Cordyslug,Cordyslug,{},nostalgix_base-set-1st-edition_cordyslug
dc22f73f-4aae-4db5-8e5d-3b2d3e3a205e,item,1,0,"{""obverse"": ""nostalgix_base-set-1st-edition_pestlance"", ""reverse"": ""nostalgix_card-back""}","{""name_printed"": ""Pestlance"", ""number"": ""29"", ""item_dimensions"": ""{\u0022height\u0022: \u002288\u0022, \u0022width\u0022: \u002263\u0022, \u0022unit\u0022: \u0022millimeter\u0022}""}",08a3f1c9-b324-4679-9055-0eccbf1c4dde,b2fa7b16-725d-44b1-8430-6135b7c922c6,Pestlance,Pestlance,{},nostalgix_base-set-1st-edition_pestlance
71e304b5-0dca-4f2e-ba04-70f966a48193,item,1,0,"{""obverse"": ""nostalgix_base-set-1st-edition_scarepin"", ""reverse"": ""nostalgix_card-back""}","{""name_printed"": ""Scarepin"", ""number"": ""30"", ""item_dimensions"": ""{\u0022height\u0022: \u002288\u0022, \u0022width\u0022: \u002263\u0022, \u0022unit\u0022: \u0022millimeter\u0022}""}",08a3f1c9-b324-4679-9055-0eccbf1c4dde,b2fa7b16-725d-44b1-8430-6135b7c922c6,Scarepin,Scarepin,{},nostalgix_base-set-1st-edition_scarepin
fcdba72c-d4c7-4d5a-858b-98631b1d1f14,item,1,0,"{""obverse"": ""nostalgix_base-set-1st-edition_succore"", ""reverse"": ""nostalgix_card-back""}","{""name_printed"": ""Succore"", ""number"": ""31"", ""item_dimensions"": ""{\u0022height\u0022: \u002288\u0022, \u0022width\u0022: \u002263\u0022, \u0022unit\u0022: \u0022millimeter\u0022}""}",08a3f1c9-b324-4679-9055-0eccbf1c4dde,b2fa7b16-725d-44b1-8430-6135b7c922c6,Succore,Succore,{},nostalgix_base-set-1st-edition_succore
dad02144-3226-4447-b632-b1c6924c02dd,item,1,0,"{""obverse"": ""nostalgix_base-set-1st-edition_pecti"", ""reverse"": ""nostalgix_card-back""}","{""name_printed"": ""Pecti"", ""number"": ""32"", ""item_dimensions"": ""{\u0022height\u0022: \u002288\u0022, \u0022width\u0022: \u002263\u0022, \u0022unit\u0022: \u0022millimeter\u0022}""}",08a3f1c9-b324-4679-9055-0eccbf1c4dde,b2fa7b16-725d-44b1-8430-6135b7c922c6,Pecti,Pecti,{},nostalgix_base-set-1st-edition_pecti
aca93f97-bc96-44d9-b963-e13fd414c846,item,1,0,"{""obverse"": ""nostalgix_base-set-1st-edition_stack-o-fox-[33]"", ""reverse"": ""nostalgix_card-back""}","{""name_printed"": ""Stack-O-Fox"", ""variant_disambiguator"": ""33"", ""number"": ""33"", ""item_dimensions"": ""{\u0022height\u0022: \u002288\u0022, \u0022width\u0022: \u002263\u0022, \u0022unit\u0022: \u0022millimeter\u0022}""}",08a3f1c9-b324-4679-9055-0eccbf1c4dde,b2fa7b16-725d-44b1-8430-6135b7c922c6,Stack-O-Fox,Stack-O-Fox [33],{},nostalgix_base-set-1st-edition_stack-o-fox-[33]
c5af8c22-be62-4df3-919f-1e4ab1a544d1,item,1,0,"{""obverse"": ""nostalgix_base-set-1st-edition_vigilanda"", ""reverse"": ""nostalgix_card-back""}","{""name_printed"": ""Vigilanda"", ""number"": ""34"", ""item_dimensions"": ""{\u0022height\u0022: \u002288\u0022, \u0022width\u0022: \u002263\u0022, \u0022unit\u0022: \u0022millimeter\u0022}""}",08a3f1c9-b324-4679-9055-0eccbf1c4dde,b2fa7b16-725d-44b1-8430-6135b7c922c6,Vigilanda,Vigilanda,{},nostalgix_base-set-1st-edition_vigilanda
d175f50a-07e4-4604-a00b-7a4a67825287,item,1,0,"{""obverse"": ""nostalgix_base-set-1st-edition_jumbo-card-dragon"", ""reverse"": ""nostalgix_card-back""}","{""name_printed"": ""Jumbo Card Dragon"", ""number"": ""35"", ""item_dimensions"": ""{\u0022height\u0022: \u002288\u0022, \u0022width\u0022: \u002263\u0022, \u0022unit\u0022: \u0022millimeter\u0022}""}",08a3f1c9-b324-4679-9055-0eccbf1c4dde,b2fa7b16-725d-44b1-8430-6135b7c922c6,Jumbo Card Dragon,Jumbo Card Dragon,{},nostalgix_base-set-1st-edition_jumbo-card-dragon
43d17845-619b-43ee-9569-8d15b30e796c,item,1,0,"{""obverse"": ""nostalgix_base-set-1st-edition_lavamander"", ""reverse"": ""nostalgix_card-back""}","{""name_printed"": ""Lavamander"", ""number"": ""36"", ""item_dimensions"": ""{\u0022height\u0022: \u002288\u0022, \u0022width\u0022: \u002263\u0022, \u0022unit\u0022: \u0022millimeter\u0022}""}",08a3f1c9-b324-4679-9055-0eccbf1c4dde,b2fa7b16-725d-44b1-8430-6135b7c922c6,Lavamander,Lavamander,{},nostalgix_base-set-1st-edition_lavamander
9173ef68-0adf-4aad-8c92-664e279dcb62,item,1,0,"{""obverse"": ""nostalgix_base-set-1st-edition_pyroak"", ""reverse"": ""nostalgix_card-back""}","{""name_printed"": ""Pyroak"", ""number"": ""37"", ""item_dimensions"": ""{\u0022height\u0022: \u002288\u0022, \u0022width\u0022: \u002263\u0022, \u0022unit\u0022: \u0022millimeter\u0022}""}",08a3f1c9-b324-4679-9055-0eccbf1c4dde,b2fa7b16-725d-44b1-8430-6135b7c922c6,Pyroak,Pyroak,{},nostalgix_base-set-1st-edition_pyroak
8e2ac68f-76f3-400f-b2ef-e6087a8bf7f5,item,1,0,"{""obverse"": ""nostalgix_base-set-1st-edition_pyrox"", ""reverse"": ""nostalgix_card-back""}","{""name_printed"": ""Pyrox"", ""number"": ""38"", ""item_dimensions"": ""{\u0022height\u0022: \u002288\u0022, \u0022width\u0022: \u002263\u0022, \u0022unit\u0022: \u0022millimeter\u0022}""}",08a3f1c9-b324-4679-9055-0eccbf1c4dde,b2fa7b16-725d-44b1-8430-6135b7c922c6,Pyrox,Pyrox,{},nostalgix_base-set-1st-edition_pyrox
629a0e44-190d-495f-87cb-4222c010e3b1,item,1,0,"{""obverse"": ""nostalgix_base-set-1st-edition_ephina"", ""reverse"": ""nostalgix_card-back""}","{""name_printed"": ""Ephina"", ""number"": ""39"", ""item_dimensions"": ""{\u0022height\u0022: \u002288\u0022, \u0022width\u0022: \u002263\u0022, \u0022unit\u0022: \u0022millimeter\u0022}""}",08a3f1c9-b324-4679-9055-0eccbf1c4dde,b2fa7b16-725d-44b1-8430-6135b7c922c6,Ephina,Ephina,{},nostalgix_base-set-1st-edition_ephina
8a5902d1-e5b7-4154-8fd0-e5af53e1bcf2,item,1,0,"{""obverse"": ""nostalgix_base-set-1st-edition_falhalla"", ""reverse"": ""nostalgix_card-back""}","{""name_printed"": ""Falhalla"", ""number"": ""40"", ""item_dimensions"": ""{\u0022height\u0022: \u002288\u0022, \u0022width\u0022: \u002263\u0022, \u0022unit\u0022: \u0022millimeter\u0022}""}",08a3f1c9-b324-4679-9055-0eccbf1c4dde,b2fa7b16-725d-44b1-8430-6135b7c922c6,Falhalla,Falhalla,{},nostalgix_base-set-1st-edition_falhalla
57fec978-699f-4f66-b6d5-8d24b0fc61f9,first-party-document,0,0,"{""obverse"": ""nostalgix_base-set-1st-edition_lumoth"", ""reverse"": ""nostalgix_card-back""}","{""name_printed"": ""Lumoth"", ""number"": ""41"", ""item_dimensions"": ""{\u0022height\u0022: \u002288\u0022, \u0022width\u0022: \u002263\u0022, \u0022unit\u0022: \u0022millimeter\u0022}""}",08a3f1c9-b324-4679-9055-0eccbf1c4dde,b2fa7b16-725d-44b1-8430-6135b7c922c6,Lumoth,Lumoth,{},nostalgix_base-set-1st-edition_lumoth
4f9d139c-1230-48f4-9621-28ac80012520,item,1,0,"{""obverse"": ""nostalgix_base-set-1st-edition_livewire"", ""reverse"": ""nostalgix_card-back""}","{""name_printed"": ""Livewire"", ""number"": ""42"", ""item_dimensions"": ""{\u0022height\u0022: \u002288\u0022, \u0022width\u0022: \u002263\u0022, \u0022unit\u0022: \u0022millimeter\u0022}""}",08a3f1c9-b324-4679-9055-0eccbf1c4dde,b2fa7b16-725d-44b1-8430-6135b7c922c6,Livewire,Livewire,{},nostalgix_base-set-1st-edition_livewire
84174e08-92fd-4341-b99f-f2e0f6664304,item,1,0,"{""obverse"": ""nostalgix_base-set-1st-edition_phagebot"", ""reverse"": ""nostalgix_card-back""}","{""name_printed"": ""Phagebot"", ""number"": ""43"", ""item_dimensions"": ""{\u0022height\u0022: \u002288\u0022, \u0022width\u0022: \u002263\u0022, \u0022unit\u0022: \u0022millimeter\u0022}""}",08a3f1c9-b324-4679-9055-0eccbf1c4dde,b2fa7b16-725d-44b1-8430-6135b7c922c6,Phagebot,Phagebot,{},nostalgix_base-set-1st-edition_phagebot
9a9892a1-4a1d-4507-8cf2-874dc64e4b75,item,1,0,"{""obverse"": ""nostalgix_base-set-1st-edition_turn-1p"", ""reverse"": ""nostalgix_card-back""}","{""name_printed"": ""TURN.1P"", ""number"": ""44"", ""item_dimensions"": ""{\u0022height\u0022: \u002288\u0022, \u0022width\u0022: \u002263\u0022, \u0022unit\u0022: \u0022millimeter\u0022}""}",08a3f1c9-b324-4679-9055-0eccbf1c4dde,b2fa7b16-725d-44b1-8430-6135b7c922c6,TURN.1P,TURN.1P,{},nostalgix_base-set-1st-edition_turn-1p
f4541b5b-e116-4de9-8e23-c00cdaacec54,item,1,0,"{""obverse"": ""nostalgix_base-set-1st-edition_gorgadot"", ""reverse"": ""nostalgix_card-back""}","{""name_printed"": ""Gorgadot"", ""number"": ""45"", ""item_dimensions"": ""{\u0022height\u0022: \u002288\u0022, \u0022width\u0022: \u002263\u0022, \u0022unit\u0022: \u0022millimeter\u0022}""}",08a3f1c9-b324-4679-9055-0eccbf1c4dde,b2fa7b16-725d-44b1-8430-6135b7c922c6,Gorgadot,Gorgadot,{},nostalgix_base-set-1st-edition_gorgadot
db812c54-5b53-4ad3-9549-8504aa38c356,item,1,0,"{""obverse"": ""nostalgix_base-set-1st-edition_morriga"", ""reverse"": ""nostalgix_card-back""}","{""name_printed"": ""Morriga"", ""number"": ""46"", ""item_dimensions"": ""{\u0022height\u0022: \u002288\u0022, \u0022width\u0022: \u002263\u0022, \u0022unit\u0022: \u0022millimeter\u0022}""}",08a3f1c9-b324-4679-9055-0eccbf1c4dde,b2fa7b16-725d-44b1-8430-6135b7c922c6,Morriga,Morriga,{},nostalgix_base-set-1st-edition_morriga
a368c2f8-df5c-4b2f-b699-2dd1e5d20db2,item,1,0,"{""obverse"": ""nostalgix_base-set-1st-edition_night-owl"", ""reverse"": ""nostalgix_card-back""}","{""name_printed"": ""Night Owl"", ""number"": ""47"", ""item_dimensions"": ""{\u0022height\u0022: \u002288\u0022, \u0022width\u0022: \u002263\u0022, \u0022unit\u0022: \u0022millimeter\u0022}""}",08a3f1c9-b324-4679-9055-0eccbf1c4dde,b2fa7b16-725d-44b1-8430-6135b7c922c6,Night Owl,Night Owl,{},nostalgix_base-set-1st-edition_night-owl
c7c23de2-b6e7-4475-9989-3e9411b9ec52,item,1,0,"{""obverse"": ""nostalgix_base-set-1st-edition_skafa"", ""reverse"": ""nostalgix_card-back""}","{""name_printed"": ""Skafa"", ""number"": ""48"", ""item_dimensions"": ""{\u0022height\u0022: \u002288\u0022, \u0022width\u0022: \u002263\u0022, \u0022unit\u0022: \u0022millimeter\u0022}""}",08a3f1c9-b324-4679-9055-0eccbf1c4dde,b2fa7b16-725d-44b1-8430-6135b7c922c6,Skafa,Skafa,{},nostalgix_base-set-1st-edition_skafa
d1008dfb-0d3a-49ee-96e7-01baa147924a,item,1,0,"{""obverse"": ""nostalgix_base-set-1st-edition_witchie-long-legs"", ""reverse"": ""nostalgix_card-back""}","{""name_printed"": ""Witchie Long Legs"", ""number"": ""49"", ""item_dimensions"": ""{\u0022height\u0022: \u002288\u0022, \u0022width\u0022: \u002263\u0022, \u0022unit\u0022: \u0022millimeter\u0022}""}",08a3f1c9-b324-4679-9055-0eccbf1c4dde,b2fa7b16-725d-44b1-8430-6135b7c922c6,Witchie Long Legs,Witchie Long Legs,{},nostalgix_base-set-1st-edition_witchie-long-legs
8b3699b7-fb9f-4a42-801f-6ee7b2339df3,item,1,0,"{""obverse"": ""nostalgix_base-set-1st-edition_chronokou"", ""reverse"": ""nostalgix_card-back""}","{""name_printed"": ""Chronokou"", ""number"": ""50"", ""item_dimensions"": ""{\u0022height\u0022: \u002288\u0022, \u0022width\u0022: \u002263\u0022, \u0022unit\u0022: \u0022millimeter\u0022}""}",08a3f1c9-b324-4679-9055-0eccbf1c4dde,b2fa7b16-725d-44b1-8430-6135b7c922c6,Chronokou,Chronokou,{},nostalgix_base-set-1st-edition_chronokou
1ecc60ec-a89d-45b0-a15d-525b54d8dc29,item,1,0,"{""obverse"": ""nostalgix_base-set-1st-edition_regemerate"", ""reverse"": ""nostalgix_card-back""}","{""name_printed"": ""Regemerate"", ""number"": ""51"", ""item_dimensions"": ""{\u0022height\u0022: \u002288\u0022, \u0022width\u0022: \u002263\u0022, \u0022unit\u0022: \u0022millimeter\u0022}""}",08a3f1c9-b324-4679-9055-0eccbf1c4dde,b2fa7b16-725d-44b1-8430-6135b7c922c6,Regemerate,Regemerate,{},nostalgix_base-set-1st-edition_regemerate
ebd7e980-b2e7-481e-a8ab-023494b0e8c2,item,1,0,"{""obverse"": ""nostalgix_base-set-1st-edition_robelle"", ""reverse"": ""nostalgix_card-back""}","{""name_printed"": ""Robelle"", ""number"": ""52"", ""item_dimensions"": ""{\u0022height\u0022: \u002288\u0022, \u0022width\u0022: \u002263\u0022, \u0022unit\u0022: \u0022millimeter\u0022}""}",08a3f1c9-b324-4679-9055-0eccbf1c4dde,b2fa7b16-725d-44b1-8430-6135b7c922c6,Robelle,Robelle,{},nostalgix_base-set-1st-edition_robelle
ce5e8cf8-8b50-48ff-97c2-6e60249b2469,item,1,0,"{""obverse"": ""nostalgix_base-set-1st-edition_soul-jar"", ""reverse"": ""nostalgix_card-back""}","{""name_printed"": ""Soul Jar"", ""number"": ""53"", ""item_dimensions"": ""{\u0022height\u0022: \u002288\u0022, \u0022width\u0022: \u002263\u0022, \u0022unit\u0022: \u0022millimeter\u0022}""}",08a3f1c9-b324-4679-9055-0eccbf1c4dde,b2fa7b16-725d-44b1-8430-6135b7c922c6,Soul Jar,Soul Jar,{},nostalgix_base-set-1st-edition_soul-jar
c7f3cc94-6c45-4781-810a-7f7fa9cabdc2,item,1,0,"{""obverse"": ""nostalgix_base-set-1st-edition_spookrater"", ""reverse"": ""nostalgix_card-back""}","{""name_printed"": ""Spookrater"", ""number"": ""54"", ""item_dimensions"": ""{\u0022height\u0022: \u002288\u0022, \u0022width\u0022: \u002263\u0022, \u0022unit\u0022: \u0022millimeter\u0022}""}",08a3f1c9-b324-4679-9055-0eccbf1c4dde,b2fa7b16-725d-44b1-8430-6135b7c922c6,Spookrater,Spookrater,{},nostalgix_base-set-1st-edition_spookrater
42f33680-7f19-4f20-a893-1947ecc97d15,item,1,0,"{""obverse"": ""nostalgix_base-set-1st-edition_tornadex"", ""reverse"": ""nostalgix_card-back""}","{""name_printed"": ""Tornadex"", ""number"": ""55"", ""item_dimensions"": ""{\u0022height\u0022: \u002288\u0022, \u0022width\u0022: \u002263\u0022, \u0022unit\u0022: \u0022millimeter\u0022}""}",08a3f1c9-b324-4679-9055-0eccbf1c4dde,b2fa7b16-725d-44b1-8430-6135b7c922c6,Tornadex,Tornadex,{},nostalgix_base-set-1st-edition_tornadex
a816f066-9d9b-464f-8b9c-a91eb0881005,item,1,0,"{""obverse"": ""nostalgix_base-set-1st-edition_fish-out-of-water"", ""reverse"": ""nostalgix_card-back""}","{""name_printed"": ""Fish Out of Water"", ""number"": ""56"", ""item_dimensions"": ""{\u0022height\u0022: \u002288\u0022, \u0022width\u0022: \u002263\u0022, \u0022unit\u0022: \u0022millimeter\u0022}""}",08a3f1c9-b324-4679-9055-0eccbf1c4dde,b2fa7b16-725d-44b1-8430-6135b7c922c6,Fish Out of Water,Fish Out of Water,{},nostalgix_base-set-1st-edition_fish-out-of-water
dea5ba46-15f6-4764-95af-65685abdc49f,item,1,0,"{""obverse"": ""nostalgix_base-set-1st-edition_kalamarr"", ""reverse"": ""nostalgix_card-back""}","{""name_printed"": ""Kalamarr"", ""number"": ""57"", ""item_dimensions"": ""{\u0022height\u0022: \u002288\u0022, \u0022width\u0022: \u002263\u0022, \u0022unit\u0022: \u0022millimeter\u0022}""}",08a3f1c9-b324-4679-9055-0eccbf1c4dde,b2fa7b16-725d-44b1-8430-6135b7c922c6,Kalamarr,Kalamarr,{},nostalgix_base-set-1st-edition_kalamarr
00cf1b4e-ea02-44f5-99e4-8e30d6b42c9a,item,1,0,"{""obverse"": ""nostalgix_base-set-1st-edition_lucky-frog-[58]"", ""reverse"": ""nostalgix_card-back""}","{""name_printed"": ""Lucky Frog"", ""variant_disambiguator"": ""58"", ""number"": ""58"", ""item_dimensions"": ""{\u0022height\u0022: \u002288\u0022, \u0022width\u0022: \u002263\u0022, \u0022unit\u0022: \u0022millimeter\u0022}""}",08a3f1c9-b324-4679-9055-0eccbf1c4dde,b2fa7b16-725d-44b1-8430-6135b7c922c6,Lucky Frog,Lucky Frog [58],{},nostalgix_base-set-1st-edition_lucky-frog-[58]
60a37528-f4f8-46e3-be43-49bc7bd21e50,item,1,0,"{""obverse"": ""nostalgix_base-set-1st-edition_plundrak"", ""reverse"": ""nostalgix_card-back""}","{""name_printed"": ""Plundrak"", ""number"": ""59"", ""item_dimensions"": ""{\u0022height\u0022: \u002288\u0022, \u0022width\u0022: \u002263\u0022, \u0022unit\u0022: \u0022millimeter\u0022}""}",08a3f1c9-b324-4679-9055-0eccbf1c4dde,b2fa7b16-725d-44b1-8430-6135b7c922c6,Plundrak,Plundrak,{},nostalgix_base-set-1st-edition_plundrak
79f44f44-5fda-4f0b-9751-48aaf6b8477a,item,1,0,"{""obverse"": ""nostalgix_base-set-1st-edition_puppetmaster-rong"", ""reverse"": ""nostalgix_card-back""}","{""name_printed"": ""Puppetmaster Rong"", ""number"": ""60"", ""item_dimensions"": ""{\u0022height\u0022: \u002288\u0022, \u0022width\u0022: \u002263\u0022, \u0022unit\u0022: \u0022millimeter\u0022}""}",08a3f1c9-b324-4679-9055-0eccbf1c4dde,b2fa7b16-725d-44b1-8430-6135b7c922c6,Puppetmaster Rong,Puppetmaster Rong,{},nostalgix_base-set-1st-edition_puppetmaster-rong
3857b625-4567-4017-80a7-329c6a3ae6fd,item,1,0,"{""obverse"": ""nostalgix_base-set-1st-edition_demle"", ""reverse"": ""nostalgix_card-back""}","{""name_printed"": ""Demle"", ""number"": ""61"", ""item_dimensions"": ""{\u0022height\u0022: \u002288\u0022, \u0022width\u0022: \u002263\u0022, \u0022unit\u0022: \u0022millimeter\u0022}""}",08a3f1c9-b324-4679-9055-0eccbf1c4dde,b2fa7b16-725d-44b1-8430-6135b7c922c6,Demle,Demle,{},nostalgix_base-set-1st-edition_demle
f33331b8-ea89-4270-a7d3-dac6ac4731f0,item,1,0,"{""obverse"": ""nostalgix_base-set-1st-edition_rodonic"", ""reverse"": ""nostalgix_card-back""}","{""name_printed"": ""Rodonic"", ""number"": ""62"", ""item_dimensions"": ""{\u0022height\u0022: \u002288\u0022, \u0022width\u0022: \u002263\u0022, \u0022unit\u0022: \u0022millimeter\u0022}""}",08a3f1c9-b324-4679-9055-0eccbf1c4dde,b2fa7b16-725d-44b1-8430-6135b7c922c6,Rodonic,Rodonic,{},nostalgix_base-set-1st-edition_rodonic
b00a6f0b-ee51-482a-bb16-aabfce3b4c80,item,1,0,"{""obverse"": ""nostalgix_base-set-1st-edition_voodoll"", ""reverse"": ""nostalgix_card-back""}","{""name_printed"": ""Voodoll"", ""number"": ""63"", ""item_dimensions"": ""{\u0022height\u0022: \u002288\u0022, \u0022width\u0022: \u002263\u0022, \u0022unit\u0022: \u0022millimeter\u0022}""}",08a3f1c9-b324-4679-9055-0eccbf1c4dde,b2fa7b16-725d-44b1-8430-6135b7c922c6,Voodoll,Voodoll,{},nostalgix_base-set-1st-edition_voodoll
c24d3ef9-bc4b-49b1-b185-11239f6b5acc,item,1,0,"{""obverse"": ""nostalgix_base-set-1st-edition_biceptus"", ""reverse"": ""nostalgix_card-back""}","{""name_printed"": ""Biceptus"", ""number"": ""64"", ""item_dimensions"": ""{\u0022height\u0022: \u002288\u0022, \u0022width\u0022: \u002263\u0022, \u0022unit\u0022: \u0022millimeter\u0022}""}",08a3f1c9-b324-4679-9055-0eccbf1c4dde,b2fa7b16-725d-44b1-8430-6135b7c922c6,Biceptus,Biceptus,{},nostalgix_base-set-1st-edition_biceptus
1361a9e6-9ad8-43a3-b6b2-7076b1d0f226,item,1,0,"{""obverse"": ""nostalgix_base-set-1st-edition_panbu"", ""reverse"": ""nostalgix_card-back""}","{""name_printed"": ""Panbu"", ""number"": ""65"", ""item_dimensions"": ""{\u0022height\u0022: \u002288\u0022, \u0022width\u0022: \u002263\u0022, \u0022unit\u0022: \u0022millimeter\u0022}""}",08a3f1c9-b324-4679-9055-0eccbf1c4dde,b2fa7b16-725d-44b1-8430-6135b7c922c6,Panbu,Panbu,{},nostalgix_base-set-1st-edition_panbu
f12b7079-05ae-496b-8def-cd7dba517b95,item,1,0,"{""obverse"": ""nostalgix_base-set-1st-edition_stumpkin"", ""reverse"": ""nostalgix_card-back""}","{""name_printed"": ""Stumpkin"", ""number"": ""66"", ""item_dimensions"": ""{\u0022height\u0022: \u002288\u0022, \u0022width\u0022: \u002263\u0022, \u0022unit\u0022: \u0022millimeter\u0022}""}",08a3f1c9-b324-4679-9055-0eccbf1c4dde,b2fa7b16-725d-44b1-8430-6135b7c922c6,Stumpkin,Stumpkin,{},nostalgix_base-set-1st-edition_stumpkin
bcab4cb1-f0df-4ba3-a492-3dfca44af3d4,item,1,0,"{""obverse"": ""nostalgix_base-set-1st-edition_treddan"", ""reverse"": ""nostalgix_card-back""}","{""name_printed"": ""Treddan"", ""number"": ""67"", ""item_dimensions"": ""{\u0022height\u0022: \u002288\u0022, \u0022width\u0022: \u002263\u0022, \u0022unit\u0022: \u0022millimeter\u0022}""}",08a3f1c9-b324-4679-9055-0eccbf1c4dde,b2fa7b16-725d-44b1-8430-6135b7c922c6,Treddan,Treddan,{},nostalgix_base-set-1st-edition_treddan
28f4c243-289d-4856-88cb-cdc505973d21,item,1,0,"{""obverse"": ""nostalgix_base-set-1st-edition_verox"", ""reverse"": ""nostalgix_card-back""}","{""name_printed"": ""Verox"", ""number"": ""68"", ""item_dimensions"": ""{\u0022height\u0022: \u002288\u0022, \u0022width\u0022: \u002263\u0022, \u0022unit\u0022: \u0022millimeter\u0022}""}",08a3f1c9-b324-4679-9055-0eccbf1c4dde,b2fa7b16-725d-44b1-8430-6135b7c922c6,Verox,Verox,{},nostalgix_base-set-1st-edition_verox
9ebb5a50-0053-4f06-9248-f4ea390b93db,item,1,0,"{""obverse"": ""nostalgix_base-set-1st-edition_baby-card-dragon"", ""reverse"": ""nostalgix_card-back""}","{""name_printed"": ""Baby Card Dragon"", ""number"": ""69"", ""item_dimensions"": ""{\u0022height\u0022: \u002288\u0022, \u0022width\u0022: \u002263\u0022, \u0022unit\u0022: \u0022millimeter\u0022}""}",08a3f1c9-b324-4679-9055-0eccbf1c4dde,b2fa7b16-725d-44b1-8430-6135b7c922c6,Baby Card Dragon,Baby Card Dragon,{},nostalgix_base-set-1st-edition_baby-card-dragon
ca70a5d1-f816-40f2-91db-0aa82c53c1ba,item,1,0,"{""obverse"": ""nostalgix_base-set-1st-edition_one-trick-pony"", ""reverse"": ""nostalgix_card-back""}","{""name_printed"": ""One Trick Pony"", ""number"": ""70"", ""item_dimensions"": ""{\u0022height\u0022: \u002288\u0022, \u0022width\u0022: \u002263\u0022, \u0022unit\u0022: \u0022millimeter\u0022}""}",08a3f1c9-b324-4679-9055-0eccbf1c4dde,b2fa7b16-725d-44b1-8430-6135b7c922c6,One Trick Pony,One Trick Pony,{},nostalgix_base-set-1st-edition_one-trick-pony
39d24bd7-7999-4bff-a0fa-ddff78aeeb22,item,1,0,"{""obverse"": ""nostalgix_base-set-1st-edition_pygma"", ""reverse"": ""nostalgix_card-back""}","{""name_printed"": ""Pygma"", ""number"": ""71"", ""item_dimensions"": ""{\u0022height\u0022: \u002288\u0022, \u0022width\u0022: \u002263\u0022, \u0022unit\u0022: \u0022millimeter\u0022}""}",08a3f1c9-b324-4679-9055-0eccbf1c4dde,b2fa7b16-725d-44b1-8430-6135b7c922c6,Pygma,Pygma,{},nostalgix_base-set-1st-edition_pygma
ba9b8182-9323-4fd0-ba5b-b4d9be9959f3,item,1,0,"{""obverse"": ""nostalgix_base-set-1st-edition_fairn"", ""reverse"": ""nostalgix_card-back""}","{""name_printed"": ""Fairn"", ""number"": ""72"", ""item_dimensions"": ""{\u0022height\u0022: \u002288\u0022, \u0022width\u0022: \u002263\u0022, \u0022unit\u0022: \u0022millimeter\u0022}""}",08a3f1c9-b324-4679-9055-0eccbf1c4dde,b2fa7b16-725d-44b1-8430-6135b7c922c6,Fairn,Fairn,{},nostalgix_base-set-1st-edition_fairn
77ae4dca-8a5f-4f80-9935-f6005ef60ae4,item,1,0,"{""obverse"": ""nostalgix_base-set-1st-edition_litty"", ""reverse"": ""nostalgix_card-back""}","{""name_printed"": ""Litty"", ""number"": ""73"", ""item_dimensions"": ""{\u0022height\u0022: \u002288\u0022, \u0022width\u0022: \u002263\u0022, \u0022unit\u0022: \u0022millimeter\u0022}""}",08a3f1c9-b324-4679-9055-0eccbf1c4dde,b2fa7b16-725d-44b1-8430-6135b7c922c6,Litty,Litty,{},nostalgix_base-set-1st-edition_litty
6259a921-9989-4706-a777-fd07a459658f,item,1,0,"{""obverse"": ""nostalgix_base-set-1st-edition_lunarva"", ""reverse"": ""nostalgix_card-back""}","{""name_printed"": ""Lunarva"", ""number"": ""74"", ""item_dimensions"": ""{\u0022height\u0022: \u002288\u0022, \u0022width\u0022: \u002263\u0022, \u0022unit\u0022: \u0022millimeter\u0022}""}",08a3f1c9-b324-4679-9055-0eccbf1c4dde,b2fa7b16-725d-44b1-8430-6135b7c922c6,Lunarva,Lunarva,{},nostalgix_base-set-1st-edition_lunarva
312d47ff-0a1c-402a-ba04-0baef53de46a,item,1,0,"{""obverse"": ""nostalgix_base-set-1st-edition_serra"", ""reverse"": ""nostalgix_card-back""}","{""name_printed"": ""Serra"", ""number"": ""75"", ""item_dimensions"": ""{\u0022height\u0022: \u002288\u0022, \u0022width\u0022: \u002263\u0022, \u0022unit\u0022: \u0022millimeter\u0022}""}",08a3f1c9-b324-4679-9055-0eccbf1c4dde,b2fa7b16-725d-44b1-8430-6135b7c922c6,Serra,Serra,{},nostalgix_base-set-1st-edition_serra
fecc100a-dce1-4d57-947f-92b58dd95c60,item,1,0,"{""obverse"": ""nostalgix_base-set-1st-edition_abducta"", ""reverse"": ""nostalgix_card-back""}","{""name_printed"": ""Abducta"", ""number"": ""76"", ""item_dimensions"": ""{\u0022height\u0022: \u002288\u0022, \u0022width\u0022: \u002263\u0022, \u0022unit\u0022: \u0022millimeter\u0022}""}",08a3f1c9-b324-4679-9055-0eccbf1c4dde,b2fa7b16-725d-44b1-8430-6135b7c922c6,Abducta,Abducta,{},nostalgix_base-set-1st-edition_abducta
217a4fd1-df65-46a8-a50b-615e15f28b3c,item,1,0,"{""obverse"": ""nostalgix_base-set-1st-edition_buckybot"", ""reverse"": ""nostalgix_card-back""}","{""name_printed"": ""Buckybot"", ""number"": ""77"", ""item_dimensions"": ""{\u0022height\u0022: \u002288\u0022, \u0022width\u0022: \u002263\u0022, \u0022unit\u0022: \u0022millimeter\u0022}""}",08a3f1c9-b324-4679-9055-0eccbf1c4dde,b2fa7b16-725d-44b1-8430-6135b7c922c6,Buckybot,Buckybot,{},nostalgix_base-set-1st-edition_buckybot
c29313ab-c081-4d90-9d1d-699ee5a6bf40,item,1,0,"{""obverse"": ""nostalgix_base-set-1st-edition_kai"", ""reverse"": ""nostalgix_card-back""}","{""name_printed"": ""Kai"", ""number"": ""78"", ""item_dimensions"": ""{\u0022height\u0022: \u002288\u0022, \u0022width\u0022: \u002263\u0022, \u0022unit\u0022: \u0022millimeter\u0022}""}",08a3f1c9-b324-4679-9055-0eccbf1c4dde,b2fa7b16-725d-44b1-8430-6135b7c922c6,Kai,Kai,{},nostalgix_base-set-1st-edition_kai
c2896a5d-c852-4f08-b838-36bef21d5db2,item,1,0,"{""obverse"": ""nostalgix_base-set-1st-edition_gundra"", ""reverse"": ""nostalgix_card-back""}","{""name_printed"": ""Gundra"", ""number"": ""79"", ""item_dimensions"": ""{\u0022height\u0022: \u002288\u0022, \u0022width\u0022: \u002263\u0022, \u0022unit\u0022: \u0022millimeter\u0022}""}",08a3f1c9-b324-4679-9055-0eccbf1c4dde,b2fa7b16-725d-44b1-8430-6135b7c922c6,Gundra,Gundra,{},nostalgix_base-set-1st-edition_gundra
56c47d9d-32d6-41f4-b5dc-6717b681d167,item,1,0,"{""obverse"": ""nostalgix_base-set-1st-edition_aegisect"", ""reverse"": ""nostalgix_card-back""}","{""name_printed"": ""Aegisect"", ""number"": ""80"", ""item_dimensions"": ""{\u0022height\u0022: \u002288\u0022, \u0022width\u0022: \u002263\u0022, \u0022unit\u0022: \u0022millimeter\u0022}""}",08a3f1c9-b324-4679-9055-0eccbf1c4dde,b2fa7b16-725d-44b1-8430-6135b7c922c6,Aegisect,Aegisect,{},nostalgix_base-set-1st-edition_aegisect
dd78992f-041a-461c-95b6-c61c5ca99b05,item,1,0,"{""obverse"": ""nostalgix_base-set-1st-edition_metemix"", ""reverse"": ""nostalgix_card-back""}","{""name_printed"": ""Metemix"", ""number"": ""81"", ""item_dimensions"": ""{\u0022height\u0022: \u002288\u0022, \u0022width\u0022: \u002263\u0022, \u0022unit\u0022: \u0022millimeter\u0022}""}",08a3f1c9-b324-4679-9055-0eccbf1c4dde,b2fa7b16-725d-44b1-8430-6135b7c922c6,Metemix,Metemix,{},nostalgix_base-set-1st-edition_metemix
7b3dc94e-421f-401b-aa61-f1ce11bcd468,item,1,0,"{""obverse"": ""nostalgix_base-set-1st-edition_excaliger"", ""reverse"": ""nostalgix_card-back""}","{""name_printed"": ""Excaliger"", ""number"": ""82"", ""item_dimensions"": ""{\u0022height\u0022: \u002288\u0022, \u0022width\u0022: \u002263\u0022, \u0022unit\u0022: \u0022millimeter\u0022}""}",08a3f1c9-b324-4679-9055-0eccbf1c4dde,b2fa7b16-725d-44b1-8430-6135b7c922c6,Excaliger,Excaliger,{},nostalgix_base-set-1st-edition_excaliger
17f26d2a-6f23-47af-9f51-e060fe94469e,item,1,0,"{""obverse"": ""nostalgix_base-set-1st-edition_biibii"", ""reverse"": ""nostalgix_card-back""}","{""name_printed"": ""Biibii"", ""number"": ""83"", ""item_dimensions"": ""{\u0022height\u0022: \u002288\u0022, \u0022width\u0022: \u002263\u0022, \u0022unit\u0022: \u0022millimeter\u0022}""}",08a3f1c9-b324-4679-9055-0eccbf1c4dde,b2fa7b16-725d-44b1-8430-6135b7c922c6,Biibii,Biibii,{},nostalgix_base-set-1st-edition_biibii
deb2faef-cc05-4eca-b386-5467bd1ba200,item,1,0,"{""obverse"": ""nostalgix_base-set-1st-edition_drask"", ""reverse"": ""nostalgix_card-back""}","{""name_printed"": ""Drask"", ""number"": ""84"", ""item_dimensions"": ""{\u0022height\u0022: \u002288\u0022, \u0022width\u0022: \u002263\u0022, \u0022unit\u0022: \u0022millimeter\u0022}""}",08a3f1c9-b324-4679-9055-0eccbf1c4dde,b2fa7b16-725d-44b1-8430-6135b7c922c6,Drask,Drask,{},nostalgix_base-set-1st-edition_drask
5b150869-075b-4d4a-bfdb-9d68e37bb84d,item,1,0,"{""obverse"": ""nostalgix_base-set-1st-edition_f-r-i-e-n-d-"", ""reverse"": ""nostalgix_card-back""}","{""name_printed"": ""F.R.I.E.N.D."", ""number"": ""85"", ""item_dimensions"": ""{\u0022height\u0022: \u002288\u0022, \u0022width\u0022: \u002263\u0022, \u0022unit\u0022: \u0022millimeter\u0022}""}",08a3f1c9-b324-4679-9055-0eccbf1c4dde,b2fa7b16-725d-44b1-8430-6135b7c922c6,F.R.I.E.N.D.,F.R.I.E.N.D.,{},nostalgix_base-set-1st-edition_f-r-i-e-n-d-
c4c68f62-1b21-4c61-9643-3713fa050f5c,item,1,0,"{""obverse"": ""nostalgix_base-set-1st-edition_meduset"", ""reverse"": ""nostalgix_card-back""}","{""name_printed"": ""Meduset"", ""number"": ""86"", ""item_dimensions"": ""{\u0022height\u0022: \u002288\u0022, \u0022width\u0022: \u002263\u0022, \u0022unit\u0022: \u0022millimeter\u0022}""}",08a3f1c9-b324-4679-9055-0eccbf1c4dde,b2fa7b16-725d-44b1-8430-6135b7c922c6,Meduset,Meduset,{},nostalgix_base-set-1st-edition_meduset
abd4c87d-afe0-45a2-8714-cef8f85d1812,item,1,0,"{""obverse"": ""nostalgix_base-set-1st-edition_succubi"", ""reverse"": ""nostalgix_card-back""}","{""name_printed"": ""Succubi"", ""number"": ""87"", ""item_dimensions"": ""{\u0022height\u0022: \u002288\u0022, \u0022width\u0022: \u002263\u0022, \u0022unit\u0022: \u0022millimeter\u0022}""}",08a3f1c9-b324-4679-9055-0eccbf1c4dde,b2fa7b16-725d-44b1-8430-6135b7c922c6,Succubi,Succubi,{},nostalgix_base-set-1st-edition_succubi
994eb314-84d6-4c02-906f-c26b1c17b6cc,item,1,0,"{""obverse"": ""nostalgix_base-set-1st-edition_koukou"", ""reverse"": ""nostalgix_card-back""}","{""name_printed"": ""Koukou"", ""number"": ""88"", ""item_dimensions"": ""{\u0022height\u0022: \u002288\u0022, \u0022width\u0022: \u002263\u0022, \u0022unit\u0022: \u0022millimeter\u0022}""}",08a3f1c9-b324-4679-9055-0eccbf1c4dde,b2fa7b16-725d-44b1-8430-6135b7c922c6,Koukou,Koukou,{},nostalgix_base-set-1st-edition_koukou
98c3a019-79a6-4498-b55c-b86923ca3f2d,item,1,0,"{""obverse"": ""nostalgix_base-set-1st-edition_mirrage"", ""reverse"": ""nostalgix_card-back""}","{""name_printed"": ""Mirrage"", ""number"": ""89"", ""item_dimensions"": ""{\u0022height\u0022: \u002288\u0022, \u0022width\u0022: \u002263\u0022, \u0022unit\u0022: \u0022millimeter\u0022}""}",08a3f1c9-b324-4679-9055-0eccbf1c4dde,b2fa7b16-725d-44b1-8430-6135b7c922c6,Mirrage,Mirrage,{},nostalgix_base-set-1st-edition_mirrage
936a3c75-d675-4415-ba5e-a881afe29acc,item,1,0,"{""obverse"": ""nostalgix_base-set-1st-edition_rollet"", ""reverse"": ""nostalgix_card-back""}","{""name_printed"": ""Rollet"", ""number"": ""90"", ""item_dimensions"": ""{\u0022height\u0022: \u002288\u0022, \u0022width\u0022: \u002263\u0022, \u0022unit\u0022: \u0022millimeter\u0022}""}",08a3f1c9-b324-4679-9055-0eccbf1c4dde,b2fa7b16-725d-44b1-8430-6135b7c922c6,Rollet,Rollet,{},nostalgix_base-set-1st-edition_rollet
405bd81a-ecaa-4bb7-ba15-9ac9078b4388,item,1,0,"{""obverse"": ""nostalgix_base-set-1st-edition_spookula"", ""reverse"": ""nostalgix_card-back""}","{""name_printed"": ""Spookula"", ""number"": ""91"", ""item_dimensions"": ""{\u0022height\u0022: \u002288\u0022, \u0022width\u0022: \u002263\u0022, \u0022unit\u0022: \u0022millimeter\u0022}""}",08a3f1c9-b324-4679-9055-0eccbf1c4dde,b2fa7b16-725d-44b1-8430-6135b7c922c6,Spookula,Spookula,{},nostalgix_base-set-1st-edition_spookula
6ac4c395-cb88-4763-ba2c-d41f613becea,item,1,0,"{""obverse"": ""nostalgix_base-set-1st-edition_ancharr"", ""reverse"": ""nostalgix_card-back""}","{""name_printed"": ""Ancharr"", ""number"": ""92"", ""item_dimensions"": ""{\u0022height\u0022: \u002288\u0022, \u0022width\u0022: \u002263\u0022, \u0022unit\u0022: \u0022millimeter\u0022}""}",08a3f1c9-b324-4679-9055-0eccbf1c4dde,b2fa7b16-725d-44b1-8430-6135b7c922c6,Ancharr,Ancharr,{},nostalgix_base-set-1st-edition_ancharr
32e55161-55e1-4061-b068-d8d8bc3e7391,item,1,0,"{""obverse"": ""nostalgix_base-set-1st-edition_mimicus"", ""reverse"": ""nostalgix_card-back""}","{""name_printed"": ""Mimicus"", ""number"": ""93"", ""item_dimensions"": ""{\u0022height\u0022: \u002288\u0022, \u0022width\u0022: \u002263\u0022, \u0022unit\u0022: \u0022millimeter\u0022}""}",08a3f1c9-b324-4679-9055-0eccbf1c4dde,b2fa7b16-725d-44b1-8430-6135b7c922c6,Mimicus,Mimicus,{},nostalgix_base-set-1st-edition_mimicus
0dd5cd65-d82c-4bde-bfb5-57ecd5fb9880,item,1,0,"{""obverse"": ""nostalgix_base-set-1st-edition_pelaga"", ""reverse"": ""nostalgix_card-back""}","{""name_printed"": ""Pelaga"", ""number"": ""94"", ""item_dimensions"": ""{\u0022height\u0022: \u002288\u0022, \u0022width\u0022: \u002263\u0022, \u0022unit\u0022: \u0022millimeter\u0022}""}",08a3f1c9-b324-4679-9055-0eccbf1c4dde,b2fa7b16-725d-44b1-8430-6135b7c922c6,Pelaga,Pelaga,{},nostalgix_base-set-1st-edition_pelaga
5e4e4167-3d9e-4242-807a-678521051510,item,1,0,"{""obverse"": ""nostalgix_base-set-1st-edition_pilfish"", ""reverse"": ""nostalgix_card-back""}","{""name_printed"": ""Pilfish"", ""number"": ""95"", ""item_dimensions"": ""{\u0022height\u0022: \u002288\u0022, \u0022width\u0022: \u002263\u0022, \u0022unit\u0022: \u0022millimeter\u0022}""}",08a3f1c9-b324-4679-9055-0eccbf1c4dde,b2fa7b16-725d-44b1-8430-6135b7c922c6,Pilfish,Pilfish,{},nostalgix_base-set-1st-edition_pilfish
f3313ea0-ad1a-4f6e-ad1a-f084fd986702,first-party-document,0,0,"{""obverse"": ""nostalgix_base-set-1st-edition_divine-wrath"", ""reverse"": ""nostalgix_card-back""}","{""name_printed"": ""Divine Wrath"", ""number"": ""96"", ""item_dimensions"": ""{\u0022height\u0022: \u002288\u0022, \u0022width\u0022: \u002263\u0022, \u0022unit\u0022: \u0022millimeter\u0022}""}",08a3f1c9-b324-4679-9055-0eccbf1c4dde,b2fa7b16-725d-44b1-8430-6135b7c922c6,Divine Wrath,Divine Wrath,{},nostalgix_base-set-1st-edition_divine-wrath
2d9dbd32-3f6d-48fb-a1af-cfd84d7d05fb,first-party-document,0,0,"{""obverse"": ""nostalgix_base-set-1st-edition_extra-life"", ""reverse"": ""nostalgix_card-back""}","{""name_printed"": ""Extra Life"", ""number"": ""97"", ""item_dimensions"": ""{\u0022height\u0022: \u002288\u0022, \u0022width\u0022: \u002263\u0022, \u0022unit\u0022: \u0022millimeter\u0022}""}",08a3f1c9-b324-4679-9055-0eccbf1c4dde,b2fa7b16-725d-44b1-8430-6135b7c922c6,Extra Life,Extra Life,{},nostalgix_base-set-1st-edition_extra-life
e5db400c-deeb-497d-913f-422ecc5dff5a,first-party-document,0,0,"{""obverse"": ""nostalgix_base-set-1st-edition_void-cast"", ""reverse"": ""nostalgix_card-back""}","{""name_printed"": ""Void Cast"", ""number"": ""98"", ""item_dimensions"": ""{\u0022height\u0022: \u002288\u0022, \u0022width\u0022: \u002263\u0022, \u0022unit\u0022: \u0022millimeter\u0022}""}",08a3f1c9-b324-4679-9055-0eccbf1c4dde,b2fa7b16-725d-44b1-8430-6135b7c922c6,Void Cast,Void Cast,{},nostalgix_base-set-1st-edition_void-cast
c74d0d95-ea58-442d-9a65-c65fe972fd49,item,1,0,"{""obverse"": ""nostalgix_base-set-1st-edition_keepers-of-the-peace"", ""reverse"": ""nostalgix_card-back""}","{""name_printed"": ""Keepers of the Peace"", ""number"": ""99"", ""item_dimensions"": ""{\u0022height\u0022: \u002288\u0022, \u0022width\u0022: \u002263\u0022, \u0022unit\u0022: \u0022millimeter\u0022}""}",08a3f1c9-b324-4679-9055-0eccbf1c4dde,b2fa7b16-725d-44b1-8430-6135b7c922c6,Keepers of the Peace,Keepers of the Peace,{},nostalgix_base-set-1st-edition_keepers-of-the-peace
0958a672-254e-442d-a80f-b912195fa901,item,1,0,"{""obverse"": ""nostalgix_base-set-1st-edition_massive-effect"", ""reverse"": ""nostalgix_card-back""}","{""name_printed"": ""Massive Effect"", ""number"": ""100"", ""item_dimensions"": ""{\u0022height\u0022: \u002288\u0022, \u0022width\u0022: \u002263\u0022, \u0022unit\u0022: \u0022millimeter\u0022}""}",08a3f1c9-b324-4679-9055-0eccbf1c4dde,b2fa7b16-725d-44b1-8430-6135b7c922c6,Massive Effect,Massive Effect,{},nostalgix_base-set-1st-edition_massive-effect
4b944624-0afb-43c4-a2df-25c6e55b2e8c,item,1,0,"{""obverse"": ""nostalgix_base-set-1st-edition_maximum-armor"", ""reverse"": ""nostalgix_card-back""}","{""name_printed"": ""Maximum Armor"", ""number"": ""101"", ""item_dimensions"": ""{\u0022height\u0022: \u002288\u0022, \u0022width\u0022: \u002263\u0022, \u0022unit\u0022: \u0022millimeter\u0022}""}",08a3f1c9-b324-4679-9055-0eccbf1c4dde,b2fa7b16-725d-44b1-8430-6135b7c922c6,Maximum Armor,Maximum Armor,{},nostalgix_base-set-1st-edition_maximum-armor
bc4815e8-d97b-44c2-8713-f9a05c934f05,item,1,0,"{""obverse"": ""nostalgix_base-set-1st-edition_metal-card-flick"", ""reverse"": ""nostalgix_card-back""}","{""name_printed"": ""Metal Card Flick"", ""number"": ""102"", ""item_dimensions"": ""{\u0022height\u0022: \u002288\u0022, \u0022width\u0022: \u002263\u0022, \u0022unit\u0022: \u0022millimeter\u0022}""}",08a3f1c9-b324-4679-9055-0eccbf1c4dde,b2fa7b16-725d-44b1-8430-6135b7c922c6,Metal Card Flick,Metal Card Flick,{},nostalgix_base-set-1st-edition_metal-card-flick
21783330-c2d5-47d8-8cb9-e39eb1fff77d,item,1,0,"{""obverse"": ""nostalgix_base-set-1st-edition_reload"", ""reverse"": ""nostalgix_card-back""}","{""name_printed"": ""Reload"", ""number"": ""103"", ""item_dimensions"": ""{\u0022height\u0022: \u002288\u0022, \u0022width\u0022: \u002263\u0022, \u0022unit\u0022: \u0022millimeter\u0022}""}",08a3f1c9-b324-4679-9055-0eccbf1c4dde,b2fa7b16-725d-44b1-8430-6135b7c922c6,Reload,Reload,{},nostalgix_base-set-1st-edition_reload
75d1916f-84ca-472e-b613-c0af6500e623,item,1,0,"{""obverse"": ""nostalgix_base-set-1st-edition_severe-weather"", ""reverse"": ""nostalgix_card-back""}","{""name_printed"": ""Severe Weather"", ""number"": ""104"", ""item_dimensions"": ""{\u0022height\u0022: \u002288\u0022, \u0022width\u0022: \u002263\u0022, \u0022unit\u0022: \u0022millimeter\u0022}""}",08a3f1c9-b324-4679-9055-0eccbf1c4dde,b2fa7b16-725d-44b1-8430-6135b7c922c6,Severe Weather,Severe Weather,{},nostalgix_base-set-1st-edition_severe-weather
bf6f27f8-249d-47c8-a889-f16886dd8692,item,1,0,"{""obverse"": ""nostalgix_base-set-1st-edition_sinking-feeling"", ""reverse"": ""nostalgix_card-back""}","{""name_printed"": ""Sinking Feeling"", ""number"": ""105"", ""item_dimensions"": ""{\u0022height\u0022: \u002288\u0022, \u0022width\u0022: \u002263\u0022, \u0022unit\u0022: \u0022millimeter\u0022}""}",08a3f1c9-b324-4679-9055-0eccbf1c4dde,b2fa7b16-725d-44b1-8430-6135b7c922c6,Sinking Feeling,Sinking Feeling,{},nostalgix_base-set-1st-edition_sinking-feeling
3a903f87-e942-4c4c-ba28-adc4b4059f0a,item,1,0,"{""obverse"": ""nostalgix_base-set-1st-edition_tower-fall"", ""reverse"": ""nostalgix_card-back""}","{""name_printed"": ""Tower Fall"", ""number"": ""106"", ""item_dimensions"": ""{\u0022height\u0022: \u002288\u0022, \u0022width\u0022: \u002263\u0022, \u0022unit\u0022: \u0022millimeter\u0022}""}",08a3f1c9-b324-4679-9055-0eccbf1c4dde,b2fa7b16-725d-44b1-8430-6135b7c922c6,Tower Fall,Tower Fall,{},nostalgix_base-set-1st-edition_tower-fall
9939f64b-3ec3-4c83-83dc-9ec978ae1bc2,item,1,0,"{""obverse"": ""nostalgix_base-set-1st-edition_alternate-timeline"", ""reverse"": ""nostalgix_card-back""}","{""name_printed"": ""Alternate Timeline"", ""number"": ""107"", ""item_dimensions"": ""{\u0022height\u0022: \u002288\u0022, \u0022width\u0022: \u002263\u0022, \u0022unit\u0022: \u0022millimeter\u0022}""}",08a3f1c9-b324-4679-9055-0eccbf1c4dde,b2fa7b16-725d-44b1-8430-6135b7c922c6,Alternate Timeline,Alternate Timeline,{},nostalgix_base-set-1st-edition_alternate-timeline
85c672b9-1382-41a9-bf14-2ab2f171aed2,item,1,0,"{""obverse"": ""nostalgix_base-set-1st-edition_berzerker-rage"", ""reverse"": ""nostalgix_card-back""}","{""name_printed"": ""Berzerker Rage"", ""number"": ""108"", ""item_dimensions"": ""{\u0022height\u0022: \u002288\u0022, \u0022width\u0022: \u002263\u0022, \u0022unit\u0022: \u0022millimeter\u0022}""}",08a3f1c9-b324-4679-9055-0eccbf1c4dde,b2fa7b16-725d-44b1-8430-6135b7c922c6,Berzerker Rage,Berzerker Rage,{},nostalgix_base-set-1st-edition_berzerker-rage
6d68df57-8a36-43d0-9fe9-a0690348aaa7,item,1,0,"{""obverse"": ""nostalgix_base-set-1st-edition_biceptus-blast"", ""reverse"": ""nostalgix_card-back""}","{""name_printed"": ""Biceptus Blast"", ""number"": ""109"", ""item_dimensions"": ""{\u0022height\u0022: \u002288\u0022, \u0022width\u0022: \u002263\u0022, \u0022unit\u0022: \u0022millimeter\u0022}""}",08a3f1c9-b324-4679-9055-0eccbf1c4dde,b2fa7b16-725d-44b1-8430-6135b7c922c6,Biceptus Blast,Biceptus Blast,{},nostalgix_base-set-1st-edition_biceptus-blast
5f5b22d4-e678-4f4c-b335-90c2eb9e6b5e,item,1,0,"{""obverse"": ""nostalgix_base-set-1st-edition_chains-of-the-deep"", ""reverse"": ""nostalgix_card-back""}","{""name_printed"": ""Chains of the Deep"", ""number"": ""110"", ""item_dimensions"": ""{\u0022height\u0022: \u002288\u0022, \u0022width\u0022: \u002263\u0022, \u0022unit\u0022: \u0022millimeter\u0022}""}",08a3f1c9-b324-4679-9055-0eccbf1c4dde,b2fa7b16-725d-44b1-8430-6135b7c922c6,Chains of the Deep,Chains of the Deep,{},nostalgix_base-set-1st-edition_chains-of-the-deep
bdccf5f3-37cb-4804-844f-b8bb0f56eca4,item,1,0,"{""obverse"": ""nostalgix_base-set-1st-edition_divine-blessing"", ""reverse"": ""nostalgix_card-back""}","{""name_printed"": ""Divine Blessing"", ""number"": ""111"", ""item_dimensions"": ""{\u0022height\u0022: \u002288\u0022, \u0022width\u0022: \u002263\u0022, \u0022unit\u0022: \u0022millimeter\u0022}""}",08a3f1c9-b324-4679-9055-0eccbf1c4dde,b2fa7b16-725d-44b1-8430-6135b7c922c6,Divine Blessing,Divine Blessing,{},nostalgix_base-set-1st-edition_divine-blessing
4f993ef4-460a-4beb-8e18-e8daccd44e0e,item,1,0,"{""obverse"": ""nostalgix_base-set-1st-edition_fast-forward"", ""reverse"": ""nostalgix_card-back""}","{""name_printed"": ""Fast Forward"", ""number"": ""112"", ""item_dimensions"": ""{\u0022height\u0022: \u002288\u0022, \u0022width\u0022: \u002263\u0022, \u0022unit\u0022: \u0022millimeter\u0022}""}",08a3f1c9-b324-4679-9055-0eccbf1c4dde,b2fa7b16-725d-44b1-8430-6135b7c922c6,Fast Forward,Fast Forward,{},nostalgix_base-set-1st-edition_fast-forward
1c9b7f25-bbd4-4a6f-b685-05eafdf019b8,item,1,0,"{""obverse"": ""nostalgix_base-set-1st-edition_heroic-resolve"", ""reverse"": ""nostalgix_card-back""}","{""name_printed"": ""Heroic Resolve"", ""number"": ""113"", ""item_dimensions"": ""{\u0022height\u0022: \u002288\u0022, \u0022width\u0022: \u002263\u0022, \u0022unit\u0022: \u0022millimeter\u0022}""}",08a3f1c9-b324-4679-9055-0eccbf1c4dde,b2fa7b16-725d-44b1-8430-6135b7c922c6,Heroic Resolve,Heroic Resolve,{},nostalgix_base-set-1st-edition_heroic-resolve
1cba2793-33c8-4eac-af55-866790a3e551,item,1,0,"{""obverse"": ""nostalgix_base-set-1st-edition_just-desserts"", ""reverse"": ""nostalgix_card-back""}","{""name_printed"": ""Just Desserts"", ""number"": ""114"", ""item_dimensions"": ""{\u0022height\u0022: \u002288\u0022, \u0022width\u0022: \u002263\u0022, \u0022unit\u0022: \u0022millimeter\u0022}""}",08a3f1c9-b324-4679-9055-0eccbf1c4dde,b2fa7b16-725d-44b1-8430-6135b7c922c6,Just Desserts,Just Desserts,{},nostalgix_base-set-1st-edition_just-desserts
daea0bcd-5cbc-4e05-b957-b4dfab23bed6,item,1,0,"{""obverse"": ""nostalgix_base-set-1st-edition_lava-bite"", ""reverse"": ""nostalgix_card-back""}","{""name_printed"": ""Lava Bite"", ""number"": ""115"", ""item_dimensions"": ""{\u0022height\u0022: \u002288\u0022, \u0022width\u0022: \u002263\u0022, \u0022unit\u0022: \u0022millimeter\u0022}""}",08a3f1c9-b324-4679-9055-0eccbf1c4dde,b2fa7b16-725d-44b1-8430-6135b7c922c6,Lava Bite,Lava Bite,{},nostalgix_base-set-1st-edition_lava-bite
739bbe61-9bed-4471-a716-f16be88616e5,item,1,0,"{""obverse"": ""nostalgix_base-set-1st-edition_level-playing-field"", ""reverse"": ""nostalgix_card-back""}","{""name_printed"": ""Level Playing Field"", ""number"": ""116"", ""item_dimensions"": ""{\u0022height\u0022: \u002288\u0022, \u0022width\u0022: \u002263\u0022, \u0022unit\u0022: \u0022millimeter\u0022}""}",08a3f1c9-b324-4679-9055-0eccbf1c4dde,b2fa7b16-725d-44b1-8430-6135b7c922c6,Level Playing Field,Level Playing Field,{},nostalgix_base-set-1st-edition_level-playing-field
5d82ca92-dc9d-4605-a1b0-0108873720f5,item,1,0,"{""obverse"": ""nostalgix_base-set-1st-edition_lucky-draw"", ""reverse"": ""nostalgix_card-back""}","{""name_printed"": ""Lucky Draw"", ""number"": ""117"", ""item_dimensions"": ""{\u0022height\u0022: \u002288\u0022, \u0022width\u0022: \u002263\u0022, \u0022unit\u0022: \u0022millimeter\u0022}""}",08a3f1c9-b324-4679-9055-0eccbf1c4dde,b2fa7b16-725d-44b1-8430-6135b7c922c6,Lucky Draw,Lucky Draw,{},nostalgix_base-set-1st-edition_lucky-draw
73cdd79b-31eb-4df2-a09d-c9482881010d,item,1,0,"{""obverse"": ""nostalgix_base-set-1st-edition_magnet-storm"", ""reverse"": ""nostalgix_card-back""}","{""name_printed"": ""Magnet Storm"", ""number"": ""118"", ""item_dimensions"": ""{\u0022height\u0022: \u002288\u0022, \u0022width\u0022: \u002263\u0022, \u0022unit\u0022: \u0022millimeter\u0022}""}",08a3f1c9-b324-4679-9055-0eccbf1c4dde,b2fa7b16-725d-44b1-8430-6135b7c922c6,Magnet Storm,Magnet Storm,{},nostalgix_base-set-1st-edition_magnet-storm
cf857272-27ec-4f3d-b98a-22edbb158bbf,item,1,0,"{""obverse"": ""nostalgix_base-set-1st-edition_pay-off"", ""reverse"": ""nostalgix_card-back""}","{""name_printed"": ""Pay Off"", ""number"": ""119"", ""item_dimensions"": ""{\u0022height\u0022: \u002288\u0022, \u0022width\u0022: \u002263\u0022, \u0022unit\u0022: \u0022millimeter\u0022}""}",08a3f1c9-b324-4679-9055-0eccbf1c4dde,b2fa7b16-725d-44b1-8430-6135b7c922c6,Pay Off,Pay Off,{},nostalgix_base-set-1st-edition_pay-off
31d28944-1894-40a9-ba4d-8f4634f8cdcf,item,1,0,"{""obverse"": ""nostalgix_base-set-1st-edition_pins-&-needles"", ""reverse"": ""nostalgix_card-back""}","{""name_printed"": ""Pins & Needles"", ""number"": ""120"", ""item_dimensions"": ""{\u0022height\u0022: \u002288\u0022, \u0022width\u0022: \u002263\u0022, \u0022unit\u0022: \u0022millimeter\u0022}""}",08a3f1c9-b324-4679-9055-0eccbf1c4dde,b2fa7b16-725d-44b1-8430-6135b7c922c6,Pins & Needles,Pins & Needles,{},nostalgix_base-set-1st-edition_pins-&-needles
a78c3f07-6b90-40e3-bea0-0c1d1ffc7d03,item,1,0,"{""obverse"": ""nostalgix_base-set-1st-edition_regemeration"", ""reverse"": ""nostalgix_card-back""}","{""name_printed"": ""Regemeration"", ""number"": ""121"", ""item_dimensions"": ""{\u0022height\u0022: \u002288\u0022, \u0022width\u0022: \u002263\u0022, \u0022unit\u0022: \u0022millimeter\u0022}""}",08a3f1c9-b324-4679-9055-0eccbf1c4dde,b2fa7b16-725d-44b1-8430-6135b7c922c6,Regemeration,Regemeration,{},nostalgix_base-set-1st-edition_regemeration
6bd8e548-6dcf-433a-808e-e7ed8ebe6386,item,1,0,"{""obverse"": ""nostalgix_base-set-1st-edition_rewind-time"", ""reverse"": ""nostalgix_card-back""}","{""name_printed"": ""Rewind Time"", ""number"": ""122"", ""item_dimensions"": ""{\u0022height\u0022: \u002288\u0022, \u0022width\u0022: \u002263\u0022, \u0022unit\u0022: \u0022millimeter\u0022}""}",08a3f1c9-b324-4679-9055-0eccbf1c4dde,b2fa7b16-725d-44b1-8430-6135b7c922c6,Rewind Time,Rewind Time,{},nostalgix_base-set-1st-edition_rewind-time
dab0bc8a-617a-450f-9828-2f95bec96b17,item,1,0,"{""obverse"": ""nostalgix_base-set-1st-edition_scrap-metal"", ""reverse"": ""nostalgix_card-back""}","{""name_printed"": ""Scrap Metal"", ""number"": ""123"", ""item_dimensions"": ""{\u0022height\u0022: \u002288\u0022, \u0022width\u0022: \u002263\u0022, \u0022unit\u0022: \u0022millimeter\u0022}""}",08a3f1c9-b324-4679-9055-0eccbf1c4dde,b2fa7b16-725d-44b1-8430-6135b7c922c6,Scrap Metal,Scrap Metal,{},nostalgix_base-set-1st-edition_scrap-metal
5fa919e9-8221-4bb3-a8fb-b60e7e9d9d33,item,1,0,"{""obverse"": ""nostalgix_base-set-1st-edition_slug-slime"", ""reverse"": ""nostalgix_card-back""}","{""name_printed"": ""Slug Slime"", ""number"": ""124"", ""item_dimensions"": ""{\u0022height\u0022: \u002288\u0022, \u0022width\u0022: \u002263\u0022, \u0022unit\u0022: \u0022millimeter\u0022}""}",08a3f1c9-b324-4679-9055-0eccbf1c4dde,b2fa7b16-725d-44b1-8430-6135b7c922c6,Slug Slime,Slug Slime,{},nostalgix_base-set-1st-edition_slug-slime
d489df44-2e79-49d9-b25d-ecae26e3e938,item,1,0,"{""obverse"": ""nostalgix_base-set-1st-edition_soul-jar-dice"", ""reverse"": ""nostalgix_card-back""}","{""name_printed"": ""Soul Jar Dice"", ""number"": ""125"", ""item_dimensions"": ""{\u0022height\u0022: \u002288\u0022, \u0022width\u0022: \u002263\u0022, \u0022unit\u0022: \u0022millimeter\u0022}""}",08a3f1c9-b324-4679-9055-0eccbf1c4dde,b2fa7b16-725d-44b1-8430-6135b7c922c6,Soul Jar Dice,Soul Jar Dice,{},nostalgix_base-set-1st-edition_soul-jar-dice
d95d8edd-533f-40cf-a9e2-f33788e45c4e,item,1,0,"{""obverse"": ""nostalgix_base-set-1st-edition_spark-bolt"", ""reverse"": ""nostalgix_card-back""}","{""name_printed"": ""Spark Bolt"", ""number"": ""126"", ""item_dimensions"": ""{\u0022height\u0022: \u002288\u0022, \u0022width\u0022: \u002263\u0022, \u0022unit\u0022: \u0022millimeter\u0022}""}",08a3f1c9-b324-4679-9055-0eccbf1c4dde,b2fa7b16-725d-44b1-8430-6135b7c922c6,Spark Bolt,Spark Bolt,{},nostalgix_base-set-1st-edition_spark-bolt
42161d2f-aab1-4e6f-9d75-ec6c205e722c,item,1,0,"{""obverse"": ""nostalgix_base-set-1st-edition_spring-board"", ""reverse"": ""nostalgix_card-back""}","{""name_printed"": ""Spring Board"", ""number"": ""127"", ""item_dimensions"": ""{\u0022height\u0022: \u002288\u0022, \u0022width\u0022: \u002263\u0022, \u0022unit\u0022: \u0022millimeter\u0022}""}",08a3f1c9-b324-4679-9055-0eccbf1c4dde,b2fa7b16-725d-44b1-8430-6135b7c922c6,Spring Board,Spring Board,{},nostalgix_base-set-1st-edition_spring-board
aa68afa5-ab3d-4004-97be-b27efcae0c11,item,1,0,"{""obverse"": ""nostalgix_base-set-1st-edition_tunnel-of-vines"", ""reverse"": ""nostalgix_card-back""}","{""name_printed"": ""Tunnel of Vines"", ""number"": ""128"", ""item_dimensions"": ""{\u0022height\u0022: \u002288\u0022, \u0022width\u0022: \u002263\u0022, \u0022unit\u0022: \u0022millimeter\u0022}""}",08a3f1c9-b324-4679-9055-0eccbf1c4dde,b2fa7b16-725d-44b1-8430-6135b7c922c6,Tunnel of Vines,Tunnel of Vines,{},nostalgix_base-set-1st-edition_tunnel-of-vines
a0d1cf36-8327-442f-90aa-5f7178d10429,item,1,0,"{""obverse"": ""nostalgix_base-set-1st-edition_witchie's-hat-drop"", ""reverse"": ""nostalgix_card-back""}","{""name_printed"": ""Witchie's Hat Drop"", ""number"": ""129"", ""item_dimensions"": ""{\u0022height\u0022: \u002288\u0022, \u0022width\u0022: \u002263\u0022, \u0022unit\u0022: \u0022millimeter\u0022}""}",08a3f1c9-b324-4679-9055-0eccbf1c4dde,b2fa7b16-725d-44b1-8430-6135b7c922c6,Witchie's Hat Drop,Witchie's Hat Drop,{},nostalgix_base-set-1st-edition_witchie's-hat-drop
00c80470-ff68-4750-90ea-dea48a5c440d,item,1,0,"{""obverse"": ""nostalgix_base-set-1st-edition_complete-yeet"", ""reverse"": ""nostalgix_card-back""}","{""name_printed"": ""Complete Yeet"", ""number"": ""130"", ""item_dimensions"": ""{\u0022height\u0022: \u002288\u0022, \u0022width\u0022: \u002263\u0022, \u0022unit\u0022: \u0022millimeter\u0022}""}",08a3f1c9-b324-4679-9055-0eccbf1c4dde,b2fa7b16-725d-44b1-8430-6135b7c922c6,Complete Yeet,Complete Yeet,{},nostalgix_base-set-1st-edition_complete-yeet
d30550ce-8887-4158-a135-12d2463afcd9,item,1,0,"{""obverse"": ""nostalgix_base-set-1st-edition_lunch-break"", ""reverse"": ""nostalgix_card-back""}","{""name_printed"": ""Lunch Break"", ""number"": ""131"", ""item_dimensions"": ""{\u0022height\u0022: \u002288\u0022, \u0022width\u0022: \u002263\u0022, \u0022unit\u0022: \u0022millimeter\u0022}""}",08a3f1c9-b324-4679-9055-0eccbf1c4dde,b2fa7b16-725d-44b1-8430-6135b7c922c6,Lunch Break,Lunch Break,{},nostalgix_base-set-1st-edition_lunch-break
a523132d-4c41-41d0-aba3-a3d6ca5aeb30,item,1,0,"{""obverse"": ""nostalgix_base-set-1st-edition_need-a-hand"", ""reverse"": ""nostalgix_card-back""}","{""name_printed"": ""Need a Hand"", ""number"": ""132"", ""item_dimensions"": ""{\u0022height\u0022: \u002288\u0022, \u0022width\u0022: \u002263\u0022, \u0022unit\u0022: \u0022millimeter\u0022}""}",08a3f1c9-b324-4679-9055-0eccbf1c4dde,b2fa7b16-725d-44b1-8430-6135b7c922c6,Need a Hand,Need a Hand,{},nostalgix_base-set-1st-edition_need-a-hand
3ba13d0d-dc60-4b38-816f-f5411c55f009,item,1,0,"{""obverse"": ""nostalgix_base-set-1st-edition_nope"", ""reverse"": ""nostalgix_card-back""}","{""name_printed"": ""NOPE"", ""number"": ""133"", ""item_dimensions"": ""{\u0022height\u0022: \u002288\u0022, \u0022width\u0022: \u002263\u0022, \u0022unit\u0022: \u0022millimeter\u0022}""}",08a3f1c9-b324-4679-9055-0eccbf1c4dde,b2fa7b16-725d-44b1-8430-6135b7c922c6,NOPE,NOPE,{},nostalgix_base-set-1st-edition_nope
663ea0ee-af42-49cc-b9ef-4b4fc2310ade,item,1,0,"{""obverse"": ""nostalgix_base-set-1st-edition_pressure-plate"", ""reverse"": ""nostalgix_card-back""}","{""name_printed"": ""Pressure Plate"", ""number"": ""134"", ""item_dimensions"": ""{\u0022height\u0022: \u002288\u0022, \u0022width\u0022: \u002263\u0022, \u0022unit\u0022: \u0022millimeter\u0022}""}",08a3f1c9-b324-4679-9055-0eccbf1c4dde,b2fa7b16-725d-44b1-8430-6135b7c922c6,Pressure Plate,Pressure Plate,{},nostalgix_base-set-1st-edition_pressure-plate
5abd5337-b270-414a-aa5f-eeecb3dc6221,item,1,0,"{""obverse"": ""nostalgix_base-set-1st-edition_replica"", ""reverse"": ""nostalgix_card-back""}","{""name_printed"": ""Replica"", ""number"": ""135"", ""item_dimensions"": ""{\u0022height\u0022: \u002288\u0022, \u0022width\u0022: \u002263\u0022, \u0022unit\u0022: \u0022millimeter\u0022}""}",08a3f1c9-b324-4679-9055-0eccbf1c4dde,b2fa7b16-725d-44b1-8430-6135b7c922c6,Replica,Replica,{},nostalgix_base-set-1st-edition_replica
065d3e1c-aa2e-4742-8076-1def90735c62,item,1,0,"{""obverse"": ""nostalgix_base-set-1st-edition_reverse"", ""reverse"": ""nostalgix_card-back""}","{""name_printed"": ""Reverse"", ""number"": ""136"", ""item_dimensions"": ""{\u0022height\u0022: \u002288\u0022, \u0022width\u0022: \u002263\u0022, \u0022unit\u0022: \u0022millimeter\u0022}""}",08a3f1c9-b324-4679-9055-0eccbf1c4dde,b2fa7b16-725d-44b1-8430-6135b7c922c6,Reverse,Reverse,{},nostalgix_base-set-1st-edition_reverse
87d0fb46-2616-472c-b578-f6a3d9f82997,item,1,0,"{""obverse"": ""nostalgix_base-set-1st-edition_save-the-day"", ""reverse"": ""nostalgix_card-back""}","{""name_printed"": ""Save the Day"", ""number"": ""137"", ""item_dimensions"": ""{\u0022height\u0022: \u002288\u0022, \u0022width\u0022: \u002263\u0022, \u0022unit\u0022: \u0022millimeter\u0022}""}",08a3f1c9-b324-4679-9055-0eccbf1c4dde,b2fa7b16-725d-44b1-8430-6135b7c922c6,Save the Day,Save the Day,{},nostalgix_base-set-1st-edition_save-the-day
94d67b5b-b9a6-4485-b73d-32e6e9010d74,item,1,0,"{""obverse"": ""nostalgix_base-set-1st-edition_saving-grace"", ""reverse"": ""nostalgix_card-back""}","{""name_printed"": ""Saving Grace"", ""number"": ""138"", ""item_dimensions"": ""{\u0022height\u0022: \u002288\u0022, \u0022width\u0022: \u002263\u0022, \u0022unit\u0022: \u0022millimeter\u0022}""}",08a3f1c9-b324-4679-9055-0eccbf1c4dde,b2fa7b16-725d-44b1-8430-6135b7c922c6,Saving Grace,Saving Grace,{},nostalgix_base-set-1st-edition_saving-grace
6f8fa6d3-3626-4b79-a778-e26f5ddf499a,item,1,0,"{""obverse"": ""nostalgix_base-set-1st-edition_squirrel-of-distraction"", ""reverse"": ""nostalgix_card-back""}","{""name_printed"": ""Squirrel of Distraction"", ""number"": ""139"", ""item_dimensions"": ""{\u0022height\u0022: \u002288\u0022, \u0022width\u0022: \u002263\u0022, \u0022unit\u0022: \u0022millimeter\u0022}""}",08a3f1c9-b324-4679-9055-0eccbf1c4dde,b2fa7b16-725d-44b1-8430-6135b7c922c6,Squirrel of Distraction,Squirrel of Distraction,{},nostalgix_base-set-1st-edition_squirrel-of-distraction
9114085b-30f2-4eec-ae7b-e52837ce81bc,item,1,0,"{""obverse"": ""nostalgix_base-set-1st-edition_yellow-card"", ""reverse"": ""nostalgix_card-back""}","{""name_printed"": ""Yellow Card"", ""number"": ""140"", ""item_dimensions"": ""{\u0022height\u0022: \u002288\u0022, \u0022width\u0022: \u002263\u0022, \u0022unit\u0022: \u0022millimeter\u0022}""}",08a3f1c9-b324-4679-9055-0eccbf1c4dde,b2fa7b16-725d-44b1-8430-6135b7c922c6,Yellow Card,Yellow Card,{},nostalgix_base-set-1st-edition_yellow-card
b63f6f14-4310-4ef3-98a0-c5f2a906df0f,item,1,0,"{""obverse"": ""nostalgix_base-set-1st-edition_revengerator"", ""reverse"": ""nostalgix_card-back""}","{""name_printed"": ""Revengerator"", ""number"": ""141"", ""item_dimensions"": ""{\u0022height\u0022: \u002288\u0022, \u0022width\u0022: \u002263\u0022, \u0022unit\u0022: \u0022millimeter\u0022}""}",08a3f1c9-b324-4679-9055-0eccbf1c4dde,b2fa7b16-725d-44b1-8430-6135b7c922c6,Revengerator,Revengerator,{},nostalgix_base-set-1st-edition_revengerator
3670f285-2f8d-439d-ac6b-a7afe4dcb8ba,item,1,0,"{""obverse"": ""nostalgix_base-set-1st-edition_supermassive-slingshot"", ""reverse"": ""nostalgix_card-back""}","{""name_printed"": ""Supermassive Slingshot"", ""number"": ""142"", ""item_dimensions"": ""{\u0022height\u0022: \u002288\u0022, \u0022width\u0022: \u002263\u0022, \u0022unit\u0022: \u0022millimeter\u0022}""}",08a3f1c9-b324-4679-9055-0eccbf1c4dde,b2fa7b16-725d-44b1-8430-6135b7c922c6,Supermassive Slingshot,Supermassive Slingshot,{},nostalgix_base-set-1st-edition_supermassive-slingshot
973a5154-05ee-412f-b2fe-4eba8d95ca78,item,1,0,"{""obverse"": ""nostalgix_base-set-1st-edition_team-uniform"", ""reverse"": ""nostalgix_card-back""}","{""name_printed"": ""Team Uniform"", ""number"": ""143"", ""item_dimensions"": ""{\u0022height\u0022: \u002288\u0022, \u0022width\u0022: \u002263\u0022, \u0022unit\u0022: \u0022millimeter\u0022}""}",08a3f1c9-b324-4679-9055-0eccbf1c4dde,b2fa7b16-725d-44b1-8430-6135b7c922c6,Team Uniform,Team Uniform,{},nostalgix_base-set-1st-edition_team-uniform
0f4eb1ba-a439-44de-8074-e9793cea47fe,item,1,0,"{""obverse"": ""nostalgix_base-set-1st-edition_bubble-shield"", ""reverse"": ""nostalgix_card-back""}","{""name_printed"": ""Bubble Shield"", ""number"": ""144"", ""item_dimensions"": ""{\u0022height\u0022: \u002288\u0022, \u0022width\u0022: \u002263\u0022, \u0022unit\u0022: \u0022millimeter\u0022}""}",08a3f1c9-b324-4679-9055-0eccbf1c4dde,b2fa7b16-725d-44b1-8430-6135b7c922c6,Bubble Shield,Bubble Shield,{},nostalgix_base-set-1st-edition_bubble-shield
43a29f29-c6ea-4673-b4b6-0a95c8903766,item,1,0,"{""obverse"": ""nostalgix_base-set-1st-edition_laser-pointer"", ""reverse"": ""nostalgix_card-back""}","{""name_printed"": ""Laser Pointer"", ""number"": ""145"", ""item_dimensions"": ""{\u0022height\u0022: \u002288\u0022, \u0022width\u0022: \u002263\u0022, \u0022unit\u0022: \u0022millimeter\u0022}""}",08a3f1c9-b324-4679-9055-0eccbf1c4dde,b2fa7b16-725d-44b1-8430-6135b7c922c6,Laser Pointer,Laser Pointer,{},nostalgix_base-set-1st-edition_laser-pointer
454fecc8-ee08-44b8-a094-c87260a673b9,item,1,0,"{""obverse"": ""nostalgix_base-set-1st-edition_magician's-bag"", ""reverse"": ""nostalgix_card-back""}","{""name_printed"": ""Magician's Bag"", ""number"": ""146"", ""item_dimensions"": ""{\u0022height\u0022: \u002288\u0022, \u0022width\u0022: \u002263\u0022, \u0022unit\u0022: \u0022millimeter\u0022}""}",08a3f1c9-b324-4679-9055-0eccbf1c4dde,b2fa7b16-725d-44b1-8430-6135b7c922c6,Magician's Bag,Magician's Bag,{},nostalgix_base-set-1st-edition_magician's-bag
225e9d09-ba14-40e8-9c93-aee4684071ff,item,1,0,"{""obverse"": ""nostalgix_base-set-1st-edition_malfunctioning-drone"", ""reverse"": ""nostalgix_card-back""}","{""name_printed"": ""Malfunctioning Drone"", ""number"": ""147"", ""item_dimensions"": ""{\u0022height\u0022: \u002288\u0022, \u0022width\u0022: \u002263\u0022, \u0022unit\u0022: \u0022millimeter\u0022}""}",08a3f1c9-b324-4679-9055-0eccbf1c4dde,b2fa7b16-725d-44b1-8430-6135b7c922c6,Malfunctioning Drone,Malfunctioning Drone,{},nostalgix_base-set-1st-edition_malfunctioning-drone
5fca96b8-6b61-4cdd-8a2b-c3f462bda6e4,item,1,0,"{""obverse"": ""nostalgix_base-set-1st-edition_mysterious-vial"", ""reverse"": ""nostalgix_card-back""}","{""name_printed"": ""Mysterious Vial"", ""number"": ""148"", ""item_dimensions"": ""{\u0022height\u0022: \u002288\u0022, \u0022width\u0022: \u002263\u0022, \u0022unit\u0022: \u0022millimeter\u0022}""}",08a3f1c9-b324-4679-9055-0eccbf1c4dde,b2fa7b16-725d-44b1-8430-6135b7c922c6,Mysterious Vial,Mysterious Vial,{},nostalgix_base-set-1st-edition_mysterious-vial
6b307dfc-6e84-4be3-96c1-1bed06b866c9,item,1,0,"{""obverse"": ""nostalgix_base-set-1st-edition_shield-of-allure-&-mockery"", ""reverse"": ""nostalgix_card-back""}","{""name_printed"": ""Shield of Allure & Mockery"", ""number"": ""149"", ""item_dimensions"": ""{\u0022height\u0022: \u002288\u0022, \u0022width\u0022: \u002263\u0022, \u0022unit\u0022: \u0022millimeter\u0022}""}",08a3f1c9-b324-4679-9055-0eccbf1c4dde,b2fa7b16-725d-44b1-8430-6135b7c922c6,Shield of Allure & Mockery,Shield of Allure & Mockery,{},nostalgix_base-set-1st-edition_shield-of-allure-&-mockery
3f3a8bb7-8eac-4a97-b3e8-b46cdf539388,item,1,0,"{""obverse"": ""nostalgix_base-set-1st-edition_wooden-boomerang"", ""reverse"": ""nostalgix_card-back""}","{""name_printed"": ""Wooden Boomerang"", ""number"": ""150"", ""item_dimensions"": ""{\u0022height\u0022: \u002288\u0022, \u0022width\u0022: \u002263\u0022, \u0022unit\u0022: \u0022millimeter\u0022}""}",08a3f1c9-b324-4679-9055-0eccbf1c4dde,b2fa7b16-725d-44b1-8430-6135b7c922c6,Wooden Boomerang,Wooden Boomerang,{},nostalgix_base-set-1st-edition_wooden-boomerang
74ac3b0f-6af0-4971-8bc0-0b95e19dd849,item,1,0,"{""obverse"": ""nostalgix_base-set-1st-edition_mob-arena"", ""reverse"": ""nostalgix_card-back""}","{""name_printed"": ""Mob Arena"", ""number"": ""151"", ""item_dimensions"": ""{\u0022height\u0022: \u002288\u0022, \u0022width\u0022: \u002263\u0022, \u0022unit\u0022: \u0022millimeter\u0022}""}",08a3f1c9-b324-4679-9055-0eccbf1c4dde,b2fa7b16-725d-44b1-8430-6135b7c922c6,Mob Arena,Mob Arena,{},nostalgix_base-set-1st-edition_mob-arena
acdf9480-8a5c-48f8-a59c-ffe2d7bf8a7a,item,1,0,"{""obverse"": ""nostalgix_base-set-1st-edition_nullifying-void"", ""reverse"": ""nostalgix_card-back""}","{""name_printed"": ""Nullifying Void"", ""number"": ""152"", ""item_dimensions"": ""{\u0022height\u0022: \u002288\u0022, \u0022width\u0022: \u002263\u0022, \u0022unit\u0022: \u0022millimeter\u0022}""}",08a3f1c9-b324-4679-9055-0eccbf1c4dde,b2fa7b16-725d-44b1-8430-6135b7c922c6,Nullifying Void,Nullifying Void,{},nostalgix_base-set-1st-edition_nullifying-void
aa51e166-98b9-4ece-9147-0c6286838726,item,1,0,"{""obverse"": ""nostalgix_base-set-1st-edition_proving-grounds"", ""reverse"": ""nostalgix_card-back""}","{""name_printed"": ""Proving Grounds"", ""number"": ""153"", ""item_dimensions"": ""{\u0022height\u0022: \u002288\u0022, \u0022width\u0022: \u002263\u0022, \u0022unit\u0022: \u0022millimeter\u0022}""}",08a3f1c9-b324-4679-9055-0eccbf1c4dde,b2fa7b16-725d-44b1-8430-6135b7c922c6,Proving Grounds,Proving Grounds,{},nostalgix_base-set-1st-edition_proving-grounds
89c62cf9-dffe-4a36-aa14-69f9eed10acb,item,1,0,"{""obverse"": ""nostalgix_base-set-1st-edition_rule-four"", ""reverse"": ""nostalgix_card-back""}","{""name_printed"": ""Rule Four"", ""number"": ""154"", ""item_dimensions"": ""{\u0022height\u0022: \u002288\u0022, \u0022width\u0022: \u002263\u0022, \u0022unit\u0022: \u0022millimeter\u0022}""}",08a3f1c9-b324-4679-9055-0eccbf1c4dde,b2fa7b16-725d-44b1-8430-6135b7c922c6,Rule Four,Rule Four,{},nostalgix_base-set-1st-edition_rule-four
dd273bdc-fb86-411d-9fa9-aae2dfcb091a,item,1,0,"{""obverse"": ""nostalgix_base-set-1st-edition_game-show"", ""reverse"": ""nostalgix_card-back""}","{""name_printed"": ""Game Show"", ""number"": ""155"", ""item_dimensions"": ""{\u0022height\u0022: \u002288\u0022, \u0022width\u0022: \u002263\u0022, \u0022unit\u0022: \u0022millimeter\u0022}""}",08a3f1c9-b324-4679-9055-0eccbf1c4dde,b2fa7b16-725d-44b1-8430-6135b7c922c6,Game Show,Game Show,{},nostalgix_base-set-1st-edition_game-show
30158c9c-0428-469e-a8c3-52afbd6aaa97,item,1,0,"{""obverse"": ""nostalgix_base-set-1st-edition_shell-storm"", ""reverse"": ""nostalgix_card-back""}","{""name_printed"": ""Shell Storm"", ""number"": ""156"", ""item_dimensions"": ""{\u0022height\u0022: \u002288\u0022, \u0022width\u0022: \u002263\u0022, \u0022unit\u0022: \u0022millimeter\u0022}""}",08a3f1c9-b324-4679-9055-0eccbf1c4dde,b2fa7b16-725d-44b1-8430-6135b7c922c6,Shell Storm,Shell Storm,{},nostalgix_base-set-1st-edition_shell-storm
edf352a5-3a0c-42cb-8e86-38d8b1299b87,item,1,0,"{""obverse"": ""nostalgix_base-set-1st-edition_tutorial-level"", ""reverse"": ""nostalgix_card-back""}","{""name_printed"": ""Tutorial Level"", ""number"": ""157"", ""item_dimensions"": ""{\u0022height\u0022: \u002288\u0022, \u0022width\u0022: \u002263\u0022, \u0022unit\u0022: \u0022millimeter\u0022}""}",08a3f1c9-b324-4679-9055-0eccbf1c4dde,b2fa7b16-725d-44b1-8430-6135b7c922c6,Tutorial Level,Tutorial Level,{},nostalgix_base-set-1st-edition_tutorial-level
55c54b2f-56a5-42c4-9b60-aac3c2764b0d,first-party-document,0,0,"{""obverse"": ""nostalgix_base-set-1st-edition_engineer-1p-[158]"", ""reverse"": ""nostalgix_card-back""}","{""name_printed"": ""Engineer.1P"", ""variant_disambiguator"": ""158"", ""number"": ""158"", ""item_dimensions"": ""{\u0022height\u0022: \u002288\u0022, \u0022width\u0022: \u002263\u0022, \u0022unit\u0022: \u0022millimeter\u0022}""}",08a3f1c9-b324-4679-9055-0eccbf1c4dde,b2fa7b16-725d-44b1-8430-6135b7c922c6,Engineer.1P,Engineer.1P [158],{},nostalgix_base-set-1st-edition_engineer-1p-[158]
637ce322-6a77-4dbe-9560-a3a0076175d9,first-party-document,0,0,"{""obverse"": ""nostalgix_base-set-1st-edition_bilaask-[159]"", ""reverse"": ""nostalgix_card-back""}","{""name_printed"": ""Bilaask"", ""variant_disambiguator"": ""159"", ""number"": ""159"", ""item_dimensions"": ""{\u0022height\u0022: \u002288\u0022, \u0022width\u0022: \u002263\u0022, \u0022unit\u0022: \u0022millimeter\u0022}""}",08a3f1c9-b324-4679-9055-0eccbf1c4dde,b2fa7b16-725d-44b1-8430-6135b7c922c6,Bilaask,Bilaask [159],{},nostalgix_base-set-1st-edition_bilaask-[159]
fa46d46a-232d-4b2c-8f78-efac164f8264,first-party-document,0,0,"{""obverse"": ""nostalgix_base-set-1st-edition_brekon-the-miner-[160]"", ""reverse"": ""nostalgix_card-back""}","{""name_printed"": ""Brekon the Miner"", ""variant_disambiguator"": ""160"", ""number"": ""160"", ""item_dimensions"": ""{\u0022height\u0022: \u002288\u0022, \u0022width\u0022: \u002263\u0022, \u0022unit\u0022: \u0022millimeter\u0022}""}",08a3f1c9-b324-4679-9055-0eccbf1c4dde,b2fa7b16-725d-44b1-8430-6135b7c922c6,Brekon the Miner,Brekon the Miner [160],{},nostalgix_base-set-1st-edition_brekon-the-miner-[160]
62933221-ff28-49be-abb9-fc98cbca3394,first-party-document,0,0,"{""obverse"": ""nostalgix_base-set-1st-edition_detective-mako-[161]"", ""reverse"": ""nostalgix_card-back""}","{""name_printed"": ""Detective Mako"", ""variant_disambiguator"": ""161"", ""number"": ""161"", ""item_dimensions"": ""{\u0022height\u0022: \u002288\u0022, \u0022width\u0022: \u002263\u0022, \u0022unit\u0022: \u0022millimeter\u0022}""}",08a3f1c9-b324-4679-9055-0eccbf1c4dde,b2fa7b16-725d-44b1-8430-6135b7c922c6,Detective Mako,Detective Mako [161],{},nostalgix_base-set-1st-edition_detective-mako-[161]
a895cb5f-3777-425e-a555-cf8d386efcc2,first-party-document,0,0,"{""obverse"": ""nostalgix_base-set-1st-edition_doctor-corvus-[162]"", ""reverse"": ""nostalgix_card-back""}","{""name_printed"": ""Doctor Corvus"", ""variant_disambiguator"": ""162"", ""number"": ""162"", ""item_dimensions"": ""{\u0022height\u0022: \u002288\u0022, \u0022width\u0022: \u002263\u0022, \u0022unit\u0022: \u0022millimeter\u0022}""}",08a3f1c9-b324-4679-9055-0eccbf1c4dde,b2fa7b16-725d-44b1-8430-6135b7c922c6,Doctor Corvus,Doctor Corvus [162],{},nostalgix_base-set-1st-edition_doctor-corvus-[162]
80ff1818-b125-4cfe-9786-d9046d05c310,first-party-document,0,0,"{""obverse"": ""nostalgix_base-set-1st-edition_evelyn-[163]"", ""reverse"": ""nostalgix_card-back""}","{""name_printed"": ""Evelyn"", ""variant_disambiguator"": ""163"", ""number"": ""163"", ""item_dimensions"": ""{\u0022height\u0022: \u002288\u0022, \u0022width\u0022: \u002263\u0022, \u0022unit\u0022: \u0022millimeter\u0022}""}",08a3f1c9-b324-4679-9055-0eccbf1c4dde,b2fa7b16-725d-44b1-8430-6135b7c922c6,Evelyn,Evelyn [163],{},nostalgix_base-set-1st-edition_evelyn-[163]
d72a5a2c-326f-476a-a236-d682d67165f8,first-party-document,0,0,"{""obverse"": ""nostalgix_base-set-1st-edition_nekira,-herald-of-the-kraken-[164]"", ""reverse"": ""nostalgix_card-back""}","{""name_printed"": ""Nekira, Herald of the Kraken"", ""variant_disambiguator"": ""164"", ""number"": ""164"", ""item_dimensions"": ""{\u0022height\u0022: \u002288\u0022, \u0022width\u0022: \u002263\u0022, \u0022unit\u0022: \u0022millimeter\u0022}""}",08a3f1c9-b324-4679-9055-0eccbf1c4dde,b2fa7b16-725d-44b1-8430-6135b7c922c6,"Nekira, Herald of the Kraken","Nekira, Herald of the Kraken [164]",{},"nostalgix_base-set-1st-edition_nekira,-herald-of-the-kraken-[164]"
e72f5e59-1ccc-4edf-8a1c-5f4a7fb1345a,first-party-document,0,0,"{""obverse"": ""nostalgix_base-set-1st-edition_lucky-frog-merchant-[165]"", ""reverse"": ""nostalgix_card-back""}","{""name_printed"": ""Lucky Frog Merchant"", ""variant_disambiguator"": ""165"", ""number"": ""165"", ""item_dimensions"": ""{\u0022height\u0022: \u002288\u0022, \u0022width\u0022: \u002263\u0022, \u0022unit\u0022: \u0022millimeter\u0022}""}",08a3f1c9-b324-4679-9055-0eccbf1c4dde,b2fa7b16-725d-44b1-8430-6135b7c922c6,Lucky Frog Merchant,Lucky Frog Merchant [165],{},nostalgix_base-set-1st-edition_lucky-frog-merchant-[165]
41e7b422-639d-42e5-aa97-cdbfa6f904d1,first-party-document,0,0,"{""obverse"": ""nostalgix_base-set-1st-edition_shimmer-seraph-[166]"", ""reverse"": ""nostalgix_card-back""}","{""name_printed"": ""Shimmer Seraph"", ""variant_disambiguator"": ""166"", ""number"": ""166"", ""item_dimensions"": ""{\u0022height\u0022: \u002288\u0022, \u0022width\u0022: \u002263\u0022, \u0022unit\u0022: \u0022millimeter\u0022}""}",08a3f1c9-b324-4679-9055-0eccbf1c4dde,b2fa7b16-725d-44b1-8430-6135b7c922c6,Shimmer Seraph,Shimmer Seraph [166],{},nostalgix_base-set-1st-edition_shimmer-seraph-[166]
2a514135-8677-45b6-96d3-ad97927f9768,first-party-document,0,0,"{""obverse"": ""nostalgix_base-set-1st-edition_vix-of-the-six-[167]"", ""reverse"": ""nostalgix_card-back""}","{""name_printed"": ""Vix of the Six"", ""variant_disambiguator"": ""167"", ""number"": ""167"", ""item_dimensions"": ""{\u0022height\u0022: \u002288\u0022, \u0022width\u0022: \u002263\u0022, \u0022unit\u0022: \u0022millimeter\u0022}""}",08a3f1c9-b324-4679-9055-0eccbf1c4dde,b2fa7b16-725d-44b1-8430-6135b7c922c6,Vix of the Six,Vix of the Six [167],{},nostalgix_base-set-1st-edition_vix-of-the-six-[167]
972b83e3-f54c-48f3-afd5-78bb60d4810a,first-party-document,0,0,"{""obverse"": ""nostalgix_base-set-1st-edition_gametron-[168]"", ""reverse"": ""nostalgix_card-back""}","{""name_printed"": ""Gametron"", ""variant_disambiguator"": ""168"", ""number"": ""168"", ""item_dimensions"": ""{\u0022height\u0022: \u002288\u0022, \u0022width\u0022: \u002263\u0022, \u0022unit\u0022: \u0022millimeter\u0022}""}",08a3f1c9-b324-4679-9055-0eccbf1c4dde,b2fa7b16-725d-44b1-8430-6135b7c922c6,Gametron,Gametron [168],{},nostalgix_base-set-1st-edition_gametron-[168]
2b945f4d-358c-4892-ade4-0163fa853028,first-party-document,0,0,"{""obverse"": ""nostalgix_base-set-1st-edition_gelephant-[169]"", ""reverse"": ""nostalgix_card-back""}","{""name_printed"": ""Gelephant"", ""variant_disambiguator"": ""169"", ""number"": ""169"", ""item_dimensions"": ""{\u0022height\u0022: \u002288\u0022, \u0022width\u0022: \u002263\u0022, \u0022unit\u0022: \u0022millimeter\u0022}""}",08a3f1c9-b324-4679-9055-0eccbf1c4dde,b2fa7b16-725d-44b1-8430-6135b7c922c6,Gelephant,Gelephant [169],{},nostalgix_base-set-1st-edition_gelephant-[169]
444d6b16-06ef-462f-823d-6e581c356981,first-party-document,0,0,"{""obverse"": ""nostalgix_base-set-1st-edition_falkyrien-[170]"", ""reverse"": ""nostalgix_card-back""}","{""name_printed"": ""Falkyrien"", ""variant_disambiguator"": ""170"", ""number"": ""170"", ""item_dimensions"": ""{\u0022height\u0022: \u002288\u0022, \u0022width\u0022: \u002263\u0022, \u0022unit\u0022: \u0022millimeter\u0022}""}",08a3f1c9-b324-4679-9055-0eccbf1c4dde,b2fa7b16-725d-44b1-8430-6135b7c922c6,Falkyrien,Falkyrien [170],{},nostalgix_base-set-1st-edition_falkyrien-[170]
173526b8-6584-472c-a949-45a6a7c9113f,first-party-document,0,0,"{""obverse"": ""nostalgix_base-set-1st-edition_roserine-[171]"", ""reverse"": ""nostalgix_card-back""}","{""name_printed"": ""Roserine"", ""variant_disambiguator"": ""171"", ""number"": ""171"", ""item_dimensions"": ""{\u0022height\u0022: \u002288\u0022, \u0022width\u0022: \u002263\u0022, \u0022unit\u0022: \u0022millimeter\u0022}""}",08a3f1c9-b324-4679-9055-0eccbf1c4dde,b2fa7b16-725d-44b1-8430-6135b7c922c6,Roserine,Roserine [171],{},nostalgix_base-set-1st-edition_roserine-[171]
33897c28-54a9-49c7-99d8-fadc44d365d3,first-party-document,0,0,"{""obverse"": ""nostalgix_base-set-1st-edition_stack-o-fox-[172]"", ""reverse"": ""nostalgix_card-back""}","{""name_printed"": ""Stack-O-Fox"", ""variant_disambiguator"": ""172"", ""number"": ""172"", ""item_dimensions"": ""{\u0022height\u0022: \u002288\u0022, \u0022width\u0022: \u002263\u0022, \u0022unit\u0022: \u0022millimeter\u0022}""}",08a3f1c9-b324-4679-9055-0eccbf1c4dde,b2fa7b16-725d-44b1-8430-6135b7c922c6,Stack-O-Fox,Stack-O-Fox [172],{},nostalgix_base-set-1st-edition_stack-o-fox-[172]
e3ebb064-5627-4011-a428-598c05c10968,first-party-document,0,0,"{""obverse"": ""nostalgix_base-set-1st-edition_venomusa-[173]"", ""reverse"": ""nostalgix_card-back""}","{""name_printed"": ""Venomusa"", ""variant_disambiguator"": ""173"", ""number"": ""173"", ""item_dimensions"": ""{\u0022height\u0022: \u002288\u0022, \u0022width\u0022: \u002263\u0022, \u0022unit\u0022: \u0022millimeter\u0022}""}",08a3f1c9-b324-4679-9055-0eccbf1c4dde,b2fa7b16-725d-44b1-8430-6135b7c922c6,Venomusa,Venomusa [173],{},nostalgix_base-set-1st-edition_venomusa-[173]
07f23416-0c98-46c8-8921-a85a2cdaf2a6,first-party-document,0,0,"{""obverse"": ""nostalgix_base-set-1st-edition_engineer-1p-[174]"", ""reverse"": ""nostalgix_card-back""}","{""name_printed"": ""Engineer.1P"", ""variant_disambiguator"": ""174"", ""number"": ""174"", ""item_dimensions"": ""{\u0022height\u0022: \u002288\u0022, \u0022width\u0022: \u002263\u0022, \u0022unit\u0022: \u0022millimeter\u0022}""}",08a3f1c9-b324-4679-9055-0eccbf1c4dde,b2fa7b16-725d-44b1-8430-6135b7c922c6,Engineer.1P,Engineer.1P [174],{},nostalgix_base-set-1st-edition_engineer-1p-[174]
38e3581d-5c73-4d01-8ad3-6cb6590b3fca,first-party-document,0,0,"{""obverse"": ""nostalgix_base-set-1st-edition_bilaask-[175]"", ""reverse"": ""nostalgix_card-back""}","{""name_printed"": ""Bilaask"", ""variant_disambiguator"": ""175"", ""number"": ""175"", ""item_dimensions"": ""{\u0022height\u0022: \u002288\u0022, \u0022width\u0022: \u002263\u0022, \u0022unit\u0022: \u0022millimeter\u0022}""}",08a3f1c9-b324-4679-9055-0eccbf1c4dde,b2fa7b16-725d-44b1-8430-6135b7c922c6,Bilaask,Bilaask [175],{},nostalgix_base-set-1st-edition_bilaask-[175]
dd28f21f-f381-4842-b800-810c01f193db,first-party-document,0,0,"{""obverse"": ""nostalgix_base-set-1st-edition_brekon-the-miner-[176]"", ""reverse"": ""nostalgix_card-back""}","{""name_printed"": ""Brekon the Miner"", ""variant_disambiguator"": ""176"", ""number"": ""176"", ""item_dimensions"": ""{\u0022height\u0022: \u002288\u0022, \u0022width\u0022: \u002263\u0022, \u0022unit\u0022: \u0022millimeter\u0022}""}",08a3f1c9-b324-4679-9055-0eccbf1c4dde,b2fa7b16-725d-44b1-8430-6135b7c922c6,Brekon the Miner,Brekon the Miner [176],{},nostalgix_base-set-1st-edition_brekon-the-miner-[176]
1400c7e0-70be-44d1-a17d-da9bdbe75242,first-party-document,0,0,"{""obverse"": ""nostalgix_base-set-1st-edition_detective-mako-[177]"", ""reverse"": ""nostalgix_card-back""}","{""name_printed"": ""Detective Mako"", ""variant_disambiguator"": ""177"", ""number"": ""177"", ""item_dimensions"": ""{\u0022height\u0022: \u002288\u0022, \u0022width\u0022: \u002263\u0022, \u0022unit\u0022: \u0022millimeter\u0022}""}",08a3f1c9-b324-4679-9055-0eccbf1c4dde,b2fa7b16-725d-44b1-8430-6135b7c922c6,Detective Mako,Detective Mako [177],{},nostalgix_base-set-1st-edition_detective-mako-[177]
385b42f0-12d9-44ae-a6ed-45a9e5178093,first-party-document,0,0,"{""obverse"": ""nostalgix_base-set-1st-edition_doctor-corvus-[178]"", ""reverse"": ""nostalgix_card-back""}","{""name_printed"": ""Doctor Corvus"", ""variant_disambiguator"": ""178"", ""number"": ""178"", ""item_dimensions"": ""{\u0022height\u0022: \u002288\u0022, \u0022width\u0022: \u002263\u0022, \u0022unit\u0022: \u0022millimeter\u0022}""}",08a3f1c9-b324-4679-9055-0eccbf1c4dde,b2fa7b16-725d-44b1-8430-6135b7c922c6,Doctor Corvus,Doctor Corvus [178],{},nostalgix_base-set-1st-edition_doctor-corvus-[178]
57d17014-2f74-4d22-88c0-3a519af934ab,first-party-document,0,0,"{""obverse"": ""nostalgix_base-set-1st-edition_evelyn-[179]"", ""reverse"": ""nostalgix_card-back""}","{""name_printed"": ""Evelyn"", ""variant_disambiguator"": ""179"", ""number"": ""179"", ""item_dimensions"": ""{\u0022height\u0022: \u002288\u0022, \u0022width\u0022: \u002263\u0022, \u0022unit\u0022: \u0022millimeter\u0022}""}",08a3f1c9-b324-4679-9055-0eccbf1c4dde,b2fa7b16-725d-44b1-8430-6135b7c922c6,Evelyn,Evelyn [179],{},nostalgix_base-set-1st-edition_evelyn-[179]
de29e201-b828-4344-91d0-3371e2ad4385,first-party-document,0,0,"{""obverse"": ""nostalgix_base-set-1st-edition_nekira,-herald-of-the-kraken-[180]"", ""reverse"": ""nostalgix_card-back""}","{""name_printed"": ""Nekira, Herald of the Kraken"", ""variant_disambiguator"": ""180"", ""number"": ""180"", ""item_dimensions"": ""{\u0022height\u0022: \u002288\u0022, \u0022width\u0022: \u002263\u0022, \u0022unit\u0022: \u0022millimeter\u0022}""}",08a3f1c9-b324-4679-9055-0eccbf1c4dde,b2fa7b16-725d-44b1-8430-6135b7c922c6,"Nekira, Herald of the Kraken","Nekira, Herald of the Kraken [180]",{},"nostalgix_base-set-1st-edition_nekira,-herald-of-the-kraken-[180]"
0c9217ee-3c38-438c-be2f-e82f9f51a379,first-party-document,0,0,"{""obverse"": ""nostalgix_base-set-1st-edition_lucky-frog-merchant-[181]"", ""reverse"": ""nostalgix_card-back""}","{""name_printed"": ""Lucky Frog Merchant"", ""variant_disambiguator"": ""181"", ""number"": ""181"", ""item_dimensions"": ""{\u0022height\u0022: \u002288\u0022, \u0022width\u0022: \u002263\u0022, \u0022unit\u0022: \u0022millimeter\u0022}""}",08a3f1c9-b324-4679-9055-0eccbf1c4dde,b2fa7b16-725d-44b1-8430-6135b7c922c6,Lucky Frog Merchant,Lucky Frog Merchant [181],{},nostalgix_base-set-1st-edition_lucky-frog-merchant-[181]
600c0226-e144-4257-be36-46a2673c4769,first-party-document,0,0,"{""obverse"": ""nostalgix_base-set-1st-edition_shimmer-seraph-[182]"", ""reverse"": ""nostalgix_card-back""}","{""name_printed"": ""Shimmer Seraph"", ""variant_disambiguator"": ""182"", ""number"": ""182"", ""item_dimensions"": ""{\u0022height\u0022: \u002288\u0022, \u0022width\u0022: \u002263\u0022, \u0022unit\u0022: \u0022millimeter\u0022}""}",08a3f1c9-b324-4679-9055-0eccbf1c4dde,b2fa7b16-725d-44b1-8430-6135b7c922c6,Shimmer Seraph,Shimmer Seraph [182],{},nostalgix_base-set-1st-edition_shimmer-seraph-[182]
b8124a65-9c1f-4a5a-9347-665e7148a9b2,first-party-document,0,0,"{""obverse"": ""nostalgix_base-set-1st-edition_vix-of-the-six-[183]"", ""reverse"": ""nostalgix_card-back""}","{""name_printed"": ""Vix of the Six"", ""variant_disambiguator"": ""183"", ""number"": ""183"", ""item_dimensions"": ""{\u0022height\u0022: \u002288\u0022, \u0022width\u0022: \u002263\u0022, \u0022unit\u0022: \u0022millimeter\u0022}""}",08a3f1c9-b324-4679-9055-0eccbf1c4dde,b2fa7b16-725d-44b1-8430-6135b7c922c6,Vix of the Six,Vix of the Six [183],{},nostalgix_base-set-1st-edition_vix-of-the-six-[183]
ea5e9c03-0e54-4916-afb0-26960144e7e1,first-party-document,0,0,"{""obverse"": ""nostalgix_base-set-1st-edition_shiiga-the-destroyer"", ""reverse"": ""nostalgix_card-back""}","{""name_printed"": ""Shiiga the Destroyer"", ""number"": ""184"", ""item_dimensions"": ""{\u0022height\u0022: \u002288\u0022, \u0022width\u0022: \u002263\u0022, \u0022unit\u0022: \u0022millimeter\u0022}""}",08a3f1c9-b324-4679-9055-0eccbf1c4dde,b2fa7b16-725d-44b1-8430-6135b7c922c6,Shiiga the Destroyer,Shiiga the Destroyer,{},nostalgix_base-set-1st-edition_shiiga-the-destroyer
b9d2f860-3688-41b1-bac2-1345caa5dec5,first-party-document,0,0,"{""obverse"": ""nostalgix_base-set-1st-edition_lucky-frog-[185]"", ""reverse"": ""nostalgix_card-back""}","{""name_printed"": ""Lucky Frog"", ""variant_disambiguator"": ""185"", ""number"": ""185"", ""item_dimensions"": ""{\u0022height\u0022: \u002288\u0022, \u0022width\u0022: \u002263\u0022, \u0022unit\u0022: \u0022millimeter\u0022}""}",08a3f1c9-b324-4679-9055-0eccbf1c4dde,b2fa7b16-725d-44b1-8430-6135b7c922c6,Lucky Frog,Lucky Frog [185],{},nostalgix_base-set-1st-edition_lucky-frog-[185]
1550f8b5-0022-47ab-974f-527fd38f6cbc,first-party-document,0,0,"{""obverse"": ""nostalgix_day-zero_applith"", ""reverse"": ""nostalgix_card-back""}","{""name_printed"": ""Applith"", ""number"": ""168"", ""item_dimensions"": ""{\u0022height\u0022: \u002288\u0022, \u0022width\u0022: \u002263\u0022, \u0022unit\u0022: \u0022millimeter\u0022}""}",08a3f1c9-b324-4679-9055-0eccbf1c4dde,99a68318-03dc-4da7-8eea-3202d3220769,Applith,Applith,{},nostalgix_day-zero_applith
b6a1573f-83eb-4d18-8107-9c5790837bf6,first-party-document,0,0,"{""obverse"": ""nostalgix_day-zero_avengaline"", ""reverse"": ""nostalgix_card-back""}","{""name_printed"": ""Avengaline"", ""number"": ""169"", ""item_dimensions"": ""{\u0022height\u0022: \u002288\u0022, \u0022width\u0022: \u002263\u0022, \u0022unit\u0022: \u0022millimeter\u0022}""}",08a3f1c9-b324-4679-9055-0eccbf1c4dde,99a68318-03dc-4da7-8eea-3202d3220769,Avengaline,Avengaline,{},nostalgix_day-zero_avengaline
526055b1-00ae-40bf-bdc3-e5f6328a8cce,first-party-document,0,0,"{""obverse"": ""nostalgix_day-zero_booster-box-dragon"", ""reverse"": ""nostalgix_card-back""}","{""name_printed"": ""Booster Box Dragon"", ""number"": ""170"", ""item_dimensions"": ""{\u0022height\u0022: \u002288\u0022, \u0022width\u0022: \u002263\u0022, \u0022unit\u0022: \u0022millimeter\u0022}""}",08a3f1c9-b324-4679-9055-0eccbf1c4dde,99a68318-03dc-4da7-8eea-3202d3220769,Booster Box Dragon,Booster Box Dragon,{},nostalgix_day-zero_booster-box-dragon
f01b9769-afe0-4f8c-ab83-8c1711fda691,first-party-document,0,0,"{""obverse"": ""nostalgix_day-zero_cielkasta"", ""reverse"": ""nostalgix_card-back""}","{""name_printed"": ""Cielkasta"", ""number"": ""171"", ""item_dimensions"": ""{\u0022height\u0022: \u002288\u0022, \u0022width\u0022: \u002263\u0022, \u0022unit\u0022: \u0022millimeter\u0022}""}",08a3f1c9-b324-4679-9055-0eccbf1c4dde,99a68318-03dc-4da7-8eea-3202d3220769,Cielkasta,Cielkasta,{},nostalgix_day-zero_cielkasta
4b4908be-d7d1-4431-b2af-bba22b06ed3a,first-party-document,0,0,"{""obverse"": ""nostalgix_day-zero_puppetmaster-rong"", ""reverse"": ""nostalgix_card-back""}","{""name_printed"": ""Puppetmaster Rong"", ""number"": ""172"", ""item_dimensions"": ""{\u0022height\u0022: \u002288\u0022, \u0022width\u0022: \u002263\u0022, \u0022unit\u0022: \u0022millimeter\u0022}""}",08a3f1c9-b324-4679-9055-0eccbf1c4dde,99a68318-03dc-4da7-8eea-3202d3220769,Puppetmaster Rong,Puppetmaster Rong,{},nostalgix_day-zero_puppetmaster-rong
a88935f3-909d-4ff5-99d2-bac4eef91272,first-party-document,0,0,"{""obverse"": ""nostalgix_day-zero_xenobot"", ""reverse"": ""nostalgix_card-back""}","{""name_printed"": ""Xenobot"", ""number"": ""173"", ""item_dimensions"": ""{\u0022height\u0022: \u002288\u0022, \u0022width\u0022: \u002263\u0022, \u0022unit\u0022: \u0022millimeter\u0022}""}",08a3f1c9-b324-4679-9055-0eccbf1c4dde,99a68318-03dc-4da7-8eea-3202d3220769,Xenobot,Xenobot,{},nostalgix_day-zero_xenobot
b5cbc7f9-f17d-41fd-a54f-004e05993b52,first-party-document,0,0,"{""obverse"": ""nostalgix_other_pyrox"", ""reverse"": ""nostalgix_card-back""}","{""name_printed"": ""Pyrox"", ""number"": ""SS1-001"", ""item_dimensions"": ""{\u0022height\u0022: \u002288\u0022, \u0022width\u0022: \u002263\u0022, \u0022unit\u0022: \u0022millimeter\u0022}""}",08a3f1c9-b324-4679-9055-0eccbf1c4dde,20660a77-0983-47ab-b671-3146a322b4c5,Pyrox,Pyrox,{},nostalgix_other_pyrox
d84ad5a2-6d05-4f64-960f-68848b4c9aa0,first-party-document,0,0,"{""obverse"": ""nostalgix_other_lucky-frog"", ""reverse"": ""nostalgix_card-back""}","{""name_printed"": ""Lucky Frog"", ""number"": ""SS1-002"", ""item_dimensions"": ""{\u0022height\u0022: \u002288\u0022, \u0022width\u0022: \u002263\u0022, \u0022unit\u0022: \u0022millimeter\u0022}""}",08a3f1c9-b324-4679-9055-0eccbf1c4dde,20660a77-0983-47ab-b671-3146a322b4c5,Lucky Frog,Lucky Frog,{},nostalgix_other_lucky-frog
32ad5fbf-4a11-4170-b97c-3945fb87572b,first-party-document,0,0,"{""obverse"": ""nostalgix_other_rollet"", ""reverse"": ""nostalgix_card-back""}","{""name_printed"": ""Rollet"", ""number"": ""SS1-003"", ""item_dimensions"": ""{\u0022height\u0022: \u002288\u0022, \u0022width\u0022: \u002263\u0022, \u0022unit\u0022: \u0022millimeter\u0022}""}",08a3f1c9-b324-4679-9055-0eccbf1c4dde,20660a77-0983-47ab-b671-3146a322b4c5,Rollet,Rollet,{},nostalgix_other_rollet
7d82ccba-5969-4fcc-9381-5e5e9f7a9561,first-party-document,0,0,"{""obverse"": ""nostalgix_other_robelle"", ""reverse"": ""nostalgix_card-back""}","{""name_printed"": ""Robelle"", ""number"": ""SS1-004"", ""item_dimensions"": ""{\u0022height\u0022: \u002288\u0022, \u0022width\u0022: \u002263\u0022, \u0022unit\u0022: \u0022millimeter\u0022}""}",08a3f1c9-b324-4679-9055-0eccbf1c4dde,20660a77-0983-47ab-b671-3146a322b4c5,Robelle,Robelle,{},nostalgix_other_robelle
a46f4013-a298-4187-81ff-f7ce67395c49,first-party-document,0,0,"{""obverse"": ""nostalgix_other_roserine"", ""reverse"": ""nostalgix_card-back""}","{""name_printed"": ""Roserine"", ""number"": ""SS1-005"", ""item_dimensions"": ""{\u0022height\u0022: \u002288\u0022, \u0022width\u0022: \u002263\u0022, \u0022unit\u0022: \u0022millimeter\u0022}""}",08a3f1c9-b324-4679-9055-0eccbf1c4dde,20660a77-0983-47ab-b671-3146a322b4c5,Roserine,Roserine,{},nostalgix_other_roserine
3540c5eb-c5e5-4075-8ba1-02540a288065,first-party-document,0,0,"{""obverse"": ""nostalgix_other_chronokyros"", ""reverse"": ""nostalgix_card-back""}","{""name_printed"": ""Chronokyros"", ""number"": ""SS1-006"", ""item_dimensions"": ""{\u0022height\u0022: \u002288\u0022, \u0022width\u0022: \u002263\u0022, \u0022unit\u0022: \u0022millimeter\u0022}""}",08a3f1c9-b324-4679-9055-0eccbf1c4dde,20660a77-0983-47ab-b671-3146a322b4c5,Chronokyros,Chronokyros,{},nostalgix_other_chronokyros
3ed03f1c-2008-4fcd-8c51-999c152287df,first-party-document,0,0,"{""obverse"": ""nostalgix_other_semperkin"", ""reverse"": ""nostalgix_card-back""}","{""name_printed"": ""Semperkin"", ""number"": ""SS2-001"", ""item_dimensions"": ""{\u0022height\u0022: \u002288\u0022, \u0022width\u0022: \u002263\u0022, \u0022unit\u0022: \u0022millimeter\u0022}""}",08a3f1c9-b324-4679-9055-0eccbf1c4dde,20660a77-0983-47ab-b671-3146a322b4c5,Semperkin,Semperkin,{},nostalgix_other_semperkin
68babfb9-8f82-4183-879c-8806df8f5e3d,first-party-document,0,0,"{""obverse"": ""nostalgix_other_demle"", ""reverse"": ""nostalgix_card-back""}","{""name_printed"": ""Demle"", ""number"": ""SS2-002"", ""item_dimensions"": ""{\u0022height\u0022: \u002288\u0022, \u0022width\u0022: \u002263\u0022, \u0022unit\u0022: \u0022millimeter\u0022}""}",08a3f1c9-b324-4679-9055-0eccbf1c4dde,20660a77-0983-47ab-b671-3146a322b4c5,Demle,Demle,{},nostalgix_other_demle
0763ca06-798e-4dcb-ab38-791141ba45d9,first-party-document,0,0,"{""obverse"": ""nostalgix_other_succore"", ""reverse"": ""nostalgix_card-back""}","{""name_printed"": ""Succore"", ""number"": ""SS2-003"", ""item_dimensions"": ""{\u0022height\u0022: \u002288\u0022, \u0022width\u0022: \u002263\u0022, \u0022unit\u0022: \u0022millimeter\u0022}""}",08a3f1c9-b324-4679-9055-0eccbf1c4dde,20660a77-0983-47ab-b671-3146a322b4c5,Succore,Succore,{},nostalgix_other_succore
0c646af1-6f6b-475a-8a71-f470f2792cec,first-party-document,0,0,"{""obverse"": ""nostalgix_other_applith"", ""reverse"": ""nostalgix_card-back""}","{""name_printed"": ""Applith"", ""number"": ""SS2-004"", ""item_dimensions"": ""{\u0022height\u0022: \u002288\u0022, \u0022width\u0022: \u002263\u0022, \u0022unit\u0022: \u0022millimeter\u0022}""}",08a3f1c9-b324-4679-9055-0eccbf1c4dde,20660a77-0983-47ab-b671-3146a322b4c5,Applith,Applith,{},nostalgix_other_applith
fb163587-63fb-4ca8-9429-cd0601ac780a,first-party-document,0,0,"{""obverse"": ""nostalgix_other_falkyrien"", ""reverse"": ""nostalgix_card-back""}","{""name_printed"": ""Falkyrien"", ""number"": ""SS2-005"", ""item_dimensions"": ""{\u0022height\u0022: \u002288\u0022, \u0022width\u0022: \u002263\u0022, \u0022unit\u0022: \u0022millimeter\u0022}""}",08a3f1c9-b324-4679-9055-0eccbf1c4dde,20660a77-0983-47ab-b671-3146a322b4c5,Falkyrien,Falkyrien,{},nostalgix_other_falkyrien
90bbfd72-1809-42e3-a925-8f03e8a5060b,first-party-document,0,0,"{""obverse"": ""nostalgix_other_pyroak"", ""reverse"": ""nostalgix_card-back""}","{""name_printed"": ""Pyroak"", ""number"": ""SS2-006"", ""item_dimensions"": ""{\u0022height\u0022: \u002288\u0022, \u0022width\u0022: \u002263\u0022, \u0022unit\u0022: \u0022millimeter\u0022}""}",08a3f1c9-b324-4679-9055-0eccbf1c4dde,20660a77-0983-47ab-b671-3146a322b4c5,Pyroak,Pyroak,{},nostalgix_other_pyroak
5ff50f61-aac6-4b96-bac7-4ad896a9c723,first-party-document,0,0,"{""obverse"": ""nostalgix_other_valentine's-voodoll"", ""reverse"": ""nostalgix_card-back""}","{""name_printed"": ""Valentine's Voodoll"", ""number"": ""SS2-007"", ""item_dimensions"": ""{\u0022height\u0022: \u002288\u0022, \u0022width\u0022: \u002263\u0022, \u0022unit\u0022: \u0022millimeter\u0022}""}",08a3f1c9-b324-4679-9055-0eccbf1c4dde,20660a77-0983-47ab-b671-3146a322b4c5,Valentine's Voodoll,Valentine's Voodoll,{},nostalgix_other_valentine's-voodoll
b0db6cbb-eabd-40d6-8c7d-05971ea9e843,first-party-document,0,0,"{""obverse"": ""nostalgix_other_lilaeth"", ""reverse"": ""nostalgix_card-back""}","{""name_printed"": ""Lilaeth"", ""number"": ""SS3-001"", ""item_dimensions"": ""{\u0022height\u0022: \u002288\u0022, \u0022width\u0022: \u002263\u0022, \u0022unit\u0022: \u0022millimeter\u0022}""}",08a3f1c9-b324-4679-9055-0eccbf1c4dde,20660a77-0983-47ab-b671-3146a322b4c5,Lilaeth,Lilaeth,{},nostalgix_other_lilaeth
943af7f0-76cb-41e6-8e18-1bb57eeefa62,first-party-document,0,0,"{""obverse"": ""nostalgix_other_xenobot-[ss3-002]"", ""reverse"": ""nostalgix_card-back""}","{""name_printed"": ""Xenobot"", ""variant_disambiguator"": ""SS3-002"", ""number"": ""SS3-002"", ""item_dimensions"": ""{\u0022height\u0022: \u002288\u0022, \u0022width\u0022: \u002263\u0022, \u0022unit\u0022: \u0022millimeter\u0022}""}",08a3f1c9-b324-4679-9055-0eccbf1c4dde,20660a77-0983-47ab-b671-3146a322b4c5,Xenobot,Xenobot [SS3-002],{},nostalgix_other_xenobot-[ss3-002]
ce9f25d0-132d-445c-883f-d81e9a19b018,first-party-document,0,0,"{""obverse"": ""nostalgix_other_grotbloom"", ""reverse"": ""nostalgix_card-back""}","{""name_printed"": ""Grotbloom"", ""number"": ""SS3-003"", ""item_dimensions"": ""{\u0022height\u0022: \u002288\u0022, \u0022width\u0022: \u002263\u0022, \u0022unit\u0022: \u0022millimeter\u0022}""}",08a3f1c9-b324-4679-9055-0eccbf1c4dde,20660a77-0983-47ab-b671-3146a322b4c5,Grotbloom,Grotbloom,{},nostalgix_other_grotbloom
009cd2d6-7bac-4af5-8a94-8dc22ae45b0c,first-party-document,0,0,"{""obverse"": ""nostalgix_other_evelyn"", ""reverse"": ""nostalgix_card-back""}","{""name_printed"": ""Evelyn"", ""number"": ""SS3-004"", ""item_dimensions"": ""{\u0022height\u0022: \u002288\u0022, \u0022width\u0022: \u002263\u0022, \u0022unit\u0022: \u0022millimeter\u0022}""}",08a3f1c9-b324-4679-9055-0eccbf1c4dde,20660a77-0983-47ab-b671-3146a322b4c5,Evelyn,Evelyn,{},nostalgix_other_evelyn
1041203a-2098-4cf4-9541-405392a62be5,first-party-document,0,0,"{""obverse"": ""nostalgix_other_biibii"", ""reverse"": ""nostalgix_card-back""}","{""name_printed"": ""Biibii"", ""number"": ""SS3-005"", ""item_dimensions"": ""{\u0022height\u0022: \u002288\u0022, \u0022width\u0022: \u002263\u0022, \u0022unit\u0022: \u0022millimeter\u0022}""}",08a3f1c9-b324-4679-9055-0eccbf1c4dde,20660a77-0983-47ab-b671-3146a322b4c5,Biibii,Biibii,{},nostalgix_other_biibii
deead948-1d9a-4d91-be26-9eb494398bff,first-party-document,0,0,"{""obverse"": ""nostalgix_other_morang"", ""reverse"": ""nostalgix_card-back""}","{""name_printed"": ""Morang"", ""number"": ""SS3-006"", ""item_dimensions"": ""{\u0022height\u0022: \u002288\u0022, \u0022width\u0022: \u002263\u0022, \u0022unit\u0022: \u0022millimeter\u0022}""}",08a3f1c9-b324-4679-9055-0eccbf1c4dde,20660a77-0983-47ab-b671-3146a322b4c5,Morang,Morang,{},nostalgix_other_morang
3c022bde-7a9c-44c6-9755-96ebeedecd27,first-party-document,0,0,"{""obverse"": ""nostalgix_other_venomusa"", ""reverse"": ""nostalgix_card-back""}","{""name_printed"": ""Venomusa"", ""number"": ""SS3-007"", ""item_dimensions"": ""{\u0022height\u0022: \u002288\u0022, \u0022width\u0022: \u002263\u0022, \u0022unit\u0022: \u0022millimeter\u0022}""}",08a3f1c9-b324-4679-9055-0eccbf1c4dde,20660a77-0983-47ab-b671-3146a322b4c5,Venomusa,Venomusa,{},nostalgix_other_venomusa
3025a711-7577-4798-b69e-82339c25b72e,first-party-document,0,0,"{""obverse"": ""nostalgix_other_puppetmaster-rong"", ""reverse"": ""nostalgix_card-back""}","{""name_printed"": ""Puppetmaster Rong"", ""number"": ""SS4-001"", ""item_dimensions"": ""{\u0022height\u0022: \u002288\u0022, \u0022width\u0022: \u002263\u0022, \u0022unit\u0022: \u0022millimeter\u0022}""}",08a3f1c9-b324-4679-9055-0eccbf1c4dde,20660a77-0983-47ab-b671-3146a322b4c5,Puppetmaster Rong,Puppetmaster Rong,{},nostalgix_other_puppetmaster-rong
a289a561-3028-49f1-a590-f983708cc794,first-party-document,0,0,"{""obverse"": ""nostalgix_other_doctor-corvus"", ""reverse"": ""nostalgix_card-back""}","{""name_printed"": ""Doctor Corvus"", ""number"": ""SS4-002"", ""item_dimensions"": ""{\u0022height\u0022: \u002288\u0022, \u0022width\u0022: \u002263\u0022, \u0022unit\u0022: \u0022millimeter\u0022}""}",08a3f1c9-b324-4679-9055-0eccbf1c4dde,20660a77-0983-47ab-b671-3146a322b4c5,Doctor Corvus,Doctor Corvus,{},nostalgix_other_doctor-corvus
66b8951d-2fc1-444c-8aa7-8d0c328273ec,first-party-document,0,0,"{""obverse"": ""nostalgix_other_panbu"", ""reverse"": ""nostalgix_card-back""}","{""name_printed"": ""Panbu"", ""number"": ""SS4-003"", ""item_dimensions"": ""{\u0022height\u0022: \u002288\u0022, \u0022width\u0022: \u002263\u0022, \u0022unit\u0022: \u0022millimeter\u0022}""}",08a3f1c9-b324-4679-9055-0eccbf1c4dde,20660a77-0983-47ab-b671-3146a322b4c5,Panbu,Panbu,{},nostalgix_other_panbu
c66951c2-7f5e-49e5-9efc-49fd905254a3,first-party-document,0,0,"{""obverse"": ""nostalgix_other_vigilanda"", ""reverse"": ""nostalgix_card-back""}","{""name_printed"": ""Vigilanda"", ""number"": ""SS4-004"", ""item_dimensions"": ""{\u0022height\u0022: \u002288\u0022, \u0022width\u0022: \u002263\u0022, \u0022unit\u0022: \u0022millimeter\u0022}""}",08a3f1c9-b324-4679-9055-0eccbf1c4dde,20660a77-0983-47ab-b671-3146a322b4c5,Vigilanda,Vigilanda,{},nostalgix_other_vigilanda
667fd94e-1f48-4d03-9833-d1bee2c7c4ac,first-party-document,0,0,"{""obverse"": ""nostalgix_other_panguard"", ""reverse"": ""nostalgix_card-back""}","{""name_printed"": ""Panguard"", ""number"": ""SS4-005"", ""item_dimensions"": ""{\u0022height\u0022: \u002288\u0022, \u0022width\u0022: \u002263\u0022, \u0022unit\u0022: \u0022millimeter\u0022}""}",08a3f1c9-b324-4679-9055-0eccbf1c4dde,20660a77-0983-47ab-b671-3146a322b4c5,Panguard,Panguard,{},nostalgix_other_panguard
cd44a934-d1a5-44fb-8e31-a848b0ed0728,first-party-document,0,0,"{""obverse"": ""nostalgix_other_livewire"", ""reverse"": ""nostalgix_card-back""}","{""name_printed"": ""Livewire"", ""number"": ""SS4-006"", ""item_dimensions"": ""{\u0022height\u0022: \u002288\u0022, \u0022width\u0022: \u002263\u0022, \u0022unit\u0022: \u0022millimeter\u0022}""}",08a3f1c9-b324-4679-9055-0eccbf1c4dde,20660a77-0983-47ab-b671-3146a322b4c5,Livewire,Livewire,{},nostalgix_other_livewire
6df6f287-f84b-4bf8-9a2d-4ce78d1e6790,first-party-document,0,0,"{""obverse"": ""nostalgix_other_mimicus"", ""reverse"": ""nostalgix_card-back""}","{""name_printed"": ""Mimicus"", ""number"": ""SS5-001"", ""item_dimensions"": ""{\u0022height\u0022: \u002288\u0022, \u0022width\u0022: \u002263\u0022, \u0022unit\u0022: \u0022millimeter\u0022}""}",08a3f1c9-b324-4679-9055-0eccbf1c4dde,20660a77-0983-47ab-b671-3146a322b4c5,Mimicus,Mimicus,{},nostalgix_other_mimicus
b7509ace-6023-46ad-a377-a3badee708e1,first-party-document,0,0,"{""obverse"": ""nostalgix_other_rewind-time"", ""reverse"": ""nostalgix_card-back""}","{""name_printed"": ""Rewind Time"", ""number"": ""SS5-002"", ""item_dimensions"": ""{\u0022height\u0022: \u002288\u0022, \u0022width\u0022: \u002263\u0022, \u0022unit\u0022: \u0022millimeter\u0022}""}",08a3f1c9-b324-4679-9055-0eccbf1c4dde,20660a77-0983-47ab-b671-3146a322b4c5,Rewind Time,Rewind Time,{},nostalgix_other_rewind-time
1506821b-b148-4cbc-ad4b-33ff30c92418,first-party-document,0,0,"{""obverse"": ""nostalgix_other_takoon"", ""reverse"": ""nostalgix_card-back""}","{""name_printed"": ""Takoon"", ""number"": ""SS5-003"", ""item_dimensions"": ""{\u0022height\u0022: \u002288\u0022, \u0022width\u0022: \u002263\u0022, \u0022unit\u0022: \u0022millimeter\u0022}""}",08a3f1c9-b324-4679-9055-0eccbf1c4dde,20660a77-0983-47ab-b671-3146a322b4c5,Takoon,Takoon,{},nostalgix_other_takoon
1d36c6a5-b613-4d67-a6c1-266f4ca073b0,first-party-document,0,0,"{""obverse"": ""nostalgix_other_scarepin"", ""reverse"": ""nostalgix_card-back""}","{""name_printed"": ""Scarepin"", ""number"": ""SS5-004"", ""item_dimensions"": ""{\u0022height\u0022: \u002288\u0022, \u0022width\u0022: \u002263\u0022, \u0022unit\u0022: \u0022millimeter\u0022}""}",08a3f1c9-b324-4679-9055-0eccbf1c4dde,20660a77-0983-47ab-b671-3146a322b4c5,Scarepin,Scarepin,{},nostalgix_other_scarepin
fb5b743e-335f-469e-872d-4d6572a64637,first-party-document,0,0,"{""obverse"": ""nostalgix_other_fish-out-of-water"", ""reverse"": ""nostalgix_card-back""}","{""name_printed"": ""Fish Out of Water"", ""number"": ""SS5-005"", ""item_dimensions"": ""{\u0022height\u0022: \u002288\u0022, \u0022width\u0022: \u002263\u0022, \u0022unit\u0022: \u0022millimeter\u0022}""}",08a3f1c9-b324-4679-9055-0eccbf1c4dde,20660a77-0983-47ab-b671-3146a322b4c5,Fish Out of Water,Fish Out of Water,{},nostalgix_other_fish-out-of-water
83d28983-015e-4e4f-947e-6ed2d13ed0a1,first-party-document,0,0,"{""obverse"": ""nostalgix_other_booster-box-dragon"", ""reverse"": ""nostalgix_card-back""}","{""name_printed"": ""Booster Box Dragon"", ""number"": ""SS5-006"", ""item_dimensions"": ""{\u0022height\u0022: \u002288\u0022, \u0022width\u0022: \u002263\u0022, \u0022unit\u0022: \u0022millimeter\u0022}""}",08a3f1c9-b324-4679-9055-0eccbf1c4dde,20660a77-0983-47ab-b671-3146a322b4c5,Booster Box Dragon,Booster Box Dragon,{},nostalgix_other_booster-box-dragon
17a52517-5f6e-4550-b317-fa3be0fe6182,first-party-document,0,0,"{""obverse"": ""nostalgix_other_turn-1p"", ""reverse"": ""nostalgix_card-back""}","{""name_printed"": ""TURN.1P"", ""number"": ""SS5-007"", ""item_dimensions"": ""{\u0022height\u0022: \u002288\u0022, \u0022width\u0022: \u002263\u0022, \u0022unit\u0022: \u0022millimeter\u0022}""}",08a3f1c9-b324-4679-9055-0eccbf1c4dde,20660a77-0983-47ab-b671-3146a322b4c5,TURN.1P,TURN.1P,{},nostalgix_other_turn-1p
4c86b00f-3ba9-4125-b8b2-1b5f930e3b1c,first-party-document,0,0,"{""obverse"": ""nostalgix_other_xenobot-[ss5-008]"", ""reverse"": ""nostalgix_card-back""}","{""name_printed"": ""Xenobot"", ""variant_disambiguator"": ""SS5-008"", ""number"": ""SS5-008"", ""item_dimensions"": ""{\u0022height\u0022: \u002288\u0022, \u0022width\u0022: \u002263\u0022, \u0022unit\u0022: \u0022millimeter\u0022}""}",08a3f1c9-b324-4679-9055-0eccbf1c4dde,20660a77-0983-47ab-b671-3146a322b4c5,Xenobot,Xenobot [SS5-008],{},nostalgix_other_xenobot-[ss5-008]