id,source,imaged,documented,images,attributes,game_id,set_id,functional_name,item_name,source_notes,game_set_item_slug
0dbaa30f-71f3-4ba8-af24-afbb6bfe1086,photo,0,0,"{""obverse"": ""gridiron-fantasy-football_gridiron_-22-defense"", ""reverse"": ""gridiron-fantasy-football_defensive-play_card-back""}","{""name_printed"": "".22 Defense"", ""rarity"": ""Rare"", ""deck"": ""Defensive Play"", ""type"": ""Pass"", ""item_dimensions"": ""{\u0022height\u0022: \u00223.5\u0022, \u0022width\u0022: \u00222.5\u0022, \u0022unit\u0022: \u0022inch\u0022}""}",c4596b0f-473d-4fc3-a9ff-ddd719f94726,0c715d5a-63ae-4042-90af-703435b89d91,.22 Defense,.22 Defense,"{""rarity_notes"": ""Jason Matz's CCG Checklist""}",gridiron-fantasy-football_gridiron_-22-defense
d4556d79-a666-486f-a153-afc1365701b7,item,1,0,"{""obverse"": ""gridiron-fantasy-football_gridiron_-friends--in-the-stands"", ""reverse"": ""gridiron-fantasy-football_team_card-back""}","{""name_printed"": ""\u0022Friends\u0022 in the Stands"", ""rarity"": ""Uncommon"", ""deck"": ""Team"", ""type"": ""Asset"", ""item_dimensions"": ""{\u0022height\u0022: \u00223.5\u0022, \u0022width\u0022: \u00222.5\u0022, \u0022unit\u0022: \u0022inch\u0022}""}",c4596b0f-473d-4fc3-a9ff-ddd719f94726,0c715d5a-63ae-4042-90af-703435b89d91,"""Friends"" in the Stands","""Friends"" in the Stands","{""rarity_notes"": ""Jason Matz's CCG Checklist""}",gridiron-fantasy-football_gridiron_-friends--in-the-stands
a265ed1c-14d0-4916-b1f7-9906ca423833,photo,0,0,"{""obverse"": ""gridiron-fantasy-football_gridiron_110-percent"", ""reverse"": ""gridiron-fantasy-football_defensive-action_card-back""}","{""name_printed"": ""110 Percent"", ""rarity"": ""Common"", ""deck"": ""Defensive Action"", ""type"": ""Challenge"", ""item_dimensions"": ""{\u0022height\u0022: \u00223.5\u0022, \u0022width\u0022: \u00222.5\u0022, \u0022unit\u0022: \u0022inch\u0022}""}",c4596b0f-473d-4fc3-a9ff-ddd719f94726,0c715d5a-63ae-4042-90af-703435b89d91,110 Percent,110 Percent,"{""rarity_notes"": ""Jason Matz's CCG Checklist""}",gridiron-fantasy-football_gridiron_110-percent
8cefe43c-61d8-44dd-9894-03d971acdd3a,item,1,0,"{""obverse"": ""gridiron-fantasy-football_gridiron_20-man-brawl"", ""reverse"": ""gridiron-fantasy-football_defensive-play_card-back""}","{""name_printed"": ""20 Man Brawl"", ""rarity"": ""Uncommon"", ""deck"": ""Defensive Play"", ""type"": ""Run"", ""item_dimensions"": ""{\u0022height\u0022: \u00223.5\u0022, \u0022width\u0022: \u00222.5\u0022, \u0022unit\u0022: \u0022inch\u0022}""}",c4596b0f-473d-4fc3-a9ff-ddd719f94726,0c715d5a-63ae-4042-90af-703435b89d91,20 Man Brawl,20 Man Brawl,"{""rarity_notes"": ""Jason Matz's CCG Checklist""}",gridiron-fantasy-football_gridiron_20-man-brawl
bc074299-3faa-4fa6-b5e1-983945ac890c,photo,0,0,"{""obverse"": ""gridiron-fantasy-football_gridiron_5th-down"", ""reverse"": ""gridiron-fantasy-football_defensive-action_card-back""}","{""name_printed"": ""5th Down"", ""rarity"": ""Rare"", ""deck"": ""Defensive Action"", ""type"": ""Challenge"", ""item_dimensions"": ""{\u0022height\u0022: \u00223.5\u0022, \u0022width\u0022: \u00222.5\u0022, \u0022unit\u0022: \u0022inch\u0022}""}",c4596b0f-473d-4fc3-a9ff-ddd719f94726,0c715d5a-63ae-4042-90af-703435b89d91,5th Down,5th Down,"{""rarity_notes"": ""Jason Matz's CCG Checklist""}",gridiron-fantasy-football_gridiron_5th-down
edda42be-f583-4cbe-8fc2-c5cb4189f30f,photo,0,0,"{""obverse"": ""gridiron-fantasy-football_gridiron_adapt-and-overcome"", ""reverse"": ""gridiron-fantasy-football_defensive-action_card-back""}","{""name_printed"": ""Adapt and Overcome"", ""rarity"": ""Rare"", ""deck"": ""Defensive Action"", ""type"": ""Action"", ""item_dimensions"": ""{\u0022height\u0022: \u00223.5\u0022, \u0022width\u0022: \u00222.5\u0022, \u0022unit\u0022: \u0022inch\u0022}""}",c4596b0f-473d-4fc3-a9ff-ddd719f94726,0c715d5a-63ae-4042-90af-703435b89d91,Adapt and Overcome,Adapt and Overcome,"{""rarity_notes"": ""Jason Matz's CCG Checklist""}",gridiron-fantasy-football_gridiron_adapt-and-overcome
9eac4e08-48e8-4b2e-82c6-01a9772d6530,item,1,0,"{""obverse"": ""gridiron-fantasy-football_gridiron_adaptable-defense"", ""reverse"": ""gridiron-fantasy-football_defensive-play_card-back""}","{""name_printed"": ""Adaptable Defense"", ""rarity"": ""Common"", ""deck"": ""Defensive Play"", ""type"": ""Run"", ""item_dimensions"": ""{\u0022height\u0022: \u00223.5\u0022, \u0022width\u0022: \u00222.5\u0022, \u0022unit\u0022: \u0022inch\u0022}""}",c4596b0f-473d-4fc3-a9ff-ddd719f94726,0c715d5a-63ae-4042-90af-703435b89d91,Adaptable Defense,Adaptable Defense,"{""rarity_notes"": ""Jason Matz's CCG Checklist""}",gridiron-fantasy-football_gridiron_adaptable-defense
7d810957-08c1-4697-a5bd-3b26d050af03,photo,0,0,"{""obverse"": ""gridiron-fantasy-football_gridiron_adaptable-offense"", ""reverse"": ""gridiron-fantasy-football_offensive-action_card-back""}","{""name_printed"": ""Adaptable Offense"", ""rarity"": ""Uncommon"", ""deck"": ""Offensive Action"", ""type"": ""Action"", ""item_dimensions"": ""{\u0022height\u0022: \u00223.5\u0022, \u0022width\u0022: \u00222.5\u0022, \u0022unit\u0022: \u0022inch\u0022}""}",c4596b0f-473d-4fc3-a9ff-ddd719f94726,0c715d5a-63ae-4042-90af-703435b89d91,Adaptable Offense,Adaptable Offense,"{""rarity_notes"": ""Jason Matz's CCG Checklist""}",gridiron-fantasy-football_gridiron_adaptable-offense
d66815f3-fe66-4ef2-804b-a0b487c6b519,photo,0,0,"{""obverse"": ""gridiron-fantasy-football_gridiron_adaptable-team"", ""reverse"": ""gridiron-fantasy-football_team_card-back""}","{""name_printed"": ""Adaptable Team"", ""rarity"": ""Rare"", ""deck"": ""Team"", ""type"": ""Tradition"", ""item_dimensions"": ""{\u0022height\u0022: \u00223.5\u0022, \u0022width\u0022: \u00222.5\u0022, \u0022unit\u0022: \u0022inch\u0022}""}",c4596b0f-473d-4fc3-a9ff-ddd719f94726,0c715d5a-63ae-4042-90af-703435b89d91,Adaptable Team,Adaptable Team,"{""rarity_notes"": ""Jason Matz's CCG Checklist""}",gridiron-fantasy-football_gridiron_adaptable-team
53a34f56-41ac-4d33-8496-97deaeb076f5,item,1,0,"{""obverse"": ""gridiron-fantasy-football_gridiron_adrenaline-rush"", ""reverse"": ""gridiron-fantasy-football_offensive-action_card-back""}","{""name_printed"": ""Adrenaline Rush"", ""rarity"": ""Common"", ""deck"": ""Offensive Action"", ""type"": ""Challenge"", ""item_dimensions"": ""{\u0022height\u0022: \u00223.5\u0022, \u0022width\u0022: \u00222.5\u0022, \u0022unit\u0022: \u0022inch\u0022}""}",c4596b0f-473d-4fc3-a9ff-ddd719f94726,0c715d5a-63ae-4042-90af-703435b89d91,Adrenaline Rush,Adrenaline Rush,"{""rarity_notes"": ""Jason Matz's CCG Checklist""}",gridiron-fantasy-football_gridiron_adrenaline-rush
da77ec3e-6cae-462b-ae48-d7ac9f12d8c0,photo,0,0,"{""obverse"": ""gridiron-fantasy-football_gridiron_aerial-bombardment"", ""reverse"": ""gridiron-fantasy-football_offensive-action_card-back""}","{""name_printed"": ""Aerial Bombardment"", ""rarity"": ""Rare"", ""deck"": ""Offensive Action"", ""type"": ""Action"", ""item_dimensions"": ""{\u0022height\u0022: \u00223.5\u0022, \u0022width\u0022: \u00222.5\u0022, \u0022unit\u0022: \u0022inch\u0022}""}",c4596b0f-473d-4fc3-a9ff-ddd719f94726,0c715d5a-63ae-4042-90af-703435b89d91,Aerial Bombardment,Aerial Bombardment,"{""rarity_notes"": ""Jason Matz's CCG Checklist""}",gridiron-fantasy-football_gridiron_aerial-bombardment
53ac2992-a16a-4539-a216-7a7582baa5d2,item,1,0,"{""obverse"": ""gridiron-fantasy-football_gridiron_antonio-mason---ss"", ""reverse"": ""gridiron-fantasy-football_team_card-back""}","{""name_printed"": ""Antonio Mason - SS"", ""rarity"": ""Uncommon"", ""deck"": ""Team"", ""type"": ""Star Player"", ""item_dimensions"": ""{\u0022height\u0022: \u00223.5\u0022, \u0022width\u0022: \u00222.5\u0022, \u0022unit\u0022: \u0022inch\u0022}""}",c4596b0f-473d-4fc3-a9ff-ddd719f94726,0c715d5a-63ae-4042-90af-703435b89d91,Antonio Mason - SS,Antonio Mason - SS,"{""rarity_notes"": ""Jason Matz's CCG Checklist""}",gridiron-fantasy-football_gridiron_antonio-mason---ss
77d01417-3635-45c8-bbd3-b4177e878c8a,photo,0,0,"{""obverse"": ""gridiron-fantasy-football_gridiron_apply-your-strengths"", ""reverse"": ""gridiron-fantasy-football_offensive-action_card-back""}","{""name_printed"": ""Apply Your Strengths"", ""rarity"": ""Uncommon"", ""deck"": ""Offensive Action"", ""type"": ""Action"", ""item_dimensions"": ""{\u0022height\u0022: \u00223.5\u0022, \u0022width\u0022: \u00222.5\u0022, \u0022unit\u0022: \u0022inch\u0022}""}",c4596b0f-473d-4fc3-a9ff-ddd719f94726,0c715d5a-63ae-4042-90af-703435b89d91,Apply Your Strengths,Apply Your Strengths,"{""rarity_notes"": ""Jason Matz's CCG Checklist""}",gridiron-fantasy-football_gridiron_apply-your-strengths
0f866b03-0aaf-44b4-990f-bd9f83672761,photo,0,0,"{""obverse"": ""gridiron-fantasy-football_gridiron_attrition-offense"", ""reverse"": ""gridiron-fantasy-football_offensive-play_card-back""}","{""name_printed"": ""Attrition Offense"", ""rarity"": ""Uncommon"", ""deck"": ""Offensive Play"", ""type"": ""Run"", ""item_dimensions"": ""{\u0022height\u0022: \u00223.5\u0022, \u0022width\u0022: \u00222.5\u0022, \u0022unit\u0022: \u0022inch\u0022}""}",c4596b0f-473d-4fc3-a9ff-ddd719f94726,0c715d5a-63ae-4042-90af-703435b89d91,Attrition Offense,Attrition Offense,"{""rarity_notes"": ""Jason Matz's CCG Checklist""}",gridiron-fantasy-football_gridiron_attrition-offense
072a30c2-6791-41e6-9bd3-8bfa691dcc2b,item,1,0,"{""obverse"": ""gridiron-fantasy-football_gridiron_awesome-cheerleaders"", ""reverse"": ""gridiron-fantasy-football_team_card-back""}","{""name_printed"": ""Awesome Cheerleaders"", ""rarity"": ""Rare"", ""deck"": ""Team"", ""type"": ""Asset"", ""item_dimensions"": ""{\u0022height\u0022: \u00223.5\u0022, \u0022width\u0022: \u00222.5\u0022, \u0022unit\u0022: \u0022inch\u0022}""}",c4596b0f-473d-4fc3-a9ff-ddd719f94726,0c715d5a-63ae-4042-90af-703435b89d91,Awesome Cheerleaders,Awesome Cheerleaders,"{""rarity_notes"": ""Jason Matz's CCG Checklist""}",gridiron-fantasy-football_gridiron_awesome-cheerleaders
5ad2d4aa-aa12-4a16-b52b-c6fa0f63102c,photo,0,0,"{""obverse"": ""gridiron-fantasy-football_gridiron_back-against-the-wall"", ""reverse"": ""gridiron-fantasy-football_defensive-action_card-back""}","{""name_printed"": ""Back Against the Wall"", ""rarity"": ""Common"", ""deck"": ""Defensive Action"", ""type"": ""Challenge"", ""item_dimensions"": ""{\u0022height\u0022: \u00223.5\u0022, \u0022width\u0022: \u00222.5\u0022, \u0022unit\u0022: \u0022inch\u0022}""}",c4596b0f-473d-4fc3-a9ff-ddd719f94726,0c715d5a-63ae-4042-90af-703435b89d91,Back Against the Wall,Back Against the Wall,"{""rarity_notes"": ""Jason Matz's CCG Checklist""}",gridiron-fantasy-football_gridiron_back-against-the-wall
94c2f889-c4fd-4243-a9fc-9051a76f9e08,item,1,0,"{""obverse"": ""gridiron-fantasy-football_gridiron_bad-attitude"", ""reverse"": ""gridiron-fantasy-football_offensive-action_card-back""}","{""name_printed"": ""Bad Attitude"", ""rarity"": ""Common"", ""deck"": ""Offensive Action"", ""type"": ""Challenge"", ""item_dimensions"": ""{\u0022height\u0022: \u00223.5\u0022, \u0022width\u0022: \u00222.5\u0022, \u0022unit\u0022: \u0022inch\u0022}""}",c4596b0f-473d-4fc3-a9ff-ddd719f94726,0c715d5a-63ae-4042-90af-703435b89d91,Bad Attitude,Bad Attitude,"{""rarity_notes"": ""Jason Matz's CCG Checklist""}",gridiron-fantasy-football_gridiron_bad-attitude
132ad7b6-477b-46ce-bf1d-3fc2278af017,item,1,0,"{""obverse"": ""gridiron-fantasy-football_gridiron_bad-spot"", ""reverse"": ""gridiron-fantasy-football_defensive-action_card-back""}","{""name_printed"": ""Bad Spot"", ""rarity"": ""Common"", ""deck"": ""Defensive Action"", ""type"": ""Challenge"", ""item_dimensions"": ""{\u0022height\u0022: \u00223.5\u0022, \u0022width\u0022: \u00222.5\u0022, \u0022unit\u0022: \u0022inch\u0022}""}",c4596b0f-473d-4fc3-a9ff-ddd719f94726,0c715d5a-63ae-4042-90af-703435b89d91,Bad Spot,Bad Spot,"{""rarity_notes"": ""Jason Matz's CCG Checklist""}",gridiron-fantasy-football_gridiron_bad-spot
f6253d07-b22c-4567-93ee-d6954857945f,photo,0,0,"{""obverse"": ""gridiron-fantasy-football_gridiron_balanced-defense"", ""reverse"": ""gridiron-fantasy-football_defensive-play_card-back""}","{""name_printed"": ""Balanced Defense"", ""rarity"": ""Fixed"", ""deck"": ""Defensive Play"", ""type"": ""Run"", ""item_dimensions"": ""{\u0022height\u0022: \u00223.5\u0022, \u0022width\u0022: \u00222.5\u0022, \u0022unit\u0022: \u0022inch\u0022}""}",c4596b0f-473d-4fc3-a9ff-ddd719f94726,0c715d5a-63ae-4042-90af-703435b89d91,Balanced Defense,Balanced Defense,"{""rarity_notes"": ""Jason Matz's CCG Checklist""}",gridiron-fantasy-football_gridiron_balanced-defense
32559e42-edbd-45d2-9a57-166ec6f03f2f,item,1,0,"{""obverse"": ""gridiron-fantasy-football_gridiron_ball-control-offense"", ""reverse"": ""gridiron-fantasy-football_offensive-action_card-back""}","{""name_printed"": ""Ball Control Offense"", ""rarity"": ""Uncommon"", ""deck"": ""Offensive Action"", ""type"": ""Action"", ""item_dimensions"": ""{\u0022height\u0022: \u00223.5\u0022, \u0022width\u0022: \u00222.5\u0022, \u0022unit\u0022: \u0022inch\u0022}""}",c4596b0f-473d-4fc3-a9ff-ddd719f94726,0c715d5a-63ae-4042-90af-703435b89d91,Ball Control Offense,Ball Control Offense,"{""rarity_notes"": ""Jason Matz's CCG Checklist""}",gridiron-fantasy-football_gridiron_ball-control-offense
6632208c-c89c-4fcd-89ba-23f7b12d365a,photo,0,0,"{""obverse"": ""gridiron-fantasy-football_gridiron_ball-breaker"", ""reverse"": ""gridiron-fantasy-football_defensive-action_card-back""}","{""name_printed"": ""Ball-Breaker"", ""rarity"": ""Rare"", ""deck"": ""Defensive Action"", ""type"": ""Challenge"", ""item_dimensions"": ""{\u0022height\u0022: \u00223.5\u0022, \u0022width\u0022: \u00222.5\u0022, \u0022unit\u0022: \u0022inch\u0022}""}",c4596b0f-473d-4fc3-a9ff-ddd719f94726,0c715d5a-63ae-4042-90af-703435b89d91,Ball-Breaker,Ball-Breaker,"{""rarity_notes"": ""Jason Matz's CCG Checklist""}",gridiron-fantasy-football_gridiron_ball-breaker
a42fee6b-2414-4ae5-97d7-d938a81127e4,photo,0,0,"{""obverse"": ""gridiron-fantasy-football_gridiron_barons"", ""reverse"": ""gridiron-fantasy-football_team_card-back""}","{""name_printed"": ""Barons"", ""rarity"": ""Rare"", ""deck"": ""Team"", ""type"": ""Franchise"", ""item_dimensions"": ""{\u0022height\u0022: \u00223.5\u0022, \u0022width\u0022: \u00222.5\u0022, \u0022unit\u0022: \u0022inch\u0022}""}",c4596b0f-473d-4fc3-a9ff-ddd719f94726,0c715d5a-63ae-4042-90af-703435b89d91,Barons,Barons,"{""rarity_notes"": ""Jason Matz's CCG Checklist""}",gridiron-fantasy-football_gridiron_barons
5d48aa20-7287-4135-968d-d9044ad2cf79,photo,0,0,"{""obverse"": ""gridiron-fantasy-football_gridiron_battle-cry"", ""reverse"": ""gridiron-fantasy-football_defensive-play_card-back""}","{""name_printed"": ""Battle Cry"", ""rarity"": ""Rare"", ""deck"": ""Defensive Play"", ""type"": ""Run"", ""item_dimensions"": ""{\u0022height\u0022: \u00223.5\u0022, \u0022width\u0022: \u00222.5\u0022, \u0022unit\u0022: \u0022inch\u0022}""}",c4596b0f-473d-4fc3-a9ff-ddd719f94726,0c715d5a-63ae-4042-90af-703435b89d91,Battle Cry,Battle Cry,"{""rarity_notes"": ""Jason Matz's CCG Checklist""}",gridiron-fantasy-football_gridiron_battle-cry
d33d28a0-75a1-49f9-8675-5d1f3a3ee2bc,third-party-document,0,0,"{""obverse"": ""gridiron-fantasy-football_gridiron_big-play-defense"", ""reverse"": ""gridiron-fantasy-football_card-back""}","{""name_printed"": ""Big Play Defense"", ""rarity"": ""Ultra Rare"", ""item_dimensions"": ""{\u0022height\u0022: \u00223.5\u0022, \u0022width\u0022: \u00222.5\u0022, \u0022unit\u0022: \u0022inch\u0022}""}",c4596b0f-473d-4fc3-a9ff-ddd719f94726,0c715d5a-63ae-4042-90af-703435b89d91,Big Play Defense,Big Play Defense,"{""source_notes"": ""included in Jason Matz's CCG Checklist"", ""rarity_notes"": ""Jason Matz's CCG Checklist""}",gridiron-fantasy-football_gridiron_big-play-defense
1f16b907-fbce-49f3-9cda-945d1495b4e7,photo,0,0,"{""obverse"": ""gridiron-fantasy-football_gridiron_blackmail"", ""reverse"": ""gridiron-fantasy-football_team_card-back""}","{""name_printed"": ""Blackmail"", ""rarity"": ""Rare"", ""deck"": ""Team"", ""type"": ""Asset"", ""item_dimensions"": ""{\u0022height\u0022: \u00223.5\u0022, \u0022width\u0022: \u00222.5\u0022, \u0022unit\u0022: \u0022inch\u0022}""}",c4596b0f-473d-4fc3-a9ff-ddd719f94726,0c715d5a-63ae-4042-90af-703435b89d91,Blackmail,Blackmail,"{""rarity_notes"": ""Jason Matz's CCG Checklist""}",gridiron-fantasy-football_gridiron_blackmail
aa194519-7ca1-4d18-add8-38301e6917d1,photo,0,0,"{""obverse"": ""gridiron-fantasy-football_gridiron_blimp-disaster"", ""reverse"": ""gridiron-fantasy-football_card-back""}","{""name_printed"": ""Blimp Disaster"", ""rarity"": ""Ultra Rare"", ""item_dimensions"": ""{\u0022height\u0022: \u00223.5\u0022, \u0022width\u0022: \u00222.5\u0022, \u0022unit\u0022: \u0022inch\u0022}""}",c4596b0f-473d-4fc3-a9ff-ddd719f94726,0c715d5a-63ae-4042-90af-703435b89d91,Blimp Disaster,Blimp Disaster,"{""rarity_notes"": ""Jason Matz's CCG Checklist""}",gridiron-fantasy-football_gridiron_blimp-disaster
8c696fd6-8016-4283-bae1-7f703194e636,photo,0,0,"{""obverse"": ""gridiron-fantasy-football_gridiron_blitzkrieg"", ""reverse"": ""gridiron-fantasy-football_offensive-action_card-back""}","{""name_printed"": ""Blitzkrieg"", ""rarity"": ""Rare"", ""deck"": ""Offensive Action"", ""type"": ""Action"", ""item_dimensions"": ""{\u0022height\u0022: \u00223.5\u0022, \u0022width\u0022: \u00222.5\u0022, \u0022unit\u0022: \u0022inch\u0022}""}",c4596b0f-473d-4fc3-a9ff-ddd719f94726,0c715d5a-63ae-4042-90af-703435b89d91,Blitzkrieg,Blitzkrieg,"{""rarity_notes"": ""Jason Matz's CCG Checklist""}",gridiron-fantasy-football_gridiron_blitzkrieg
8fdd1eed-95ed-48f2-b62a-862100a77e70,photo,0,0,"{""obverse"": ""gridiron-fantasy-football_gridiron_blizzard"", ""reverse"": ""gridiron-fantasy-football_offensive-action_card-back""}","{""name_printed"": ""Blizzard"", ""rarity"": ""Rare"", ""deck"": ""Offensive Action"", ""type"": ""Challenge"", ""item_dimensions"": ""{\u0022height\u0022: \u00223.5\u0022, \u0022width\u0022: \u00222.5\u0022, \u0022unit\u0022: \u0022inch\u0022}""}",c4596b0f-473d-4fc3-a9ff-ddd719f94726,0c715d5a-63ae-4042-90af-703435b89d91,Blizzard,Blizzard,"{""rarity_notes"": ""Jason Matz's CCG Checklist""}",gridiron-fantasy-football_gridiron_blizzard
95fda56e-80a6-434f-85d9-e7a18b21597a,item,1,0,"{""obverse"": ""gridiron-fantasy-football_gridiron_blocked-kick"", ""reverse"": ""gridiron-fantasy-football_defensive-action_card-back""}","{""name_printed"": ""Blocked Kick"", ""rarity"": ""Common"", ""deck"": ""Defensive Action"", ""type"": ""Action"", ""item_dimensions"": ""{\u0022height\u0022: \u00223.5\u0022, \u0022width\u0022: \u00222.5\u0022, \u0022unit\u0022: \u0022inch\u0022}""}",c4596b0f-473d-4fc3-a9ff-ddd719f94726,0c715d5a-63ae-4042-90af-703435b89d91,Blocked Kick,Blocked Kick,"{""rarity_notes"": ""Jason Matz's CCG Checklist""}",gridiron-fantasy-football_gridiron_blocked-kick
5c307e96-4f3a-43b6-9d47-eb13c667b251,photo,0,0,"{""obverse"": ""gridiron-fantasy-football_gridiron_bored-fans"", ""reverse"": ""gridiron-fantasy-football_card-back""}","{""name_printed"": ""Bored Fans"", ""rarity"": ""Rare"", ""item_dimensions"": ""{\u0022height\u0022: \u00223.5\u0022, \u0022width\u0022: \u00222.5\u0022, \u0022unit\u0022: \u0022inch\u0022}""}",c4596b0f-473d-4fc3-a9ff-ddd719f94726,0c715d5a-63ae-4042-90af-703435b89d91,Bored Fans,Bored Fans,"{""rarity_notes"": ""Jason Matz's CCG Checklist""}",gridiron-fantasy-football_gridiron_bored-fans
953f1298-faa4-4e8e-9714-02cdc1174fb8,photo,0,0,"{""obverse"": ""gridiron-fantasy-football_gridiron_breakthrough"", ""reverse"": ""gridiron-fantasy-football_defensive-action_card-back""}","{""name_printed"": ""Breakthrough"", ""rarity"": ""Uncommon"", ""deck"": ""Defensive Action"", ""type"": ""Action"", ""item_dimensions"": ""{\u0022height\u0022: \u00223.5\u0022, \u0022width\u0022: \u00222.5\u0022, \u0022unit\u0022: \u0022inch\u0022}""}",c4596b0f-473d-4fc3-a9ff-ddd719f94726,0c715d5a-63ae-4042-90af-703435b89d91,Breakthrough,Breakthrough,"{""rarity_notes"": ""Jason Matz's CCG Checklist""}",gridiron-fantasy-football_gridiron_breakthrough
2ee9e3f8-ddcf-4cdd-a37d-4c417a41366c,photo,0,0,"{""obverse"": ""gridiron-fantasy-football_gridiron_bribe-the-ref"", ""reverse"": ""gridiron-fantasy-football_offensive-action_card-back""}","{""name_printed"": ""Bribe the Ref"", ""rarity"": ""Common"", ""deck"": ""Offensive Action"", ""type"": ""Action"", ""item_dimensions"": ""{\u0022height\u0022: \u00223.5\u0022, \u0022width\u0022: \u00222.5\u0022, \u0022unit\u0022: \u0022inch\u0022}""}",c4596b0f-473d-4fc3-a9ff-ddd719f94726,0c715d5a-63ae-4042-90af-703435b89d91,Bribe the Ref,Bribe the Ref,"{""rarity_notes"": ""Jason Matz's CCG Checklist""}",gridiron-fantasy-football_gridiron_bribe-the-ref
dbd01a16-e166-4023-b04c-86cadad756e6,photo,0,0,"{""obverse"": ""gridiron-fantasy-football_gridiron_bring-in-the-big-guns"", ""reverse"": ""gridiron-fantasy-football_defensive-action_card-back""}","{""name_printed"": ""Bring In the Big Guns"", ""rarity"": ""Uncommon"", ""deck"": ""Defensive Action"", ""type"": ""Action"", ""item_dimensions"": ""{\u0022height\u0022: \u00223.5\u0022, \u0022width\u0022: \u00222.5\u0022, \u0022unit\u0022: \u0022inch\u0022}""}",c4596b0f-473d-4fc3-a9ff-ddd719f94726,0c715d5a-63ae-4042-90af-703435b89d91,Bring In the Big Guns,Bring In the Big Guns,"{""rarity_notes"": ""Jason Matz's CCG Checklist""}",gridiron-fantasy-football_gridiron_bring-in-the-big-guns
6301f27f-3adf-4363-a390-9112438fff15,photo,0,0,"{""obverse"": ""gridiron-fantasy-football_gridiron_broken-defense"", ""reverse"": ""gridiron-fantasy-football_offensive-action_card-back""}","{""name_printed"": ""Broken Defense"", ""rarity"": ""Rare"", ""deck"": ""Offensive Action"", ""type"": ""Challenge"", ""item_dimensions"": ""{\u0022height\u0022: \u00223.5\u0022, \u0022width\u0022: \u00222.5\u0022, \u0022unit\u0022: \u0022inch\u0022}""}",c4596b0f-473d-4fc3-a9ff-ddd719f94726,0c715d5a-63ae-4042-90af-703435b89d91,Broken Defense,Broken Defense,"{""rarity_notes"": ""Jason Matz's CCG Checklist""}",gridiron-fantasy-football_gridiron_broken-defense
e1036855-3e43-46fe-9196-b2bee9a5f9e8,item,1,0,"{""obverse"": ""gridiron-fantasy-football_gridiron_brushed-aside"", ""reverse"": ""gridiron-fantasy-football_offensive-action_card-back""}","{""name_printed"": ""Brushed Aside"", ""rarity"": ""Common"", ""deck"": ""Offensive Action"", ""type"": ""Challenge"", ""item_dimensions"": ""{\u0022height\u0022: \u00223.5\u0022, \u0022width\u0022: \u00222.5\u0022, \u0022unit\u0022: \u0022inch\u0022}""}",c4596b0f-473d-4fc3-a9ff-ddd719f94726,0c715d5a-63ae-4042-90af-703435b89d91,Brushed Aside,Brushed Aside,"{""rarity_notes"": ""Jason Matz's CCG Checklist""}",gridiron-fantasy-football_gridiron_brushed-aside
7d777ef8-ff7c-4db1-a90a-36f00bbb3d2b,photo,0,0,"{""obverse"": ""gridiron-fantasy-football_gridiron_burn-twice-as-bright"", ""reverse"": ""gridiron-fantasy-football_defensive-action_card-back""}","{""name_printed"": ""Burn Twice as Bright"", ""rarity"": ""Rare"", ""deck"": ""Defensive Action"", ""type"": ""Challenge"", ""item_dimensions"": ""{\u0022height\u0022: \u00223.5\u0022, \u0022width\u0022: \u00222.5\u0022, \u0022unit\u0022: \u0022inch\u0022}""}",c4596b0f-473d-4fc3-a9ff-ddd719f94726,0c715d5a-63ae-4042-90af-703435b89d91,Burn Twice as Bright,Burn Twice as Bright,"{""rarity_notes"": ""Jason Matz's CCG Checklist""}",gridiron-fantasy-football_gridiron_burn-twice-as-bright
80589217-a120-4768-b681-5573233e5f43,photo,0,0,"{""obverse"": ""gridiron-fantasy-football_gridiron_burns-half-as-long"", ""reverse"": ""gridiron-fantasy-football_offensive-action_card-back""}","{""name_printed"": ""Burns Half As Long"", ""rarity"": ""Rare"", ""deck"": ""Offensive Action"", ""type"": ""Challenge"", ""item_dimensions"": ""{\u0022height\u0022: \u00223.5\u0022, \u0022width\u0022: \u00222.5\u0022, \u0022unit\u0022: \u0022inch\u0022}""}",c4596b0f-473d-4fc3-a9ff-ddd719f94726,0c715d5a-63ae-4042-90af-703435b89d91,Burns Half As Long,Burns Half As Long,"{""rarity_notes"": ""Jason Matz's CCG Checklist""}",gridiron-fantasy-football_gridiron_burns-half-as-long
1776de84-4274-4579-a320-4202fae1a31f,item,1,0,"{""obverse"": ""gridiron-fantasy-football_gridiron_burst-of-speed"", ""reverse"": ""gridiron-fantasy-football_offensive-action_card-back""}","{""name_printed"": ""Burst of Speed"", ""rarity"": ""Common"", ""deck"": ""Offensive Action"", ""type"": ""Challenge"", ""item_dimensions"": ""{\u0022height\u0022: \u00223.5\u0022, \u0022width\u0022: \u00222.5\u0022, \u0022unit\u0022: \u0022inch\u0022}""}",c4596b0f-473d-4fc3-a9ff-ddd719f94726,0c715d5a-63ae-4042-90af-703435b89d91,Burst of Speed,Burst of Speed,"{""rarity_notes"": ""Jason Matz's CCG Checklist""}",gridiron-fantasy-football_gridiron_burst-of-speed
9be21b79-0b2d-4b20-a18c-72e5e3a4bbb5,photo,0,0,"{""obverse"": ""gridiron-fantasy-football_gridiron_by-the-book"", ""reverse"": ""gridiron-fantasy-football_defensive-action_card-back""}","{""name_printed"": ""By the Book"", ""rarity"": ""Rare"", ""deck"": ""Defensive Action"", ""type"": ""Action"", ""item_dimensions"": ""{\u0022height\u0022: \u00223.5\u0022, \u0022width\u0022: \u00222.5\u0022, \u0022unit\u0022: \u0022inch\u0022}""}",c4596b0f-473d-4fc3-a9ff-ddd719f94726,0c715d5a-63ae-4042-90af-703435b89d91,By the Book,By the Book,"{""rarity_notes"": ""Jason Matz's CCG Checklist""}",gridiron-fantasy-football_gridiron_by-the-book
b935e3d8-5a90-480a-9b65-6bf6fe722964,item,1,0,"{""obverse"": ""gridiron-fantasy-football_gridiron_captive-cheerleaders"", ""reverse"": ""gridiron-fantasy-football_offensive-play_card-back""}","{""name_printed"": ""Captive Cheerleaders"", ""rarity"": ""Rare"", ""deck"": ""Offensive Play"", ""type"": ""Pass"", ""item_dimensions"": ""{\u0022height\u0022: \u00223.5\u0022, \u0022width\u0022: \u00222.5\u0022, \u0022unit\u0022: \u0022inch\u0022}""}",c4596b0f-473d-4fc3-a9ff-ddd719f94726,0c715d5a-63ae-4042-90af-703435b89d91,Captive Cheerleaders,Captive Cheerleaders,"{""rarity_notes"": ""Jason Matz's CCG Checklist""}",gridiron-fantasy-football_gridiron_captive-cheerleaders
ab11b5b6-b2b1-47b8-a3c7-2e599e5ae394,item,1,0,"{""obverse"": ""gridiron-fantasy-football_gridiron_carlton-davis---wr"", ""reverse"": ""gridiron-fantasy-football_team_card-back""}","{""name_printed"": ""Carlton Davis - WR"", ""rarity"": ""Uncommon"", ""deck"": ""Team"", ""type"": ""Star Player"", ""item_dimensions"": ""{\u0022height\u0022: \u00223.5\u0022, \u0022width\u0022: \u00222.5\u0022, \u0022unit\u0022: \u0022inch\u0022}""}",c4596b0f-473d-4fc3-a9ff-ddd719f94726,0c715d5a-63ae-4042-90af-703435b89d91,Carlton Davis - WR,Carlton Davis - WR,"{""rarity_notes"": ""Jason Matz's CCG Checklist""}",gridiron-fantasy-football_gridiron_carlton-davis---wr
bffb5b3d-ed8d-4a9f-bbda-661523fee7d6,photo,0,0,"{""obverse"": ""gridiron-fantasy-football_gridiron_carpe-futbol"", ""reverse"": ""gridiron-fantasy-football_defensive-play_card-back""}","{""name_printed"": ""Carpe Futbol"", ""rarity"": ""Rare"", ""deck"": ""Defensive Play"", ""type"": ""Pass"", ""item_dimensions"": ""{\u0022height\u0022: \u00223.5\u0022, \u0022width\u0022: \u00222.5\u0022, \u0022unit\u0022: \u0022inch\u0022}""}",c4596b0f-473d-4fc3-a9ff-ddd719f94726,0c715d5a-63ae-4042-90af-703435b89d91,Carpe Futbol,Carpe Futbol,"{""rarity_notes"": ""Jason Matz's CCG Checklist""}",gridiron-fantasy-football_gridiron_carpe-futbol
53223e41-399f-4959-93b6-ad36b3e97e1a,photo,0,0,"{""obverse"": ""gridiron-fantasy-football_gridiron_catapult-play"", ""reverse"": ""gridiron-fantasy-football_offensive-play_card-back""}","{""name_printed"": ""Catapult Play"", ""rarity"": ""Rare"", ""deck"": ""Offensive Play"", ""type"": ""Run"", ""item_dimensions"": ""{\u0022height\u0022: \u00223.5\u0022, \u0022width\u0022: \u00222.5\u0022, \u0022unit\u0022: \u0022inch\u0022}""}",c4596b0f-473d-4fc3-a9ff-ddd719f94726,0c715d5a-63ae-4042-90af-703435b89d91,Catapult Play,Catapult Play,"{""rarity_notes"": ""Jason Matz's CCG Checklist""}",gridiron-fantasy-football_gridiron_catapult-play
07894241-1baa-4c9f-9034-c57b8c756291,photo,0,0,"{""obverse"": ""gridiron-fantasy-football_gridiron_celebrity-appearance"", ""reverse"": ""gridiron-fantasy-football_card-back""}","{""name_printed"": ""Celebrity Appearance"", ""rarity"": ""Rare"", ""item_dimensions"": ""{\u0022height\u0022: \u00223.5\u0022, \u0022width\u0022: \u00222.5\u0022, \u0022unit\u0022: \u0022inch\u0022}""}",c4596b0f-473d-4fc3-a9ff-ddd719f94726,0c715d5a-63ae-4042-90af-703435b89d91,Celebrity Appearance,Celebrity Appearance,"{""rarity_notes"": ""Jason Matz's CCG Checklist""}",gridiron-fantasy-football_gridiron_celebrity-appearance
e7834f6b-25fd-4774-8b93-8cd42c5f937f,photo,0,0,"{""obverse"": ""gridiron-fantasy-football_gridiron_chain-lightning"", ""reverse"": ""gridiron-fantasy-football_offensive-play_card-back""}","{""name_printed"": ""Chain Lightning"", ""rarity"": ""Rare"", ""deck"": ""Offensive Play"", ""type"": ""Run"", ""item_dimensions"": ""{\u0022height\u0022: \u00223.5\u0022, \u0022width\u0022: \u00222.5\u0022, \u0022unit\u0022: \u0022inch\u0022}""}",c4596b0f-473d-4fc3-a9ff-ddd719f94726,0c715d5a-63ae-4042-90af-703435b89d91,Chain Lightning,Chain Lightning,"{""rarity_notes"": ""Jason Matz's CCG Checklist""}",gridiron-fantasy-football_gridiron_chain-lightning
6c8f8801-c478-4763-b1bd-12eae76c2a70,third-party-document,0,0,"{""obverse"": ""gridiron-fantasy-football_gridiron_champions"", ""reverse"": ""gridiron-fantasy-football_team_card-back""}","{""name_printed"": ""Champions"", ""rarity"": ""Promo"", ""deck"": ""Team"", ""type"": ""Tradition"", ""item_dimensions"": ""{\u0022height\u0022: \u00223.5\u0022, \u0022width\u0022: \u00222.5\u0022, \u0022unit\u0022: \u0022inch\u0022}""}",c4596b0f-473d-4fc3-a9ff-ddd719f94726,0c715d5a-63ae-4042-90af-703435b89d91,Champions,Champions,"{""source_notes"": ""included in Jason Matz's CCG Checklist"", ""rarity_notes"": ""Jason Matz's CCG Checklist""}",gridiron-fantasy-football_gridiron_champions
4c64ba09-2778-49b5-bccb-53df64994e7a,item,1,0,"{""obverse"": ""gridiron-fantasy-football_gridiron_cheerleader-distraction"", ""reverse"": ""gridiron-fantasy-football_defensive-action_card-back""}","{""name_printed"": ""Cheerleader Distraction"", ""rarity"": ""Rare"", ""deck"": ""Defensive Action"", ""type"": ""Challenge"", ""item_dimensions"": ""{\u0022height\u0022: \u00223.5\u0022, \u0022width\u0022: \u00222.5\u0022, \u0022unit\u0022: \u0022inch\u0022}""}",c4596b0f-473d-4fc3-a9ff-ddd719f94726,0c715d5a-63ae-4042-90af-703435b89d91,Cheerleader Distraction,Cheerleader Distraction,"{""rarity_notes"": ""Jason Matz's CCG Checklist""}",gridiron-fantasy-football_gridiron_cheerleader-distraction
1ccbfe57-67e1-40fd-902f-c80a9477bc7b,photo,0,0,"{""obverse"": ""gridiron-fantasy-football_gridiron_chester-knight---dt"", ""reverse"": ""gridiron-fantasy-football_team_card-back""}","{""name_printed"": ""Chester Knight - DT"", ""rarity"": ""Rare"", ""deck"": ""Team"", ""type"": ""Star Player"", ""item_dimensions"": ""{\u0022height\u0022: \u00223.5\u0022, \u0022width\u0022: \u00222.5\u0022, \u0022unit\u0022: \u0022inch\u0022}""}",c4596b0f-473d-4fc3-a9ff-ddd719f94726,0c715d5a-63ae-4042-90af-703435b89d91,Chester Knight - DT,Chester Knight - DT,"{""rarity_notes"": ""Jason Matz's CCG Checklist""}",gridiron-fantasy-football_gridiron_chester-knight---dt
bc8247be-fe60-438e-b8e2-f0775fab2409,photo,0,0,"{""obverse"": ""gridiron-fantasy-football_gridiron_chris-ferguson---k"", ""reverse"": ""gridiron-fantasy-football_team_card-back""}","{""name_printed"": ""Chris Ferguson - K"", ""rarity"": ""Rare"", ""deck"": ""Team"", ""type"": ""Star Player"", ""item_dimensions"": ""{\u0022height\u0022: \u00223.5\u0022, \u0022width\u0022: \u00222.5\u0022, \u0022unit\u0022: \u0022inch\u0022}""}",c4596b0f-473d-4fc3-a9ff-ddd719f94726,0c715d5a-63ae-4042-90af-703435b89d91,Chris Ferguson - K,Chris Ferguson - K,"{""rarity_notes"": ""Jason Matz's CCG Checklist""}",gridiron-fantasy-football_gridiron_chris-ferguson---k
00b851f6-0870-4020-a8be-acd684abd908,third-party-document,0,0,"{""obverse"": ""gridiron-fantasy-football_gridiron_clean-cut-reputation"", ""reverse"": ""gridiron-fantasy-football_card-back""}","{""name_printed"": ""Clean-Cut Reputation"", ""rarity"": ""Ultra Rare"", ""item_dimensions"": ""{\u0022height\u0022: \u00223.5\u0022, \u0022width\u0022: \u00222.5\u0022, \u0022unit\u0022: \u0022inch\u0022}""}",c4596b0f-473d-4fc3-a9ff-ddd719f94726,0c715d5a-63ae-4042-90af-703435b89d91,Clean-Cut Reputation,Clean-Cut Reputation,"{""source_notes"": ""included in Jason Matz's CCG Checklist"", ""rarity_notes"": ""Jason Matz's CCG Checklist""}",gridiron-fantasy-football_gridiron_clean-cut-reputation
f4706512-9137-4abe-8f54-42e3eee5d1c7,photo,0,0,"{""obverse"": ""gridiron-fantasy-football_gridiron_clear-the-benches"", ""reverse"": ""gridiron-fantasy-football_defensive-action_card-back""}","{""name_printed"": ""Clear the Benches"", ""rarity"": ""Rare"", ""deck"": ""Defensive Action"", ""type"": ""Challenge"", ""item_dimensions"": ""{\u0022height\u0022: \u00223.5\u0022, \u0022width\u0022: \u00222.5\u0022, \u0022unit\u0022: \u0022inch\u0022}""}",c4596b0f-473d-4fc3-a9ff-ddd719f94726,0c715d5a-63ae-4042-90af-703435b89d91,Clear the Benches,Clear the Benches,"{""rarity_notes"": ""Jason Matz's CCG Checklist""}",gridiron-fantasy-football_gridiron_clear-the-benches
be211f07-476a-4d59-bb6a-ff6a3252c0e6,photo,0,0,"{""obverse"": ""gridiron-fantasy-football_gridiron_close-the-option"", ""reverse"": ""gridiron-fantasy-football_defensive-play_card-back""}","{""name_printed"": ""Close the Option"", ""rarity"": ""Rare"", ""deck"": ""Defensive Play"", ""type"": ""Play"", ""item_dimensions"": ""{\u0022height\u0022: \u00223.5\u0022, \u0022width\u0022: \u00222.5\u0022, \u0022unit\u0022: \u0022inch\u0022}""}",c4596b0f-473d-4fc3-a9ff-ddd719f94726,0c715d5a-63ae-4042-90af-703435b89d91,Close the Option,Close the Option,"{""rarity_notes"": ""Jason Matz's CCG Checklist""}",gridiron-fantasy-football_gridiron_close-the-option
97757fce-5dd5-4303-8d19-34ee3b4d8e5c,photo,0,0,"{""obverse"": ""gridiron-fantasy-football_gridiron_close-up"", ""reverse"": ""gridiron-fantasy-football_card-back""}","{""name_printed"": ""Close-Up"", ""rarity"": ""Rare"", ""type"": ""Challenge"", ""rule_text"": ""You run over a cameraman, and get a closeup on national TV! Gain any one symbol for the next play."", ""flavor_text"": ""HI, MOM!"", ""item_dimensions"": ""{\u0022height\u0022: \u00223.5\u0022, \u0022width\u0022: \u00222.5\u0022, \u0022unit\u0022: \u0022inch\u0022}""}",c4596b0f-473d-4fc3-a9ff-ddd719f94726,0c715d5a-63ae-4042-90af-703435b89d91,Close-Up,Close-Up,"{""rarity_notes"": ""Jason Matz's CCG Checklist""}",gridiron-fantasy-football_gridiron_close-up
f65718ca-7d1e-45d8-ae33-2bdf13c418c1,photo,0,0,"{""obverse"": ""gridiron-fantasy-football_gridiron_coach-david-hughes"", ""reverse"": ""gridiron-fantasy-football_team_card-back""}","{""name_printed"": ""Coach David Hughes"", ""rarity"": ""Rare"", ""deck"": ""Team"", ""type"": ""Coach"", ""item_dimensions"": ""{\u0022height\u0022: \u00223.5\u0022, \u0022width\u0022: \u00222.5\u0022, \u0022unit\u0022: \u0022inch\u0022}""}",c4596b0f-473d-4fc3-a9ff-ddd719f94726,0c715d5a-63ae-4042-90af-703435b89d91,Coach David Hughes,Coach David Hughes,"{""rarity_notes"": ""Jason Matz's CCG Checklist""}",gridiron-fantasy-football_gridiron_coach-david-hughes
7b1ffb6a-ef8f-4917-a8e3-06b9c107b39d,item,1,0,"{""obverse"": ""gridiron-fantasy-football_gridiron_coach-jake-everheart"", ""reverse"": ""gridiron-fantasy-football_team_card-back""}","{""name_printed"": ""Coach Jake Everheart"", ""rarity"": ""Uncommon"", ""deck"": ""Team"", ""type"": ""Coach"", ""item_dimensions"": ""{\u0022height\u0022: \u00223.5\u0022, \u0022width\u0022: \u00222.5\u0022, \u0022unit\u0022: \u0022inch\u0022}""}",c4596b0f-473d-4fc3-a9ff-ddd719f94726,0c715d5a-63ae-4042-90af-703435b89d91,Coach Jake Everheart,Coach Jake Everheart,"{""rarity_notes"": ""Jason Matz's CCG Checklist""}",gridiron-fantasy-football_gridiron_coach-jake-everheart
4d224347-95cd-4fc9-bb0d-04374440e07c,item,1,0,"{""obverse"": ""gridiron-fantasy-football_gridiron_coach-jon-miller"", ""reverse"": ""gridiron-fantasy-football_team_card-back""}","{""name_printed"": ""Coach Jon Miller"", ""rarity"": ""Uncommon"", ""deck"": ""Team"", ""type"": ""Coach"", ""item_dimensions"": ""{\u0022height\u0022: \u00223.5\u0022, \u0022width\u0022: \u00222.5\u0022, \u0022unit\u0022: \u0022inch\u0022}""}",c4596b0f-473d-4fc3-a9ff-ddd719f94726,0c715d5a-63ae-4042-90af-703435b89d91,Coach Jon Miller,Coach Jon Miller,"{""rarity_notes"": ""Jason Matz's CCG Checklist""}",gridiron-fantasy-football_gridiron_coach-jon-miller
40083e24-0c32-405d-9c6b-e21899968d69,photo,0,0,"{""obverse"": ""gridiron-fantasy-football_gridiron_coach-mark-mckenna"", ""reverse"": ""gridiron-fantasy-football_team_card-back""}","{""name_printed"": ""Coach Mark McKenna"", ""rarity"": ""Rare"", ""deck"": ""Team"", ""type"": ""Coach"", ""item_dimensions"": ""{\u0022height\u0022: \u00223.5\u0022, \u0022width\u0022: \u00222.5\u0022, \u0022unit\u0022: \u0022inch\u0022}""}",c4596b0f-473d-4fc3-a9ff-ddd719f94726,0c715d5a-63ae-4042-90af-703435b89d91,Coach Mark McKenna,Coach Mark McKenna,"{""rarity_notes"": ""Jason Matz's CCG Checklist""}",gridiron-fantasy-football_gridiron_coach-mark-mckenna
e6b46d60-637d-4aeb-b356-ab72388bb18f,item,1,0,"{""obverse"": ""gridiron-fantasy-football_gridiron_coach-nate-washington"", ""reverse"": ""gridiron-fantasy-football_team_card-back""}","{""name_printed"": ""Coach Nate Washington"", ""rarity"": ""Uncommon"", ""deck"": ""Team"", ""type"": ""Coach"", ""item_dimensions"": ""{\u0022height\u0022: \u00223.5\u0022, \u0022width\u0022: \u00222.5\u0022, \u0022unit\u0022: \u0022inch\u0022}""}",c4596b0f-473d-4fc3-a9ff-ddd719f94726,0c715d5a-63ae-4042-90af-703435b89d91,Coach Nate Washington,Coach Nate Washington,"{""rarity_notes"": ""Jason Matz's CCG Checklist""}",gridiron-fantasy-football_gridiron_coach-nate-washington
c38b139d-37ed-45bd-9fd8-0ec121dcc3ca,photo,0,0,"{""obverse"": ""gridiron-fantasy-football_gridiron_coach-pol-braun"", ""reverse"": ""gridiron-fantasy-football_team_card-back""}","{""name_printed"": ""Coach Pol Braun"", ""rarity"": ""Rare"", ""deck"": ""Team"", ""type"": ""Coach"", ""item_dimensions"": ""{\u0022height\u0022: \u00223.5\u0022, \u0022width\u0022: \u00222.5\u0022, \u0022unit\u0022: \u0022inch\u0022}""}",c4596b0f-473d-4fc3-a9ff-ddd719f94726,0c715d5a-63ae-4042-90af-703435b89d91,Coach Pol Braun,Coach Pol Braun,"{""rarity_notes"": ""Jason Matz's CCG Checklist""}",gridiron-fantasy-football_gridiron_coach-pol-braun
93032ea0-6391-4dc4-9a9e-19208ce76589,photo,0,0,"{""obverse"": ""gridiron-fantasy-football_gridiron_coach-ralph-siegel"", ""reverse"": ""gridiron-fantasy-football_team_card-back""}","{""name_printed"": ""Coach Ralph Siegel"", ""rarity"": ""Rare"", ""deck"": ""Team"", ""type"": ""Coach"", ""item_dimensions"": ""{\u0022height\u0022: \u00223.5\u0022, \u0022width\u0022: \u00222.5\u0022, \u0022unit\u0022: \u0022inch\u0022}""}",c4596b0f-473d-4fc3-a9ff-ddd719f94726,0c715d5a-63ae-4042-90af-703435b89d91,Coach Ralph Siegel,Coach Ralph Siegel,"{""rarity_notes"": ""Jason Matz's CCG Checklist""}",gridiron-fantasy-football_gridiron_coach-ralph-siegel
89f81339-ba16-48ce-b2c0-5e70935ba008,photo,0,0,"{""obverse"": ""gridiron-fantasy-football_gridiron_coach-randal-sackles"", ""reverse"": ""gridiron-fantasy-football_team_card-back""}","{""name_printed"": ""Coach Randal Sackles"", ""rarity"": ""Fixed"", ""deck"": ""Team"", ""type"": ""Coach"", ""item_dimensions"": ""{\u0022height\u0022: \u00223.5\u0022, \u0022width\u0022: \u00222.5\u0022, \u0022unit\u0022: \u0022inch\u0022}""}",c4596b0f-473d-4fc3-a9ff-ddd719f94726,0c715d5a-63ae-4042-90af-703435b89d91,Coach Randal Sackles,Coach Randal Sackles,"{""rarity_notes"": ""Jason Matz's CCG Checklist""}",gridiron-fantasy-football_gridiron_coach-randal-sackles
fe6f0db5-be66-4330-b838-78537c6c6cc3,item,1,0,"{""obverse"": ""gridiron-fantasy-football_gridiron_coach-stan-zylstra"", ""reverse"": ""gridiron-fantasy-football_team_card-back""}","{""name_printed"": ""Coach Stan Zylstra"", ""rarity"": ""Uncommon"", ""deck"": ""Team"", ""type"": ""Coach"", ""item_dimensions"": ""{\u0022height\u0022: \u00223.5\u0022, \u0022width\u0022: \u00222.5\u0022, \u0022unit\u0022: \u0022inch\u0022}""}",c4596b0f-473d-4fc3-a9ff-ddd719f94726,0c715d5a-63ae-4042-90af-703435b89d91,Coach Stan Zylstra,Coach Stan Zylstra,"{""rarity_notes"": ""Jason Matz's CCG Checklist""}",gridiron-fantasy-football_gridiron_coach-stan-zylstra
87547a4a-4f72-4d16-bc95-4e90d94f88e5,photo,0,0,"{""obverse"": ""gridiron-fantasy-football_gridiron_code-of-honor"", ""reverse"": ""gridiron-fantasy-football_team_card-back""}","{""name_printed"": ""Code of Honor"", ""rarity"": ""Rare"", ""deck"": ""Team"", ""type"": ""Tradition"", ""item_dimensions"": ""{\u0022height\u0022: \u00223.5\u0022, \u0022width\u0022: \u00222.5\u0022, \u0022unit\u0022: \u0022inch\u0022}""}",c4596b0f-473d-4fc3-a9ff-ddd719f94726,0c715d5a-63ae-4042-90af-703435b89d91,Code of Honor,Code of Honor,"{""rarity_notes"": ""Jason Matz's CCG Checklist""}",gridiron-fantasy-football_gridiron_code-of-honor
57d217f9-6bd4-4042-8f1e-358e27162246,item,1,0,"{""obverse"": ""gridiron-fantasy-football_gridiron_come-from-behind-winners"", ""reverse"": ""gridiron-fantasy-football_team_card-back""}","{""name_printed"": ""Come-From-Behind Winners"", ""rarity"": ""Uncommon"", ""deck"": ""Team"", ""type"": ""Tradition"", ""item_dimensions"": ""{\u0022height\u0022: \u00223.5\u0022, \u0022width\u0022: \u00222.5\u0022, \u0022unit\u0022: \u0022inch\u0022}""}",c4596b0f-473d-4fc3-a9ff-ddd719f94726,0c715d5a-63ae-4042-90af-703435b89d91,Come-From-Behind Winners,Come-From-Behind Winners,"{""rarity_notes"": ""Jason Matz's CCG Checklist""}",gridiron-fantasy-football_gridiron_come-from-behind-winners
b02cae04-a55c-4993-a1c1-25fa6bd71f4a,item,1,0,"{""obverse"": ""gridiron-fantasy-football_gridiron_concealed-punch"", ""reverse"": ""gridiron-fantasy-football_defensive-action_card-back""}","{""name_printed"": ""Concealed Punch"", ""rarity"": ""Common"", ""deck"": ""Defensive Action"", ""type"": ""Challenge"", ""item_dimensions"": ""{\u0022height\u0022: \u00223.5\u0022, \u0022width\u0022: \u00222.5\u0022, \u0022unit\u0022: \u0022inch\u0022}""}",c4596b0f-473d-4fc3-a9ff-ddd719f94726,0c715d5a-63ae-4042-90af-703435b89d91,Concealed Punch,Concealed Punch,"{""rarity_notes"": ""Jason Matz's CCG Checklist""}",gridiron-fantasy-football_gridiron_concealed-punch
0cff126b-4bda-4f5b-bfba-147889421295,item,1,0,"{""obverse"": ""gridiron-fantasy-football_gridiron_conservative-offense"", ""reverse"": ""gridiron-fantasy-football_offensive-action_card-back""}","{""name_printed"": ""Conservative Offense"", ""rarity"": ""Common"", ""deck"": ""Offensive Action"", ""type"": ""Action"", ""item_dimensions"": ""{\u0022height\u0022: \u00223.5\u0022, \u0022width\u0022: \u00222.5\u0022, \u0022unit\u0022: \u0022inch\u0022}""}",c4596b0f-473d-4fc3-a9ff-ddd719f94726,0c715d5a-63ae-4042-90af-703435b89d91,Conservative Offense,Conservative Offense,"{""rarity_notes"": ""Jason Matz's CCG Checklist""}",gridiron-fantasy-football_gridiron_conservative-offense
ac9143d9-e607-4b1b-9efa-2e04e665d95c,item,0,0,"{""obverse"": ""gridiron-fantasy-football_gridiron_corporate-sponsors"", ""reverse"": ""gridiron-fantasy-football_team_card-back""}","{""name_printed"": ""Corporate Sponsors"", ""rarity"": ""Common"", ""deck"": ""Team"", ""type"": ""Asset"", ""item_dimensions"": ""{\u0022height\u0022: \u00223.5\u0022, \u0022width\u0022: \u00222.5\u0022, \u0022unit\u0022: \u0022inch\u0022}""}",c4596b0f-473d-4fc3-a9ff-ddd719f94726,0c715d5a-63ae-4042-90af-703435b89d91,Corporate Sponsors,Corporate Sponsors,"{""rarity_notes"": ""Jason Matz's CCG Checklist""}",gridiron-fantasy-football_gridiron_corporate-sponsors
c2b57be5-e280-46d7-96e9-7e047aa954be,photo,0,0,"{""obverse"": ""gridiron-fantasy-football_gridiron_crossing-pattern"", ""reverse"": ""gridiron-fantasy-football_offensive-play_card-back""}","{""name_printed"": ""Crossing Pattern"", ""rarity"": ""Common"", ""deck"": ""Offensive Play"", ""type"": ""Pass"", ""item_dimensions"": ""{\u0022height\u0022: \u00223.5\u0022, \u0022width\u0022: \u00222.5\u0022, \u0022unit\u0022: \u0022inch\u0022}""}",c4596b0f-473d-4fc3-a9ff-ddd719f94726,0c715d5a-63ae-4042-90af-703435b89d91,Crossing Pattern,Crossing Pattern,"{""rarity_notes"": ""Jason Matz's CCG Checklist""}",gridiron-fantasy-football_gridiron_crossing-pattern
9f81b77a-810f-440d-90b2-0ff0c1c616ac,photo,0,0,"{""obverse"": ""gridiron-fantasy-football_gridiron_crossing-the--t-"", ""reverse"": ""gridiron-fantasy-football_defensive-play_card-back""}","{""name_printed"": ""Crossing the \u0022T\u0022"", ""rarity"": ""Rare"", ""deck"": ""Defensive Play"", ""type"": ""Pass"", ""item_dimensions"": ""{\u0022height\u0022: \u00223.5\u0022, \u0022width\u0022: \u00222.5\u0022, \u0022unit\u0022: \u0022inch\u0022}""}",c4596b0f-473d-4fc3-a9ff-ddd719f94726,0c715d5a-63ae-4042-90af-703435b89d91,"Crossing the ""T""","Crossing the ""T""","{""rarity_notes"": ""Jason Matz's CCG Checklist""}",gridiron-fantasy-football_gridiron_crossing-the--t-
2d33e13e-6234-4ed8-8a2d-901fd1cd3d73,photo,0,0,"{""obverse"": ""gridiron-fantasy-football_gridiron_crowd-noise"", ""reverse"": ""gridiron-fantasy-football_offensive-action_card-back""}","{""name_printed"": ""Crowd Noise"", ""rarity"": ""Rare"", ""deck"": ""Offensive Action"", ""type"": ""Challenge"", ""item_dimensions"": ""{\u0022height\u0022: \u00223.5\u0022, \u0022width\u0022: \u00222.5\u0022, \u0022unit\u0022: \u0022inch\u0022}""}",c4596b0f-473d-4fc3-a9ff-ddd719f94726,0c715d5a-63ae-4042-90af-703435b89d91,Crowd Noise,Crowd Noise,"{""rarity_notes"": ""Jason Matz's CCG Checklist""}",gridiron-fantasy-football_gridiron_crowd-noise
11bd8ac0-398c-41ae-81c2-53d5ec78f2a8,photo,0,0,"{""obverse"": ""gridiron-fantasy-football_gridiron_crush-the-enemy"", ""reverse"": ""gridiron-fantasy-football_defensive-action_card-back""}","{""name_printed"": ""Crush the Enemy"", ""rarity"": ""Rare"", ""deck"": ""Defensive Action"", ""type"": ""Action"", ""item_dimensions"": ""{\u0022height\u0022: \u00223.5\u0022, \u0022width\u0022: \u00222.5\u0022, \u0022unit\u0022: \u0022inch\u0022}""}",c4596b0f-473d-4fc3-a9ff-ddd719f94726,0c715d5a-63ae-4042-90af-703435b89d91,Crush the Enemy,Crush the Enemy,"{""rarity_notes"": ""Jason Matz's CCG Checklist""}",gridiron-fantasy-football_gridiron_crush-the-enemy
d7c131d2-709e-4a4b-afb4-3d10fbd2c4cb,item,1,0,"{""obverse"": ""gridiron-fantasy-football_gridiron_crush-the-pocket"", ""reverse"": ""gridiron-fantasy-football_defensive-play_card-back""}","{""name_printed"": ""Crush the Pocket"", ""rarity"": ""Uncommon"", ""deck"": ""Defensive Play"", ""type"": ""Pass"", ""item_dimensions"": ""{\u0022height\u0022: \u00223.5\u0022, \u0022width\u0022: \u00222.5\u0022, \u0022unit\u0022: \u0022inch\u0022}""}",c4596b0f-473d-4fc3-a9ff-ddd719f94726,0c715d5a-63ae-4042-90af-703435b89d91,Crush the Pocket,Crush the Pocket,"{""rarity_notes"": ""Jason Matz's CCG Checklist""}",gridiron-fantasy-football_gridiron_crush-the-pocket
5ea50ce1-bd3c-4264-b54b-07a2018171d0,item,1,0,"{""obverse"": ""gridiron-fantasy-football_gridiron_crushing-impact"", ""reverse"": ""gridiron-fantasy-football_defensive-action_card-back""}","{""name_printed"": ""Crushing Impact"", ""rarity"": ""Common"", ""deck"": ""Defensive Action"", ""type"": ""Challenge"", ""item_dimensions"": ""{\u0022height\u0022: \u00223.5\u0022, \u0022width\u0022: \u00222.5\u0022, \u0022unit\u0022: \u0022inch\u0022}""}",c4596b0f-473d-4fc3-a9ff-ddd719f94726,0c715d5a-63ae-4042-90af-703435b89d91,Crushing Impact,Crushing Impact,"{""rarity_notes"": ""Jason Matz's CCG Checklist""}",gridiron-fantasy-football_gridiron_crushing-impact
413fa3a5-7a20-40d2-90d6-ec4d93a3069b,photo,0,0,"{""obverse"": ""gridiron-fantasy-football_gridiron_curl"", ""reverse"": ""gridiron-fantasy-football_offensive-play_card-back""}","{""name_printed"": ""Curl"", ""rarity"": ""Fixed"", ""deck"": ""Offensive Play"", ""type"": ""Pass"", ""item_dimensions"": ""{\u0022height\u0022: \u00223.5\u0022, \u0022width\u0022: \u00222.5\u0022, \u0022unit\u0022: \u0022inch\u0022}""}",c4596b0f-473d-4fc3-a9ff-ddd719f94726,0c715d5a-63ae-4042-90af-703435b89d91,Curl,Curl,"{""rarity_notes"": ""Jason Matz's CCG Checklist""}",gridiron-fantasy-football_gridiron_curl
ef656f83-beec-48a3-9ee9-1c9c34734bc6,photo,0,0,"{""obverse"": ""gridiron-fantasy-football_gridiron_cursed-play"", ""reverse"": ""gridiron-fantasy-football_defensive-action_card-back""}","{""name_printed"": ""Cursed Play"", ""rarity"": ""Rare"", ""deck"": ""Defensive Action"", ""type"": ""Action"", ""item_dimensions"": ""{\u0022height\u0022: \u00223.5\u0022, \u0022width\u0022: \u00222.5\u0022, \u0022unit\u0022: \u0022inch\u0022}""}",c4596b0f-473d-4fc3-a9ff-ddd719f94726,0c715d5a-63ae-4042-90af-703435b89d91,Cursed Play,Cursed Play,"{""rarity_notes"": ""Jason Matz's CCG Checklist""}",gridiron-fantasy-football_gridiron_cursed-play
237ff2f9-87d2-4374-8a80-61a767deb344,item,1,0,"{""obverse"": ""gridiron-fantasy-football_gridiron_cutting-corners"", ""reverse"": ""gridiron-fantasy-football_defensive-play_card-back""}","{""name_printed"": ""Cutting Corners"", ""rarity"": ""Uncommon"", ""deck"": ""Defensive Play"", ""type"": ""Run"", ""item_dimensions"": ""{\u0022height\u0022: \u00223.5\u0022, \u0022width\u0022: \u00222.5\u0022, \u0022unit\u0022: \u0022inch\u0022}""}",c4596b0f-473d-4fc3-a9ff-ddd719f94726,0c715d5a-63ae-4042-90af-703435b89d91,Cutting Corners,Cutting Corners,"{""rarity_notes"": ""Jason Matz's CCG Checklist""}",gridiron-fantasy-football_gridiron_cutting-corners
cef708ca-b2c6-4848-a398-12e770787291,item,1,0,"{""obverse"": ""gridiron-fantasy-football_gridiron_dame-fortune"", ""reverse"": ""gridiron-fantasy-football_defensive-action_card-back""}","{""name_printed"": ""Dame Fortune"", ""rarity"": ""Uncommon"", ""deck"": ""Defensive Action"", ""type"": ""Action"", ""item_dimensions"": ""{\u0022height\u0022: \u00223.5\u0022, \u0022width\u0022: \u00222.5\u0022, \u0022unit\u0022: \u0022inch\u0022}""}",c4596b0f-473d-4fc3-a9ff-ddd719f94726,0c715d5a-63ae-4042-90af-703435b89d91,Dame Fortune,Dame Fortune,"{""rarity_notes"": ""Jason Matz's CCG Checklist""}",gridiron-fantasy-football_gridiron_dame-fortune
fcff518e-5a17-4a08-9aa4-34b377e3b575,item,1,0,"{""obverse"": ""gridiron-fantasy-football_gridiron_darryl-rice---hb"", ""reverse"": ""gridiron-fantasy-football_team_card-back""}","{""name_printed"": ""Darryl Rice - HB"", ""rarity"": ""Uncommon"", ""deck"": ""Team"", ""type"": ""Star Player"", ""item_dimensions"": ""{\u0022height\u0022: \u00223.5\u0022, \u0022width\u0022: \u00222.5\u0022, \u0022unit\u0022: \u0022inch\u0022}""}",c4596b0f-473d-4fc3-a9ff-ddd719f94726,0c715d5a-63ae-4042-90af-703435b89d91,Darryl Rice - HB,Darryl Rice - HB,"{""rarity_notes"": ""Jason Matz's CCG Checklist""}",gridiron-fantasy-football_gridiron_darryl-rice---hb
9a4d454d-f66d-4530-909b-4cbef8b19161,item,1,0,"{""obverse"": ""gridiron-fantasy-football_gridiron_deep-defense"", ""reverse"": ""gridiron-fantasy-football_defensive-play_card-back""}","{""name_printed"": ""Deep Defense"", ""rarity"": ""Uncommon"", ""deck"": ""Defensive Play"", ""type"": ""Pass"", ""item_dimensions"": ""{\u0022height\u0022: \u00223.5\u0022, \u0022width\u0022: \u00222.5\u0022, \u0022unit\u0022: \u0022inch\u0022}""}",c4596b0f-473d-4fc3-a9ff-ddd719f94726,0c715d5a-63ae-4042-90af-703435b89d91,Deep Defense,Deep Defense,"{""rarity_notes"": ""Jason Matz's CCG Checklist""}",gridiron-fantasy-football_gridiron_deep-defense
7294609a-c63f-4a18-a4be-48359e668a8f,photo,0,0,"{""obverse"": ""gridiron-fantasy-football_gridiron_defective-ball"", ""reverse"": ""gridiron-fantasy-football_defensive-action_card-back""}","{""name_printed"": ""Defective Ball"", ""rarity"": ""Rare"", ""deck"": ""Defensive Action"", ""type"": ""Challenge"", ""item_dimensions"": ""{\u0022height\u0022: \u00223.5\u0022, \u0022width\u0022: \u00222.5\u0022, \u0022unit\u0022: \u0022inch\u0022}""}",c4596b0f-473d-4fc3-a9ff-ddd719f94726,0c715d5a-63ae-4042-90af-703435b89d91,Defective Ball,Defective Ball,"{""rarity_notes"": ""Jason Matz's CCG Checklist""}",gridiron-fantasy-football_gridiron_defective-ball
eac50d55-c9ba-4096-a930-290248ce6af1,item,1,0,"{""obverse"": ""gridiron-fantasy-football_gridiron_delay-of-game"", ""reverse"": ""gridiron-fantasy-football_defensive-action_card-back""}","{""name_printed"": ""Delay of Game"", ""rarity"": ""Uncommon"", ""deck"": ""Defensive Action"", ""type"": ""Action"", ""item_dimensions"": ""{\u0022height\u0022: \u00223.5\u0022, \u0022width\u0022: \u00222.5\u0022, \u0022unit\u0022: \u0022inch\u0022}""}",c4596b0f-473d-4fc3-a9ff-ddd719f94726,0c715d5a-63ae-4042-90af-703435b89d91,Delay of Game,Delay of Game,"{""rarity_notes"": ""Jason Matz's CCG Checklist""}",gridiron-fantasy-football_gridiron_delay-of-game
bedb5469-be1f-4e55-b99b-2fdbd9e4791d,photo,0,0,"{""obverse"": ""gridiron-fantasy-football_gridiron_delay-the-inevitable"", ""reverse"": ""gridiron-fantasy-football_defensive-action_card-back""}","{""name_printed"": ""Delay the Inevitable"", ""rarity"": ""Rare"", ""deck"": ""Defensive Action"", ""type"": ""Action"", ""item_dimensions"": ""{\u0022height\u0022: \u00223.5\u0022, \u0022width\u0022: \u00222.5\u0022, \u0022unit\u0022: \u0022inch\u0022}""}",c4596b0f-473d-4fc3-a9ff-ddd719f94726,0c715d5a-63ae-4042-90af-703435b89d91,Delay the Inevitable,Delay the Inevitable,"{""rarity_notes"": ""Jason Matz's CCG Checklist""}",gridiron-fantasy-football_gridiron_delay-the-inevitable
79e49900-10d5-4816-b3cf-071e33d56c27,item,1,0,"{""obverse"": ""gridiron-fantasy-football_gridiron_demoralized"", ""reverse"": ""gridiron-fantasy-football_defensive-action_card-back""}","{""name_printed"": ""Demoralized"", ""rarity"": ""Common"", ""deck"": ""Defensive Action"", ""type"": ""Challenge"", ""item_dimensions"": ""{\u0022height\u0022: \u00223.5\u0022, \u0022width\u0022: \u00222.5\u0022, \u0022unit\u0022: \u0022inch\u0022}""}",c4596b0f-473d-4fc3-a9ff-ddd719f94726,0c715d5a-63ae-4042-90af-703435b89d91,Demoralized,Demoralized,"{""rarity_notes"": ""Jason Matz's CCG Checklist""}",gridiron-fantasy-football_gridiron_demoralized
27d35833-6400-4ba4-9030-9092bb88b9bd,photo,0,0,"{""obverse"": ""gridiron-fantasy-football_gridiron_determined-line"", ""reverse"": ""gridiron-fantasy-football_team_card-back""}","{""name_printed"": ""Determined Line"", ""rarity"": ""Rare"", ""deck"": ""Team"", ""type"": ""Tradition"", ""item_dimensions"": ""{\u0022height\u0022: \u00223.5\u0022, \u0022width\u0022: \u00222.5\u0022, \u0022unit\u0022: \u0022inch\u0022}""}",c4596b0f-473d-4fc3-a9ff-ddd719f94726,0c715d5a-63ae-4042-90af-703435b89d91,Determined Line,Determined Line,"{""rarity_notes"": ""Jason Matz's CCG Checklist""}",gridiron-fantasy-football_gridiron_determined-line
9942ab4b-b9e6-4d5e-8cce-2246ca779f9e,photo,0,0,"{""obverse"": ""gridiron-fantasy-football_gridiron_diehard-fans"", ""reverse"": ""gridiron-fantasy-football_team_card-back""}","{""name_printed"": ""Diehard Fans"", ""rarity"": ""Uncommon"", ""deck"": ""Team"", ""type"": ""Asset"", ""item_dimensions"": ""{\u0022height\u0022: \u00223.5\u0022, \u0022width\u0022: \u00222.5\u0022, \u0022unit\u0022: \u0022inch\u0022}""}",c4596b0f-473d-4fc3-a9ff-ddd719f94726,0c715d5a-63ae-4042-90af-703435b89d91,Diehard Fans,Diehard Fans,"{""rarity_notes"": ""Jason Matz's CCG Checklist""}",gridiron-fantasy-football_gridiron_diehard-fans
caa78b85-a758-45fe-9be5-603d87fc9f0a,item,1,0,"{""obverse"": ""gridiron-fantasy-football_gridiron_disputed-call"", ""reverse"": ""gridiron-fantasy-football_defensive-action_card-back""}","{""name_printed"": ""Disputed Call"", ""rarity"": ""Common"", ""deck"": ""Defensive Action"", ""type"": ""Action"", ""item_dimensions"": ""{\u0022height\u0022: \u00223.5\u0022, \u0022width\u0022: \u00222.5\u0022, \u0022unit\u0022: \u0022inch\u0022}""}",c4596b0f-473d-4fc3-a9ff-ddd719f94726,0c715d5a-63ae-4042-90af-703435b89d91,Disputed Call,Disputed Call,"{""rarity_notes"": ""Jason Matz's CCG Checklist""}",gridiron-fantasy-football_gridiron_disputed-call
f406a949-a601-4d1c-9e00-4fdc1c83d66c,item,1,0,"{""obverse"": ""gridiron-fantasy-football_gridiron_dive"", ""reverse"": ""gridiron-fantasy-football_offensive-play_card-back""}","{""name_printed"": ""Dive"", ""rarity"": ""Common"", ""deck"": ""Offensive Play"", ""type"": ""Run"", ""item_dimensions"": ""{\u0022height\u0022: \u00223.5\u0022, \u0022width\u0022: \u00222.5\u0022, \u0022unit\u0022: \u0022inch\u0022}""}",c4596b0f-473d-4fc3-a9ff-ddd719f94726,0c715d5a-63ae-4042-90af-703435b89d91,Dive,Dive,"{""rarity_notes"": ""Jason Matz's CCG Checklist""}",gridiron-fantasy-football_gridiron_dive
7af934b5-cd94-4218-aa76-57266e9f9b85,item,1,0,"{""obverse"": ""gridiron-fantasy-football_gridiron_dodge-and-weave"", ""reverse"": ""gridiron-fantasy-football_offensive-action_card-back""}","{""name_printed"": ""Dodge and Weave"", ""rarity"": ""Common"", ""deck"": ""Offensive Action"", ""type"": ""Challenge"", ""item_dimensions"": ""{\u0022height\u0022: \u00223.5\u0022, \u0022width\u0022: \u00222.5\u0022, \u0022unit\u0022: \u0022inch\u0022}""}",c4596b0f-473d-4fc3-a9ff-ddd719f94726,0c715d5a-63ae-4042-90af-703435b89d91,Dodge and Weave,Dodge and Weave,"{""rarity_notes"": ""Jason Matz's CCG Checklist""}",gridiron-fantasy-football_gridiron_dodge-and-weave
d9eb4b01-fadd-4c40-9439-ffecd1128f04,item,1,0,"{""obverse"": ""gridiron-fantasy-football_gridiron_dodge-out-of-bounds"", ""reverse"": ""gridiron-fantasy-football_offensive-action_card-back""}","{""name_printed"": ""Dodge Out of Bounds"", ""rarity"": ""Common"", ""deck"": ""Offensive Action"", ""type"": ""Challenge"", ""item_dimensions"": ""{\u0022height\u0022: \u00223.5\u0022, \u0022width\u0022: \u00222.5\u0022, \u0022unit\u0022: \u0022inch\u0022}""}",c4596b0f-473d-4fc3-a9ff-ddd719f94726,0c715d5a-63ae-4042-90af-703435b89d91,Dodge Out of Bounds,Dodge Out of Bounds,"{""rarity_notes"": ""Jason Matz's CCG Checklist""}",gridiron-fantasy-football_gridiron_dodge-out-of-bounds
1260ddc2-e776-48da-9f84-e7ce7affa39f,photo,0,0,"{""obverse"": ""gridiron-fantasy-football_gridiron_dogpile-defense"", ""reverse"": ""gridiron-fantasy-football_defensive-play_card-back""}","{""name_printed"": ""Dogpile Defense"", ""rarity"": ""Uncommon"", ""deck"": ""Defensive Play"", ""type"": ""Run"", ""item_dimensions"": ""{\u0022height\u0022: \u00223.5\u0022, \u0022width\u0022: \u00222.5\u0022, \u0022unit\u0022: \u0022inch\u0022}""}",c4596b0f-473d-4fc3-a9ff-ddd719f94726,0c715d5a-63ae-4042-90af-703435b89d91,Dogpile Defense,Dogpile Defense,"{""rarity_notes"": ""Jason Matz's CCG Checklist""}",gridiron-fantasy-football_gridiron_dogpile-defense
11524312-04e5-437e-9747-8b73fd4c6ce1,item,1,0,"{""obverse"": ""gridiron-fantasy-football_gridiron_don't-fear-the-reaper"", ""reverse"": ""gridiron-fantasy-football_offensive-action_card-back""}","{""name_printed"": ""Don't Fear the Reaper"", ""rarity"": ""Common"", ""deck"": ""Offensive Action"", ""type"": ""Challenge"", ""item_dimensions"": ""{\u0022height\u0022: \u00223.5\u0022, \u0022width\u0022: \u00222.5\u0022, \u0022unit\u0022: \u0022inch\u0022}""}",c4596b0f-473d-4fc3-a9ff-ddd719f94726,0c715d5a-63ae-4042-90af-703435b89d91,Don't Fear the Reaper,Don't Fear the Reaper,"{""rarity_notes"": ""Jason Matz's CCG Checklist""}",gridiron-fantasy-football_gridiron_don't-fear-the-reaper
30c86051-af73-4026-a6e9-75b0c6230b79,photo,0,0,"{""obverse"": ""gridiron-fantasy-football_gridiron_double-coverage"", ""reverse"": ""gridiron-fantasy-football_defensive-play_card-back""}","{""name_printed"": ""Double Coverage"", ""rarity"": ""Uncommon"", ""deck"": ""Defensive Play"", ""type"": ""Pass"", ""item_dimensions"": ""{\u0022height\u0022: \u00223.5\u0022, \u0022width\u0022: \u00222.5\u0022, \u0022unit\u0022: \u0022inch\u0022}""}",c4596b0f-473d-4fc3-a9ff-ddd719f94726,0c715d5a-63ae-4042-90af-703435b89d91,Double Coverage,Double Coverage,"{""rarity_notes"": ""Jason Matz's CCG Checklist""}",gridiron-fantasy-football_gridiron_double-coverage
b45fd10d-4ae9-4712-a510-1aceb3270545,item,1,0,"{""obverse"": ""gridiron-fantasy-football_gridiron_double-dealing"", ""reverse"": ""gridiron-fantasy-football_offensive-action_card-back""}","{""name_printed"": ""Double Dealing"", ""rarity"": ""Rare"", ""deck"": ""Offensive Action"", ""type"": ""Action"", ""item_dimensions"": ""{\u0022height\u0022: \u00223.5\u0022, \u0022width\u0022: \u00222.5\u0022, \u0022unit\u0022: \u0022inch\u0022}""}",c4596b0f-473d-4fc3-a9ff-ddd719f94726,0c715d5a-63ae-4042-90af-703435b89d91,Double Dealing,Double Dealing,"{""rarity_notes"": ""Jason Matz's CCG Checklist""}",gridiron-fantasy-football_gridiron_double-dealing
3a96bfec-c885-4eab-b7db-29a20fd47a17,item,1,0,"{""obverse"": ""gridiron-fantasy-football_gridiron_down-and-out"", ""reverse"": ""gridiron-fantasy-football_offensive-play_card-back""}","{""name_printed"": ""Down and Out"", ""rarity"": ""Common"", ""deck"": ""Offensive Play"", ""type"": ""Pass"", ""item_dimensions"": ""{\u0022height\u0022: \u00223.5\u0022, \u0022width\u0022: \u00222.5\u0022, \u0022unit\u0022: \u0022inch\u0022}""}",c4596b0f-473d-4fc3-a9ff-ddd719f94726,0c715d5a-63ae-4042-90af-703435b89d91,Down and Out,Down and Out,"{""rarity_notes"": ""Jason Matz's CCG Checklist""}",gridiron-fantasy-football_gridiron_down-and-out
ae687a3f-fcd3-45f6-84d4-e7bba0edae6d,third-party-document,0,0,"{""obverse"": ""gridiron-fantasy-football_gridiron_downfield-substitution"", ""reverse"": ""gridiron-fantasy-football_card-back""}","{""name_printed"": ""Downfield Substitution"", ""rarity"": ""Ultra Rare"", ""item_dimensions"": ""{\u0022height\u0022: \u00223.5\u0022, \u0022width\u0022: \u00222.5\u0022, \u0022unit\u0022: \u0022inch\u0022}""}",c4596b0f-473d-4fc3-a9ff-ddd719f94726,0c715d5a-63ae-4042-90af-703435b89d91,Downfield Substitution,Downfield Substitution,"{""source_notes"": ""included in Jason Matz's CCG Checklist"", ""rarity_notes"": ""Jason Matz's CCG Checklist""}",gridiron-fantasy-football_gridiron_downfield-substitution
23bca24e-9c5c-45b4-9876-dca78f34d215,third-party-document,0,0,"{""obverse"": ""gridiron-fantasy-football_gridiron_downpour"", ""reverse"": ""gridiron-fantasy-football_card-back""}","{""name_printed"": ""Downpour"", ""rarity"": ""Rare"", ""item_dimensions"": ""{\u0022height\u0022: \u00223.5\u0022, \u0022width\u0022: \u00222.5\u0022, \u0022unit\u0022: \u0022inch\u0022}""}",c4596b0f-473d-4fc3-a9ff-ddd719f94726,0c715d5a-63ae-4042-90af-703435b89d91,Downpour,Downpour,"{""source_notes"": ""included in Jason Matz's CCG Checklist"", ""rarity_notes"": ""Jason Matz's CCG Checklist""}",gridiron-fantasy-football_gridiron_downpour
b45b550a-20c4-45cb-bd54-69939efeaac2,photo,0,0,"{""obverse"": ""gridiron-fantasy-football_gridiron_drastic-measures"", ""reverse"": ""gridiron-fantasy-football_offensive-action_card-back""}","{""name_printed"": ""Drastic Measures"", ""rarity"": ""Ultra Rare"", ""deck"": ""Offensive Action"", ""type"": ""Action"", ""item_dimensions"": ""{\u0022height\u0022: \u00223.5\u0022, \u0022width\u0022: \u00222.5\u0022, \u0022unit\u0022: \u0022inch\u0022}""}",c4596b0f-473d-4fc3-a9ff-ddd719f94726,0c715d5a-63ae-4042-90af-703435b89d91,Drastic Measures,Drastic Measures,"{""rarity_notes"": ""Jason Matz's CCG Checklist""}",gridiron-fantasy-football_gridiron_drastic-measures
874264f9-542d-41a9-8ad0-36f0be83fa08,photo,0,0,"{""obverse"": ""gridiron-fantasy-football_gridiron_draw"", ""reverse"": ""gridiron-fantasy-football_offensive-play_card-back""}","{""name_printed"": ""Draw"", ""rarity"": ""Uncommon"", ""deck"": ""Offensive Play"", ""type"": ""Run"", ""item_dimensions"": ""{\u0022height\u0022: \u00223.5\u0022, \u0022width\u0022: \u00222.5\u0022, \u0022unit\u0022: \u0022inch\u0022}""}",c4596b0f-473d-4fc3-a9ff-ddd719f94726,0c715d5a-63ae-4042-90af-703435b89d91,Draw,Draw,"{""rarity_notes"": ""Jason Matz's CCG Checklist""}",gridiron-fantasy-football_gridiron_draw
fa9ad8ce-02cc-49e7-b509-eeb26b82314b,item,1,0,"{""obverse"": ""gridiron-fantasy-football_gridiron_dwight-teague---g"", ""reverse"": ""gridiron-fantasy-football_team_card-back""}","{""name_printed"": ""Dwight Teague - G"", ""rarity"": ""Uncommon"", ""deck"": ""Team"", ""type"": ""Star Player"", ""item_dimensions"": ""{\u0022height\u0022: \u00223.5\u0022, \u0022width\u0022: \u00222.5\u0022, \u0022unit\u0022: \u0022inch\u0022}""}",c4596b0f-473d-4fc3-a9ff-ddd719f94726,0c715d5a-63ae-4042-90af-703435b89d91,Dwight Teague - G,Dwight Teague - G,"{""rarity_notes"": ""Jason Matz's CCG Checklist""}",gridiron-fantasy-football_gridiron_dwight-teague---g
45d63c80-e1e5-438b-8a38-daec09646e6d,photo,0,0,"{""obverse"": ""gridiron-fantasy-football_gridiron_e-m-t-"", ""reverse"": ""gridiron-fantasy-football_offensive-action_card-back""}","{""name_printed"": ""E.M.T."", ""rarity"": ""Promo"", ""deck"": ""Offensive Action"", ""type"": ""Action"", ""item_dimensions"": ""{\u0022height\u0022: \u00223.5\u0022, \u0022width\u0022: \u00222.5\u0022, \u0022unit\u0022: \u0022inch\u0022}""}",c4596b0f-473d-4fc3-a9ff-ddd719f94726,0c715d5a-63ae-4042-90af-703435b89d91,E.M.T.,E.M.T.,"{""rarity_notes"": ""Jason Matz's CCG Checklist""}",gridiron-fantasy-football_gridiron_e-m-t-
2ca154c5-8419-4297-9cb6-1188c552d0fa,item,1,0,"{""obverse"": ""gridiron-fantasy-football_gridiron_eagle-eyed-ref"", ""reverse"": ""gridiron-fantasy-football_defensive-action_card-back""}","{""name_printed"": ""Eagle-Eyed Ref"", ""rarity"": ""Uncommon"", ""deck"": ""Defensive Action"", ""type"": ""Action"", ""item_dimensions"": ""{\u0022height\u0022: \u00223.5\u0022, \u0022width\u0022: \u00222.5\u0022, \u0022unit\u0022: \u0022inch\u0022}""}",c4596b0f-473d-4fc3-a9ff-ddd719f94726,0c715d5a-63ae-4042-90af-703435b89d91,Eagle-Eyed Ref,Eagle-Eyed Ref,"{""rarity_notes"": ""Jason Matz's CCG Checklist""}",gridiron-fantasy-football_gridiron_eagle-eyed-ref
a5b5959c-45f2-4a1a-8471-9c26fd5576c2,photo,0,0,"{""obverse"": ""gridiron-fantasy-football_gridiron_edward-usher---de"", ""reverse"": ""gridiron-fantasy-football_card-back""}","{""name_printed"": ""Edward Usher - DE"", ""rarity"": ""Rare"", ""item_dimensions"": ""{\u0022height\u0022: \u00223.5\u0022, \u0022width\u0022: \u00222.5\u0022, \u0022unit\u0022: \u0022inch\u0022}""}",c4596b0f-473d-4fc3-a9ff-ddd719f94726,0c715d5a-63ae-4042-90af-703435b89d91,Edward Usher - DE,Edward Usher - DE,"{""rarity_notes"": ""Jason Matz's CCG Checklist""}",gridiron-fantasy-football_gridiron_edward-usher---de
9ca30bea-4104-40dc-8e7a-33bf3b11e42f,photo,0,0,"{""obverse"": ""gridiron-fantasy-football_gridiron_elbow-smash"", ""reverse"": ""gridiron-fantasy-football_defensive-action_card-back""}","{""name_printed"": ""Elbow Smash"", ""rarity"": ""Rare"", ""deck"": ""Defensive Action"", ""type"": ""Challenge"", ""item_dimensions"": ""{\u0022height\u0022: \u00223.5\u0022, \u0022width\u0022: \u00222.5\u0022, \u0022unit\u0022: \u0022inch\u0022}""}",c4596b0f-473d-4fc3-a9ff-ddd719f94726,0c715d5a-63ae-4042-90af-703435b89d91,Elbow Smash,Elbow Smash,"{""rarity_notes"": ""Jason Matz's CCG Checklist""}",gridiron-fantasy-football_gridiron_elbow-smash
7e517260-2eb4-47fb-8b70-0dac50a1746c,item,1,0,"{""obverse"": ""gridiron-fantasy-football_gridiron_eldon-van-patton---lb"", ""reverse"": ""gridiron-fantasy-football_team_card-back""}","{""name_printed"": ""Eldon Van Patton - LB"", ""rarity"": ""Uncommon"", ""deck"": ""Team"", ""type"": ""Star Player"", ""item_dimensions"": ""{\u0022height\u0022: \u00223.5\u0022, \u0022width\u0022: \u00222.5\u0022, \u0022unit\u0022: \u0022inch\u0022}""}",c4596b0f-473d-4fc3-a9ff-ddd719f94726,0c715d5a-63ae-4042-90af-703435b89d91,Eldon Van Patton - LB,Eldon Van Patton - LB,"{""rarity_notes"": ""Jason Matz's CCG Checklist""}",gridiron-fantasy-football_gridiron_eldon-van-patton---lb
689526bf-6915-4c52-8c90-a9df3f201f81,photo,0,0,"{""obverse"": ""gridiron-fantasy-football_gridiron_elite-secondary"", ""reverse"": ""gridiron-fantasy-football_team_card-back""}","{""name_printed"": ""Elite Secondary"", ""rarity"": ""Fixed"", ""deck"": ""Team"", ""type"": ""Tradition"", ""item_dimensions"": ""{\u0022height\u0022: \u00223.5\u0022, \u0022width\u0022: \u00222.5\u0022, \u0022unit\u0022: \u0022inch\u0022}""}",c4596b0f-473d-4fc3-a9ff-ddd719f94726,0c715d5a-63ae-4042-90af-703435b89d91,Elite Secondary,Elite Secondary,"{""rarity_notes"": ""Jason Matz's CCG Checklist""}",gridiron-fantasy-football_gridiron_elite-secondary
8755a37f-7641-4855-9df2-80b29d957674,photo,0,0,"{""obverse"": ""gridiron-fantasy-football_gridiron_erroneous-flag"", ""reverse"": ""gridiron-fantasy-football_defensive-action_card-back""}","{""name_printed"": ""Erroneous Flag"", ""rarity"": ""Rare"", ""deck"": ""Defensive Action"", ""type"": ""Action"", ""item_dimensions"": ""{\u0022height\u0022: \u00223.5\u0022, \u0022width\u0022: \u00222.5\u0022, \u0022unit\u0022: \u0022inch\u0022}""}",c4596b0f-473d-4fc3-a9ff-ddd719f94726,0c715d5a-63ae-4042-90af-703435b89d91,Erroneous Flag,Erroneous Flag,"{""rarity_notes"": ""Jason Matz's CCG Checklist""}",gridiron-fantasy-football_gridiron_erroneous-flag
cf6f155c-c2e7-4d9e-9731-4483742c02b6,item,1,0,"{""obverse"": ""gridiron-fantasy-football_gridiron_establish-the-pass"", ""reverse"": ""gridiron-fantasy-football_offensive-play_card-back""}","{""name_printed"": ""Establish the Pass"", ""rarity"": ""Uncommon"", ""deck"": ""Offensive Play"", ""type"": ""Pass"", ""item_dimensions"": ""{\u0022height\u0022: \u00223.5\u0022, \u0022width\u0022: \u00222.5\u0022, \u0022unit\u0022: \u0022inch\u0022}""}",c4596b0f-473d-4fc3-a9ff-ddd719f94726,0c715d5a-63ae-4042-90af-703435b89d91,Establish the Pass,Establish the Pass,"{""rarity_notes"": ""Jason Matz's CCG Checklist""}",gridiron-fantasy-football_gridiron_establish-the-pass
ba02ebc5-1880-4643-90f1-0ae93ee1e891,item,1,0,"{""obverse"": ""gridiron-fantasy-football_gridiron_establish-the-run"", ""reverse"": ""gridiron-fantasy-football_offensive-play_card-back""}","{""name_printed"": ""Establish the Run"", ""rarity"": ""Uncommon"", ""deck"": ""Offensive Play"", ""type"": ""Run"", ""item_dimensions"": ""{\u0022height\u0022: \u00223.5\u0022, \u0022width\u0022: \u00222.5\u0022, \u0022unit\u0022: \u0022inch\u0022}""}",c4596b0f-473d-4fc3-a9ff-ddd719f94726,0c715d5a-63ae-4042-90af-703435b89d91,Establish the Run,Establish the Run,"{""rarity_notes"": ""Jason Matz's CCG Checklist""}",gridiron-fantasy-football_gridiron_establish-the-run
8fb9c3af-2783-475f-a294-069381e60f8c,item,1,0,"{""obverse"": ""gridiron-fantasy-football_gridiron_exhaustion"", ""reverse"": ""gridiron-fantasy-football_offensive-action_card-back""}","{""name_printed"": ""Exhaustion"", ""rarity"": ""Common"", ""deck"": ""Offensive Action"", ""type"": ""Challenge"", ""item_dimensions"": ""{\u0022height\u0022: \u00223.5\u0022, \u0022width\u0022: \u00222.5\u0022, \u0022unit\u0022: \u0022inch\u0022}""}",c4596b0f-473d-4fc3-a9ff-ddd719f94726,0c715d5a-63ae-4042-90af-703435b89d91,Exhaustion,Exhaustion,"{""rarity_notes"": ""Jason Matz's CCG Checklist""}",gridiron-fantasy-football_gridiron_exhaustion
8371ea3f-5af8-4172-b13b-6299ac1622ef,photo,0,0,"{""obverse"": ""gridiron-fantasy-football_gridiron_experimental-technology"", ""reverse"": ""gridiron-fantasy-football_team_card-back""}","{""name_printed"": ""Experimental Technology"", ""rarity"": ""Ultra Rare"", ""deck"": ""Team"", ""type"": ""Asset"", ""item_dimensions"": ""{\u0022height\u0022: \u00223.5\u0022, \u0022width\u0022: \u00222.5\u0022, \u0022unit\u0022: \u0022inch\u0022}""}",c4596b0f-473d-4fc3-a9ff-ddd719f94726,0c715d5a-63ae-4042-90af-703435b89d91,Experimental Technology,Experimental Technology,"{""rarity_notes"": ""Jason Matz's CCG Checklist""}",gridiron-fantasy-football_gridiron_experimental-technology
946de034-56a9-405e-b832-2e5548bad091,item,1,0,"{""obverse"": ""gridiron-fantasy-football_gridiron_facemasking"", ""reverse"": ""gridiron-fantasy-football_defensive-action_card-back""}","{""name_printed"": ""Facemasking"", ""rarity"": ""Common"", ""deck"": ""Defensive Action"", ""type"": ""Challenge"", ""item_dimensions"": ""{\u0022height\u0022: \u00223.5\u0022, \u0022width\u0022: \u00222.5\u0022, \u0022unit\u0022: \u0022inch\u0022}""}",c4596b0f-473d-4fc3-a9ff-ddd719f94726,0c715d5a-63ae-4042-90af-703435b89d91,Facemasking,Facemasking,"{""rarity_notes"": ""Jason Matz's CCG Checklist""}",gridiron-fantasy-football_gridiron_facemasking
3e238c7e-dbad-4d11-afa7-c54bd003b043,photo,0,0,"{""obverse"": ""gridiron-fantasy-football_gridiron_falling-star"", ""reverse"": ""gridiron-fantasy-football_offensive-play_card-back""}","{""name_printed"": ""Falling Star"", ""rarity"": ""Rare"", ""deck"": ""Offensive Play"", ""type"": ""Pass"", ""item_dimensions"": ""{\u0022height\u0022: \u00223.5\u0022, \u0022width\u0022: \u00222.5\u0022, \u0022unit\u0022: \u0022inch\u0022}""}",c4596b0f-473d-4fc3-a9ff-ddd719f94726,0c715d5a-63ae-4042-90af-703435b89d91,Falling Star,Falling Star,"{""rarity_notes"": ""Jason Matz's CCG Checklist""}",gridiron-fantasy-football_gridiron_falling-star
75d9e332-96b0-46e1-b356-ffa5a481045e,photo,0,0,"{""obverse"": ""gridiron-fantasy-football_gridiron_fan-protest"", ""reverse"": ""gridiron-fantasy-football_card-back""}","{""name_printed"": ""Fan Protest"", ""rarity"": ""Rare"", ""type"": ""Challenge"", ""item_dimensions"": ""{\u0022height\u0022: \u00223.5\u0022, \u0022width\u0022: \u00222.5\u0022, \u0022unit\u0022: \u0022inch\u0022}""}",c4596b0f-473d-4fc3-a9ff-ddd719f94726,0c715d5a-63ae-4042-90af-703435b89d91,Fan Protest,Fan Protest,"{""rarity_notes"": ""Jason Matz's CCG Checklist""}",gridiron-fantasy-football_gridiron_fan-protest
bf5a59e2-54b2-4bbe-921a-1fcd56b3c85b,item,1,0,"{""obverse"": ""gridiron-fantasy-football_gridiron_fan-reception"", ""reverse"": ""gridiron-fantasy-football_offensive-action_card-back""}","{""name_printed"": ""Fan Reception"", ""rarity"": ""Uncommon"", ""deck"": ""Offensive Action"", ""type"": ""Action"", ""item_dimensions"": ""{\u0022height\u0022: \u00223.5\u0022, \u0022width\u0022: \u00222.5\u0022, \u0022unit\u0022: \u0022inch\u0022}""}",c4596b0f-473d-4fc3-a9ff-ddd719f94726,0c715d5a-63ae-4042-90af-703435b89d91,Fan Reception,Fan Reception,"{""rarity_notes"": ""Jason Matz's CCG Checklist""}",gridiron-fantasy-football_gridiron_fan-reception
98100b31-9454-4bdd-b8e0-440173db37dc,third-party-document,0,0,"{""obverse"": ""gridiron-fantasy-football_gridiron_fans-storm-the-field"", ""reverse"": ""gridiron-fantasy-football_card-back""}","{""name_printed"": ""Fans Storm the Field"", ""rarity"": ""Rare"", ""item_dimensions"": ""{\u0022height\u0022: \u00223.5\u0022, \u0022width\u0022: \u00222.5\u0022, \u0022unit\u0022: \u0022inch\u0022}""}",c4596b0f-473d-4fc3-a9ff-ddd719f94726,0c715d5a-63ae-4042-90af-703435b89d91,Fans Storm the Field,Fans Storm the Field,"{""source_notes"": ""included in Jason Matz's CCG Checklist"", ""rarity_notes"": ""Jason Matz's CCG Checklist""}",gridiron-fantasy-football_gridiron_fans-storm-the-field
745702f7-7317-4799-b212-3b973897d335,photo,0,0,"{""obverse"": ""gridiron-fantasy-football_gridiron_fast-hands"", ""reverse"": ""gridiron-fantasy-football_defensive-play_card-back""}","{""name_printed"": ""Fast Hands"", ""rarity"": ""Rare"", ""deck"": ""Defensive Play"", ""type"": ""Pass"", ""item_dimensions"": ""{\u0022height\u0022: \u00223.5\u0022, \u0022width\u0022: \u00222.5\u0022, \u0022unit\u0022: \u0022inch\u0022}""}",c4596b0f-473d-4fc3-a9ff-ddd719f94726,0c715d5a-63ae-4042-90af-703435b89d91,Fast Hands,Fast Hands,"{""rarity_notes"": ""Jason Matz's CCG Checklist""}",gridiron-fantasy-football_gridiron_fast-hands
dff12e20-5a77-4e61-aa46-f96db77a91c8,photo,0,0,"{""obverse"": ""gridiron-fantasy-football_gridiron_favorite-trick"", ""reverse"": ""gridiron-fantasy-football_offensive-action_card-back""}","{""name_printed"": ""Favorite Trick"", ""rarity"": ""Rare"", ""deck"": ""Offensive Action"", ""type"": ""Challenge"", ""item_dimensions"": ""{\u0022height\u0022: \u00223.5\u0022, \u0022width\u0022: \u00222.5\u0022, \u0022unit\u0022: \u0022inch\u0022}""}",c4596b0f-473d-4fc3-a9ff-ddd719f94726,0c715d5a-63ae-4042-90af-703435b89d91,Favorite Trick,Favorite Trick,"{""rarity_notes"": ""Jason Matz's CCG Checklist""}",gridiron-fantasy-football_gridiron_favorite-trick
385ade3f-0737-4dd0-b039-9b44e24762c9,photo,0,0,"{""obverse"": ""gridiron-fantasy-football_gridiron_femme-fatal"", ""reverse"": ""gridiron-fantasy-football_defensive-play_card-back""}","{""name_printed"": ""Femme Fatal"", ""rarity"": ""Ultra Rare"", ""deck"": ""Defensive Play"", ""type"": ""Pass"", ""item_dimensions"": ""{\u0022height\u0022: \u00223.5\u0022, \u0022width\u0022: \u00222.5\u0022, \u0022unit\u0022: \u0022inch\u0022}""}",c4596b0f-473d-4fc3-a9ff-ddd719f94726,0c715d5a-63ae-4042-90af-703435b89d91,Femme Fatal,Femme Fatal,"{""rarity_notes"": ""Jason Matz's CCG Checklist""}",gridiron-fantasy-football_gridiron_femme-fatal
aa8518a4-9a63-4406-ab50-74505c8d93bc,photo,0,0,"{""obverse"": ""gridiron-fantasy-football_gridiron_field-awareness"", ""reverse"": ""gridiron-fantasy-football_offensive-action_card-back""}","{""name_printed"": ""Field Awareness"", ""rarity"": ""Common"", ""deck"": ""Offensive Action"", ""type"": ""Challenge"", ""item_dimensions"": ""{\u0022height\u0022: \u00223.5\u0022, \u0022width\u0022: \u00222.5\u0022, \u0022unit\u0022: \u0022inch\u0022}""}",c4596b0f-473d-4fc3-a9ff-ddd719f94726,0c715d5a-63ae-4042-90af-703435b89d91,Field Awareness,Field Awareness,"{""rarity_notes"": ""Jason Matz's CCG Checklist""}",gridiron-fantasy-football_gridiron_field-awareness
f79d6f95-199c-4593-9325-1d6e631338ce,photo,0,0,"{""obverse"": ""gridiron-fantasy-football_gridiron_final-surge"", ""reverse"": ""gridiron-fantasy-football_offensive-action_card-back""}","{""name_printed"": ""Final Surge"", ""rarity"": ""Uncommon"", ""deck"": ""Offensive Action"", ""type"": ""Action"", ""item_dimensions"": ""{\u0022height\u0022: \u00223.5\u0022, \u0022width\u0022: \u00222.5\u0022, \u0022unit\u0022: \u0022inch\u0022}""}",c4596b0f-473d-4fc3-a9ff-ddd719f94726,0c715d5a-63ae-4042-90af-703435b89d91,Final Surge,Final Surge,"{""rarity_notes"": ""Jason Matz's CCG Checklist""}",gridiron-fantasy-football_gridiron_final-surge
e58af6ed-3ca6-4186-b7bc-afb9137aa1d1,photo,0,0,"{""obverse"": ""gridiron-fantasy-football_gridiron_fireworks-misfire"", ""reverse"": ""gridiron-fantasy-football_offensive-action_card-back""}","{""name_printed"": ""Fireworks Misfire"", ""rarity"": ""Rare"", ""deck"": ""Offensive Action"", ""type"": ""Challenge"", ""item_dimensions"": ""{\u0022height\u0022: \u00223.5\u0022, \u0022width\u0022: \u00222.5\u0022, \u0022unit\u0022: \u0022inch\u0022}""}",c4596b0f-473d-4fc3-a9ff-ddd719f94726,0c715d5a-63ae-4042-90af-703435b89d91,Fireworks Misfire,Fireworks Misfire,"{""rarity_notes"": ""Jason Matz's CCG Checklist""}",gridiron-fantasy-football_gridiron_fireworks-misfire
c19dceb7-3f04-467d-9b3b-263daf7f6e22,photo,0,0,"{""obverse"": ""gridiron-fantasy-football_gridiron_flag"", ""reverse"": ""gridiron-fantasy-football_offensive-play_card-back""}","{""name_printed"": ""Flag"", ""rarity"": ""Uncommon"", ""deck"": ""Offensive Play"", ""type"": ""Pass"", ""item_dimensions"": ""{\u0022height\u0022: \u00223.5\u0022, \u0022width\u0022: \u00222.5\u0022, \u0022unit\u0022: \u0022inch\u0022}""}",c4596b0f-473d-4fc3-a9ff-ddd719f94726,0c715d5a-63ae-4042-90af-703435b89d91,Flag,Flag,"{""rarity_notes"": ""Jason Matz's CCG Checklist""}",gridiron-fantasy-football_gridiron_flag
bf1fd7dd-83ac-49cb-9399-d8e6f6213c70,photo,0,0,"{""obverse"": ""gridiron-fantasy-football_gridiron_flair-pass"", ""reverse"": ""gridiron-fantasy-football_offensive-play_card-back""}","{""name_printed"": ""Flair Pass"", ""rarity"": ""Common"", ""deck"": ""Offensive Play"", ""type"": ""Pass"", ""item_dimensions"": ""{\u0022height\u0022: \u00223.5\u0022, \u0022width\u0022: \u00222.5\u0022, \u0022unit\u0022: \u0022inch\u0022}""}",c4596b0f-473d-4fc3-a9ff-ddd719f94726,0c715d5a-63ae-4042-90af-703435b89d91,Flair Pass,Flair Pass,"{""rarity_notes"": ""Jason Matz's CCG Checklist""}",gridiron-fantasy-football_gridiron_flair-pass
15e9302f-b4c3-4e2a-9586-468015da99ec,photo,0,0,"{""obverse"": ""gridiron-fantasy-football_gridiron_flea-flicker"", ""reverse"": ""gridiron-fantasy-football_card-back""}","{""name_printed"": ""Flea Flicker"", ""rarity"": ""Rare"", ""type"": ""Pass"", ""item_dimensions"": ""{\u0022height\u0022: \u00223.5\u0022, \u0022width\u0022: \u00222.5\u0022, \u0022unit\u0022: \u0022inch\u0022}""}",c4596b0f-473d-4fc3-a9ff-ddd719f94726,0c715d5a-63ae-4042-90af-703435b89d91,Flea Flicker,Flea Flicker,"{""rarity_notes"": ""Jason Matz's CCG Checklist""}",gridiron-fantasy-football_gridiron_flea-flicker
47b8c158-10e9-4b99-9d5d-d296c2c67b9e,photo,0,0,"{""obverse"": ""gridiron-fantasy-football_gridiron_flood-the-line"", ""reverse"": ""gridiron-fantasy-football_defensive-play_card-back""}","{""name_printed"": ""Flood the Line"", ""rarity"": ""Uncommon"", ""deck"": ""Defensive Play"", ""type"": ""Run"", ""item_dimensions"": ""{\u0022height\u0022: \u00223.5\u0022, \u0022width\u0022: \u00222.5\u0022, \u0022unit\u0022: \u0022inch\u0022}""}",c4596b0f-473d-4fc3-a9ff-ddd719f94726,0c715d5a-63ae-4042-90af-703435b89d91,Flood the Line,Flood the Line,"{""rarity_notes"": ""Jason Matz's CCG Checklist""}",gridiron-fantasy-football_gridiron_flood-the-line
09eaf7f1-22b2-4b50-9b3b-a4ecde6ab0d7,item,1,0,"{""obverse"": ""gridiron-fantasy-football_gridiron_flush-the-quarterback"", ""reverse"": ""gridiron-fantasy-football_defensive-action_card-back""}","{""name_printed"": ""Flush the Quarterback"", ""rarity"": ""Common"", ""deck"": ""Defensive Action"", ""type"": ""Challenge"", ""item_dimensions"": ""{\u0022height\u0022: \u00223.5\u0022, \u0022width\u0022: \u00222.5\u0022, \u0022unit\u0022: \u0022inch\u0022}""}",c4596b0f-473d-4fc3-a9ff-ddd719f94726,0c715d5a-63ae-4042-90af-703435b89d91,Flush the Quarterback,Flush the Quarterback,"{""rarity_notes"": ""Jason Matz's CCG Checklist""}",gridiron-fantasy-football_gridiron_flush-the-quarterback
13fba17b-b744-4513-9e5d-ef3f345f2017,photo,0,0,"{""obverse"": ""gridiron-fantasy-football_gridiron_flying-wedge"", ""reverse"": ""gridiron-fantasy-football_card-back""}","{""name_printed"": ""Flying Wedge"", ""rarity"": ""Rare"", ""type"": ""Run"", ""item_dimensions"": ""{\u0022height\u0022: \u00223.5\u0022, \u0022width\u0022: \u00222.5\u0022, \u0022unit\u0022: \u0022inch\u0022}""}",c4596b0f-473d-4fc3-a9ff-ddd719f94726,0c715d5a-63ae-4042-90af-703435b89d91,Flying Wedge,Flying Wedge,"{""rarity_notes"": ""Jason Matz's CCG Checklist""}",gridiron-fantasy-football_gridiron_flying-wedge
ab8ad5c9-5b35-4002-8637-ae52b2eb5293,third-party-document,0,0,"{""obverse"": ""gridiron-fantasy-football_gridiron_fog"", ""reverse"": ""gridiron-fantasy-football_card-back""}","{""name_printed"": ""Fog"", ""rarity"": ""Rare"", ""item_dimensions"": ""{\u0022height\u0022: \u00223.5\u0022, \u0022width\u0022: \u00222.5\u0022, \u0022unit\u0022: \u0022inch\u0022}""}",c4596b0f-473d-4fc3-a9ff-ddd719f94726,0c715d5a-63ae-4042-90af-703435b89d91,Fog,Fog,"{""source_notes"": ""included in Jason Matz's CCG Checklist"", ""rarity_notes"": ""Jason Matz's CCG Checklist""}",gridiron-fantasy-football_gridiron_fog
1873680e-61b0-4ec5-93f2-3b6dbdadedd6,photo,0,0,"{""obverse"": ""gridiron-fantasy-football_gridiron_food-poisoning"", ""reverse"": ""gridiron-fantasy-football_offensive-action_card-back""}","{""name_printed"": ""Food Poisoning"", ""rarity"": ""Rare"", ""deck"": ""Offensive Action"", ""type"": ""Challenge"", ""item_dimensions"": ""{\u0022height\u0022: \u00223.5\u0022, \u0022width\u0022: \u00222.5\u0022, \u0022unit\u0022: \u0022inch\u0022}""}",c4596b0f-473d-4fc3-a9ff-ddd719f94726,0c715d5a-63ae-4042-90af-703435b89d91,Food Poisoning,Food Poisoning,"{""rarity_notes"": ""Jason Matz's CCG Checklist""}",gridiron-fantasy-football_gridiron_food-poisoning
05393fbd-784f-48da-9550-4a374f649631,photo,0,0,"{""obverse"": ""gridiron-fantasy-football_gridiron_football-voodoo"", ""reverse"": ""gridiron-fantasy-football_team_card-back""}","{""name_printed"": ""Football Voodoo"", ""rarity"": ""Ultra Rare"", ""deck"": ""Team"", ""type"": ""Tradition"", ""item_dimensions"": ""{\u0022height\u0022: \u00223.5\u0022, \u0022width\u0022: \u00222.5\u0022, \u0022unit\u0022: \u0022inch\u0022}""}",c4596b0f-473d-4fc3-a9ff-ddd719f94726,0c715d5a-63ae-4042-90af-703435b89d91,Football Voodoo,Football Voodoo,"{""rarity_notes"": ""Jason Matz's CCG Checklist""}",gridiron-fantasy-football_gridiron_football-voodoo
9c93f6ec-a6f9-45fa-aa10-0391c9cf40ec,item,1,0,"{""obverse"": ""gridiron-fantasy-football_gridiron_footrace"", ""reverse"": ""gridiron-fantasy-football_offensive-action_card-back""}","{""name_printed"": ""Footrace"", ""rarity"": ""Common"", ""deck"": ""Offensive Action"", ""type"": ""Challenge"", ""item_dimensions"": ""{\u0022height\u0022: \u00223.5\u0022, \u0022width\u0022: \u00222.5\u0022, \u0022unit\u0022: \u0022inch\u0022}""}",c4596b0f-473d-4fc3-a9ff-ddd719f94726,0c715d5a-63ae-4042-90af-703435b89d91,Footrace,Footrace,"{""rarity_notes"": ""Jason Matz's CCG Checklist""}",gridiron-fantasy-football_gridiron_footrace
2f0dca9a-c8ab-4c16-bf5e-adbc9fc580cf,photo,0,0,"{""obverse"": ""gridiron-fantasy-football_gridiron_for-the-good-of-the-team"", ""reverse"": ""gridiron-fantasy-football_defensive-action_card-back""}","{""name_printed"": ""For the Good of the Team"", ""rarity"": ""Rare"", ""deck"": ""Defensive Action"", ""type"": ""Challenge"", ""item_dimensions"": ""{\u0022height\u0022: \u00223.5\u0022, \u0022width\u0022: \u00222.5\u0022, \u0022unit\u0022: \u0022inch\u0022}""}",c4596b0f-473d-4fc3-a9ff-ddd719f94726,0c715d5a-63ae-4042-90af-703435b89d91,For the Good of the Team,For the Good of the Team,"{""rarity_notes"": ""Jason Matz's CCG Checklist""}",gridiron-fantasy-football_gridiron_for-the-good-of-the-team
0b3dbeec-1c3b-4531-ba4f-bebad7338a1a,third-party-document,0,0,"{""obverse"": ""gridiron-fantasy-football_gridiron_forcing-the-turnover"", ""reverse"": ""gridiron-fantasy-football_card-back""}","{""name_printed"": ""Forcing the Turnover"", ""rarity"": ""Ultra Rare"", ""item_dimensions"": ""{\u0022height\u0022: \u00223.5\u0022, \u0022width\u0022: \u00222.5\u0022, \u0022unit\u0022: \u0022inch\u0022}""}",c4596b0f-473d-4fc3-a9ff-ddd719f94726,0c715d5a-63ae-4042-90af-703435b89d91,Forcing the Turnover,Forcing the Turnover,"{""source_notes"": ""included in Jason Matz's CCG Checklist"", ""rarity_notes"": ""Jason Matz's CCG Checklist""}",gridiron-fantasy-football_gridiron_forcing-the-turnover
95e767b6-c195-4309-b635-d47d646b6703,item,1,0,"{""obverse"": ""gridiron-fantasy-football_gridiron_friendly-reminder"", ""reverse"": ""gridiron-fantasy-football_defensive-action_card-back""}","{""name_printed"": ""Friendly Reminder"", ""rarity"": ""Rare"", ""deck"": ""Defensive Action"", ""type"": ""Action"", ""item_dimensions"": ""{\u0022height\u0022: \u00223.5\u0022, \u0022width\u0022: \u00222.5\u0022, \u0022unit\u0022: \u0022inch\u0022}""}",c4596b0f-473d-4fc3-a9ff-ddd719f94726,0c715d5a-63ae-4042-90af-703435b89d91,Friendly Reminder,Friendly Reminder,"{""rarity_notes"": ""Jason Matz's CCG Checklist""}",gridiron-fantasy-football_gridiron_friendly-reminder
6d937019-1cb2-433f-a8ce-49631794b019,photo,0,0,"{""obverse"": ""gridiron-fantasy-football_gridiron_frontal-assault"", ""reverse"": ""gridiron-fantasy-football_offensive-action_card-back""}","{""name_printed"": ""Frontal Assault"", ""rarity"": ""Rare"", ""deck"": ""Offensive Action"", ""type"": ""Challenge"", ""item_dimensions"": ""{\u0022height\u0022: \u00223.5\u0022, \u0022width\u0022: \u00222.5\u0022, \u0022unit\u0022: \u0022inch\u0022}""}",c4596b0f-473d-4fc3-a9ff-ddd719f94726,0c715d5a-63ae-4042-90af-703435b89d91,Frontal Assault,Frontal Assault,"{""rarity_notes"": ""Jason Matz's CCG Checklist""}",gridiron-fantasy-football_gridiron_frontal-assault
46b24f3a-d45a-402e-b3af-aea2fb8b5ee6,photo,0,0,"{""obverse"": ""gridiron-fantasy-football_gridiron_fugitives"", ""reverse"": ""gridiron-fantasy-football_team_card-back""}","{""name_printed"": ""Fugitives"", ""rarity"": ""Rare"", ""deck"": ""Team"", ""type"": ""Franchise"", ""item_dimensions"": ""{\u0022height\u0022: \u00223.5\u0022, \u0022width\u0022: \u00222.5\u0022, \u0022unit\u0022: \u0022inch\u0022}""}",c4596b0f-473d-4fc3-a9ff-ddd719f94726,0c715d5a-63ae-4042-90af-703435b89d91,Fugitives,Fugitives,"{""rarity_notes"": ""Jason Matz's CCG Checklist""}",gridiron-fantasy-football_gridiron_fugitives
6169534e-1062-4653-a5e4-acb4342d72a7,photo,0,0,"{""obverse"": ""gridiron-fantasy-football_gridiron_fumblerooski"", ""reverse"": ""gridiron-fantasy-football_offensive-play_card-back""}","{""name_printed"": ""Fumblerooski"", ""rarity"": ""Rare"", ""deck"": ""Offensive Play"", ""type"": ""Run"", ""item_dimensions"": ""{\u0022height\u0022: \u00223.5\u0022, \u0022width\u0022: \u00222.5\u0022, \u0022unit\u0022: \u0022inch\u0022}""}",c4596b0f-473d-4fc3-a9ff-ddd719f94726,0c715d5a-63ae-4042-90af-703435b89d91,Fumblerooski,Fumblerooski,"{""rarity_notes"": ""Jason Matz's CCG Checklist""}",gridiron-fantasy-football_gridiron_fumblerooski
ed0b3a86-5dfe-4a75-a345-239979873ae5,photo,0,0,"{""obverse"": ""gridiron-fantasy-football_gridiron_gamble"", ""reverse"": ""gridiron-fantasy-football_offensive-action_card-back""}","{""name_printed"": ""Gamble"", ""rarity"": ""Uncommon"", ""deck"": ""Offensive Action"", ""type"": ""Action"", ""item_dimensions"": ""{\u0022height\u0022: \u00223.5\u0022, \u0022width\u0022: \u00222.5\u0022, \u0022unit\u0022: \u0022inch\u0022}""}",c4596b0f-473d-4fc3-a9ff-ddd719f94726,0c715d5a-63ae-4042-90af-703435b89d91,Gamble,Gamble,"{""rarity_notes"": ""Jason Matz's CCG Checklist""}",gridiron-fantasy-football_gridiron_gamble
e48f4a30-69c8-4b8c-a7a2-6792bebb4cf6,photo,0,0,"{""obverse"": ""gridiron-fantasy-football_gridiron_gaston-forrester---de"", ""reverse"": ""gridiron-fantasy-football_team_card-back""}","{""name_printed"": ""Gaston Forrester - DE"", ""rarity"": ""Fixed"", ""deck"": ""Team"", ""type"": ""Star Player"", ""item_dimensions"": ""{\u0022height\u0022: \u00223.5\u0022, \u0022width\u0022: \u00222.5\u0022, \u0022unit\u0022: \u0022inch\u0022}""}",c4596b0f-473d-4fc3-a9ff-ddd719f94726,0c715d5a-63ae-4042-90af-703435b89d91,Gaston Forrester - DE,Gaston Forrester - DE,"{""rarity_notes"": ""Jason Matz's CCG Checklist""}",gridiron-fantasy-football_gridiron_gaston-forrester---de
39d54f37-1f2d-4e9b-b049-1fd63c306db9,photo,0,0,"{""obverse"": ""gridiron-fantasy-football_gridiron_george-smalley---fb"", ""reverse"": ""gridiron-fantasy-football_team_card-back""}","{""name_printed"": ""George Smalley - FB"", ""rarity"": ""Uncommon"", ""deck"": ""Team"", ""type"": ""Star Player"", ""item_dimensions"": ""{\u0022height\u0022: \u00223.5\u0022, \u0022width\u0022: \u00222.5\u0022, \u0022unit\u0022: \u0022inch\u0022}""}",c4596b0f-473d-4fc3-a9ff-ddd719f94726,0c715d5a-63ae-4042-90af-703435b89d91,George Smalley - FB,George Smalley - FB,"{""rarity_notes"": ""Jason Matz's CCG Checklist""}",gridiron-fantasy-football_gridiron_george-smalley---fb
c65d10b0-5e8a-4c92-8cb0-f903260d7fd7,item,1,0,"{""obverse"": ""gridiron-fantasy-football_gridiron_giveaway-takeaway"", ""reverse"": ""gridiron-fantasy-football_team_card-back""}","{""name_printed"": ""Giveaway/Takeaway"", ""rarity"": ""Rare"", ""deck"": ""Team"", ""type"": ""Tradition"", ""item_dimensions"": ""{\u0022height\u0022: \u00223.5\u0022, \u0022width\u0022: \u00222.5\u0022, \u0022unit\u0022: \u0022inch\u0022}""}",c4596b0f-473d-4fc3-a9ff-ddd719f94726,0c715d5a-63ae-4042-90af-703435b89d91,Giveaway/Takeaway,Giveaway/Takeaway,"{""rarity_notes"": ""Jason Matz's CCG Checklist""}",gridiron-fantasy-football_gridiron_giveaway-takeaway
4e532b74-9e5c-4a5f-9440-e5e2dc6e7711,photo,0,0,"{""obverse"": ""gridiron-fantasy-football_gridiron_god-on-your-side"", ""reverse"": ""gridiron-fantasy-football_defensive-action_card-back""}","{""name_printed"": ""God On Your Side"", ""rarity"": ""Uncommon"", ""deck"": ""Defensive Action"", ""type"": ""Action"", ""item_dimensions"": ""{\u0022height\u0022: \u00223.5\u0022, \u0022width\u0022: \u00222.5\u0022, \u0022unit\u0022: \u0022inch\u0022}""}",c4596b0f-473d-4fc3-a9ff-ddd719f94726,0c715d5a-63ae-4042-90af-703435b89d91,God On Your Side,God On Your Side,"{""rarity_notes"": ""Jason Matz's CCG Checklist""}",gridiron-fantasy-football_gridiron_god-on-your-side
b1708f56-cf0b-49d0-97fa-9e6bcbcd532b,item,1,0,"{""obverse"": ""gridiron-fantasy-football_gridiron_good-hustle"", ""reverse"": ""gridiron-fantasy-football_defensive-action_card-back""}","{""name_printed"": ""Good Hustle"", ""rarity"": ""Common"", ""deck"": ""Defensive Action"", ""type"": ""Challenge"", ""item_dimensions"": ""{\u0022height\u0022: \u00223.5\u0022, \u0022width\u0022: \u00222.5\u0022, \u0022unit\u0022: \u0022inch\u0022}""}",c4596b0f-473d-4fc3-a9ff-ddd719f94726,0c715d5a-63ae-4042-90af-703435b89d91,Good Hustle,Good Hustle,"{""rarity_notes"": ""Jason Matz's CCG Checklist""}",gridiron-fantasy-football_gridiron_good-hustle
24260770-9443-4278-a246-55e43a934de5,photo,0,0,"{""obverse"": ""gridiron-fantasy-football_gridiron_good-karma"", ""reverse"": ""gridiron-fantasy-football_offensive-action_card-back""}","{""name_printed"": ""Good Karma"", ""rarity"": ""Uncommon"", ""deck"": ""Offensive Action"", ""type"": ""Action"", ""item_dimensions"": ""{\u0022height\u0022: \u00223.5\u0022, \u0022width\u0022: \u00222.5\u0022, \u0022unit\u0022: \u0022inch\u0022}""}",c4596b0f-473d-4fc3-a9ff-ddd719f94726,0c715d5a-63ae-4042-90af-703435b89d91,Good Karma,Good Karma,"{""rarity_notes"": ""Jason Matz's CCG Checklist""}",gridiron-fantasy-football_gridiron_good-karma
c0b2ccad-2c8e-4a5a-82ea-e65ec9bf53fc,photo,0,0,"{""obverse"": ""gridiron-fantasy-football_gridiron_good-sportsmanship"", ""reverse"": ""gridiron-fantasy-football_card-back""}","{""name_printed"": ""Good Sportsmanship"", ""rarity"": ""Rare"", ""type"": ""Action"", ""item_dimensions"": ""{\u0022height\u0022: \u00223.5\u0022, \u0022width\u0022: \u00222.5\u0022, \u0022unit\u0022: \u0022inch\u0022}""}",c4596b0f-473d-4fc3-a9ff-ddd719f94726,0c715d5a-63ae-4042-90af-703435b89d91,Good Sportsmanship,Good Sportsmanship,"{""rarity_notes"": ""Jason Matz's CCG Checklist""}",gridiron-fantasy-football_gridiron_good-sportsmanship
8a3a86fa-3db2-4272-93fd-f30daece218d,photo,0,0,"{""obverse"": ""gridiron-fantasy-football_gridiron_good-timing"", ""reverse"": ""gridiron-fantasy-football_defensive-action_card-back""}","{""name_printed"": ""Good Timing"", ""rarity"": ""Rare"", ""deck"": ""Defensive Action"", ""type"": ""Challenge"", ""item_dimensions"": ""{\u0022height\u0022: \u00223.5\u0022, \u0022width\u0022: \u00222.5\u0022, \u0022unit\u0022: \u0022inch\u0022}""}",c4596b0f-473d-4fc3-a9ff-ddd719f94726,0c715d5a-63ae-4042-90af-703435b89d91,Good Timing,Good Timing,"{""rarity_notes"": ""Jason Matz's CCG Checklist""}",gridiron-fantasy-football_gridiron_good-timing
e545f1cd-59de-4b49-9c9d-259cdd8f1504,photo,0,0,"{""obverse"": ""gridiron-fantasy-football_gridiron_gopher-holes"", ""reverse"": ""gridiron-fantasy-football_offensive-action_card-back""}","{""name_printed"": ""Gopher Holes"", ""rarity"": ""Rare"", ""deck"": ""Offensive Action"", ""type"": ""Challenge"", ""item_dimensions"": ""{\u0022height\u0022: \u00223.5\u0022, \u0022width\u0022: \u00222.5\u0022, \u0022unit\u0022: \u0022inch\u0022}""}",c4596b0f-473d-4fc3-a9ff-ddd719f94726,0c715d5a-63ae-4042-90af-703435b89d91,Gopher Holes,Gopher Holes,"{""rarity_notes"": ""Jason Matz's CCG Checklist""}",gridiron-fantasy-football_gridiron_gopher-holes
38d1bb4b-a931-45ee-a3b7-0565524b42cf,photo,0,0,"{""obverse"": ""gridiron-fantasy-football_gridiron_greased-pigskin"", ""reverse"": ""gridiron-fantasy-football_defensive-play_card-back""}","{""name_printed"": ""Greased Pigskin"", ""rarity"": ""Rare"", ""deck"": ""Defensive Play"", ""type"": ""Run"", ""item_dimensions"": ""{\u0022height\u0022: \u00223.5\u0022, \u0022width\u0022: \u00222.5\u0022, \u0022unit\u0022: \u0022inch\u0022}""}",c4596b0f-473d-4fc3-a9ff-ddd719f94726,0c715d5a-63ae-4042-90af-703435b89d91,Greased Pigskin,Greased Pigskin,"{""rarity_notes"": ""Jason Matz's CCG Checklist""}",gridiron-fantasy-football_gridiron_greased-pigskin
2a443518-33b7-4f60-bffc-506efcd95d89,photo,0,0,"{""obverse"": ""gridiron-fantasy-football_gridiron_griffons"", ""reverse"": ""gridiron-fantasy-football_team_card-back""}","{""name_printed"": ""Griffons"", ""rarity"": ""Rare"", ""deck"": ""Team"", ""type"": ""Franchise"", ""item_dimensions"": ""{\u0022height\u0022: \u00223.5\u0022, \u0022width\u0022: \u00222.5\u0022, \u0022unit\u0022: \u0022inch\u0022}""}",c4596b0f-473d-4fc3-a9ff-ddd719f94726,0c715d5a-63ae-4042-90af-703435b89d91,Griffons,Griffons,"{""rarity_notes"": ""Jason Matz's CCG Checklist""}",gridiron-fantasy-football_gridiron_griffons
d8f54ab5-b152-45f3-b441-9f6796244b22,photo,0,0,"{""obverse"": ""gridiron-fantasy-football_gridiron_gust-of-wind"", ""reverse"": ""gridiron-fantasy-football_defensive-play_card-back""}","{""name_printed"": ""Gust of Wind"", ""rarity"": ""Rare"", ""deck"": ""Defensive Play"", ""type"": ""Challenge"", ""item_dimensions"": ""{\u0022height\u0022: \u00223.5\u0022, \u0022width\u0022: \u00222.5\u0022, \u0022unit\u0022: \u0022inch\u0022}""}",c4596b0f-473d-4fc3-a9ff-ddd719f94726,0c715d5a-63ae-4042-90af-703435b89d91,Gust of Wind,Gust of Wind,"{""rarity_notes"": ""Jason Matz's CCG Checklist""}",gridiron-fantasy-football_gridiron_gust-of-wind
875b5376-e93f-4670-a725-d1859669502c,photo,0,0,"{""obverse"": ""gridiron-fantasy-football_gridiron_hail-mary"", ""reverse"": ""gridiron-fantasy-football_offensive-play_card-back""}","{""name_printed"": ""Hail Mary"", ""rarity"": ""Rare"", ""deck"": ""Offensive Play"", ""type"": ""Pass"", ""item_dimensions"": ""{\u0022height\u0022: \u00223.5\u0022, \u0022width\u0022: \u00222.5\u0022, \u0022unit\u0022: \u0022inch\u0022}""}",c4596b0f-473d-4fc3-a9ff-ddd719f94726,0c715d5a-63ae-4042-90af-703435b89d91,Hail Mary,Hail Mary,"{""rarity_notes"": ""Jason Matz's CCG Checklist""}",gridiron-fantasy-football_gridiron_hail-mary
b5e91c34-d788-4889-abfa-3eb0a1e71a0f,third-party-document,0,0,"{""obverse"": ""gridiron-fantasy-football_gridiron_hailstorm"", ""reverse"": ""gridiron-fantasy-football_card-back""}","{""name_printed"": ""Hailstorm"", ""rarity"": ""Rare"", ""item_dimensions"": ""{\u0022height\u0022: \u00223.5\u0022, \u0022width\u0022: \u00222.5\u0022, \u0022unit\u0022: \u0022inch\u0022}""}",c4596b0f-473d-4fc3-a9ff-ddd719f94726,0c715d5a-63ae-4042-90af-703435b89d91,Hailstorm,Hailstorm,"{""source_notes"": ""included in Jason Matz's CCG Checklist"", ""rarity_notes"": ""Jason Matz's CCG Checklist""}",gridiron-fantasy-football_gridiron_hailstorm
6d443e68-d183-4945-b387-77f570aa8998,photo,0,0,"{""obverse"": ""gridiron-fantasy-football_gridiron_hangover"", ""reverse"": ""gridiron-fantasy-football_card-back""}","{""name_printed"": ""Hangover"", ""rarity"": ""Rare"", ""type"": ""Action"", ""item_dimensions"": ""{\u0022height\u0022: \u00223.5\u0022, \u0022width\u0022: \u00222.5\u0022, \u0022unit\u0022: \u0022inch\u0022}""}",c4596b0f-473d-4fc3-a9ff-ddd719f94726,0c715d5a-63ae-4042-90af-703435b89d91,Hangover,Hangover,"{""rarity_notes"": ""Jason Matz's CCG Checklist""}",gridiron-fantasy-football_gridiron_hangover
d1ee56be-9cbe-40aa-9f8b-36d808c3fdea,photo,0,0,"{""obverse"": ""gridiron-fantasy-football_gridiron_he-could-go-all-the-way"", ""reverse"": ""gridiron-fantasy-football_card-back""}","{""name_printed"": ""He Could Go All The Way"", ""rarity"": ""Rare"", ""item_dimensions"": ""{\u0022height\u0022: \u00223.5\u0022, \u0022width\u0022: \u00222.5\u0022, \u0022unit\u0022: \u0022inch\u0022}""}",c4596b0f-473d-4fc3-a9ff-ddd719f94726,0c715d5a-63ae-4042-90af-703435b89d91,He Could Go All The Way,He Could Go All The Way,"{""rarity_notes"": ""Jason Matz's CCG Checklist""}",gridiron-fantasy-football_gridiron_he-could-go-all-the-way
5f0e2285-7473-4790-b279-a7c767989ce4,photo,0,0,"{""obverse"": ""gridiron-fantasy-football_gridiron_heat-wave"", ""reverse"": ""gridiron-fantasy-football_card-back""}","{""name_printed"": ""Heat Wave"", ""rarity"": ""Rare"", ""type"": ""Challenge"", ""item_dimensions"": ""{\u0022height\u0022: \u00223.5\u0022, \u0022width\u0022: \u00222.5\u0022, \u0022unit\u0022: \u0022inch\u0022}""}",c4596b0f-473d-4fc3-a9ff-ddd719f94726,0c715d5a-63ae-4042-90af-703435b89d91,Heat Wave,Heat Wave,"{""rarity_notes"": ""Jason Matz's CCG Checklist""}",gridiron-fantasy-football_gridiron_heat-wave
3f998106-5eeb-4fcb-b878-cc0b8cfe0a13,third-party-document,0,0,"{""obverse"": ""gridiron-fantasy-football_gridiron_helmetcam"", ""reverse"": ""gridiron-fantasy-football_card-back""}","{""name_printed"": ""HelmetCam"", ""rarity"": ""Rare"", ""item_dimensions"": ""{\u0022height\u0022: \u00223.5\u0022, \u0022width\u0022: \u00222.5\u0022, \u0022unit\u0022: \u0022inch\u0022}""}",c4596b0f-473d-4fc3-a9ff-ddd719f94726,0c715d5a-63ae-4042-90af-703435b89d91,HelmetCam,HelmetCam,"{""source_notes"": ""included in Jason Matz's CCG Checklist"", ""rarity_notes"": ""Jason Matz's CCG Checklist""}",gridiron-fantasy-football_gridiron_helmetcam
a3331f2d-a767-4490-a9dc-81a049716d98,item,1,0,"{""obverse"": ""gridiron-fantasy-football_gridiron_hold-the-line"", ""reverse"": ""gridiron-fantasy-football_defensive-play_card-back""}","{""name_printed"": ""Hold the Line"", ""rarity"": ""Common"", ""deck"": ""Defensive Play"", ""type"": ""Run"", ""item_dimensions"": ""{\u0022height\u0022: \u00223.5\u0022, \u0022width\u0022: \u00222.5\u0022, \u0022unit\u0022: \u0022inch\u0022}""}",c4596b0f-473d-4fc3-a9ff-ddd719f94726,0c715d5a-63ae-4042-90af-703435b89d91,Hold the Line,Hold the Line,"{""rarity_notes"": ""Jason Matz's CCG Checklist""}",gridiron-fantasy-football_gridiron_hold-the-line
30a48483-7f37-4fd9-9f55-c3372478a2ae,item,1,0,"{""obverse"": ""gridiron-fantasy-football_gridiron_holding"", ""reverse"": ""gridiron-fantasy-football_offensive-action_card-back""}","{""name_printed"": ""Holding"", ""rarity"": ""Common"", ""deck"": ""Offensive Action"", ""type"": ""Challenge"", ""item_dimensions"": ""{\u0022height\u0022: \u00223.5\u0022, \u0022width\u0022: \u00222.5\u0022, \u0022unit\u0022: \u0022inch\u0022}""}",c4596b0f-473d-4fc3-a9ff-ddd719f94726,0c715d5a-63ae-4042-90af-703435b89d91,Holding,Holding,"{""rarity_notes"": ""Jason Matz's CCG Checklist""}",gridiron-fantasy-football_gridiron_holding
d31cefe0-500d-4c50-bb7c-fa05eed33947,item,1,0,"{""obverse"": ""gridiron-fantasy-football_gridiron_hometown-referee"", ""reverse"": ""gridiron-fantasy-football_team_card-back""}","{""name_printed"": ""Hometown Referee"", ""rarity"": ""Rare"", ""deck"": ""Team"", ""type"": ""Asset"", ""item_dimensions"": ""{\u0022height\u0022: \u00223.5\u0022, \u0022width\u0022: \u00222.5\u0022, \u0022unit\u0022: \u0022inch\u0022}""}",c4596b0f-473d-4fc3-a9ff-ddd719f94726,0c715d5a-63ae-4042-90af-703435b89d91,Hometown Referee,Hometown Referee,"{""rarity_notes"": ""Jason Matz's CCG Checklist""}",gridiron-fantasy-football_gridiron_hometown-referee
16e20e94-e2db-4e7f-9760-245dfcff7a2f,photo,0,0,"{""obverse"": ""gridiron-fantasy-football_gridiron_hostile-press"", ""reverse"": ""gridiron-fantasy-football_offensive-action_card-back""}","{""name_printed"": ""Hostile Press"", ""rarity"": ""Rare"", ""deck"": ""Offensive Action"", ""type"": ""Action"", ""item_dimensions"": ""{\u0022height\u0022: \u00223.5\u0022, \u0022width\u0022: \u00222.5\u0022, \u0022unit\u0022: \u0022inch\u0022}""}",c4596b0f-473d-4fc3-a9ff-ddd719f94726,0c715d5a-63ae-4042-90af-703435b89d91,Hostile Press,Hostile Press,"{""rarity_notes"": ""Jason Matz's CCG Checklist""}",gridiron-fantasy-football_gridiron_hostile-press
afc470f2-85b6-48ca-886d-a9f9ecf8afbe,photo,0,0,"{""obverse"": ""gridiron-fantasy-football_gridiron_hurry-the-qb"", ""reverse"": ""gridiron-fantasy-football_defensive-play_card-back""}","{""name_printed"": ""Hurry the QB"", ""rarity"": ""Rare"", ""deck"": ""Defensive Play"", ""type"": ""Pass"", ""item_dimensions"": ""{\u0022height\u0022: \u00223.5\u0022, \u0022width\u0022: \u00222.5\u0022, \u0022unit\u0022: \u0022inch\u0022}""}",c4596b0f-473d-4fc3-a9ff-ddd719f94726,0c715d5a-63ae-4042-90af-703435b89d91,Hurry the QB,Hurry the QB,"{""rarity_notes"": ""Jason Matz's CCG Checklist""}",gridiron-fantasy-football_gridiron_hurry-the-qb
be12cbf4-915f-4114-9711-f8a2cc20d48c,photo,0,0,"{""obverse"": ""gridiron-fantasy-football_gridiron_hurry-up-offense"", ""reverse"": ""gridiron-fantasy-football_offensive-action_card-back""}","{""name_printed"": ""Hurry-Up Offense"", ""rarity"": ""Rare"", ""deck"": ""Offensive Action"", ""type"": ""Action"", ""item_dimensions"": ""{\u0022height\u0022: \u00223.5\u0022, \u0022width\u0022: \u00222.5\u0022, \u0022unit\u0022: \u0022inch\u0022}""}",c4596b0f-473d-4fc3-a9ff-ddd719f94726,0c715d5a-63ae-4042-90af-703435b89d91,Hurry-Up Offense,Hurry-Up Offense,"{""rarity_notes"": ""Jason Matz's CCG Checklist""}",gridiron-fantasy-football_gridiron_hurry-up-offense
075cfa8c-e4f9-4f76-b722-a7106bb652fb,item,1,0,"{""obverse"": ""gridiron-fantasy-football_gridiron_i---formation"", ""reverse"": ""gridiron-fantasy-football_team_card-back""}","{""name_printed"": ""I - Formation"", ""rarity"": ""Common"", ""deck"": ""Team"", ""type"": ""Formation"", ""item_dimensions"": ""{\u0022height\u0022: \u00223.5\u0022, \u0022width\u0022: \u00222.5\u0022, \u0022unit\u0022: \u0022inch\u0022}""}",c4596b0f-473d-4fc3-a9ff-ddd719f94726,0c715d5a-63ae-4042-90af-703435b89d91,I - Formation,I - Formation,"{""rarity_notes"": ""Jason Matz's CCG Checklist""}",gridiron-fantasy-football_gridiron_i---formation
0d458b08-5642-464b-8706-7ff83b18a182,photo,0,0,"{""obverse"": ""gridiron-fantasy-football_gridiron_i-got-it!"", ""reverse"": ""gridiron-fantasy-football_defensive-action_card-back""}","{""name_printed"": ""I Got It!"", ""rarity"": ""Uncommon"", ""deck"": ""Defensive Action"", ""type"": ""Action"", ""item_dimensions"": ""{\u0022height\u0022: \u00223.5\u0022, \u0022width\u0022: \u00222.5\u0022, \u0022unit\u0022: \u0022inch\u0022}""}",c4596b0f-473d-4fc3-a9ff-ddd719f94726,0c715d5a-63ae-4042-90af-703435b89d91,I Got It!,I Got It!,"{""rarity_notes"": ""Jason Matz's CCG Checklist""}",gridiron-fantasy-football_gridiron_i-got-it!
c6f95c41-93dc-4653-8d92-9f3eaffc3e00,photo,0,0,"{""obverse"": ""gridiron-fantasy-football_gridiron_ice-bowl"", ""reverse"": ""gridiron-fantasy-football_card-back""}","{""name_printed"": ""Ice Bowl"", ""rarity"": ""Rare"", ""type"": ""Action"", ""item_dimensions"": ""{\u0022height\u0022: \u00223.5\u0022, \u0022width\u0022: \u00222.5\u0022, \u0022unit\u0022: \u0022inch\u0022}""}",c4596b0f-473d-4fc3-a9ff-ddd719f94726,0c715d5a-63ae-4042-90af-703435b89d91,Ice Bowl,Ice Bowl,"{""rarity_notes"": ""Jason Matz's CCG Checklist""}",gridiron-fantasy-football_gridiron_ice-bowl
1ccfc3c8-4d91-43b9-8a3a-7a865e94b3f2,photo,0,0,"{""obverse"": ""gridiron-fantasy-football_gridiron_in-the-clear"", ""reverse"": ""gridiron-fantasy-football_offensive-action_card-back""}","{""name_printed"": ""In the Clear"", ""rarity"": ""Rare"", ""deck"": ""Offensive Action"", ""type"": ""Challenge"", ""item_dimensions"": ""{\u0022height\u0022: \u00223.5\u0022, \u0022width\u0022: \u00222.5\u0022, \u0022unit\u0022: \u0022inch\u0022}""}",c4596b0f-473d-4fc3-a9ff-ddd719f94726,0c715d5a-63ae-4042-90af-703435b89d91,In the Clear,In the Clear,"{""rarity_notes"": ""Jason Matz's CCG Checklist""}",gridiron-fantasy-football_gridiron_in-the-clear
102a4ea4-64d4-46a4-a69e-6bcbb9a1b839,item,1,0,"{""obverse"": ""gridiron-fantasy-football_gridiron_in-the-line-of-fire"", ""reverse"": ""gridiron-fantasy-football_offensive-action_card-back""}","{""name_printed"": ""In the Line of Fire"", ""rarity"": ""Common"", ""deck"": ""Offensive Action"", ""type"": ""Challenge"", ""item_dimensions"": ""{\u0022height\u0022: \u00223.5\u0022, \u0022width\u0022: \u00222.5\u0022, \u0022unit\u0022: \u0022inch\u0022}""}",c4596b0f-473d-4fc3-a9ff-ddd719f94726,0c715d5a-63ae-4042-90af-703435b89d91,In the Line of Fire,In the Line of Fire,"{""rarity_notes"": ""Jason Matz's CCG Checklist""}",gridiron-fantasy-football_gridiron_in-the-line-of-fire
0a468725-966a-41c1-99b2-60a355b355d4,item,1,0,"{""obverse"": ""gridiron-fantasy-football_gridiron_in-the-zone"", ""reverse"": ""gridiron-fantasy-football_offensive-action_card-back""}","{""name_printed"": ""In The Zone"", ""rarity"": ""Uncommon"", ""deck"": ""Offensive Action"", ""type"": ""Action"", ""item_dimensions"": ""{\u0022height\u0022: \u00223.5\u0022, \u0022width\u0022: \u00222.5\u0022, \u0022unit\u0022: \u0022inch\u0022}""}",c4596b0f-473d-4fc3-a9ff-ddd719f94726,0c715d5a-63ae-4042-90af-703435b89d91,In The Zone,In The Zone,"{""rarity_notes"": ""Jason Matz's CCG Checklist""}",gridiron-fantasy-football_gridiron_in-the-zone
5f285c5f-cb26-4084-b672-d451ded252e5,photo,0,0,"{""obverse"": ""gridiron-fantasy-football_gridiron_inadvertent-whistle"", ""reverse"": ""gridiron-fantasy-football_card-back""}","{""name_printed"": ""Inadvertent Whistle"", ""rarity"": ""Rare"", ""type"": ""Action"", ""item_dimensions"": ""{\u0022height\u0022: \u00223.5\u0022, \u0022width\u0022: \u00222.5\u0022, \u0022unit\u0022: \u0022inch\u0022}""}",c4596b0f-473d-4fc3-a9ff-ddd719f94726,0c715d5a-63ae-4042-90af-703435b89d91,Inadvertent Whistle,Inadvertent Whistle,"{""rarity_notes"": ""Jason Matz's CCG Checklist""}",gridiron-fantasy-football_gridiron_inadvertent-whistle
b018f858-ac31-4b54-82a0-53bb947e3a21,photo,0,0,"{""obverse"": ""gridiron-fantasy-football_gridiron_insect-swarm"", ""reverse"": ""gridiron-fantasy-football_card-back""}","{""name_printed"": ""Insect Swarm"", ""rarity"": ""Rare"", ""type"": ""Challenge"", ""item_dimensions"": ""{\u0022height\u0022: \u00223.5\u0022, \u0022width\u0022: \u00222.5\u0022, \u0022unit\u0022: \u0022inch\u0022}""}",c4596b0f-473d-4fc3-a9ff-ddd719f94726,0c715d5a-63ae-4042-90af-703435b89d91,Insect Swarm,Insect Swarm,"{""rarity_notes"": ""Jason Matz's CCG Checklist""}",gridiron-fantasy-football_gridiron_insect-swarm
946d3826-a2b9-4f54-83cd-bd97a83b7663,third-party-document,0,0,"{""obverse"": ""gridiron-fantasy-football_gridiron_instant-replay"", ""reverse"": ""gridiron-fantasy-football_card-back""}","{""name_printed"": ""Instant Replay"", ""rarity"": ""Ultra Rare"", ""item_dimensions"": ""{\u0022height\u0022: \u00223.5\u0022, \u0022width\u0022: \u00222.5\u0022, \u0022unit\u0022: \u0022inch\u0022}""}",c4596b0f-473d-4fc3-a9ff-ddd719f94726,0c715d5a-63ae-4042-90af-703435b89d91,Instant Replay,Instant Replay,"{""source_notes"": ""included in Jason Matz's CCG Checklist"", ""rarity_notes"": ""Jason Matz's CCG Checklist""}",gridiron-fantasy-football_gridiron_instant-replay
96f17b45-9a86-4acc-96f9-3132ba63886e,photo,0,0,"{""obverse"": ""gridiron-fantasy-football_gridiron_intimidation"", ""reverse"": ""gridiron-fantasy-football_defensive-action_card-back""}","{""name_printed"": ""Intimidation"", ""rarity"": ""Common"", ""deck"": ""Defensive Action"", ""type"": ""Challenge"", ""item_dimensions"": ""{\u0022height\u0022: \u00223.5\u0022, \u0022width\u0022: \u00222.5\u0022, \u0022unit\u0022: \u0022inch\u0022}""}",c4596b0f-473d-4fc3-a9ff-ddd719f94726,0c715d5a-63ae-4042-90af-703435b89d91,Intimidation,Intimidation,"{""rarity_notes"": ""Jason Matz's CCG Checklist""}",gridiron-fantasy-football_gridiron_intimidation
6f78785f-a4f4-4b8b-ad07-641e45a25402,photo,0,0,"{""obverse"": ""gridiron-fantasy-football_gridiron_jesters"", ""reverse"": ""gridiron-fantasy-football_team_card-back""}","{""name_printed"": ""Jesters"", ""rarity"": ""Fixed"", ""deck"": ""Team"", ""type"": ""Franchise"", ""item_dimensions"": ""{\u0022height\u0022: \u00223.5\u0022, \u0022width\u0022: \u00222.5\u0022, \u0022unit\u0022: \u0022inch\u0022}""}",c4596b0f-473d-4fc3-a9ff-ddd719f94726,0c715d5a-63ae-4042-90af-703435b89d91,Jesters,Jesters,"{""rarity_notes"": ""Jason Matz's CCG Checklist""}",gridiron-fantasy-football_gridiron_jesters
9a947543-894b-488d-955b-4da540d28567,item,1,0,"{""obverse"": ""gridiron-fantasy-football_gridiron_jump-the-gun"", ""reverse"": ""gridiron-fantasy-football_defensive-action_card-back""}","{""name_printed"": ""Jump the Gun"", ""rarity"": ""Common"", ""deck"": ""Defensive Action"", ""type"": ""Challenge"", ""item_dimensions"": ""{\u0022height\u0022: \u00223.5\u0022, \u0022width\u0022: \u00222.5\u0022, \u0022unit\u0022: \u0022inch\u0022}""}",c4596b0f-473d-4fc3-a9ff-ddd719f94726,0c715d5a-63ae-4042-90af-703435b89d91,Jump the Gun,Jump the Gun,"{""rarity_notes"": ""Jason Matz's CCG Checklist""}",gridiron-fantasy-football_gridiron_jump-the-gun
25d6b0fd-f81e-4782-a5db-4193de6fbd28,photo,0,0,"{""obverse"": ""gridiron-fantasy-football_gridiron_keep-your-eye-on-the-ball"", ""reverse"": ""gridiron-fantasy-football_defensive-action_card-back""}","{""name_printed"": ""Keep Your Eye on the Ball"", ""rarity"": ""Rare"", ""deck"": ""Defensive Action"", ""type"": ""Challenge"", ""item_dimensions"": ""{\u0022height\u0022: \u00223.5\u0022, \u0022width\u0022: \u00222.5\u0022, \u0022unit\u0022: \u0022inch\u0022}""}",c4596b0f-473d-4fc3-a9ff-ddd719f94726,0c715d5a-63ae-4042-90af-703435b89d91,Keep Your Eye on the Ball,Keep Your Eye on the Ball,"{""rarity_notes"": ""Jason Matz's CCG Checklist""}",gridiron-fantasy-football_gridiron_keep-your-eye-on-the-ball
8a9284e9-1981-41d8-8fb3-0cdee3d85ecf,item,1,0,"{""obverse"": ""gridiron-fantasy-football_gridiron_ken-fuji---c"", ""reverse"": ""gridiron-fantasy-football_team_card-back""}","{""name_printed"": ""Ken Fuji - C"", ""rarity"": ""Uncommon"", ""deck"": ""Team"", ""type"": ""Star Player"", ""item_dimensions"": ""{\u0022height\u0022: \u00223.5\u0022, \u0022width\u0022: \u00222.5\u0022, \u0022unit\u0022: \u0022inch\u0022}""}",c4596b0f-473d-4fc3-a9ff-ddd719f94726,0c715d5a-63ae-4042-90af-703435b89d91,Ken Fuji - C,Ken Fuji - C,"{""rarity_notes"": ""Jason Matz's CCG Checklist""}",gridiron-fantasy-football_gridiron_ken-fuji---c
8ee0fb09-eec7-47c4-8117-63b73641dcfd,item,1,0,"{""obverse"": ""gridiron-fantasy-football_gridiron_ken-holder---ss"", ""reverse"": ""gridiron-fantasy-football_team_card-back""}","{""name_printed"": ""Ken Holder - SS"", ""rarity"": ""Uncommon"", ""deck"": ""Team"", ""type"": ""Star Player"", ""item_dimensions"": ""{\u0022height\u0022: \u00223.5\u0022, \u0022width\u0022: \u00222.5\u0022, \u0022unit\u0022: \u0022inch\u0022}""}",c4596b0f-473d-4fc3-a9ff-ddd719f94726,0c715d5a-63ae-4042-90af-703435b89d91,Ken Holder - SS,Ken Holder - SS,"{""rarity_notes"": ""Jason Matz's CCG Checklist""}",gridiron-fantasy-football_gridiron_ken-holder---ss
6bc815fb-07bd-4d25-bdd4-32076e2bf751,item,1,0,"{""obverse"": ""gridiron-fantasy-football_gridiron_key-on-halfback"", ""reverse"": ""gridiron-fantasy-football_defensive-play_card-back""}","{""name_printed"": ""Key on Halfback"", ""rarity"": ""Common"", ""deck"": ""Defensive Play"", ""type"": ""Run"", ""item_dimensions"": ""{\u0022height\u0022: \u00223.5\u0022, \u0022width\u0022: \u00222.5\u0022, \u0022unit\u0022: \u0022inch\u0022}""}",c4596b0f-473d-4fc3-a9ff-ddd719f94726,0c715d5a-63ae-4042-90af-703435b89d91,Key on Halfback,Key on Halfback,"{""rarity_notes"": ""Jason Matz's CCG Checklist""}",gridiron-fantasy-football_gridiron_key-on-halfback
0f164040-0e19-4176-ab27-cc9dddcdd2e7,item,1,0,"{""obverse"": ""gridiron-fantasy-football_gridiron_kick-return"", ""reverse"": ""gridiron-fantasy-football_defensive-action_card-back""}","{""name_printed"": ""Kick Return"", ""rarity"": ""Uncommon"", ""deck"": ""Defensive Action"", ""type"": ""Action"", ""item_dimensions"": ""{\u0022height\u0022: \u00223.5\u0022, \u0022width\u0022: \u00222.5\u0022, \u0022unit\u0022: \u0022inch\u0022}""}",c4596b0f-473d-4fc3-a9ff-ddd719f94726,0c715d5a-63ae-4042-90af-703435b89d91,Kick Return,Kick Return,"{""rarity_notes"": ""Jason Matz's CCG Checklist""}",gridiron-fantasy-football_gridiron_kick-return
fb6ab715-01b9-4b44-a751-818bc0d2858e,photo,0,0,"{""obverse"": ""gridiron-fantasy-football_gridiron_killer-weightroom"", ""reverse"": ""gridiron-fantasy-football_team_card-back""}","{""name_printed"": ""Killer Weightroom"", ""rarity"": ""Uncommon"", ""deck"": ""Team"", ""type"": ""Asset"", ""item_dimensions"": ""{\u0022height\u0022: \u00223.5\u0022, \u0022width\u0022: \u00222.5\u0022, \u0022unit\u0022: \u0022inch\u0022}""}",c4596b0f-473d-4fc3-a9ff-ddd719f94726,0c715d5a-63ae-4042-90af-703435b89d91,Killer Weightroom,Killer Weightroom,"{""rarity_notes"": ""Jason Matz's CCG Checklist""}",gridiron-fantasy-football_gridiron_killer-weightroom
e522fc69-45c5-4b4c-a35f-ed6e87016095,photo,0,0,"{""obverse"": ""gridiron-fantasy-football_gridiron_know-the-enemy"", ""reverse"": ""gridiron-fantasy-football_offensive-action_card-back""}","{""name_printed"": ""Know the Enemy"", ""rarity"": ""Rare"", ""deck"": ""Offensive Action"", ""type"": ""Action"", ""item_dimensions"": ""{\u0022height\u0022: \u00223.5\u0022, \u0022width\u0022: \u00222.5\u0022, \u0022unit\u0022: \u0022inch\u0022}""}",c4596b0f-473d-4fc3-a9ff-ddd719f94726,0c715d5a-63ae-4042-90af-703435b89d91,Know the Enemy,Know the Enemy,"{""rarity_notes"": ""Jason Matz's CCG Checklist""}",gridiron-fantasy-football_gridiron_know-the-enemy
e89ac66d-f5aa-4fad-9b5b-67ca510e03f8,item,1,0,"{""obverse"": ""gridiron-fantasy-football_gridiron_kristopher-quinn---t"", ""reverse"": ""gridiron-fantasy-football_team_card-back""}","{""name_printed"": ""Kristopher Quinn - T"", ""rarity"": ""Uncommon"", ""deck"": ""Team"", ""type"": ""Star Player"", ""item_dimensions"": ""{\u0022height\u0022: \u00223.5\u0022, \u0022width\u0022: \u00222.5\u0022, \u0022unit\u0022: \u0022inch\u0022}""}",c4596b0f-473d-4fc3-a9ff-ddd719f94726,0c715d5a-63ae-4042-90af-703435b89d91,Kristopher Quinn - T,Kristopher Quinn - T,"{""rarity_notes"": ""Jason Matz's CCG Checklist""}",gridiron-fantasy-football_gridiron_kristopher-quinn---t
f686dcc0-40d8-47ce-95bb-a183a7460d23,photo,0,0,"{""obverse"": ""gridiron-fantasy-football_gridiron_kurt-harley---cb"", ""reverse"": ""gridiron-fantasy-football_team_card-back""}","{""name_printed"": ""Kurt Harley - CB"", ""rarity"": ""Rare"", ""deck"": ""Team"", ""type"": ""Star Player"", ""item_dimensions"": ""{\u0022height\u0022: \u00223.5\u0022, \u0022width\u0022: \u00222.5\u0022, \u0022unit\u0022: \u0022inch\u0022}""}",c4596b0f-473d-4fc3-a9ff-ddd719f94726,0c715d5a-63ae-4042-90af-703435b89d91,Kurt Harley - CB,Kurt Harley - CB,"{""rarity_notes"": ""Jason Matz's CCG Checklist""}",gridiron-fantasy-football_gridiron_kurt-harley---cb
7bea2548-902a-4a9c-b476-dc3f8277de65,item,1,0,"{""obverse"": ""gridiron-fantasy-football_gridiron_late-hit"", ""reverse"": ""gridiron-fantasy-football_defensive-action_card-back""}","{""name_printed"": ""Late Hit"", ""rarity"": ""Common"", ""deck"": ""Defensive Action"", ""type"": ""Challenge"", ""item_dimensions"": ""{\u0022height\u0022: \u00223.5\u0022, \u0022width\u0022: \u00222.5\u0022, \u0022unit\u0022: \u0022inch\u0022}""}",c4596b0f-473d-4fc3-a9ff-ddd719f94726,0c715d5a-63ae-4042-90af-703435b89d91,Late Hit,Late Hit,"{""rarity_notes"": ""Jason Matz's CCG Checklist""}",gridiron-fantasy-football_gridiron_late-hit
24f5e909-61a0-4df4-a3ef-8a9f3e744554,photo,0,0,"{""obverse"": ""gridiron-fantasy-football_gridiron_lawrence-kinkaid---fb"", ""reverse"": ""gridiron-fantasy-football_team_card-back""}","{""name_printed"": ""Lawrence Kinkaid - FB"", ""rarity"": ""Rare"", ""deck"": ""Team"", ""type"": ""Star Player"", ""item_dimensions"": ""{\u0022height\u0022: \u00223.5\u0022, \u0022width\u0022: \u00222.5\u0022, \u0022unit\u0022: \u0022inch\u0022}""}",c4596b0f-473d-4fc3-a9ff-ddd719f94726,0c715d5a-63ae-4042-90af-703435b89d91,Lawrence Kinkaid - FB,Lawrence Kinkaid - FB,"{""rarity_notes"": ""Jason Matz's CCG Checklist""}",gridiron-fantasy-football_gridiron_lawrence-kinkaid---fb
f8ca896c-c982-44d1-a4b3-2d81e6bea54a,item,1,0,"{""obverse"": ""gridiron-fantasy-football_gridiron_linebacker-anchor"", ""reverse"": ""gridiron-fantasy-football_defensive-play_card-back""}","{""name_printed"": ""Linebacker Anchor"", ""rarity"": ""Uncommon"", ""deck"": ""Defensive Play"", ""type"": ""Pass"", ""item_dimensions"": ""{\u0022height\u0022: \u00223.5\u0022, \u0022width\u0022: \u00222.5\u0022, \u0022unit\u0022: \u0022inch\u0022}""}",c4596b0f-473d-4fc3-a9ff-ddd719f94726,0c715d5a-63ae-4042-90af-703435b89d91,Linebacker Anchor,Linebacker Anchor,"{""rarity_notes"": ""Jason Matz's CCG Checklist""}",gridiron-fantasy-football_gridiron_linebacker-anchor
1e065257-cf9f-4942-aa57-280ded8ad3ec,item,1,0,"{""obverse"": ""gridiron-fantasy-football_gridiron_linebacker-assist"", ""reverse"": ""gridiron-fantasy-football_defensive-action_card-back""}","{""name_printed"": ""Linebacker Assist"", ""rarity"": ""Uncommon"", ""deck"": ""Defensive Action"", ""type"": ""Action"", ""item_dimensions"": ""{\u0022height\u0022: \u00223.5\u0022, \u0022width\u0022: \u00222.5\u0022, \u0022unit\u0022: \u0022inch\u0022}""}",c4596b0f-473d-4fc3-a9ff-ddd719f94726,0c715d5a-63ae-4042-90af-703435b89d91,Linebacker Assist,Linebacker Assist,"{""rarity_notes"": ""Jason Matz's CCG Checklist""}",gridiron-fantasy-football_gridiron_linebacker-assist
5bfd12ac-37a9-4faf-a973-e37396cfe81a,item,1,0,"{""obverse"": ""gridiron-fantasy-football_gridiron_linebacker-blitz"", ""reverse"": ""gridiron-fantasy-football_defensive-play_card-back""}","{""name_printed"": ""Linebacker Blitz"", ""rarity"": ""Common"", ""deck"": ""Defensive Play"", ""type"": ""Pass"", ""item_dimensions"": ""{\u0022height\u0022: \u00223.5\u0022, \u0022width\u0022: \u00222.5\u0022, \u0022unit\u0022: \u0022inch\u0022}""}",c4596b0f-473d-4fc3-a9ff-ddd719f94726,0c715d5a-63ae-4042-90af-703435b89d91,Linebacker Blitz,Linebacker Blitz,"{""rarity_notes"": ""Jason Matz's CCG Checklist""}",gridiron-fantasy-football_gridiron_linebacker-blitz
b02bdf55-3acc-4d19-8d14-5bfd2523791e,photo,0,0,"{""obverse"": ""gridiron-fantasy-football_gridiron_linebacker-in-position"", ""reverse"": ""gridiron-fantasy-football_defensive-play_card-back""}","{""name_printed"": ""Linebacker in Position"", ""rarity"": ""Uncommon"", ""deck"": ""Defensive Play"", ""type"": ""Run"", ""item_dimensions"": ""{\u0022height\u0022: \u00223.5\u0022, \u0022width\u0022: \u00222.5\u0022, \u0022unit\u0022: \u0022inch\u0022}""}",c4596b0f-473d-4fc3-a9ff-ddd719f94726,0c715d5a-63ae-4042-90af-703435b89d91,Linebacker in Position,Linebacker in Position,"{""rarity_notes"": ""Jason Matz's CCG Checklist""}",gridiron-fantasy-football_gridiron_linebacker-in-position
84f30acb-3022-4aa1-910e-9ad5c4b5a485,item,1,0,"{""obverse"": ""gridiron-fantasy-football_gridiron_linebackers-forward"", ""reverse"": ""gridiron-fantasy-football_team_card-back""}","{""name_printed"": ""Linebackers Forward"", ""rarity"": ""Common"", ""deck"": ""Team"", ""type"": ""Formation"", ""item_dimensions"": ""{\u0022height\u0022: \u00223.5\u0022, \u0022width\u0022: \u00222.5\u0022, \u0022unit\u0022: \u0022inch\u0022}""}",c4596b0f-473d-4fc3-a9ff-ddd719f94726,0c715d5a-63ae-4042-90af-703435b89d91,Linebackers Forward,Linebackers Forward,"{""rarity_notes"": ""Jason Matz's CCG Checklist""}",gridiron-fantasy-football_gridiron_linebackers-forward
e6c61977-5ca9-46f9-9807-322bd78130d3,photo,0,0,"{""obverse"": ""gridiron-fantasy-football_gridiron_liquid-heat"", ""reverse"": ""gridiron-fantasy-football_card-back""}","{""name_printed"": ""Liquid Heat"", ""rarity"": ""Ultra Rare"", ""item_dimensions"": ""{\u0022height\u0022: \u00223.5\u0022, \u0022width\u0022: \u00222.5\u0022, \u0022unit\u0022: \u0022inch\u0022}""}",c4596b0f-473d-4fc3-a9ff-ddd719f94726,0c715d5a-63ae-4042-90af-703435b89d91,Liquid Heat,Liquid Heat,"{""rarity_notes"": ""Jason Matz's CCG Checklist""}",gridiron-fantasy-football_gridiron_liquid-heat
a37bd7e7-e3e3-4b82-8925-45a16e0eaf98,photo,0,0,"{""obverse"": ""gridiron-fantasy-football_gridiron_llamas"", ""reverse"": ""gridiron-fantasy-football_team_card-back""}","{""name_printed"": ""Llamas"", ""rarity"": ""Fixed"", ""deck"": ""Team"", ""type"": ""Franchise"", ""item_dimensions"": ""{\u0022height\u0022: \u00223.5\u0022, \u0022width\u0022: \u00222.5\u0022, \u0022unit\u0022: \u0022inch\u0022}""}",c4596b0f-473d-4fc3-a9ff-ddd719f94726,0c715d5a-63ae-4042-90af-703435b89d91,Llamas,Llamas,"{""rarity_notes"": ""Jason Matz's CCG Checklist""}",gridiron-fantasy-football_gridiron_llamas
9cf4953b-e001-46f6-9ce5-1b2cf3ddea65,photo,0,0,"{""obverse"": ""gridiron-fantasy-football_gridiron_long-range-field-goal"", ""reverse"": ""gridiron-fantasy-football_offensive-action_card-back""}","{""name_printed"": ""Long Range Field Goal"", ""rarity"": ""Uncommon"", ""deck"": ""Offensive Action"", ""type"": ""Action"", ""item_dimensions"": ""{\u0022height\u0022: \u00223.5\u0022, \u0022width\u0022: \u00222.5\u0022, \u0022unit\u0022: \u0022inch\u0022}""}",c4596b0f-473d-4fc3-a9ff-ddd719f94726,0c715d5a-63ae-4042-90af-703435b89d91,Long Range Field Goal,Long Range Field Goal,"{""rarity_notes"": ""Jason Matz's CCG Checklist""}",gridiron-fantasy-football_gridiron_long-range-field-goal
73ae755b-4ffb-42db-a4b7-a45bbe9aa833,photo,0,0,"{""obverse"": ""gridiron-fantasy-football_gridiron_loose-ball"", ""reverse"": ""gridiron-fantasy-football_offensive-action_card-back""}","{""name_printed"": ""Loose Ball"", ""rarity"": ""Uncommon"", ""deck"": ""Offensive Action"", ""type"": ""Action"", ""item_dimensions"": ""{\u0022height\u0022: \u00223.5\u0022, \u0022width\u0022: \u00222.5\u0022, \u0022unit\u0022: \u0022inch\u0022}""}",c4596b0f-473d-4fc3-a9ff-ddd719f94726,0c715d5a-63ae-4042-90af-703435b89d91,Loose Ball,Loose Ball,"{""rarity_notes"": ""Jason Matz's CCG Checklist""}",gridiron-fantasy-football_gridiron_loose-ball
e05001a5-e225-4346-8213-d39f6923c924,photo,0,0,"{""obverse"": ""gridiron-fantasy-football_gridiron_lorenzo-denver---qb"", ""reverse"": ""gridiron-fantasy-football_team_card-back""}","{""name_printed"": ""Lorenzo Denver - QB"", ""rarity"": ""Uncommon"", ""deck"": ""Team"", ""type"": ""Star Player"", ""item_dimensions"": ""{\u0022height\u0022: \u00223.5\u0022, \u0022width\u0022: \u00222.5\u0022, \u0022unit\u0022: \u0022inch\u0022}""}",c4596b0f-473d-4fc3-a9ff-ddd719f94726,0c715d5a-63ae-4042-90af-703435b89d91,Lorenzo Denver - QB,Lorenzo Denver - QB,"{""rarity_notes"": ""Jason Matz's CCG Checklist""}",gridiron-fantasy-football_gridiron_lorenzo-denver---qb
12d36610-f4c1-4e8a-836c-9d414025f28d,photo,0,0,"{""obverse"": ""gridiron-fantasy-football_gridiron_lost-in-the-sun"", ""reverse"": ""gridiron-fantasy-football_card-back""}","{""name_printed"": ""Lost in the Sun"", ""rarity"": ""Rare"", ""type"": ""Challenge"", ""item_dimensions"": ""{\u0022height\u0022: \u00223.5\u0022, \u0022width\u0022: \u00222.5\u0022, \u0022unit\u0022: \u0022inch\u0022}""}",c4596b0f-473d-4fc3-a9ff-ddd719f94726,0c715d5a-63ae-4042-90af-703435b89d91,Lost in the Sun,Lost in the Sun,"{""rarity_notes"": ""Jason Matz's CCG Checklist""}",gridiron-fantasy-football_gridiron_lost-in-the-sun
3a86c463-e7dd-46da-b71d-4fcd8ba7b92b,photo,0,0,"{""obverse"": ""gridiron-fantasy-football_gridiron_low-flying-blimp"", ""reverse"": ""gridiron-fantasy-football_offensive-action_card-back""}","{""name_printed"": ""Low Flying Blimp"", ""rarity"": ""Rare"", ""deck"": ""Offensive Action"", ""type"": ""Challenge"", ""item_dimensions"": ""{\u0022height\u0022: \u00223.5\u0022, \u0022width\u0022: \u00222.5\u0022, \u0022unit\u0022: \u0022inch\u0022}""}",c4596b0f-473d-4fc3-a9ff-ddd719f94726,0c715d5a-63ae-4042-90af-703435b89d91,Low Flying Blimp,Low Flying Blimp,"{""rarity_notes"": ""Jason Matz's CCG Checklist""}",gridiron-fantasy-football_gridiron_low-flying-blimp
40791262-4fc3-4f66-ab72-72b5180244b3,photo,0,0,"{""obverse"": ""gridiron-fantasy-football_gridiron_lucky"", ""reverse"": ""gridiron-fantasy-football_team_card-back""}","{""name_printed"": ""Lucky"", ""rarity"": ""Ultra Rare"", ""deck"": ""Team"", ""type"": ""Tradition"", ""item_dimensions"": ""{\u0022height\u0022: \u00223.5\u0022, \u0022width\u0022: \u00222.5\u0022, \u0022unit\u0022: \u0022inch\u0022}""}",c4596b0f-473d-4fc3-a9ff-ddd719f94726,0c715d5a-63ae-4042-90af-703435b89d91,Lucky,Lucky,"{""rarity_notes"": ""Jason Matz's CCG Checklist""}",gridiron-fantasy-football_gridiron_lucky
2fe39fc7-cf81-4eba-af0c-d92927a06be3,photo,0,0,"{""obverse"": ""gridiron-fantasy-football_gridiron_lucky-socks"", ""reverse"": ""gridiron-fantasy-football_team_card-back""}","{""name_printed"": ""Lucky Socks"", ""rarity"": ""Ultra Rare"", ""deck"": ""Team"", ""type"": ""Asset"", ""item_dimensions"": ""{\u0022height\u0022: \u00223.5\u0022, \u0022width\u0022: \u00222.5\u0022, \u0022unit\u0022: \u0022inch\u0022}""}",c4596b0f-473d-4fc3-a9ff-ddd719f94726,0c715d5a-63ae-4042-90af-703435b89d91,Lucky Socks,Lucky Socks,"{""rarity_notes"": ""Jason Matz's CCG Checklist""}",gridiron-fantasy-football_gridiron_lucky-socks
9498ae49-cf00-4940-bb6e-1141dfdc50af,item,1,0,"{""obverse"": ""gridiron-fantasy-football_gridiron_lurking-doom"", ""reverse"": ""gridiron-fantasy-football_offensive-action_card-back""}","{""name_printed"": ""Lurking Doom"", ""rarity"": ""Rare"", ""deck"": ""Offensive Action"", ""type"": ""Action"", ""item_dimensions"": ""{\u0022height\u0022: \u00223.5\u0022, \u0022width\u0022: \u00222.5\u0022, \u0022unit\u0022: \u0022inch\u0022}""}",c4596b0f-473d-4fc3-a9ff-ddd719f94726,0c715d5a-63ae-4042-90af-703435b89d91,Lurking Doom,Lurking Doom,"{""rarity_notes"": ""Jason Matz's CCG Checklist""}",gridiron-fantasy-football_gridiron_lurking-doom
9baaa279-ba73-4547-9884-d8678fc82c72,photo,0,0,"{""obverse"": ""gridiron-fantasy-football_gridiron_man-to-man"", ""reverse"": ""gridiron-fantasy-football_defensive-play_card-back""}","{""name_printed"": ""Man to Man"", ""rarity"": ""Fixed"", ""deck"": ""Defensive Play"", ""type"": ""Pass"", ""item_dimensions"": ""{\u0022height\u0022: \u00223.5\u0022, \u0022width\u0022: \u00222.5\u0022, \u0022unit\u0022: \u0022inch\u0022}""}",c4596b0f-473d-4fc3-a9ff-ddd719f94726,0c715d5a-63ae-4042-90af-703435b89d91,Man to Man,Man to Man,"{""rarity_notes"": ""Jason Matz's CCG Checklist""}",gridiron-fantasy-football_gridiron_man-to-man
7193110c-63ec-4b85-b2b1-594b018c6df0,item,1,0,"{""obverse"": ""gridiron-fantasy-football_gridiron_man-to-man-defense"", ""reverse"": ""gridiron-fantasy-football_team_card-back""}","{""name_printed"": ""Man-to-Man Defense"", ""rarity"": ""Common"", ""deck"": ""Team"", ""type"": ""Formation"", ""item_dimensions"": ""{\u0022height\u0022: \u00223.5\u0022, \u0022width\u0022: \u00222.5\u0022, \u0022unit\u0022: \u0022inch\u0022}""}",c4596b0f-473d-4fc3-a9ff-ddd719f94726,0c715d5a-63ae-4042-90af-703435b89d91,Man-to-Man Defense,Man-to-Man Defense,"{""rarity_notes"": ""Jason Matz's CCG Checklist""}",gridiron-fantasy-football_gridiron_man-to-man-defense
86ccbdad-cc6e-4314-8f35-61aa0b0cb348,photo,0,0,"{""obverse"": ""gridiron-fantasy-football_gridiron_marshals"", ""reverse"": ""gridiron-fantasy-football_team_card-back""}","{""name_printed"": ""Marshals"", ""rarity"": ""Rare"", ""deck"": ""Team"", ""type"": ""Franchise"", ""item_dimensions"": ""{\u0022height\u0022: \u00223.5\u0022, \u0022width\u0022: \u00222.5\u0022, \u0022unit\u0022: \u0022inch\u0022}""}",c4596b0f-473d-4fc3-a9ff-ddd719f94726,0c715d5a-63ae-4042-90af-703435b89d91,Marshals,Marshals,"{""rarity_notes"": ""Jason Matz's CCG Checklist""}",gridiron-fantasy-football_gridiron_marshals
2ce0dde9-4654-4a9e-9edf-3d4c25f9df6f,photo,0,0,"{""obverse"": ""gridiron-fantasy-football_gridiron_martial-arts-training"", ""reverse"": ""gridiron-fantasy-football_team_card-back""}","{""name_printed"": ""Martial Arts Training"", ""rarity"": ""Rare"", ""deck"": ""Team"", ""type"": ""Asset"", ""item_dimensions"": ""{\u0022height\u0022: \u00223.5\u0022, \u0022width\u0022: \u00222.5\u0022, \u0022unit\u0022: \u0022inch\u0022}""}",c4596b0f-473d-4fc3-a9ff-ddd719f94726,0c715d5a-63ae-4042-90af-703435b89d91,Martial Arts Training,Martial Arts Training,"{""rarity_notes"": ""Jason Matz's CCG Checklist""}",gridiron-fantasy-football_gridiron_martial-arts-training
f14602bd-d25f-48e6-af6a-ef3c29e7d6a3,item,1,0,"{""obverse"": ""gridiron-fantasy-football_gridiron_mascot-hostage"", ""reverse"": ""gridiron-fantasy-football_defensive-play_card-back""}","{""name_printed"": ""Mascot Hostage"", ""rarity"": ""Rare"", ""deck"": ""Defensive Play"", ""type"": ""Pass"", ""item_dimensions"": ""{\u0022height\u0022: \u00223.5\u0022, \u0022width\u0022: \u00222.5\u0022, \u0022unit\u0022: \u0022inch\u0022}""}",c4596b0f-473d-4fc3-a9ff-ddd719f94726,0c715d5a-63ae-4042-90af-703435b89d91,Mascot Hostage,Mascot Hostage,"{""rarity_notes"": ""Jason Matz's CCG Checklist""}",gridiron-fantasy-football_gridiron_mascot-hostage
46f32c72-23eb-4121-90c3-2a8e5e2ba877,photo,0,0,"{""obverse"": ""gridiron-fantasy-football_gridiron_mascot-k-o-"", ""reverse"": ""gridiron-fantasy-football_card-back""}","{""name_printed"": ""Mascot K.O."", ""rarity"": ""Rare"", ""type"": ""Run"", ""item_dimensions"": ""{\u0022height\u0022: \u00223.5\u0022, \u0022width\u0022: \u00222.5\u0022, \u0022unit\u0022: \u0022inch\u0022}""}",c4596b0f-473d-4fc3-a9ff-ddd719f94726,0c715d5a-63ae-4042-90af-703435b89d91,Mascot K.O.,Mascot K.O.,"{""rarity_notes"": ""Jason Matz's CCG Checklist""}",gridiron-fantasy-football_gridiron_mascot-k-o-
8167e940-4c63-4126-a678-46386417d223,item,1,0,"{""obverse"": ""gridiron-fantasy-football_gridiron_maximum-momentum"", ""reverse"": ""gridiron-fantasy-football_offensive-action_card-back""}","{""name_printed"": ""Maximum Momentum"", ""rarity"": ""Common"", ""deck"": ""Offensive Action"", ""type"": ""Challenge"", ""item_dimensions"": ""{\u0022height\u0022: \u00223.5\u0022, \u0022width\u0022: \u00222.5\u0022, \u0022unit\u0022: \u0022inch\u0022}""}",c4596b0f-473d-4fc3-a9ff-ddd719f94726,0c715d5a-63ae-4042-90af-703435b89d91,Maximum Momentum,Maximum Momentum,"{""rarity_notes"": ""Jason Matz's CCG Checklist""}",gridiron-fantasy-football_gridiron_maximum-momentum
e2bbbee0-23c7-4fcb-a34a-83e2dae91d77,item,1,0,"{""obverse"": ""gridiron-fantasy-football_gridiron_meat-grinder"", ""reverse"": ""gridiron-fantasy-football_offensive-action_card-back""}","{""name_printed"": ""Meat Grinder"", ""rarity"": ""Common"", ""deck"": ""Offensive Action"", ""type"": ""Challenge"", ""item_dimensions"": ""{\u0022height\u0022: \u00223.5\u0022, \u0022width\u0022: \u00222.5\u0022, \u0022unit\u0022: \u0022inch\u0022}""}",c4596b0f-473d-4fc3-a9ff-ddd719f94726,0c715d5a-63ae-4042-90af-703435b89d91,Meat Grinder,Meat Grinder,"{""rarity_notes"": ""Jason Matz's CCG Checklist""}",gridiron-fantasy-football_gridiron_meat-grinder
76e3eaf0-6c50-44dc-8034-3cf4cae5a44c,photo,0,0,"{""obverse"": ""gridiron-fantasy-football_gridiron_medevac-assault"", ""reverse"": ""gridiron-fantasy-football_defensive-action_card-back""}","{""name_printed"": ""Medevac Assault"", ""rarity"": ""Promo"", ""deck"": ""Defensive Action"", ""type"": ""Action"", ""item_dimensions"": ""{\u0022height\u0022: \u00223.5\u0022, \u0022width\u0022: \u00222.5\u0022, \u0022unit\u0022: \u0022inch\u0022}""}",c4596b0f-473d-4fc3-a9ff-ddd719f94726,0c715d5a-63ae-4042-90af-703435b89d91,Medevac Assault,Medevac Assault,"{""rarity_notes"": ""Jason Matz's CCG Checklist""}",gridiron-fantasy-football_gridiron_medevac-assault
06cf69e1-4a62-4b9e-933b-9fe0b3e400a2,photo,0,0,"{""obverse"": ""gridiron-fantasy-football_gridiron_mental-matchup"", ""reverse"": ""gridiron-fantasy-football_offensive-action_card-back""}","{""name_printed"": ""Mental Matchup"", ""rarity"": ""Rare"", ""deck"": ""Offensive Action"", ""type"": ""Action"", ""item_dimensions"": ""{\u0022height\u0022: \u00223.5\u0022, \u0022width\u0022: \u00222.5\u0022, \u0022unit\u0022: \u0022inch\u0022}""}",c4596b0f-473d-4fc3-a9ff-ddd719f94726,0c715d5a-63ae-4042-90af-703435b89d91,Mental Matchup,Mental Matchup,"{""rarity_notes"": ""Jason Matz's CCG Checklist""}",gridiron-fantasy-football_gridiron_mental-matchup
f0ddc423-0bc4-49e4-b559-ddab821a379d,photo,0,0,"{""obverse"": ""gridiron-fantasy-football_gridiron_merciless"", ""reverse"": ""gridiron-fantasy-football_team_card-back""}","{""name_printed"": ""Merciless"", ""rarity"": ""Rare"", ""deck"": ""Team"", ""type"": ""Tradition"", ""item_dimensions"": ""{\u0022height\u0022: \u00223.5\u0022, \u0022width\u0022: \u00222.5\u0022, \u0022unit\u0022: \u0022inch\u0022}""}",c4596b0f-473d-4fc3-a9ff-ddd719f94726,0c715d5a-63ae-4042-90af-703435b89d91,Merciless,Merciless,"{""rarity_notes"": ""Jason Matz's CCG Checklist""}",gridiron-fantasy-football_gridiron_merciless
7b67bfaf-f772-462f-8863-c24cf86feca3,item,1,0,"{""obverse"": ""gridiron-fantasy-football_gridiron_military-track-coach"", ""reverse"": ""gridiron-fantasy-football_team_card-back""}","{""name_printed"": ""Military Track Coach"", ""rarity"": ""Uncommon"", ""deck"": ""Team"", ""type"": ""Asset"", ""item_dimensions"": ""{\u0022height\u0022: \u00223.5\u0022, \u0022width\u0022: \u00222.5\u0022, \u0022unit\u0022: \u0022inch\u0022}""}",c4596b0f-473d-4fc3-a9ff-ddd719f94726,0c715d5a-63ae-4042-90af-703435b89d91,Military Track Coach,Military Track Coach,"{""rarity_notes"": ""Jason Matz's CCG Checklist""}",gridiron-fantasy-football_gridiron_military-track-coach
50de0eb4-bb91-4644-a1f4-172166113c69,photo,0,0,"{""obverse"": ""gridiron-fantasy-football_gridiron_milton-tanner---qb"", ""reverse"": ""gridiron-fantasy-football_team_card-back""}","{""name_printed"": ""Milton Tanner - QB"", ""rarity"": ""Uncommon"", ""deck"": ""Team"", ""type"": ""Star Player"", ""item_dimensions"": ""{\u0022height\u0022: \u00223.5\u0022, \u0022width\u0022: \u00222.5\u0022, \u0022unit\u0022: \u0022inch\u0022}""}",c4596b0f-473d-4fc3-a9ff-ddd719f94726,0c715d5a-63ae-4042-90af-703435b89d91,Milton Tanner - QB,Milton Tanner - QB,"{""rarity_notes"": ""Jason Matz's CCG Checklist""}",gridiron-fantasy-football_gridiron_milton-tanner---qb
74a49e83-f55d-4e1f-a9b1-4c975b471916,photo,0,0,"{""obverse"": ""gridiron-fantasy-football_gridiron_-missile-jim--owens---qb"", ""reverse"": ""gridiron-fantasy-football_team_card-back""}","{""name_printed"": ""\u0022Missile Jim\u0022 Owens - QB"", ""rarity"": ""Fixed"", ""deck"": ""Team"", ""type"": ""Star Player"", ""item_dimensions"": ""{\u0022height\u0022: \u00223.5\u0022, \u0022width\u0022: \u00222.5\u0022, \u0022unit\u0022: \u0022inch\u0022}""}",c4596b0f-473d-4fc3-a9ff-ddd719f94726,0c715d5a-63ae-4042-90af-703435b89d91,"""Missile Jim"" Owens - QB","""Missile Jim"" Owens - QB","{""rarity_notes"": ""Jason Matz's CCG Checklist""}",gridiron-fantasy-football_gridiron_-missile-jim--owens---qb
ae9819ba-f305-4aa8-978c-e65c9c6956aa,photo,0,0,"{""obverse"": ""gridiron-fantasy-football_gridiron_mississippi-mud"", ""reverse"": ""gridiron-fantasy-football_card-back""}","{""name_printed"": ""Mississippi Mud"", ""rarity"": ""Rare"", ""type"": ""Challenge"", ""item_dimensions"": ""{\u0022height\u0022: \u00223.5\u0022, \u0022width\u0022: \u00222.5\u0022, \u0022unit\u0022: \u0022inch\u0022}""}",c4596b0f-473d-4fc3-a9ff-ddd719f94726,0c715d5a-63ae-4042-90af-703435b89d91,Mississippi Mud,Mississippi Mud,"{""rarity_notes"": ""Jason Matz's CCG Checklist""}",gridiron-fantasy-football_gridiron_mississippi-mud
55c39c69-62d2-4abc-baac-9c8858f4ce1c,photo,0,0,"{""obverse"": ""gridiron-fantasy-football_gridiron_mixed-defense"", ""reverse"": ""gridiron-fantasy-football_defensive-play_card-back""}","{""name_printed"": ""Mixed Defense"", ""rarity"": ""Rare"", ""deck"": ""Defensive Play"", ""type"": ""Play"", ""item_dimensions"": ""{\u0022height\u0022: \u00223.5\u0022, \u0022width\u0022: \u00222.5\u0022, \u0022unit\u0022: \u0022inch\u0022}""}",c4596b0f-473d-4fc3-a9ff-ddd719f94726,0c715d5a-63ae-4042-90af-703435b89d91,Mixed Defense,Mixed Defense,"{""rarity_notes"": ""Jason Matz's CCG Checklist""}",gridiron-fantasy-football_gridiron_mixed-defense
29156012-6ac8-4609-b1d1-6e72da428930,photo,0,0,"{""obverse"": ""gridiron-fantasy-football_gridiron_mixed-signals"", ""reverse"": ""gridiron-fantasy-football_card-back""}","{""name_printed"": ""Mixed Signals"", ""rarity"": ""Rare"", ""type"": ""Challenge"", ""item_dimensions"": ""{\u0022height\u0022: \u00223.5\u0022, \u0022width\u0022: \u00222.5\u0022, \u0022unit\u0022: \u0022inch\u0022}""}",c4596b0f-473d-4fc3-a9ff-ddd719f94726,0c715d5a-63ae-4042-90af-703435b89d91,Mixed Signals,Mixed Signals,"{""rarity_notes"": ""Jason Matz's CCG Checklist""}",gridiron-fantasy-football_gridiron_mixed-signals
b934c797-6d16-44d2-b5f9-a5f528d095d8,photo,0,0,"{""obverse"": ""gridiron-fantasy-football_gridiron_mobile-goalposts"", ""reverse"": ""gridiron-fantasy-football_team_card-back""}","{""name_printed"": ""Mobile Goalposts"", ""rarity"": ""Rare"", ""deck"": ""Team"", ""type"": ""Asset"", ""item_dimensions"": ""{\u0022height\u0022: \u00223.5\u0022, \u0022width\u0022: \u00222.5\u0022, \u0022unit\u0022: \u0022inch\u0022}""}",c4596b0f-473d-4fc3-a9ff-ddd719f94726,0c715d5a-63ae-4042-90af-703435b89d91,Mobile Goalposts,Mobile Goalposts,"{""rarity_notes"": ""Jason Matz's CCG Checklist""}",gridiron-fantasy-football_gridiron_mobile-goalposts
bf150299-45eb-4c58-9614-090b202a877c,item,1,0,"{""obverse"": ""gridiron-fantasy-football_gridiron_new-age-girlfriends"", ""reverse"": ""gridiron-fantasy-football_team_card-back""}","{""name_printed"": ""New Age Girlfriends"", ""rarity"": ""Uncommon"", ""deck"": ""Team"", ""type"": ""Tradition"", ""item_dimensions"": ""{\u0022height\u0022: \u00223.5\u0022, \u0022width\u0022: \u00222.5\u0022, \u0022unit\u0022: \u0022inch\u0022}""}",c4596b0f-473d-4fc3-a9ff-ddd719f94726,0c715d5a-63ae-4042-90af-703435b89d91,New Age Girlfriends,New Age Girlfriends,"{""rarity_notes"": ""Jason Matz's CCG Checklist""}",gridiron-fantasy-football_gridiron_new-age-girlfriends
8cde63b9-0028-4ff9-9036-c1146b932430,photo,0,0,"{""obverse"": ""gridiron-fantasy-football_gridiron_nickel-defense"", ""reverse"": ""gridiron-fantasy-football_team_card-back""}","{""name_printed"": ""Nickel Defense"", ""rarity"": ""Common"", ""deck"": ""Team"", ""type"": ""Formation"", ""item_dimensions"": ""{\u0022height\u0022: \u00223.5\u0022, \u0022width\u0022: \u00222.5\u0022, \u0022unit\u0022: \u0022inch\u0022}""}",c4596b0f-473d-4fc3-a9ff-ddd719f94726,0c715d5a-63ae-4042-90af-703435b89d91,Nickel Defense,Nickel Defense,"{""rarity_notes"": ""Jason Matz's CCG Checklist""}",gridiron-fantasy-football_gridiron_nickel-defense
87f9c577-43ad-461f-869d-3360d6498fc7,item,1,0,"{""obverse"": ""gridiron-fantasy-football_gridiron_nightmare"", ""reverse"": ""gridiron-fantasy-football_defensive-action_card-back""}","{""name_printed"": ""Nightmare"", ""rarity"": ""Common"", ""deck"": ""Defensive Action"", ""type"": ""Challenge"", ""item_dimensions"": ""{\u0022height\u0022: \u00223.5\u0022, \u0022width\u0022: \u00222.5\u0022, \u0022unit\u0022: \u0022inch\u0022}""}",c4596b0f-473d-4fc3-a9ff-ddd719f94726,0c715d5a-63ae-4042-90af-703435b89d91,Nightmare,Nightmare,"{""rarity_notes"": ""Jason Matz's CCG Checklist""}",gridiron-fantasy-football_gridiron_nightmare
4f4ec3c8-e80c-43f0-a8ea-a6b8786d9f29,photo,0,0,"{""obverse"": ""gridiron-fantasy-football_gridiron_no-resistance"", ""reverse"": ""gridiron-fantasy-football_offensive-action_card-back""}","{""name_printed"": ""No Resistance"", ""rarity"": ""Uncommon"", ""deck"": ""Offensive Action"", ""type"": ""Action"", ""item_dimensions"": ""{\u0022height\u0022: \u00223.5\u0022, \u0022width\u0022: \u00222.5\u0022, \u0022unit\u0022: \u0022inch\u0022}""}",c4596b0f-473d-4fc3-a9ff-ddd719f94726,0c715d5a-63ae-4042-90af-703435b89d91,No Resistance,No Resistance,"{""rarity_notes"": ""Jason Matz's CCG Checklist""}",gridiron-fantasy-football_gridiron_no-resistance
7b81ae91-ef81-4f89-8fa9-1798f6d1d2a8,photo,0,0,"{""obverse"": ""gridiron-fantasy-football_gridiron_no-huddle-offense"", ""reverse"": ""gridiron-fantasy-football_offensive-action_card-back""}","{""name_printed"": ""No-Huddle Offense"", ""rarity"": ""Rare"", ""deck"": ""Offensive Action"", ""type"": ""Challenge"", ""item_dimensions"": ""{\u0022height\u0022: \u00223.5\u0022, \u0022width\u0022: \u00222.5\u0022, \u0022unit\u0022: \u0022inch\u0022}""}",c4596b0f-473d-4fc3-a9ff-ddd719f94726,0c715d5a-63ae-4042-90af-703435b89d91,No-Huddle Offense,No-Huddle Offense,"{""rarity_notes"": ""Jason Matz's CCG Checklist""}",gridiron-fantasy-football_gridiron_no-huddle-offense
fba381b1-d88a-4e18-af9f-0e2e633757f4,photo,0,0,"{""obverse"": ""gridiron-fantasy-football_gridiron_not-this-time"", ""reverse"": ""gridiron-fantasy-football_defensive-action_card-back""}","{""name_printed"": ""Not This Time"", ""rarity"": ""Rare"", ""deck"": ""Defensive Action"", ""type"": ""Action"", ""item_dimensions"": ""{\u0022height\u0022: \u00223.5\u0022, \u0022width\u0022: \u00222.5\u0022, \u0022unit\u0022: \u0022inch\u0022}""}",c4596b0f-473d-4fc3-a9ff-ddd719f94726,0c715d5a-63ae-4042-90af-703435b89d91,Not This Time,Not This Time,"{""rarity_notes"": ""Jason Matz's CCG Checklist""}",gridiron-fantasy-football_gridiron_not-this-time
e0b3e1fe-0fe3-4433-a35d-6eedfacd9074,item,1,0,"{""obverse"": ""gridiron-fantasy-football_gridiron_off-tackle"", ""reverse"": ""gridiron-fantasy-football_offensive-play_card-back""}","{""name_printed"": ""Off-Tackle"", ""rarity"": ""Common"", ""deck"": ""Offensive Play"", ""type"": ""Run"", ""item_dimensions"": ""{\u0022height\u0022: \u00223.5\u0022, \u0022width\u0022: \u00222.5\u0022, \u0022unit\u0022: \u0022inch\u0022}""}",c4596b0f-473d-4fc3-a9ff-ddd719f94726,0c715d5a-63ae-4042-90af-703435b89d91,Off-Tackle,Off-Tackle,"{""rarity_notes"": ""Jason Matz's CCG Checklist""}",gridiron-fantasy-football_gridiron_off-tackle
d78cfa40-57cb-4786-b7af-b38db176d76b,item,1,0,"{""obverse"": ""gridiron-fantasy-football_gridiron_offensive-interference"", ""reverse"": ""gridiron-fantasy-football_offensive-action_card-back""}","{""name_printed"": ""Offensive Interference"", ""rarity"": ""Common"", ""deck"": ""Offensive Action"", ""type"": ""Challenge"", ""item_dimensions"": ""{\u0022height\u0022: \u00223.5\u0022, \u0022width\u0022: \u00222.5\u0022, \u0022unit\u0022: \u0022inch\u0022}""}",c4596b0f-473d-4fc3-a9ff-ddd719f94726,0c715d5a-63ae-4042-90af-703435b89d91,Offensive Interference,Offensive Interference,"{""rarity_notes"": ""Jason Matz's CCG Checklist""}",gridiron-fantasy-football_gridiron_offensive-interference
1905ee5d-bebd-405b-825b-62f0c1efc55e,item,1,0,"{""obverse"": ""gridiron-fantasy-football_gridiron_onside-kick"", ""reverse"": ""gridiron-fantasy-football_offensive-action_card-back""}","{""name_printed"": ""Onside Kick"", ""rarity"": ""Common"", ""deck"": ""Offensive Action"", ""type"": ""Action"", ""item_dimensions"": ""{\u0022height\u0022: \u00223.5\u0022, \u0022width\u0022: \u00222.5\u0022, \u0022unit\u0022: \u0022inch\u0022}""}",c4596b0f-473d-4fc3-a9ff-ddd719f94726,0c715d5a-63ae-4042-90af-703435b89d91,Onside Kick,Onside Kick,"{""rarity_notes"": ""Jason Matz's CCG Checklist""}",gridiron-fantasy-football_gridiron_onside-kick
1619a306-6d42-4cf4-8937-2efccf0abc05,photo,0,0,"{""obverse"": ""gridiron-fantasy-football_gridiron_option-pass"", ""reverse"": ""gridiron-fantasy-football_card-back""}","{""name_printed"": ""Option Pass"", ""rarity"": ""Rare"", ""type"": ""Challenge"", ""item_dimensions"": ""{\u0022height\u0022: \u00223.5\u0022, \u0022width\u0022: \u00222.5\u0022, \u0022unit\u0022: \u0022inch\u0022}""}",c4596b0f-473d-4fc3-a9ff-ddd719f94726,0c715d5a-63ae-4042-90af-703435b89d91,Option Pass,Option Pass,"{""rarity_notes"": ""Jason Matz's CCG Checklist""}",gridiron-fantasy-football_gridiron_option-pass
88332178-bdb9-4f84-af48-62376a43d8cd,item,1,0,"{""obverse"": ""gridiron-fantasy-football_gridiron_option-run"", ""reverse"": ""gridiron-fantasy-football_offensive-play_card-back""}","{""name_printed"": ""Option Run"", ""rarity"": ""Uncommon"", ""deck"": ""Offensive Play"", ""type"": ""Run"", ""item_dimensions"": ""{\u0022height\u0022: \u00223.5\u0022, \u0022width\u0022: \u00222.5\u0022, \u0022unit\u0022: \u0022inch\u0022}""}",c4596b0f-473d-4fc3-a9ff-ddd719f94726,0c715d5a-63ae-4042-90af-703435b89d91,Option Run,Option Run,"{""rarity_notes"": ""Jason Matz's CCG Checklist""}",gridiron-fantasy-football_gridiron_option-run
c6e7fa7d-22fc-4ec9-85c5-3058fc45ac0c,photo,0,0,"{""obverse"": ""gridiron-fantasy-football_gridiron_other-priorities"", ""reverse"": ""gridiron-fantasy-football_card-back""}","{""name_printed"": ""Other Priorities"", ""rarity"": ""Rare"", ""item_dimensions"": ""{\u0022height\u0022: \u00223.5\u0022, \u0022width\u0022: \u00222.5\u0022, \u0022unit\u0022: \u0022inch\u0022}""}",c4596b0f-473d-4fc3-a9ff-ddd719f94726,0c715d5a-63ae-4042-90af-703435b89d91,Other Priorities,Other Priorities,"{""rarity_notes"": ""Jason Matz's CCG Checklist""}",gridiron-fantasy-football_gridiron_other-priorities
e0d0450c-7a9d-4308-908d-3349d7162bb4,item,1,0,"{""obverse"": ""gridiron-fantasy-football_gridiron_out-of-bounds"", ""reverse"": ""gridiron-fantasy-football_defensive-action_card-back""}","{""name_printed"": ""Out of Bounds"", ""rarity"": ""Common"", ""deck"": ""Defensive Action"", ""type"": ""Challenge"", ""item_dimensions"": ""{\u0022height\u0022: \u00223.5\u0022, \u0022width\u0022: \u00222.5\u0022, \u0022unit\u0022: \u0022inch\u0022}""}",c4596b0f-473d-4fc3-a9ff-ddd719f94726,0c715d5a-63ae-4042-90af-703435b89d91,Out of Bounds,Out of Bounds,"{""rarity_notes"": ""Jason Matz's CCG Checklist""}",gridiron-fantasy-football_gridiron_out-of-bounds
7b831af0-cdfb-43b9-9cdc-b0dc75dae3f4,item,1,0,"{""obverse"": ""gridiron-fantasy-football_gridiron_outside-blitz"", ""reverse"": ""gridiron-fantasy-football_defensive-play_card-back""}","{""name_printed"": ""Outside Blitz"", ""rarity"": ""Common"", ""deck"": ""Defensive Play"", ""type"": ""Pass"", ""item_dimensions"": ""{\u0022height\u0022: \u00223.5\u0022, \u0022width\u0022: \u00222.5\u0022, \u0022unit\u0022: \u0022inch\u0022}""}",c4596b0f-473d-4fc3-a9ff-ddd719f94726,0c715d5a-63ae-4042-90af-703435b89d91,Outside Blitz,Outside Blitz,"{""rarity_notes"": ""Jason Matz's CCG Checklist""}",gridiron-fantasy-football_gridiron_outside-blitz
30d3706c-5d2d-442e-bd8b-633f53daf5fc,photo,0,0,"{""obverse"": ""gridiron-fantasy-football_gridiron_paul-swanhart---wr"", ""reverse"": ""gridiron-fantasy-football_team_card-back""}","{""name_printed"": ""Paul Swanhart - WR"", ""rarity"": ""Uncommon"", ""deck"": ""Team"", ""type"": ""Star Player"", ""item_dimensions"": ""{\u0022height\u0022: \u00223.5\u0022, \u0022width\u0022: \u00222.5\u0022, \u0022unit\u0022: \u0022inch\u0022}""}",c4596b0f-473d-4fc3-a9ff-ddd719f94726,0c715d5a-63ae-4042-90af-703435b89d91,Paul Swanhart - WR,Paul Swanhart - WR,"{""rarity_notes"": ""Jason Matz's CCG Checklist""}",gridiron-fantasy-football_gridiron_paul-swanhart---wr
ac97d61b-8351-4e60-a267-f99cd042e062,item,1,0,"{""obverse"": ""gridiron-fantasy-football_gridiron_paying-the-price"", ""reverse"": ""gridiron-fantasy-football_offensive-action_card-back""}","{""name_printed"": ""Paying the Price"", ""rarity"": ""Common"", ""deck"": ""Offensive Action"", ""type"": ""Challenge"", ""item_dimensions"": ""{\u0022height\u0022: \u00223.5\u0022, \u0022width\u0022: \u00222.5\u0022, \u0022unit\u0022: \u0022inch\u0022}""}",c4596b0f-473d-4fc3-a9ff-ddd719f94726,0c715d5a-63ae-4042-90af-703435b89d91,Paying the Price,Paying the Price,"{""rarity_notes"": ""Jason Matz's CCG Checklist""}",gridiron-fantasy-football_gridiron_paying-the-price
b48313a6-8bfe-45b9-9157-5dfdce2a473c,item,1,0,"{""obverse"": ""gridiron-fantasy-football_gridiron_penetrate-the-line"", ""reverse"": ""gridiron-fantasy-football_defensive-action_card-back""}","{""name_printed"": ""Penetrate the Line"", ""rarity"": ""Rare"", ""deck"": ""Defensive Action"", ""type"": ""Challenge"", ""item_dimensions"": ""{\u0022height\u0022: \u00223.5\u0022, \u0022width\u0022: \u00222.5\u0022, \u0022unit\u0022: \u0022inch\u0022}""}",c4596b0f-473d-4fc3-a9ff-ddd719f94726,0c715d5a-63ae-4042-90af-703435b89d91,Penetrate the Line,Penetrate the Line,"{""rarity_notes"": ""Jason Matz's CCG Checklist""}",gridiron-fantasy-football_gridiron_penetrate-the-line
6a2df799-fd97-4102-b257-1ad7b7876e3c,photo,0,0,"{""obverse"": ""gridiron-fantasy-football_gridiron_pickoff-artists"", ""reverse"": ""gridiron-fantasy-football_team_card-back""}","{""name_printed"": ""Pickoff Artists"", ""rarity"": ""Uncommon"", ""deck"": ""Team"", ""type"": ""Tradition"", ""item_dimensions"": ""{\u0022height\u0022: \u00223.5\u0022, \u0022width\u0022: \u00222.5\u0022, \u0022unit\u0022: \u0022inch\u0022}""}",c4596b0f-473d-4fc3-a9ff-ddd719f94726,0c715d5a-63ae-4042-90af-703435b89d91,Pickoff Artists,Pickoff Artists,"{""rarity_notes"": ""Jason Matz's CCG Checklist""}",gridiron-fantasy-football_gridiron_pickoff-artists
168b9f47-1cfb-403f-b7ac-cbdf92ac6ab6,photo,0,0,"{""obverse"": ""gridiron-fantasy-football_gridiron_piledrivers"", ""reverse"": ""gridiron-fantasy-football_team_card-back""}","{""name_printed"": ""Piledrivers"", ""rarity"": ""Rare"", ""deck"": ""Team"", ""type"": ""Franchise"", ""item_dimensions"": ""{\u0022height\u0022: \u00223.5\u0022, \u0022width\u0022: \u00222.5\u0022, \u0022unit\u0022: \u0022inch\u0022}""}",c4596b0f-473d-4fc3-a9ff-ddd719f94726,0c715d5a-63ae-4042-90af-703435b89d91,Piledrivers,Piledrivers,"{""rarity_notes"": ""Jason Matz's CCG Checklist""}",gridiron-fantasy-football_gridiron_piledrivers
cdac708a-7703-4eab-82e5-6b986a1fc133,photo,0,0,"{""obverse"": ""gridiron-fantasy-football_gridiron_play-clean"", ""reverse"": ""gridiron-fantasy-football_card-back""}","{""name_printed"": ""Play Clean"", ""rarity"": ""Rare"", ""type"": ""Action"", ""item_dimensions"": ""{\u0022height\u0022: \u00223.5\u0022, \u0022width\u0022: \u00222.5\u0022, \u0022unit\u0022: \u0022inch\u0022}""}",c4596b0f-473d-4fc3-a9ff-ddd719f94726,0c715d5a-63ae-4042-90af-703435b89d91,Play Clean,Play Clean,"{""rarity_notes"": ""Jason Matz's CCG Checklist""}",gridiron-fantasy-football_gridiron_play-clean
2913800b-6968-435e-b43c-0a9f4db4c25b,photo,0,0,"{""obverse"": ""gridiron-fantasy-football_gridiron_play-it-safe"", ""reverse"": ""gridiron-fantasy-football_offensive-action_card-back""}","{""name_printed"": ""Play It Safe"", ""rarity"": ""Uncommon"", ""deck"": ""Offensive Action"", ""type"": ""Action"", ""item_dimensions"": ""{\u0022height\u0022: \u00223.5\u0022, \u0022width\u0022: \u00222.5\u0022, \u0022unit\u0022: \u0022inch\u0022}""}",c4596b0f-473d-4fc3-a9ff-ddd719f94726,0c715d5a-63ae-4042-90af-703435b89d91,Play It Safe,Play It Safe,"{""rarity_notes"": ""Jason Matz's CCG Checklist""}",gridiron-fantasy-football_gridiron_play-it-safe
ece83ed0-9aa5-4379-abe3-63b3e90bf802,item,1,0,"{""obverse"": ""gridiron-fantasy-football_gridiron_play-on"", ""reverse"": ""gridiron-fantasy-football_offensive-action_card-back""}","{""name_printed"": ""Play On"", ""rarity"": ""Uncommon"", ""deck"": ""Offensive Action"", ""type"": ""Action"", ""item_dimensions"": ""{\u0022height\u0022: \u00223.5\u0022, \u0022width\u0022: \u00222.5\u0022, \u0022unit\u0022: \u0022inch\u0022}""}",c4596b0f-473d-4fc3-a9ff-ddd719f94726,0c715d5a-63ae-4042-90af-703435b89d91,Play On,Play On,"{""rarity_notes"": ""Jason Matz's CCG Checklist""}",gridiron-fantasy-football_gridiron_play-on
6b825e39-0201-4dd7-8fa8-bfa2dfebb890,photo,0,0,"{""obverse"": ""gridiron-fantasy-football_gridiron_play-to-the-crowd"", ""reverse"": ""gridiron-fantasy-football_offensive-play_card-back""}","{""name_printed"": ""Play to the Crowd"", ""rarity"": ""Rare"", ""deck"": ""Offensive Play"", ""type"": ""Pass"", ""item_dimensions"": ""{\u0022height\u0022: \u00223.5\u0022, \u0022width\u0022: \u00222.5\u0022, \u0022unit\u0022: \u0022inch\u0022}""}",c4596b0f-473d-4fc3-a9ff-ddd719f94726,0c715d5a-63ae-4042-90af-703435b89d91,Play to the Crowd,Play to the Crowd,"{""rarity_notes"": ""Jason Matz's CCG Checklist""}",gridiron-fantasy-football_gridiron_play-to-the-crowd
28531ea2-afa5-4db8-87b5-e56eb38e1b70,item,1,0,"{""obverse"": ""gridiron-fantasy-football_gridiron_plow-them-under"", ""reverse"": ""gridiron-fantasy-football_defensive-action_card-back""}","{""name_printed"": ""Plow Them Under"", ""rarity"": ""Common"", ""deck"": ""Defensive Action"", ""type"": ""Challenge"", ""item_dimensions"": ""{\u0022height\u0022: \u00223.5\u0022, \u0022width\u0022: \u00222.5\u0022, \u0022unit\u0022: \u0022inch\u0022}""}",c4596b0f-473d-4fc3-a9ff-ddd719f94726,0c715d5a-63ae-4042-90af-703435b89d91,Plow Them Under,Plow Them Under,"{""rarity_notes"": ""Jason Matz's CCG Checklist""}",gridiron-fantasy-football_gridiron_plow-them-under
c958f64c-954f-4b41-b844-ec80d3cb4c77,photo,0,0,"{""obverse"": ""gridiron-fantasy-football_gridiron_pointing-fingers"", ""reverse"": ""gridiron-fantasy-football_defensive-action_card-back""}","{""name_printed"": ""Pointing Fingers"", ""rarity"": ""Rare"", ""deck"": ""Defensive Action"", ""type"": ""Challenge"", ""item_dimensions"": ""{\u0022height\u0022: \u00223.5\u0022, \u0022width\u0022: \u00222.5\u0022, \u0022unit\u0022: \u0022inch\u0022}""}",c4596b0f-473d-4fc3-a9ff-ddd719f94726,0c715d5a-63ae-4042-90af-703435b89d91,Pointing Fingers,Pointing Fingers,"{""rarity_notes"": ""Jason Matz's CCG Checklist""}",gridiron-fantasy-football_gridiron_pointing-fingers
af41e61c-773d-49b9-9fd1-25d5b23dfacb,photo,0,0,"{""obverse"": ""gridiron-fantasy-football_gridiron_post"", ""reverse"": ""gridiron-fantasy-football_offensive-play_card-back""}","{""name_printed"": ""Post"", ""rarity"": ""Rare"", ""deck"": ""Offensive Play"", ""type"": ""Pass"", ""item_dimensions"": ""{\u0022height\u0022: \u00223.5\u0022, \u0022width\u0022: \u00222.5\u0022, \u0022unit\u0022: \u0022inch\u0022}""}",c4596b0f-473d-4fc3-a9ff-ddd719f94726,0c715d5a-63ae-4042-90af-703435b89d91,Post,Post,"{""rarity_notes"": ""Jason Matz's CCG Checklist""}",gridiron-fantasy-football_gridiron_post
057a1e26-3c62-4452-90c5-cf8edd57f2c0,item,1,0,"{""obverse"": ""gridiron-fantasy-football_gridiron_power-dive"", ""reverse"": ""gridiron-fantasy-football_offensive-play_card-back""}","{""name_printed"": ""Power Dive"", ""rarity"": ""Uncommon"", ""deck"": ""Offensive Play"", ""type"": ""Run"", ""item_dimensions"": ""{\u0022height\u0022: \u00223.5\u0022, \u0022width\u0022: \u00222.5\u0022, \u0022unit\u0022: \u0022inch\u0022}""}",c4596b0f-473d-4fc3-a9ff-ddd719f94726,0c715d5a-63ae-4042-90af-703435b89d91,Power Dive,Power Dive,"{""rarity_notes"": ""Jason Matz's CCG Checklist""}",gridiron-fantasy-football_gridiron_power-dive
ea1693a4-a7bf-4325-8c0a-a228496b6a1f,photo,0,0,"{""obverse"": ""gridiron-fantasy-football_gridiron_power-outage"", ""reverse"": ""gridiron-fantasy-football_card-back""}","{""name_printed"": ""Power Outage"", ""rarity"": ""Rare"", ""type"": ""Challenge"", ""item_dimensions"": ""{\u0022height\u0022: \u00223.5\u0022, \u0022width\u0022: \u00222.5\u0022, \u0022unit\u0022: \u0022inch\u0022}""}",c4596b0f-473d-4fc3-a9ff-ddd719f94726,0c715d5a-63ae-4042-90af-703435b89d91,Power Outage,Power Outage,"{""rarity_notes"": ""Jason Matz's CCG Checklist""}",gridiron-fantasy-football_gridiron_power-outage
87fc1923-b3a7-4483-889e-e60d7804fef5,item,1,0,"{""obverse"": ""gridiron-fantasy-football_gridiron_power-sweep"", ""reverse"": ""gridiron-fantasy-football_offensive-play_card-back""}","{""name_printed"": ""Power Sweep"", ""rarity"": ""Uncommon"", ""deck"": ""Offensive Play"", ""type"": ""Run"", ""item_dimensions"": ""{\u0022height\u0022: \u00223.5\u0022, \u0022width\u0022: \u00222.5\u0022, \u0022unit\u0022: \u0022inch\u0022}""}",c4596b0f-473d-4fc3-a9ff-ddd719f94726,0c715d5a-63ae-4042-90af-703435b89d91,Power Sweep,Power Sweep,"{""rarity_notes"": ""Jason Matz's CCG Checklist""}",gridiron-fantasy-football_gridiron_power-sweep
e18802e8-6652-41a6-8d30-55a90ba3326d,item,1,0,"{""obverse"": ""gridiron-fantasy-football_gridiron_pressure's-high"", ""reverse"": ""gridiron-fantasy-football_defensive-action_card-back""}","{""name_printed"": ""Pressure's High"", ""rarity"": ""Common"", ""deck"": ""Defensive Action"", ""type"": ""Challenge"", ""item_dimensions"": ""{\u0022height\u0022: \u00223.5\u0022, \u0022width\u0022: \u00222.5\u0022, \u0022unit\u0022: \u0022inch\u0022}""}",c4596b0f-473d-4fc3-a9ff-ddd719f94726,0c715d5a-63ae-4042-90af-703435b89d91,Pressure's High,Pressure's High,"{""rarity_notes"": ""Jason Matz's CCG Checklist""}",gridiron-fantasy-football_gridiron_pressure's-high
b309fa7c-ddba-44db-98b4-838baf8c2fe4,photo,0,0,"{""obverse"": ""gridiron-fantasy-football_gridiron_prevent-defense"", ""reverse"": ""gridiron-fantasy-football_defensive-play_card-back""}","{""name_printed"": ""Prevent Defense"", ""rarity"": ""Rare"", ""deck"": ""Defensive Play"", ""type"": ""Pass"", ""item_dimensions"": ""{\u0022height\u0022: \u00223.5\u0022, \u0022width\u0022: \u00222.5\u0022, \u0022unit\u0022: \u0022inch\u0022}""}",c4596b0f-473d-4fc3-a9ff-ddd719f94726,0c715d5a-63ae-4042-90af-703435b89d91,Prevent Defense,Prevent Defense,"{""rarity_notes"": ""Jason Matz's CCG Checklist""}",gridiron-fantasy-football_gridiron_prevent-defense
d1b9fea5-1cc4-4d3d-b63a-bcc932d59a25,photo,0,0,"{""obverse"": ""gridiron-fantasy-football_gridiron_product-endorsement"", ""reverse"": ""gridiron-fantasy-football_offensive-play_card-back""}","{""name_printed"": ""Product Endorsement"", ""rarity"": ""Common"", ""deck"": ""Offensive Play"", ""type"": ""Pass"", ""item_dimensions"": ""{\u0022height\u0022: \u00223.5\u0022, \u0022width\u0022: \u00222.5\u0022, \u0022unit\u0022: \u0022inch\u0022}""}",c4596b0f-473d-4fc3-a9ff-ddd719f94726,0c715d5a-63ae-4042-90af-703435b89d91,Product Endorsement,Product Endorsement,"{""rarity_notes"": ""Jason Matz's CCG Checklist""}",gridiron-fantasy-football_gridiron_product-endorsement
959180f0-1161-448e-91c9-7603a8851c8d,photo,0,0,"{""obverse"": ""gridiron-fantasy-football_gridiron_qb-sneak"", ""reverse"": ""gridiron-fantasy-football_offensive-play_card-back""}","{""name_printed"": ""QB Sneak"", ""rarity"": ""Fixed"", ""deck"": ""Offensive Play"", ""type"": ""Run"", ""item_dimensions"": ""{\u0022height\u0022: \u00223.5\u0022, \u0022width\u0022: \u00222.5\u0022, \u0022unit\u0022: \u0022inch\u0022}""}",c4596b0f-473d-4fc3-a9ff-ddd719f94726,0c715d5a-63ae-4042-90af-703435b89d91,QB Sneak,QB Sneak,"{""rarity_notes"": ""Jason Matz's CCG Checklist""}",gridiron-fantasy-football_gridiron_qb-sneak
64b51382-2f35-4e74-968a-076e826282a6,photo,0,0,"{""obverse"": ""gridiron-fantasy-football_gridiron_quick-hands"", ""reverse"": ""gridiron-fantasy-football_defensive-action_card-back""}","{""name_printed"": ""Quick Hands"", ""rarity"": ""Rare"", ""deck"": ""Defensive Action"", ""type"": ""Action"", ""item_dimensions"": ""{\u0022height\u0022: \u00223.5\u0022, \u0022width\u0022: \u00222.5\u0022, \u0022unit\u0022: \u0022inch\u0022}""}",c4596b0f-473d-4fc3-a9ff-ddd719f94726,0c715d5a-63ae-4042-90af-703435b89d91,Quick Hands,Quick Hands,"{""rarity_notes"": ""Jason Matz's CCG Checklist""}",gridiron-fantasy-football_gridiron_quick-hands
2c25635f-b783-4978-b3ea-e4af032d8032,item,1,0,"{""obverse"": ""gridiron-fantasy-football_gridiron_quick-pass"", ""reverse"": ""gridiron-fantasy-football_offensive-play_card-back""}","{""name_printed"": ""Quick Pass"", ""rarity"": ""Common"", ""deck"": ""Offensive Play"", ""type"": ""Pass"", ""item_dimensions"": ""{\u0022height\u0022: \u00223.5\u0022, \u0022width\u0022: \u00222.5\u0022, \u0022unit\u0022: \u0022inch\u0022}""}",c4596b0f-473d-4fc3-a9ff-ddd719f94726,0c715d5a-63ae-4042-90af-703435b89d91,Quick Pass,Quick Pass,"{""rarity_notes"": ""Jason Matz's CCG Checklist""}",gridiron-fantasy-football_gridiron_quick-pass
21824102-af97-49c8-b7d2-7f66fc478b98,item,1,0,"{""obverse"": ""gridiron-fantasy-football_gridiron_quick-reflexes"", ""reverse"": ""gridiron-fantasy-football_defensive-action_card-back""}","{""name_printed"": ""Quick Reflexes"", ""rarity"": ""Rare"", ""deck"": ""Defensive Action"", ""type"": ""Challenge"", ""item_dimensions"": ""{\u0022height\u0022: \u00223.5\u0022, \u0022width\u0022: \u00222.5\u0022, \u0022unit\u0022: \u0022inch\u0022}""}",c4596b0f-473d-4fc3-a9ff-ddd719f94726,0c715d5a-63ae-4042-90af-703435b89d91,Quick Reflexes,Quick Reflexes,"{""rarity_notes"": ""Jason Matz's CCG Checklist""}",gridiron-fantasy-football_gridiron_quick-reflexes
9626c926-26a3-428a-9b69-3fb66708e71b,photo,0,0,"{""obverse"": ""gridiron-fantasy-football_gridiron_raising-the-stakes"", ""reverse"": ""gridiron-fantasy-football_defensive-action_card-back""}","{""name_printed"": ""Raising the Stakes"", ""rarity"": ""Rare"", ""deck"": ""Defensive Action"", ""type"": ""Challenge"", ""item_dimensions"": ""{\u0022height\u0022: \u00223.5\u0022, \u0022width\u0022: \u00222.5\u0022, \u0022unit\u0022: \u0022inch\u0022}""}",c4596b0f-473d-4fc3-a9ff-ddd719f94726,0c715d5a-63ae-4042-90af-703435b89d91,Raising the Stakes,Raising the Stakes,"{""rarity_notes"": ""Jason Matz's CCG Checklist""}",gridiron-fantasy-football_gridiron_raising-the-stakes
eece1b8d-fd15-46c2-bbf0-c42120cb4372,photo,0,0,"{""obverse"": ""gridiron-fantasy-football_gridiron_rally"", ""reverse"": ""gridiron-fantasy-football_card-back""}","{""name_printed"": ""Rally"", ""rarity"": ""Ultra Rare"", ""type"": ""Action"", ""item_dimensions"": ""{\u0022height\u0022: \u00223.5\u0022, \u0022width\u0022: \u00222.5\u0022, \u0022unit\u0022: \u0022inch\u0022}""}",c4596b0f-473d-4fc3-a9ff-ddd719f94726,0c715d5a-63ae-4042-90af-703435b89d91,Rally,Rally,"{""rarity_notes"": ""Jason Matz's CCG Checklist""}",gridiron-fantasy-football_gridiron_rally
a9f26bbb-f794-4bec-9ff6-8402e8b8d224,photo,0,0,"{""obverse"": ""gridiron-fantasy-football_gridiron_ravens"", ""reverse"": ""gridiron-fantasy-football_team_card-back""}","{""name_printed"": ""Ravens"", ""rarity"": ""Rare"", ""deck"": ""Team"", ""type"": ""Franchise"", ""item_dimensions"": ""{\u0022height\u0022: \u00223.5\u0022, \u0022width\u0022: \u00222.5\u0022, \u0022unit\u0022: \u0022inch\u0022}""}",c4596b0f-473d-4fc3-a9ff-ddd719f94726,0c715d5a-63ae-4042-90af-703435b89d91,Ravens,Ravens,"{""rarity_notes"": ""Jason Matz's CCG Checklist""}",gridiron-fantasy-football_gridiron_ravens
a55c7445-d7d4-422c-81d6-7e33ac6365b8,photo,0,0,"{""obverse"": ""gridiron-fantasy-football_gridiron_receiver-corps"", ""reverse"": ""gridiron-fantasy-football_team_card-back""}","{""name_printed"": ""Receiver Corps"", ""rarity"": ""Rare"", ""deck"": ""Team"", ""type"": ""Tradition"", ""item_dimensions"": ""{\u0022height\u0022: \u00223.5\u0022, \u0022width\u0022: \u00222.5\u0022, \u0022unit\u0022: \u0022inch\u0022}""}",c4596b0f-473d-4fc3-a9ff-ddd719f94726,0c715d5a-63ae-4042-90af-703435b89d91,Receiver Corps,Receiver Corps,"{""rarity_notes"": ""Jason Matz's CCG Checklist""}",gridiron-fantasy-football_gridiron_receiver-corps
e9ea1cea-4e9e-49ab-9817-d43e321820b5,item,1,0,"{""obverse"": ""gridiron-fantasy-football_gridiron_redzone--d-"", ""reverse"": ""gridiron-fantasy-football_team_card-back""}","{""name_printed"": ""Redzone \u0022D\u0022"", ""rarity"": ""Uncommon"", ""deck"": ""Team"", ""type"": ""Tradition"", ""item_dimensions"": ""{\u0022height\u0022: \u00223.5\u0022, \u0022width\u0022: \u00222.5\u0022, \u0022unit\u0022: \u0022inch\u0022}""}",c4596b0f-473d-4fc3-a9ff-ddd719f94726,0c715d5a-63ae-4042-90af-703435b89d91,"Redzone ""D""","Redzone ""D""","{""rarity_notes"": ""Jason Matz's CCG Checklist""}",gridiron-fantasy-football_gridiron_redzone--d-
d436a1d4-7e84-4573-a4fd-08c6989aae3d,photo,0,0,"{""obverse"": ""gridiron-fantasy-football_gridiron_ref-on-the-ball"", ""reverse"": ""gridiron-fantasy-football_offensive-action_card-back""}","{""name_printed"": ""Ref on the Ball"", ""rarity"": ""Uncommon"", ""deck"": ""Offensive Action"", ""type"": ""Action"", ""item_dimensions"": ""{\u0022height\u0022: \u00223.5\u0022, \u0022width\u0022: \u00222.5\u0022, \u0022unit\u0022: \u0022inch\u0022}""}",c4596b0f-473d-4fc3-a9ff-ddd719f94726,0c715d5a-63ae-4042-90af-703435b89d91,Ref on the Ball,Ref on the Ball,"{""rarity_notes"": ""Jason Matz's CCG Checklist""}",gridiron-fantasy-football_gridiron_ref-on-the-ball
a8ca2ae1-5fdc-4b5a-ab83-d1773c0ff574,photo,0,0,"{""obverse"": ""gridiron-fantasy-football_gridiron_referee--conference-"", ""reverse"": ""gridiron-fantasy-football_card-back""}","{""name_printed"": ""Referee \u0022Conference\u0022"", ""rarity"": ""Rare"", ""type"": ""Action"", ""item_dimensions"": ""{\u0022height\u0022: \u00223.5\u0022, \u0022width\u0022: \u00222.5\u0022, \u0022unit\u0022: \u0022inch\u0022}""}",c4596b0f-473d-4fc3-a9ff-ddd719f94726,0c715d5a-63ae-4042-90af-703435b89d91,"Referee ""Conference""","Referee ""Conference""","{""rarity_notes"": ""Jason Matz's CCG Checklist""}",gridiron-fantasy-football_gridiron_referee--conference-
0e64d06e-5ad1-4ebc-ba95-ca097a1975c5,item,1,0,"{""obverse"": ""gridiron-fantasy-football_gridiron_regimentals"", ""reverse"": ""gridiron-fantasy-football_team_card-back""}","{""name_printed"": ""Regimentals"", ""rarity"": ""Rare"", ""deck"": ""Team"", ""type"": ""Franchise"", ""item_dimensions"": ""{\u0022height\u0022: \u00223.5\u0022, \u0022width\u0022: \u00222.5\u0022, \u0022unit\u0022: \u0022inch\u0022}""}",c4596b0f-473d-4fc3-a9ff-ddd719f94726,0c715d5a-63ae-4042-90af-703435b89d91,Regimentals,Regimentals,"{""rarity_notes"": ""Jason Matz's CCG Checklist""}",gridiron-fantasy-football_gridiron_regimentals
0bffcf7a-1491-4360-ab2f-e1a201e0f3ba,photo,0,0,"{""obverse"": ""gridiron-fantasy-football_gridiron_rene-scofield---cb"", ""reverse"": ""gridiron-fantasy-football_team_card-back""}","{""name_printed"": ""Rene Scofield - CB"", ""rarity"": ""Uncommon"", ""deck"": ""Team"", ""type"": ""Star Player"", ""item_dimensions"": ""{\u0022height\u0022: \u00223.5\u0022, \u0022width\u0022: \u00222.5\u0022, \u0022unit\u0022: \u0022inch\u0022}""}",c4596b0f-473d-4fc3-a9ff-ddd719f94726,0c715d5a-63ae-4042-90af-703435b89d91,Rene Scofield - CB,Rene Scofield - CB,"{""rarity_notes"": ""Jason Matz's CCG Checklist""}",gridiron-fantasy-football_gridiron_rene-scofield---cb
ca19525a-210f-4cdc-9fc1-999f379a7a08,photo,0,0,"{""obverse"": ""gridiron-fantasy-football_gridiron_reno-sanders---hb"", ""reverse"": ""gridiron-fantasy-football_team_card-back""}","{""name_printed"": ""Reno Sanders - HB"", ""rarity"": ""Uncommon"", ""deck"": ""Team"", ""type"": ""Star Player"", ""item_dimensions"": ""{\u0022height\u0022: \u00223.5\u0022, \u0022width\u0022: \u00222.5\u0022, \u0022unit\u0022: \u0022inch\u0022}""}",c4596b0f-473d-4fc3-a9ff-ddd719f94726,0c715d5a-63ae-4042-90af-703435b89d91,Reno Sanders - HB,Reno Sanders - HB,"{""rarity_notes"": ""Jason Matz's CCG Checklist""}",gridiron-fantasy-football_gridiron_reno-sanders---hb
4f9c31e0-1166-48ee-a16b-e81b9d0266a0,photo,0,0,"{""obverse"": ""gridiron-fantasy-football_gridiron_reversal-of-fortune"", ""reverse"": ""gridiron-fantasy-football_offensive-action_card-back""}","{""name_printed"": ""Reversal of Fortune"", ""rarity"": ""Rare"", ""deck"": ""Offensive Action"", ""type"": ""Action"", ""item_dimensions"": ""{\u0022height\u0022: \u00223.5\u0022, \u0022width\u0022: \u00222.5\u0022, \u0022unit\u0022: \u0022inch\u0022}""}",c4596b0f-473d-4fc3-a9ff-ddd719f94726,0c715d5a-63ae-4042-90af-703435b89d91,Reversal of Fortune,Reversal of Fortune,"{""rarity_notes"": ""Jason Matz's CCG Checklist""}",gridiron-fantasy-football_gridiron_reversal-of-fortune
b27444d6-90ab-416f-903e-8c6ea7549641,photo,0,0,"{""obverse"": ""gridiron-fantasy-football_gridiron_reverse"", ""reverse"": ""gridiron-fantasy-football_offensive-play_card-back""}","{""name_printed"": ""Reverse"", ""rarity"": ""Uncommon"", ""deck"": ""Offensive Play"", ""type"": ""Run"", ""item_dimensions"": ""{\u0022height\u0022: \u00223.5\u0022, \u0022width\u0022: \u00222.5\u0022, \u0022unit\u0022: \u0022inch\u0022}""}",c4596b0f-473d-4fc3-a9ff-ddd719f94726,0c715d5a-63ae-4042-90af-703435b89d91,Reverse,Reverse,"{""rarity_notes"": ""Jason Matz's CCG Checklist""}",gridiron-fantasy-football_gridiron_reverse
a054e8b3-76f7-466c-9758-b9e80964fa4a,photo,0,0,"{""obverse"": ""gridiron-fantasy-football_gridiron_rick-barringer---fs"", ""reverse"": ""gridiron-fantasy-football_team_card-back""}","{""name_printed"": ""Rick Barringer - FS"", ""rarity"": ""Uncommon"", ""deck"": ""Team"", ""type"": ""Star Player"", ""item_dimensions"": ""{\u0022height\u0022: \u00223.5\u0022, \u0022width\u0022: \u00222.5\u0022, \u0022unit\u0022: \u0022inch\u0022}""}",c4596b0f-473d-4fc3-a9ff-ddd719f94726,0c715d5a-63ae-4042-90af-703435b89d91,Rick Barringer - FS,Rick Barringer - FS,"{""rarity_notes"": ""Jason Matz's CCG Checklist""}",gridiron-fantasy-football_gridiron_rick-barringer---fs
319791b5-8740-4f94-a5bc-232ed6176770,item,1,0,"{""obverse"": ""gridiron-fantasy-football_gridiron_right-place,-right-time"", ""reverse"": ""gridiron-fantasy-football_defensive-action_card-back""}","{""name_printed"": ""Right Place, Right Time"", ""rarity"": ""Rare"", ""deck"": ""Defensive Action"", ""type"": ""Challenge"", ""item_dimensions"": ""{\u0022height\u0022: \u00223.5\u0022, \u0022width\u0022: \u00222.5\u0022, \u0022unit\u0022: \u0022inch\u0022}""}",c4596b0f-473d-4fc3-a9ff-ddd719f94726,0c715d5a-63ae-4042-90af-703435b89d91,"Right Place, Right Time","Right Place, Right Time","{""rarity_notes"": ""Jason Matz's CCG Checklist""}","gridiron-fantasy-football_gridiron_right-place,-right-time"
7411428c-beaf-4c4d-8ea3-34abc5291754,photo,0,0,"{""obverse"": ""gridiron-fantasy-football_gridiron_riot-in-the-stands"", ""reverse"": ""gridiron-fantasy-football_offensive-action_card-back""}","{""name_printed"": ""Riot in the Stands"", ""rarity"": ""Rare"", ""deck"": ""Offensive Action"", ""type"": ""Challenge"", ""item_dimensions"": ""{\u0022height\u0022: \u00223.5\u0022, \u0022width\u0022: \u00222.5\u0022, \u0022unit\u0022: \u0022inch\u0022}""}",c4596b0f-473d-4fc3-a9ff-ddd719f94726,0c715d5a-63ae-4042-90af-703435b89d91,Riot in the Stands,Riot in the Stands,"{""rarity_notes"": ""Jason Matz's CCG Checklist""}",gridiron-fantasy-football_gridiron_riot-in-the-stands
f3a41088-8231-4245-9bd5-cc037a70cb3c,item,1,0,"{""obverse"": ""gridiron-fantasy-football_gridiron_rise-to-the-challenge"", ""reverse"": ""gridiron-fantasy-football_offensive-action_card-back""}","{""name_printed"": ""Rise to the Challenge"", ""rarity"": ""Common"", ""deck"": ""Offensive Action"", ""type"": ""Challenge"", ""item_dimensions"": ""{\u0022height\u0022: \u00223.5\u0022, \u0022width\u0022: \u00222.5\u0022, \u0022unit\u0022: \u0022inch\u0022}""}",c4596b0f-473d-4fc3-a9ff-ddd719f94726,0c715d5a-63ae-4042-90af-703435b89d91,Rise to the Challenge,Rise to the Challenge,"{""rarity_notes"": ""Jason Matz's CCG Checklist""}",gridiron-fantasy-football_gridiron_rise-to-the-challenge
07abb287-6a88-4e78-a115-88e769230225,photo,0,0,"{""obverse"": ""gridiron-fantasy-football_gridiron_rolling-thunder"", ""reverse"": ""gridiron-fantasy-football_offensive-action_card-back""}","{""name_printed"": ""Rolling Thunder"", ""rarity"": ""Rare"", ""deck"": ""Offensive Action"", ""type"": ""Challenge"", ""item_dimensions"": ""{\u0022height\u0022: \u00223.5\u0022, \u0022width\u0022: \u00222.5\u0022, \u0022unit\u0022: \u0022inch\u0022}""}",c4596b0f-473d-4fc3-a9ff-ddd719f94726,0c715d5a-63ae-4042-90af-703435b89d91,Rolling Thunder,Rolling Thunder,"{""rarity_notes"": ""Jason Matz's CCG Checklist""}",gridiron-fantasy-football_gridiron_rolling-thunder
d3dca2f2-f3ca-4db4-822d-f38150cd12ac,photo,0,0,"{""obverse"": ""gridiron-fantasy-football_gridiron_rose-colored-glasses"", ""reverse"": ""gridiron-fantasy-football_defensive-play_card-back""}","{""name_printed"": ""Rose Colored Glasses"", ""rarity"": ""Rare"", ""deck"": ""Defensive Play"", ""type"": ""Run"", ""item_dimensions"": ""{\u0022height\u0022: \u00223.5\u0022, \u0022width\u0022: \u00222.5\u0022, \u0022unit\u0022: \u0022inch\u0022}""}",c4596b0f-473d-4fc3-a9ff-ddd719f94726,0c715d5a-63ae-4042-90af-703435b89d91,Rose Colored Glasses,Rose Colored Glasses,"{""rarity_notes"": ""Jason Matz's CCG Checklist""}",gridiron-fantasy-football_gridiron_rose-colored-glasses
84e33d6b-07eb-4c32-9468-a77a762e415c,item,1,0,"{""obverse"": ""gridiron-fantasy-football_gridiron_rosin"", ""reverse"": ""gridiron-fantasy-football_offensive-action_card-back""}","{""name_printed"": ""Rosin"", ""rarity"": ""Common"", ""deck"": ""Offensive Action"", ""type"": ""Challenge"", ""item_dimensions"": ""{\u0022height\u0022: \u00223.5\u0022, \u0022width\u0022: \u00222.5\u0022, \u0022unit\u0022: \u0022inch\u0022}""}",c4596b0f-473d-4fc3-a9ff-ddd719f94726,0c715d5a-63ae-4042-90af-703435b89d91,Rosin,Rosin,"{""rarity_notes"": ""Jason Matz's CCG Checklist""}",gridiron-fantasy-football_gridiron_rosin
85ab7d52-8ee3-49c1-89ca-ad33bcfa5230,photo,0,0,"{""obverse"": ""gridiron-fantasy-football_gridiron_rough-customers"", ""reverse"": ""gridiron-fantasy-football_team_card-back""}","{""name_printed"": ""Rough Customers"", ""rarity"": ""Rare"", ""deck"": ""Team"", ""type"": ""Tradition"", ""item_dimensions"": ""{\u0022height\u0022: \u00223.5\u0022, \u0022width\u0022: \u00222.5\u0022, \u0022unit\u0022: \u0022inch\u0022}""}",c4596b0f-473d-4fc3-a9ff-ddd719f94726,0c715d5a-63ae-4042-90af-703435b89d91,Rough Customers,Rough Customers,"{""rarity_notes"": ""Jason Matz's CCG Checklist""}",gridiron-fantasy-football_gridiron_rough-customers
b70e651e-9e83-4b59-ba46-97e12e7371ad,photo,0,0,"{""obverse"": ""gridiron-fantasy-football_gridiron_roughing-the-passer"", ""reverse"": ""gridiron-fantasy-football_defensive-action_card-back""}","{""name_printed"": ""Roughing the Passer"", ""rarity"": ""Common"", ""deck"": ""Defensive Action"", ""type"": ""Challenge"", ""item_dimensions"": ""{\u0022height\u0022: \u00223.5\u0022, \u0022width\u0022: \u00222.5\u0022, \u0022unit\u0022: \u0022inch\u0022}""}",c4596b0f-473d-4fc3-a9ff-ddd719f94726,0c715d5a-63ae-4042-90af-703435b89d91,Roughing the Passer,Roughing the Passer,"{""rarity_notes"": ""Jason Matz's CCG Checklist""}",gridiron-fantasy-football_gridiron_roughing-the-passer
80c5b7ef-a305-410f-8bb7-1c11c898e6b6,item,1,0,"{""obverse"": ""gridiron-fantasy-football_gridiron_rubin-levine---fs"", ""reverse"": ""gridiron-fantasy-football_team_card-back""}","{""name_printed"": ""Rubin Levine - FS"", ""rarity"": ""Uncommon"", ""deck"": ""Team"", ""type"": ""Star Player"", ""item_dimensions"": ""{\u0022height\u0022: \u00223.5\u0022, \u0022width\u0022: \u00222.5\u0022, \u0022unit\u0022: \u0022inch\u0022}""}",c4596b0f-473d-4fc3-a9ff-ddd719f94726,0c715d5a-63ae-4042-90af-703435b89d91,Rubin Levine - FS,Rubin Levine - FS,"{""rarity_notes"": ""Jason Matz's CCG Checklist""}",gridiron-fantasy-football_gridiron_rubin-levine---fs
cd6c3fb8-2f75-46f6-9440-3ab729daef31,photo,0,0,"{""obverse"": ""gridiron-fantasy-football_gridiron_sack-celebration"", ""reverse"": ""gridiron-fantasy-football_defensive-action_card-back""}","{""name_printed"": ""Sack Celebration"", ""rarity"": ""Rare"", ""deck"": ""Defensive Action"", ""type"": ""Action"", ""item_dimensions"": ""{\u0022height\u0022: \u00223.5\u0022, \u0022width\u0022: \u00222.5\u0022, \u0022unit\u0022: \u0022inch\u0022}""}",c4596b0f-473d-4fc3-a9ff-ddd719f94726,0c715d5a-63ae-4042-90af-703435b89d91,Sack Celebration,Sack Celebration,"{""rarity_notes"": ""Jason Matz's CCG Checklist""}",gridiron-fantasy-football_gridiron_sack-celebration
4c0809a8-11ba-4f80-be7b-a5ec1a07e0b1,photo,0,0,"{""obverse"": ""gridiron-fantasy-football_gridiron_safety-stop"", ""reverse"": ""gridiron-fantasy-football_defensive-play_card-back""}","{""name_printed"": ""Safety Stop"", ""rarity"": ""Uncommon"", ""deck"": ""Defensive Play"", ""type"": ""Run"", ""item_dimensions"": ""{\u0022height\u0022: \u00223.5\u0022, \u0022width\u0022: \u00222.5\u0022, \u0022unit\u0022: \u0022inch\u0022}""}",c4596b0f-473d-4fc3-a9ff-ddd719f94726,0c715d5a-63ae-4042-90af-703435b89d91,Safety Stop,Safety Stop,"{""rarity_notes"": ""Jason Matz's CCG Checklist""}",gridiron-fantasy-football_gridiron_safety-stop
3a157313-9836-4e8f-b73d-329c7bb13c39,item,1,0,"{""obverse"": ""gridiron-fantasy-football_gridiron_santos-gil---lb"", ""reverse"": ""gridiron-fantasy-football_team_card-back""}","{""name_printed"": ""Santos Gil - LB"", ""rarity"": ""Uncommon"", ""deck"": ""Team"", ""type"": ""Star Player"", ""item_dimensions"": ""{\u0022height\u0022: \u00223.5\u0022, \u0022width\u0022: \u00222.5\u0022, \u0022unit\u0022: \u0022inch\u0022}""}",c4596b0f-473d-4fc3-a9ff-ddd719f94726,0c715d5a-63ae-4042-90af-703435b89d91,Santos Gil - LB,Santos Gil - LB,"{""rarity_notes"": ""Jason Matz's CCG Checklist""}",gridiron-fantasy-football_gridiron_santos-gil---lb
856fc57d-4104-4dfa-9a16-51cb20f72590,photo,0,0,"{""obverse"": ""gridiron-fantasy-football_gridiron_scoreboard-commandos"", ""reverse"": ""gridiron-fantasy-football_team_card-back""}","{""name_printed"": ""Scoreboard Commandos"", ""rarity"": ""Rare"", ""deck"": ""Team"", ""type"": ""Asset"", ""item_dimensions"": ""{\u0022height\u0022: \u00223.5\u0022, \u0022width\u0022: \u00222.5\u0022, \u0022unit\u0022: \u0022inch\u0022}""}",c4596b0f-473d-4fc3-a9ff-ddd719f94726,0c715d5a-63ae-4042-90af-703435b89d91,Scoreboard Commandos,Scoreboard Commandos,"{""rarity_notes"": ""Jason Matz's CCG Checklist""}",gridiron-fantasy-football_gridiron_scoreboard-commandos
33aea197-f209-47bd-8fec-fb53378f9865,item,1,0,"{""obverse"": ""gridiron-fantasy-football_gridiron_screen"", ""reverse"": ""gridiron-fantasy-football_offensive-play_card-back""}","{""name_printed"": ""Screen"", ""rarity"": ""Uncommon"", ""deck"": ""Offensive Play"", ""type"": ""Pass"", ""item_dimensions"": ""{\u0022height\u0022: \u00223.5\u0022, \u0022width\u0022: \u00222.5\u0022, \u0022unit\u0022: \u0022inch\u0022}""}",c4596b0f-473d-4fc3-a9ff-ddd719f94726,0c715d5a-63ae-4042-90af-703435b89d91,Screen,Screen,"{""rarity_notes"": ""Jason Matz's CCG Checklist""}",gridiron-fantasy-football_gridiron_screen
6f366706-bb55-4a81-af0f-5b33ff805038,photo,0,0,"{""obverse"": ""gridiron-fantasy-football_gridiron_second-wind"", ""reverse"": ""gridiron-fantasy-football_defensive-action_card-back""}","{""name_printed"": ""Second Wind"", ""rarity"": ""Common"", ""deck"": ""Defensive Action"", ""type"": ""Challenge"", ""item_dimensions"": ""{\u0022height\u0022: \u00223.5\u0022, \u0022width\u0022: \u00222.5\u0022, \u0022unit\u0022: \u0022inch\u0022}""}",c4596b0f-473d-4fc3-a9ff-ddd719f94726,0c715d5a-63ae-4042-90af-703435b89d91,Second Wind,Second Wind,"{""rarity_notes"": ""Jason Matz's CCG Checklist""}",gridiron-fantasy-football_gridiron_second-wind
67f7921f-f214-4141-948d-5967d46df518,photo,0,0,"{""obverse"": ""gridiron-fantasy-football_gridiron_secret-weapon"", ""reverse"": ""gridiron-fantasy-football_defensive-action_card-back""}","{""name_printed"": ""Secret Weapon"", ""rarity"": ""Rare"", ""deck"": ""Defensive Action"", ""type"": ""Action"", ""item_dimensions"": ""{\u0022height\u0022: \u00223.5\u0022, \u0022width\u0022: \u00222.5\u0022, \u0022unit\u0022: \u0022inch\u0022}""}",c4596b0f-473d-4fc3-a9ff-ddd719f94726,0c715d5a-63ae-4042-90af-703435b89d91,Secret Weapon,Secret Weapon,"{""rarity_notes"": ""Jason Matz's CCG Checklist""}",gridiron-fantasy-football_gridiron_secret-weapon
599a51af-9f33-499c-acd4-2c619e726f46,photo,0,0,"{""obverse"": ""gridiron-fantasy-football_gridiron_shady-assistant"", ""reverse"": ""gridiron-fantasy-football_team_card-back""}","{""name_printed"": ""Shady Assistant"", ""rarity"": ""Uncommon"", ""deck"": ""Team"", ""type"": ""Asset"", ""item_dimensions"": ""{\u0022height\u0022: \u00223.5\u0022, \u0022width\u0022: \u00222.5\u0022, \u0022unit\u0022: \u0022inch\u0022}""}",c4596b0f-473d-4fc3-a9ff-ddd719f94726,0c715d5a-63ae-4042-90af-703435b89d91,Shady Assistant,Shady Assistant,"{""rarity_notes"": ""Jason Matz's CCG Checklist""}",gridiron-fantasy-football_gridiron_shady-assistant
d5cffb2c-046f-4ebc-8e8d-b46767c3a01c,photo,0,0,"{""obverse"": ""gridiron-fantasy-football_gridiron_shake-up-the-qb"", ""reverse"": ""gridiron-fantasy-football_defensive-action_card-back""}","{""name_printed"": ""Shake Up the QB"", ""rarity"": ""Rare"", ""deck"": ""Defensive Action"", ""type"": ""Action"", ""item_dimensions"": ""{\u0022height\u0022: \u00223.5\u0022, \u0022width\u0022: \u00222.5\u0022, \u0022unit\u0022: \u0022inch\u0022}""}",c4596b0f-473d-4fc3-a9ff-ddd719f94726,0c715d5a-63ae-4042-90af-703435b89d91,Shake Up the QB,Shake Up the QB,"{""rarity_notes"": ""Jason Matz's CCG Checklist""}",gridiron-fantasy-football_gridiron_shake-up-the-qb
36d8bdb9-b679-4972-80dc-6a2cce143441,item,1,0,"{""obverse"": ""gridiron-fantasy-football_gridiron_shane-bennett---te"", ""reverse"": ""gridiron-fantasy-football_team_card-back""}","{""name_printed"": ""Shane Bennett - TE"", ""rarity"": ""Uncommon"", ""deck"": ""Team"", ""type"": ""Star Player"", ""item_dimensions"": ""{\u0022height\u0022: \u00223.5\u0022, \u0022width\u0022: \u00222.5\u0022, \u0022unit\u0022: \u0022inch\u0022}""}",c4596b0f-473d-4fc3-a9ff-ddd719f94726,0c715d5a-63ae-4042-90af-703435b89d91,Shane Bennett - TE,Shane Bennett - TE,"{""rarity_notes"": ""Jason Matz's CCG Checklist""}",gridiron-fantasy-football_gridiron_shane-bennett---te
6661e30e-4fe0-45c6-9da1-b4c071fe8fd5,item,1,0,"{""obverse"": ""gridiron-fantasy-football_gridiron_shotgun-formation"", ""reverse"": ""gridiron-fantasy-football_team_card-back""}","{""name_printed"": ""Shotgun Formation"", ""rarity"": ""Common"", ""deck"": ""Team"", ""type"": ""Formation"", ""item_dimensions"": ""{\u0022height\u0022: \u00223.5\u0022, \u0022width\u0022: \u00222.5\u0022, \u0022unit\u0022: \u0022inch\u0022}""}",c4596b0f-473d-4fc3-a9ff-ddd719f94726,0c715d5a-63ae-4042-90af-703435b89d91,Shotgun Formation,Shotgun Formation,"{""rarity_notes"": ""Jason Matz's CCG Checklist""}",gridiron-fantasy-football_gridiron_shotgun-formation
115aa69d-d5ad-4ae0-af22-204dd5457c4e,item,1,0,"{""obverse"": ""gridiron-fantasy-football_gridiron_shoving"", ""reverse"": ""gridiron-fantasy-football_defensive-action_card-back""}","{""name_printed"": ""Shoving"", ""rarity"": ""Common"", ""deck"": ""Defensive Action"", ""type"": ""Challenge"", ""item_dimensions"": ""{\u0022height\u0022: \u00223.5\u0022, \u0022width\u0022: \u00222.5\u0022, \u0022unit\u0022: \u0022inch\u0022}""}",c4596b0f-473d-4fc3-a9ff-ddd719f94726,0c715d5a-63ae-4042-90af-703435b89d91,Shoving,Shoving,"{""rarity_notes"": ""Jason Matz's CCG Checklist""}",gridiron-fantasy-football_gridiron_shoving
e6bb6a83-7dc6-474c-bcdd-d6ef4e9e46df,item,1,0,"{""obverse"": ""gridiron-fantasy-football_gridiron_sideline-smash"", ""reverse"": ""gridiron-fantasy-football_offensive-action_card-back""}","{""name_printed"": ""Sideline Smash"", ""rarity"": ""Common"", ""deck"": ""Offensive Action"", ""type"": ""Challenge"", ""item_dimensions"": ""{\u0022height\u0022: \u00223.5\u0022, \u0022width\u0022: \u00222.5\u0022, \u0022unit\u0022: \u0022inch\u0022}""}",c4596b0f-473d-4fc3-a9ff-ddd719f94726,0c715d5a-63ae-4042-90af-703435b89d91,Sideline Smash,Sideline Smash,"{""rarity_notes"": ""Jason Matz's CCG Checklist""}",gridiron-fantasy-football_gridiron_sideline-smash
638d96c2-752a-4ecc-80cf-e8df58c5c53e,item,1,0,"{""obverse"": ""gridiron-fantasy-football_gridiron_sidelines"", ""reverse"": ""gridiron-fantasy-football_offensive-action_card-back""}","{""name_printed"": ""Sidelines"", ""rarity"": ""Common"", ""deck"": ""Offensive Action"", ""type"": ""Challenge"", ""item_dimensions"": ""{\u0022height\u0022: \u00223.5\u0022, \u0022width\u0022: \u00222.5\u0022, \u0022unit\u0022: \u0022inch\u0022}""}",c4596b0f-473d-4fc3-a9ff-ddd719f94726,0c715d5a-63ae-4042-90af-703435b89d91,Sidelines,Sidelines,"{""rarity_notes"": ""Jason Matz's CCG Checklist""}",gridiron-fantasy-football_gridiron_sidelines
129ab87f-e81e-4a43-aef7-4e2cad1ee3bb,photo,0,0,"{""obverse"": ""gridiron-fantasy-football_gridiron_slant"", ""reverse"": ""gridiron-fantasy-football_offensive-play_card-back""}","{""name_printed"": ""Slant"", ""rarity"": ""Uncommon"", ""deck"": ""Offensive Play"", ""type"": ""Pass"", ""item_dimensions"": ""{\u0022height\u0022: \u00223.5\u0022, \u0022width\u0022: \u00222.5\u0022, \u0022unit\u0022: \u0022inch\u0022}""}",c4596b0f-473d-4fc3-a9ff-ddd719f94726,0c715d5a-63ae-4042-90af-703435b89d91,Slant,Slant,"{""rarity_notes"": ""Jason Matz's CCG Checklist""}",gridiron-fantasy-football_gridiron_slant
dd6730c7-fa05-4442-98c1-9635a06013df,photo,0,0,"{""obverse"": ""gridiron-fantasy-football_gridiron_sleet"", ""reverse"": ""gridiron-fantasy-football_card-back""}","{""name_printed"": ""Sleet"", ""rarity"": ""Rare"", ""type"": ""Challenge"", ""item_dimensions"": ""{\u0022height\u0022: \u00223.5\u0022, \u0022width\u0022: \u00222.5\u0022, \u0022unit\u0022: \u0022inch\u0022}""}",c4596b0f-473d-4fc3-a9ff-ddd719f94726,0c715d5a-63ae-4042-90af-703435b89d91,Sleet,Sleet,"{""rarity_notes"": ""Jason Matz's CCG Checklist""}",gridiron-fantasy-football_gridiron_sleet
b2d8feb0-4ce7-4293-abdc-49320cc528fa,photo,0,0,"{""obverse"": ""gridiron-fantasy-football_gridiron_smokescreen"", ""reverse"": ""gridiron-fantasy-football_offensive-action_card-back""}","{""name_printed"": ""Smokescreen"", ""rarity"": ""Rare"", ""deck"": ""Offensive Action"", ""type"": ""Challenge"", ""item_dimensions"": ""{\u0022height\u0022: \u00223.5\u0022, \u0022width\u0022: \u00222.5\u0022, \u0022unit\u0022: \u0022inch\u0022}""}",c4596b0f-473d-4fc3-a9ff-ddd719f94726,0c715d5a-63ae-4042-90af-703435b89d91,Smokescreen,Smokescreen,"{""rarity_notes"": ""Jason Matz's CCG Checklist""}",gridiron-fantasy-football_gridiron_smokescreen
ef2ea666-b7ec-42a9-b502-1da563ae3f1e,photo,0,0,"{""obverse"": ""gridiron-fantasy-football_gridiron_smothering-backfield"", ""reverse"": ""gridiron-fantasy-football_defensive-action_card-back""}","{""name_printed"": ""Smothering Backfield"", ""rarity"": ""Rare"", ""deck"": ""Defensive Action"", ""type"": ""Action"", ""item_dimensions"": ""{\u0022height\u0022: \u00223.5\u0022, \u0022width\u0022: \u00222.5\u0022, \u0022unit\u0022: \u0022inch\u0022}""}",c4596b0f-473d-4fc3-a9ff-ddd719f94726,0c715d5a-63ae-4042-90af-703435b89d91,Smothering Backfield,Smothering Backfield,"{""rarity_notes"": ""Jason Matz's CCG Checklist""}",gridiron-fantasy-football_gridiron_smothering-backfield
6f893415-7c7a-41cc-80be-03d910ad3b05,photo,0,0,"{""obverse"": ""gridiron-fantasy-football_gridiron_snag-the-ball"", ""reverse"": ""gridiron-fantasy-football_defensive-play_card-back""}","{""name_printed"": ""Snag the Ball"", ""rarity"": ""Rare"", ""deck"": ""Defensive Play"", ""type"": ""Run"", ""item_dimensions"": ""{\u0022height\u0022: \u00223.5\u0022, \u0022width\u0022: \u00222.5\u0022, \u0022unit\u0022: \u0022inch\u0022}""}",c4596b0f-473d-4fc3-a9ff-ddd719f94726,0c715d5a-63ae-4042-90af-703435b89d91,Snag the Ball,Snag the Ball,"{""rarity_notes"": ""Jason Matz's CCG Checklist""}",gridiron-fantasy-football_gridiron_snag-the-ball
28e7f711-ef08-40e5-88f7-ac3d9f8952e1,photo,0,0,"{""obverse"": ""gridiron-fantasy-football_gridiron_solid-coverage"", ""reverse"": ""gridiron-fantasy-football_defensive-action_card-back""}","{""name_printed"": ""Solid Coverage"", ""rarity"": ""Rare"", ""deck"": ""Defensive Action"", ""type"": ""Challenge"", ""item_dimensions"": ""{\u0022height\u0022: \u00223.5\u0022, \u0022width\u0022: \u00222.5\u0022, \u0022unit\u0022: \u0022inch\u0022}""}",c4596b0f-473d-4fc3-a9ff-ddd719f94726,0c715d5a-63ae-4042-90af-703435b89d91,Solid Coverage,Solid Coverage,"{""rarity_notes"": ""Jason Matz's CCG Checklist""}",gridiron-fantasy-football_gridiron_solid-coverage
c799aa33-f299-4374-bb5f-b7b9d9a473ac,item,1,0,"{""obverse"": ""gridiron-fantasy-football_gridiron_solid-impact"", ""reverse"": ""gridiron-fantasy-football_defensive-action_card-back""}","{""name_printed"": ""Solid Impact"", ""rarity"": ""Common"", ""deck"": ""Defensive Action"", ""type"": ""Action"", ""item_dimensions"": ""{\u0022height\u0022: \u00223.5\u0022, \u0022width\u0022: \u00222.5\u0022, \u0022unit\u0022: \u0022inch\u0022}""}",c4596b0f-473d-4fc3-a9ff-ddd719f94726,0c715d5a-63ae-4042-90af-703435b89d91,Solid Impact,Solid Impact,"{""rarity_notes"": ""Jason Matz's CCG Checklist""}",gridiron-fantasy-football_gridiron_solid-impact
895e659e-4858-43c9-8b6c-1addd0c64eb3,item,1,0,"{""obverse"": ""gridiron-fantasy-football_gridiron_solid-zone"", ""reverse"": ""gridiron-fantasy-football_defensive-play_card-back""}","{""name_printed"": ""Solid Zone"", ""rarity"": ""Common"", ""deck"": ""Defensive Play"", ""type"": ""Pass"", ""item_dimensions"": ""{\u0022height\u0022: \u00223.5\u0022, \u0022width\u0022: \u00222.5\u0022, \u0022unit\u0022: \u0022inch\u0022}""}",c4596b0f-473d-4fc3-a9ff-ddd719f94726,0c715d5a-63ae-4042-90af-703435b89d91,Solid Zone,Solid Zone,"{""rarity_notes"": ""Jason Matz's CCG Checklist""}",gridiron-fantasy-football_gridiron_solid-zone
bab9609a-b667-4245-8056-5f4d731e8b57,item,1,0,"{""obverse"": ""gridiron-fantasy-football_gridiron_spearing"", ""reverse"": ""gridiron-fantasy-football_offensive-action_card-back""}","{""name_printed"": ""Spearing"", ""rarity"": ""Common"", ""deck"": ""Offensive Action"", ""type"": ""Challenge"", ""item_dimensions"": ""{\u0022height\u0022: \u00223.5\u0022, \u0022width\u0022: \u00222.5\u0022, \u0022unit\u0022: \u0022inch\u0022}""}",c4596b0f-473d-4fc3-a9ff-ddd719f94726,0c715d5a-63ae-4042-90af-703435b89d91,Spearing,Spearing,"{""rarity_notes"": ""Jason Matz's CCG Checklist""}",gridiron-fantasy-football_gridiron_spearing
bb42f5e6-1e88-4f60-819d-198de72e5358,photo,0,0,"{""obverse"": ""gridiron-fantasy-football_gridiron_spiked-drinks"", ""reverse"": ""gridiron-fantasy-football_defensive-play_card-back""}","{""name_printed"": ""Spiked Drinks"", ""rarity"": ""Rare"", ""deck"": ""Defensive Play"", ""type"": ""Pass"", ""item_dimensions"": ""{\u0022height\u0022: \u00223.5\u0022, \u0022width\u0022: \u00222.5\u0022, \u0022unit\u0022: \u0022inch\u0022}""}",c4596b0f-473d-4fc3-a9ff-ddd719f94726,0c715d5a-63ae-4042-90af-703435b89d91,Spiked Drinks,Spiked Drinks,"{""rarity_notes"": ""Jason Matz's CCG Checklist""}",gridiron-fantasy-football_gridiron_spiked-drinks
ec9776e6-4d72-46f3-ab96-dfe85490a250,item,1,0,"{""obverse"": ""gridiron-fantasy-football_gridiron_split-back-formation"", ""reverse"": ""gridiron-fantasy-football_team_card-back""}","{""name_printed"": ""Split-Back Formation"", ""rarity"": ""Common"", ""deck"": ""Team"", ""type"": ""Formation"", ""item_dimensions"": ""{\u0022height\u0022: \u00223.5\u0022, \u0022width\u0022: \u00222.5\u0022, \u0022unit\u0022: \u0022inch\u0022}""}",c4596b0f-473d-4fc3-a9ff-ddd719f94726,0c715d5a-63ae-4042-90af-703435b89d91,Split-Back Formation,Split-Back Formation,"{""rarity_notes"": ""Jason Matz's CCG Checklist""}",gridiron-fantasy-football_gridiron_split-back-formation
aa2bccf0-675d-40bd-afe8-e61089abf9ad,photo,0,0,"{""obverse"": ""gridiron-fantasy-football_gridiron_spontaneous-human-combustion"", ""reverse"": ""gridiron-fantasy-football_defensive-action_card-back""}","{""name_printed"": ""Spontaneous Human Combustion"", ""rarity"": ""Ultra Rare"", ""deck"": ""Defensive Action"", ""type"": ""Action"", ""item_dimensions"": ""{\u0022height\u0022: \u00223.5\u0022, \u0022width\u0022: \u00222.5\u0022, \u0022unit\u0022: \u0022inch\u0022}""}",c4596b0f-473d-4fc3-a9ff-ddd719f94726,0c715d5a-63ae-4042-90af-703435b89d91,Spontaneous Human Combustion,Spontaneous Human Combustion,"{""rarity_notes"": ""Jason Matz's CCG Checklist""}",gridiron-fantasy-football_gridiron_spontaneous-human-combustion
3aedc50c-a40f-4e09-b80e-9952d9a83078,photo,0,0,"{""obverse"": ""gridiron-fantasy-football_gridiron_sports--medicine-"", ""reverse"": ""gridiron-fantasy-football_offensive-action_card-back""}","{""name_printed"": ""Sports \u0022Medicine\u0022"", ""rarity"": ""Common"", ""deck"": ""Offensive Action"", ""type"": ""Challenge"", ""item_dimensions"": ""{\u0022height\u0022: \u00223.5\u0022, \u0022width\u0022: \u00222.5\u0022, \u0022unit\u0022: \u0022inch\u0022}""}",c4596b0f-473d-4fc3-a9ff-ddd719f94726,0c715d5a-63ae-4042-90af-703435b89d91,"Sports ""Medicine""","Sports ""Medicine""","{""rarity_notes"": ""Jason Matz's CCG Checklist""}",gridiron-fantasy-football_gridiron_sports--medicine-
ecb66b5c-7227-4f63-8513-e81b3a299953,photo,0,0,"{""obverse"": ""gridiron-fantasy-football_gridiron_star-ancestor"", ""reverse"": ""gridiron-fantasy-football_card-back""}","{""name_printed"": ""Star Ancestor"", ""rarity"": ""Ultra Rare"", ""type"": ""Action"", ""item_dimensions"": ""{\u0022height\u0022: \u00223.5\u0022, \u0022width\u0022: \u00222.5\u0022, \u0022unit\u0022: \u0022inch\u0022}""}",c4596b0f-473d-4fc3-a9ff-ddd719f94726,0c715d5a-63ae-4042-90af-703435b89d91,Star Ancestor,Star Ancestor,"{""rarity_notes"": ""Jason Matz's CCG Checklist""}",gridiron-fantasy-football_gridiron_star-ancestor
5a9ce862-07f3-43ba-84b1-f19db86f5fcb,photo,0,0,"{""obverse"": ""gridiron-fantasy-football_gridiron_star-power"", ""reverse"": ""gridiron-fantasy-football_defensive-action_card-back""}","{""name_printed"": ""Star Power"", ""rarity"": ""Uncommon"", ""deck"": ""Defensive Action"", ""type"": ""Action"", ""item_dimensions"": ""{\u0022height\u0022: \u00223.5\u0022, \u0022width\u0022: \u00222.5\u0022, \u0022unit\u0022: \u0022inch\u0022}""}",c4596b0f-473d-4fc3-a9ff-ddd719f94726,0c715d5a-63ae-4042-90af-703435b89d91,Star Power,Star Power,"{""rarity_notes"": ""Jason Matz's CCG Checklist""}",gridiron-fantasy-football_gridiron_star-power
ab9b9a7a-5707-401a-974d-cc8ac576b260,photo,0,0,"{""obverse"": ""gridiron-fantasy-football_gridiron_statue-of-liberty"", ""reverse"": ""gridiron-fantasy-football_card-back""}","{""name_printed"": ""Statue of Liberty"", ""rarity"": ""Rare"", ""type"": ""Run"", ""item_dimensions"": ""{\u0022height\u0022: \u00223.5\u0022, \u0022width\u0022: \u00222.5\u0022, \u0022unit\u0022: \u0022inch\u0022}""}",c4596b0f-473d-4fc3-a9ff-ddd719f94726,0c715d5a-63ae-4042-90af-703435b89d91,Statue of Liberty,Statue of Liberty,"{""rarity_notes"": ""Jason Matz's CCG Checklist""}",gridiron-fantasy-football_gridiron_statue-of-liberty
dea6123e-8c9e-47fd-abda-29aba779202f,item,1,0,"{""obverse"": ""gridiron-fantasy-football_gridiron_stay-in-bounds"", ""reverse"": ""gridiron-fantasy-football_defensive-play_card-back""}","{""name_printed"": ""Stay In Bounds"", ""rarity"": ""Uncommon"", ""deck"": ""Defensive Play"", ""type"": ""Run"", ""item_dimensions"": ""{\u0022height\u0022: \u00223.5\u0022, \u0022width\u0022: \u00222.5\u0022, \u0022unit\u0022: \u0022inch\u0022}""}",c4596b0f-473d-4fc3-a9ff-ddd719f94726,0c715d5a-63ae-4042-90af-703435b89d91,Stay In Bounds,Stay In Bounds,"{""rarity_notes"": ""Jason Matz's CCG Checklist""}",gridiron-fantasy-football_gridiron_stay-in-bounds
f1e69879-3e35-4bf1-a8ae-f23b5bb06003,photo,0,0,"{""obverse"": ""gridiron-fantasy-football_gridiron_stolen-playbook"", ""reverse"": ""gridiron-fantasy-football_card-back""}","{""name_printed"": ""Stolen Playbook"", ""rarity"": ""Rare"", ""item_dimensions"": ""{\u0022height\u0022: \u00223.5\u0022, \u0022width\u0022: \u00222.5\u0022, \u0022unit\u0022: \u0022inch\u0022}""}",c4596b0f-473d-4fc3-a9ff-ddd719f94726,0c715d5a-63ae-4042-90af-703435b89d91,Stolen Playbook,Stolen Playbook,"{""rarity_notes"": ""Jason Matz's CCG Checklist""}",gridiron-fantasy-football_gridiron_stolen-playbook
464e48a7-d140-43c6-9bdd-f194d7746d1e,photo,0,0,"{""obverse"": ""gridiron-fantasy-football_gridiron_stretch-the-resources"", ""reverse"": ""gridiron-fantasy-football_defensive-play_card-back""}","{""name_printed"": ""Stretch the Resources"", ""rarity"": ""Uncommon"", ""deck"": ""Defensive Play"", ""type"": ""Run"", ""item_dimensions"": ""{\u0022height\u0022: \u00223.5\u0022, \u0022width\u0022: \u00222.5\u0022, \u0022unit\u0022: \u0022inch\u0022}""}",c4596b0f-473d-4fc3-a9ff-ddd719f94726,0c715d5a-63ae-4042-90af-703435b89d91,Stretch the Resources,Stretch the Resources,"{""rarity_notes"": ""Jason Matz's CCG Checklist""}",gridiron-fantasy-football_gridiron_stretch-the-resources
dc8bd63d-6fa2-44fd-a40a-64ae5a1dffbc,photo,0,0,"{""obverse"": ""gridiron-fantasy-football_gridiron_strong-running-game"", ""reverse"": ""gridiron-fantasy-football_team_card-back""}","{""name_printed"": ""Strong Running Game"", ""rarity"": ""Rare"", ""deck"": ""Team"", ""type"": ""Tradition"", ""item_dimensions"": ""{\u0022height\u0022: \u00223.5\u0022, \u0022width\u0022: \u00222.5\u0022, \u0022unit\u0022: \u0022inch\u0022}""}",c4596b0f-473d-4fc3-a9ff-ddd719f94726,0c715d5a-63ae-4042-90af-703435b89d91,Strong Running Game,Strong Running Game,"{""rarity_notes"": ""Jason Matz's CCG Checklist""}",gridiron-fantasy-football_gridiron_strong-running-game
b27cade9-a7c2-49b6-956d-d072af89a22c,item,1,0,"{""obverse"": ""gridiron-fantasy-football_gridiron_stuffed"", ""reverse"": ""gridiron-fantasy-football_defensive-action_card-back""}","{""name_printed"": ""Stuffed"", ""rarity"": ""Common"", ""deck"": ""Defensive Action"", ""type"": ""Challenge"", ""item_dimensions"": ""{\u0022height\u0022: \u00223.5\u0022, \u0022width\u0022: \u00222.5\u0022, \u0022unit\u0022: \u0022inch\u0022}""}",c4596b0f-473d-4fc3-a9ff-ddd719f94726,0c715d5a-63ae-4042-90af-703435b89d91,Stuffed,Stuffed,"{""rarity_notes"": ""Jason Matz's CCG Checklist""}",gridiron-fantasy-football_gridiron_stuffed
f6166099-eee3-42aa-913f-d2faf545d2f3,photo,0,0,"{""obverse"": ""gridiron-fantasy-football_gridiron_suck-it-in"", ""reverse"": ""gridiron-fantasy-football_offensive-action_card-back""}","{""name_printed"": ""Suck It In"", ""rarity"": ""Rare"", ""deck"": ""Offensive Action"", ""type"": ""Action"", ""item_dimensions"": ""{\u0022height\u0022: \u00223.5\u0022, \u0022width\u0022: \u00222.5\u0022, \u0022unit\u0022: \u0022inch\u0022}""}",c4596b0f-473d-4fc3-a9ff-ddd719f94726,0c715d5a-63ae-4042-90af-703435b89d91,Suck It In,Suck It In,"{""rarity_notes"": ""Jason Matz's CCG Checklist""}",gridiron-fantasy-football_gridiron_suck-it-in
165f4ab6-d661-46b7-82c3-5b6bd4923995,photo,0,0,"{""obverse"": ""gridiron-fantasy-football_gridiron_sun-desert-stadium"", ""reverse"": ""gridiron-fantasy-football_card-back""}","{""name_printed"": ""Sun Desert Stadium"", ""rarity"": ""Rare"", ""type"": ""Asset"", ""item_dimensions"": ""{\u0022height\u0022: \u00223.5\u0022, \u0022width\u0022: \u00222.5\u0022, \u0022unit\u0022: \u0022inch\u0022}""}",c4596b0f-473d-4fc3-a9ff-ddd719f94726,0c715d5a-63ae-4042-90af-703435b89d91,Sun Desert Stadium,Sun Desert Stadium,"{""rarity_notes"": ""Jason Matz's CCG Checklist""}",gridiron-fantasy-football_gridiron_sun-desert-stadium
0a209b8e-2ed3-4d28-9ab7-015f021234a6,photo,0,0,"{""obverse"": ""gridiron-fantasy-football_gridiron_superstar"", ""reverse"": ""gridiron-fantasy-football_offensive-action_card-back""}","{""name_printed"": ""Superstar"", ""rarity"": ""Uncommon"", ""deck"": ""Offensive Action"", ""type"": ""Action"", ""item_dimensions"": ""{\u0022height\u0022: \u00223.5\u0022, \u0022width\u0022: \u00222.5\u0022, \u0022unit\u0022: \u0022inch\u0022}""}",c4596b0f-473d-4fc3-a9ff-ddd719f94726,0c715d5a-63ae-4042-90af-703435b89d91,Superstar,Superstar,"{""rarity_notes"": ""Jason Matz's CCG Checklist""}",gridiron-fantasy-football_gridiron_superstar
b61d27c3-6d5f-4f83-b4b8-216db7603222,item,1,0,"{""obverse"": ""gridiron-fantasy-football_gridiron_sweep"", ""reverse"": ""gridiron-fantasy-football_offensive-play_card-back""}","{""name_printed"": ""Sweep"", ""rarity"": ""Common"", ""deck"": ""Offensive Play"", ""type"": ""Run"", ""item_dimensions"": ""{\u0022height\u0022: \u00223.5\u0022, \u0022width\u0022: \u00222.5\u0022, \u0022unit\u0022: \u0022inch\u0022}""}",c4596b0f-473d-4fc3-a9ff-ddd719f94726,0c715d5a-63ae-4042-90af-703435b89d91,Sweep,Sweep,"{""rarity_notes"": ""Jason Matz's CCG Checklist""}",gridiron-fantasy-football_gridiron_sweep
ea9bc6ef-730c-4006-a294-95c59880ed2b,photo,0,0,"{""obverse"": ""gridiron-fantasy-football_gridiron_t--c--kraver"", ""reverse"": ""gridiron-fantasy-football_team_card-back""}","{""name_printed"": ""T. C. Kraver"", ""rarity"": ""Uncommon"", ""deck"": ""Team"", ""type"": ""Star Player"", ""item_dimensions"": ""{\u0022height\u0022: \u00223.5\u0022, \u0022width\u0022: \u00222.5\u0022, \u0022unit\u0022: \u0022inch\u0022}""}",c4596b0f-473d-4fc3-a9ff-ddd719f94726,0c715d5a-63ae-4042-90af-703435b89d91,T. C. Kraver,T. C. Kraver,"{""rarity_notes"": ""Jason Matz's CCG Checklist""}",gridiron-fantasy-football_gridiron_t--c--kraver
aee0a341-b321-4e3e-9f52-522a2beb8fa4,photo,0,0,"{""obverse"": ""gridiron-fantasy-football_gridiron_take-out-the-ref"", ""reverse"": ""gridiron-fantasy-football_offensive-play_card-back""}","{""name_printed"": ""Take Out the Ref"", ""rarity"": ""Rare"", ""deck"": ""Offensive Play"", ""type"": ""Pass"", ""item_dimensions"": ""{\u0022height\u0022: \u00223.5\u0022, \u0022width\u0022: \u00222.5\u0022, \u0022unit\u0022: \u0022inch\u0022}""}",c4596b0f-473d-4fc3-a9ff-ddd719f94726,0c715d5a-63ae-4042-90af-703435b89d91,Take Out the Ref,Take Out the Ref,"{""rarity_notes"": ""Jason Matz's CCG Checklist""}",gridiron-fantasy-football_gridiron_take-out-the-ref
15e89eab-8e9f-4853-a41a-59c71801a2f0,photo,0,0,"{""obverse"": ""gridiron-fantasy-football_gridiron_team-psychic"", ""reverse"": ""gridiron-fantasy-football_defensive-action_card-back""}","{""name_printed"": ""Team Psychic"", ""rarity"": ""Rare"", ""deck"": ""Defensive Action"", ""type"": ""Challenge"", ""item_dimensions"": ""{\u0022height\u0022: \u00223.5\u0022, \u0022width\u0022: \u00222.5\u0022, \u0022unit\u0022: \u0022inch\u0022}""}",c4596b0f-473d-4fc3-a9ff-ddd719f94726,0c715d5a-63ae-4042-90af-703435b89d91,Team Psychic,Team Psychic,"{""rarity_notes"": ""Jason Matz's CCG Checklist""}",gridiron-fantasy-football_gridiron_team-psychic
5974f017-86b0-44ae-a1af-39c0aa8e0e17,photo,0,0,"{""obverse"": ""gridiron-fantasy-football_gridiron_team-sawbones"", ""reverse"": ""gridiron-fantasy-football_team_card-back""}","{""name_printed"": ""Team Sawbones"", ""rarity"": ""Rare"", ""deck"": ""Team"", ""type"": ""Asset"", ""item_dimensions"": ""{\u0022height\u0022: \u00223.5\u0022, \u0022width\u0022: \u00222.5\u0022, \u0022unit\u0022: \u0022inch\u0022}""}",c4596b0f-473d-4fc3-a9ff-ddd719f94726,0c715d5a-63ae-4042-90af-703435b89d91,Team Sawbones,Team Sawbones,"{""rarity_notes"": ""Jason Matz's CCG Checklist""}",gridiron-fantasy-football_gridiron_team-sawbones
abd4a73b-252a-4c3e-bada-2099788a77e0,item,1,0,"{""obverse"": ""gridiron-fantasy-football_gridiron_ten-man-wall"", ""reverse"": ""gridiron-fantasy-football_defensive-play_card-back""}","{""name_printed"": ""Ten Man Wall"", ""rarity"": ""Uncommon"", ""deck"": ""Defensive Play"", ""type"": ""Run"", ""item_dimensions"": ""{\u0022height\u0022: \u00223.5\u0022, \u0022width\u0022: \u00222.5\u0022, \u0022unit\u0022: \u0022inch\u0022}""}",c4596b0f-473d-4fc3-a9ff-ddd719f94726,0c715d5a-63ae-4042-90af-703435b89d91,Ten Man Wall,Ten Man Wall,"{""rarity_notes"": ""Jason Matz's CCG Checklist""}",gridiron-fantasy-football_gridiron_ten-man-wall
20febb59-9030-46e0-b616-44ea8e5fb5c8,third-party-document,0,0,"{""obverse"": ""gridiron-fantasy-football_gridiron_teradome"", ""reverse"": ""gridiron-fantasy-football_card-back""}","{""name_printed"": ""Teradome"", ""rarity"": ""Rare"", ""item_dimensions"": ""{\u0022height\u0022: \u00223.5\u0022, \u0022width\u0022: \u00222.5\u0022, \u0022unit\u0022: \u0022inch\u0022}""}",c4596b0f-473d-4fc3-a9ff-ddd719f94726,0c715d5a-63ae-4042-90af-703435b89d91,Teradome,Teradome,"{""source_notes"": ""included in Jason Matz's CCG Checklist"", ""rarity_notes"": ""Jason Matz's CCG Checklist""}",gridiron-fantasy-football_gridiron_teradome
e98ae1ba-78c7-4dac-9c3f-2b339cca1c82,item,1,0,"{""obverse"": ""gridiron-fantasy-football_gridiron_test-of-strength"", ""reverse"": ""gridiron-fantasy-football_offensive-action_card-back""}","{""name_printed"": ""Test of Strength"", ""rarity"": ""Common"", ""deck"": ""Offensive Action"", ""type"": ""Challenge"", ""item_dimensions"": ""{\u0022height\u0022: \u00223.5\u0022, \u0022width\u0022: \u00222.5\u0022, \u0022unit\u0022: \u0022inch\u0022}""}",c4596b0f-473d-4fc3-a9ff-ddd719f94726,0c715d5a-63ae-4042-90af-703435b89d91,Test of Strength,Test of Strength,"{""rarity_notes"": ""Jason Matz's CCG Checklist""}",gridiron-fantasy-football_gridiron_test-of-strength
31bbc0f6-075c-47f8-ad0e-2833a90d2882,photo,0,0,"{""obverse"": ""gridiron-fantasy-football_gridiron_the-boot"", ""reverse"": ""gridiron-fantasy-football_offensive-action_card-back""}","{""name_printed"": ""The Boot"", ""rarity"": ""Uncommon"", ""deck"": ""Offensive Action"", ""type"": ""Action"", ""item_dimensions"": ""{\u0022height\u0022: \u00223.5\u0022, \u0022width\u0022: \u00222.5\u0022, \u0022unit\u0022: \u0022inch\u0022}""}",c4596b0f-473d-4fc3-a9ff-ddd719f94726,0c715d5a-63ae-4042-90af-703435b89d91,The Boot,The Boot,"{""rarity_notes"": ""Jason Matz's CCG Checklist""}",gridiron-fantasy-football_gridiron_the-boot
9337c113-cf09-4bff-b2a5-96e6e41d3206,photo,0,0,"{""obverse"": ""gridiron-fantasy-football_gridiron_the-stars-are-right"", ""reverse"": ""gridiron-fantasy-football_offensive-action_card-back""}","{""name_printed"": ""The Stars Are Right"", ""rarity"": ""Rare"", ""deck"": ""Offensive Action"", ""type"": ""Challenge"", ""item_dimensions"": ""{\u0022height\u0022: \u00223.5\u0022, \u0022width\u0022: \u00222.5\u0022, \u0022unit\u0022: \u0022inch\u0022}""}",c4596b0f-473d-4fc3-a9ff-ddd719f94726,0c715d5a-63ae-4042-90af-703435b89d91,The Stars Are Right,The Stars Are Right,"{""rarity_notes"": ""Jason Matz's CCG Checklist""}",gridiron-fantasy-football_gridiron_the-stars-are-right
312beeac-0941-4bf4-9442-e1676b091dde,item,1,0,"{""obverse"": ""gridiron-fantasy-football_gridiron_the-wave"", ""reverse"": ""gridiron-fantasy-football_offensive-action_card-back""}","{""name_printed"": ""The Wave"", ""rarity"": ""Uncommon"", ""deck"": ""Offensive Action"", ""type"": ""Action"", ""item_dimensions"": ""{\u0022height\u0022: \u00223.5\u0022, \u0022width\u0022: \u00222.5\u0022, \u0022unit\u0022: \u0022inch\u0022}""}",c4596b0f-473d-4fc3-a9ff-ddd719f94726,0c715d5a-63ae-4042-90af-703435b89d91,The Wave,The Wave,"{""rarity_notes"": ""Jason Matz's CCG Checklist""}",gridiron-fantasy-football_gridiron_the-wave
2239ee69-cdb3-4e51-9bc8-af4b063ce3f7,item,1,0,"{""obverse"": ""gridiron-fantasy-football_gridiron_the-will-to-win"", ""reverse"": ""gridiron-fantasy-football_offensive-action_card-back""}","{""name_printed"": ""The Will To Win"", ""rarity"": ""Common"", ""deck"": ""Offensive Action"", ""type"": ""Challenge"", ""item_dimensions"": ""{\u0022height\u0022: \u00223.5\u0022, \u0022width\u0022: \u00222.5\u0022, \u0022unit\u0022: \u0022inch\u0022}""}",c4596b0f-473d-4fc3-a9ff-ddd719f94726,0c715d5a-63ae-4042-90af-703435b89d91,The Will To Win,The Will To Win,"{""rarity_notes"": ""Jason Matz's CCG Checklist""}",gridiron-fantasy-football_gridiron_the-will-to-win
0e3d446c-37d7-49ad-b731-f518a2247f26,photo,0,0,"{""obverse"": ""gridiron-fantasy-football_gridiron_they're-everywhere"", ""reverse"": ""gridiron-fantasy-football_defensive-action_card-back""}","{""name_printed"": ""They're Everywhere"", ""rarity"": ""Rare"", ""deck"": ""Defensive Action"", ""type"": ""Action"", ""item_dimensions"": ""{\u0022height\u0022: \u00223.5\u0022, \u0022width\u0022: \u00222.5\u0022, \u0022unit\u0022: \u0022inch\u0022}""}",c4596b0f-473d-4fc3-a9ff-ddd719f94726,0c715d5a-63ae-4042-90af-703435b89d91,They're Everywhere,They're Everywhere,"{""rarity_notes"": ""Jason Matz's CCG Checklist""}",gridiron-fantasy-football_gridiron_they're-everywhere
23d8c562-e1bd-4563-aa63-0cecf2f83303,photo,0,0,"{""obverse"": ""gridiron-fantasy-football_gridiron_third-and-inches"", ""reverse"": ""gridiron-fantasy-football_defensive-action_card-back""}","{""name_printed"": ""Third and Inches"", ""rarity"": ""Uncommon"", ""deck"": ""Defensive Action"", ""type"": ""Action"", ""item_dimensions"": ""{\u0022height\u0022: \u00223.5\u0022, \u0022width\u0022: \u00222.5\u0022, \u0022unit\u0022: \u0022inch\u0022}""}",c4596b0f-473d-4fc3-a9ff-ddd719f94726,0c715d5a-63ae-4042-90af-703435b89d91,Third and Inches,Third and Inches,"{""rarity_notes"": ""Jason Matz's CCG Checklist""}",gridiron-fantasy-football_gridiron_third-and-inches
ab86d959-520b-43fc-9f80-3ff5e27cd437,photo,0,0,"{""obverse"": ""gridiron-fantasy-football_gridiron_thoroughbreds"", ""reverse"": ""gridiron-fantasy-football_team_card-back""}","{""name_printed"": ""Thoroughbreds"", ""rarity"": ""Rare"", ""deck"": ""Team"", ""type"": ""Franchise"", ""item_dimensions"": ""{\u0022height\u0022: \u00223.5\u0022, \u0022width\u0022: \u00222.5\u0022, \u0022unit\u0022: \u0022inch\u0022}""}",c4596b0f-473d-4fc3-a9ff-ddd719f94726,0c715d5a-63ae-4042-90af-703435b89d91,Thoroughbreds,Thoroughbreds,"{""rarity_notes"": ""Jason Matz's CCG Checklist""}",gridiron-fantasy-football_gridiron_thoroughbreds
f1273c08-db33-4791-b345-8aa44b55af95,photo,0,0,"{""obverse"": ""gridiron-fantasy-football_gridiron_three-and-out"", ""reverse"": ""gridiron-fantasy-football_defensive-action_card-back""}","{""name_printed"": ""Three and Out"", ""rarity"": ""Uncommon"", ""deck"": ""Defensive Action"", ""type"": ""Action"", ""item_dimensions"": ""{\u0022height\u0022: \u00223.5\u0022, \u0022width\u0022: \u00222.5\u0022, \u0022unit\u0022: \u0022inch\u0022}""}",c4596b0f-473d-4fc3-a9ff-ddd719f94726,0c715d5a-63ae-4042-90af-703435b89d91,Three and Out,Three and Out,"{""rarity_notes"": ""Jason Matz's CCG Checklist""}",gridiron-fantasy-football_gridiron_three-and-out
391be2f0-fdb3-4911-994c-de6fb7c3d4f8,item,1,0,"{""obverse"": ""gridiron-fantasy-football_gridiron_tight-coverage"", ""reverse"": ""gridiron-fantasy-football_defensive-play_card-back""}","{""name_printed"": ""Tight Coverage"", ""rarity"": ""Rare"", ""deck"": ""Defensive Play"", ""type"": ""Pass"", ""item_dimensions"": ""{\u0022height\u0022: \u00223.5\u0022, \u0022width\u0022: \u00222.5\u0022, \u0022unit\u0022: \u0022inch\u0022}""}",c4596b0f-473d-4fc3-a9ff-ddd719f94726,0c715d5a-63ae-4042-90af-703435b89d91,Tight Coverage,Tight Coverage,"{""rarity_notes"": ""Jason Matz's CCG Checklist""}",gridiron-fantasy-football_gridiron_tight-coverage
96761560-044a-4cc5-b882-3cdba86284a4,item,1,0,"{""obverse"": ""gridiron-fantasy-football_gridiron_tip-your-hand"", ""reverse"": ""gridiron-fantasy-football_defensive-action_card-back""}","{""name_printed"": ""Tip Your Hand"", ""rarity"": ""Common"", ""deck"": ""Defensive Action"", ""type"": ""Challenge"", ""item_dimensions"": ""{\u0022height\u0022: \u00223.5\u0022, \u0022width\u0022: \u00222.5\u0022, \u0022unit\u0022: \u0022inch\u0022}""}",c4596b0f-473d-4fc3-a9ff-ddd719f94726,0c715d5a-63ae-4042-90af-703435b89d91,Tip Your Hand,Tip Your Hand,"{""rarity_notes"": ""Jason Matz's CCG Checklist""}",gridiron-fantasy-football_gridiron_tip-your-hand
e547b1ce-6080-4466-8feb-402f00de1e1d,photo,0,0,"{""obverse"": ""gridiron-fantasy-football_gridiron_tobias-richards---qb"", ""reverse"": ""gridiron-fantasy-football_team_card-back""}","{""name_printed"": ""Tobias Richards - QB"", ""rarity"": ""Rare"", ""deck"": ""Team"", ""type"": ""Star Player"", ""item_dimensions"": ""{\u0022height\u0022: \u00223.5\u0022, \u0022width\u0022: \u00222.5\u0022, \u0022unit\u0022: \u0022inch\u0022}""}",c4596b0f-473d-4fc3-a9ff-ddd719f94726,0c715d5a-63ae-4042-90af-703435b89d91,Tobias Richards - QB,Tobias Richards - QB,"{""rarity_notes"": ""Jason Matz's CCG Checklist""}",gridiron-fantasy-football_gridiron_tobias-richards---qb
30080483-2acc-4c3c-acd4-18c907a50a7e,photo,0,0,"{""obverse"": ""gridiron-fantasy-football_gridiron_topsy-turvey"", ""reverse"": ""gridiron-fantasy-football_offensive-action_card-back""}","{""name_printed"": ""Topsy-Turvey"", ""rarity"": ""Rare"", ""deck"": ""Offensive Action"", ""type"": ""Challenge"", ""item_dimensions"": ""{\u0022height\u0022: \u00223.5\u0022, \u0022width\u0022: \u00222.5\u0022, \u0022unit\u0022: \u0022inch\u0022}""}",c4596b0f-473d-4fc3-a9ff-ddd719f94726,0c715d5a-63ae-4042-90af-703435b89d91,Topsy-Turvey,Topsy-Turvey,"{""rarity_notes"": ""Jason Matz's CCG Checklist""}",gridiron-fantasy-football_gridiron_topsy-turvey
e8c84ee9-13e1-4ca9-9808-a8d83b1580c4,photo,0,0,"{""obverse"": ""gridiron-fantasy-football_gridiron_tough-home-turf"", ""reverse"": ""gridiron-fantasy-football_team_card-back""}","{""name_printed"": ""Tough Home Turf"", ""rarity"": ""Rare"", ""deck"": ""Team"", ""type"": ""Asset"", ""item_dimensions"": ""{\u0022height\u0022: \u00223.5\u0022, \u0022width\u0022: \u00222.5\u0022, \u0022unit\u0022: \u0022inch\u0022}""}",c4596b0f-473d-4fc3-a9ff-ddd719f94726,0c715d5a-63ae-4042-90af-703435b89d91,Tough Home Turf,Tough Home Turf,"{""rarity_notes"": ""Jason Matz's CCG Checklist""}",gridiron-fantasy-football_gridiron_tough-home-turf
4de82281-bda4-4395-aac1-29f7acd87584,photo,0,0,"{""obverse"": ""gridiron-fantasy-football_gridiron_trap"", ""reverse"": ""gridiron-fantasy-football_offensive-play_card-back""}","{""name_printed"": ""Trap"", ""rarity"": ""Uncommon"", ""deck"": ""Offensive Play"", ""type"": ""Run"", ""item_dimensions"": ""{\u0022height\u0022: \u00223.5\u0022, \u0022width\u0022: \u00222.5\u0022, \u0022unit\u0022: \u0022inch\u0022}""}",c4596b0f-473d-4fc3-a9ff-ddd719f94726,0c715d5a-63ae-4042-90af-703435b89d91,Trap,Trap,"{""rarity_notes"": ""Jason Matz's CCG Checklist""}",gridiron-fantasy-football_gridiron_trap
2d073cd3-4273-421f-a276-36a5c639c62a,item,1,0,"{""obverse"": ""gridiron-fantasy-football_gridiron_trash-talking"", ""reverse"": ""gridiron-fantasy-football_offensive-action_card-back""}","{""name_printed"": ""Trash Talking"", ""rarity"": ""Uncommon"", ""deck"": ""Offensive Action"", ""type"": ""Action"", ""item_dimensions"": ""{\u0022height\u0022: \u00223.5\u0022, \u0022width\u0022: \u00222.5\u0022, \u0022unit\u0022: \u0022inch\u0022}""}",c4596b0f-473d-4fc3-a9ff-ddd719f94726,0c715d5a-63ae-4042-90af-703435b89d91,Trash Talking,Trash Talking,"{""rarity_notes"": ""Jason Matz's CCG Checklist""}",gridiron-fantasy-football_gridiron_trash-talking
578e030f-dc59-490f-8fac-3716edc9e794,item,1,0,"{""obverse"": ""gridiron-fantasy-football_gridiron_tripping"", ""reverse"": ""gridiron-fantasy-football_defensive-action_card-back""}","{""name_printed"": ""Tripping"", ""rarity"": ""Common"", ""deck"": ""Defensive Action"", ""type"": ""Challenge"", ""item_dimensions"": ""{\u0022height\u0022: \u00223.5\u0022, \u0022width\u0022: \u00222.5\u0022, \u0022unit\u0022: \u0022inch\u0022}""}",c4596b0f-473d-4fc3-a9ff-ddd719f94726,0c715d5a-63ae-4042-90af-703435b89d91,Tripping,Tripping,"{""rarity_notes"": ""Jason Matz's CCG Checklist""}",gridiron-fantasy-football_gridiron_tripping
5f49852e-1756-45a3-b672-e4ebfe6db992,photo,0,0,"{""obverse"": ""gridiron-fantasy-football_gridiron_twelfth-man"", ""reverse"": ""gridiron-fantasy-football_card-back""}","{""name_printed"": ""Twelfth Man"", ""rarity"": ""Rare"", ""type"": ""Challenge"", ""item_dimensions"": ""{\u0022height\u0022: \u00223.5\u0022, \u0022width\u0022: \u00222.5\u0022, \u0022unit\u0022: \u0022inch\u0022}""}",c4596b0f-473d-4fc3-a9ff-ddd719f94726,0c715d5a-63ae-4042-90af-703435b89d91,Twelfth Man,Twelfth Man,"{""rarity_notes"": ""Jason Matz's CCG Checklist""}",gridiron-fantasy-football_gridiron_twelfth-man
9b9d6cbc-2896-4408-85f3-3043d033d75c,photo,0,0,"{""obverse"": ""gridiron-fantasy-football_gridiron_twist-of-fate"", ""reverse"": ""gridiron-fantasy-football_offensive-action_card-back""}","{""name_printed"": ""Twist of Fate"", ""rarity"": ""Rare"", ""deck"": ""Offensive Action"", ""type"": ""Action"", ""item_dimensions"": ""{\u0022height\u0022: \u00223.5\u0022, \u0022width\u0022: \u00222.5\u0022, \u0022unit\u0022: \u0022inch\u0022}""}",c4596b0f-473d-4fc3-a9ff-ddd719f94726,0c715d5a-63ae-4042-90af-703435b89d91,Twist of Fate,Twist of Fate,"{""rarity_notes"": ""Jason Matz's CCG Checklist""}",gridiron-fantasy-football_gridiron_twist-of-fate
957b6c10-b4b8-4224-86b6-1dca0d3d0d8d,item,1,0,"{""obverse"": ""gridiron-fantasy-football_gridiron_two-tight-ends"", ""reverse"": ""gridiron-fantasy-football_team_card-back""}","{""name_printed"": ""Two Tight Ends"", ""rarity"": ""Common"", ""deck"": ""Team"", ""type"": ""Formation"", ""item_dimensions"": ""{\u0022height\u0022: \u00223.5\u0022, \u0022width\u0022: \u00222.5\u0022, \u0022unit\u0022: \u0022inch\u0022}""}",c4596b0f-473d-4fc3-a9ff-ddd719f94726,0c715d5a-63ae-4042-90af-703435b89d91,Two Tight Ends,Two Tight Ends,"{""rarity_notes"": ""Jason Matz's CCG Checklist""}",gridiron-fantasy-football_gridiron_two-tight-ends
e8ae13e9-909c-4091-a46e-11c4b3caa56f,photo,0,0,"{""obverse"": ""gridiron-fantasy-football_gridiron_ty-richter---lb"", ""reverse"": ""gridiron-fantasy-football_team_card-back""}","{""name_printed"": ""Ty Richter - LB"", ""rarity"": ""Rare"", ""deck"": ""Team"", ""type"": ""Star Player"", ""item_dimensions"": ""{\u0022height\u0022: \u00223.5\u0022, \u0022width\u0022: \u00222.5\u0022, \u0022unit\u0022: \u0022inch\u0022}""}",c4596b0f-473d-4fc3-a9ff-ddd719f94726,0c715d5a-63ae-4042-90af-703435b89d91,Ty Richter - LB,Ty Richter - LB,"{""rarity_notes"": ""Jason Matz's CCG Checklist""}",gridiron-fantasy-football_gridiron_ty-richter---lb
d99f24ff-5182-4153-940b-8cd8da8d4330,photo,0,0,"{""obverse"": ""gridiron-fantasy-football_gridiron_ufo-abduction"", ""reverse"": ""gridiron-fantasy-football_offensive-play_card-back""}","{""name_printed"": ""UFO Abduction"", ""rarity"": ""Ultra Rare"", ""deck"": ""Offensive Play"", ""type"": ""Run"", ""item_dimensions"": ""{\u0022height\u0022: \u00223.5\u0022, \u0022width\u0022: \u00222.5\u0022, \u0022unit\u0022: \u0022inch\u0022}""}",c4596b0f-473d-4fc3-a9ff-ddd719f94726,0c715d5a-63ae-4042-90af-703435b89d91,UFO Abduction,UFO Abduction,"{""rarity_notes"": ""Jason Matz's CCG Checklist""}",gridiron-fantasy-football_gridiron_ufo-abduction
3b90afe5-30bd-498c-8a80-8ece082a001f,photo,0,0,"{""obverse"": ""gridiron-fantasy-football_gridiron_unshakable"", ""reverse"": ""gridiron-fantasy-football_team_card-back""}","{""name_printed"": ""Unshakable"", ""rarity"": ""Ultra Rare"", ""deck"": ""Team"", ""type"": ""Tradition"", ""item_dimensions"": ""{\u0022height\u0022: \u00223.5\u0022, \u0022width\u0022: \u00222.5\u0022, \u0022unit\u0022: \u0022inch\u0022}""}",c4596b0f-473d-4fc3-a9ff-ddd719f94726,0c715d5a-63ae-4042-90af-703435b89d91,Unshakable,Unshakable,"{""rarity_notes"": ""Jason Matz's CCG Checklist""}",gridiron-fantasy-football_gridiron_unshakable
94d333e9-ffc5-4af0-a5d9-325c5fb4f24f,item,1,0,"{""obverse"": ""gridiron-fantasy-football_gridiron_unstoppable"", ""reverse"": ""gridiron-fantasy-football_offensive-action_card-back""}","{""name_printed"": ""Unstoppable"", ""rarity"": ""Rare"", ""deck"": ""Offensive Action"", ""type"": ""Challenge"", ""item_dimensions"": ""{\u0022height\u0022: \u00223.5\u0022, \u0022width\u0022: \u00222.5\u0022, \u0022unit\u0022: \u0022inch\u0022}""}",c4596b0f-473d-4fc3-a9ff-ddd719f94726,0c715d5a-63ae-4042-90af-703435b89d91,Unstoppable,Unstoppable,"{""rarity_notes"": ""Jason Matz's CCG Checklist""}",gridiron-fantasy-football_gridiron_unstoppable
5d9dd0ff-d300-4cca-bc53-90f2a8a2d403,photo,0,0,"{""obverse"": ""gridiron-fantasy-football_gridiron_using-the-options"", ""reverse"": ""gridiron-fantasy-football_team_card-back""}","{""name_printed"": ""Using the Options"", ""rarity"": ""Rare"", ""deck"": ""Team"", ""type"": ""Tradition"", ""item_dimensions"": ""{\u0022height\u0022: \u00223.5\u0022, \u0022width\u0022: \u00222.5\u0022, \u0022unit\u0022: \u0022inch\u0022}""}",c4596b0f-473d-4fc3-a9ff-ddd719f94726,0c715d5a-63ae-4042-90af-703435b89d91,Using the Options,Using the Options,"{""rarity_notes"": ""Jason Matz's CCG Checklist""}",gridiron-fantasy-football_gridiron_using-the-options
4f6bc32c-aaaa-4691-b924-3dc6879413a1,photo,0,0,"{""obverse"": ""gridiron-fantasy-football_gridiron_vigilante-fans"", ""reverse"": ""gridiron-fantasy-football_offensive-action_card-back""}","{""name_printed"": ""Vigilante Fans"", ""rarity"": ""Rare"", ""deck"": ""Offensive Action"", ""type"": ""Challenge"", ""item_dimensions"": ""{\u0022height\u0022: \u00223.5\u0022, \u0022width\u0022: \u00222.5\u0022, \u0022unit\u0022: \u0022inch\u0022}""}",c4596b0f-473d-4fc3-a9ff-ddd719f94726,0c715d5a-63ae-4042-90af-703435b89d91,Vigilante Fans,Vigilante Fans,"{""rarity_notes"": ""Jason Matz's CCG Checklist""}",gridiron-fantasy-football_gridiron_vigilante-fans
4ca30041-d335-4b37-929a-3f3282e4f630,photo,0,0,"{""obverse"": ""gridiron-fantasy-football_gridiron_volleyball-pass"", ""reverse"": ""gridiron-fantasy-football_offensive-play_card-back""}","{""name_printed"": ""Volleyball Pass"", ""rarity"": ""Uncommon"", ""deck"": ""Offensive Play"", ""type"": ""Pass"", ""item_dimensions"": ""{\u0022height\u0022: \u00223.5\u0022, \u0022width\u0022: \u00222.5\u0022, \u0022unit\u0022: \u0022inch\u0022}""}",c4596b0f-473d-4fc3-a9ff-ddd719f94726,0c715d5a-63ae-4042-90af-703435b89d91,Volleyball Pass,Volleyball Pass,"{""rarity_notes"": ""Jason Matz's CCG Checklist""}",gridiron-fantasy-football_gridiron_volleyball-pass
e9ceea64-4408-4345-b12b-02a5476816bd,photo,0,0,"{""obverse"": ""gridiron-fantasy-football_gridiron_vow-of-celibacy"", ""reverse"": ""gridiron-fantasy-football_team_card-back""}","{""name_printed"": ""Vow of Celibacy"", ""rarity"": ""Ultra Rare"", ""deck"": ""Team"", ""type"": ""Tradition"", ""item_dimensions"": ""{\u0022height\u0022: \u00223.5\u0022, \u0022width\u0022: \u00222.5\u0022, \u0022unit\u0022: \u0022inch\u0022}""}",c4596b0f-473d-4fc3-a9ff-ddd719f94726,0c715d5a-63ae-4042-90af-703435b89d91,Vow of Celibacy,Vow of Celibacy,"{""rarity_notes"": ""Jason Matz's CCG Checklist""}",gridiron-fantasy-football_gridiron_vow-of-celibacy
ed6633af-ccfd-4f73-981f-9b3ff3a57fa6,photo,0,0,"{""obverse"": ""gridiron-fantasy-football_gridiron_wall-of-stone"", ""reverse"": ""gridiron-fantasy-football_team_card-back""}","{""name_printed"": ""Wall of Stone"", ""rarity"": ""Uncommon"", ""deck"": ""Team"", ""type"": ""Tradition"", ""item_dimensions"": ""{\u0022height\u0022: \u00223.5\u0022, \u0022width\u0022: \u00222.5\u0022, \u0022unit\u0022: \u0022inch\u0022}""}",c4596b0f-473d-4fc3-a9ff-ddd719f94726,0c715d5a-63ae-4042-90af-703435b89d91,Wall of Stone,Wall of Stone,"{""rarity_notes"": ""Jason Matz's CCG Checklist""}",gridiron-fantasy-football_gridiron_wall-of-stone
fb07a9e8-695e-4ec8-989d-6e096c5aef36,photo,0,0,"{""obverse"": ""gridiron-fantasy-football_gridiron_war-of-attrition"", ""reverse"": ""gridiron-fantasy-football_defensive-action_card-back""}","{""name_printed"": ""War of Attrition"", ""rarity"": ""Rare"", ""deck"": ""Defensive Action"", ""type"": ""Challenge"", ""item_dimensions"": ""{\u0022height\u0022: \u00223.5\u0022, \u0022width\u0022: \u00222.5\u0022, \u0022unit\u0022: \u0022inch\u0022}""}",c4596b0f-473d-4fc3-a9ff-ddd719f94726,0c715d5a-63ae-4042-90af-703435b89d91,War of Attrition,War of Attrition,"{""rarity_notes"": ""Jason Matz's CCG Checklist""}",gridiron-fantasy-football_gridiron_war-of-attrition
944b402c-4db6-4f08-bdde-d3d44947b39a,item,1,0,"{""obverse"": ""gridiron-fantasy-football_gridiron_wear-them-out"", ""reverse"": ""gridiron-fantasy-football_defensive-action_card-back""}","{""name_printed"": ""Wear Them Out"", ""rarity"": ""Common"", ""deck"": ""Defensive Action"", ""type"": ""Challenge"", ""item_dimensions"": ""{\u0022height\u0022: \u00223.5\u0022, \u0022width\u0022: \u00222.5\u0022, \u0022unit\u0022: \u0022inch\u0022}""}",c4596b0f-473d-4fc3-a9ff-ddd719f94726,0c715d5a-63ae-4042-90af-703435b89d91,Wear Them Out,Wear Them Out,"{""rarity_notes"": ""Jason Matz's CCG Checklist""}",gridiron-fantasy-football_gridiron_wear-them-out
150256c7-991e-4e85-a6c9-092b2444073a,item,1,0,"{""obverse"": ""gridiron-fantasy-football_gridiron_well-drilled-team"", ""reverse"": ""gridiron-fantasy-football_offensive-action_card-back""}","{""name_printed"": ""Well-Drilled Team"", ""rarity"": ""Rare"", ""deck"": ""Offensive Action"", ""type"": ""Action"", ""item_dimensions"": ""{\u0022height\u0022: \u00223.5\u0022, \u0022width\u0022: \u00222.5\u0022, \u0022unit\u0022: \u0022inch\u0022}""}",c4596b0f-473d-4fc3-a9ff-ddd719f94726,0c715d5a-63ae-4042-90af-703435b89d91,Well-Drilled Team,Well-Drilled Team,"{""rarity_notes"": ""Jason Matz's CCG Checklist""}",gridiron-fantasy-football_gridiron_well-drilled-team
049fdcd8-db95-447c-9b2c-859c8622eeb1,photo,0,0,"{""obverse"": ""gridiron-fantasy-football_gridiron_where'd-he-go-"", ""reverse"": ""gridiron-fantasy-football_offensive-action_card-back""}","{""name_printed"": ""Where'd He Go?"", ""rarity"": ""Rare"", ""deck"": ""Offensive Action"", ""type"": ""Challenge"", ""item_dimensions"": ""{\u0022height\u0022: \u00223.5\u0022, \u0022width\u0022: \u00222.5\u0022, \u0022unit\u0022: \u0022inch\u0022}""}",c4596b0f-473d-4fc3-a9ff-ddd719f94726,0c715d5a-63ae-4042-90af-703435b89d91,Where'd He Go?,Where'd He Go?,"{""rarity_notes"": ""Jason Matz's CCG Checklist""}",gridiron-fantasy-football_gridiron_where'd-he-go-
69c7da29-2da2-4007-80b1-4fc9b1b8a795,item,1,0,"{""obverse"": ""gridiron-fantasy-football_gridiron_wind-at-your-back"", ""reverse"": ""gridiron-fantasy-football_offensive-action_card-back""}","{""name_printed"": ""Wind At Your Back"", ""rarity"": ""Rare"", ""deck"": ""Offensive Action"", ""type"": ""Challenge"", ""item_dimensions"": ""{\u0022height\u0022: \u00223.5\u0022, \u0022width\u0022: \u00222.5\u0022, \u0022unit\u0022: \u0022inch\u0022}""}",c4596b0f-473d-4fc3-a9ff-ddd719f94726,0c715d5a-63ae-4042-90af-703435b89d91,Wind At Your Back,Wind At Your Back,"{""rarity_notes"": ""Jason Matz's CCG Checklist""}",gridiron-fantasy-football_gridiron_wind-at-your-back
3b6f1c4f-e3dc-4e7e-9e59-ebec2dbaa923,photo,0,0,"{""obverse"": ""gridiron-fantasy-football_gridiron_winds-of-change"", ""reverse"": ""gridiron-fantasy-football_card-back""}","{""name_printed"": ""Winds of Change"", ""rarity"": ""Rare"", ""type"": ""Action"", ""item_dimensions"": ""{\u0022height\u0022: \u00223.5\u0022, \u0022width\u0022: \u00222.5\u0022, \u0022unit\u0022: \u0022inch\u0022}""}",c4596b0f-473d-4fc3-a9ff-ddd719f94726,0c715d5a-63ae-4042-90af-703435b89d91,Winds of Change,Winds of Change,"{""rarity_notes"": ""Jason Matz's CCG Checklist""}",gridiron-fantasy-football_gridiron_winds-of-change
d5265bc3-4509-4b95-a9f7-9bade51b1e83,third-party-document,0,0,"{""obverse"": ""gridiron-fantasy-football_gridiron_wrong-way"", ""reverse"": ""gridiron-fantasy-football_card-back""}","{""name_printed"": ""Wrong Way"", ""rarity"": ""Ultra Rare"", ""item_dimensions"": ""{\u0022height\u0022: \u00223.5\u0022, \u0022width\u0022: \u00222.5\u0022, \u0022unit\u0022: \u0022inch\u0022}""}",c4596b0f-473d-4fc3-a9ff-ddd719f94726,0c715d5a-63ae-4042-90af-703435b89d91,Wrong Way,Wrong Way,"{""source_notes"": ""included in Jason Matz's CCG Checklist"", ""rarity_notes"": ""Jason Matz's CCG Checklist""}",gridiron-fantasy-football_gridiron_wrong-way
65db9d78-f60b-4763-87a0-06b06b1f20d4,item,1,0,"{""obverse"": ""gridiron-fantasy-football_gridiron_you-can-run-but-you-can't-hide"", ""reverse"": ""gridiron-fantasy-football_defensive-action_card-back""}","{""name_printed"": ""You Can Run But You Can't Hide"", ""rarity"": ""Common"", ""deck"": ""Defensive Action"", ""type"": ""Challenge"", ""item_dimensions"": ""{\u0022height\u0022: \u00223.5\u0022, \u0022width\u0022: \u00222.5\u0022, \u0022unit\u0022: \u0022inch\u0022}""}",c4596b0f-473d-4fc3-a9ff-ddd719f94726,0c715d5a-63ae-4042-90af-703435b89d91,You Can Run But You Can't Hide,You Can Run But You Can't Hide,"{""rarity_notes"": ""Jason Matz's CCG Checklist""}",gridiron-fantasy-football_gridiron_you-can-run-but-you-can't-hide
6ccb3892-39e4-4e61-b19c-e1f218e8e1d6,item,1,0,"{""obverse"": ""gridiron-fantasy-football_gridiron_zone-defense"", ""reverse"": ""gridiron-fantasy-football_team_card-back""}","{""name_printed"": ""Zone Defense"", ""rarity"": ""Common"", ""deck"": ""Team"", ""type"": ""Formation"", ""item_dimensions"": ""{\u0022height\u0022: \u00223.5\u0022, \u0022width\u0022: \u00222.5\u0022, \u0022unit\u0022: \u0022inch\u0022}""}",c4596b0f-473d-4fc3-a9ff-ddd719f94726,0c715d5a-63ae-4042-90af-703435b89d91,Zone Defense,Zone Defense,"{""rarity_notes"": ""Jason Matz's CCG Checklist""}",gridiron-fantasy-football_gridiron_zone-defense