id,source,imaged,documented,images,attributes,game_id,set_id,functional_name,item_name,source_notes,game_set_item_slug
da288589-b8c8-4396-879b-1eb3f8615260,item,1,0,"{""obverse"": ""echelons-of-fury_1st-edition_air-dropped-supplies"", ""reverse"": ""echelons-of-fury_card-back""}","{""name_printed"": ""Air-Dropped Supplies"", ""rarity"": ""VR"", ""subtitle"": ""Supplies"", ""item_dimensions"": ""{\u0022height\u0022: \u00223.5\u0022, \u0022width\u0022: \u00222.5\u0022, \u0022unit\u0022: \u0022inch\u0022}""}",22a59c90-e273-4dc5-95d2-307565d2a252,b2db97ed-487f-4ffd-9b62-e19ee7c15f49,Air-Dropped Supplies,Air-Dropped Supplies,{},echelons-of-fury_1st-edition_air-dropped-supplies
5810aa40-e5f8-4637-8dfc-f1b844d96edf,item,1,0,"{""obverse"": ""echelons-of-fury_1st-edition_ambush"", ""reverse"": ""echelons-of-fury_card-back""}","{""name_printed"": ""Ambush"", ""rarity"": ""R"", ""subtitle"": ""Tactical Maneuver"", ""item_dimensions"": ""{\u0022height\u0022: \u00223.5\u0022, \u0022width\u0022: \u00222.5\u0022, \u0022unit\u0022: \u0022inch\u0022}""}",22a59c90-e273-4dc5-95d2-307565d2a252,b2db97ed-487f-4ffd-9b62-e19ee7c15f49,Ambush,Ambush,{},echelons-of-fury_1st-edition_ambush
3f8350e8-770d-427b-b3ce-e976c9061b63,item,1,0,"{""obverse"": ""echelons-of-fury_1st-edition_anti-personnel-mines"", ""reverse"": ""echelons-of-fury_card-back""}","{""name_printed"": ""Anti-Personnel Mines"", ""rarity"": ""R"", ""subtitle"": ""Anti-Personnel Minefield"", ""item_dimensions"": ""{\u0022height\u0022: \u00223.5\u0022, \u0022width\u0022: \u00222.5\u0022, \u0022unit\u0022: \u0022inch\u0022}""}",22a59c90-e273-4dc5-95d2-307565d2a252,b2db97ed-487f-4ffd-9b62-e19ee7c15f49,Anti-Personnel Mines,Anti-Personnel Mines,{},echelons-of-fury_1st-edition_anti-personnel-mines
0171d6cf-eb0a-4d8a-af52-4e9d87db781a,item,1,0,"{""obverse"": ""echelons-of-fury_1st-edition_anti-tank-mines"", ""reverse"": ""echelons-of-fury_card-back""}","{""name_printed"": ""Anti-Tank Mines"", ""rarity"": ""R"", ""subtitle"": ""Anti-Tank Minefield"", ""item_dimensions"": ""{\u0022height\u0022: \u00223.5\u0022, \u0022width\u0022: \u00222.5\u0022, \u0022unit\u0022: \u0022inch\u0022}""}",22a59c90-e273-4dc5-95d2-307565d2a252,b2db97ed-487f-4ffd-9b62-e19ee7c15f49,Anti-Tank Mines,Anti-Tank Mines,{},echelons-of-fury_1st-edition_anti-tank-mines
990f2c41-a237-4798-849f-b997da63b2d2,item,1,0,"{""obverse"": ""echelons-of-fury_1st-edition_artillery-strike-(1-medium-mortar)"", ""reverse"": ""echelons-of-fury_card-back""}","{""name_printed"": ""Artillery Strike"", ""functional_disambiguator"": ""1 Medium Mortar"", ""rarity"": ""R"", ""subtitle"": ""1 Medium Mortar"", ""item_dimensions"": ""{\u0022height\u0022: \u00223.5\u0022, \u0022width\u0022: \u00222.5\u0022, \u0022unit\u0022: \u0022inch\u0022}""}",22a59c90-e273-4dc5-95d2-307565d2a252,b2db97ed-487f-4ffd-9b62-e19ee7c15f49,Artillery Strike (1 Medium Mortar),Artillery Strike (1 Medium Mortar),{},echelons-of-fury_1st-edition_artillery-strike-(1-medium-mortar)
c80f80ed-c64a-4940-9e55-1999bac239ac,item,1,0,"{""obverse"": ""echelons-of-fury_1st-edition_bridge-(stone)"", ""reverse"": ""echelons-of-fury_card-back""}","{""name_printed"": ""Bridge"", ""functional_disambiguator"": ""Stone"", ""rarity"": ""U"", ""item_dimensions"": ""{\u0022height\u0022: \u00223.5\u0022, \u0022width\u0022: \u00222.5\u0022, \u0022unit\u0022: \u0022inch\u0022}""}",22a59c90-e273-4dc5-95d2-307565d2a252,b2db97ed-487f-4ffd-9b62-e19ee7c15f49,Bridge (Stone),Bridge (Stone),{},echelons-of-fury_1st-edition_bridge-(stone)
09ca5958-4ef4-4854-ab4f-76285145b09b,item,1,0,"{""obverse"": ""echelons-of-fury_1st-edition_bridge-(wood)"", ""reverse"": ""echelons-of-fury_card-back""}","{""name_printed"": ""Bridge"", ""functional_disambiguator"": ""Wood"", ""rarity"": ""U"", ""item_dimensions"": ""{\u0022height\u0022: \u00223.5\u0022, \u0022width\u0022: \u00222.5\u0022, \u0022unit\u0022: \u0022inch\u0022}""}",22a59c90-e273-4dc5-95d2-307565d2a252,b2db97ed-487f-4ffd-9b62-e19ee7c15f49,Bridge (Wood),Bridge (Wood),{},echelons-of-fury_1st-edition_bridge-(wood)
37530877-d344-45e3-8774-887b03e855e0,item,1,0,"{""obverse"": ""echelons-of-fury_1st-edition_city-[blue-sky]"", ""reverse"": ""echelons-of-fury_card-back""}","{""name_printed"": ""City"", ""variant_disambiguator"": ""Blue Sky"", ""rarity"": ""U"", ""item_dimensions"": ""{\u0022height\u0022: \u00223.5\u0022, \u0022width\u0022: \u00222.5\u0022, \u0022unit\u0022: \u0022inch\u0022}""}",22a59c90-e273-4dc5-95d2-307565d2a252,b2db97ed-487f-4ffd-9b62-e19ee7c15f49,City,City [Blue Sky],{},echelons-of-fury_1st-edition_city-[blue-sky]
46c91b9c-d464-4fab-9f22-cf2fdd6cc732,item,1,0,"{""obverse"": ""echelons-of-fury_1st-edition_city-[no-sky,-close-shot]"", ""reverse"": ""echelons-of-fury_card-back""}","{""name_printed"": ""City"", ""variant_disambiguator"": ""No Sky, Close Shot"", ""rarity"": ""U"", ""item_dimensions"": ""{\u0022height\u0022: \u00223.5\u0022, \u0022width\u0022: \u00222.5\u0022, \u0022unit\u0022: \u0022inch\u0022}""}",22a59c90-e273-4dc5-95d2-307565d2a252,b2db97ed-487f-4ffd-9b62-e19ee7c15f49,City,"City [No Sky, Close Shot]",{},"echelons-of-fury_1st-edition_city-[no-sky,-close-shot]"
288f0ef5-969e-4891-84f6-5db994ee933c,item,1,0,"{""obverse"": ""echelons-of-fury_1st-edition_city-[no-sky,-far-shot]"", ""reverse"": ""echelons-of-fury_card-back""}","{""name_printed"": ""City"", ""variant_disambiguator"": ""No Sky, Far Shot"", ""rarity"": ""U"", ""item_dimensions"": ""{\u0022height\u0022: \u00223.5\u0022, \u0022width\u0022: \u00222.5\u0022, \u0022unit\u0022: \u0022inch\u0022}""}",22a59c90-e273-4dc5-95d2-307565d2a252,b2db97ed-487f-4ffd-9b62-e19ee7c15f49,City,"City [No Sky, Far Shot]",{},"echelons-of-fury_1st-edition_city-[no-sky,-far-shot]"
382680e5-ba4a-452d-8142-ae5e5f615fb1,item,1,0,"{""obverse"": ""echelons-of-fury_1st-edition_city-[sunset]"", ""reverse"": ""echelons-of-fury_card-back""}","{""name_printed"": ""City"", ""variant_disambiguator"": ""Sunset"", ""rarity"": ""U"", ""item_dimensions"": ""{\u0022height\u0022: \u00223.5\u0022, \u0022width\u0022: \u00222.5\u0022, \u0022unit\u0022: \u0022inch\u0022}""}",22a59c90-e273-4dc5-95d2-307565d2a252,b2db97ed-487f-4ffd-9b62-e19ee7c15f49,City,City [Sunset],{},echelons-of-fury_1st-edition_city-[sunset]
3587381c-f1dd-4e4d-a922-c8b277556eb2,item,1,0,"{""obverse"": ""echelons-of-fury_1st-edition_clear-skies"", ""reverse"": ""echelons-of-fury_card-back""}","{""name_printed"": ""Clear Skies"", ""rarity"": ""VR"", ""subtitle"": ""Weather"", ""item_dimensions"": ""{\u0022height\u0022: \u00223.5\u0022, \u0022width\u0022: \u00222.5\u0022, \u0022unit\u0022: \u0022inch\u0022}""}",22a59c90-e273-4dc5-95d2-307565d2a252,b2db97ed-487f-4ffd-9b62-e19ee7c15f49,Clear Skies,Clear Skies,{},echelons-of-fury_1st-edition_clear-skies
dca57bc1-df33-46ec-9808-4ed7b4bd1a69,item,1,0,"{""obverse"": ""echelons-of-fury_1st-edition_delaying-action"", ""reverse"": ""echelons-of-fury_card-back""}","{""name_printed"": ""Delaying Action"", ""rarity"": ""R"", ""subtitle"": ""Tactical Maneuver"", ""item_dimensions"": ""{\u0022height\u0022: \u00223.5\u0022, \u0022width\u0022: \u00222.5\u0022, \u0022unit\u0022: \u0022inch\u0022}""}",22a59c90-e273-4dc5-95d2-307565d2a252,b2db97ed-487f-4ffd-9b62-e19ee7c15f49,Delaying Action,Delaying Action,{},echelons-of-fury_1st-edition_delaying-action
a84cb454-919e-4a7d-8e9f-b63eed6a4223,item,1,0,"{""obverse"": ""echelons-of-fury_1st-edition_dense-fog"", ""reverse"": ""echelons-of-fury_card-back""}","{""name_printed"": ""Dense Fog"", ""rarity"": ""R"", ""subtitle"": ""Weather"", ""item_dimensions"": ""{\u0022height\u0022: \u00223.5\u0022, \u0022width\u0022: \u00222.5\u0022, \u0022unit\u0022: \u0022inch\u0022}""}",22a59c90-e273-4dc5-95d2-307565d2a252,b2db97ed-487f-4ffd-9b62-e19ee7c15f49,Dense Fog,Dense Fog,{},echelons-of-fury_1st-edition_dense-fog
509d7441-8554-40bd-81c5-c26901908122,item,1,0,"{""obverse"": ""echelons-of-fury_1st-edition_foxhole"", ""reverse"": ""echelons-of-fury_card-back""}","{""name_printed"": ""Foxhole"", ""rarity"": ""R"", ""subtitle"": ""Emplacement"", ""item_dimensions"": ""{\u0022height\u0022: \u00223.5\u0022, \u0022width\u0022: \u00222.5\u0022, \u0022unit\u0022: \u0022inch\u0022}""}",22a59c90-e273-4dc5-95d2-307565d2a252,b2db97ed-487f-4ffd-9b62-e19ee7c15f49,Foxhole,Foxhole,{},echelons-of-fury_1st-edition_foxhole
fcf0b435-df60-4b47-979b-4fc1a980112a,item,1,0,"{""obverse"": ""echelons-of-fury_1st-edition_foxholes"", ""reverse"": ""echelons-of-fury_card-back""}","{""name_printed"": ""Foxholes"", ""rarity"": ""VR"", ""subtitle"": ""Emplacement"", ""item_dimensions"": ""{\u0022height\u0022: \u00223.5\u0022, \u0022width\u0022: \u00222.5\u0022, \u0022unit\u0022: \u0022inch\u0022}""}",22a59c90-e273-4dc5-95d2-307565d2a252,b2db97ed-487f-4ffd-9b62-e19ee7c15f49,Foxholes,Foxholes,{},echelons-of-fury_1st-edition_foxholes
47e1033b-451a-4a80-bdb2-0af362777ff9,item,1,0,"{""obverse"": ""echelons-of-fury_1st-edition_french-squad-(partisans)"", ""reverse"": ""echelons-of-fury_card-back""}","{""name_printed"": ""French Squad"", ""functional_disambiguator"": ""Partisans"", ""rarity"": ""VR"", ""subtitle"": ""Partisans"", ""item_dimensions"": ""{\u0022height\u0022: \u00223.5\u0022, \u0022width\u0022: \u00222.5\u0022, \u0022unit\u0022: \u0022inch\u0022}""}",22a59c90-e273-4dc5-95d2-307565d2a252,b2db97ed-487f-4ffd-9b62-e19ee7c15f49,French Squad (Partisans),French Squad (Partisans),{},echelons-of-fury_1st-edition_french-squad-(partisans)
5d183a99-61d5-41eb-b404-7da7a3726e5d,item,1,0,"{""obverse"": ""echelons-of-fury_1st-edition_german-88mm-gun"", ""reverse"": ""echelons-of-fury_card-back""}","{""name_printed"": ""German 88mm Gun"", ""rarity"": ""VR"", ""subtitle"": ""Anti-Tank Gun"", ""item_dimensions"": ""{\u0022height\u0022: \u00223.5\u0022, \u0022width\u0022: \u00222.5\u0022, \u0022unit\u0022: \u0022inch\u0022}""}",22a59c90-e273-4dc5-95d2-307565d2a252,b2db97ed-487f-4ffd-9b62-e19ee7c15f49,German 88mm Gun,German 88mm Gun,{},echelons-of-fury_1st-edition_german-88mm-gun
ccbba35c-2c0b-4df4-a7d2-0e865f95537a,item,1,0,"{""obverse"": ""echelons-of-fury_1st-edition_german-hetzer"", ""reverse"": ""echelons-of-fury_card-back""}","{""name_printed"": ""German Hetzer"", ""rarity"": ""VR"", ""subtitle"": ""Tank Destroyer"", ""item_dimensions"": ""{\u0022height\u0022: \u00223.5\u0022, \u0022width\u0022: \u00222.5\u0022, \u0022unit\u0022: \u0022inch\u0022}""}",22a59c90-e273-4dc5-95d2-307565d2a252,b2db97ed-487f-4ffd-9b62-e19ee7c15f49,German Hetzer,German Hetzer,{},echelons-of-fury_1st-edition_german-hetzer
df883db1-c2af-4720-a741-b4e31652731c,item,1,0,"{""obverse"": ""echelons-of-fury_1st-edition_german-ju-87-stuka"", ""reverse"": ""echelons-of-fury_card-back""}","{""name_printed"": ""German Ju-87 Stuka"", ""rarity"": ""VR"", ""subtitle"": ""Aircraft"", ""item_dimensions"": ""{\u0022height\u0022: \u00223.5\u0022, \u0022width\u0022: \u00222.5\u0022, \u0022unit\u0022: \u0022inch\u0022}""}",22a59c90-e273-4dc5-95d2-307565d2a252,b2db97ed-487f-4ffd-9b62-e19ee7c15f49,German Ju-87 Stuka,German Ju-87 Stuka,{},echelons-of-fury_1st-edition_german-ju-87-stuka
1c376f4f-a2d1-4449-8eba-9db9e68998ae,item,1,0,"{""obverse"": ""echelons-of-fury_1st-edition_german-lieutenant"", ""reverse"": ""echelons-of-fury_card-back""}","{""name_printed"": ""German Lieutenant"", ""rarity"": ""C"", ""subtitle"": ""Platoon Leader"", ""item_dimensions"": ""{\u0022height\u0022: \u00223.5\u0022, \u0022width\u0022: \u00222.5\u0022, \u0022unit\u0022: \u0022inch\u0022}""}",22a59c90-e273-4dc5-95d2-307565d2a252,b2db97ed-487f-4ffd-9b62-e19ee7c15f49,German Lieutenant,German Lieutenant,{},echelons-of-fury_1st-edition_german-lieutenant
5fb6fb34-b2e3-47dd-8f6d-2d790d248a19,item,1,0,"{""obverse"": ""echelons-of-fury_1st-edition_german-me-109"", ""reverse"": ""echelons-of-fury_card-back""}","{""name_printed"": ""German Me-109"", ""rarity"": ""VR"", ""subtitle"": ""Aircraft"", ""item_dimensions"": ""{\u0022height\u0022: \u00223.5\u0022, \u0022width\u0022: \u00222.5\u0022, \u0022unit\u0022: \u0022inch\u0022}""}",22a59c90-e273-4dc5-95d2-307565d2a252,b2db97ed-487f-4ffd-9b62-e19ee7c15f49,German Me-109,German Me-109,{},echelons-of-fury_1st-edition_german-me-109
e5c5db7d-6c38-4142-a718-3fc4f422aeb7,item,1,0,"{""obverse"": ""echelons-of-fury_1st-edition_german-mg-34"", ""reverse"": ""echelons-of-fury_card-back""}","{""name_printed"": ""German MG-34"", ""rarity"": ""R"", ""subtitle"": ""Light Machine Gun"", ""item_dimensions"": ""{\u0022height\u0022: \u00223.5\u0022, \u0022width\u0022: \u00222.5\u0022, \u0022unit\u0022: \u0022inch\u0022}""}",22a59c90-e273-4dc5-95d2-307565d2a252,b2db97ed-487f-4ffd-9b62-e19ee7c15f49,German MG-34,German MG-34,{},echelons-of-fury_1st-edition_german-mg-34
af9dded2-db29-4be6-a50f-9e3c388d3e88,item,1,0,"{""obverse"": ""echelons-of-fury_1st-edition_german-mg-42"", ""reverse"": ""echelons-of-fury_card-back""}","{""name_printed"": ""German MG-42"", ""rarity"": ""U"", ""subtitle"": ""Light Machine Gun"", ""item_dimensions"": ""{\u0022height\u0022: \u00223.5\u0022, \u0022width\u0022: \u00222.5\u0022, \u0022unit\u0022: \u0022inch\u0022}""}",22a59c90-e273-4dc5-95d2-307565d2a252,b2db97ed-487f-4ffd-9b62-e19ee7c15f49,German MG-42,German MG-42,{},echelons-of-fury_1st-edition_german-mg-42
18efde90-2f51-4c24-90a2-704e2b633b60,item,1,0,"{""obverse"": ""echelons-of-fury_1st-edition_german-panzerfaust"", ""reverse"": ""echelons-of-fury_card-back""}","{""name_printed"": ""German Panzerfaust"", ""rarity"": ""U"", ""subtitle"": ""Grenade Launcher"", ""item_dimensions"": ""{\u0022height\u0022: \u00223.5\u0022, \u0022width\u0022: \u00222.5\u0022, \u0022unit\u0022: \u0022inch\u0022}""}",22a59c90-e273-4dc5-95d2-307565d2a252,b2db97ed-487f-4ffd-9b62-e19ee7c15f49,German Panzerfaust,German Panzerfaust,{},echelons-of-fury_1st-edition_german-panzerfaust
fbe519d1-cb11-46c4-ae7a-15d295f8da35,item,1,0,"{""obverse"": ""echelons-of-fury_1st-edition_german-pz-iii"", ""reverse"": ""echelons-of-fury_card-back""}","{""name_printed"": ""German Pz-III"", ""rarity"": ""VR"", ""subtitle"": ""Medium Tank"", ""item_dimensions"": ""{\u0022height\u0022: \u00223.5\u0022, \u0022width\u0022: \u00222.5\u0022, \u0022unit\u0022: \u0022inch\u0022}""}",22a59c90-e273-4dc5-95d2-307565d2a252,b2db97ed-487f-4ffd-9b62-e19ee7c15f49,German Pz-III,German Pz-III,{},echelons-of-fury_1st-edition_german-pz-iii
5b50e5d9-cb5e-4a03-a124-30115abb8ce8,item,1,0,"{""obverse"": ""echelons-of-fury_1st-edition_german-sdk-251"", ""reverse"": ""echelons-of-fury_card-back""}","{""name_printed"": ""German Sdk-251"", ""rarity"": ""R"", ""subtitle"": ""Infantry Transport"", ""item_dimensions"": ""{\u0022height\u0022: \u00223.5\u0022, \u0022width\u0022: \u00222.5\u0022, \u0022unit\u0022: \u0022inch\u0022}""}",22a59c90-e273-4dc5-95d2-307565d2a252,b2db97ed-487f-4ffd-9b62-e19ee7c15f49,German Sdk-251,German Sdk-251,{},echelons-of-fury_1st-edition_german-sdk-251
8f75523a-6758-40f3-945d-e477d18f521e,item,1,0,"{""obverse"": ""echelons-of-fury_1st-edition_german-squad-(engineers)"", ""reverse"": ""echelons-of-fury_card-back""}","{""name_printed"": ""German Squad"", ""functional_disambiguator"": ""Engineers"", ""rarity"": ""R"", ""subtitle"": ""Engineers"", ""item_dimensions"": ""{\u0022height\u0022: \u00223.5\u0022, \u0022width\u0022: \u00222.5\u0022, \u0022unit\u0022: \u0022inch\u0022}""}",22a59c90-e273-4dc5-95d2-307565d2a252,b2db97ed-487f-4ffd-9b62-e19ee7c15f49,German Squad (Engineers),German Squad (Engineers),{},echelons-of-fury_1st-edition_german-squad-(engineers)
5f349341-dd3e-4af5-9f12-1ed8fdf37937,item,1,0,"{""obverse"": ""echelons-of-fury_1st-edition_german-squad-(regulars)"", ""reverse"": ""echelons-of-fury_card-back""}","{""name_printed"": ""German Squad"", ""functional_disambiguator"": ""Regulars"", ""rarity"": ""C"", ""subtitle"": ""Regulars"", ""item_dimensions"": ""{\u0022height\u0022: \u00223.5\u0022, \u0022width\u0022: \u00222.5\u0022, \u0022unit\u0022: \u0022inch\u0022}""}",22a59c90-e273-4dc5-95d2-307565d2a252,b2db97ed-487f-4ffd-9b62-e19ee7c15f49,German Squad (Regulars),German Squad (Regulars),{},echelons-of-fury_1st-edition_german-squad-(regulars)
b1eb1ca5-8607-4ac2-baca-205b98893c39,item,1,0,"{""obverse"": ""echelons-of-fury_1st-edition_german-squad-(waffen-ss)"", ""reverse"": ""echelons-of-fury_card-back""}","{""name_printed"": ""German Squad"", ""functional_disambiguator"": ""Waffen SS"", ""rarity"": ""VR"", ""subtitle"": ""Waffen SS"", ""item_dimensions"": ""{\u0022height\u0022: \u00223.5\u0022, \u0022width\u0022: \u00222.5\u0022, \u0022unit\u0022: \u0022inch\u0022}""}",22a59c90-e273-4dc5-95d2-307565d2a252,b2db97ed-487f-4ffd-9b62-e19ee7c15f49,German Squad (Waffen SS),German Squad (Waffen SS),{},echelons-of-fury_1st-edition_german-squad-(waffen-ss)
0324b2dd-faa7-4a73-b6d9-88b06514265d,item,1,0,"{""obverse"": ""echelons-of-fury_1st-edition_grenades-(fragmentation-grenades)"", ""reverse"": ""echelons-of-fury_card-back""}","{""name_printed"": ""Grenades"", ""functional_disambiguator"": ""Fragmentation Grenades"", ""rarity"": ""U"", ""subtitle"": ""Fragmentation Grenades"", ""item_dimensions"": ""{\u0022height\u0022: \u00223.5\u0022, \u0022width\u0022: \u00222.5\u0022, \u0022unit\u0022: \u0022inch\u0022}""}",22a59c90-e273-4dc5-95d2-307565d2a252,b2db97ed-487f-4ffd-9b62-e19ee7c15f49,Grenades (Fragmentation Grenades),Grenades (Fragmentation Grenades),{},echelons-of-fury_1st-edition_grenades-(fragmentation-grenades)
72c43a19-66a9-47c7-a1c1-53e0a018e546,item,1,0,"{""obverse"": ""echelons-of-fury_1st-edition_grenades-(smoke-grenades)"", ""reverse"": ""echelons-of-fury_card-back""}","{""name_printed"": ""Grenades"", ""functional_disambiguator"": ""Smoke Grenades"", ""rarity"": ""U"", ""subtitle"": ""Smoke Grenades"", ""item_dimensions"": ""{\u0022height\u0022: \u00223.5\u0022, \u0022width\u0022: \u00222.5\u0022, \u0022unit\u0022: \u0022inch\u0022}""}",22a59c90-e273-4dc5-95d2-307565d2a252,b2db97ed-487f-4ffd-9b62-e19ee7c15f49,Grenades (Smoke Grenades),Grenades (Smoke Grenades),{},echelons-of-fury_1st-edition_grenades-(smoke-grenades)
fbf1d13d-d376-49ed-b5bd-30e200c22979,item,1,0,"{""obverse"": ""echelons-of-fury_1st-edition_heavy-snow"", ""reverse"": ""echelons-of-fury_card-back""}","{""name_printed"": ""Heavy Snow"", ""rarity"": ""VR"", ""subtitle"": ""Weather"", ""item_dimensions"": ""{\u0022height\u0022: \u00223.5\u0022, \u0022width\u0022: \u00222.5\u0022, \u0022unit\u0022: \u0022inch\u0022}""}",22a59c90-e273-4dc5-95d2-307565d2a252,b2db97ed-487f-4ffd-9b62-e19ee7c15f49,Heavy Snow,Heavy Snow,{},echelons-of-fury_1st-edition_heavy-snow
cd6388f1-cf05-4854-abff-0c52b2e2b67d,item,1,0,"{""obverse"": ""echelons-of-fury_1st-edition_hills-(no-effect)"", ""reverse"": ""echelons-of-fury_card-back""}","{""name_printed"": ""Hills"", ""functional_disambiguator"": ""No Effect"", ""rarity"": ""U"", ""item_dimensions"": ""{\u0022height\u0022: \u00223.5\u0022, \u0022width\u0022: \u00222.5\u0022, \u0022unit\u0022: \u0022inch\u0022}""}",22a59c90-e273-4dc5-95d2-307565d2a252,b2db97ed-487f-4ffd-9b62-e19ee7c15f49,Hills (No Effect),Hills (No Effect),{},echelons-of-fury_1st-edition_hills-(no-effect)
afa5c362-5d65-441f-8e99-08d4e0d8c628,item,1,0,"{""obverse"": ""echelons-of-fury_1st-edition_hull-down"", ""reverse"": ""echelons-of-fury_card-back""}","{""name_printed"": ""Hull Down"", ""rarity"": ""VR"", ""subtitle"": ""Emplacement"", ""item_dimensions"": ""{\u0022height\u0022: \u00223.5\u0022, \u0022width\u0022: \u00222.5\u0022, \u0022unit\u0022: \u0022inch\u0022}""}",22a59c90-e273-4dc5-95d2-307565d2a252,b2db97ed-487f-4ffd-9b62-e19ee7c15f49,Hull Down,Hull Down,{},echelons-of-fury_1st-edition_hull-down
d64ade8f-d394-4362-970b-e1b8c517c7a1,item,1,0,"{""obverse"": ""echelons-of-fury_1st-edition_left-flanking"", ""reverse"": ""echelons-of-fury_card-back""}","{""name_printed"": ""Left Flanking"", ""rarity"": ""C"", ""item_dimensions"": ""{\u0022height\u0022: \u00223.5\u0022, \u0022width\u0022: \u00222.5\u0022, \u0022unit\u0022: \u0022inch\u0022}""}",22a59c90-e273-4dc5-95d2-307565d2a252,b2db97ed-487f-4ffd-9b62-e19ee7c15f49,Left Flanking,Left Flanking,{},echelons-of-fury_1st-edition_left-flanking
befaa534-528f-4ee0-923a-043d17553fb5,item,1,0,"{""obverse"": ""echelons-of-fury_1st-edition_medic-team"", ""reverse"": ""echelons-of-fury_card-back""}","{""name_printed"": ""Medic Team"", ""rarity"": ""R"", ""subtitle"": ""Medical Technicians"", ""item_dimensions"": ""{\u0022height\u0022: \u00223.5\u0022, \u0022width\u0022: \u00222.5\u0022, \u0022unit\u0022: \u0022inch\u0022}""}",22a59c90-e273-4dc5-95d2-307565d2a252,b2db97ed-487f-4ffd-9b62-e19ee7c15f49,Medic Team,Medic Team,{},echelons-of-fury_1st-edition_medic-team
53dd0b2b-3003-49b6-8b46-470eaa169039,item,1,0,"{""obverse"": ""echelons-of-fury_1st-edition_open"", ""reverse"": ""echelons-of-fury_card-back""}","{""name_printed"": ""Open"", ""rarity"": ""U"", ""item_dimensions"": ""{\u0022height\u0022: \u00223.5\u0022, \u0022width\u0022: \u00222.5\u0022, \u0022unit\u0022: \u0022inch\u0022}""}",22a59c90-e273-4dc5-95d2-307565d2a252,b2db97ed-487f-4ffd-9b62-e19ee7c15f49,Open,Open,{},echelons-of-fury_1st-edition_open
0b733af5-6fe6-4aee-9031-b5e885405a19,item,1,0,"{""obverse"": ""echelons-of-fury_1st-edition_radio-net"", ""reverse"": ""echelons-of-fury_card-back""}","{""name_printed"": ""Radio Net"", ""rarity"": ""VR"", ""subtitle"": ""Communications"", ""item_dimensions"": ""{\u0022height\u0022: \u00223.5\u0022, \u0022width\u0022: \u00222.5\u0022, \u0022unit\u0022: \u0022inch\u0022}""}",22a59c90-e273-4dc5-95d2-307565d2a252,b2db97ed-487f-4ffd-9b62-e19ee7c15f49,Radio Net,Radio Net,{},echelons-of-fury_1st-edition_radio-net
e573c989-c7dd-4c21-b865-d5c8f28a0d0a,item,1,0,"{""obverse"": ""echelons-of-fury_1st-edition_recon"", ""reverse"": ""echelons-of-fury_card-back""}","{""name_printed"": ""Recon"", ""rarity"": ""U"", ""subtitle"": ""Reconnaissance"", ""item_dimensions"": ""{\u0022height\u0022: \u00223.5\u0022, \u0022width\u0022: \u00222.5\u0022, \u0022unit\u0022: \u0022inch\u0022}""}",22a59c90-e273-4dc5-95d2-307565d2a252,b2db97ed-487f-4ffd-9b62-e19ee7c15f49,Recon,Recon,{},echelons-of-fury_1st-edition_recon
a91213a7-0600-4dd1-9a4a-e2c960a70fb0,item,1,0,"{""obverse"": ""echelons-of-fury_1st-edition_right-flanking"", ""reverse"": ""echelons-of-fury_card-back""}","{""name_printed"": ""Right Flanking"", ""rarity"": ""C"", ""item_dimensions"": ""{\u0022height\u0022: \u00223.5\u0022, \u0022width\u0022: \u00222.5\u0022, \u0022unit\u0022: \u0022inch\u0022}""}",22a59c90-e273-4dc5-95d2-307565d2a252,b2db97ed-487f-4ffd-9b62-e19ee7c15f49,Right Flanking,Right Flanking,{},echelons-of-fury_1st-edition_right-flanking
581554ca-808a-4704-91e2-5ad3af006d67,item,1,0,"{""obverse"": ""echelons-of-fury_1st-edition_sand-bagged-position"", ""reverse"": ""echelons-of-fury_card-back""}","{""name_printed"": ""Sand Bagged Position"", ""rarity"": ""R"", ""subtitle"": ""Emplacement"", ""item_dimensions"": ""{\u0022height\u0022: \u00223.5\u0022, \u0022width\u0022: \u00222.5\u0022, \u0022unit\u0022: \u0022inch\u0022}""}",22a59c90-e273-4dc5-95d2-307565d2a252,b2db97ed-487f-4ffd-9b62-e19ee7c15f49,Sand Bagged Position,Sand Bagged Position,{},echelons-of-fury_1st-edition_sand-bagged-position
7f1ef4be-7b69-41f6-ba24-458a504409bf,item,1,0,"{""obverse"": ""echelons-of-fury_1st-edition_supply-(ammunition)"", ""reverse"": ""echelons-of-fury_card-back""}","{""name_printed"": ""Supply"", ""functional_disambiguator"": ""Ammunition"", ""rarity"": ""C"", ""subtitle"": ""Ammunition"", ""item_dimensions"": ""{\u0022height\u0022: \u00223.5\u0022, \u0022width\u0022: \u00222.5\u0022, \u0022unit\u0022: \u0022inch\u0022}""}",22a59c90-e273-4dc5-95d2-307565d2a252,b2db97ed-487f-4ffd-9b62-e19ee7c15f49,Supply (Ammunition),Supply (Ammunition),{},echelons-of-fury_1st-edition_supply-(ammunition)
f1a2a38d-d976-48a7-bca3-f1c3f86f33c2,item,1,0,"{""obverse"": ""echelons-of-fury_1st-edition_supply-(fuel)"", ""reverse"": ""echelons-of-fury_card-back""}","{""name_printed"": ""Supply"", ""functional_disambiguator"": ""Fuel"", ""rarity"": ""C"", ""subtitle"": ""Fuel"", ""item_dimensions"": ""{\u0022height\u0022: \u00223.5\u0022, \u0022width\u0022: \u00222.5\u0022, \u0022unit\u0022: \u0022inch\u0022}""}",22a59c90-e273-4dc5-95d2-307565d2a252,b2db97ed-487f-4ffd-9b62-e19ee7c15f49,Supply (Fuel),Supply (Fuel),{},echelons-of-fury_1st-edition_supply-(fuel)
033fed3d-b04f-424c-872b-ae84f30a0284,item,1,0,"{""obverse"": ""echelons-of-fury_1st-edition_thrust"", ""reverse"": ""echelons-of-fury_card-back""}","{""name_printed"": ""Thrust"", ""rarity"": ""C"", ""item_dimensions"": ""{\u0022height\u0022: \u00223.5\u0022, \u0022width\u0022: \u00222.5\u0022, \u0022unit\u0022: \u0022inch\u0022}""}",22a59c90-e273-4dc5-95d2-307565d2a252,b2db97ed-487f-4ffd-9b62-e19ee7c15f49,Thrust,Thrust,{},echelons-of-fury_1st-edition_thrust
157d76c2-c3a4-4ed2-93ec-1de43209c129,item,1,0,"{""obverse"": ""echelons-of-fury_1st-edition_town"", ""reverse"": ""echelons-of-fury_card-back""}","{""name_printed"": ""Town"", ""rarity"": ""C"", ""item_dimensions"": ""{\u0022height\u0022: \u00223.5\u0022, \u0022width\u0022: \u00222.5\u0022, \u0022unit\u0022: \u0022inch\u0022}""}",22a59c90-e273-4dc5-95d2-307565d2a252,b2db97ed-487f-4ffd-9b62-e19ee7c15f49,Town,Town,{},echelons-of-fury_1st-edition_town
4ea6ea6a-d501-4211-acb7-40418ac5da3a,item,1,0,"{""obverse"": ""echelons-of-fury_1st-edition_u-s---30-cal,-lmg"", ""reverse"": ""echelons-of-fury_card-back""}","{""name_printed"": ""U.S. .30 Cal, LMG"", ""rarity"": ""U"", ""subtitle"": ""Light Machine Gun"", ""item_dimensions"": ""{\u0022height\u0022: \u00223.5\u0022, \u0022width\u0022: \u00222.5\u0022, \u0022unit\u0022: \u0022inch\u0022}""}",22a59c90-e273-4dc5-95d2-307565d2a252,b2db97ed-487f-4ffd-9b62-e19ee7c15f49,"U.S. .30 Cal, LMG","U.S. .30 Cal, LMG",{},"echelons-of-fury_1st-edition_u-s---30-cal,-lmg"
2ae11ee1-2e45-4977-be62-a40de3816ee2,item,1,0,"{""obverse"": ""echelons-of-fury_1st-edition_u-s--2-36--bazooka"", ""reverse"": ""echelons-of-fury_card-back""}","{""name_printed"": ""U.S. 2.36\u0022 Bazooka"", ""rarity"": ""U"", ""subtitle"": ""Rocket Launcher"", ""item_dimensions"": ""{\u0022height\u0022: \u00223.5\u0022, \u0022width\u0022: \u00222.5\u0022, \u0022unit\u0022: \u0022inch\u0022}""}",22a59c90-e273-4dc5-95d2-307565d2a252,b2db97ed-487f-4ffd-9b62-e19ee7c15f49,"U.S. 2.36"" Bazooka","U.S. 2.36"" Bazooka",{},echelons-of-fury_1st-edition_u-s--2-36--bazooka
a7d66ede-3bb6-423f-860e-55956b8fd2b7,item,1,0,"{""obverse"": ""echelons-of-fury_1st-edition_u-s--2nd-lieutenant"", ""reverse"": ""echelons-of-fury_card-back""}","{""name_printed"": ""U.S. 2nd Lieutenant"", ""rarity"": ""C"", ""subtitle"": ""Platoon Leader"", ""item_dimensions"": ""{\u0022height\u0022: \u00223.5\u0022, \u0022width\u0022: \u00222.5\u0022, \u0022unit\u0022: \u0022inch\u0022}""}",22a59c90-e273-4dc5-95d2-307565d2a252,b2db97ed-487f-4ffd-9b62-e19ee7c15f49,U.S. 2nd Lieutenant,U.S. 2nd Lieutenant,{},echelons-of-fury_1st-edition_u-s--2nd-lieutenant
3ccd9a04-a698-41f4-af5a-1853170e4e26,item,1,0,"{""obverse"": ""echelons-of-fury_1st-edition_u-s--57mm-gun"", ""reverse"": ""echelons-of-fury_card-back""}","{""name_printed"": ""U.S. 57mm Gun"", ""rarity"": ""R"", ""subtitle"": ""Anti-Tank Gun"", ""item_dimensions"": ""{\u0022height\u0022: \u00223.5\u0022, \u0022width\u0022: \u00222.5\u0022, \u0022unit\u0022: \u0022inch\u0022}""}",22a59c90-e273-4dc5-95d2-307565d2a252,b2db97ed-487f-4ffd-9b62-e19ee7c15f49,U.S. 57mm Gun,U.S. 57mm Gun,{},echelons-of-fury_1st-edition_u-s--57mm-gun
d4d6281d-686d-4261-981d-3b642f95102a,item,1,0,"{""obverse"": ""echelons-of-fury_1st-edition_u-s--81mm-mortar"", ""reverse"": ""echelons-of-fury_card-back""}","{""name_printed"": ""U.S. 81mm Mortar"", ""rarity"": ""R"", ""subtitle"": ""Medium Mortar"", ""item_dimensions"": ""{\u0022height\u0022: \u00223.5\u0022, \u0022width\u0022: \u00222.5\u0022, \u0022unit\u0022: \u0022inch\u0022}""}",22a59c90-e273-4dc5-95d2-307565d2a252,b2db97ed-487f-4ffd-9b62-e19ee7c15f49,U.S. 81mm Mortar,U.S. 81mm Mortar,{},echelons-of-fury_1st-edition_u-s--81mm-mortar
9621781f-a205-4209-978c-a14973ffde11,item,1,0,"{""obverse"": ""echelons-of-fury_1st-edition_u-s--autorifleman"", ""reverse"": ""echelons-of-fury_card-back""}","{""name_printed"": ""U.S. Autorifleman"", ""rarity"": ""R"", ""subtitle"": ""Autorifleman"", ""item_dimensions"": ""{\u0022height\u0022: \u00223.5\u0022, \u0022width\u0022: \u00222.5\u0022, \u0022unit\u0022: \u0022inch\u0022}""}",22a59c90-e273-4dc5-95d2-307565d2a252,b2db97ed-487f-4ffd-9b62-e19ee7c15f49,U.S. Autorifleman,U.S. Autorifleman,{},echelons-of-fury_1st-edition_u-s--autorifleman
9edbe7ca-acf9-4cd7-b279-d9a345bbbd7a,item,1,0,"{""obverse"": ""echelons-of-fury_1st-edition_u-s--m-3-halftrack"", ""reverse"": ""echelons-of-fury_card-back""}","{""name_printed"": ""U.S. M-3 Halftrack"", ""rarity"": ""R"", ""subtitle"": ""Infantry Transport"", ""item_dimensions"": ""{\u0022height\u0022: \u00223.5\u0022, \u0022width\u0022: \u00222.5\u0022, \u0022unit\u0022: \u0022inch\u0022}""}",22a59c90-e273-4dc5-95d2-307565d2a252,b2db97ed-487f-4ffd-9b62-e19ee7c15f49,U.S. M-3 Halftrack,U.S. M-3 Halftrack,{},echelons-of-fury_1st-edition_u-s--m-3-halftrack
b9c0c446-7170-4c08-bd00-68ed1a9a5806,item,1,0,"{""obverse"": ""echelons-of-fury_1st-edition_u-s--m-4-sherman"", ""reverse"": ""echelons-of-fury_card-back""}","{""name_printed"": ""U.S. M-4 Sherman"", ""rarity"": ""VR"", ""subtitle"": ""Medium Tank"", ""item_dimensions"": ""{\u0022height\u0022: \u00223.5\u0022, \u0022width\u0022: \u00222.5\u0022, \u0022unit\u0022: \u0022inch\u0022}""}",22a59c90-e273-4dc5-95d2-307565d2a252,b2db97ed-487f-4ffd-9b62-e19ee7c15f49,U.S. M-4 Sherman,U.S. M-4 Sherman,{},echelons-of-fury_1st-edition_u-s--m-4-sherman
280ff0bd-f522-4f28-b430-35166cd5ec26,item,1,0,"{""obverse"": ""echelons-of-fury_1st-edition_u-s--m-5-stuart"", ""reverse"": ""echelons-of-fury_card-back""}","{""name_printed"": ""U.S. M-5 Stuart"", ""rarity"": ""R"", ""subtitle"": ""Light Tank"", ""item_dimensions"": ""{\u0022height\u0022: \u00223.5\u0022, \u0022width\u0022: \u00222.5\u0022, \u0022unit\u0022: \u0022inch\u0022}""}",22a59c90-e273-4dc5-95d2-307565d2a252,b2db97ed-487f-4ffd-9b62-e19ee7c15f49,U.S. M-5 Stuart,U.S. M-5 Stuart,{},echelons-of-fury_1st-edition_u-s--m-5-stuart
415e5360-018a-4b09-9b63-90d1bb7994da,item,1,0,"{""obverse"": ""echelons-of-fury_1st-edition_u-s--p-47-thunderbolt"", ""reverse"": ""echelons-of-fury_card-back""}","{""name_printed"": ""U.S. P-47 Thunderbolt"", ""rarity"": ""VR"", ""subtitle"": ""Aircraft"", ""item_dimensions"": ""{\u0022height\u0022: \u00223.5\u0022, \u0022width\u0022: \u00222.5\u0022, \u0022unit\u0022: \u0022inch\u0022}""}",22a59c90-e273-4dc5-95d2-307565d2a252,b2db97ed-487f-4ffd-9b62-e19ee7c15f49,U.S. P-47 Thunderbolt,U.S. P-47 Thunderbolt,{},echelons-of-fury_1st-edition_u-s--p-47-thunderbolt
9867c505-22de-4df3-b35b-905a48270193,item,1,0,"{""obverse"": ""echelons-of-fury_1st-edition_u-s--p-51-mustang"", ""reverse"": ""echelons-of-fury_card-back""}","{""name_printed"": ""U.S. P-51 Mustang"", ""rarity"": ""VR"", ""subtitle"": ""Aircraft"", ""item_dimensions"": ""{\u0022height\u0022: \u00223.5\u0022, \u0022width\u0022: \u00222.5\u0022, \u0022unit\u0022: \u0022inch\u0022}""}",22a59c90-e273-4dc5-95d2-307565d2a252,b2db97ed-487f-4ffd-9b62-e19ee7c15f49,U.S. P-51 Mustang,U.S. P-51 Mustang,{},echelons-of-fury_1st-edition_u-s--p-51-mustang
173aa256-3de3-4212-a7c3-eb69c57e652e,item,1,0,"{""obverse"": ""echelons-of-fury_1st-edition_u-s--squad-(airborne)"", ""reverse"": ""echelons-of-fury_card-back""}","{""name_printed"": ""U.S. Squad"", ""functional_disambiguator"": ""Airborne"", ""rarity"": ""VR"", ""subtitle"": ""Airborne"", ""item_dimensions"": ""{\u0022height\u0022: \u00223.5\u0022, \u0022width\u0022: \u00222.5\u0022, \u0022unit\u0022: \u0022inch\u0022}""}",22a59c90-e273-4dc5-95d2-307565d2a252,b2db97ed-487f-4ffd-9b62-e19ee7c15f49,U.S. Squad (Airborne),U.S. Squad (Airborne),{},echelons-of-fury_1st-edition_u-s--squad-(airborne)
446ef0a3-87e0-4caf-8e4e-16703435da76,item,1,0,"{""obverse"": ""echelons-of-fury_1st-edition_u-s--squad-(engineers)"", ""reverse"": ""echelons-of-fury_card-back""}","{""name_printed"": ""U.S. Squad"", ""functional_disambiguator"": ""Engineers"", ""rarity"": ""R"", ""subtitle"": ""Engineers"", ""item_dimensions"": ""{\u0022height\u0022: \u00223.5\u0022, \u0022width\u0022: \u00222.5\u0022, \u0022unit\u0022: \u0022inch\u0022}""}",22a59c90-e273-4dc5-95d2-307565d2a252,b2db97ed-487f-4ffd-9b62-e19ee7c15f49,U.S. Squad (Engineers),U.S. Squad (Engineers),{},echelons-of-fury_1st-edition_u-s--squad-(engineers)
a535f79f-ed3c-44b8-a4c0-21afeb3c5ef6,item,1,0,"{""obverse"": ""echelons-of-fury_1st-edition_u-s--squad-(regulars)"", ""reverse"": ""echelons-of-fury_card-back""}","{""name_printed"": ""U.S. Squad"", ""functional_disambiguator"": ""Regulars"", ""rarity"": ""C"", ""subtitle"": ""Regulars"", ""item_dimensions"": ""{\u0022height\u0022: \u00223.5\u0022, \u0022width\u0022: \u00222.5\u0022, \u0022unit\u0022: \u0022inch\u0022}""}",22a59c90-e273-4dc5-95d2-307565d2a252,b2db97ed-487f-4ffd-9b62-e19ee7c15f49,U.S. Squad (Regulars),U.S. Squad (Regulars),{},echelons-of-fury_1st-edition_u-s--squad-(regulars)
786fd365-a2e1-4f94-b8ab-07f7d3d2b29f,third-party-document,0,0,"{""obverse"": ""echelons-of-fury_1st-edition_wireless-radio"", ""reverse"": ""echelons-of-fury_card-back""}","{""name_printed"": ""Wireless Radio"", ""rarity"": ""R"", ""item_dimensions"": ""{\u0022height\u0022: \u00223.5\u0022, \u0022width\u0022: \u00222.5\u0022, \u0022unit\u0022: \u0022inch\u0022}""}",22a59c90-e273-4dc5-95d2-307565d2a252,b2db97ed-487f-4ffd-9b62-e19ee7c15f49,Wireless Radio,Wireless Radio,"{""source_notes"": ""Included in Scrye Magazine List""}",echelons-of-fury_1st-edition_wireless-radio
6cce4f3a-3aab-4234-a2d8-dce81c69a42c,item,1,0,"{""obverse"": ""echelons-of-fury_1st-edition_woods"", ""reverse"": ""echelons-of-fury_card-back""}","{""name_printed"": ""Woods"", ""rarity"": ""C"", ""item_dimensions"": ""{\u0022height\u0022: \u00223.5\u0022, \u0022width\u0022: \u00222.5\u0022, \u0022unit\u0022: \u0022inch\u0022}""}",22a59c90-e273-4dc5-95d2-307565d2a252,b2db97ed-487f-4ffd-9b62-e19ee7c15f49,Woods,Woods,{},echelons-of-fury_1st-edition_woods
7e27be34-d3f2-4aa3-9bd9-a726bd0aac06,item,1,0,"{""obverse"": ""echelons-of-fury_2nd-edition_500-pounders"", ""reverse"": ""echelons-of-fury_card-back""}","{""name_printed"": ""500 Pounders"", ""subtitle"": ""Bombs"", ""item_dimensions"": ""{\u0022height\u0022: \u00223.5\u0022, \u0022width\u0022: \u00222.5\u0022, \u0022unit\u0022: \u0022inch\u0022}""}",22a59c90-e273-4dc5-95d2-307565d2a252,b06f8737-81f0-4442-8851-eb84e626e84f,500 Pounders,500 Pounders,{},echelons-of-fury_2nd-edition_500-pounders
3d948c67-5533-4a18-815a-d336ff9bedc8,item,1,0,"{""obverse"": ""echelons-of-fury_2nd-edition_air-dropped-supplies"", ""reverse"": ""echelons-of-fury_card-back""}","{""name_printed"": ""Air-Dropped Supplies"", ""subtitle"": ""Supplies"", ""item_dimensions"": ""{\u0022height\u0022: \u00223.5\u0022, \u0022width\u0022: \u00222.5\u0022, \u0022unit\u0022: \u0022inch\u0022}""}",22a59c90-e273-4dc5-95d2-307565d2a252,b06f8737-81f0-4442-8851-eb84e626e84f,Air-Dropped Supplies,Air-Dropped Supplies,{},echelons-of-fury_2nd-edition_air-dropped-supplies
85a43173-f7de-4fb6-9a1b-e71e18aecf1b,item,1,0,"{""obverse"": ""echelons-of-fury_2nd-edition_air-strike"", ""reverse"": ""echelons-of-fury_card-back""}","{""name_printed"": ""Air Strike"", ""subtitle"": ""Aircraft (Attack)"", ""item_dimensions"": ""{\u0022height\u0022: \u00223.5\u0022, \u0022width\u0022: \u00222.5\u0022, \u0022unit\u0022: \u0022inch\u0022}""}",22a59c90-e273-4dc5-95d2-307565d2a252,b06f8737-81f0-4442-8851-eb84e626e84f,Air Strike,Air Strike,{},echelons-of-fury_2nd-edition_air-strike
108f0fc4-daf7-42b6-8a22-a31f06752a73,item,1,0,"{""obverse"": ""echelons-of-fury_2nd-edition_ambush"", ""reverse"": ""echelons-of-fury_card-back""}","{""name_printed"": ""Ambush"", ""subtitle"": ""Tactical Maneuver"", ""item_dimensions"": ""{\u0022height\u0022: \u00223.5\u0022, \u0022width\u0022: \u00222.5\u0022, \u0022unit\u0022: \u0022inch\u0022}""}",22a59c90-e273-4dc5-95d2-307565d2a252,b06f8737-81f0-4442-8851-eb84e626e84f,Ambush,Ambush,{},echelons-of-fury_2nd-edition_ambush
abef7acd-35c9-4aec-9efc-bf9ea51f2d5f,item,1,0,"{""obverse"": ""echelons-of-fury_2nd-edition_anti-personnel-mines"", ""reverse"": ""echelons-of-fury_card-back""}","{""name_printed"": ""Anti-Personnel Mines"", ""subtitle"": ""Anti-Personnel Minefield"", ""item_dimensions"": ""{\u0022height\u0022: \u00223.5\u0022, \u0022width\u0022: \u00222.5\u0022, \u0022unit\u0022: \u0022inch\u0022}""}",22a59c90-e273-4dc5-95d2-307565d2a252,b06f8737-81f0-4442-8851-eb84e626e84f,Anti-Personnel Mines,Anti-Personnel Mines,{},echelons-of-fury_2nd-edition_anti-personnel-mines
c068d41b-1b2b-444a-8021-c66ce988445a,item,1,0,"{""obverse"": ""echelons-of-fury_2nd-edition_anti-tank-mines"", ""reverse"": ""echelons-of-fury_card-back""}","{""name_printed"": ""Anti-Tank Mines"", ""subtitle"": ""Anti-Tank Minefield"", ""item_dimensions"": ""{\u0022height\u0022: \u00223.5\u0022, \u0022width\u0022: \u00222.5\u0022, \u0022unit\u0022: \u0022inch\u0022}""}",22a59c90-e273-4dc5-95d2-307565d2a252,b06f8737-81f0-4442-8851-eb84e626e84f,Anti-Tank Mines,Anti-Tank Mines,{},echelons-of-fury_2nd-edition_anti-tank-mines
3bfe5d5f-82b8-410d-a112-5a472a94add2,item,1,0,"{""obverse"": ""echelons-of-fury_2nd-edition_artillery-strike-(1-heavy-mortar)"", ""reverse"": ""echelons-of-fury_card-back""}","{""name_printed"": ""Artillery Strike"", ""functional_disambiguator"": ""1 Heavy Mortar"", ""subtitle"": ""1 Heavy Mortar"", ""item_dimensions"": ""{\u0022height\u0022: \u00223.5\u0022, \u0022width\u0022: \u00222.5\u0022, \u0022unit\u0022: \u0022inch\u0022}""}",22a59c90-e273-4dc5-95d2-307565d2a252,b06f8737-81f0-4442-8851-eb84e626e84f,Artillery Strike (1 Heavy Mortar),Artillery Strike (1 Heavy Mortar),{},echelons-of-fury_2nd-edition_artillery-strike-(1-heavy-mortar)
6a75cb8a-a031-4edc-a6fd-1a7a926dc551,item,1,0,"{""obverse"": ""echelons-of-fury_2nd-edition_artillery-strike-(starshell)"", ""reverse"": ""echelons-of-fury_card-back""}","{""name_printed"": ""Artillery Strike"", ""functional_disambiguator"": ""Starshell"", ""subtitle"": ""Starshell"", ""item_dimensions"": ""{\u0022height\u0022: \u00223.5\u0022, \u0022width\u0022: \u00222.5\u0022, \u0022unit\u0022: \u0022inch\u0022}""}",22a59c90-e273-4dc5-95d2-307565d2a252,b06f8737-81f0-4442-8851-eb84e626e84f,Artillery Strike (Starshell),Artillery Strike (Starshell),{},echelons-of-fury_2nd-edition_artillery-strike-(starshell)
b40d6a1c-9634-415e-b9d4-b12039992df9,item,1,0,"{""obverse"": ""echelons-of-fury_2nd-edition_bridge-(stone)"", ""reverse"": ""echelons-of-fury_card-back""}","{""name_printed"": ""Bridge"", ""functional_disambiguator"": ""Stone"", ""item_dimensions"": ""{\u0022height\u0022: \u00223.5\u0022, \u0022width\u0022: \u00222.5\u0022, \u0022unit\u0022: \u0022inch\u0022}""}",22a59c90-e273-4dc5-95d2-307565d2a252,b06f8737-81f0-4442-8851-eb84e626e84f,Bridge (Stone),Bridge (Stone),{},echelons-of-fury_2nd-edition_bridge-(stone)
8e1c38ba-024a-4e51-a7fc-4e8f68eaba7b,item,1,0,"{""obverse"": ""echelons-of-fury_2nd-edition_bridge-(wood)"", ""reverse"": ""echelons-of-fury_card-back""}","{""name_printed"": ""Bridge"", ""functional_disambiguator"": ""Wood"", ""item_dimensions"": ""{\u0022height\u0022: \u00223.5\u0022, \u0022width\u0022: \u00222.5\u0022, \u0022unit\u0022: \u0022inch\u0022}""}",22a59c90-e273-4dc5-95d2-307565d2a252,b06f8737-81f0-4442-8851-eb84e626e84f,Bridge (Wood),Bridge (Wood),{},echelons-of-fury_2nd-edition_bridge-(wood)
fbdd5fb5-4b36-4677-9630-812d6cec8921,item,1,0,"{""obverse"": ""echelons-of-fury_2nd-edition_british-achilles"", ""reverse"": ""echelons-of-fury_card-back""}","{""name_printed"": ""British Achilles"", ""subtitle"": ""Tank Destroyer"", ""item_dimensions"": ""{\u0022height\u0022: \u00223.5\u0022, \u0022width\u0022: \u00222.5\u0022, \u0022unit\u0022: \u0022inch\u0022}""}",22a59c90-e273-4dc5-95d2-307565d2a252,b06f8737-81f0-4442-8851-eb84e626e84f,British Achilles,British Achilles,{},echelons-of-fury_2nd-edition_british-achilles
da3fa0d3-c119-4a0b-a935-9148ce6df3e4,item,1,0,"{""obverse"": ""echelons-of-fury_2nd-edition_british-bren-gun"", ""reverse"": ""echelons-of-fury_card-back""}","{""name_printed"": ""British Bren Gun"", ""subtitle"": ""Light Machine Gun"", ""item_dimensions"": ""{\u0022height\u0022: \u00223.5\u0022, \u0022width\u0022: \u00222.5\u0022, \u0022unit\u0022: \u0022inch\u0022}""}",22a59c90-e273-4dc5-95d2-307565d2a252,b06f8737-81f0-4442-8851-eb84e626e84f,British Bren Gun,British Bren Gun,{},echelons-of-fury_2nd-edition_british-bren-gun
133d31b1-d81a-4d08-b877-42653444b269,item,1,0,"{""obverse"": ""echelons-of-fury_2nd-edition_british-lieutenant"", ""reverse"": ""echelons-of-fury_card-back""}","{""name_printed"": ""British Lieutenant"", ""subtitle"": ""Platoon Leader"", ""item_dimensions"": ""{\u0022height\u0022: \u00223.5\u0022, \u0022width\u0022: \u00222.5\u0022, \u0022unit\u0022: \u0022inch\u0022}""}",22a59c90-e273-4dc5-95d2-307565d2a252,b06f8737-81f0-4442-8851-eb84e626e84f,British Lieutenant,British Lieutenant,{},echelons-of-fury_2nd-edition_british-lieutenant
bc3d95b1-800b-4254-95e4-5fc302da7aa4,item,1,0,"{""obverse"": ""echelons-of-fury_2nd-edition_british-mosquito"", ""reverse"": ""echelons-of-fury_card-back""}","{""name_printed"": ""British Mosquito"", ""subtitle"": ""Aircraft"", ""item_dimensions"": ""{\u0022height\u0022: \u00223.5\u0022, \u0022width\u0022: \u00222.5\u0022, \u0022unit\u0022: \u0022inch\u0022}""}",22a59c90-e273-4dc5-95d2-307565d2a252,b06f8737-81f0-4442-8851-eb84e626e84f,British Mosquito,British Mosquito,{},echelons-of-fury_2nd-edition_british-mosquito
0155562b-6cd0-4e40-9313-22347740276b,item,1,0,"{""obverse"": ""echelons-of-fury_2nd-edition_british-piat"", ""reverse"": ""echelons-of-fury_card-back""}","{""name_printed"": ""British Piat"", ""subtitle"": ""Grenade Launcher"", ""item_dimensions"": ""{\u0022height\u0022: \u00223.5\u0022, \u0022width\u0022: \u00222.5\u0022, \u0022unit\u0022: \u0022inch\u0022}""}",22a59c90-e273-4dc5-95d2-307565d2a252,b06f8737-81f0-4442-8851-eb84e626e84f,British Piat,British Piat,{},echelons-of-fury_2nd-edition_british-piat
8c123909-7b6c-4767-ae4a-fe24bf3ce981,item,1,0,"{""obverse"": ""echelons-of-fury_2nd-edition_british-spitfire"", ""reverse"": ""echelons-of-fury_card-back""}","{""name_printed"": ""British Spitfire"", ""subtitle"": ""Aircraft"", ""item_dimensions"": ""{\u0022height\u0022: \u00223.5\u0022, \u0022width\u0022: \u00222.5\u0022, \u0022unit\u0022: \u0022inch\u0022}""}",22a59c90-e273-4dc5-95d2-307565d2a252,b06f8737-81f0-4442-8851-eb84e626e84f,British Spitfire,British Spitfire,{},echelons-of-fury_2nd-edition_british-spitfire
6faa267d-72ef-44d0-8cd1-5c8334040e68,item,1,0,"{""obverse"": ""echelons-of-fury_2nd-edition_british-squad"", ""reverse"": ""echelons-of-fury_card-back""}","{""name_printed"": ""British Squad"", ""subtitle"": ""Regulars"", ""item_dimensions"": ""{\u0022height\u0022: \u00223.5\u0022, \u0022width\u0022: \u00222.5\u0022, \u0022unit\u0022: \u0022inch\u0022}""}",22a59c90-e273-4dc5-95d2-307565d2a252,b06f8737-81f0-4442-8851-eb84e626e84f,British Squad,British Squad,{},echelons-of-fury_2nd-edition_british-squad
b3173450-da3e-42dc-bc44-f227f2e35719,item,1,0,"{""obverse"": ""echelons-of-fury_2nd-edition_brothel"", ""reverse"": ""echelons-of-fury_card-back""}","{""name_printed"": ""Brothel"", ""item_dimensions"": ""{\u0022height\u0022: \u00223.5\u0022, \u0022width\u0022: \u00222.5\u0022, \u0022unit\u0022: \u0022inch\u0022}""}",22a59c90-e273-4dc5-95d2-307565d2a252,b06f8737-81f0-4442-8851-eb84e626e84f,Brothel,Brothel,{},echelons-of-fury_2nd-edition_brothel
261823a7-ba3c-4edd-b2d3-53d2bffdb52a,item,1,0,"{""obverse"": ""echelons-of-fury_2nd-edition_camouflage"", ""reverse"": ""echelons-of-fury_card-back""}","{""name_printed"": ""Camouflage"", ""subtitle"": ""Emplacement"", ""item_dimensions"": ""{\u0022height\u0022: \u00223.5\u0022, \u0022width\u0022: \u00222.5\u0022, \u0022unit\u0022: \u0022inch\u0022}""}",22a59c90-e273-4dc5-95d2-307565d2a252,b06f8737-81f0-4442-8851-eb84e626e84f,Camouflage,Camouflage,{},echelons-of-fury_2nd-edition_camouflage
08605476-95a5-45a5-8831-ef4bb6213ca9,third-party-document,0,0,"{""obverse"": ""echelons-of-fury_2nd-edition_city-[blue-sky]"", ""reverse"": ""echelons-of-fury_card-back""}","{""name_printed"": ""City"", ""variant_disambiguator"": ""Blue Sky"", ""item_dimensions"": ""{\u0022height\u0022: \u00223.5\u0022, \u0022width\u0022: \u00222.5\u0022, \u0022unit\u0022: \u0022inch\u0022}""}",22a59c90-e273-4dc5-95d2-307565d2a252,b06f8737-81f0-4442-8851-eb84e626e84f,City,City [Blue Sky],{},echelons-of-fury_2nd-edition_city-[blue-sky]
29e5fc3e-1dda-4b4d-8a82-3d09f34d6d90,item,1,0,"{""obverse"": ""echelons-of-fury_2nd-edition_city-[no-sky,-close-shot]"", ""reverse"": ""echelons-of-fury_card-back""}","{""name_printed"": ""City"", ""variant_disambiguator"": ""No Sky, Close Shot"", ""item_dimensions"": ""{\u0022height\u0022: \u00223.5\u0022, \u0022width\u0022: \u00222.5\u0022, \u0022unit\u0022: \u0022inch\u0022}""}",22a59c90-e273-4dc5-95d2-307565d2a252,b06f8737-81f0-4442-8851-eb84e626e84f,City,"City [No Sky, Close Shot]",{},"echelons-of-fury_2nd-edition_city-[no-sky,-close-shot]"
ccb3882d-c5b0-45ce-8599-c2686885562a,item,1,0,"{""obverse"": ""echelons-of-fury_2nd-edition_city-[no-sky,-far-shot]"", ""reverse"": ""echelons-of-fury_card-back""}","{""name_printed"": ""City"", ""variant_disambiguator"": ""No Sky, Far Shot"", ""item_dimensions"": ""{\u0022height\u0022: \u00223.5\u0022, \u0022width\u0022: \u00222.5\u0022, \u0022unit\u0022: \u0022inch\u0022}""}",22a59c90-e273-4dc5-95d2-307565d2a252,b06f8737-81f0-4442-8851-eb84e626e84f,City,"City [No Sky, Far Shot]",{},"echelons-of-fury_2nd-edition_city-[no-sky,-far-shot]"
df9d61cf-bc75-4ed2-9102-c8498456e81d,third-party-document,0,0,"{""obverse"": ""echelons-of-fury_2nd-edition_city-[sunset]"", ""reverse"": ""echelons-of-fury_card-back""}","{""name_printed"": ""City"", ""variant_disambiguator"": ""Sunset"", ""item_dimensions"": ""{\u0022height\u0022: \u00223.5\u0022, \u0022width\u0022: \u00222.5\u0022, \u0022unit\u0022: \u0022inch\u0022}""}",22a59c90-e273-4dc5-95d2-307565d2a252,b06f8737-81f0-4442-8851-eb84e626e84f,City,City [Sunset],{},echelons-of-fury_2nd-edition_city-[sunset]
487aa0ee-81dc-4e64-acf4-800990d60a67,item,1,0,"{""obverse"": ""echelons-of-fury_2nd-edition_clear-skies"", ""reverse"": ""echelons-of-fury_card-back""}","{""name_printed"": ""Clear Skies"", ""subtitle"": ""Weather"", ""item_dimensions"": ""{\u0022height\u0022: \u00223.5\u0022, \u0022width\u0022: \u00222.5\u0022, \u0022unit\u0022: \u0022inch\u0022}""}",22a59c90-e273-4dc5-95d2-307565d2a252,b06f8737-81f0-4442-8851-eb84e626e84f,Clear Skies,Clear Skies,{},echelons-of-fury_2nd-edition_clear-skies
7f1dd7e8-81c5-4766-afae-536307f94ed0,item,1,0,"{""obverse"": ""echelons-of-fury_2nd-edition_delaying-action"", ""reverse"": ""echelons-of-fury_card-back""}","{""name_printed"": ""Delaying Action"", ""subtitle"": ""Tactical Manuever"", ""item_dimensions"": ""{\u0022height\u0022: \u00223.5\u0022, \u0022width\u0022: \u00222.5\u0022, \u0022unit\u0022: \u0022inch\u0022}""}",22a59c90-e273-4dc5-95d2-307565d2a252,b06f8737-81f0-4442-8851-eb84e626e84f,Delaying Action,Delaying Action,{},echelons-of-fury_2nd-edition_delaying-action
7e4406ab-0f9a-495e-90d4-3e2991295c7a,item,1,0,"{""obverse"": ""echelons-of-fury_2nd-edition_dense-fog"", ""reverse"": ""echelons-of-fury_card-back""}","{""name_printed"": ""Dense Fog"", ""subtitle"": ""Weather"", ""item_dimensions"": ""{\u0022height\u0022: \u00223.5\u0022, \u0022width\u0022: \u00222.5\u0022, \u0022unit\u0022: \u0022inch\u0022}""}",22a59c90-e273-4dc5-95d2-307565d2a252,b06f8737-81f0-4442-8851-eb84e626e84f,Dense Fog,Dense Fog,{},echelons-of-fury_2nd-edition_dense-fog
57cba460-545a-4255-bf87-0e1b15580218,item,1,0,"{""obverse"": ""echelons-of-fury_2nd-edition_flammenwerfer"", ""reverse"": ""echelons-of-fury_card-back""}","{""name_printed"": ""Flammenwerfer"", ""subtitle"": ""Flame Thrower"", ""item_dimensions"": ""{\u0022height\u0022: \u00223.5\u0022, \u0022width\u0022: \u00222.5\u0022, \u0022unit\u0022: \u0022inch\u0022}""}",22a59c90-e273-4dc5-95d2-307565d2a252,b06f8737-81f0-4442-8851-eb84e626e84f,Flammenwerfer,Flammenwerfer,{},echelons-of-fury_2nd-edition_flammenwerfer
86a14bec-6db7-47e9-8ecf-3f9217f2d53d,item,1,0,"{""obverse"": ""echelons-of-fury_2nd-edition_foxhole"", ""reverse"": ""echelons-of-fury_card-back""}","{""name_printed"": ""Foxhole"", ""subtitle"": ""Emplacement"", ""item_dimensions"": ""{\u0022height\u0022: \u00223.5\u0022, \u0022width\u0022: \u00222.5\u0022, \u0022unit\u0022: \u0022inch\u0022}""}",22a59c90-e273-4dc5-95d2-307565d2a252,b06f8737-81f0-4442-8851-eb84e626e84f,Foxhole,Foxhole,{},echelons-of-fury_2nd-edition_foxhole
2d33050c-fef2-4ec4-ab1c-fcaaaa7760c1,item,1,0,"{""obverse"": ""echelons-of-fury_2nd-edition_foxholes"", ""reverse"": ""echelons-of-fury_card-back""}","{""name_printed"": ""Foxholes"", ""subtitle"": ""Emplacement"", ""item_dimensions"": ""{\u0022height\u0022: \u00223.5\u0022, \u0022width\u0022: \u00222.5\u0022, \u0022unit\u0022: \u0022inch\u0022}""}",22a59c90-e273-4dc5-95d2-307565d2a252,b06f8737-81f0-4442-8851-eb84e626e84f,Foxholes,Foxholes,{},echelons-of-fury_2nd-edition_foxholes
71bc041e-44d3-49b3-b37f-b0cc1474fa29,item,1,0,"{""obverse"": ""echelons-of-fury_2nd-edition_german-88mm-gun"", ""reverse"": ""echelons-of-fury_card-back""}","{""name_printed"": ""German 88mm Gun"", ""subtitle"": ""Anti-Tank Gun"", ""item_dimensions"": ""{\u0022height\u0022: \u00223.5\u0022, \u0022width\u0022: \u00222.5\u0022, \u0022unit\u0022: \u0022inch\u0022}""}",22a59c90-e273-4dc5-95d2-307565d2a252,b06f8737-81f0-4442-8851-eb84e626e84f,German 88mm Gun,German 88mm Gun,{},echelons-of-fury_2nd-edition_german-88mm-gun
dd56d050-49ea-4922-96ec-ee59aea5a1fe,item,1,0,"{""obverse"": ""echelons-of-fury_2nd-edition_german-fw-190"", ""reverse"": ""echelons-of-fury_card-back""}","{""name_printed"": ""German FW-190"", ""subtitle"": ""Aircraft"", ""item_dimensions"": ""{\u0022height\u0022: \u00223.5\u0022, \u0022width\u0022: \u00222.5\u0022, \u0022unit\u0022: \u0022inch\u0022}""}",22a59c90-e273-4dc5-95d2-307565d2a252,b06f8737-81f0-4442-8851-eb84e626e84f,German FW-190,German FW-190,{},echelons-of-fury_2nd-edition_german-fw-190
1d3a6384-1152-460f-a532-35a1ae417c23,item,1,0,"{""obverse"": ""echelons-of-fury_2nd-edition_german-lieutenant-(armor-leader)"", ""reverse"": ""echelons-of-fury_card-back""}","{""name_printed"": ""German Lieutenant"", ""functional_disambiguator"": ""Armor Leader"", ""subtitle"": ""Armor Leader"", ""item_dimensions"": ""{\u0022height\u0022: \u00223.5\u0022, \u0022width\u0022: \u00222.5\u0022, \u0022unit\u0022: \u0022inch\u0022}""}",22a59c90-e273-4dc5-95d2-307565d2a252,b06f8737-81f0-4442-8851-eb84e626e84f,German Lieutenant (Armor Leader),German Lieutenant (Armor Leader),{},echelons-of-fury_2nd-edition_german-lieutenant-(armor-leader)
122f316e-e949-4ec2-a3f2-e6dae1c38024,item,1,0,"{""obverse"": ""echelons-of-fury_2nd-edition_german-lieutenant-(platoon-leader)"", ""reverse"": ""echelons-of-fury_card-back""}","{""name_printed"": ""German Lieutenant"", ""functional_disambiguator"": ""Platoon Leader"", ""subtitle"": ""Platoon Leader"", ""item_dimensions"": ""{\u0022height\u0022: \u00223.5\u0022, \u0022width\u0022: \u00222.5\u0022, \u0022unit\u0022: \u0022inch\u0022}""}",22a59c90-e273-4dc5-95d2-307565d2a252,b06f8737-81f0-4442-8851-eb84e626e84f,German Lieutenant (Platoon Leader),German Lieutenant (Platoon Leader),{},echelons-of-fury_2nd-edition_german-lieutenant-(platoon-leader)
0dc65cb9-1222-4ad6-90a7-33364a41b49b,item,1,0,"{""obverse"": ""echelons-of-fury_2nd-edition_german-me-109"", ""reverse"": ""echelons-of-fury_card-back""}","{""name_printed"": ""German Me-109"", ""subtitle"": ""Aircraft"", ""item_dimensions"": ""{\u0022height\u0022: \u00223.5\u0022, \u0022width\u0022: \u00222.5\u0022, \u0022unit\u0022: \u0022inch\u0022}""}",22a59c90-e273-4dc5-95d2-307565d2a252,b06f8737-81f0-4442-8851-eb84e626e84f,German Me-109,German Me-109,{},echelons-of-fury_2nd-edition_german-me-109
537a2e60-757e-4c72-aa11-288fbeeb59f6,item,1,0,"{""obverse"": ""echelons-of-fury_2nd-edition_german-mg-34"", ""reverse"": ""echelons-of-fury_card-back""}","{""name_printed"": ""German MG-34"", ""subtitle"": ""Light Machine Gun"", ""item_dimensions"": ""{\u0022height\u0022: \u00223.5\u0022, \u0022width\u0022: \u00222.5\u0022, \u0022unit\u0022: \u0022inch\u0022}""}",22a59c90-e273-4dc5-95d2-307565d2a252,b06f8737-81f0-4442-8851-eb84e626e84f,German MG-34,German MG-34,{},echelons-of-fury_2nd-edition_german-mg-34
6b522166-756f-4d5d-9375-d5ecf6180a98,item,1,0,"{""obverse"": ""echelons-of-fury_2nd-edition_german-mg-42"", ""reverse"": ""echelons-of-fury_card-back""}","{""name_printed"": ""German MG-42"", ""subtitle"": ""Light Machine Gun"", ""item_dimensions"": ""{\u0022height\u0022: \u00223.5\u0022, \u0022width\u0022: \u00222.5\u0022, \u0022unit\u0022: \u0022inch\u0022}""}",22a59c90-e273-4dc5-95d2-307565d2a252,b06f8737-81f0-4442-8851-eb84e626e84f,German MG-42,German MG-42,{},echelons-of-fury_2nd-edition_german-mg-42
15a6aae1-300a-4011-83e9-e3e2cbc08ee1,item,1,0,"{""obverse"": ""echelons-of-fury_2nd-edition_german-panther"", ""reverse"": ""echelons-of-fury_card-back""}","{""name_printed"": ""German Panther"", ""subtitle"": ""Medium Tank"", ""item_dimensions"": ""{\u0022height\u0022: \u00223.5\u0022, \u0022width\u0022: \u00222.5\u0022, \u0022unit\u0022: \u0022inch\u0022}""}",22a59c90-e273-4dc5-95d2-307565d2a252,b06f8737-81f0-4442-8851-eb84e626e84f,German Panther,German Panther,{},echelons-of-fury_2nd-edition_german-panther
0f2dbef0-297c-4640-9325-0cd7b494590e,item,1,0,"{""obverse"": ""echelons-of-fury_2nd-edition_german-panzerfaust"", ""reverse"": ""echelons-of-fury_card-back""}","{""name_printed"": ""German Panzerfaust"", ""subtitle"": ""Grenade Launcher"", ""item_dimensions"": ""{\u0022height\u0022: \u00223.5\u0022, \u0022width\u0022: \u00222.5\u0022, \u0022unit\u0022: \u0022inch\u0022}""}",22a59c90-e273-4dc5-95d2-307565d2a252,b06f8737-81f0-4442-8851-eb84e626e84f,German Panzerfaust,German Panzerfaust,{},echelons-of-fury_2nd-edition_german-panzerfaust
f888c031-cf07-4efa-8d1c-f6f5e9154c3a,item,1,0,"{""obverse"": ""echelons-of-fury_2nd-edition_german-panzershreck"", ""reverse"": ""echelons-of-fury_card-back""}","{""name_printed"": ""German Panzershreck"", ""subtitle"": ""Rocket Launcher"", ""item_dimensions"": ""{\u0022height\u0022: \u00223.5\u0022, \u0022width\u0022: \u00222.5\u0022, \u0022unit\u0022: \u0022inch\u0022}""}",22a59c90-e273-4dc5-95d2-307565d2a252,b06f8737-81f0-4442-8851-eb84e626e84f,German Panzershreck,German Panzershreck,{},echelons-of-fury_2nd-edition_german-panzershreck
a8239c2a-2afb-4822-a76c-30a8a26d72a0,item,1,0,"{""obverse"": ""echelons-of-fury_2nd-edition_german-pz-iv-f2"", ""reverse"": ""echelons-of-fury_card-back""}","{""name_printed"": ""German Pz-IV F2"", ""subtitle"": ""Medium Tank"", ""item_dimensions"": ""{\u0022height\u0022: \u00223.5\u0022, \u0022width\u0022: \u00222.5\u0022, \u0022unit\u0022: \u0022inch\u0022}""}",22a59c90-e273-4dc5-95d2-307565d2a252,b06f8737-81f0-4442-8851-eb84e626e84f,German Pz-IV F2,German Pz-IV F2,{},echelons-of-fury_2nd-edition_german-pz-iv-f2
e7d182e7-0c35-4beb-bc05-b1ac0c245940,item,1,0,"{""obverse"": ""echelons-of-fury_2nd-edition_german-sdk-251"", ""reverse"": ""echelons-of-fury_card-back""}","{""name_printed"": ""German Sdk-251"", ""subtitle"": ""Infantry Transport"", ""item_dimensions"": ""{\u0022height\u0022: \u00223.5\u0022, \u0022width\u0022: \u00222.5\u0022, \u0022unit\u0022: \u0022inch\u0022}""}",22a59c90-e273-4dc5-95d2-307565d2a252,b06f8737-81f0-4442-8851-eb84e626e84f,German Sdk-251,German Sdk-251,{},echelons-of-fury_2nd-edition_german-sdk-251
910a6302-0722-41cd-96bf-a530157268c0,item,1,0,"{""obverse"": ""echelons-of-fury_2nd-edition_german-squad-(hitlerjugend-ss)"", ""reverse"": ""echelons-of-fury_card-back""}","{""name_printed"": ""German Squad"", ""functional_disambiguator"": ""Hitlerjugend SS"", ""subtitle"": ""Hitlerjugend SS"", ""item_dimensions"": ""{\u0022height\u0022: \u00223.5\u0022, \u0022width\u0022: \u00222.5\u0022, \u0022unit\u0022: \u0022inch\u0022}""}",22a59c90-e273-4dc5-95d2-307565d2a252,b06f8737-81f0-4442-8851-eb84e626e84f,German Squad (Hitlerjugend SS),German Squad (Hitlerjugend SS),{},echelons-of-fury_2nd-edition_german-squad-(hitlerjugend-ss)
ccd9dbda-2012-4566-af72-16b7b2da5cca,item,1,0,"{""obverse"": ""echelons-of-fury_2nd-edition_german-squad-(regulars)"", ""reverse"": ""echelons-of-fury_card-back""}","{""name_printed"": ""German Squad"", ""functional_disambiguator"": ""Regulars"", ""subtitle"": ""Regulars"", ""item_dimensions"": ""{\u0022height\u0022: \u00223.5\u0022, \u0022width\u0022: \u00222.5\u0022, \u0022unit\u0022: \u0022inch\u0022}""}",22a59c90-e273-4dc5-95d2-307565d2a252,b06f8737-81f0-4442-8851-eb84e626e84f,German Squad (Regulars),German Squad (Regulars),{},echelons-of-fury_2nd-edition_german-squad-(regulars)
40885d11-55fe-47ee-b081-6ce90e0ec947,third-party-document,0,0,"{""obverse"": ""echelons-of-fury_2nd-edition_german-ss-armor-leader"", ""reverse"": ""echelons-of-fury_card-back""}","{""name_printed"": ""German SS Armor Leader"", ""item_dimensions"": ""{\u0022height\u0022: \u00223.5\u0022, \u0022width\u0022: \u00222.5\u0022, \u0022unit\u0022: \u0022inch\u0022}""}",22a59c90-e273-4dc5-95d2-307565d2a252,b06f8737-81f0-4442-8851-eb84e626e84f,German SS Armor Leader,German SS Armor Leader,{},echelons-of-fury_2nd-edition_german-ss-armor-leader
338819cb-bb1d-47cd-96b4-63896c67206f,item,1,0,"{""obverse"": ""echelons-of-fury_2nd-edition_german-stg-iii"", ""reverse"": ""echelons-of-fury_card-back""}","{""name_printed"": ""German STG-III"", ""subtitle"": ""Assault Gun"", ""item_dimensions"": ""{\u0022height\u0022: \u00223.5\u0022, \u0022width\u0022: \u00222.5\u0022, \u0022unit\u0022: \u0022inch\u0022}""}",22a59c90-e273-4dc5-95d2-307565d2a252,b06f8737-81f0-4442-8851-eb84e626e84f,German STG-III,German STG-III,{},echelons-of-fury_2nd-edition_german-stg-iii
33069482-8f98-4913-9cc9-cbefc5c49822,item,1,0,"{""obverse"": ""echelons-of-fury_2nd-edition_german-storch"", ""reverse"": ""echelons-of-fury_card-back""}","{""name_printed"": ""German Storch"", ""subtitle"": ""Reconnaissance Aircraft"", ""item_dimensions"": ""{\u0022height\u0022: \u00223.5\u0022, \u0022width\u0022: \u00222.5\u0022, \u0022unit\u0022: \u0022inch\u0022}""}",22a59c90-e273-4dc5-95d2-307565d2a252,b06f8737-81f0-4442-8851-eb84e626e84f,German Storch,German Storch,{},echelons-of-fury_2nd-edition_german-storch
6d9b8e03-da63-4e42-a324-ae7e98d763ab,item,1,0,"{""obverse"": ""echelons-of-fury_2nd-edition_german-tiger-i"", ""reverse"": ""echelons-of-fury_card-back""}","{""name_printed"": ""German Tiger I"", ""subtitle"": ""Heavy Tank"", ""item_dimensions"": ""{\u0022height\u0022: \u00223.5\u0022, \u0022width\u0022: \u00222.5\u0022, \u0022unit\u0022: \u0022inch\u0022}""}",22a59c90-e273-4dc5-95d2-307565d2a252,b06f8737-81f0-4442-8851-eb84e626e84f,German Tiger I,German Tiger I,{},echelons-of-fury_2nd-edition_german-tiger-i
3369ff08-a871-4570-93c6-7b6bf90f3344,item,1,0,"{""obverse"": ""echelons-of-fury_2nd-edition_german-tiger-ii"", ""reverse"": ""echelons-of-fury_card-back""}","{""name_printed"": ""German Tiger II"", ""subtitle"": ""Heavy Tank"", ""item_dimensions"": ""{\u0022height\u0022: \u00223.5\u0022, \u0022width\u0022: \u00222.5\u0022, \u0022unit\u0022: \u0022inch\u0022}""}",22a59c90-e273-4dc5-95d2-307565d2a252,b06f8737-81f0-4442-8851-eb84e626e84f,German Tiger II,German Tiger II,{},echelons-of-fury_2nd-edition_german-tiger-ii
4f2bd2fd-4a55-451e-9635-a84c3573e121,item,1,0,"{""obverse"": ""echelons-of-fury_2nd-edition_grenades-(fragmentation-grenades)"", ""reverse"": ""echelons-of-fury_card-back""}","{""name_printed"": ""Grenades"", ""functional_disambiguator"": ""Fragmentation Grenades"", ""subtitle"": ""Fragmentation Grenades"", ""item_dimensions"": ""{\u0022height\u0022: \u00223.5\u0022, \u0022width\u0022: \u00222.5\u0022, \u0022unit\u0022: \u0022inch\u0022}""}",22a59c90-e273-4dc5-95d2-307565d2a252,b06f8737-81f0-4442-8851-eb84e626e84f,Grenades (Fragmentation Grenades),Grenades (Fragmentation Grenades),{},echelons-of-fury_2nd-edition_grenades-(fragmentation-grenades)
fc5b7ed9-6070-4703-a70f-7b5d9a92fff9,item,1,0,"{""obverse"": ""echelons-of-fury_2nd-edition_grenades-(smoke-grenades)"", ""reverse"": ""echelons-of-fury_card-back""}","{""name_printed"": ""Grenades"", ""functional_disambiguator"": ""Smoke Grenades"", ""subtitle"": ""Smoke Grenades"", ""item_dimensions"": ""{\u0022height\u0022: \u00223.5\u0022, \u0022width\u0022: \u00222.5\u0022, \u0022unit\u0022: \u0022inch\u0022}""}",22a59c90-e273-4dc5-95d2-307565d2a252,b06f8737-81f0-4442-8851-eb84e626e84f,Grenades (Smoke Grenades),Grenades (Smoke Grenades),{},echelons-of-fury_2nd-edition_grenades-(smoke-grenades)
0385a1c4-b14e-48d6-8044-9ff79b2c109a,item,1,0,"{""obverse"": ""echelons-of-fury_2nd-edition_heavy-rain"", ""reverse"": ""echelons-of-fury_card-back""}","{""name_printed"": ""Heavy Rain"", ""subtitle"": ""Weather"", ""item_dimensions"": ""{\u0022height\u0022: \u00223.5\u0022, \u0022width\u0022: \u00222.5\u0022, \u0022unit\u0022: \u0022inch\u0022}""}",22a59c90-e273-4dc5-95d2-307565d2a252,b06f8737-81f0-4442-8851-eb84e626e84f,Heavy Rain,Heavy Rain,{},echelons-of-fury_2nd-edition_heavy-rain
93a1230c-be9b-4095-ab4f-c97314ee6b24,item,1,0,"{""obverse"": ""echelons-of-fury_2nd-edition_heavy-snow"", ""reverse"": ""echelons-of-fury_card-back""}","{""name_printed"": ""Heavy Snow"", ""subtitle"": ""Weather"", ""item_dimensions"": ""{\u0022height\u0022: \u00223.5\u0022, \u0022width\u0022: \u00222.5\u0022, \u0022unit\u0022: \u0022inch\u0022}""}",22a59c90-e273-4dc5-95d2-307565d2a252,b06f8737-81f0-4442-8851-eb84e626e84f,Heavy Snow,Heavy Snow,{},echelons-of-fury_2nd-edition_heavy-snow
6a2b6077-0362-4e75-b708-af804f3b57bd,item,1,0,"{""obverse"": ""echelons-of-fury_2nd-edition_hills-(no-effect)"", ""reverse"": ""echelons-of-fury_card-back""}","{""name_printed"": ""Hills"", ""functional_disambiguator"": ""No Effect"", ""item_dimensions"": ""{\u0022height\u0022: \u00223.5\u0022, \u0022width\u0022: \u00222.5\u0022, \u0022unit\u0022: \u0022inch\u0022}""}",22a59c90-e273-4dc5-95d2-307565d2a252,b06f8737-81f0-4442-8851-eb84e626e84f,Hills (No Effect),Hills (No Effect),{},echelons-of-fury_2nd-edition_hills-(no-effect)
82deea9e-6a9e-48ff-ad5d-e39e6d9a2ae5,item,1,0,"{""obverse"": ""echelons-of-fury_2nd-edition_hull-down"", ""reverse"": ""echelons-of-fury_card-back""}","{""name_printed"": ""Hull Down"", ""subtitle"": ""Emplacement"", ""item_dimensions"": ""{\u0022height\u0022: \u00223.5\u0022, \u0022width\u0022: \u00222.5\u0022, \u0022unit\u0022: \u0022inch\u0022}""}",22a59c90-e273-4dc5-95d2-307565d2a252,b06f8737-81f0-4442-8851-eb84e626e84f,Hull Down,Hull Down,{},echelons-of-fury_2nd-edition_hull-down
e607c12b-f1a0-4a79-98cc-7038b906e122,item,1,0,"{""obverse"": ""echelons-of-fury_2nd-edition_left-flanking"", ""reverse"": ""echelons-of-fury_card-back""}","{""name_printed"": ""Left Flanking"", ""item_dimensions"": ""{\u0022height\u0022: \u00223.5\u0022, \u0022width\u0022: \u00222.5\u0022, \u0022unit\u0022: \u0022inch\u0022}""}",22a59c90-e273-4dc5-95d2-307565d2a252,b06f8737-81f0-4442-8851-eb84e626e84f,Left Flanking,Left Flanking,{},echelons-of-fury_2nd-edition_left-flanking
a3677960-36a2-40e3-b4a8-b1d67c4506fe,item,1,0,"{""obverse"": ""echelons-of-fury_2nd-edition_light-rain"", ""reverse"": ""echelons-of-fury_card-back""}","{""name_printed"": ""Light Rain"", ""subtitle"": ""Weather"", ""item_dimensions"": ""{\u0022height\u0022: \u00223.5\u0022, \u0022width\u0022: \u00222.5\u0022, \u0022unit\u0022: \u0022inch\u0022}""}",22a59c90-e273-4dc5-95d2-307565d2a252,b06f8737-81f0-4442-8851-eb84e626e84f,Light Rain,Light Rain,{},echelons-of-fury_2nd-edition_light-rain
dab6303f-b3ad-4a10-9213-d20fbcca86f7,item,1,0,"{""obverse"": ""echelons-of-fury_2nd-edition_medic-team"", ""reverse"": ""echelons-of-fury_card-back""}","{""name_printed"": ""Medic Team"", ""subtitle"": ""Medical Technicians"", ""item_dimensions"": ""{\u0022height\u0022: \u00223.5\u0022, \u0022width\u0022: \u00222.5\u0022, \u0022unit\u0022: \u0022inch\u0022}""}",22a59c90-e273-4dc5-95d2-307565d2a252,b06f8737-81f0-4442-8851-eb84e626e84f,Medic Team,Medic Team,{},echelons-of-fury_2nd-edition_medic-team
38467885-0a53-4375-808d-7455b52c59a0,item,1,0,"{""obverse"": ""echelons-of-fury_2nd-edition_night"", ""reverse"": ""echelons-of-fury_card-back""}","{""name_printed"": ""Night"", ""subtitle"": ""Condition"", ""item_dimensions"": ""{\u0022height\u0022: \u00223.5\u0022, \u0022width\u0022: \u00222.5\u0022, \u0022unit\u0022: \u0022inch\u0022}""}",22a59c90-e273-4dc5-95d2-307565d2a252,b06f8737-81f0-4442-8851-eb84e626e84f,Night,Night,{},echelons-of-fury_2nd-edition_night
3e5ea098-57e9-43ed-a4fc-f7b4a72c5447,item,1,0,"{""obverse"": ""echelons-of-fury_2nd-edition_open"", ""reverse"": ""echelons-of-fury_card-back""}","{""name_printed"": ""Open"", ""item_dimensions"": ""{\u0022height\u0022: \u00223.5\u0022, \u0022width\u0022: \u00222.5\u0022, \u0022unit\u0022: \u0022inch\u0022}""}",22a59c90-e273-4dc5-95d2-307565d2a252,b06f8737-81f0-4442-8851-eb84e626e84f,Open,Open,{},echelons-of-fury_2nd-edition_open
7389021c-5282-427c-86b5-1f8f26a8c25d,item,1,0,"{""obverse"": ""echelons-of-fury_2nd-edition_radio-net"", ""reverse"": ""echelons-of-fury_card-back""}","{""name_printed"": ""Radio Net"", ""subtitle"": ""Communications"", ""item_dimensions"": ""{\u0022height\u0022: \u00223.5\u0022, \u0022width\u0022: \u00222.5\u0022, \u0022unit\u0022: \u0022inch\u0022}""}",22a59c90-e273-4dc5-95d2-307565d2a252,b06f8737-81f0-4442-8851-eb84e626e84f,Radio Net,Radio Net,{},echelons-of-fury_2nd-edition_radio-net
e879ed45-5430-4403-86bf-5876a682c040,item,1,0,"{""obverse"": ""echelons-of-fury_2nd-edition_recon"", ""reverse"": ""echelons-of-fury_card-back""}","{""name_printed"": ""Recon"", ""subtitle"": ""Reconnaissance"", ""item_dimensions"": ""{\u0022height\u0022: \u00223.5\u0022, \u0022width\u0022: \u00222.5\u0022, \u0022unit\u0022: \u0022inch\u0022}""}",22a59c90-e273-4dc5-95d2-307565d2a252,b06f8737-81f0-4442-8851-eb84e626e84f,Recon,Recon,{},echelons-of-fury_2nd-edition_recon
7a3aa646-6bd0-48f7-bb01-dafb74f67e10,item,1,0,"{""obverse"": ""echelons-of-fury_2nd-edition_right-flanking"", ""reverse"": ""echelons-of-fury_card-back""}","{""name_printed"": ""Right Flanking"", ""item_dimensions"": ""{\u0022height\u0022: \u00223.5\u0022, \u0022width\u0022: \u00222.5\u0022, \u0022unit\u0022: \u0022inch\u0022}""}",22a59c90-e273-4dc5-95d2-307565d2a252,b06f8737-81f0-4442-8851-eb84e626e84f,Right Flanking,Right Flanking,{},echelons-of-fury_2nd-edition_right-flanking
64ba7b34-0d12-4f6e-a904-50889ff15828,item,1,0,"{""obverse"": ""echelons-of-fury_2nd-edition_river"", ""reverse"": ""echelons-of-fury_card-back""}","{""name_printed"": ""River"", ""item_dimensions"": ""{\u0022height\u0022: \u00223.5\u0022, \u0022width\u0022: \u00222.5\u0022, \u0022unit\u0022: \u0022inch\u0022}""}",22a59c90-e273-4dc5-95d2-307565d2a252,b06f8737-81f0-4442-8851-eb84e626e84f,River,River,{},echelons-of-fury_2nd-edition_river
1e52cdf8-0c46-4799-85ed-da0e950c93b9,item,1,0,"{""obverse"": ""echelons-of-fury_2nd-edition_roadblock"", ""reverse"": ""echelons-of-fury_card-back""}","{""name_printed"": ""Roadblock"", ""subtitle"": ""Obstruction"", ""item_dimensions"": ""{\u0022height\u0022: \u00223.5\u0022, \u0022width\u0022: \u00222.5\u0022, \u0022unit\u0022: \u0022inch\u0022}""}",22a59c90-e273-4dc5-95d2-307565d2a252,b06f8737-81f0-4442-8851-eb84e626e84f,Roadblock,Roadblock,{},echelons-of-fury_2nd-edition_roadblock
733bab5a-d5de-4018-a24b-32e95e0782d8,item,1,0,"{""obverse"": ""echelons-of-fury_2nd-edition_sand-bagged-postition"", ""reverse"": ""echelons-of-fury_card-back""}","{""name_printed"": ""Sand Bagged Postition"", ""subtitle"": ""Emplacement"", ""item_dimensions"": ""{\u0022height\u0022: \u00223.5\u0022, \u0022width\u0022: \u00222.5\u0022, \u0022unit\u0022: \u0022inch\u0022}""}",22a59c90-e273-4dc5-95d2-307565d2a252,b06f8737-81f0-4442-8851-eb84e626e84f,Sand Bagged Postition,Sand Bagged Postition,{},echelons-of-fury_2nd-edition_sand-bagged-postition
6664568e-723d-4a70-8ca3-d146e5034464,item,1,0,"{""obverse"": ""echelons-of-fury_2nd-edition_supply-(ammunition)"", ""reverse"": ""echelons-of-fury_card-back""}","{""name_printed"": ""Supply"", ""functional_disambiguator"": ""Ammunition"", ""subtitle"": ""Ammunition"", ""item_dimensions"": ""{\u0022height\u0022: \u00223.5\u0022, \u0022width\u0022: \u00222.5\u0022, \u0022unit\u0022: \u0022inch\u0022}""}",22a59c90-e273-4dc5-95d2-307565d2a252,b06f8737-81f0-4442-8851-eb84e626e84f,Supply (Ammunition),Supply (Ammunition),{},echelons-of-fury_2nd-edition_supply-(ammunition)
0f09e01b-0ecc-4b6f-91be-e35eccab59f6,item,1,0,"{""obverse"": ""echelons-of-fury_2nd-edition_supply-(fuel-2x)"", ""reverse"": ""echelons-of-fury_card-back""}","{""name_printed"": ""Supply"", ""functional_disambiguator"": ""Fuel 2x"", ""subtitle"": ""Fuel"", ""item_dimensions"": ""{\u0022height\u0022: \u00223.5\u0022, \u0022width\u0022: \u00222.5\u0022, \u0022unit\u0022: \u0022inch\u0022}""}",22a59c90-e273-4dc5-95d2-307565d2a252,b06f8737-81f0-4442-8851-eb84e626e84f,Supply (Fuel 2x),Supply (Fuel 2x),{},echelons-of-fury_2nd-edition_supply-(fuel-2x)
9fbdeb92-9fb4-40ff-9b86-551d9d21684f,item,1,0,"{""obverse"": ""echelons-of-fury_2nd-edition_supply-(fuel)"", ""reverse"": ""echelons-of-fury_card-back""}","{""name_printed"": ""Supply"", ""functional_disambiguator"": ""Fuel"", ""subtitle"": ""Fuel"", ""item_dimensions"": ""{\u0022height\u0022: \u00223.5\u0022, \u0022width\u0022: \u00222.5\u0022, \u0022unit\u0022: \u0022inch\u0022}""}",22a59c90-e273-4dc5-95d2-307565d2a252,b06f8737-81f0-4442-8851-eb84e626e84f,Supply (Fuel),Supply (Fuel),{},echelons-of-fury_2nd-edition_supply-(fuel)
4b39f641-4a6d-4d68-9c19-4770a094bea4,item,1,0,"{""obverse"": ""echelons-of-fury_2nd-edition_thrust"", ""reverse"": ""echelons-of-fury_card-back""}","{""name_printed"": ""Thrust"", ""item_dimensions"": ""{\u0022height\u0022: \u00223.5\u0022, \u0022width\u0022: \u00222.5\u0022, \u0022unit\u0022: \u0022inch\u0022}""}",22a59c90-e273-4dc5-95d2-307565d2a252,b06f8737-81f0-4442-8851-eb84e626e84f,Thrust,Thrust,{},echelons-of-fury_2nd-edition_thrust
145331df-fe45-4068-9b47-728e76d6dfbe,item,1,0,"{""obverse"": ""echelons-of-fury_2nd-edition_town-[no-snow]"", ""reverse"": ""echelons-of-fury_card-back""}","{""name_printed"": ""Town"", ""variant_disambiguator"": ""No Snow"", ""item_dimensions"": ""{\u0022height\u0022: \u00223.5\u0022, \u0022width\u0022: \u00222.5\u0022, \u0022unit\u0022: \u0022inch\u0022}""}",22a59c90-e273-4dc5-95d2-307565d2a252,b06f8737-81f0-4442-8851-eb84e626e84f,Town,Town [No Snow],{},echelons-of-fury_2nd-edition_town-[no-snow]
51671246-5771-4ed7-9e9b-052768463e68,item,1,0,"{""obverse"": ""echelons-of-fury_2nd-edition_town-[snow]"", ""reverse"": ""echelons-of-fury_card-back""}","{""name_printed"": ""Town"", ""variant_disambiguator"": ""Snow"", ""item_dimensions"": ""{\u0022height\u0022: \u00223.5\u0022, \u0022width\u0022: \u00222.5\u0022, \u0022unit\u0022: \u0022inch\u0022}""}",22a59c90-e273-4dc5-95d2-307565d2a252,b06f8737-81f0-4442-8851-eb84e626e84f,Town,Town [Snow],{},echelons-of-fury_2nd-edition_town-[snow]
c8be125f-3e94-4c23-865a-8b6c75ffc79e,item,1,0,"{""obverse"": ""echelons-of-fury_2nd-edition_u-s---30-cal--lmg"", ""reverse"": ""echelons-of-fury_card-back""}","{""name_printed"": ""U.S. .30 Cal. LMG"", ""subtitle"": ""Light Machine Gun"", ""item_dimensions"": ""{\u0022height\u0022: \u00223.5\u0022, \u0022width\u0022: \u00222.5\u0022, \u0022unit\u0022: \u0022inch\u0022}""}",22a59c90-e273-4dc5-95d2-307565d2a252,b06f8737-81f0-4442-8851-eb84e626e84f,U.S. .30 Cal. LMG,U.S. .30 Cal. LMG,{},echelons-of-fury_2nd-edition_u-s---30-cal--lmg
abf86cfa-f32e-4eb6-be63-b749699b6bbe,item,1,0,"{""obverse"": ""echelons-of-fury_2nd-edition_u-s---50-caliber"", ""reverse"": ""echelons-of-fury_card-back""}","{""name_printed"": ""U.S. .50 caliber"", ""subtitle"": ""Heavy Machine Gun"", ""item_dimensions"": ""{\u0022height\u0022: \u00223.5\u0022, \u0022width\u0022: \u00222.5\u0022, \u0022unit\u0022: \u0022inch\u0022}""}",22a59c90-e273-4dc5-95d2-307565d2a252,b06f8737-81f0-4442-8851-eb84e626e84f,U.S. .50 caliber,U.S. .50 caliber,{},echelons-of-fury_2nd-edition_u-s---50-caliber
6a4d8e4d-8bff-4924-86d5-4416e8a23768,item,1,0,"{""obverse"": ""echelons-of-fury_2nd-edition_u-s--1st-lieutenant"", ""reverse"": ""echelons-of-fury_card-back""}","{""name_printed"": ""U.S. 1st Lieutenant"", ""subtitle"": ""Airborne Platoon Leader"", ""item_dimensions"": ""{\u0022height\u0022: \u00223.5\u0022, \u0022width\u0022: \u00222.5\u0022, \u0022unit\u0022: \u0022inch\u0022}""}",22a59c90-e273-4dc5-95d2-307565d2a252,b06f8737-81f0-4442-8851-eb84e626e84f,U.S. 1st Lieutenant,U.S. 1st Lieutenant,{},echelons-of-fury_2nd-edition_u-s--1st-lieutenant
c92ca509-433c-4154-a712-ca4ec8c20ec4,item,1,0,"{""obverse"": ""echelons-of-fury_2nd-edition_u-s--2-36--bazooka"", ""reverse"": ""echelons-of-fury_card-back""}","{""name_printed"": ""U.S. 2.36\u0022 Bazooka"", ""subtitle"": ""Rocket Launcher"", ""item_dimensions"": ""{\u0022height\u0022: \u00223.5\u0022, \u0022width\u0022: \u00222.5\u0022, \u0022unit\u0022: \u0022inch\u0022}""}",22a59c90-e273-4dc5-95d2-307565d2a252,b06f8737-81f0-4442-8851-eb84e626e84f,"U.S. 2.36"" Bazooka","U.S. 2.36"" Bazooka",{},echelons-of-fury_2nd-edition_u-s--2-36--bazooka
7c99eb2b-5cea-41ca-9581-bcb84bd0cf11,item,1,0,"{""obverse"": ""echelons-of-fury_2nd-edition_u-s--2nd-lieutenant-(armor-leader)"", ""reverse"": ""echelons-of-fury_card-back""}","{""name_printed"": ""U.S. 2nd Lieutenant"", ""functional_disambiguator"": ""Armor Leader"", ""subtitle"": ""Armor Leader"", ""item_dimensions"": ""{\u0022height\u0022: \u00223.5\u0022, \u0022width\u0022: \u00222.5\u0022, \u0022unit\u0022: \u0022inch\u0022}""}",22a59c90-e273-4dc5-95d2-307565d2a252,b06f8737-81f0-4442-8851-eb84e626e84f,U.S. 2nd Lieutenant (Armor Leader),U.S. 2nd Lieutenant (Armor Leader),{},echelons-of-fury_2nd-edition_u-s--2nd-lieutenant-(armor-leader)
af39f1d1-08a0-416c-ae46-154ddc426c0f,item,1,0,"{""obverse"": ""echelons-of-fury_2nd-edition_u-s--2nd-lieutenant-(platoon-leader)"", ""reverse"": ""echelons-of-fury_card-back""}","{""name_printed"": ""U.S. 2nd Lieutenant"", ""functional_disambiguator"": ""Platoon Leader"", ""subtitle"": ""Platoon Leader"", ""item_dimensions"": ""{\u0022height\u0022: \u00223.5\u0022, \u0022width\u0022: \u00222.5\u0022, \u0022unit\u0022: \u0022inch\u0022}""}",22a59c90-e273-4dc5-95d2-307565d2a252,b06f8737-81f0-4442-8851-eb84e626e84f,U.S. 2nd Lieutenant (Platoon Leader),U.S. 2nd Lieutenant (Platoon Leader),{},echelons-of-fury_2nd-edition_u-s--2nd-lieutenant-(platoon-leader)
eb6292b5-133f-417d-8312-ff12666a0123,item,1,0,"{""obverse"": ""echelons-of-fury_2nd-edition_u-s--57mm-gun"", ""reverse"": ""echelons-of-fury_card-back""}","{""name_printed"": ""U.S. 57mm Gun"", ""subtitle"": ""Anti-Tank Gun"", ""item_dimensions"": ""{\u0022height\u0022: \u00223.5\u0022, \u0022width\u0022: \u00222.5\u0022, \u0022unit\u0022: \u0022inch\u0022}""}",22a59c90-e273-4dc5-95d2-307565d2a252,b06f8737-81f0-4442-8851-eb84e626e84f,U.S. 57mm Gun,U.S. 57mm Gun,{},echelons-of-fury_2nd-edition_u-s--57mm-gun
eba57cc2-f9a4-4aa0-9a5a-a2438a6a0349,item,1,0,"{""obverse"": ""echelons-of-fury_2nd-edition_u-s--81mm-mortar"", ""reverse"": ""echelons-of-fury_card-back""}","{""name_printed"": ""U.S. 81mm Mortar"", ""subtitle"": ""Medium Mortar"", ""item_dimensions"": ""{\u0022height\u0022: \u00223.5\u0022, \u0022width\u0022: \u00222.5\u0022, \u0022unit\u0022: \u0022inch\u0022}""}",22a59c90-e273-4dc5-95d2-307565d2a252,b06f8737-81f0-4442-8851-eb84e626e84f,U.S. 81mm Mortar,U.S. 81mm Mortar,{},echelons-of-fury_2nd-edition_u-s--81mm-mortar
e8ac6a33-0ca9-41f4-80cc-54cd8fc41d0c,item,1,0,"{""obverse"": ""echelons-of-fury_2nd-edition_u-s--autorifleman"", ""reverse"": ""echelons-of-fury_card-back""}","{""name_printed"": ""U.S. Autorifleman"", ""subtitle"": ""Autorifleman"", ""item_dimensions"": ""{\u0022height\u0022: \u00223.5\u0022, \u0022width\u0022: \u00222.5\u0022, \u0022unit\u0022: \u0022inch\u0022}""}",22a59c90-e273-4dc5-95d2-307565d2a252,b06f8737-81f0-4442-8851-eb84e626e84f,U.S. Autorifleman,U.S. Autorifleman,{},echelons-of-fury_2nd-edition_u-s--autorifleman
b1e706aa-c46c-473d-b08e-70df7ed3efaa,item,1,0,"{""obverse"": ""echelons-of-fury_2nd-edition_u-s--douglas-c-47"", ""reverse"": ""echelons-of-fury_card-back""}","{""name_printed"": ""U.S. Douglas C-47"", ""subtitle"": ""Aircraft (Transport)"", ""item_dimensions"": ""{\u0022height\u0022: \u00223.5\u0022, \u0022width\u0022: \u00222.5\u0022, \u0022unit\u0022: \u0022inch\u0022}""}",22a59c90-e273-4dc5-95d2-307565d2a252,b06f8737-81f0-4442-8851-eb84e626e84f,U.S. Douglas C-47,U.S. Douglas C-47,{},echelons-of-fury_2nd-edition_u-s--douglas-c-47
57688dbc-ae61-4756-802d-afd044b37286,item,1,0,"{""obverse"": ""echelons-of-fury_2nd-edition_u-s--m-26-pershing"", ""reverse"": ""echelons-of-fury_card-back""}","{""name_printed"": ""U.S. M-26 Pershing"", ""subtitle"": ""Heavy Tank"", ""item_dimensions"": ""{\u0022height\u0022: \u00223.5\u0022, \u0022width\u0022: \u00222.5\u0022, \u0022unit\u0022: \u0022inch\u0022}""}",22a59c90-e273-4dc5-95d2-307565d2a252,b06f8737-81f0-4442-8851-eb84e626e84f,U.S. M-26 Pershing,U.S. M-26 Pershing,{},echelons-of-fury_2nd-edition_u-s--m-26-pershing
2cf88b45-b285-467d-a32d-65ea37197dbc,item,1,0,"{""obverse"": ""echelons-of-fury_2nd-edition_u-s--m-3-halftrack"", ""reverse"": ""echelons-of-fury_card-back""}","{""name_printed"": ""U.S. M-3 Halftrack"", ""subtitle"": ""Infantry Transport"", ""item_dimensions"": ""{\u0022height\u0022: \u00223.5\u0022, \u0022width\u0022: \u00222.5\u0022, \u0022unit\u0022: \u0022inch\u0022}""}",22a59c90-e273-4dc5-95d2-307565d2a252,b06f8737-81f0-4442-8851-eb84e626e84f,U.S. M-3 Halftrack,U.S. M-3 Halftrack,{},echelons-of-fury_2nd-edition_u-s--m-3-halftrack
20877791-5ec3-4207-b2a8-7fc1484511ad,item,1,0,"{""obverse"": ""echelons-of-fury_2nd-edition_u-s--m-4-sherman"", ""reverse"": ""echelons-of-fury_card-back""}","{""name_printed"": ""U.S. M-4 Sherman"", ""subtitle"": ""Medium Tank"", ""item_dimensions"": ""{\u0022height\u0022: \u00223.5\u0022, \u0022width\u0022: \u00222.5\u0022, \u0022unit\u0022: \u0022inch\u0022}""}",22a59c90-e273-4dc5-95d2-307565d2a252,b06f8737-81f0-4442-8851-eb84e626e84f,U.S. M-4 Sherman,U.S. M-4 Sherman,{},echelons-of-fury_2nd-edition_u-s--m-4-sherman
ee02a4a0-dca5-4a7f-a8a9-90439b21a0e0,item,1,0,"{""obverse"": ""echelons-of-fury_2nd-edition_u-s--m-5-stuart"", ""reverse"": ""echelons-of-fury_card-back""}","{""name_printed"": ""U.S. M-5 Stuart"", ""subtitle"": ""Light Tank"", ""item_dimensions"": ""{\u0022height\u0022: \u00223.5\u0022, \u0022width\u0022: \u00222.5\u0022, \u0022unit\u0022: \u0022inch\u0022}""}",22a59c90-e273-4dc5-95d2-307565d2a252,b06f8737-81f0-4442-8851-eb84e626e84f,U.S. M-5 Stuart,U.S. M-5 Stuart,{},echelons-of-fury_2nd-edition_u-s--m-5-stuart
5c98c1f0-3bf1-4968-b32a-b318de4b11ef,item,1,0,"{""obverse"": ""echelons-of-fury_2nd-edition_u-s--m-7-priest"", ""reverse"": ""echelons-of-fury_card-back""}","{""name_printed"": ""U.S. M-7 Priest"", ""subtitle"": ""Self-Propelled Artillery"", ""item_dimensions"": ""{\u0022height\u0022: \u00223.5\u0022, \u0022width\u0022: \u00222.5\u0022, \u0022unit\u0022: \u0022inch\u0022}""}",22a59c90-e273-4dc5-95d2-307565d2a252,b06f8737-81f0-4442-8851-eb84e626e84f,U.S. M-7 Priest,U.S. M-7 Priest,{},echelons-of-fury_2nd-edition_u-s--m-7-priest
a776205f-8795-418f-8d80-174f96be3e37,item,1,0,"{""obverse"": ""echelons-of-fury_2nd-edition_u-s--m-8-greyhound"", ""reverse"": ""echelons-of-fury_card-back""}","{""name_printed"": ""U.S. M-8 Greyhound"", ""subtitle"": ""Armored Car"", ""item_dimensions"": ""{\u0022height\u0022: \u00223.5\u0022, \u0022width\u0022: \u00222.5\u0022, \u0022unit\u0022: \u0022inch\u0022}""}",22a59c90-e273-4dc5-95d2-307565d2a252,b06f8737-81f0-4442-8851-eb84e626e84f,U.S. M-8 Greyhound,U.S. M-8 Greyhound,{},echelons-of-fury_2nd-edition_u-s--m-8-greyhound
8d0a5209-8cd0-440a-b503-5b4b84c20821,item,1,0,"{""obverse"": ""echelons-of-fury_2nd-edition_u-s--p-47-thunderbolt"", ""reverse"": ""echelons-of-fury_card-back""}","{""name_printed"": ""U.S. P-47 Thunderbolt"", ""subtitle"": ""Aircraft"", ""item_dimensions"": ""{\u0022height\u0022: \u00223.5\u0022, \u0022width\u0022: \u00222.5\u0022, \u0022unit\u0022: \u0022inch\u0022}""}",22a59c90-e273-4dc5-95d2-307565d2a252,b06f8737-81f0-4442-8851-eb84e626e84f,U.S. P-47 Thunderbolt,U.S. P-47 Thunderbolt,{},echelons-of-fury_2nd-edition_u-s--p-47-thunderbolt
c8c9f658-26f9-4731-a517-ea68aaa7185e,item,1,0,"{""obverse"": ""echelons-of-fury_2nd-edition_u-s--p-51-mustang"", ""reverse"": ""echelons-of-fury_card-back""}","{""name_printed"": ""U.S. P-51 Mustang"", ""subtitle"": ""Aircraft"", ""item_dimensions"": ""{\u0022height\u0022: \u00223.5\u0022, \u0022width\u0022: \u00222.5\u0022, \u0022unit\u0022: \u0022inch\u0022}""}",22a59c90-e273-4dc5-95d2-307565d2a252,b06f8737-81f0-4442-8851-eb84e626e84f,U.S. P-51 Mustang,U.S. P-51 Mustang,{},echelons-of-fury_2nd-edition_u-s--p-51-mustang
06362690-dd61-4c12-ab83-691a47e90fa2,item,1,0,"{""obverse"": ""echelons-of-fury_2nd-edition_u-s--squad-(airborne)"", ""reverse"": ""echelons-of-fury_card-back""}","{""name_printed"": ""U.S. Squad"", ""functional_disambiguator"": ""Airborne"", ""subtitle"": ""Airborne"", ""item_dimensions"": ""{\u0022height\u0022: \u00223.5\u0022, \u0022width\u0022: \u00222.5\u0022, \u0022unit\u0022: \u0022inch\u0022}""}",22a59c90-e273-4dc5-95d2-307565d2a252,b06f8737-81f0-4442-8851-eb84e626e84f,U.S. Squad (Airborne),U.S. Squad (Airborne),{},echelons-of-fury_2nd-edition_u-s--squad-(airborne)
bb673846-abe3-4122-9bc1-262215074f79,item,1,0,"{""obverse"": ""echelons-of-fury_2nd-edition_u-s--squad-(regulars)"", ""reverse"": ""echelons-of-fury_card-back""}","{""name_printed"": ""U.S. Squad"", ""functional_disambiguator"": ""Regulars"", ""subtitle"": ""Regulars"", ""item_dimensions"": ""{\u0022height\u0022: \u00223.5\u0022, \u0022width\u0022: \u00222.5\u0022, \u0022unit\u0022: \u0022inch\u0022}""}",22a59c90-e273-4dc5-95d2-307565d2a252,b06f8737-81f0-4442-8851-eb84e626e84f,U.S. Squad (Regulars),U.S. Squad (Regulars),{},echelons-of-fury_2nd-edition_u-s--squad-(regulars)
6825906f-b12b-4f0c-ba76-bddbdf96de9c,item,1,0,"{""obverse"": ""echelons-of-fury_2nd-edition_veteran"", ""reverse"": ""echelons-of-fury_card-back""}","{""name_printed"": ""Veteran"", ""subtitle"": ""Pilot"", ""item_dimensions"": ""{\u0022height\u0022: \u00223.5\u0022, \u0022width\u0022: \u00222.5\u0022, \u0022unit\u0022: \u0022inch\u0022}""}",22a59c90-e273-4dc5-95d2-307565d2a252,b06f8737-81f0-4442-8851-eb84e626e84f,Veteran,Veteran,{},echelons-of-fury_2nd-edition_veteran
af35d558-35cb-4438-bfa1-665103edd8a4,item,1,0,"{""obverse"": ""echelons-of-fury_2nd-edition_wireless-radio"", ""reverse"": ""echelons-of-fury_card-back""}","{""name_printed"": ""Wireless Radio"", ""subtitle"": ""Radio"", ""item_dimensions"": ""{\u0022height\u0022: \u00223.5\u0022, \u0022width\u0022: \u00222.5\u0022, \u0022unit\u0022: \u0022inch\u0022}""}",22a59c90-e273-4dc5-95d2-307565d2a252,b06f8737-81f0-4442-8851-eb84e626e84f,Wireless Radio,Wireless Radio,{},echelons-of-fury_2nd-edition_wireless-radio
921cef96-0590-4fab-820c-015156ee9b5f,item,1,0,"{""obverse"": ""echelons-of-fury_2nd-edition_woods"", ""reverse"": ""echelons-of-fury_card-back""}","{""name_printed"": ""Woods"", ""item_dimensions"": ""{\u0022height\u0022: \u00223.5\u0022, \u0022width\u0022: \u00222.5\u0022, \u0022unit\u0022: \u0022inch\u0022}""}",22a59c90-e273-4dc5-95d2-307565d2a252,b06f8737-81f0-4442-8851-eb84e626e84f,Woods,Woods,{},echelons-of-fury_2nd-edition_woods
e1ffc684-53c9-49e4-8fc6-54ea37a0cbb7,item,1,0,"{""obverse"": ""echelons-of-fury_pacific-campaign_1st-lieutenant"", ""reverse"": ""echelons-of-fury_card-back""}","{""name_printed"": ""1st Lieutenant"", ""subtitle"": ""Marine Platoon Leader"", ""item_dimensions"": ""{\u0022height\u0022: \u00223.5\u0022, \u0022width\u0022: \u00222.5\u0022, \u0022unit\u0022: \u0022inch\u0022}""}",22a59c90-e273-4dc5-95d2-307565d2a252,aded4c61-d9d5-48bf-8754-21d6143377f9,1st Lieutenant,1st Lieutenant,{},echelons-of-fury_pacific-campaign_1st-lieutenant
ddab1b34-386a-4b58-9dda-ef2527dd4791,item,1,0,"{""obverse"": ""echelons-of-fury_pacific-campaign_2nd-lieutenant"", ""reverse"": ""echelons-of-fury_card-back""}","{""name_printed"": ""2nd Lieutenant"", ""subtitle"": ""Platoon Leader"", ""item_dimensions"": ""{\u0022height\u0022: \u00223.5\u0022, \u0022width\u0022: \u00222.5\u0022, \u0022unit\u0022: \u0022inch\u0022}""}",22a59c90-e273-4dc5-95d2-307565d2a252,aded4c61-d9d5-48bf-8754-21d6143377f9,2nd Lieutenant,2nd Lieutenant,{},echelons-of-fury_pacific-campaign_2nd-lieutenant
570962d4-490e-4a6b-baa9-0dfebc8489e5,item,1,0,"{""obverse"": ""echelons-of-fury_pacific-campaign_500-pounders"", ""reverse"": ""echelons-of-fury_card-back""}","{""name_printed"": ""500 Pounders"", ""subtitle"": ""Bombs"", ""item_dimensions"": ""{\u0022height\u0022: \u00223.5\u0022, \u0022width\u0022: \u00222.5\u0022, \u0022unit\u0022: \u0022inch\u0022}""}",22a59c90-e273-4dc5-95d2-307565d2a252,aded4c61-d9d5-48bf-8754-21d6143377f9,500 Pounders,500 Pounders,{},echelons-of-fury_pacific-campaign_500-pounders
929b7bb9-848a-43f5-a64a-5b4b7a07e6a9,item,1,0,"{""obverse"": ""echelons-of-fury_pacific-campaign_air-dropped-supplies"", ""reverse"": ""echelons-of-fury_card-back""}","{""name_printed"": ""Air-Dropped Supplies"", ""subtitle"": ""Supplies"", ""item_dimensions"": ""{\u0022height\u0022: \u00223.5\u0022, \u0022width\u0022: \u00222.5\u0022, \u0022unit\u0022: \u0022inch\u0022}""}",22a59c90-e273-4dc5-95d2-307565d2a252,aded4c61-d9d5-48bf-8754-21d6143377f9,Air-Dropped Supplies,Air-Dropped Supplies,{},echelons-of-fury_pacific-campaign_air-dropped-supplies
e9231acd-f36e-4411-b6e4-7461b64da509,item,1,0,"{""obverse"": ""echelons-of-fury_pacific-campaign_ambush"", ""reverse"": ""echelons-of-fury_card-back""}","{""name_printed"": ""Ambush"", ""subtitle"": ""Tactical Manuever"", ""item_dimensions"": ""{\u0022height\u0022: \u00223.5\u0022, \u0022width\u0022: \u00222.5\u0022, \u0022unit\u0022: \u0022inch\u0022}""}",22a59c90-e273-4dc5-95d2-307565d2a252,aded4c61-d9d5-48bf-8754-21d6143377f9,Ambush,Ambush,{},echelons-of-fury_pacific-campaign_ambush
4b8c9363-bce6-4254-bc06-f0f580781567,item,1,0,"{""obverse"": ""echelons-of-fury_pacific-campaign_anti-personnel-mines"", ""reverse"": ""echelons-of-fury_card-back""}","{""name_printed"": ""Anti-Personnel Mines"", ""subtitle"": ""Anti-Personnel Minefield"", ""item_dimensions"": ""{\u0022height\u0022: \u00223.5\u0022, \u0022width\u0022: \u00222.5\u0022, \u0022unit\u0022: \u0022inch\u0022}""}",22a59c90-e273-4dc5-95d2-307565d2a252,aded4c61-d9d5-48bf-8754-21d6143377f9,Anti-Personnel Mines,Anti-Personnel Mines,{},echelons-of-fury_pacific-campaign_anti-personnel-mines
8bd3d591-5e04-4b70-bfa1-18354083b59b,item,1,0,"{""obverse"": ""echelons-of-fury_pacific-campaign_anti-tank-mines"", ""reverse"": ""echelons-of-fury_card-back""}","{""name_printed"": ""Anti-Tank Mines"", ""subtitle"": ""Anti-Tank Minefield"", ""item_dimensions"": ""{\u0022height\u0022: \u00223.5\u0022, \u0022width\u0022: \u00222.5\u0022, \u0022unit\u0022: \u0022inch\u0022}""}",22a59c90-e273-4dc5-95d2-307565d2a252,aded4c61-d9d5-48bf-8754-21d6143377f9,Anti-Tank Mines,Anti-Tank Mines,{},echelons-of-fury_pacific-campaign_anti-tank-mines
d55c22c8-8694-42dd-b221-441ea8bcb899,item,1,0,"{""obverse"": ""echelons-of-fury_pacific-campaign_anzac-bren-gun"", ""reverse"": ""echelons-of-fury_card-back""}","{""name_printed"": ""ANZAC Bren Gun"", ""subtitle"": ""Light Machine Gun"", ""item_dimensions"": ""{\u0022height\u0022: \u00223.5\u0022, \u0022width\u0022: \u00222.5\u0022, \u0022unit\u0022: \u0022inch\u0022}""}",22a59c90-e273-4dc5-95d2-307565d2a252,aded4c61-d9d5-48bf-8754-21d6143377f9,ANZAC Bren Gun,ANZAC Bren Gun,{},echelons-of-fury_pacific-campaign_anzac-bren-gun
9336e3e0-0528-4934-b8a2-ec382f0c0a97,item,1,0,"{""obverse"": ""echelons-of-fury_pacific-campaign_anzac-flamethrower"", ""reverse"": ""echelons-of-fury_card-back""}","{""name_printed"": ""ANZAC Flamethrower"", ""subtitle"": ""Flame Thrower"", ""item_dimensions"": ""{\u0022height\u0022: \u00223.5\u0022, \u0022width\u0022: \u00222.5\u0022, \u0022unit\u0022: \u0022inch\u0022}""}",22a59c90-e273-4dc5-95d2-307565d2a252,aded4c61-d9d5-48bf-8754-21d6143377f9,ANZAC Flamethrower,ANZAC Flamethrower,{},echelons-of-fury_pacific-campaign_anzac-flamethrower
b73d0553-e050-4fed-b6cc-d6ca7053a151,item,1,0,"{""obverse"": ""echelons-of-fury_pacific-campaign_anzac-lieutenant"", ""reverse"": ""echelons-of-fury_card-back""}","{""name_printed"": ""ANZAC Lieutenant"", ""subtitle"": ""Platoon Leader"", ""item_dimensions"": ""{\u0022height\u0022: \u00223.5\u0022, \u0022width\u0022: \u00222.5\u0022, \u0022unit\u0022: \u0022inch\u0022}""}",22a59c90-e273-4dc5-95d2-307565d2a252,aded4c61-d9d5-48bf-8754-21d6143377f9,ANZAC Lieutenant,ANZAC Lieutenant,{},echelons-of-fury_pacific-campaign_anzac-lieutenant
1af2acf9-4538-4eec-a4de-d44b4fa6172e,item,1,0,"{""obverse"": ""echelons-of-fury_pacific-campaign_anzac-matilda"", ""reverse"": ""echelons-of-fury_card-back""}","{""name_printed"": ""ANZAC Matilda"", ""subtitle"": ""Medium Tank"", ""item_dimensions"": ""{\u0022height\u0022: \u00223.5\u0022, \u0022width\u0022: \u00222.5\u0022, \u0022unit\u0022: \u0022inch\u0022}""}",22a59c90-e273-4dc5-95d2-307565d2a252,aded4c61-d9d5-48bf-8754-21d6143377f9,ANZAC Matilda,ANZAC Matilda,{},echelons-of-fury_pacific-campaign_anzac-matilda
6399d316-43bc-47d6-aad8-8de7ded0de47,item,1,0,"{""obverse"": ""echelons-of-fury_pacific-campaign_anzac-piat"", ""reverse"": ""echelons-of-fury_card-back""}","{""name_printed"": ""ANZAC Piat"", ""subtitle"": ""Grenade Launcher"", ""item_dimensions"": ""{\u0022height\u0022: \u00223.5\u0022, \u0022width\u0022: \u00222.5\u0022, \u0022unit\u0022: \u0022inch\u0022}""}",22a59c90-e273-4dc5-95d2-307565d2a252,aded4c61-d9d5-48bf-8754-21d6143377f9,ANZAC Piat,ANZAC Piat,{},echelons-of-fury_pacific-campaign_anzac-piat
850426c2-a869-4df5-b694-6d0dedb35a3b,item,1,0,"{""obverse"": ""echelons-of-fury_pacific-campaign_anzac-sherman-crab"", ""reverse"": ""echelons-of-fury_card-back""}","{""name_printed"": ""ANZAC Sherman Crab"", ""subtitle"": ""Flail Tank"", ""item_dimensions"": ""{\u0022height\u0022: \u00223.5\u0022, \u0022width\u0022: \u00222.5\u0022, \u0022unit\u0022: \u0022inch\u0022}""}",22a59c90-e273-4dc5-95d2-307565d2a252,aded4c61-d9d5-48bf-8754-21d6143377f9,ANZAC Sherman Crab,ANZAC Sherman Crab,{},echelons-of-fury_pacific-campaign_anzac-sherman-crab
2ba3eca5-a370-4842-9a85-efc35e1ec254,item,1,0,"{""obverse"": ""echelons-of-fury_pacific-campaign_anzac-squad"", ""reverse"": ""echelons-of-fury_card-back""}","{""name_printed"": ""ANZAC Squad"", ""subtitle"": ""Regulars"", ""item_dimensions"": ""{\u0022height\u0022: \u00223.5\u0022, \u0022width\u0022: \u00222.5\u0022, \u0022unit\u0022: \u0022inch\u0022}""}",22a59c90-e273-4dc5-95d2-307565d2a252,aded4c61-d9d5-48bf-8754-21d6143377f9,ANZAC Squad,ANZAC Squad,{},echelons-of-fury_pacific-campaign_anzac-squad
1a5b5ad1-561d-4cbe-bc4f-90828adf4c5d,item,1,0,"{""obverse"": ""echelons-of-fury_pacific-campaign_artillery-strike-(1-heavy-mortar)"", ""reverse"": ""echelons-of-fury_card-back""}","{""name_printed"": ""Artillery Strike"", ""functional_disambiguator"": ""1 Heavy Mortar"", ""subtitle"": ""1 Heavy Mortar"", ""item_dimensions"": ""{\u0022height\u0022: \u00223.5\u0022, \u0022width\u0022: \u00222.5\u0022, \u0022unit\u0022: \u0022inch\u0022}""}",22a59c90-e273-4dc5-95d2-307565d2a252,aded4c61-d9d5-48bf-8754-21d6143377f9,Artillery Strike (1 Heavy Mortar),Artillery Strike (1 Heavy Mortar),{},echelons-of-fury_pacific-campaign_artillery-strike-(1-heavy-mortar)
a78c766a-63a7-4926-9467-4afeb8c2ed4d,item,1,0,"{""obverse"": ""echelons-of-fury_pacific-campaign_artillery-strike-(1-medium-mortar)"", ""reverse"": ""echelons-of-fury_card-back""}","{""name_printed"": ""Artillery Strike"", ""functional_disambiguator"": ""1 Medium Mortar"", ""subtitle"": ""1 Medium Mortar"", ""item_dimensions"": ""{\u0022height\u0022: \u00223.5\u0022, \u0022width\u0022: \u00222.5\u0022, \u0022unit\u0022: \u0022inch\u0022}""}",22a59c90-e273-4dc5-95d2-307565d2a252,aded4c61-d9d5-48bf-8754-21d6143377f9,Artillery Strike (1 Medium Mortar),Artillery Strike (1 Medium Mortar),{},echelons-of-fury_pacific-campaign_artillery-strike-(1-medium-mortar)
4e862b57-8078-4018-9464-8085a1c401f4,item,1,0,"{""obverse"": ""echelons-of-fury_pacific-campaign_artillery-strike-(shore-bombardment)"", ""reverse"": ""echelons-of-fury_card-back""}","{""name_printed"": ""Artillery Strike"", ""functional_disambiguator"": ""Shore Bombardment"", ""subtitle"": ""Shore Bombardment"", ""item_dimensions"": ""{\u0022height\u0022: \u00223.5\u0022, \u0022width\u0022: \u00222.5\u0022, \u0022unit\u0022: \u0022inch\u0022}""}",22a59c90-e273-4dc5-95d2-307565d2a252,aded4c61-d9d5-48bf-8754-21d6143377f9,Artillery Strike (Shore Bombardment),Artillery Strike (Shore Bombardment),{},echelons-of-fury_pacific-campaign_artillery-strike-(shore-bombardment)
346811d3-27fd-43c6-89d0-9a3bc06c71aa,item,1,0,"{""obverse"": ""echelons-of-fury_pacific-campaign_artillery-strike-(starshell)"", ""reverse"": ""echelons-of-fury_card-back""}","{""name_printed"": ""Artillery Strike"", ""functional_disambiguator"": ""Starshell"", ""subtitle"": ""Starshell"", ""item_dimensions"": ""{\u0022height\u0022: \u00223.5\u0022, \u0022width\u0022: \u00222.5\u0022, \u0022unit\u0022: \u0022inch\u0022}""}",22a59c90-e273-4dc5-95d2-307565d2a252,aded4c61-d9d5-48bf-8754-21d6143377f9,Artillery Strike (Starshell),Artillery Strike (Starshell),{},echelons-of-fury_pacific-campaign_artillery-strike-(starshell)
d4aeef50-e5da-45ae-8e19-279f2a2266d9,item,1,0,"{""obverse"": ""echelons-of-fury_pacific-campaign_australian"", ""reverse"": ""echelons-of-fury_card-back""}","{""name_printed"": ""Australian"", ""subtitle"": ""Coastwatcher"", ""item_dimensions"": ""{\u0022height\u0022: \u00223.5\u0022, \u0022width\u0022: \u00222.5\u0022, \u0022unit\u0022: \u0022inch\u0022}""}",22a59c90-e273-4dc5-95d2-307565d2a252,aded4c61-d9d5-48bf-8754-21d6143377f9,Australian,Australian,{},echelons-of-fury_pacific-campaign_australian
d13c117b-be1e-4e1f-be03-4878634bf755,item,1,0,"{""obverse"": ""echelons-of-fury_pacific-campaign_beach-(with-clear-visibility)"", ""reverse"": ""echelons-of-fury_card-back""}","{""name_printed"": ""Beach"", ""functional_disambiguator"": ""With clear visibility"", ""item_dimensions"": ""{\u0022height\u0022: \u00223.5\u0022, \u0022width\u0022: \u00222.5\u0022, \u0022unit\u0022: \u0022inch\u0022}""}",22a59c90-e273-4dc5-95d2-307565d2a252,aded4c61-d9d5-48bf-8754-21d6143377f9,Beach (With clear visibility),Beach (With clear visibility),{},echelons-of-fury_pacific-campaign_beach-(with-clear-visibility)
ff11351e-79d8-4b0a-87b8-1749035d0e18,item,1,0,"{""obverse"": ""echelons-of-fury_pacific-campaign_beach-(open-and-exposed)"", ""reverse"": ""echelons-of-fury_card-back""}","{""name_printed"": ""Beach"", ""functional_disambiguator"": ""Open and Exposed"", ""item_dimensions"": ""{\u0022height\u0022: \u00223.5\u0022, \u0022width\u0022: \u00222.5\u0022, \u0022unit\u0022: \u0022inch\u0022}""}",22a59c90-e273-4dc5-95d2-307565d2a252,aded4c61-d9d5-48bf-8754-21d6143377f9,Beach (Open and Exposed),Beach (Open and Exposed),{},echelons-of-fury_pacific-campaign_beach-(open-and-exposed)
f67e0e1e-c6ad-4fbb-bdba-3b1e6f9fbb6e,item,1,0,"{""obverse"": ""echelons-of-fury_pacific-campaign_beach-(poor-visibility)"", ""reverse"": ""echelons-of-fury_card-back""}","{""name_printed"": ""Beach"", ""functional_disambiguator"": ""Poor Visibility"", ""item_dimensions"": ""{\u0022height\u0022: \u00223.5\u0022, \u0022width\u0022: \u00222.5\u0022, \u0022unit\u0022: \u0022inch\u0022}""}",22a59c90-e273-4dc5-95d2-307565d2a252,aded4c61-d9d5-48bf-8754-21d6143377f9,Beach (Poor Visibility),Beach (Poor Visibility),{},echelons-of-fury_pacific-campaign_beach-(poor-visibility)
927e1c95-5b73-42f5-a761-9f113fea4f71,item,1,0,"{""obverse"": ""echelons-of-fury_pacific-campaign_booby-trap"", ""reverse"": ""echelons-of-fury_card-back""}","{""name_printed"": ""Booby Trap"", ""subtitle"": ""Booby Trap"", ""item_dimensions"": ""{\u0022height\u0022: \u00223.5\u0022, \u0022width\u0022: \u00222.5\u0022, \u0022unit\u0022: \u0022inch\u0022}""}",22a59c90-e273-4dc5-95d2-307565d2a252,aded4c61-d9d5-48bf-8754-21d6143377f9,Booby Trap,Booby Trap,{},echelons-of-fury_pacific-campaign_booby-trap
782a425d-57ad-4b84-b2b8-79016e73480b,third-party-document,0,0,"{""obverse"": ""echelons-of-fury_pacific-campaign_camouflage"", ""reverse"": ""echelons-of-fury_card-back""}","{""name_printed"": ""Camouflage"", ""subtitle"": ""Emplacement"", ""item_dimensions"": ""{\u0022height\u0022: \u00223.5\u0022, \u0022width\u0022: \u00222.5\u0022, \u0022unit\u0022: \u0022inch\u0022}""}",22a59c90-e273-4dc5-95d2-307565d2a252,aded4c61-d9d5-48bf-8754-21d6143377f9,Camouflage,Camouflage,{},echelons-of-fury_pacific-campaign_camouflage
00edec41-d973-42e6-ad78-ad595a0a67ba,item,1,0,"{""obverse"": ""echelons-of-fury_pacific-campaign_caves"", ""reverse"": ""echelons-of-fury_card-back""}","{""name_printed"": ""Caves"", ""subtitle"": ""Emplacement"", ""item_dimensions"": ""{\u0022height\u0022: \u00223.5\u0022, \u0022width\u0022: \u00222.5\u0022, \u0022unit\u0022: \u0022inch\u0022}""}",22a59c90-e273-4dc5-95d2-307565d2a252,aded4c61-d9d5-48bf-8754-21d6143377f9,Caves,Caves,{},echelons-of-fury_pacific-campaign_caves
d7f34c87-d446-4719-985e-14c0581a679f,item,1,0,"{""obverse"": ""echelons-of-fury_pacific-campaign_day"", ""reverse"": ""echelons-of-fury_card-back""}","{""name_printed"": ""Day"", ""subtitle"": ""Condition"", ""item_dimensions"": ""{\u0022height\u0022: \u00223.5\u0022, \u0022width\u0022: \u00222.5\u0022, \u0022unit\u0022: \u0022inch\u0022}""}",22a59c90-e273-4dc5-95d2-307565d2a252,aded4c61-d9d5-48bf-8754-21d6143377f9,Day,Day,{},echelons-of-fury_pacific-campaign_day
f1c93477-071a-43da-8477-2bca7476822d,item,1,0,"{""obverse"": ""echelons-of-fury_pacific-campaign_delaying-action"", ""reverse"": ""echelons-of-fury_card-back""}","{""name_printed"": ""Delaying Action"", ""subtitle"": ""Tactical Maneuver"", ""item_dimensions"": ""{\u0022height\u0022: \u00223.5\u0022, \u0022width\u0022: \u00222.5\u0022, \u0022unit\u0022: \u0022inch\u0022}""}",22a59c90-e273-4dc5-95d2-307565d2a252,aded4c61-d9d5-48bf-8754-21d6143377f9,Delaying Action,Delaying Action,{},echelons-of-fury_pacific-campaign_delaying-action
dc306596-6ca2-4677-975d-1dfaf1df4bd4,item,1,0,"{""obverse"": ""echelons-of-fury_pacific-campaign_dense-jungle"", ""reverse"": ""echelons-of-fury_card-back""}","{""name_printed"": ""Dense Jungle"", ""item_dimensions"": ""{\u0022height\u0022: \u00223.5\u0022, \u0022width\u0022: \u00222.5\u0022, \u0022unit\u0022: \u0022inch\u0022}""}",22a59c90-e273-4dc5-95d2-307565d2a252,aded4c61-d9d5-48bf-8754-21d6143377f9,Dense Jungle,Dense Jungle,{},echelons-of-fury_pacific-campaign_dense-jungle
60f543a3-3e4f-412c-908a-8bdb5c3777b3,item,1,0,"{""obverse"": ""echelons-of-fury_pacific-campaign_grenades-(fragmentation-grenades)"", ""reverse"": ""echelons-of-fury_card-back""}","{""name_printed"": ""Grenades"", ""functional_disambiguator"": ""Fragmentation Grenades"", ""subtitle"": ""Fragmentation Grenades"", ""item_dimensions"": ""{\u0022height\u0022: \u00223.5\u0022, \u0022width\u0022: \u00222.5\u0022, \u0022unit\u0022: \u0022inch\u0022}""}",22a59c90-e273-4dc5-95d2-307565d2a252,aded4c61-d9d5-48bf-8754-21d6143377f9,Grenades (Fragmentation Grenades),Grenades (Fragmentation Grenades),{},echelons-of-fury_pacific-campaign_grenades-(fragmentation-grenades)
3a751adc-170a-4802-b87d-b9e0ea65e8cf,item,1,0,"{""obverse"": ""echelons-of-fury_pacific-campaign_grenades-(smoke-grenades)"", ""reverse"": ""echelons-of-fury_card-back""}","{""name_printed"": ""Grenades"", ""functional_disambiguator"": ""Smoke Grenades"", ""subtitle"": ""Smoke Grenades"", ""item_dimensions"": ""{\u0022height\u0022: \u00223.5\u0022, \u0022width\u0022: \u00222.5\u0022, \u0022unit\u0022: \u0022inch\u0022}""}",22a59c90-e273-4dc5-95d2-307565d2a252,aded4c61-d9d5-48bf-8754-21d6143377f9,Grenades (Smoke Grenades),Grenades (Smoke Grenades),{},echelons-of-fury_pacific-campaign_grenades-(smoke-grenades)
e6740726-3fd9-4862-8895-fd077a213da8,item,1,0,"{""obverse"": ""echelons-of-fury_pacific-campaign_guadacanal"", ""reverse"": ""echelons-of-fury_card-back""}","{""name_printed"": ""Guadacanal"", ""item_dimensions"": ""{\u0022height\u0022: \u00223.5\u0022, \u0022width\u0022: \u00222.5\u0022, \u0022unit\u0022: \u0022inch\u0022}""}",22a59c90-e273-4dc5-95d2-307565d2a252,aded4c61-d9d5-48bf-8754-21d6143377f9,Guadacanal,Guadacanal,{},echelons-of-fury_pacific-campaign_guadacanal
285f73fc-f29e-4084-bfa3-ce8b3a12149a,item,1,0,"{""obverse"": ""echelons-of-fury_pacific-campaign_heavy-rain"", ""reverse"": ""echelons-of-fury_card-back""}","{""name_printed"": ""Heavy Rain"", ""subtitle"": ""Weather"", ""item_dimensions"": ""{\u0022height\u0022: \u00223.5\u0022, \u0022width\u0022: \u00222.5\u0022, \u0022unit\u0022: \u0022inch\u0022}""}",22a59c90-e273-4dc5-95d2-307565d2a252,aded4c61-d9d5-48bf-8754-21d6143377f9,Heavy Rain,Heavy Rain,{},echelons-of-fury_pacific-campaign_heavy-rain
e41660b6-389d-410f-b865-f47abe391a5c,item,1,0,"{""obverse"": ""echelons-of-fury_pacific-campaign_hills-(jungle)-[blue-sky]"", ""reverse"": ""echelons-of-fury_card-back""}","{""name_printed"": ""Hills"", ""functional_disambiguator"": ""Jungle"", ""variant_disambiguator"": ""Blue Sky"", ""item_dimensions"": ""{\u0022height\u0022: \u00223.5\u0022, \u0022width\u0022: \u00222.5\u0022, \u0022unit\u0022: \u0022inch\u0022}""}",22a59c90-e273-4dc5-95d2-307565d2a252,aded4c61-d9d5-48bf-8754-21d6143377f9,Hills (Jungle),Hills (Jungle) [Blue Sky],{},echelons-of-fury_pacific-campaign_hills-(jungle)-[blue-sky]
c31a7778-5d1e-458a-937a-4838ced58d63,item,1,0,"{""obverse"": ""echelons-of-fury_pacific-campaign_hills-(jungle)-[sunset]"", ""reverse"": ""echelons-of-fury_card-back""}","{""name_printed"": ""Hills"", ""functional_disambiguator"": ""Jungle"", ""variant_disambiguator"": ""Sunset"", ""item_dimensions"": ""{\u0022height\u0022: \u00223.5\u0022, \u0022width\u0022: \u00222.5\u0022, \u0022unit\u0022: \u0022inch\u0022}""}",22a59c90-e273-4dc5-95d2-307565d2a252,aded4c61-d9d5-48bf-8754-21d6143377f9,Hills (Jungle),Hills (Jungle) [Sunset],{},echelons-of-fury_pacific-campaign_hills-(jungle)-[sunset]
6af93b7f-af0f-460a-9669-ec7aa772f967,item,1,0,"{""obverse"": ""echelons-of-fury_pacific-campaign_hull-down"", ""reverse"": ""echelons-of-fury_card-back""}","{""name_printed"": ""Hull Down"", ""subtitle"": ""Emplacement"", ""item_dimensions"": ""{\u0022height\u0022: \u00223.5\u0022, \u0022width\u0022: \u00222.5\u0022, \u0022unit\u0022: \u0022inch\u0022}""}",22a59c90-e273-4dc5-95d2-307565d2a252,aded4c61-d9d5-48bf-8754-21d6143377f9,Hull Down,Hull Down,{},echelons-of-fury_pacific-campaign_hull-down
9722918f-f4e2-48d3-ba94-70de42932ad3,item,1,0,"{""obverse"": ""echelons-of-fury_pacific-campaign_iwo-jima"", ""reverse"": ""echelons-of-fury_card-back""}","{""name_printed"": ""Iwo Jima"", ""item_dimensions"": ""{\u0022height\u0022: \u00223.5\u0022, \u0022width\u0022: \u00222.5\u0022, \u0022unit\u0022: \u0022inch\u0022}""}",22a59c90-e273-4dc5-95d2-307565d2a252,aded4c61-d9d5-48bf-8754-21d6143377f9,Iwo Jima,Iwo Jima,{},echelons-of-fury_pacific-campaign_iwo-jima
de5efef0-c287-4e80-a431-881ad4d8ac79,item,1,0,"{""obverse"": ""echelons-of-fury_pacific-campaign_japanese"", ""reverse"": ""echelons-of-fury_card-back""}","{""name_printed"": ""Japanese"", ""subtitle"": ""Sniper"", ""item_dimensions"": ""{\u0022height\u0022: \u00223.5\u0022, \u0022width\u0022: \u00222.5\u0022, \u0022unit\u0022: \u0022inch\u0022}""}",22a59c90-e273-4dc5-95d2-307565d2a252,aded4c61-d9d5-48bf-8754-21d6143377f9,Japanese,Japanese,{},echelons-of-fury_pacific-campaign_japanese
c895f85e-6151-4d1d-bfea-dc70fde6eb1d,item,1,0,"{""obverse"": ""echelons-of-fury_pacific-campaign_japanese--george-"", ""reverse"": ""echelons-of-fury_card-back""}","{""name_printed"": ""Japanese \u0022George\u0022"", ""subtitle"": ""Aircraft"", ""item_dimensions"": ""{\u0022height\u0022: \u00223.5\u0022, \u0022width\u0022: \u00222.5\u0022, \u0022unit\u0022: \u0022inch\u0022}""}",22a59c90-e273-4dc5-95d2-307565d2a252,aded4c61-d9d5-48bf-8754-21d6143377f9,"Japanese ""George""","Japanese ""George""",{},echelons-of-fury_pacific-campaign_japanese--george-
46ae3875-f374-4a5c-8d4c-b178739a8cc4,item,1,0,"{""obverse"": ""echelons-of-fury_pacific-campaign_japanese-60mm"", ""reverse"": ""echelons-of-fury_card-back""}","{""name_printed"": ""Japanese 60mm"", ""subtitle"": ""Light Mortar"", ""item_dimensions"": ""{\u0022height\u0022: \u00223.5\u0022, \u0022width\u0022: \u00222.5\u0022, \u0022unit\u0022: \u0022inch\u0022}""}",22a59c90-e273-4dc5-95d2-307565d2a252,aded4c61-d9d5-48bf-8754-21d6143377f9,Japanese 60mm,Japanese 60mm,{},echelons-of-fury_pacific-campaign_japanese-60mm
a7a39c0b-5fd5-4781-9687-0346eeefa16b,item,1,0,"{""obverse"": ""echelons-of-fury_pacific-campaign_japanese-75mm"", ""reverse"": ""echelons-of-fury_card-back""}","{""name_printed"": ""Japanese 75mm"", ""subtitle"": ""Mountain Gun"", ""item_dimensions"": ""{\u0022height\u0022: \u00223.5\u0022, \u0022width\u0022: \u00222.5\u0022, \u0022unit\u0022: \u0022inch\u0022}""}",22a59c90-e273-4dc5-95d2-307565d2a252,aded4c61-d9d5-48bf-8754-21d6143377f9,Japanese 75mm,Japanese 75mm,{},echelons-of-fury_pacific-campaign_japanese-75mm
11273428-4a68-4d29-9bd9-2e574ad5b7cf,item,1,0,"{""obverse"": ""echelons-of-fury_pacific-campaign_japanese-81mm"", ""reverse"": ""echelons-of-fury_card-back""}","{""name_printed"": ""Japanese 81mm"", ""subtitle"": ""Medium Mortar"", ""item_dimensions"": ""{\u0022height\u0022: \u00223.5\u0022, \u0022width\u0022: \u00222.5\u0022, \u0022unit\u0022: \u0022inch\u0022}""}",22a59c90-e273-4dc5-95d2-307565d2a252,aded4c61-d9d5-48bf-8754-21d6143377f9,Japanese 81mm,Japanese 81mm,{},echelons-of-fury_pacific-campaign_japanese-81mm
835d9887-5bf8-47c6-bdda-536be9efb320,item,1,0,"{""obverse"": ""echelons-of-fury_pacific-campaign_japanese-a6m2"", ""reverse"": ""echelons-of-fury_card-back""}","{""name_printed"": ""Japanese A6M2"", ""subtitle"": ""Aircraft"", ""item_dimensions"": ""{\u0022height\u0022: \u00223.5\u0022, \u0022width\u0022: \u00222.5\u0022, \u0022unit\u0022: \u0022inch\u0022}""}",22a59c90-e273-4dc5-95d2-307565d2a252,aded4c61-d9d5-48bf-8754-21d6143377f9,Japanese A6M2,Japanese A6M2,{},echelons-of-fury_pacific-campaign_japanese-a6m2
be669bc3-a172-4466-9afb-2660423b373c,item,1,0,"{""obverse"": ""echelons-of-fury_pacific-campaign_japanese-a6m5"", ""reverse"": ""echelons-of-fury_card-back""}","{""name_printed"": ""Japanese A6M5"", ""subtitle"": ""Aircraft"", ""item_dimensions"": ""{\u0022height\u0022: \u00223.5\u0022, \u0022width\u0022: \u00222.5\u0022, \u0022unit\u0022: \u0022inch\u0022}""}",22a59c90-e273-4dc5-95d2-307565d2a252,aded4c61-d9d5-48bf-8754-21d6143377f9,Japanese A6M5,Japanese A6M5,{},echelons-of-fury_pacific-campaign_japanese-a6m5
130a54fb-b4ef-4533-939e-b6d03efdff4b,item,1,0,"{""obverse"": ""echelons-of-fury_pacific-campaign_japanese-d3a--val-"", ""reverse"": ""echelons-of-fury_card-back""}","{""name_printed"": ""Japanese D3A \u0022Val\u0022"", ""subtitle"": ""Aircraft"", ""item_dimensions"": ""{\u0022height\u0022: \u00223.5\u0022, \u0022width\u0022: \u00222.5\u0022, \u0022unit\u0022: \u0022inch\u0022}""}",22a59c90-e273-4dc5-95d2-307565d2a252,aded4c61-d9d5-48bf-8754-21d6143377f9,"Japanese D3A ""Val""","Japanese D3A ""Val""",{},echelons-of-fury_pacific-campaign_japanese-d3a--val-
9020abcb-4b19-4a97-829f-2a722a47c720,third-party-document,0,0,"{""obverse"": ""echelons-of-fury_pacific-campaign_japanese-ha-1"", ""reverse"": ""echelons-of-fury_card-back""}","{""name_printed"": ""Japanese Ha-1"", ""subtitle"": ""Mini-Sub"", ""item_dimensions"": ""{\u0022height\u0022: \u00223.5\u0022, \u0022width\u0022: \u00222.5\u0022, \u0022unit\u0022: \u0022inch\u0022}""}",22a59c90-e273-4dc5-95d2-307565d2a252,aded4c61-d9d5-48bf-8754-21d6143377f9,Japanese Ha-1,Japanese Ha-1,"{""source_notes"": ""included in Jason Matz's Combined CCG Checklist""}",echelons-of-fury_pacific-campaign_japanese-ha-1
b54542fd-6d7b-45f6-a85d-46c761f052cc,item,1,0,"{""obverse"": ""echelons-of-fury_pacific-campaign_japanese-ho-k-(flail-tank)"", ""reverse"": ""echelons-of-fury_card-back""}","{""name_printed"": ""Japanese Ho-K"", ""functional_disambiguator"": ""Flail Tank"", ""subtitle"": ""Flail Tank"", ""item_dimensions"": ""{\u0022height\u0022: \u00223.5\u0022, \u0022width\u0022: \u00222.5\u0022, \u0022unit\u0022: \u0022inch\u0022}""}",22a59c90-e273-4dc5-95d2-307565d2a252,aded4c61-d9d5-48bf-8754-21d6143377f9,Japanese Ho-K (Flail Tank),Japanese Ho-K (Flail Tank),{},echelons-of-fury_pacific-campaign_japanese-ho-k-(flail-tank)
8caa8d24-f88f-4e84-89a1-26e30b656aa3,item,1,0,"{""obverse"": ""echelons-of-fury_pacific-campaign_japanese-ho-k-(jungle-cutter)"", ""reverse"": ""echelons-of-fury_card-back""}","{""name_printed"": ""Japanese Ho-K"", ""functional_disambiguator"": ""Jungle Cutter"", ""subtitle"": ""Jungle Cutter"", ""item_dimensions"": ""{\u0022height\u0022: \u00223.5\u0022, \u0022width\u0022: \u00222.5\u0022, \u0022unit\u0022: \u0022inch\u0022}""}",22a59c90-e273-4dc5-95d2-307565d2a252,aded4c61-d9d5-48bf-8754-21d6143377f9,Japanese Ho-K (Jungle Cutter),Japanese Ho-K (Jungle Cutter),{},echelons-of-fury_pacific-campaign_japanese-ho-k-(jungle-cutter)
5fa4be22-cb60-475c-beca-dfe45d74b102,item,1,0,"{""obverse"": ""echelons-of-fury_pacific-campaign_japanese-mg-position"", ""reverse"": ""echelons-of-fury_card-back""}","{""name_printed"": ""Japanese MG Position"", ""subtitle"": ""Japanese MG Position"", ""item_dimensions"": ""{\u0022height\u0022: \u00223.5\u0022, \u0022width\u0022: \u00222.5\u0022, \u0022unit\u0022: \u0022inch\u0022}""}",22a59c90-e273-4dc5-95d2-307565d2a252,aded4c61-d9d5-48bf-8754-21d6143377f9,Japanese MG Position,Japanese MG Position,{},echelons-of-fury_pacific-campaign_japanese-mg-position
7679a3ed-1188-4d41-9901-76978b0538e1,item,1,0,"{""obverse"": ""echelons-of-fury_pacific-campaign_japanese-squad-(marines)"", ""reverse"": ""echelons-of-fury_card-back""}","{""name_printed"": ""Japanese Squad"", ""functional_disambiguator"": ""Marines"", ""subtitle"": ""Marines"", ""item_dimensions"": ""{\u0022height\u0022: \u00223.5\u0022, \u0022width\u0022: \u00222.5\u0022, \u0022unit\u0022: \u0022inch\u0022}""}",22a59c90-e273-4dc5-95d2-307565d2a252,aded4c61-d9d5-48bf-8754-21d6143377f9,Japanese Squad (Marines),Japanese Squad (Marines),{},echelons-of-fury_pacific-campaign_japanese-squad-(marines)
d6a848a3-be63-47cf-a570-42c4edb7f54f,item,1,0,"{""obverse"": ""echelons-of-fury_pacific-campaign_japanese-squad-(regulars)"", ""reverse"": ""echelons-of-fury_card-back""}","{""name_printed"": ""Japanese Squad"", ""functional_disambiguator"": ""Regulars"", ""subtitle"": ""Regulars"", ""item_dimensions"": ""{\u0022height\u0022: \u00223.5\u0022, \u0022width\u0022: \u00222.5\u0022, \u0022unit\u0022: \u0022inch\u0022}""}",22a59c90-e273-4dc5-95d2-307565d2a252,aded4c61-d9d5-48bf-8754-21d6143377f9,Japanese Squad (Regulars),Japanese Squad (Regulars),{},echelons-of-fury_pacific-campaign_japanese-squad-(regulars)
778fe42d-3a32-4fc5-865d-79e03a4b3161,item,1,0,"{""obverse"": ""echelons-of-fury_pacific-campaign_left-flanking"", ""reverse"": ""echelons-of-fury_card-back""}","{""name_printed"": ""Left Flanking"", ""item_dimensions"": ""{\u0022height\u0022: \u00223.5\u0022, \u0022width\u0022: \u00222.5\u0022, \u0022unit\u0022: \u0022inch\u0022}""}",22a59c90-e273-4dc5-95d2-307565d2a252,aded4c61-d9d5-48bf-8754-21d6143377f9,Left Flanking,Left Flanking,{},echelons-of-fury_pacific-campaign_left-flanking
64417998-1791-4979-9886-7a238db38881,item,1,0,"{""obverse"": ""echelons-of-fury_pacific-campaign_light-jungle"", ""reverse"": ""echelons-of-fury_card-back""}","{""name_printed"": ""Light Jungle"", ""item_dimensions"": ""{\u0022height\u0022: \u00223.5\u0022, \u0022width\u0022: \u00222.5\u0022, \u0022unit\u0022: \u0022inch\u0022}""}",22a59c90-e273-4dc5-95d2-307565d2a252,aded4c61-d9d5-48bf-8754-21d6143377f9,Light Jungle,Light Jungle,{},echelons-of-fury_pacific-campaign_light-jungle
4b2aa7e4-69f0-4073-b95f-e8f5600fa71a,item,1,0,"{""obverse"": ""echelons-of-fury_pacific-campaign_medic-team"", ""reverse"": ""echelons-of-fury_card-back""}","{""name_printed"": ""Medic Team"", ""subtitle"": ""Medical Technicians"", ""item_dimensions"": ""{\u0022height\u0022: \u00223.5\u0022, \u0022width\u0022: \u00222.5\u0022, \u0022unit\u0022: \u0022inch\u0022}""}",22a59c90-e273-4dc5-95d2-307565d2a252,aded4c61-d9d5-48bf-8754-21d6143377f9,Medic Team,Medic Team,{},echelons-of-fury_pacific-campaign_medic-team
c2a9a3ac-cb5b-4d50-b392-694faf3d1b33,item,1,0,"{""obverse"": ""echelons-of-fury_pacific-campaign_medium-jungle"", ""reverse"": ""echelons-of-fury_card-back""}","{""name_printed"": ""Medium Jungle"", ""item_dimensions"": ""{\u0022height\u0022: \u00223.5\u0022, \u0022width\u0022: \u00222.5\u0022, \u0022unit\u0022: \u0022inch\u0022}""}",22a59c90-e273-4dc5-95d2-307565d2a252,aded4c61-d9d5-48bf-8754-21d6143377f9,Medium Jungle,Medium Jungle,{},echelons-of-fury_pacific-campaign_medium-jungle
7fe958f2-84f8-414a-9e32-54da234cb826,item,1,0,"{""obverse"": ""echelons-of-fury_pacific-campaign_model-93-13mm"", ""reverse"": ""echelons-of-fury_card-back""}","{""name_printed"": ""Model 93 13mm"", ""subtitle"": ""Anti-Aircraft Machine Gun"", ""item_dimensions"": ""{\u0022height\u0022: \u00223.5\u0022, \u0022width\u0022: \u00222.5\u0022, \u0022unit\u0022: \u0022inch\u0022}""}",22a59c90-e273-4dc5-95d2-307565d2a252,aded4c61-d9d5-48bf-8754-21d6143377f9,Model 93 13mm,Model 93 13mm,{},echelons-of-fury_pacific-campaign_model-93-13mm
f7822cb1-2cf4-40cd-a34b-d68e647d0870,item,1,0,"{""obverse"": ""echelons-of-fury_pacific-campaign_model-99-7-7mm"", ""reverse"": ""echelons-of-fury_card-back""}","{""name_printed"": ""Model 99 7.7mm"", ""subtitle"": ""Light Machine Gun"", ""item_dimensions"": ""{\u0022height\u0022: \u00223.5\u0022, \u0022width\u0022: \u00222.5\u0022, \u0022unit\u0022: \u0022inch\u0022}""}",22a59c90-e273-4dc5-95d2-307565d2a252,aded4c61-d9d5-48bf-8754-21d6143377f9,Model 99 7.7mm,Model 99 7.7mm,{},echelons-of-fury_pacific-campaign_model-99-7-7mm
43b23b43-0c68-4214-9283-8fef63e4d560,third-party-document,0,0,"{""obverse"": ""echelons-of-fury_pacific-campaign_monsoon"", ""reverse"": ""echelons-of-fury_card-back""}","{""name_printed"": ""Monsoon"", ""subtitle"": ""Weather"", ""item_dimensions"": ""{\u0022height\u0022: \u00223.5\u0022, \u0022width\u0022: \u00222.5\u0022, \u0022unit\u0022: \u0022inch\u0022}""}",22a59c90-e273-4dc5-95d2-307565d2a252,aded4c61-d9d5-48bf-8754-21d6143377f9,Monsoon,Monsoon,"{""source_notes"": ""included in Scrye List""}",echelons-of-fury_pacific-campaign_monsoon
7ff9b006-395d-432f-beb5-56522fa131e9,item,1,0,"{""obverse"": ""echelons-of-fury_pacific-campaign_mt--suribachi"", ""reverse"": ""echelons-of-fury_card-back""}","{""name_printed"": ""Mt. Suribachi"", ""item_dimensions"": ""{\u0022height\u0022: \u00223.5\u0022, \u0022width\u0022: \u00222.5\u0022, \u0022unit\u0022: \u0022inch\u0022}""}",22a59c90-e273-4dc5-95d2-307565d2a252,aded4c61-d9d5-48bf-8754-21d6143377f9,Mt. Suribachi,Mt. Suribachi,{},echelons-of-fury_pacific-campaign_mt--suribachi
62561c71-8b31-4930-95d0-3fd0084fad56,item,1,0,"{""obverse"": ""echelons-of-fury_pacific-campaign_native"", ""reverse"": ""echelons-of-fury_card-back""}","{""name_printed"": ""Native"", ""subtitle"": ""Guide"", ""item_dimensions"": ""{\u0022height\u0022: \u00223.5\u0022, \u0022width\u0022: \u00222.5\u0022, \u0022unit\u0022: \u0022inch\u0022}""}",22a59c90-e273-4dc5-95d2-307565d2a252,aded4c61-d9d5-48bf-8754-21d6143377f9,Native,Native,{},echelons-of-fury_pacific-campaign_native
469d8014-7515-44f4-ac6a-e4568dd145d3,item,1,0,"{""obverse"": ""echelons-of-fury_pacific-campaign_new-guinea"", ""reverse"": ""echelons-of-fury_card-back""}","{""name_printed"": ""New Guinea"", ""item_dimensions"": ""{\u0022height\u0022: \u00223.5\u0022, \u0022width\u0022: \u00222.5\u0022, \u0022unit\u0022: \u0022inch\u0022}""}",22a59c90-e273-4dc5-95d2-307565d2a252,aded4c61-d9d5-48bf-8754-21d6143377f9,New Guinea,New Guinea,{},echelons-of-fury_pacific-campaign_new-guinea
6c7d3b03-673e-4153-bcee-5131eee3f959,item,1,0,"{""obverse"": ""echelons-of-fury_pacific-campaign_night"", ""reverse"": ""echelons-of-fury_card-back""}","{""name_printed"": ""Night"", ""subtitle"": ""Condition"", ""item_dimensions"": ""{\u0022height\u0022: \u00223.5\u0022, \u0022width\u0022: \u00222.5\u0022, \u0022unit\u0022: \u0022inch\u0022}""}",22a59c90-e273-4dc5-95d2-307565d2a252,aded4c61-d9d5-48bf-8754-21d6143377f9,Night,Night,{},echelons-of-fury_pacific-campaign_night
63edc8e2-3cc1-4432-ace3-1703f9236735,item,1,0,"{""obverse"": ""echelons-of-fury_pacific-campaign_open"", ""reverse"": ""echelons-of-fury_card-back""}","{""name_printed"": ""Open"", ""item_dimensions"": ""{\u0022height\u0022: \u00223.5\u0022, \u0022width\u0022: \u00222.5\u0022, \u0022unit\u0022: \u0022inch\u0022}""}",22a59c90-e273-4dc5-95d2-307565d2a252,aded4c61-d9d5-48bf-8754-21d6143377f9,Open,Open,{},echelons-of-fury_pacific-campaign_open
2c874777-9102-4196-8110-400120dcb585,item,1,0,"{""obverse"": ""echelons-of-fury_pacific-campaign_pillbox"", ""reverse"": ""echelons-of-fury_card-back""}","{""name_printed"": ""Pillbox"", ""subtitle"": ""Emplacement"", ""item_dimensions"": ""{\u0022height\u0022: \u00223.5\u0022, \u0022width\u0022: \u00222.5\u0022, \u0022unit\u0022: \u0022inch\u0022}""}",22a59c90-e273-4dc5-95d2-307565d2a252,aded4c61-d9d5-48bf-8754-21d6143377f9,Pillbox,Pillbox,{},echelons-of-fury_pacific-campaign_pillbox
104d9625-8f4b-461f-b266-26849a8bc493,item,1,0,"{""obverse"": ""echelons-of-fury_pacific-campaign_raaf-p-40-kittyhawk"", ""reverse"": ""echelons-of-fury_card-back""}","{""name_printed"": ""RAAF P-40 Kittyhawk"", ""subtitle"": ""Aircraft"", ""item_dimensions"": ""{\u0022height\u0022: \u00223.5\u0022, \u0022width\u0022: \u00222.5\u0022, \u0022unit\u0022: \u0022inch\u0022}""}",22a59c90-e273-4dc5-95d2-307565d2a252,aded4c61-d9d5-48bf-8754-21d6143377f9,RAAF P-40 Kittyhawk,RAAF P-40 Kittyhawk,{},echelons-of-fury_pacific-campaign_raaf-p-40-kittyhawk
6d9e8b41-e48d-4964-a3e3-42577126781b,item,1,0,"{""obverse"": ""echelons-of-fury_pacific-campaign_recon"", ""reverse"": ""echelons-of-fury_card-back""}","{""name_printed"": ""Recon"", ""subtitle"": ""Reconnaissance"", ""item_dimensions"": ""{\u0022height\u0022: \u00223.5\u0022, \u0022width\u0022: \u00222.5\u0022, \u0022unit\u0022: \u0022inch\u0022}""}",22a59c90-e273-4dc5-95d2-307565d2a252,aded4c61-d9d5-48bf-8754-21d6143377f9,Recon,Recon,{},echelons-of-fury_pacific-campaign_recon
b847aa58-d9ec-4870-810f-0640b688c193,item,1,0,"{""obverse"": ""echelons-of-fury_pacific-campaign_right-flanking"", ""reverse"": ""echelons-of-fury_card-back""}","{""name_printed"": ""Right Flanking"", ""item_dimensions"": ""{\u0022height\u0022: \u00223.5\u0022, \u0022width\u0022: \u00222.5\u0022, \u0022unit\u0022: \u0022inch\u0022}""}",22a59c90-e273-4dc5-95d2-307565d2a252,aded4c61-d9d5-48bf-8754-21d6143377f9,Right Flanking,Right Flanking,{},echelons-of-fury_pacific-campaign_right-flanking
66bbad10-9eaf-4414-95c7-93c0446d0cf3,item,1,0,"{""obverse"": ""echelons-of-fury_pacific-campaign_river"", ""reverse"": ""echelons-of-fury_card-back""}","{""name_printed"": ""River"", ""item_dimensions"": ""{\u0022height\u0022: \u00223.5\u0022, \u0022width\u0022: \u00222.5\u0022, \u0022unit\u0022: \u0022inch\u0022}""}",22a59c90-e273-4dc5-95d2-307565d2a252,aded4c61-d9d5-48bf-8754-21d6143377f9,River,River,{},echelons-of-fury_pacific-campaign_river
93309427-944c-42b9-8f6f-715ab3675e53,item,1,0,"{""obverse"": ""echelons-of-fury_pacific-campaign_saipan"", ""reverse"": ""echelons-of-fury_card-back""}","{""name_printed"": ""Saipan"", ""item_dimensions"": ""{\u0022height\u0022: \u00223.5\u0022, \u0022width\u0022: \u00222.5\u0022, \u0022unit\u0022: \u0022inch\u0022}""}",22a59c90-e273-4dc5-95d2-307565d2a252,aded4c61-d9d5-48bf-8754-21d6143377f9,Saipan,Saipan,{},echelons-of-fury_pacific-campaign_saipan
11b918d9-1b92-408f-b014-bd955a12d671,item,1,0,"{""obverse"": ""echelons-of-fury_pacific-campaign_sand-bagged-postition"", ""reverse"": ""echelons-of-fury_card-back""}","{""name_printed"": ""Sand Bagged Postition"", ""subtitle"": ""Emplacement"", ""item_dimensions"": ""{\u0022height\u0022: \u00223.5\u0022, \u0022width\u0022: \u00222.5\u0022, \u0022unit\u0022: \u0022inch\u0022}""}",22a59c90-e273-4dc5-95d2-307565d2a252,aded4c61-d9d5-48bf-8754-21d6143377f9,Sand Bagged Postition,Sand Bagged Postition,{},echelons-of-fury_pacific-campaign_sand-bagged-postition
a87878d2-dce7-40df-8380-336b1caf598c,item,1,0,"{""obverse"": ""echelons-of-fury_pacific-campaign_shellhole"", ""reverse"": ""echelons-of-fury_card-back""}","{""name_printed"": ""Shellhole"", ""subtitle"": ""Emplacement"", ""item_dimensions"": ""{\u0022height\u0022: \u00223.5\u0022, \u0022width\u0022: \u00222.5\u0022, \u0022unit\u0022: \u0022inch\u0022}""}",22a59c90-e273-4dc5-95d2-307565d2a252,aded4c61-d9d5-48bf-8754-21d6143377f9,Shellhole,Shellhole,{},echelons-of-fury_pacific-campaign_shellhole
c0ccb161-16df-48d2-91aa-ccb67780ebbb,item,1,0,"{""obverse"": ""echelons-of-fury_pacific-campaign_supply-(ammunition)"", ""reverse"": ""echelons-of-fury_card-back""}","{""name_printed"": ""Supply"", ""functional_disambiguator"": ""Ammunition"", ""subtitle"": ""Ammunition"", ""item_dimensions"": ""{\u0022height\u0022: \u00223.5\u0022, \u0022width\u0022: \u00222.5\u0022, \u0022unit\u0022: \u0022inch\u0022}""}",22a59c90-e273-4dc5-95d2-307565d2a252,aded4c61-d9d5-48bf-8754-21d6143377f9,Supply (Ammunition),Supply (Ammunition),{},echelons-of-fury_pacific-campaign_supply-(ammunition)
492183ce-ecd3-4f62-86d8-ee9ce716b0a8,item,1,0,"{""obverse"": ""echelons-of-fury_pacific-campaign_supply-(fuel-2x)"", ""reverse"": ""echelons-of-fury_card-back""}","{""name_printed"": ""Supply"", ""functional_disambiguator"": ""Fuel 2x"", ""subtitle"": ""Fuel"", ""item_dimensions"": ""{\u0022height\u0022: \u00223.5\u0022, \u0022width\u0022: \u00222.5\u0022, \u0022unit\u0022: \u0022inch\u0022}""}",22a59c90-e273-4dc5-95d2-307565d2a252,aded4c61-d9d5-48bf-8754-21d6143377f9,Supply (Fuel 2x),Supply (Fuel 2x),{},echelons-of-fury_pacific-campaign_supply-(fuel-2x)
0cd632de-ffc1-498c-b75b-8cf82f30445b,item,1,0,"{""obverse"": ""echelons-of-fury_pacific-campaign_supply-(fuel)"", ""reverse"": ""echelons-of-fury_card-back""}","{""name_printed"": ""Supply"", ""functional_disambiguator"": ""Fuel"", ""subtitle"": ""Fuel"", ""item_dimensions"": ""{\u0022height\u0022: \u00223.5\u0022, \u0022width\u0022: \u00222.5\u0022, \u0022unit\u0022: \u0022inch\u0022}""}",22a59c90-e273-4dc5-95d2-307565d2a252,aded4c61-d9d5-48bf-8754-21d6143377f9,Supply (Fuel),Supply (Fuel),{},echelons-of-fury_pacific-campaign_supply-(fuel)
309d6d27-d5e0-42aa-a968-0e26f9317ce8,item,1,0,"{""obverse"": ""echelons-of-fury_pacific-campaign_tarawa"", ""reverse"": ""echelons-of-fury_card-back""}","{""name_printed"": ""Tarawa"", ""item_dimensions"": ""{\u0022height\u0022: \u00223.5\u0022, \u0022width\u0022: \u00222.5\u0022, \u0022unit\u0022: \u0022inch\u0022}""}",22a59c90-e273-4dc5-95d2-307565d2a252,aded4c61-d9d5-48bf-8754-21d6143377f9,Tarawa,Tarawa,{},echelons-of-fury_pacific-campaign_tarawa
b9591a48-5be8-4f25-83a1-da6e9189b479,item,1,0,"{""obverse"": ""echelons-of-fury_pacific-campaign_thrust"", ""reverse"": ""echelons-of-fury_card-back""}","{""name_printed"": ""Thrust"", ""item_dimensions"": ""{\u0022height\u0022: \u00223.5\u0022, \u0022width\u0022: \u00222.5\u0022, \u0022unit\u0022: \u0022inch\u0022}""}",22a59c90-e273-4dc5-95d2-307565d2a252,aded4c61-d9d5-48bf-8754-21d6143377f9,Thrust,Thrust,{},echelons-of-fury_pacific-campaign_thrust
72c7a3e0-92b9-46f5-9495-445842cb7308,item,1,0,"{""obverse"": ""echelons-of-fury_pacific-campaign_tunneling"", ""reverse"": ""echelons-of-fury_card-back""}","{""name_printed"": ""Tunneling"", ""subtitle"": ""Tactical Manuever"", ""item_dimensions"": ""{\u0022height\u0022: \u00223.5\u0022, \u0022width\u0022: \u00222.5\u0022, \u0022unit\u0022: \u0022inch\u0022}""}",22a59c90-e273-4dc5-95d2-307565d2a252,aded4c61-d9d5-48bf-8754-21d6143377f9,Tunneling,Tunneling,{},echelons-of-fury_pacific-campaign_tunneling
f6efcd57-d9d8-45de-92f8-09642fdcd3ab,item,1,0,"{""obverse"": ""echelons-of-fury_pacific-campaign_type-95-ha-go"", ""reverse"": ""echelons-of-fury_card-back""}","{""name_printed"": ""Type 95 Ha-Go"", ""subtitle"": ""Light Tank"", ""item_dimensions"": ""{\u0022height\u0022: \u00223.5\u0022, \u0022width\u0022: \u00222.5\u0022, \u0022unit\u0022: \u0022inch\u0022}""}",22a59c90-e273-4dc5-95d2-307565d2a252,aded4c61-d9d5-48bf-8754-21d6143377f9,Type 95 Ha-Go,Type 95 Ha-Go,{},echelons-of-fury_pacific-campaign_type-95-ha-go
4b2782f7-3f21-47b1-80dc-1315f4b0da49,item,1,0,"{""obverse"": ""echelons-of-fury_pacific-campaign_type-97-chi-ha"", ""reverse"": ""echelons-of-fury_card-back""}","{""name_printed"": ""Type 97 Chi-Ha"", ""subtitle"": ""Medium Tank"", ""item_dimensions"": ""{\u0022height\u0022: \u00223.5\u0022, \u0022width\u0022: \u00222.5\u0022, \u0022unit\u0022: \u0022inch\u0022}""}",22a59c90-e273-4dc5-95d2-307565d2a252,aded4c61-d9d5-48bf-8754-21d6143377f9,Type 97 Chi-Ha,Type 97 Chi-Ha,{},echelons-of-fury_pacific-campaign_type-97-chi-ha
8c24a2fd-2485-4511-b519-0c73ef906c82,item,1,0,"{""obverse"": ""echelons-of-fury_pacific-campaign_type-97-te-ke"", ""reverse"": ""echelons-of-fury_card-back""}","{""name_printed"": ""Type 97 Te-Ke"", ""subtitle"": ""Light Tank"", ""item_dimensions"": ""{\u0022height\u0022: \u00223.5\u0022, \u0022width\u0022: \u00222.5\u0022, \u0022unit\u0022: \u0022inch\u0022}""}",22a59c90-e273-4dc5-95d2-307565d2a252,aded4c61-d9d5-48bf-8754-21d6143377f9,Type 97 Te-Ke,Type 97 Te-Ke,{},echelons-of-fury_pacific-campaign_type-97-te-ke
344eb84c-a042-4496-a2d7-d859af7e5c07,item,1,0,"{""obverse"": ""echelons-of-fury_pacific-campaign_u-s---30-cal--lmg"", ""reverse"": ""echelons-of-fury_card-back""}","{""name_printed"": ""U.S. .30 Cal. LMG"", ""subtitle"": ""Light Machine Gun"", ""item_dimensions"": ""{\u0022height\u0022: \u00223.5\u0022, \u0022width\u0022: \u00222.5\u0022, \u0022unit\u0022: \u0022inch\u0022}""}",22a59c90-e273-4dc5-95d2-307565d2a252,aded4c61-d9d5-48bf-8754-21d6143377f9,U.S. .30 Cal. LMG,U.S. .30 Cal. LMG,{},echelons-of-fury_pacific-campaign_u-s---30-cal--lmg
cc7cbaa7-5ee7-4329-b5f1-efe5773655c1,item,1,0,"{""obverse"": ""echelons-of-fury_pacific-campaign_u-s---50-caliber"", ""reverse"": ""echelons-of-fury_card-back""}","{""name_printed"": ""U.S. .50 Caliber"", ""subtitle"": ""Heavy Machine Gun"", ""item_dimensions"": ""{\u0022height\u0022: \u00223.5\u0022, \u0022width\u0022: \u00222.5\u0022, \u0022unit\u0022: \u0022inch\u0022}""}",22a59c90-e273-4dc5-95d2-307565d2a252,aded4c61-d9d5-48bf-8754-21d6143377f9,U.S. .50 Caliber,U.S. .50 Caliber,{},echelons-of-fury_pacific-campaign_u-s---50-caliber
720836dc-f9dc-4230-a7a8-955baa2910dd,item,1,0,"{""obverse"": ""echelons-of-fury_pacific-campaign_u-s--1st-lieutenant"", ""reverse"": ""echelons-of-fury_card-back""}","{""name_printed"": ""U.S. 1st Lieutenant"", ""subtitle"": ""Marine Platoon Leader"", ""item_dimensions"": ""{\u0022height\u0022: \u00223.5\u0022, \u0022width\u0022: \u00222.5\u0022, \u0022unit\u0022: \u0022inch\u0022}""}",22a59c90-e273-4dc5-95d2-307565d2a252,aded4c61-d9d5-48bf-8754-21d6143377f9,U.S. 1st Lieutenant,U.S. 1st Lieutenant,{},echelons-of-fury_pacific-campaign_u-s--1st-lieutenant
1d9ad45f-e6e7-4377-aee8-1de4efb93363,item,1,0,"{""obverse"": ""echelons-of-fury_pacific-campaign_u-s--2-36--bazooka"", ""reverse"": ""echelons-of-fury_card-back""}","{""name_printed"": ""U.S. 2.36\u0022 Bazooka"", ""subtitle"": ""Rocket Launcher"", ""item_dimensions"": ""{\u0022height\u0022: \u00223.5\u0022, \u0022width\u0022: \u00222.5\u0022, \u0022unit\u0022: \u0022inch\u0022}""}",22a59c90-e273-4dc5-95d2-307565d2a252,aded4c61-d9d5-48bf-8754-21d6143377f9,"U.S. 2.36"" Bazooka","U.S. 2.36"" Bazooka",{},echelons-of-fury_pacific-campaign_u-s--2-36--bazooka
d0886086-c3d5-44ab-a6fb-8c75298e6946,item,1,0,"{""obverse"": ""echelons-of-fury_pacific-campaign_u-s--2nd-lieutenant"", ""reverse"": ""echelons-of-fury_card-back""}","{""name_printed"": ""U.S. 2nd Lieutenant"", ""subtitle"": ""Platoon Leader"", ""item_dimensions"": ""{\u0022height\u0022: \u00223.5\u0022, \u0022width\u0022: \u00222.5\u0022, \u0022unit\u0022: \u0022inch\u0022}""}",22a59c90-e273-4dc5-95d2-307565d2a252,aded4c61-d9d5-48bf-8754-21d6143377f9,U.S. 2nd Lieutenant,U.S. 2nd Lieutenant,{},echelons-of-fury_pacific-campaign_u-s--2nd-lieutenant
56602408-bdb3-4593-b162-8a40e3ad19f1,item,1,0,"{""obverse"": ""echelons-of-fury_pacific-campaign_u-s--75mm-m3"", ""reverse"": ""echelons-of-fury_card-back""}","{""name_printed"": ""U.S. 75mm M3"", ""subtitle"": ""Gun Carriage"", ""item_dimensions"": ""{\u0022height\u0022: \u00223.5\u0022, \u0022width\u0022: \u00222.5\u0022, \u0022unit\u0022: \u0022inch\u0022}""}",22a59c90-e273-4dc5-95d2-307565d2a252,aded4c61-d9d5-48bf-8754-21d6143377f9,U.S. 75mm M3,U.S. 75mm M3,{},echelons-of-fury_pacific-campaign_u-s--75mm-m3
7e1a4d66-b4a0-4cdf-8515-59bd82b57059,item,1,0,"{""obverse"": ""echelons-of-fury_pacific-campaign_u-s--81mm-mortar"", ""reverse"": ""echelons-of-fury_card-back""}","{""name_printed"": ""U.S. 81mm Mortar"", ""subtitle"": ""Medium Mortar"", ""item_dimensions"": ""{\u0022height\u0022: \u00223.5\u0022, \u0022width\u0022: \u00222.5\u0022, \u0022unit\u0022: \u0022inch\u0022}""}",22a59c90-e273-4dc5-95d2-307565d2a252,aded4c61-d9d5-48bf-8754-21d6143377f9,U.S. 81mm Mortar,U.S. 81mm Mortar,{},echelons-of-fury_pacific-campaign_u-s--81mm-mortar
bf6e9bc1-af47-40bc-864e-499fe7c68dcc,item,1,0,"{""obverse"": ""echelons-of-fury_pacific-campaign_u-s--autorifleman"", ""reverse"": ""echelons-of-fury_card-back""}","{""name_printed"": ""U.S. Autorifleman"", ""subtitle"": ""Autorifleman"", ""item_dimensions"": ""{\u0022height\u0022: \u00223.5\u0022, \u0022width\u0022: \u00222.5\u0022, \u0022unit\u0022: \u0022inch\u0022}""}",22a59c90-e273-4dc5-95d2-307565d2a252,aded4c61-d9d5-48bf-8754-21d6143377f9,U.S. Autorifleman,U.S. Autorifleman,{},echelons-of-fury_pacific-campaign_u-s--autorifleman
ab1ca11b-b31f-401e-8a38-f7a304333338,item,1,0,"{""obverse"": ""echelons-of-fury_pacific-campaign_u-s--f-4f-wildcat"", ""reverse"": ""echelons-of-fury_card-back""}","{""name_printed"": ""U.S. F-4F Wildcat"", ""subtitle"": ""Aircraft"", ""item_dimensions"": ""{\u0022height\u0022: \u00223.5\u0022, \u0022width\u0022: \u00222.5\u0022, \u0022unit\u0022: \u0022inch\u0022}""}",22a59c90-e273-4dc5-95d2-307565d2a252,aded4c61-d9d5-48bf-8754-21d6143377f9,U.S. F-4F Wildcat,U.S. F-4F Wildcat,{},echelons-of-fury_pacific-campaign_u-s--f-4f-wildcat
98ae3c4f-230c-4bb6-bd8c-eee2bc2767ce,third-party-document,0,0,"{""obverse"": ""echelons-of-fury_pacific-campaign_u-s--f4u-1-corsair,-aircraft"", ""reverse"": ""echelons-of-fury_card-back""}","{""name_printed"": ""U.S. F4U-1 Corsair, Aircraft"", ""item_dimensions"": ""{\u0022height\u0022: \u00223.5\u0022, \u0022width\u0022: \u00222.5\u0022, \u0022unit\u0022: \u0022inch\u0022}""}",22a59c90-e273-4dc5-95d2-307565d2a252,aded4c61-d9d5-48bf-8754-21d6143377f9,"U.S. F4U-1 Corsair, Aircraft","U.S. F4U-1 Corsair, Aircraft",{},"echelons-of-fury_pacific-campaign_u-s--f4u-1-corsair,-aircraft"
f8171798-fb57-431f-83d0-abadd686beb8,item,1,0,"{""obverse"": ""echelons-of-fury_pacific-campaign_u-s--f4u-1d-corsair"", ""reverse"": ""echelons-of-fury_card-back""}","{""name_printed"": ""U.S. F4U-1D Corsair"", ""subtitle"": ""Aircraft"", ""item_dimensions"": ""{\u0022height\u0022: \u00223.5\u0022, \u0022width\u0022: \u00222.5\u0022, \u0022unit\u0022: \u0022inch\u0022}""}",22a59c90-e273-4dc5-95d2-307565d2a252,aded4c61-d9d5-48bf-8754-21d6143377f9,U.S. F4U-1D Corsair,U.S. F4U-1D Corsair,{},echelons-of-fury_pacific-campaign_u-s--f4u-1d-corsair
cb706125-76d7-4536-b8ac-4e237f8600cd,item,1,0,"{""obverse"": ""echelons-of-fury_pacific-campaign_u-s--f6f-3-hellcat"", ""reverse"": ""echelons-of-fury_card-back""}","{""name_printed"": ""U.S. F6F-3 Hellcat"", ""subtitle"": ""Aircraft"", ""item_dimensions"": ""{\u0022height\u0022: \u00223.5\u0022, \u0022width\u0022: \u00222.5\u0022, \u0022unit\u0022: \u0022inch\u0022}""}",22a59c90-e273-4dc5-95d2-307565d2a252,aded4c61-d9d5-48bf-8754-21d6143377f9,U.S. F6F-3 Hellcat,U.S. F6F-3 Hellcat,{},echelons-of-fury_pacific-campaign_u-s--f6f-3-hellcat
53a988c6-b031-4ab8-b762-23b70766d2ec,item,1,0,"{""obverse"": ""echelons-of-fury_pacific-campaign_u-s--f6f-5-hellcat"", ""reverse"": ""echelons-of-fury_card-back""}","{""name_printed"": ""U.S. F6F-5 Hellcat"", ""subtitle"": ""Aircraft"", ""item_dimensions"": ""{\u0022height\u0022: \u00223.5\u0022, \u0022width\u0022: \u00222.5\u0022, \u0022unit\u0022: \u0022inch\u0022}""}",22a59c90-e273-4dc5-95d2-307565d2a252,aded4c61-d9d5-48bf-8754-21d6143377f9,U.S. F6F-5 Hellcat,U.S. F6F-5 Hellcat,{},echelons-of-fury_pacific-campaign_u-s--f6f-5-hellcat
14eb7101-f232-4577-98c4-d48a4a6fad90,item,1,0,"{""obverse"": ""echelons-of-fury_pacific-campaign_u-s--flamethrower"", ""reverse"": ""echelons-of-fury_card-back""}","{""name_printed"": ""U.S. Flamethrower"", ""subtitle"": ""Flame Thrower"", ""item_dimensions"": ""{\u0022height\u0022: \u00223.5\u0022, \u0022width\u0022: \u00222.5\u0022, \u0022unit\u0022: \u0022inch\u0022}""}",22a59c90-e273-4dc5-95d2-307565d2a252,aded4c61-d9d5-48bf-8754-21d6143377f9,U.S. Flamethrower,U.S. Flamethrower,{},echelons-of-fury_pacific-campaign_u-s--flamethrower
0079781c-f952-4f39-8807-1bfed21febb4,item,1,0,"{""obverse"": ""echelons-of-fury_pacific-campaign_u-s--freighter-(fleet-supply-ship)"", ""reverse"": ""echelons-of-fury_card-back""}","{""name_printed"": ""U.S. Freighter"", ""functional_disambiguator"": ""Fleet Supply Ship"", ""subtitle"": ""Fleet Supply Ship"", ""item_dimensions"": ""{\u0022height\u0022: \u00223.5\u0022, \u0022width\u0022: \u00222.5\u0022, \u0022unit\u0022: \u0022inch\u0022}""}",22a59c90-e273-4dc5-95d2-307565d2a252,aded4c61-d9d5-48bf-8754-21d6143377f9,U.S. Freighter (Fleet Supply Ship),U.S. Freighter (Fleet Supply Ship),{},echelons-of-fury_pacific-campaign_u-s--freighter-(fleet-supply-ship)
ac09f2c7-78df-4be7-8da4-5cc93d380f6f,item,1,0,"{""obverse"": ""echelons-of-fury_pacific-campaign_u-s--freighter-(supply-ship-aa-2)"", ""reverse"": ""echelons-of-fury_card-back""}","{""name_printed"": ""U.S. Freighter"", ""functional_disambiguator"": ""Supply Ship AA/2"", ""subtitle"": ""Supply Ship"", ""item_dimensions"": ""{\u0022height\u0022: \u00223.5\u0022, \u0022width\u0022: \u00222.5\u0022, \u0022unit\u0022: \u0022inch\u0022}""}",22a59c90-e273-4dc5-95d2-307565d2a252,aded4c61-d9d5-48bf-8754-21d6143377f9,U.S. Freighter (Supply Ship AA/2),U.S. Freighter (Supply Ship AA/2),{},echelons-of-fury_pacific-campaign_u-s--freighter-(supply-ship-aa-2)
784c9620-ad22-4007-860c-e73029ee5584,item,1,0,"{""obverse"": ""echelons-of-fury_pacific-campaign_u-s--freighter-(supply-ship-aa-3)"", ""reverse"": ""echelons-of-fury_card-back""}","{""name_printed"": ""U.S. Freighter"", ""functional_disambiguator"": ""Supply Ship AA/3"", ""subtitle"": ""Supply Ship"", ""item_dimensions"": ""{\u0022height\u0022: \u00223.5\u0022, \u0022width\u0022: \u00222.5\u0022, \u0022unit\u0022: \u0022inch\u0022}""}",22a59c90-e273-4dc5-95d2-307565d2a252,aded4c61-d9d5-48bf-8754-21d6143377f9,U.S. Freighter (Supply Ship AA/3),U.S. Freighter (Supply Ship AA/3),{},echelons-of-fury_pacific-campaign_u-s--freighter-(supply-ship-aa-3)
e11689e1-3a64-4e0e-82f2-56f43929e467,item,1,0,"{""obverse"": ""echelons-of-fury_pacific-campaign_u-s--kingfisher"", ""reverse"": ""echelons-of-fury_card-back""}","{""name_printed"": ""U.S. Kingfisher"", ""subtitle"": ""Reconnaissance Aircraft"", ""item_dimensions"": ""{\u0022height\u0022: \u00223.5\u0022, \u0022width\u0022: \u00222.5\u0022, \u0022unit\u0022: \u0022inch\u0022}""}",22a59c90-e273-4dc5-95d2-307565d2a252,aded4c61-d9d5-48bf-8754-21d6143377f9,U.S. Kingfisher,U.S. Kingfisher,{},echelons-of-fury_pacific-campaign_u-s--kingfisher
32a2f33a-9a8c-48d4-8daf-18aa0a1358df,third-party-document,0,0,"{""obverse"": ""echelons-of-fury_pacific-campaign_u-s--l-s-t-"", ""reverse"": ""echelons-of-fury_card-back""}","{""name_printed"": ""U.S. L.S.T."", ""subtitle"": ""Landing Ship Transport"", ""item_dimensions"": ""{\u0022height\u0022: \u00223.5\u0022, \u0022width\u0022: \u00222.5\u0022, \u0022unit\u0022: \u0022inch\u0022}""}",22a59c90-e273-4dc5-95d2-307565d2a252,aded4c61-d9d5-48bf-8754-21d6143377f9,U.S. L.S.T.,U.S. L.S.T.,"{""source_notes"": ""included in Jason Matz's Combined CCG Checklist""}",echelons-of-fury_pacific-campaign_u-s--l-s-t-
9acbc26a-dbe4-46cf-987c-96197f2e5924,item,1,0,"{""obverse"": ""echelons-of-fury_pacific-campaign_u-s--lcm"", ""reverse"": ""echelons-of-fury_card-back""}","{""name_printed"": ""U.S. LCM"", ""subtitle"": ""Landing Craft Mechanized"", ""item_dimensions"": ""{\u0022height\u0022: \u00223.5\u0022, \u0022width\u0022: \u00222.5\u0022, \u0022unit\u0022: \u0022inch\u0022}""}",22a59c90-e273-4dc5-95d2-307565d2a252,aded4c61-d9d5-48bf-8754-21d6143377f9,U.S. LCM,U.S. LCM,{},echelons-of-fury_pacific-campaign_u-s--lcm
98e34204-1bac-47f7-bc5d-5f550b73b493,item,1,0,"{""obverse"": ""echelons-of-fury_pacific-campaign_u-s--lcp"", ""reverse"": ""echelons-of-fury_card-back""}","{""name_printed"": ""U.S. LCP"", ""subtitle"": ""Landing Craft Personnel"", ""item_dimensions"": ""{\u0022height\u0022: \u00223.5\u0022, \u0022width\u0022: \u00222.5\u0022, \u0022unit\u0022: \u0022inch\u0022}""}",22a59c90-e273-4dc5-95d2-307565d2a252,aded4c61-d9d5-48bf-8754-21d6143377f9,U.S. LCP,U.S. LCP,{},echelons-of-fury_pacific-campaign_u-s--lcp
d647e722-5fc1-4e71-82c6-d2f9dc30fa5f,item,1,0,"{""obverse"": ""echelons-of-fury_pacific-campaign_u-s--lvt-2"", ""reverse"": ""echelons-of-fury_card-back""}","{""name_printed"": ""U.S. LVT-2"", ""subtitle"": ""Amphibious Assault Tank"", ""item_dimensions"": ""{\u0022height\u0022: \u00223.5\u0022, \u0022width\u0022: \u00222.5\u0022, \u0022unit\u0022: \u0022inch\u0022}""}",22a59c90-e273-4dc5-95d2-307565d2a252,aded4c61-d9d5-48bf-8754-21d6143377f9,U.S. LVT-2,U.S. LVT-2,{},echelons-of-fury_pacific-campaign_u-s--lvt-2
1ce7f2a6-7bba-4b45-98a4-c411dd502600,item,1,0,"{""obverse"": ""echelons-of-fury_pacific-campaign_u-s--lvt-4-buffalo"", ""reverse"": ""echelons-of-fury_card-back""}","{""name_printed"": ""U.S. LVT-4 Buffalo"", ""subtitle"": ""Amphibious Assault Vehicle"", ""item_dimensions"": ""{\u0022height\u0022: \u00223.5\u0022, \u0022width\u0022: \u00222.5\u0022, \u0022unit\u0022: \u0022inch\u0022}""}",22a59c90-e273-4dc5-95d2-307565d2a252,aded4c61-d9d5-48bf-8754-21d6143377f9,U.S. LVT-4 Buffalo,U.S. LVT-4 Buffalo,{},echelons-of-fury_pacific-campaign_u-s--lvt-4-buffalo
10bdbde4-e578-49ba-bb36-8e16dc07a978,item,1,0,"{""obverse"": ""echelons-of-fury_pacific-campaign_u-s--lvt(a)-4-amtank"", ""reverse"": ""echelons-of-fury_card-back""}","{""name_printed"": ""U.S. LVT(A)-4 Amtank"", ""subtitle"": ""Amphibious Assault Vehicle"", ""item_dimensions"": ""{\u0022height\u0022: \u00223.5\u0022, \u0022width\u0022: \u00222.5\u0022, \u0022unit\u0022: \u0022inch\u0022}""}",22a59c90-e273-4dc5-95d2-307565d2a252,aded4c61-d9d5-48bf-8754-21d6143377f9,U.S. LVT(A)-4 Amtank,U.S. LVT(A)-4 Amtank,{},echelons-of-fury_pacific-campaign_u-s--lvt(a)-4-amtank
7c62fc68-27ed-4225-97d5-44697aee9baf,item,1,0,"{""obverse"": ""echelons-of-fury_pacific-campaign_u-s--m-4-sherman"", ""reverse"": ""echelons-of-fury_card-back""}","{""name_printed"": ""U.S. M-4 Sherman"", ""subtitle"": ""Medium Tank"", ""item_dimensions"": ""{\u0022height\u0022: \u00223.5\u0022, \u0022width\u0022: \u00222.5\u0022, \u0022unit\u0022: \u0022inch\u0022}""}",22a59c90-e273-4dc5-95d2-307565d2a252,aded4c61-d9d5-48bf-8754-21d6143377f9,U.S. M-4 Sherman,U.S. M-4 Sherman,{},echelons-of-fury_pacific-campaign_u-s--m-4-sherman
f181f8b2-d1f8-43e2-97eb-cec83e2bee4e,item,1,0,"{""obverse"": ""echelons-of-fury_pacific-campaign_u-s--m-5a1-stuart"", ""reverse"": ""echelons-of-fury_card-back""}","{""name_printed"": ""U.S. M-5A1 Stuart"", ""subtitle"": ""Light Tank"", ""item_dimensions"": ""{\u0022height\u0022: \u00223.5\u0022, \u0022width\u0022: \u00222.5\u0022, \u0022unit\u0022: \u0022inch\u0022}""}",22a59c90-e273-4dc5-95d2-307565d2a252,aded4c61-d9d5-48bf-8754-21d6143377f9,U.S. M-5A1 Stuart,U.S. M-5A1 Stuart,{},echelons-of-fury_pacific-campaign_u-s--m-5a1-stuart
4d446c45-f639-4d66-ac6c-2e93f5bcbce1,item,1,0,"{""obverse"": ""echelons-of-fury_pacific-campaign_u-s--m8-howitzer"", ""reverse"": ""echelons-of-fury_card-back""}","{""name_printed"": ""U.S. M8 Howitzer"", ""subtitle"": ""75mm Howitzer"", ""item_dimensions"": ""{\u0022height\u0022: \u00223.5\u0022, \u0022width\u0022: \u00222.5\u0022, \u0022unit\u0022: \u0022inch\u0022}""}",22a59c90-e273-4dc5-95d2-307565d2a252,aded4c61-d9d5-48bf-8754-21d6143377f9,U.S. M8 Howitzer,U.S. M8 Howitzer,{},echelons-of-fury_pacific-campaign_u-s--m8-howitzer
f81a5dcd-e8df-4384-a3df-2dad5d74a43e,item,1,0,"{""obverse"": ""echelons-of-fury_pacific-campaign_u-s--marine-bar"", ""reverse"": ""echelons-of-fury_card-back""}","{""name_printed"": ""U.S. Marine BAR"", ""subtitle"": ""Marine Autorifleman"", ""item_dimensions"": ""{\u0022height\u0022: \u00223.5\u0022, \u0022width\u0022: \u00222.5\u0022, \u0022unit\u0022: \u0022inch\u0022}""}",22a59c90-e273-4dc5-95d2-307565d2a252,aded4c61-d9d5-48bf-8754-21d6143377f9,U.S. Marine BAR,U.S. Marine BAR,{},echelons-of-fury_pacific-campaign_u-s--marine-bar
cbb701f3-9563-4156-a2a1-ae1a698e6182,item,1,0,"{""obverse"": ""echelons-of-fury_pacific-campaign_u-s--napalm"", ""reverse"": ""echelons-of-fury_card-back""}","{""name_printed"": ""U.S. Napalm"", ""subtitle"": ""Napalm"", ""item_dimensions"": ""{\u0022height\u0022: \u00223.5\u0022, \u0022width\u0022: \u00222.5\u0022, \u0022unit\u0022: \u0022inch\u0022}""}",22a59c90-e273-4dc5-95d2-307565d2a252,aded4c61-d9d5-48bf-8754-21d6143377f9,U.S. Napalm,U.S. Napalm,{},echelons-of-fury_pacific-campaign_u-s--napalm
c60a57fa-a26b-40c0-a3e8-cb8125d9ec9e,item,1,0,"{""obverse"": ""echelons-of-fury_pacific-campaign_u-s--p-38-lightning"", ""reverse"": ""echelons-of-fury_card-back""}","{""name_printed"": ""U.S. P-38 Lightning"", ""subtitle"": ""Aircraft"", ""item_dimensions"": ""{\u0022height\u0022: \u00223.5\u0022, \u0022width\u0022: \u00222.5\u0022, \u0022unit\u0022: \u0022inch\u0022}""}",22a59c90-e273-4dc5-95d2-307565d2a252,aded4c61-d9d5-48bf-8754-21d6143377f9,U.S. P-38 Lightning,U.S. P-38 Lightning,{},echelons-of-fury_pacific-campaign_u-s--p-38-lightning
aea699a6-661d-4f17-8c5e-605a37bd3578,item,1,0,"{""obverse"": ""echelons-of-fury_pacific-campaign_u-s--squad-(marine-sea-bees)"", ""reverse"": ""echelons-of-fury_card-back""}","{""name_printed"": ""U.S. Squad"", ""functional_disambiguator"": ""Marine Sea Bees"", ""subtitle"": ""Marine Sea Bees"", ""item_dimensions"": ""{\u0022height\u0022: \u00223.5\u0022, \u0022width\u0022: \u00222.5\u0022, \u0022unit\u0022: \u0022inch\u0022}""}",22a59c90-e273-4dc5-95d2-307565d2a252,aded4c61-d9d5-48bf-8754-21d6143377f9,U.S. Squad (Marine Sea Bees),U.S. Squad (Marine Sea Bees),{},echelons-of-fury_pacific-campaign_u-s--squad-(marine-sea-bees)
8b3160e8-2d42-4105-93a3-b8fb9d9b33ff,item,1,0,"{""obverse"": ""echelons-of-fury_pacific-campaign_u-s--squad-(marines)"", ""reverse"": ""echelons-of-fury_card-back""}","{""name_printed"": ""U.S. Squad"", ""functional_disambiguator"": ""Marines"", ""subtitle"": ""Marines"", ""item_dimensions"": ""{\u0022height\u0022: \u00223.5\u0022, \u0022width\u0022: \u00222.5\u0022, \u0022unit\u0022: \u0022inch\u0022}""}",22a59c90-e273-4dc5-95d2-307565d2a252,aded4c61-d9d5-48bf-8754-21d6143377f9,U.S. Squad (Marines),U.S. Squad (Marines),{},echelons-of-fury_pacific-campaign_u-s--squad-(marines)
5e09ad55-b47a-4dce-aaea-e2744d9aeb22,item,1,0,"{""obverse"": ""echelons-of-fury_pacific-campaign_u-s--squad-(regulars)"", ""reverse"": ""echelons-of-fury_card-back""}","{""name_printed"": ""U.S. Squad"", ""functional_disambiguator"": ""Regulars"", ""subtitle"": ""Regulars"", ""item_dimensions"": ""{\u0022height\u0022: \u00223.5\u0022, \u0022width\u0022: \u00222.5\u0022, \u0022unit\u0022: \u0022inch\u0022}""}",22a59c90-e273-4dc5-95d2-307565d2a252,aded4c61-d9d5-48bf-8754-21d6143377f9,U.S. Squad (Regulars),U.S. Squad (Regulars),{},echelons-of-fury_pacific-campaign_u-s--squad-(regulars)
8fd11b84-6383-4d18-8b1e-f5eceeb4debc,item,1,0,"{""obverse"": ""echelons-of-fury_pacific-campaign_u-s-s--johnston-class"", ""reverse"": ""echelons-of-fury_card-back""}","{""name_printed"": ""U.S.S. Johnston Class"", ""subtitle"": ""Destroyer"", ""item_dimensions"": ""{\u0022height\u0022: \u00223.5\u0022, \u0022width\u0022: \u00222.5\u0022, \u0022unit\u0022: \u0022inch\u0022}""}",22a59c90-e273-4dc5-95d2-307565d2a252,aded4c61-d9d5-48bf-8754-21d6143377f9,U.S.S. Johnston Class,U.S.S. Johnston Class,{},echelons-of-fury_pacific-campaign_u-s-s--johnston-class
8ad678e3-d1c8-4fc0-81d9-4d49f45db525,item,1,0,"{""obverse"": ""echelons-of-fury_pacific-campaign_veteran"", ""reverse"": ""echelons-of-fury_card-back""}","{""name_printed"": ""Veteran"", ""subtitle"": ""Pilot"", ""item_dimensions"": ""{\u0022height\u0022: \u00223.5\u0022, \u0022width\u0022: \u00222.5\u0022, \u0022unit\u0022: \u0022inch\u0022}""}",22a59c90-e273-4dc5-95d2-307565d2a252,aded4c61-d9d5-48bf-8754-21d6143377f9,Veteran,Veteran,{},echelons-of-fury_pacific-campaign_veteran
1e0cb136-ef3a-4f40-9914-abf4574cdf6d,item,1,0,"{""obverse"": ""echelons-of-fury_pacific-campaign_wireless-radio"", ""reverse"": ""echelons-of-fury_card-back""}","{""name_printed"": ""Wireless Radio"", ""subtitle"": ""Radio"", ""item_dimensions"": ""{\u0022height\u0022: \u00223.5\u0022, \u0022width\u0022: \u00222.5\u0022, \u0022unit\u0022: \u0022inch\u0022}""}",22a59c90-e273-4dc5-95d2-307565d2a252,aded4c61-d9d5-48bf-8754-21d6143377f9,Wireless Radio,Wireless Radio,{},echelons-of-fury_pacific-campaign_wireless-radio