id,source,imaged,documented,images,attributes,game_id,set_id,functional_name,item_name,source_notes,game_set_item_slug
f851e35a-8be6-44cf-aa57-ef48d8b85fdf,first-party-document,0,0,"{""obverse"": ""monty-python-and-the-holy-grail-collectible-card-game_monty-python-and-the-holy-grail_castle-abblasore"", ""reverse"": ""monty-python-and-the-holy-grail-collectible-card-game_card-back""}","{""name_printed"": ""Castle Abblasore"", ""rarity"": ""Rare"", ""number"": ""1"", ""type"": ""Castle"", ""item_dimensions"": ""{\u0022height\u0022: \u00223.5\u0022, \u0022width\u0022: \u00222.5\u0022, \u0022unit\u0022: \u0022inch\u0022}""}",8ad40f3e-887a-40a6-b6b3-61eb66161ef4,6044a07c-4719-4505-bac3-d5356dc2e3a0,Castle Abblasore,Castle Abblasore,{},monty-python-and-the-holy-grail-collectible-card-game_monty-python-and-the-holy-grail_castle-abblasore
2c13295c-d42c-4daf-bbc0-d6b2fbdece9a,first-party-document,0,0,"{""obverse"": ""monty-python-and-the-holy-grail_monty-python-and-the-holy-grail_advancing-behavior"", ""reverse"": ""monty-python-and-the-holy-grail_card-back""}","{""name_printed"": ""Advancing Behavior"", ""rarity"": ""Common"", ""number"": ""2"", ""type"": ""Taunt"", ""item_dimensions"": ""{\u0022height\u0022: \u00223.5\u0022, \u0022width\u0022: \u00222.5\u0022, \u0022unit\u0022: \u0022inch\u0022}""}",8ad40f3e-887a-40a6-b6b3-61eb66161ef4,6044a07c-4719-4505-bac3-d5356dc2e3a0,Advancing Behavior,Advancing Behavior,{},monty-python-and-the-holy-grail_monty-python-and-the-holy-grail_advancing-behavior
d556ea86-171c-44a2-a2fe-02c3b5fb8b4c,first-party-document,0,0,"{""obverse"": ""monty-python-and-the-holy-grail_monty-python-and-the-holy-grail_african-swallow-steals-coconuts"", ""reverse"": ""monty-python-and-the-holy-grail_card-back""}","{""name_printed"": ""African Swallow Steals Coconuts"", ""rarity"": ""Rare"", ""number"": ""3"", ""type"": ""Event"", ""item_dimensions"": ""{\u0022height\u0022: \u00223.5\u0022, \u0022width\u0022: \u00222.5\u0022, \u0022unit\u0022: \u0022inch\u0022}""}",8ad40f3e-887a-40a6-b6b3-61eb66161ef4,6044a07c-4719-4505-bac3-d5356dc2e3a0,African Swallow Steals Coconuts,African Swallow Steals Coconuts,{},monty-python-and-the-holy-grail_monty-python-and-the-holy-grail_african-swallow-steals-coconuts
aeed0ad6-fc32-47c9-9def-27d33be771dd,first-party-document,0,0,"{""obverse"": ""monty-python-and-the-holy-grail_monty-python-and-the-holy-grail_ain't-heard-nothing"", ""reverse"": ""monty-python-and-the-holy-grail_card-back""}","{""name_printed"": ""Ain't Heard Nothing"", ""rarity"": ""Uncommon"", ""number"": ""4"", ""type"": ""Taunt"", ""item_dimensions"": ""{\u0022height\u0022: \u00223.5\u0022, \u0022width\u0022: \u00222.5\u0022, \u0022unit\u0022: \u0022inch\u0022}""}",8ad40f3e-887a-40a6-b6b3-61eb66161ef4,6044a07c-4719-4505-bac3-d5356dc2e3a0,Ain't Heard Nothing,Ain't Heard Nothing,{},monty-python-and-the-holy-grail_monty-python-and-the-holy-grail_ain't-heard-nothing
a4b857da-3fb7-4dd0-a51f-6b3edc9d3232,first-party-document,0,0,"{""obverse"": ""monty-python-and-the-holy-grail_monty-python-and-the-holy-grail_sir-allardin-o'-the-isles"", ""reverse"": ""monty-python-and-the-holy-grail_card-back""}","{""name_printed"": ""Sir Allardin o' the Isles"", ""rarity"": ""Rare"", ""number"": ""5"", ""type"": ""Knight"", ""item_dimensions"": ""{\u0022height\u0022: \u00223.5\u0022, \u0022width\u0022: \u00222.5\u0022, \u0022unit\u0022: \u0022inch\u0022}""}",8ad40f3e-887a-40a6-b6b3-61eb66161ef4,6044a07c-4719-4505-bac3-d5356dc2e3a0,Sir Allardin o' the Isles,Sir Allardin o' the Isles,{},monty-python-and-the-holy-grail_monty-python-and-the-holy-grail_sir-allardin-o'-the-isles
80989433-edeb-449f-b601-bf4365a736f6,first-party-document,0,0,"{""obverse"": ""monty-python-and-the-holy-grail_monty-python-and-the-holy-grail_allo"", ""reverse"": ""monty-python-and-the-holy-grail_card-back""}","{""name_printed"": ""Allo"", ""rarity"": ""Rare"", ""number"": ""6"", ""type"": ""Event"", ""item_dimensions"": ""{\u0022height\u0022: \u00223.5\u0022, \u0022width\u0022: \u00222.5\u0022, \u0022unit\u0022: \u0022inch\u0022}""}",8ad40f3e-887a-40a6-b6b3-61eb66161ef4,6044a07c-4719-4505-bac3-d5356dc2e3a0,Allo,Allo,{},monty-python-and-the-holy-grail_monty-python-and-the-holy-grail_allo
65447f61-f830-4017-a574-d7f83163f375,first-party-document,0,0,"{""obverse"": ""monty-python-and-the-holy-grail_monty-python-and-the-holy-grail_already-got-one"", ""reverse"": ""monty-python-and-the-holy-grail_card-back""}","{""name_printed"": ""Already Got One"", ""rarity"": ""Rare"", ""number"": ""7"", ""type"": ""Event"", ""item_dimensions"": ""{\u0022height\u0022: \u00223.5\u0022, \u0022width\u0022: \u00222.5\u0022, \u0022unit\u0022: \u0022inch\u0022}""}",8ad40f3e-887a-40a6-b6b3-61eb66161ef4,6044a07c-4719-4505-bac3-d5356dc2e3a0,Already Got One,Already Got One,{},monty-python-and-the-holy-grail_monty-python-and-the-holy-grail_already-got-one
6f8508da-e0f8-4714-993e-cb02fa9c60c9,first-party-document,0,0,"{""obverse"": ""monty-python-and-the-holy-grail_monty-python-and-the-holy-grail_anarcho-syndicalist-commune"", ""reverse"": ""monty-python-and-the-holy-grail_card-back""}","{""name_printed"": ""Anarcho-Syndicalist Commune"", ""rarity"": ""Common"", ""number"": ""8"", ""type"": ""Village"", ""item_dimensions"": ""{\u0022height\u0022: \u00223.5\u0022, \u0022width\u0022: \u00222.5\u0022, \u0022unit\u0022: \u0022inch\u0022}""}",8ad40f3e-887a-40a6-b6b3-61eb66161ef4,6044a07c-4719-4505-bac3-d5356dc2e3a0,Anarcho-Syndicalist Commune,Anarcho-Syndicalist Commune,{},monty-python-and-the-holy-grail_monty-python-and-the-holy-grail_anarcho-syndicalist-commune
c9770f8b-6067-4764-8320-8ef690411ac2,first-party-document,0,0,"{""obverse"": ""monty-python-and-the-holy-grail_monty-python-and-the-holy-grail_sir-andred"", ""reverse"": ""monty-python-and-the-holy-grail_card-back""}","{""name_printed"": ""Sir Andred"", ""rarity"": ""Rare"", ""number"": ""9"", ""type"": ""Adversary"", ""item_dimensions"": ""{\u0022height\u0022: \u00223.5\u0022, \u0022width\u0022: \u00222.5\u0022, \u0022unit\u0022: \u0022inch\u0022}""}",8ad40f3e-887a-40a6-b6b3-61eb66161ef4,6044a07c-4719-4505-bac3-d5356dc2e3a0,Sir Andred,Sir Andred,{},monty-python-and-the-holy-grail_monty-python-and-the-holy-grail_sir-andred
5cce1db2-9fbc-4c47-b998-cbe851086660,first-party-document,0,0,"{""obverse"": ""monty-python-and-the-holy-grail_monty-python-and-the-holy-grail_angelic-influence"", ""reverse"": ""monty-python-and-the-holy-grail_card-back""}","{""name_printed"": ""Angelic Influence"", ""rarity"": ""Rare"", ""number"": ""10"", ""type"": ""Event"", ""item_dimensions"": ""{\u0022height\u0022: \u00223.5\u0022, \u0022width\u0022: \u00222.5\u0022, \u0022unit\u0022: \u0022inch\u0022}""}",8ad40f3e-887a-40a6-b6b3-61eb66161ef4,6044a07c-4719-4505-bac3-d5356dc2e3a0,Angelic Influence,Angelic Influence,{},monty-python-and-the-holy-grail_monty-python-and-the-holy-grail_angelic-influence
0227a8eb-06dd-409b-8df1-cb68c8118c47,first-party-document,0,0,"{""obverse"": ""monty-python-and-the-holy-grail_monty-python-and-the-holy-grail_angry-mob"", ""reverse"": ""monty-python-and-the-holy-grail_card-back""}","{""name_printed"": ""Angry Mob"", ""rarity"": ""Common"", ""number"": ""11"", ""type"": ""Adversary"", ""item_dimensions"": ""{\u0022height\u0022: \u00223.5\u0022, \u0022width\u0022: \u00222.5\u0022, \u0022unit\u0022: \u0022inch\u0022}""}",8ad40f3e-887a-40a6-b6b3-61eb66161ef4,6044a07c-4719-4505-bac3-d5356dc2e3a0,Angry Mob,Angry Mob,{},monty-python-and-the-holy-grail_monty-python-and-the-holy-grail_angry-mob
6fe5331a-2eb4-418d-b8e4-09507f832528,first-party-document,0,0,"{""obverse"": ""monty-python-and-the-holy-grail_monty-python-and-the-holy-grail_castle-anthrax"", ""reverse"": ""monty-python-and-the-holy-grail_card-back""}","{""name_printed"": ""Castle Anthrax"", ""rarity"": ""Common"", ""number"": ""12"", ""type"": ""Castle"", ""item_dimensions"": ""{\u0022height\u0022: \u00223.5\u0022, \u0022width\u0022: \u00222.5\u0022, \u0022unit\u0022: \u0022inch\u0022}""}",8ad40f3e-887a-40a6-b6b3-61eb66161ef4,6044a07c-4719-4505-bac3-d5356dc2e3a0,Castle Anthrax,Castle Anthrax,{},monty-python-and-the-holy-grail_monty-python-and-the-holy-grail_castle-anthrax
aedb2da0-c9e8-491b-a22b-82505c5fa6b8,first-party-document,0,0,"{""obverse"": ""monty-python-and-the-holy-grail_monty-python-and-the-holy-grail_arcane-writing"", ""reverse"": ""monty-python-and-the-holy-grail_card-back""}","{""name_printed"": ""Arcane Writing"", ""rarity"": ""Uncommon"", ""number"": ""13"", ""type"": ""Item"", ""item_dimensions"": ""{\u0022height\u0022: \u00223.5\u0022, \u0022width\u0022: \u00222.5\u0022, \u0022unit\u0022: \u0022inch\u0022}""}",8ad40f3e-887a-40a6-b6b3-61eb66161ef4,6044a07c-4719-4505-bac3-d5356dc2e3a0,Arcane Writing,Arcane Writing,{},monty-python-and-the-holy-grail_monty-python-and-the-holy-grail_arcane-writing
54c21ea2-bc89-4151-ad56-6282993c6cc3,first-party-document,0,0,"{""obverse"": ""monty-python-and-the-holy-grail_monty-python-and-the-holy-grail_archibald-the-page"", ""reverse"": ""monty-python-and-the-holy-grail_card-back""}","{""name_printed"": ""Archibald the Page"", ""rarity"": ""Common"", ""number"": ""14"", ""type"": ""Page"", ""item_dimensions"": ""{\u0022height\u0022: \u00223.5\u0022, \u0022width\u0022: \u00222.5\u0022, \u0022unit\u0022: \u0022inch\u0022}""}",8ad40f3e-887a-40a6-b6b3-61eb66161ef4,6044a07c-4719-4505-bac3-d5356dc2e3a0,Archibald the Page,Archibald the Page,{},monty-python-and-the-holy-grail_monty-python-and-the-holy-grail_archibald-the-page
b2df1d32-d749-42a0-af85-2dd5d8cabedf,first-party-document,0,0,"{""obverse"": ""monty-python-and-the-holy-grail_monty-python-and-the-holy-grail_arrested"", ""reverse"": ""monty-python-and-the-holy-grail_card-back""}","{""name_printed"": ""Arrested"", ""rarity"": ""Rare"", ""number"": ""15"", ""type"": ""Event"", ""item_dimensions"": ""{\u0022height\u0022: \u00223.5\u0022, \u0022width\u0022: \u00222.5\u0022, \u0022unit\u0022: \u0022inch\u0022}""}",8ad40f3e-887a-40a6-b6b3-61eb66161ef4,6044a07c-4719-4505-bac3-d5356dc2e3a0,Arrested,Arrested,{},monty-python-and-the-holy-grail_monty-python-and-the-holy-grail_arrested
66fce31b-c49b-4bd6-89fd-1244c2bc046f,first-party-document,0,0,"{""obverse"": ""monty-python-and-the-holy-grail_monty-python-and-the-holy-grail_castle-arrrghhh"", ""reverse"": ""monty-python-and-the-holy-grail_card-back""}","{""name_printed"": ""Castle Arrrghhh"", ""rarity"": ""Common"", ""number"": ""16"", ""type"": ""Castle"", ""item_dimensions"": ""{\u0022height\u0022: \u00223.5\u0022, \u0022width\u0022: \u00222.5\u0022, \u0022unit\u0022: \u0022inch\u0022}""}",8ad40f3e-887a-40a6-b6b3-61eb66161ef4,6044a07c-4719-4505-bac3-d5356dc2e3a0,Castle Arrrghhh,Castle Arrrghhh,{},monty-python-and-the-holy-grail_monty-python-and-the-holy-grail_castle-arrrghhh
1181bf0f-d8b7-4f52-95e3-b2f1146c70af,item,1,0,"{""obverse"": ""monty-python-and-the-holy-grail_monty-python-and-the-holy-grail_arthur,-king-of-the-britons,-defeater-of-the-saxons,-sovereign-of-all-england-[#17]"", ""reverse"": ""monty-python-and-the-holy-grail_card-back""}","{""name_printed"": ""Arthur, King of the Britons, Defeater of the Saxons, Sovereign of all England"", ""variant_disambiguator"": ""#17"", ""rarity"": ""Fixed"", ""number"": ""17"", ""type"": ""Knight"", ""item_dimensions"": ""{\u0022height\u0022: \u00223.5\u0022, \u0022width\u0022: \u00222.5\u0022, \u0022unit\u0022: \u0022inch\u0022}""}",8ad40f3e-887a-40a6-b6b3-61eb66161ef4,6044a07c-4719-4505-bac3-d5356dc2e3a0,"Arthur, King of the Britons, Defeater of the Saxons, Sovereign of all England","Arthur, King of the Britons, Defeater of the Saxons, Sovereign of all England [#17]",{},"monty-python-and-the-holy-grail_monty-python-and-the-holy-grail_arthur,-king-of-the-britons,-defeater-of-the-saxons,-sovereign-of-all-england-[#17]"
cac9d4fa-0866-488f-b141-51f3656941c0,item,1,0,"{""obverse"": ""monty-python-and-the-holy-grail_monty-python-and-the-holy-grail_arthur,-king-of-the-britons,-defeater-of-the-saxons,-sovereign-of-all-england-[#18]"", ""reverse"": ""monty-python-and-the-holy-grail_card-back""}","{""name_printed"": ""Arthur, King of the Britons, Defeater of the Saxons, Sovereign of all England"", ""variant_disambiguator"": ""#18"", ""rarity"": ""Fixed"", ""number"": ""18"", ""type"": ""Knight"", ""item_dimensions"": ""{\u0022height\u0022: \u00223.5\u0022, \u0022width\u0022: \u00222.5\u0022, \u0022unit\u0022: \u0022inch\u0022}""}",8ad40f3e-887a-40a6-b6b3-61eb66161ef4,6044a07c-4719-4505-bac3-d5356dc2e3a0,"Arthur, King of the Britons, Defeater of the Saxons, Sovereign of all England","Arthur, King of the Britons, Defeater of the Saxons, Sovereign of all England [#18]",{},"monty-python-and-the-holy-grail_monty-python-and-the-holy-grail_arthur,-king-of-the-britons,-defeater-of-the-saxons,-sovereign-of-all-england-[#18]"
80198763-849e-4ec2-b1ef-f4f785a17cfd,item,1,0,"{""obverse"": ""monty-python-and-the-holy-grail_monty-python-and-the-holy-grail_arthur,-king-of-the-britons,-defeater-of-the-saxons,-sovereign-of-all-england-[#19]"", ""reverse"": ""monty-python-and-the-holy-grail_card-back""}","{""name_printed"": ""Arthur, King of the Britons, Defeater of the Saxons, Sovereign of all England"", ""variant_disambiguator"": ""#19"", ""rarity"": ""Fixed"", ""number"": ""19"", ""type"": ""Knight"", ""item_dimensions"": ""{\u0022height\u0022: \u00223.5\u0022, \u0022width\u0022: \u00222.5\u0022, \u0022unit\u0022: \u0022inch\u0022}""}",8ad40f3e-887a-40a6-b6b3-61eb66161ef4,6044a07c-4719-4505-bac3-d5356dc2e3a0,"Arthur, King of the Britons, Defeater of the Saxons, Sovereign of all England","Arthur, King of the Britons, Defeater of the Saxons, Sovereign of all England [#19]",{},"monty-python-and-the-holy-grail_monty-python-and-the-holy-grail_arthur,-king-of-the-britons,-defeater-of-the-saxons,-sovereign-of-all-england-[#19]"
b77dff17-624d-450d-b6d2-a14691fe56d6,item,1,0,"{""obverse"": ""monty-python-and-the-holy-grail_monty-python-and-the-holy-grail_arthur,-king-of-the-britons,-defeater-of-the-saxons,-sovereign-of-all-england-[#20]"", ""reverse"": ""monty-python-and-the-holy-grail_card-back""}","{""name_printed"": ""Arthur, King of the Britons, Defeater of the Saxons, Sovereign of all England"", ""variant_disambiguator"": ""#20"", ""rarity"": ""Fixed"", ""number"": ""20"", ""type"": ""Knight"", ""item_dimensions"": ""{\u0022height\u0022: \u00223.5\u0022, \u0022width\u0022: \u00222.5\u0022, \u0022unit\u0022: \u0022inch\u0022}""}",8ad40f3e-887a-40a6-b6b3-61eb66161ef4,6044a07c-4719-4505-bac3-d5356dc2e3a0,"Arthur, King of the Britons, Defeater of the Saxons, Sovereign of all England","Arthur, King of the Britons, Defeater of the Saxons, Sovereign of all England [#20]",{},"monty-python-and-the-holy-grail_monty-python-and-the-holy-grail_arthur,-king-of-the-britons,-defeater-of-the-saxons,-sovereign-of-all-england-[#20]"
02891269-c37b-4761-8e52-a49f966b2948,first-party-document,0,0,"{""obverse"": ""monty-python-and-the-holy-grail_monty-python-and-the-holy-grail_averting-eyes"", ""reverse"": ""monty-python-and-the-holy-grail_card-back""}","{""name_printed"": ""Averting Eyes"", ""rarity"": ""Rare"", ""number"": ""21"", ""type"": ""Event"", ""item_dimensions"": ""{\u0022height\u0022: \u00223.5\u0022, \u0022width\u0022: \u00222.5\u0022, \u0022unit\u0022: \u0022inch\u0022}""}",8ad40f3e-887a-40a6-b6b3-61eb66161ef4,6044a07c-4719-4505-bac3-d5356dc2e3a0,Averting Eyes,Averting Eyes,{},monty-python-and-the-holy-grail_monty-python-and-the-holy-grail_averting-eyes
5f78bb87-ea71-4d9d-b6f7-c8e713dcae14,first-party-document,0,0,"{""obverse"": ""monty-python-and-the-holy-grail_monty-python-and-the-holy-grail_badon-hill"", ""reverse"": ""monty-python-and-the-holy-grail_card-back""}","{""name_printed"": ""Badon Hill"", ""rarity"": ""Common"", ""number"": ""22"", ""type"": ""Land"", ""item_dimensions"": ""{\u0022height\u0022: \u00223.5\u0022, \u0022width\u0022: \u00222.5\u0022, \u0022unit\u0022: \u0022inch\u0022}""}",8ad40f3e-887a-40a6-b6b3-61eb66161ef4,6044a07c-4719-4505-bac3-d5356dc2e3a0,Badon Hill,Badon Hill,{},monty-python-and-the-holy-grail_monty-python-and-the-holy-grail_badon-hill
a6e1ba40-d7d6-423d-b2bd-9f2d486c0df5,item,1,0,"{""obverse"": ""monty-python-and-the-holy-grail_monty-python-and-the-holy-grail_sir-balin-the-hoarder"", ""reverse"": ""monty-python-and-the-holy-grail_card-back""}","{""name_printed"": ""Sir Balin the Hoarder"", ""rarity"": ""Common"", ""number"": ""23"", ""type"": ""Knight"", ""item_dimensions"": ""{\u0022height\u0022: \u00223.5\u0022, \u0022width\u0022: \u00222.5\u0022, \u0022unit\u0022: \u0022inch\u0022}""}",8ad40f3e-887a-40a6-b6b3-61eb66161ef4,6044a07c-4719-4505-bac3-d5356dc2e3a0,Sir Balin the Hoarder,Sir Balin the Hoarder,{},monty-python-and-the-holy-grail_monty-python-and-the-holy-grail_sir-balin-the-hoarder
43571486-2f17-4ac6-a33e-ad0c4ddd4a77,first-party-document,0,0,"{""obverse"": ""monty-python-and-the-holy-grail_monty-python-and-the-holy-grail_banana-shaped"", ""reverse"": ""monty-python-and-the-holy-grail_card-back""}","{""name_printed"": ""Banana-Shaped"", ""rarity"": ""Uncommon"", ""number"": ""24"", ""type"": ""Event"", ""item_dimensions"": ""{\u0022height\u0022: \u00223.5\u0022, \u0022width\u0022: \u00222.5\u0022, \u0022unit\u0022: \u0022inch\u0022}""}",8ad40f3e-887a-40a6-b6b3-61eb66161ef4,6044a07c-4719-4505-bac3-d5356dc2e3a0,Banana-Shaped,Banana-Shaped,{},monty-python-and-the-holy-grail_monty-python-and-the-holy-grail_banana-shaped
7beeaf7d-f89c-4c84-928c-e8b150cd0a06,first-party-document,0,0,"{""obverse"": ""monty-python-and-the-holy-grail_monty-python-and-the-holy-grail_castle-bealevale"", ""reverse"": ""monty-python-and-the-holy-grail_card-back""}","{""name_printed"": ""Castle Bealevale"", ""rarity"": ""Uncommon"", ""number"": ""25"", ""type"": ""Castle"", ""item_dimensions"": ""{\u0022height\u0022: \u00223.5\u0022, \u0022width\u0022: \u00222.5\u0022, \u0022unit\u0022: \u0022inch\u0022}""}",8ad40f3e-887a-40a6-b6b3-61eb66161ef4,6044a07c-4719-4505-bac3-d5356dc2e3a0,Castle Bealevale,Castle Bealevale,{},monty-python-and-the-holy-grail_monty-python-and-the-holy-grail_castle-bealevale
e19c62cd-53d2-41f1-b8b6-6c141c8af65b,first-party-document,0,0,"{""obverse"": ""monty-python-and-the-holy-grail_monty-python-and-the-holy-grail_castle-bedegraine"", ""reverse"": ""monty-python-and-the-holy-grail_card-back""}","{""name_printed"": ""Castle Bedegraine"", ""rarity"": ""Uncommon"", ""number"": ""26"", ""type"": ""Castle"", ""item_dimensions"": ""{\u0022height\u0022: \u00223.5\u0022, \u0022width\u0022: \u00222.5\u0022, \u0022unit\u0022: \u0022inch\u0022}""}",8ad40f3e-887a-40a6-b6b3-61eb66161ef4,6044a07c-4719-4505-bac3-d5356dc2e3a0,Castle Bedegraine,Castle Bedegraine,{},monty-python-and-the-holy-grail_monty-python-and-the-holy-grail_castle-bedegraine
7346ed82-3445-429e-b42f-0aff001b80d3,item,1,0,"{""obverse"": ""monty-python-and-the-holy-grail_monty-python-and-the-holy-grail_sir-bedevere"", ""reverse"": ""monty-python-and-the-holy-grail_card-back""}","{""name_printed"": ""Sir Bedevere"", ""rarity"": ""Fixed"", ""number"": ""27"", ""type"": ""Knight"", ""item_dimensions"": ""{\u0022height\u0022: \u00223.5\u0022, \u0022width\u0022: \u00222.5\u0022, \u0022unit\u0022: \u0022inch\u0022}""}",8ad40f3e-887a-40a6-b6b3-61eb66161ef4,6044a07c-4719-4505-bac3-d5356dc2e3a0,Sir Bedevere,Sir Bedevere,{},monty-python-and-the-holy-grail_monty-python-and-the-holy-grail_sir-bedevere
2ec1844f-359e-46b9-879c-fa0fdcb21922,first-party-document,0,0,"{""obverse"": ""monty-python-and-the-holy-grail_monty-python-and-the-holy-grail_bedevere's-village"", ""reverse"": ""monty-python-and-the-holy-grail_card-back""}","{""name_printed"": ""Bedevere's Village"", ""rarity"": ""Common"", ""number"": ""28"", ""type"": ""Village"", ""item_dimensions"": ""{\u0022height\u0022: \u00223.5\u0022, \u0022width\u0022: \u00222.5\u0022, \u0022unit\u0022: \u0022inch\u0022}""}",8ad40f3e-887a-40a6-b6b3-61eb66161ef4,6044a07c-4719-4505-bac3-d5356dc2e3a0,Bedevere's Village,Bedevere's Village,{},monty-python-and-the-holy-grail_monty-python-and-the-holy-grail_bedevere's-village
e39790bd-2ddd-491d-a23b-987f6fd4eaf9,first-party-document,0,0,"{""obverse"": ""monty-python-and-the-holy-grail_monty-python-and-the-holy-grail_kingdom-of-benwick"", ""reverse"": ""monty-python-and-the-holy-grail_card-back""}","{""name_printed"": ""Kingdom of Benwick"", ""rarity"": ""Uncommon"", ""number"": ""29"", ""type"": ""Land"", ""item_dimensions"": ""{\u0022height\u0022: \u00223.5\u0022, \u0022width\u0022: \u00222.5\u0022, \u0022unit\u0022: \u0022inch\u0022}""}",8ad40f3e-887a-40a6-b6b3-61eb66161ef4,6044a07c-4719-4505-bac3-d5356dc2e3a0,Kingdom of Benwick,Kingdom of Benwick,{},monty-python-and-the-holy-grail_monty-python-and-the-holy-grail_kingdom-of-benwick
7d20e61a-833d-4069-a4a1-85c60554d914,first-party-document,0,0,"{""obverse"": ""monty-python-and-the-holy-grail_monty-python-and-the-holy-grail_big-beds"", ""reverse"": ""monty-python-and-the-holy-grail_card-back""}","{""name_printed"": ""Big Beds"", ""rarity"": ""Rare"", ""number"": ""30"", ""type"": ""Event"", ""item_dimensions"": ""{\u0022height\u0022: \u00223.5\u0022, \u0022width\u0022: \u00222.5\u0022, \u0022unit\u0022: \u0022inch\u0022}""}",8ad40f3e-887a-40a6-b6b3-61eb66161ef4,6044a07c-4719-4505-bac3-d5356dc2e3a0,Big Beds,Big Beds,{},monty-python-and-the-holy-grail_monty-python-and-the-holy-grail_big-beds
bb2d1d47-b349-4605-8528-13b24cad27ee,first-party-document,0,0,"{""obverse"": ""monty-python-and-the-holy-grail_monty-python-and-the-holy-grail_a-bit-longer"", ""reverse"": ""monty-python-and-the-holy-grail_card-back""}","{""name_printed"": ""A Bit Longer"", ""rarity"": ""Rare"", ""number"": ""31"", ""type"": ""Event"", ""item_dimensions"": ""{\u0022height\u0022: \u00223.5\u0022, \u0022width\u0022: \u00222.5\u0022, \u0022unit\u0022: \u0022inch\u0022}""}",8ad40f3e-887a-40a6-b6b3-61eb66161ef4,6044a07c-4719-4505-bac3-d5356dc2e3a0,A Bit Longer,A Bit Longer,{},monty-python-and-the-holy-grail_monty-python-and-the-holy-grail_a-bit-longer
cf594efc-db5f-4205-a06b-83a8c47a682d,first-party-document,0,0,"{""obverse"": ""monty-python-and-the-holy-grail_monty-python-and-the-holy-grail_black-forest"", ""reverse"": ""monty-python-and-the-holy-grail_card-back""}","{""name_printed"": ""Black Forest"", ""rarity"": ""Common"", ""number"": ""32"", ""type"": ""Land"", ""item_dimensions"": ""{\u0022height\u0022: \u00223.5\u0022, \u0022width\u0022: \u00222.5\u0022, \u0022unit\u0022: \u0022inch\u0022}""}",8ad40f3e-887a-40a6-b6b3-61eb66161ef4,6044a07c-4719-4505-bac3-d5356dc2e3a0,Black Forest,Black Forest,{},monty-python-and-the-holy-grail_monty-python-and-the-holy-grail_black-forest
68f7de20-6b0a-4ba8-98ea-d449fb3f492d,first-party-document,0,0,"{""obverse"": ""monty-python-and-the-holy-grail_monty-python-and-the-holy-grail_bloodletting"", ""reverse"": ""monty-python-and-the-holy-grail_card-back""}","{""name_printed"": ""Bloodletting"", ""rarity"": ""Uncommon"", ""number"": ""33"", ""type"": ""Event"", ""item_dimensions"": ""{\u0022height\u0022: \u00223.5\u0022, \u0022width\u0022: \u00222.5\u0022, \u0022unit\u0022: \u0022inch\u0022}""}",8ad40f3e-887a-40a6-b6b3-61eb66161ef4,6044a07c-4719-4505-bac3-d5356dc2e3a0,Bloodletting,Bloodletting,{},monty-python-and-the-holy-grail_monty-python-and-the-holy-grail_bloodletting
ba159ca0-7d1a-4ad1-911c-eb1ebc6748ce,first-party-document,0,0,"{""obverse"": ""monty-python-and-the-holy-grail_monty-python-and-the-holy-grail_blow-my-nose"", ""reverse"": ""monty-python-and-the-holy-grail_card-back""}","{""name_printed"": ""Blow My Nose"", ""rarity"": ""Common"", ""number"": ""34"", ""type"": ""Taunt"", ""item_dimensions"": ""{\u0022height\u0022: \u00223.5\u0022, \u0022width\u0022: \u00222.5\u0022, \u0022unit\u0022: \u0022inch\u0022}""}",8ad40f3e-887a-40a6-b6b3-61eb66161ef4,6044a07c-4719-4505-bac3-d5356dc2e3a0,Blow My Nose,Blow My Nose,{},monty-python-and-the-holy-grail_monty-python-and-the-holy-grail_blow-my-nose
ca47c48f-40ab-4e65-bb38-a953231712a4,first-party-document,0,0,"{""obverse"": ""monty-python-and-the-holy-grail_monty-python-and-the-holy-grail_castle-bodium"", ""reverse"": ""monty-python-and-the-holy-grail_card-back""}","{""name_printed"": ""Castle Bodium"", ""rarity"": ""Uncommon"", ""number"": ""35"", ""type"": ""Castle"", ""item_dimensions"": ""{\u0022height\u0022: \u00223.5\u0022, \u0022width\u0022: \u00222.5\u0022, \u0022unit\u0022: \u0022inch\u0022}""}",8ad40f3e-887a-40a6-b6b3-61eb66161ef4,6044a07c-4719-4505-bac3-d5356dc2e3a0,Castle Bodium,Castle Bodium,{},monty-python-and-the-holy-grail_monty-python-and-the-holy-grail_castle-bodium
46dd75a7-73af-42c7-aa78-53dc7f64cbb1,first-party-document,0,0,"{""obverse"": ""monty-python-and-the-holy-grail_monty-python-and-the-holy-grail_boil-your-bottom"", ""reverse"": ""monty-python-and-the-holy-grail_card-back""}","{""name_printed"": ""Boil Your Bottom"", ""rarity"": ""Uncommon"", ""number"": ""36"", ""type"": ""Taunt"", ""item_dimensions"": ""{\u0022height\u0022: \u00223.5\u0022, \u0022width\u0022: \u00222.5\u0022, \u0022unit\u0022: \u0022inch\u0022}""}",8ad40f3e-887a-40a6-b6b3-61eb66161ef4,6044a07c-4719-4505-bac3-d5356dc2e3a0,Boil Your Bottom,Boil Your Bottom,{},monty-python-and-the-holy-grail_monty-python-and-the-holy-grail_boil-your-bottom
a5d3e77d-cc4c-467a-99d9-53462a0b74f0,first-party-document,0,0,"{""obverse"": ""monty-python-and-the-holy-grail_monty-python-and-the-holy-grail_book-of-armaments"", ""reverse"": ""monty-python-and-the-holy-grail_card-back""}","{""name_printed"": ""Book of Armaments"", ""rarity"": ""Uncommon"", ""number"": ""37"", ""type"": ""Item"", ""item_dimensions"": ""{\u0022height\u0022: \u00223.5\u0022, \u0022width\u0022: \u00222.5\u0022, \u0022unit\u0022: \u0022inch\u0022}""}",8ad40f3e-887a-40a6-b6b3-61eb66161ef4,6044a07c-4719-4505-bac3-d5356dc2e3a0,Book of Armaments,Book of Armaments,{},monty-python-and-the-holy-grail_monty-python-and-the-holy-grail_book-of-armaments
3fce7309-1764-44eb-8319-2891654b882f,first-party-document,0,0,"{""obverse"": ""monty-python-and-the-holy-grail_monty-python-and-the-holy-grail_sir-bors"", ""reverse"": ""monty-python-and-the-holy-grail_card-back""}","{""name_printed"": ""Sir Bors"", ""rarity"": ""Common"", ""number"": ""38"", ""type"": ""Knight"", ""item_dimensions"": ""{\u0022height\u0022: \u00223.5\u0022, \u0022width\u0022: \u00222.5\u0022, \u0022unit\u0022: \u0022inch\u0022}""}",8ad40f3e-887a-40a6-b6b3-61eb66161ef4,6044a07c-4719-4505-bac3-d5356dc2e3a0,Sir Bors,Sir Bors,{},monty-python-and-the-holy-grail_monty-python-and-the-holy-grail_sir-bors
b32df95f-ebdb-4f38-8dbc-a8e84e6c9cc7,first-party-document,0,0,"{""obverse"": ""monty-python-and-the-holy-grail_monty-python-and-the-holy-grail_brain-of-a-duck"", ""reverse"": ""monty-python-and-the-holy-grail_card-back""}","{""name_printed"": ""Brain of a Duck"", ""rarity"": ""Uncommon"", ""number"": ""39"", ""type"": ""Taunt"", ""item_dimensions"": ""{\u0022height\u0022: \u00223.5\u0022, \u0022width\u0022: \u00222.5\u0022, \u0022unit\u0022: \u0022inch\u0022}""}",8ad40f3e-887a-40a6-b6b3-61eb66161ef4,6044a07c-4719-4505-bac3-d5356dc2e3a0,Brain of a Duck,Brain of a Duck,{},monty-python-and-the-holy-grail_monty-python-and-the-holy-grail_brain-of-a-duck
4a3f736d-cfcc-44bc-ac66-22452d9238d4,item,1,0,"{""obverse"": ""monty-python-and-the-holy-grail_monty-python-and-the-holy-grail_castle-brangoris"", ""reverse"": ""monty-python-and-the-holy-grail_card-back""}","{""name_printed"": ""Castle Brangoris"", ""rarity"": ""Common"", ""number"": ""40"", ""type"": ""Castle"", ""item_dimensions"": ""{\u0022height\u0022: \u00223.5\u0022, \u0022width\u0022: \u00222.5\u0022, \u0022unit\u0022: \u0022inch\u0022}""}",8ad40f3e-887a-40a6-b6b3-61eb66161ef4,6044a07c-4719-4505-bac3-d5356dc2e3a0,Castle Brangoris,Castle Brangoris,{},monty-python-and-the-holy-grail_monty-python-and-the-holy-grail_castle-brangoris
e967e341-135a-462a-a970-7bb95d8147ad,item,1,0,"{""obverse"": ""monty-python-and-the-holy-grail_monty-python-and-the-holy-grail_brave-sir-robin-song,-verse-i"", ""reverse"": ""monty-python-and-the-holy-grail_card-back""}","{""name_printed"": ""Brave Sir Robin Song, verse I"", ""rarity"": ""Common"", ""number"": ""41"", ""type"": ""Song"", ""item_dimensions"": ""{\u0022height\u0022: \u00223.5\u0022, \u0022width\u0022: \u00222.5\u0022, \u0022unit\u0022: \u0022inch\u0022}""}",8ad40f3e-887a-40a6-b6b3-61eb66161ef4,6044a07c-4719-4505-bac3-d5356dc2e3a0,"Brave Sir Robin Song, verse I","Brave Sir Robin Song, verse I",{},"monty-python-and-the-holy-grail_monty-python-and-the-holy-grail_brave-sir-robin-song,-verse-i"
98b30803-953f-4d88-b301-9f5baa51482b,item,1,0,"{""obverse"": ""monty-python-and-the-holy-grail_monty-python-and-the-holy-grail_brave-sir-robin-song,-verse-ii"", ""reverse"": ""monty-python-and-the-holy-grail_card-back""}","{""name_printed"": ""Brave Sir Robin Song, verse II"", ""rarity"": ""Uncommon"", ""number"": ""42"", ""type"": ""Song"", ""item_dimensions"": ""{\u0022height\u0022: \u00223.5\u0022, \u0022width\u0022: \u00222.5\u0022, \u0022unit\u0022: \u0022inch\u0022}""}",8ad40f3e-887a-40a6-b6b3-61eb66161ef4,6044a07c-4719-4505-bac3-d5356dc2e3a0,"Brave Sir Robin Song, verse II","Brave Sir Robin Song, verse II",{},"monty-python-and-the-holy-grail_monty-python-and-the-holy-grail_brave-sir-robin-song,-verse-ii"
5cf3ede1-0833-4cd1-8d1b-e3f490f9906d,first-party-document,0,0,"{""obverse"": ""monty-python-and-the-holy-grail_monty-python-and-the-holy-grail_brave-sir-robin-song,-verse-iii"", ""reverse"": ""monty-python-and-the-holy-grail_card-back""}","{""name_printed"": ""Brave Sir Robin Song, verse III"", ""rarity"": ""Rare"", ""number"": ""43"", ""type"": ""Song"", ""item_dimensions"": ""{\u0022height\u0022: \u00223.5\u0022, \u0022width\u0022: \u00222.5\u0022, \u0022unit\u0022: \u0022inch\u0022}""}",8ad40f3e-887a-40a6-b6b3-61eb66161ef4,6044a07c-4719-4505-bac3-d5356dc2e3a0,"Brave Sir Robin Song, verse III","Brave Sir Robin Song, verse III",{},"monty-python-and-the-holy-grail_monty-python-and-the-holy-grail_brave-sir-robin-song,-verse-iii"
fb672c74-9ded-4248-bc36-cb6446fbf636,first-party-document,0,0,"{""obverse"": ""monty-python-and-the-holy-grail_monty-python-and-the-holy-grail_brave-sir-robin-song,-verse-iv"", ""reverse"": ""monty-python-and-the-holy-grail_card-back""}","{""name_printed"": ""Brave Sir Robin Song, verse IV"", ""rarity"": ""Common"", ""number"": ""44"", ""type"": ""Song"", ""item_dimensions"": ""{\u0022height\u0022: \u00223.5\u0022, \u0022width\u0022: \u00222.5\u0022, \u0022unit\u0022: \u0022inch\u0022}""}",8ad40f3e-887a-40a6-b6b3-61eb66161ef4,6044a07c-4719-4505-bac3-d5356dc2e3a0,"Brave Sir Robin Song, verse IV","Brave Sir Robin Song, verse IV",{},"monty-python-and-the-holy-grail_monty-python-and-the-holy-grail_brave-sir-robin-song,-verse-iv"
012017dc-9397-41ab-b157-4956efd46e1b,first-party-document,0,0,"{""obverse"": ""monty-python-and-the-holy-grail_monty-python-and-the-holy-grail_brave-sir-robin-song,-verse-v"", ""reverse"": ""monty-python-and-the-holy-grail_card-back""}","{""name_printed"": ""Brave Sir Robin Song, verse V"", ""rarity"": ""Rare"", ""number"": ""45"", ""type"": ""Song"", ""item_dimensions"": ""{\u0022height\u0022: \u00223.5\u0022, \u0022width\u0022: \u00222.5\u0022, \u0022unit\u0022: \u0022inch\u0022}""}",8ad40f3e-887a-40a6-b6b3-61eb66161ef4,6044a07c-4719-4505-bac3-d5356dc2e3a0,"Brave Sir Robin Song, verse V","Brave Sir Robin Song, verse V",{},"monty-python-and-the-holy-grail_monty-python-and-the-holy-grail_brave-sir-robin-song,-verse-v"
02077748-f9a7-4fa2-8fd8-5ac007432069,first-party-document,0,0,"{""obverse"": ""monty-python-and-the-holy-grail_monty-python-and-the-holy-grail_bri-the-page"", ""reverse"": ""monty-python-and-the-holy-grail_card-back""}","{""name_printed"": ""Bri the Page"", ""rarity"": ""Common"", ""number"": ""46"", ""type"": ""Page"", ""item_dimensions"": ""{\u0022height\u0022: \u00223.5\u0022, \u0022width\u0022: \u00222.5\u0022, \u0022unit\u0022: \u0022inch\u0022}""}",8ad40f3e-887a-40a6-b6b3-61eb66161ef4,6044a07c-4719-4505-bac3-d5356dc2e3a0,Bri the Page,Bri the Page,{},monty-python-and-the-holy-grail_monty-python-and-the-holy-grail_bri-the-page
11398afd-289a-4cd5-aeab-37474a5207d7,first-party-document,0,0,"{""obverse"": ""monty-python-and-the-holy-grail_monty-python-and-the-holy-grail_bride's-father"", ""reverse"": ""monty-python-and-the-holy-grail_card-back""}","{""name_printed"": ""Bride's Father"", ""rarity"": ""Uncommon"", ""number"": ""47"", ""type"": ""Persona"", ""item_dimensions"": ""{\u0022height\u0022: \u00223.5\u0022, \u0022width\u0022: \u00222.5\u0022, \u0022unit\u0022: \u0022inch\u0022}""}",8ad40f3e-887a-40a6-b6b3-61eb66161ef4,6044a07c-4719-4505-bac3-d5356dc2e3a0,Bride's Father,Bride's Father,{},monty-python-and-the-holy-grail_monty-python-and-the-holy-grail_bride's-father
aa5102e9-61eb-4129-a28c-ba0b88e58839,first-party-document,0,0,"{""obverse"": ""monty-python-and-the-holy-grail_monty-python-and-the-holy-grail_bridge-of-death"", ""reverse"": ""monty-python-and-the-holy-grail_card-back""}","{""name_printed"": ""Bridge of Death"", ""rarity"": ""Common"", ""number"": ""48"", ""type"": ""Land"", ""item_dimensions"": ""{\u0022height\u0022: \u00223.5\u0022, \u0022width\u0022: \u00222.5\u0022, \u0022unit\u0022: \u0022inch\u0022}""}",8ad40f3e-887a-40a6-b6b3-61eb66161ef4,6044a07c-4719-4505-bac3-d5356dc2e3a0,Bridge of Death,Bridge of Death,{},monty-python-and-the-holy-grail_monty-python-and-the-holy-grail_bridge-of-death
65794d9c-017d-4352-ab5e-08addd3f16ce,first-party-document,0,0,"{""obverse"": ""monty-python-and-the-holy-grail_monty-python-and-the-holy-grail_bridgekeeper"", ""reverse"": ""monty-python-and-the-holy-grail_card-back""}","{""name_printed"": ""Bridgekeeper"", ""rarity"": ""Uncommon"", ""number"": ""49"", ""type"": ""Adversary"", ""item_dimensions"": ""{\u0022height\u0022: \u00223.5\u0022, \u0022width\u0022: \u00222.5\u0022, \u0022unit\u0022: \u0022inch\u0022}""}",8ad40f3e-887a-40a6-b6b3-61eb66161ef4,6044a07c-4719-4505-bac3-d5356dc2e3a0,Bridgekeeper,Bridgekeeper,{},monty-python-and-the-holy-grail_monty-python-and-the-holy-grail_bridgekeeper
c69fd6fb-4515-41e7-9f05-7cd9b3e90d5d,first-party-document,0,0,"{""obverse"": ""monty-python-and-the-holy-grail_monty-python-and-the-holy-grail_bring-out-your-dead"", ""reverse"": ""monty-python-and-the-holy-grail_card-back""}","{""name_printed"": ""Bring Out Your Dead"", ""rarity"": ""Common"", ""number"": ""50"", ""type"": ""Event"", ""item_dimensions"": ""{\u0022height\u0022: \u00223.5\u0022, \u0022width\u0022: \u00222.5\u0022, \u0022unit\u0022: \u0022inch\u0022}""}",8ad40f3e-887a-40a6-b6b3-61eb66161ef4,6044a07c-4719-4505-bac3-d5356dc2e3a0,Bring Out Your Dead,Bring Out Your Dead,{},monty-python-and-the-holy-grail_monty-python-and-the-holy-grail_bring-out-your-dead
dd7c31a6-c552-4fe1-9e80-3c8d6f4379aa,first-party-document,0,0,"{""obverse"": ""monty-python-and-the-holy-grail_monty-python-and-the-holy-grail_brother-maynard"", ""reverse"": ""monty-python-and-the-holy-grail_card-back""}","{""name_printed"": ""Brother Maynard"", ""rarity"": ""Common"", ""number"": ""51"", ""type"": ""Persona"", ""item_dimensions"": ""{\u0022height\u0022: \u00223.5\u0022, \u0022width\u0022: \u00222.5\u0022, \u0022unit\u0022: \u0022inch\u0022}""}",8ad40f3e-887a-40a6-b6b3-61eb66161ef4,6044a07c-4719-4505-bac3-d5356dc2e3a0,Brother Maynard,Brother Maynard,{},monty-python-and-the-holy-grail_monty-python-and-the-holy-grail_brother-maynard
14d8a02e-8720-472d-98dc-eff098203185,first-party-document,0,0,"{""obverse"": ""monty-python-and-the-holy-grail_monty-python-and-the-holy-grail_brother-maynard's-roommate"", ""reverse"": ""monty-python-and-the-holy-grail_card-back""}","{""name_printed"": ""Brother Maynard's Roommate"", ""rarity"": ""Uncommon"", ""number"": ""52"", ""type"": ""Persona"", ""item_dimensions"": ""{\u0022height\u0022: \u00223.5\u0022, \u0022width\u0022: \u00222.5\u0022, \u0022unit\u0022: \u0022inch\u0022}""}",8ad40f3e-887a-40a6-b6b3-61eb66161ef4,6044a07c-4719-4505-bac3-d5356dc2e3a0,Brother Maynard's Roommate,Brother Maynard's Roommate,{},monty-python-and-the-holy-grail_monty-python-and-the-holy-grail_brother-maynard's-roommate
607d0b27-4791-4691-9e03-b8981e282745,first-party-document,0,0,"{""obverse"": ""monty-python-and-the-holy-grail_monty-python-and-the-holy-grail_burn-her-anyway"", ""reverse"": ""monty-python-and-the-holy-grail_card-back""}","{""name_printed"": ""Burn Her Anyway"", ""rarity"": ""Rare"", ""number"": ""53"", ""type"": ""Event"", ""item_dimensions"": ""{\u0022height\u0022: \u00223.5\u0022, \u0022width\u0022: \u00222.5\u0022, \u0022unit\u0022: \u0022inch\u0022}""}",8ad40f3e-887a-40a6-b6b3-61eb66161ef4,6044a07c-4719-4505-bac3-d5356dc2e3a0,Burn Her Anyway,Burn Her Anyway,{},monty-python-and-the-holy-grail_monty-python-and-the-holy-grail_burn-her-anyway
d688012c-34ac-49c8-89ae-36b2dae92bc5,first-party-document,0,0,"{""obverse"": ""monty-python-and-the-holy-grail_monty-python-and-the-holy-grail_cave-of-caerbannog"", ""reverse"": ""monty-python-and-the-holy-grail_card-back""}","{""name_printed"": ""Cave of Caerbannog"", ""rarity"": ""Common"", ""number"": ""54"", ""type"": ""Land"", ""item_dimensions"": ""{\u0022height\u0022: \u00223.5\u0022, \u0022width\u0022: \u00222.5\u0022, \u0022unit\u0022: \u0022inch\u0022}""}",8ad40f3e-887a-40a6-b6b3-61eb66161ef4,6044a07c-4719-4505-bac3-d5356dc2e3a0,Cave of Caerbannog,Cave of Caerbannog,{},monty-python-and-the-holy-grail_monty-python-and-the-holy-grail_cave-of-caerbannog
1207c081-427d-4fbf-ac7a-c46d7e642be1,first-party-document,0,0,"{""obverse"": ""monty-python-and-the-holy-grail_monty-python-and-the-holy-grail_camelot"", ""reverse"": ""monty-python-and-the-holy-grail_card-back""}","{""name_printed"": ""Camelot"", ""rarity"": ""Common"", ""number"": ""55"", ""type"": ""Castle"", ""item_dimensions"": ""{\u0022height\u0022: \u00223.5\u0022, \u0022width\u0022: \u00222.5\u0022, \u0022unit\u0022: \u0022inch\u0022}""}",8ad40f3e-887a-40a6-b6b3-61eb66161ef4,6044a07c-4719-4505-bac3-d5356dc2e3a0,Camelot,Camelot,{},monty-python-and-the-holy-grail_monty-python-and-the-holy-grail_camelot
4a833275-fcd7-4355-8df0-1377f1c1aafd,first-party-document,0,0,"{""obverse"": ""monty-python-and-the-holy-grail_monty-python-and-the-holy-grail_land-of-camelot"", ""reverse"": ""monty-python-and-the-holy-grail_card-back""}","{""name_printed"": ""Land of Camelot"", ""rarity"": ""Common"", ""number"": ""56"", ""type"": ""Land"", ""item_dimensions"": ""{\u0022height\u0022: \u00223.5\u0022, \u0022width\u0022: \u00222.5\u0022, \u0022unit\u0022: \u0022inch\u0022}""}",8ad40f3e-887a-40a6-b6b3-61eb66161ef4,6044a07c-4719-4505-bac3-d5356dc2e3a0,Land of Camelot,Land of Camelot,{},monty-python-and-the-holy-grail_monty-python-and-the-holy-grail_land-of-camelot
6e2e366c-c962-42f6-9fe4-130fe9654359,first-party-document,0,0,"{""obverse"": ""monty-python-and-the-holy-grail_monty-python-and-the-holy-grail_castle-carbonek"", ""reverse"": ""monty-python-and-the-holy-grail_card-back""}","{""name_printed"": ""Castle Carbonek"", ""rarity"": ""Uncommon"", ""number"": ""57"", ""type"": ""Castle"", ""item_dimensions"": ""{\u0022height\u0022: \u00223.5\u0022, \u0022width\u0022: \u00222.5\u0022, \u0022unit\u0022: \u0022inch\u0022}""}",8ad40f3e-887a-40a6-b6b3-61eb66161ef4,6044a07c-4719-4505-bac3-d5356dc2e3a0,Castle Carbonek,Castle Carbonek,{},monty-python-and-the-holy-grail_monty-python-and-the-holy-grail_castle-carbonek
23fd8308-af59-48c7-bbe7-1015349ba69c,first-party-document,0,0,"{""obverse"": ""monty-python-and-the-holy-grail_monty-python-and-the-holy-grail_cartoonist-dies"", ""reverse"": ""monty-python-and-the-holy-grail_card-back""}","{""name_printed"": ""Cartoonist Dies"", ""rarity"": ""Rare"", ""number"": ""58"", ""type"": ""Event"", ""item_dimensions"": ""{\u0022height\u0022: \u00223.5\u0022, \u0022width\u0022: \u00222.5\u0022, \u0022unit\u0022: \u0022inch\u0022}""}",8ad40f3e-887a-40a6-b6b3-61eb66161ef4,6044a07c-4719-4505-bac3-d5356dc2e3a0,Cartoonist Dies,Cartoonist Dies,{},monty-python-and-the-holy-grail_monty-python-and-the-holy-grail_cartoonist-dies
91d6be3f-8895-4aa8-9f0d-54b4bd9ed31b,first-party-document,0,0,"{""obverse"": ""monty-python-and-the-holy-grail_monty-python-and-the-holy-grail_castle-guards-(-2-castle-table-draw)"", ""reverse"": ""monty-python-and-the-holy-grail_card-back""}","{""name_printed"": ""Castle Guards"", ""functional_disambiguator"": ""-2 castle table draw"", ""rarity"": ""Common"", ""number"": ""59"", ""type"": ""Adversary"", ""item_dimensions"": ""{\u0022height\u0022: \u00223.5\u0022, \u0022width\u0022: \u00222.5\u0022, \u0022unit\u0022: \u0022inch\u0022}""}",8ad40f3e-887a-40a6-b6b3-61eb66161ef4,6044a07c-4719-4505-bac3-d5356dc2e3a0,Castle Guards (-2 castle table draw),Castle Guards (-2 castle table draw),{},monty-python-and-the-holy-grail_monty-python-and-the-holy-grail_castle-guards-(-2-castle-table-draw)
c341a7e0-5fd3-4cbc-8df3-626b1c8d904e,first-party-document,0,0,"{""obverse"": ""monty-python-and-the-holy-grail_monty-python-and-the-holy-grail_castle-guards-(+1-combat-draw)"", ""reverse"": ""monty-python-and-the-holy-grail_card-back""}","{""name_printed"": ""Castle Guards"", ""functional_disambiguator"": ""+1 combat draw"", ""rarity"": ""Common"", ""number"": ""60"", ""type"": ""Adversary"", ""item_dimensions"": ""{\u0022height\u0022: \u00223.5\u0022, \u0022width\u0022: \u00222.5\u0022, \u0022unit\u0022: \u0022inch\u0022}""}",8ad40f3e-887a-40a6-b6b3-61eb66161ef4,6044a07c-4719-4505-bac3-d5356dc2e3a0,Castle Guards (+1 combat draw),Castle Guards (+1 combat draw),{},monty-python-and-the-holy-grail_monty-python-and-the-holy-grail_castle-guards-(+1-combat-draw)
b43a7037-3218-405c-aa7f-ebc990df3805,first-party-document,0,0,"{""obverse"": ""monty-python-and-the-holy-grail_monty-python-and-the-holy-grail_castle-guards-(-1-castle-table-draw)"", ""reverse"": ""monty-python-and-the-holy-grail_card-back""}","{""name_printed"": ""Castle Guards"", ""functional_disambiguator"": ""-1 castle table draw"", ""rarity"": ""Uncommon"", ""number"": ""61"", ""type"": ""Adversary"", ""item_dimensions"": ""{\u0022height\u0022: \u00223.5\u0022, \u0022width\u0022: \u00222.5\u0022, \u0022unit\u0022: \u0022inch\u0022}""}",8ad40f3e-887a-40a6-b6b3-61eb66161ef4,6044a07c-4719-4505-bac3-d5356dc2e3a0,Castle Guards (-1 castle table draw),Castle Guards (-1 castle table draw),{},monty-python-and-the-holy-grail_monty-python-and-the-holy-grail_castle-guards-(-1-castle-table-draw)
8867972c-9c71-4d86-bb92-07df9025868e,first-party-document,0,0,"{""obverse"": ""monty-python-and-the-holy-grail_monty-python-and-the-holy-grail_catapult"", ""reverse"": ""monty-python-and-the-holy-grail_card-back""}","{""name_printed"": ""Catapult"", ""rarity"": ""Uncommon"", ""number"": ""62"", ""type"": ""Item"", ""item_dimensions"": ""{\u0022height\u0022: \u00223.5\u0022, \u0022width\u0022: \u00222.5\u0022, \u0022unit\u0022: \u0022inch\u0022}""}",8ad40f3e-887a-40a6-b6b3-61eb66161ef4,6044a07c-4719-4505-bac3-d5356dc2e3a0,Catapult,Catapult,{},monty-python-and-the-holy-grail_monty-python-and-the-holy-grail_catapult
4c98e286-b9b7-42da-9cdf-d4db73c9d42a,first-party-document,0,0,"{""obverse"": ""monty-python-and-the-holy-grail_monty-python-and-the-holy-grail_forest-of-certain-death"", ""reverse"": ""monty-python-and-the-holy-grail_card-back""}","{""name_printed"": ""Forest of Certain Death"", ""rarity"": ""Common"", ""number"": ""63"", ""type"": ""Land"", ""item_dimensions"": ""{\u0022height\u0022: \u00223.5\u0022, \u0022width\u0022: \u00222.5\u0022, \u0022unit\u0022: \u0022inch\u0022}""}",8ad40f3e-887a-40a6-b6b3-61eb66161ef4,6044a07c-4719-4505-bac3-d5356dc2e3a0,Forest of Certain Death,Forest of Certain Death,{},monty-python-and-the-holy-grail_monty-python-and-the-holy-grail_forest-of-certain-death
8f51a78c-bb9f-4dc6-ab0f-779e835cab34,first-party-document,0,0,"{""obverse"": ""monty-python-and-the-holy-grail_monty-python-and-the-holy-grail_charge"", ""reverse"": ""monty-python-and-the-holy-grail_card-back""}","{""name_printed"": ""Charge"", ""rarity"": ""Uncommon"", ""number"": ""64"", ""type"": ""Event"", ""item_dimensions"": ""{\u0022height\u0022: \u00223.5\u0022, \u0022width\u0022: \u00222.5\u0022, \u0022unit\u0022: \u0022inch\u0022}""}",8ad40f3e-887a-40a6-b6b3-61eb66161ef4,6044a07c-4719-4505-bac3-d5356dc2e3a0,Charge,Charge,{},monty-python-and-the-holy-grail_monty-python-and-the-holy-grail_charge
7337b02b-db65-43ba-8c6f-8bd45cd1bf26,first-party-document,0,0,"{""obverse"": ""monty-python-and-the-holy-grail_monty-python-and-the-holy-grail_charles-the-page"", ""reverse"": ""monty-python-and-the-holy-grail_card-back""}","{""name_printed"": ""Charles the page"", ""rarity"": ""Common"", ""number"": ""65"", ""type"": ""Page"", ""item_dimensions"": ""{\u0022height\u0022: \u00223.5\u0022, \u0022width\u0022: \u00222.5\u0022, \u0022unit\u0022: \u0022inch\u0022}""}",8ad40f3e-887a-40a6-b6b3-61eb66161ef4,6044a07c-4719-4505-bac3-d5356dc2e3a0,Charles the page,Charles the page,{},monty-python-and-the-holy-grail_monty-python-and-the-holy-grail_charles-the-page
2e4b0fd3-de20-446a-990b-52461bf47497,first-party-document,0,0,"{""obverse"": ""monty-python-and-the-holy-grail_monty-python-and-the-holy-grail_chauncey-the-page-[black-title]"", ""reverse"": ""monty-python-and-the-holy-grail_card-back""}","{""name_printed"": ""Chauncey the Page"", ""variant_disambiguator"": ""Black Title"", ""rarity"": ""Common"", ""number"": ""66"", ""type"": ""Page"", ""item_dimensions"": ""{\u0022height\u0022: \u00223.5\u0022, \u0022width\u0022: \u00222.5\u0022, \u0022unit\u0022: \u0022inch\u0022}""}",8ad40f3e-887a-40a6-b6b3-61eb66161ef4,6044a07c-4719-4505-bac3-d5356dc2e3a0,Chauncey the Page,Chauncey the Page [Black Title],{},monty-python-and-the-holy-grail_monty-python-and-the-holy-grail_chauncey-the-page-[black-title]
2a0a6fc9-e2db-44bc-ad72-03a562556b78,first-party-document,0,0,"{""obverse"": ""monty-python-and-the-holy-grail_monty-python-and-the-holy-grail_chauncey-the-page-[white-title]"", ""reverse"": ""monty-python-and-the-holy-grail_card-back""}","{""name_printed"": ""Chauncey the Page"", ""variant_disambiguator"": ""White Title"", ""rarity"": ""Common"", ""number"": ""66"", ""type"": ""Page"", ""item_dimensions"": ""{\u0022height\u0022: \u00223.5\u0022, \u0022width\u0022: \u00222.5\u0022, \u0022unit\u0022: \u0022inch\u0022}""}",8ad40f3e-887a-40a6-b6b3-61eb66161ef4,6044a07c-4719-4505-bac3-d5356dc2e3a0,Chauncey the Page,Chauncey the Page [White Title],{},monty-python-and-the-holy-grail_monty-python-and-the-holy-grail_chauncey-the-page-[white-title]
6690afd1-4217-408c-8cd7-82b75c53403f,first-party-document,0,0,"{""obverse"": ""monty-python-and-the-holy-grail_monty-python-and-the-holy-grail_chicken"", ""reverse"": ""monty-python-and-the-holy-grail_card-back""}","{""name_printed"": ""Chicken"", ""rarity"": ""Uncommon"", ""number"": ""67"", ""type"": ""Taunt"", ""item_dimensions"": ""{\u0022height\u0022: \u00223.5\u0022, \u0022width\u0022: \u00222.5\u0022, \u0022unit\u0022: \u0022inch\u0022}""}",8ad40f3e-887a-40a6-b6b3-61eb66161ef4,6044a07c-4719-4505-bac3-d5356dc2e3a0,Chicken,Chicken,{},monty-python-and-the-holy-grail_monty-python-and-the-holy-grail_chicken
1ca3ec03-0914-456c-a97a-8bd56f7eabfb,first-party-document,0,0,"{""obverse"": ""monty-python-and-the-holy-grail_monty-python-and-the-holy-grail_church-influence"", ""reverse"": ""monty-python-and-the-holy-grail_card-back""}","{""name_printed"": ""Church Influence"", ""rarity"": ""Rare"", ""number"": ""68"", ""type"": ""Event"", ""item_dimensions"": ""{\u0022height\u0022: \u00223.5\u0022, \u0022width\u0022: \u00222.5\u0022, \u0022unit\u0022: \u0022inch\u0022}""}",8ad40f3e-887a-40a6-b6b3-61eb66161ef4,6044a07c-4719-4505-bac3-d5356dc2e3a0,Church Influence,Church Influence,{},monty-python-and-the-holy-grail_monty-python-and-the-holy-grail_church-influence
74ed637b-a6eb-4276-b628-8abd26bb3116,first-party-document,0,0,"{""obverse"": ""monty-python-and-the-holy-grail_monty-python-and-the-holy-grail_concorde---trusty-page-of-lancelot"", ""reverse"": ""monty-python-and-the-holy-grail_card-back""}","{""name_printed"": ""Concorde - trusty page of Lancelot"", ""rarity"": ""Common"", ""number"": ""69"", ""type"": ""Page"", ""item_dimensions"": ""{\u0022height\u0022: \u00223.5\u0022, \u0022width\u0022: \u00222.5\u0022, \u0022unit\u0022: \u0022inch\u0022}""}",8ad40f3e-887a-40a6-b6b3-61eb66161ef4,6044a07c-4719-4505-bac3-d5356dc2e3a0,Concorde - trusty page of Lancelot,Concorde - trusty page of Lancelot,{},monty-python-and-the-holy-grail_monty-python-and-the-holy-grail_concorde---trusty-page-of-lancelot
05c4ca77-9b6f-476c-aae6-263edfba9088,first-party-document,0,0,"{""obverse"": ""monty-python-and-the-holy-grail_monty-python-and-the-holy-grail_confusion"", ""reverse"": ""monty-python-and-the-holy-grail_card-back""}","{""name_printed"": ""Confusion"", ""rarity"": ""Uncommon"", ""number"": ""70"", ""type"": ""Event"", ""item_dimensions"": ""{\u0022height\u0022: \u00223.5\u0022, \u0022width\u0022: \u00222.5\u0022, \u0022unit\u0022: \u0022inch\u0022}""}",8ad40f3e-887a-40a6-b6b3-61eb66161ef4,6044a07c-4719-4505-bac3-d5356dc2e3a0,Confusion,Confusion,{},monty-python-and-the-holy-grail_monty-python-and-the-holy-grail_confusion
c2e767b7-337a-4c82-8755-82f8b4d699c0,item,1,0,"{""obverse"": ""monty-python-and-the-holy-grail_monty-python-and-the-holy-grail_land-of-cornwall"", ""reverse"": ""monty-python-and-the-holy-grail_card-back""}","{""name_printed"": ""Land of Cornwall"", ""rarity"": ""Common"", ""number"": ""71"", ""type"": ""Land"", ""item_dimensions"": ""{\u0022height\u0022: \u00223.5\u0022, \u0022width\u0022: \u00222.5\u0022, \u0022unit\u0022: \u0022inch\u0022}""}",8ad40f3e-887a-40a6-b6b3-61eb66161ef4,6044a07c-4719-4505-bac3-d5356dc2e3a0,Land of Cornwall,Land of Cornwall,{},monty-python-and-the-holy-grail_monty-python-and-the-holy-grail_land-of-cornwall
d8d6e5e1-0a93-4250-a5c9-85d3ef412bec,first-party-document,0,0,"{""obverse"": ""monty-python-and-the-holy-grail_monty-python-and-the-holy-grail_cry-of-distress"", ""reverse"": ""monty-python-and-the-holy-grail_card-back""}","{""name_printed"": ""Cry of Distress"", ""rarity"": ""Uncommon"", ""number"": ""72"", ""type"": ""Event"", ""item_dimensions"": ""{\u0022height\u0022: \u00223.5\u0022, \u0022width\u0022: \u00222.5\u0022, \u0022unit\u0022: \u0022inch\u0022}""}",8ad40f3e-887a-40a6-b6b3-61eb66161ef4,6044a07c-4719-4505-bac3-d5356dc2e3a0,Cry of Distress,Cry of Distress,{},monty-python-and-the-holy-grail_monty-python-and-the-holy-grail_cry-of-distress
c6ad892f-c1e8-4386-93c2-baad285a0763,first-party-document,0,0,"{""obverse"": ""monty-python-and-the-holy-grail_monty-python-and-the-holy-grail_sir-damas"", ""reverse"": ""monty-python-and-the-holy-grail_card-back""}","{""name_printed"": ""Sir Damas"", ""rarity"": ""Rare"", ""number"": ""73"", ""type"": ""Adversary"", ""item_dimensions"": ""{\u0022height\u0022: \u00223.5\u0022, \u0022width\u0022: \u00222.5\u0022, \u0022unit\u0022: \u0022inch\u0022}""}",8ad40f3e-887a-40a6-b6b3-61eb66161ef4,6044a07c-4719-4505-bac3-d5356dc2e3a0,Sir Damas,Sir Damas,{},monty-python-and-the-holy-grail_monty-python-and-the-holy-grail_sir-damas
1a7511d8-6c94-42a0-b57c-b2d3792962db,item,1,0,"{""obverse"": ""monty-python-and-the-holy-grail_monty-python-and-the-holy-grail_dancing-knight"", ""reverse"": ""monty-python-and-the-holy-grail_card-back""}","{""name_printed"": ""Dancing Knight"", ""rarity"": ""Common"", ""number"": ""74"", ""type"": ""Knight"", ""item_dimensions"": ""{\u0022height\u0022: \u00223.5\u0022, \u0022width\u0022: \u00222.5\u0022, \u0022unit\u0022: \u0022inch\u0022}""}",8ad40f3e-887a-40a6-b6b3-61eb66161ef4,6044a07c-4719-4505-bac3-d5356dc2e3a0,Dancing Knight,Dancing Knight,{},monty-python-and-the-holy-grail_monty-python-and-the-holy-grail_dancing-knight
a29e961b-4fcf-477c-b165-b9644a08faa0,first-party-document,0,0,"{""obverse"": ""monty-python-and-the-holy-grail_monty-python-and-the-holy-grail_the-dark-forest-of-ewing"", ""reverse"": ""monty-python-and-the-holy-grail_card-back""}","{""name_printed"": ""The Dark Forest of Ewing"", ""rarity"": ""Common"", ""number"": ""75"", ""type"": ""Land"", ""item_dimensions"": ""{\u0022height\u0022: \u00223.5\u0022, \u0022width\u0022: \u00222.5\u0022, \u0022unit\u0022: \u0022inch\u0022}""}",8ad40f3e-887a-40a6-b6b3-61eb66161ef4,6044a07c-4719-4505-bac3-d5356dc2e3a0,The Dark Forest of Ewing,The Dark Forest of Ewing,{},monty-python-and-the-holy-grail_monty-python-and-the-holy-grail_the-dark-forest-of-ewing
95c85bc1-4959-485b-9744-df770450b88d,first-party-document,0,0,"{""obverse"": ""monty-python-and-the-holy-grail_monty-python-and-the-holy-grail_dead-collector"", ""reverse"": ""monty-python-and-the-holy-grail_card-back""}","{""name_printed"": ""Dead Collector"", ""rarity"": ""Rare"", ""number"": ""76"", ""type"": ""Persona"", ""item_dimensions"": ""{\u0022height\u0022: \u00223.5\u0022, \u0022width\u0022: \u00222.5\u0022, \u0022unit\u0022: \u0022inch\u0022}""}",8ad40f3e-887a-40a6-b6b3-61eb66161ef4,6044a07c-4719-4505-bac3-d5356dc2e3a0,Dead Collector,Dead Collector,{},monty-python-and-the-holy-grail_monty-python-and-the-holy-grail_dead-collector
da87031d-789d-4b78-a6a0-0c9f1b491596,first-party-document,0,0,"{""obverse"": ""monty-python-and-the-holy-grail_monty-python-and-the-holy-grail_debate"", ""reverse"": ""monty-python-and-the-holy-grail_card-back""}","{""name_printed"": ""Debate"", ""rarity"": ""Rare"", ""number"": ""77"", ""type"": ""Event"", ""item_dimensions"": ""{\u0022height\u0022: \u00223.5\u0022, \u0022width\u0022: \u00222.5\u0022, \u0022unit\u0022: \u0022inch\u0022}""}",8ad40f3e-887a-40a6-b6b3-61eb66161ef4,6044a07c-4719-4505-bac3-d5356dc2e3a0,Debate,Debate,{},monty-python-and-the-holy-grail_monty-python-and-the-holy-grail_debate
e11ffd8b-a115-43e3-9dda-2597af9daf74,first-party-document,0,0,"{""obverse"": ""monty-python-and-the-holy-grail_monty-python-and-the-holy-grail_delay"", ""reverse"": ""monty-python-and-the-holy-grail_card-back""}","{""name_printed"": ""Delay"", ""rarity"": ""Rare"", ""number"": ""78"", ""type"": ""Event"", ""item_dimensions"": ""{\u0022height\u0022: \u00223.5\u0022, \u0022width\u0022: \u00222.5\u0022, \u0022unit\u0022: \u0022inch\u0022}""}",8ad40f3e-887a-40a6-b6b3-61eb66161ef4,6044a07c-4719-4505-bac3-d5356dc2e3a0,Delay,Delay,{},monty-python-and-the-holy-grail_monty-python-and-the-holy-grail_delay
ad062e61-53bc-42dc-9ef8-103b17c4a6b5,first-party-document,0,0,"{""obverse"": ""monty-python-and-the-holy-grail_monty-python-and-the-holy-grail_dennis"", ""reverse"": ""monty-python-and-the-holy-grail_card-back""}","{""name_printed"": ""Dennis"", ""rarity"": ""Uncommon"", ""number"": ""79"", ""type"": ""Adversary"", ""item_dimensions"": ""{\u0022height\u0022: \u00223.5\u0022, \u0022width\u0022: \u00222.5\u0022, \u0022unit\u0022: \u0022inch\u0022}""}",8ad40f3e-887a-40a6-b6b3-61eb66161ef4,6044a07c-4719-4505-bac3-d5356dc2e3a0,Dennis,Dennis,{},monty-python-and-the-holy-grail_monty-python-and-the-holy-grail_dennis
2fec795d-4fc6-49a3-94df-44fd42763ed6,first-party-document,0,0,"{""obverse"": ""monty-python-and-the-holy-grail_monty-python-and-the-holy-grail_depart-a-lot"", ""reverse"": ""monty-python-and-the-holy-grail_card-back""}","{""name_printed"": ""Depart a Lot"", ""rarity"": ""Uncommon"", ""number"": ""80"", ""type"": ""Taunt"", ""item_dimensions"": ""{\u0022height\u0022: \u00223.5\u0022, \u0022width\u0022: \u00222.5\u0022, \u0022unit\u0022: \u0022inch\u0022}""}",8ad40f3e-887a-40a6-b6b3-61eb66161ef4,6044a07c-4719-4505-bac3-d5356dc2e3a0,Depart a Lot,Depart a Lot,{},monty-python-and-the-holy-grail_monty-python-and-the-holy-grail_depart-a-lot
39edbf53-abfd-4586-9875-4573e7e8306a,first-party-document,0,0,"{""obverse"": ""monty-python-and-the-holy-grail_monty-python-and-the-holy-grail_detraction"", ""reverse"": ""monty-python-and-the-holy-grail_card-back""}","{""name_printed"": ""Detraction"", ""rarity"": ""Uncommon"", ""number"": ""81"", ""type"": ""Taunt"", ""item_dimensions"": ""{\u0022height\u0022: \u00223.5\u0022, \u0022width\u0022: \u00222.5\u0022, \u0022unit\u0022: \u0022inch\u0022}""}",8ad40f3e-887a-40a6-b6b3-61eb66161ef4,6044a07c-4719-4505-bac3-d5356dc2e3a0,Detraction,Detraction,{},monty-python-and-the-holy-grail_monty-python-and-the-holy-grail_detraction
dde1abed-61d4-4c5a-beb0-7a6e25993e2a,first-party-document,0,0,"{""obverse"": ""monty-python-and-the-holy-grail_monty-python-and-the-holy-grail_dingo"", ""reverse"": ""monty-python-and-the-holy-grail_card-back""}","{""name_printed"": ""Dingo"", ""rarity"": ""Common"", ""number"": ""82"", ""type"": ""Adversary"", ""item_dimensions"": ""{\u0022height\u0022: \u00223.5\u0022, \u0022width\u0022: \u00222.5\u0022, \u0022unit\u0022: \u0022inch\u0022}""}",8ad40f3e-887a-40a6-b6b3-61eb66161ef4,6044a07c-4719-4505-bac3-d5356dc2e3a0,Dingo,Dingo,{},monty-python-and-the-holy-grail_monty-python-and-the-holy-grail_dingo
846025e1-c230-4b02-b4ca-e8d3d0b1dc5e,first-party-document,0,0,"{""obverse"": ""monty-python-and-the-holy-grail_monty-python-and-the-holy-grail_direct-attack"", ""reverse"": ""monty-python-and-the-holy-grail_card-back""}","{""name_printed"": ""Direct Attack"", ""rarity"": ""Rare"", ""number"": ""83"", ""type"": ""Event"", ""item_dimensions"": ""{\u0022height\u0022: \u00223.5\u0022, \u0022width\u0022: \u00222.5\u0022, \u0022unit\u0022: \u0022inch\u0022}""}",8ad40f3e-887a-40a6-b6b3-61eb66161ef4,6044a07c-4719-4505-bac3-d5356dc2e3a0,Direct Attack,Direct Attack,{},monty-python-and-the-holy-grail_monty-python-and-the-holy-grail_direct-attack
b9d2f370-399d-4236-bc2d-b9e96ed209fb,first-party-document,0,0,"{""obverse"": ""monty-python-and-the-holy-grail_monty-python-and-the-holy-grail_doctors-"", ""reverse"": ""monty-python-and-the-holy-grail_card-back""}","{""name_printed"": ""Doctors?"", ""rarity"": ""Common"", ""number"": ""84"", ""type"": ""Event"", ""item_dimensions"": ""{\u0022height\u0022: \u00223.5\u0022, \u0022width\u0022: \u00222.5\u0022, \u0022unit\u0022: \u0022inch\u0022}""}",8ad40f3e-887a-40a6-b6b3-61eb66161ef4,6044a07c-4719-4505-bac3-d5356dc2e3a0,Doctors?,Doctors?,{},monty-python-and-the-holy-grail_monty-python-and-the-holy-grail_doctors-
935bcf37-5eae-4770-b866-a1884165b15f,first-party-document,0,0,"{""obverse"": ""monty-python-and-the-holy-grail_monty-python-and-the-holy-grail_don't-frighten-us"", ""reverse"": ""monty-python-and-the-holy-grail_card-back""}","{""name_printed"": ""Don't Frighten Us"", ""rarity"": ""Uncommon"", ""number"": ""85"", ""type"": ""Taunt"", ""item_dimensions"": ""{\u0022height\u0022: \u00223.5\u0022, \u0022width\u0022: \u00222.5\u0022, \u0022unit\u0022: \u0022inch\u0022}""}",8ad40f3e-887a-40a6-b6b3-61eb66161ef4,6044a07c-4719-4505-bac3-d5356dc2e3a0,Don't Frighten Us,Don't Frighten Us,{},monty-python-and-the-holy-grail_monty-python-and-the-holy-grail_don't-frighten-us
ae0d4950-0917-4999-a49e-a4892a61bfe7,first-party-document,0,0,"{""obverse"": ""monty-python-and-the-holy-grail_monty-python-and-the-holy-grail_dragon-of-angnor"", ""reverse"": ""monty-python-and-the-holy-grail_card-back""}","{""name_printed"": ""Dragon of Angnor"", ""rarity"": ""Uncommon"", ""number"": ""86"", ""type"": ""Adversary"", ""item_dimensions"": ""{\u0022height\u0022: \u00223.5\u0022, \u0022width\u0022: \u00222.5\u0022, \u0022unit\u0022: \u0022inch\u0022}""}",8ad40f3e-887a-40a6-b6b3-61eb66161ef4,6044a07c-4719-4505-bac3-d5356dc2e3a0,Dragon of Angnor,Dragon of Angnor,{},monty-python-and-the-holy-grail_monty-python-and-the-holy-grail_dragon-of-angnor
71b7fcb1-0448-4a81-a976-a9c05289275d,first-party-document,0,0,"{""obverse"": ""monty-python-and-the-holy-grail_monty-python-and-the-holy-grail_dragon-ship"", ""reverse"": ""monty-python-and-the-holy-grail_card-back""}","{""name_printed"": ""Dragon Ship"", ""rarity"": ""Uncommon"", ""number"": ""87"", ""type"": ""Item"", ""item_dimensions"": ""{\u0022height\u0022: \u00223.5\u0022, \u0022width\u0022: \u00222.5\u0022, \u0022unit\u0022: \u0022inch\u0022}""}",8ad40f3e-887a-40a6-b6b3-61eb66161ef4,6044a07c-4719-4505-bac3-d5356dc2e3a0,Dragon Ship,Dragon Ship,{},monty-python-and-the-holy-grail_monty-python-and-the-holy-grail_dragon-ship
ff8f4099-b22d-47fe-8f45-ebc93e075a72,first-party-document,0,0,"{""obverse"": ""monty-python-and-the-holy-grail_monty-python-and-the-holy-grail_dramatic-escape"", ""reverse"": ""monty-python-and-the-holy-grail_card-back""}","{""name_printed"": ""Dramatic Escape"", ""rarity"": ""Rare"", ""number"": ""88"", ""type"": ""Event"", ""item_dimensions"": ""{\u0022height\u0022: \u00223.5\u0022, \u0022width\u0022: \u00222.5\u0022, \u0022unit\u0022: \u0022inch\u0022}""}",8ad40f3e-887a-40a6-b6b3-61eb66161ef4,6044a07c-4719-4505-bac3-d5356dc2e3a0,Dramatic Escape,Dramatic Escape,{},monty-python-and-the-holy-grail_monty-python-and-the-holy-grail_dramatic-escape
681cd606-2f19-4c26-885b-667077aa8314,first-party-document,0,0,"{""obverse"": ""monty-python-and-the-holy-grail_monty-python-and-the-holy-grail_draw"", ""reverse"": ""monty-python-and-the-holy-grail_card-back""}","{""name_printed"": ""Draw"", ""rarity"": ""Uncommon"", ""number"": ""89"", ""type"": ""Event"", ""item_dimensions"": ""{\u0022height\u0022: \u00223.5\u0022, \u0022width\u0022: \u00222.5\u0022, \u0022unit\u0022: \u0022inch\u0022}""}",8ad40f3e-887a-40a6-b6b3-61eb66161ef4,6044a07c-4719-4505-bac3-d5356dc2e3a0,Draw,Draw,{},monty-python-and-the-holy-grail_monty-python-and-the-holy-grail_draw
fd3a3739-93f4-4383-b971-4a9ec4d5822a,first-party-document,0,0,"{""obverse"": ""monty-python-and-the-holy-grail_monty-python-and-the-holy-grail_dumb-idea"", ""reverse"": ""monty-python-and-the-holy-grail_card-back""}","{""name_printed"": ""Dumb Idea"", ""rarity"": ""Uncommon"", ""number"": ""90"", ""type"": ""Event"", ""item_dimensions"": ""{\u0022height\u0022: \u00223.5\u0022, \u0022width\u0022: \u00222.5\u0022, \u0022unit\u0022: \u0022inch\u0022}""}",8ad40f3e-887a-40a6-b6b3-61eb66161ef4,6044a07c-4719-4505-bac3-d5356dc2e3a0,Dumb Idea,Dumb Idea,{},monty-python-and-the-holy-grail_monty-python-and-the-holy-grail_dumb-idea
0ae28a2f-1ffb-40ee-8952-fbbb9e5d9131,first-party-document,0,0,"{""obverse"": ""monty-python-and-the-holy-grail_monty-python-and-the-holy-grail_eccentric-performance"", ""reverse"": ""monty-python-and-the-holy-grail_card-back""}","{""name_printed"": ""Eccentric Performance"", ""rarity"": ""Uncommon"", ""number"": ""91"", ""type"": ""Event"", ""item_dimensions"": ""{\u0022height\u0022: \u00223.5\u0022, \u0022width\u0022: \u00222.5\u0022, \u0022unit\u0022: \u0022inch\u0022}""}",8ad40f3e-887a-40a6-b6b3-61eb66161ef4,6044a07c-4719-4505-bac3-d5356dc2e3a0,Eccentric Performance,Eccentric Performance,{},monty-python-and-the-holy-grail_monty-python-and-the-holy-grail_eccentric-performance
72b0b4c2-7e15-4abd-b38b-15ab95cbdf4b,first-party-document,0,0,"{""obverse"": ""monty-python-and-the-holy-grail_monty-python-and-the-holy-grail_sir-ector"", ""reverse"": ""monty-python-and-the-holy-grail_card-back""}","{""name_printed"": ""Sir Ector"", ""rarity"": ""Common"", ""number"": ""92"", ""type"": ""Knight"", ""item_dimensions"": ""{\u0022height\u0022: \u00223.5\u0022, \u0022width\u0022: \u00222.5\u0022, \u0022unit\u0022: \u0022inch\u0022}""}",8ad40f3e-887a-40a6-b6b3-61eb66161ef4,6044a07c-4719-4505-bac3-d5356dc2e3a0,Sir Ector,Sir Ector,{},monty-python-and-the-holy-grail_monty-python-and-the-holy-grail_sir-ector
6a880615-169a-4ec8-a0fe-44a97fca5e8b,first-party-document,0,0,"{""obverse"": ""monty-python-and-the-holy-grail_monty-python-and-the-holy-grail_edward-the-knight-perilous"", ""reverse"": ""monty-python-and-the-holy-grail_card-back""}","{""name_printed"": ""Edward the Knight Perilous"", ""rarity"": ""Uncommon"", ""number"": ""93"", ""type"": ""Adversary"", ""item_dimensions"": ""{\u0022height\u0022: \u00223.5\u0022, \u0022width\u0022: \u00222.5\u0022, \u0022unit\u0022: \u0022inch\u0022}""}",8ad40f3e-887a-40a6-b6b3-61eb66161ef4,6044a07c-4719-4505-bac3-d5356dc2e3a0,Edward the Knight Perilous,Edward the Knight Perilous,{},monty-python-and-the-holy-grail_monty-python-and-the-holy-grail_edward-the-knight-perilous
8e291da0-5320-4abb-971e-5f010f17b8e6,first-party-document,0,0,"{""obverse"": ""monty-python-and-the-holy-grail_monty-python-and-the-holy-grail_electric-donkey"", ""reverse"": ""monty-python-and-the-holy-grail_card-back""}","{""name_printed"": ""Electric Donkey"", ""rarity"": ""Common"", ""number"": ""94"", ""type"": ""Taunt"", ""item_dimensions"": ""{\u0022height\u0022: \u00223.5\u0022, \u0022width\u0022: \u00222.5\u0022, \u0022unit\u0022: \u0022inch\u0022}""}",8ad40f3e-887a-40a6-b6b3-61eb66161ef4,6044a07c-4719-4505-bac3-d5356dc2e3a0,Electric Donkey,Electric Donkey,{},monty-python-and-the-holy-grail_monty-python-and-the-holy-grail_electric-donkey
1d8fcc25-278f-4b72-bba6-5c40fe7bcbf6,first-party-document,0,0,"{""obverse"": ""monty-python-and-the-holy-grail_monty-python-and-the-holy-grail_emperor"", ""reverse"": ""monty-python-and-the-holy-grail_card-back""}","{""name_printed"": ""Emperor"", ""rarity"": ""Uncommon"", ""number"": ""95"", ""type"": ""Event"", ""item_dimensions"": ""{\u0022height\u0022: \u00223.5\u0022, \u0022width\u0022: \u00222.5\u0022, \u0022unit\u0022: \u0022inch\u0022}""}",8ad40f3e-887a-40a6-b6b3-61eb66161ef4,6044a07c-4719-4505-bac3-d5356dc2e3a0,Emperor,Emperor,{},monty-python-and-the-holy-grail_monty-python-and-the-holy-grail_emperor
594bdb58-9110-4829-9112-ae161169f829,first-party-document,0,0,"{""obverse"": ""monty-python-and-the-holy-grail_monty-python-and-the-holy-grail_english-types"", ""reverse"": ""monty-python-and-the-holy-grail_card-back""}","{""name_printed"": ""English Types"", ""rarity"": ""Uncommon"", ""number"": ""96"", ""type"": ""Taunt"", ""item_dimensions"": ""{\u0022height\u0022: \u00223.5\u0022, \u0022width\u0022: \u00222.5\u0022, \u0022unit\u0022: \u0022inch\u0022}""}",8ad40f3e-887a-40a6-b6b3-61eb66161ef4,6044a07c-4719-4505-bac3-d5356dc2e3a0,English Types,English Types,{},monty-python-and-the-holy-grail_monty-python-and-the-holy-grail_english-types
b684edfb-e711-4823-8c4d-571add792323,first-party-document,0,0,"{""obverse"": ""monty-python-and-the-holy-grail_monty-python-and-the-holy-grail_enlightenment"", ""reverse"": ""monty-python-and-the-holy-grail_card-back""}","{""name_printed"": ""Enlightenment"", ""rarity"": ""Rare"", ""number"": ""97"", ""type"": ""Event"", ""item_dimensions"": ""{\u0022height\u0022: \u00223.5\u0022, \u0022width\u0022: \u00222.5\u0022, \u0022unit\u0022: \u0022inch\u0022}""}",8ad40f3e-887a-40a6-b6b3-61eb66161ef4,6044a07c-4719-4505-bac3-d5356dc2e3a0,Enlightenment,Enlightenment,{},monty-python-and-the-holy-grail_monty-python-and-the-holy-grail_enlightenment
a91cf513-9376-4c62-830d-b6386012ff71,first-party-document,0,0,"{""obverse"": ""monty-python-and-the-holy-grail_monty-python-and-the-holy-grail_excalibur"", ""reverse"": ""monty-python-and-the-holy-grail_card-back""}","{""name_printed"": ""Excalibur"", ""rarity"": ""Rare"", ""number"": ""98"", ""type"": ""Item"", ""item_dimensions"": ""{\u0022height\u0022: \u00223.5\u0022, \u0022width\u0022: \u00222.5\u0022, \u0022unit\u0022: \u0022inch\u0022}""}",8ad40f3e-887a-40a6-b6b3-61eb66161ef4,6044a07c-4719-4505-bac3-d5356dc2e3a0,Excalibur,Excalibur,{},monty-python-and-the-holy-grail_monty-python-and-the-holy-grail_excalibur
407f1878-e561-4cc1-b4aa-156deae55e12,first-party-document,0,0,"{""obverse"": ""monty-python-and-the-holy-grail_monty-python-and-the-holy-grail_expulsion"", ""reverse"": ""monty-python-and-the-holy-grail_card-back""}","{""name_printed"": ""Expulsion"", ""rarity"": ""Common"", ""number"": ""99"", ""type"": ""Event"", ""item_dimensions"": ""{\u0022height\u0022: \u00223.5\u0022, \u0022width\u0022: \u00222.5\u0022, \u0022unit\u0022: \u0022inch\u0022}""}",8ad40f3e-887a-40a6-b6b3-61eb66161ef4,6044a07c-4719-4505-bac3-d5356dc2e3a0,Expulsion,Expulsion,{},monty-python-and-the-holy-grail_monty-python-and-the-holy-grail_expulsion
4fceeb05-21f1-4542-8a35-4100fce23387,first-party-document,0,0,"{""obverse"": ""monty-python-and-the-holy-grail_monty-python-and-the-holy-grail_extra-coconuts"", ""reverse"": ""monty-python-and-the-holy-grail_card-back""}","{""name_printed"": ""Extra Coconuts"", ""rarity"": ""Uncommon"", ""number"": ""100"", ""type"": ""Item"", ""item_dimensions"": ""{\u0022height\u0022: \u00223.5\u0022, \u0022width\u0022: \u00222.5\u0022, \u0022unit\u0022: \u0022inch\u0022}""}",8ad40f3e-887a-40a6-b6b3-61eb66161ef4,6044a07c-4719-4505-bac3-d5356dc2e3a0,Extra Coconuts,Extra Coconuts,{},monty-python-and-the-holy-grail_monty-python-and-the-holy-grail_extra-coconuts
c3b76e72-e8da-4ab6-969f-d00ed9fa98b0,first-party-document,0,0,"{""obverse"": ""monty-python-and-the-holy-grail_monty-python-and-the-holy-grail_fallen-to-his-death"", ""reverse"": ""monty-python-and-the-holy-grail_card-back""}","{""name_printed"": ""Fallen to His Death"", ""rarity"": ""Uncommon"", ""number"": ""101"", ""type"": ""Event"", ""item_dimensions"": ""{\u0022height\u0022: \u00223.5\u0022, \u0022width\u0022: \u00222.5\u0022, \u0022unit\u0022: \u0022inch\u0022}""}",8ad40f3e-887a-40a6-b6b3-61eb66161ef4,6044a07c-4719-4505-bac3-d5356dc2e3a0,Fallen to His Death,Fallen to His Death,{},monty-python-and-the-holy-grail_monty-python-and-the-holy-grail_fallen-to-his-death
0bcb5918-5779-462a-b736-329bad9dc2c6,first-party-document,0,0,"{""obverse"": ""monty-python-and-the-holy-grail_monty-python-and-the-holy-grail_famous-historian"", ""reverse"": ""monty-python-and-the-holy-grail_card-back""}","{""name_printed"": ""Famous Historian"", ""rarity"": ""Common"", ""number"": ""102"", ""type"": ""Persona"", ""item_dimensions"": ""{\u0022height\u0022: \u00223.5\u0022, \u0022width\u0022: \u00222.5\u0022, \u0022unit\u0022: \u0022inch\u0022}""}",8ad40f3e-887a-40a6-b6b3-61eb66161ef4,6044a07c-4719-4505-bac3-d5356dc2e3a0,Famous Historian,Famous Historian,{},monty-python-and-the-holy-grail_monty-python-and-the-holy-grail_famous-historian
2ee8d4c2-8f88-4efe-96f6-043da58be3cb,first-party-document,0,0,"{""obverse"": ""monty-python-and-the-holy-grail_monty-python-and-the-holy-grail_farcical-aquatic-ceremony"", ""reverse"": ""monty-python-and-the-holy-grail_card-back""}","{""name_printed"": ""Farcical Aquatic Ceremony"", ""rarity"": ""Common"", ""number"": ""103"", ""type"": ""Taunt"", ""item_dimensions"": ""{\u0022height\u0022: \u00223.5\u0022, \u0022width\u0022: \u00222.5\u0022, \u0022unit\u0022: \u0022inch\u0022}""}",8ad40f3e-887a-40a6-b6b3-61eb66161ef4,6044a07c-4719-4505-bac3-d5356dc2e3a0,Farcical Aquatic Ceremony,Farcical Aquatic Ceremony,{},monty-python-and-the-holy-grail_monty-python-and-the-holy-grail_farcical-aquatic-ceremony
0b731301-1fd7-44e9-b20b-0944726f716a,first-party-document,0,0,"{""obverse"": ""monty-python-and-the-holy-grail_monty-python-and-the-holy-grail_farm-animals"", ""reverse"": ""monty-python-and-the-holy-grail_card-back""}","{""name_printed"": ""Farm Animals"", ""rarity"": ""Uncommon"", ""number"": ""104"", ""type"": ""Event"", ""item_dimensions"": ""{\u0022height\u0022: \u00223.5\u0022, \u0022width\u0022: \u00222.5\u0022, \u0022unit\u0022: \u0022inch\u0022}""}",8ad40f3e-887a-40a6-b6b3-61eb66161ef4,6044a07c-4719-4505-bac3-d5356dc2e3a0,Farm Animals,Farm Animals,{},monty-python-and-the-holy-grail_monty-python-and-the-holy-grail_farm-animals
538d217b-1f70-4410-8c26-7fb4d485ef31,first-party-document,0,0,"{""obverse"": ""monty-python-and-the-holy-grail_monty-python-and-the-holy-grail_flesh-wound"", ""reverse"": ""monty-python-and-the-holy-grail_card-back""}","{""name_printed"": ""Flesh Wound"", ""rarity"": ""Common"", ""number"": ""105"", ""type"": ""Event"", ""item_dimensions"": ""{\u0022height\u0022: \u00223.5\u0022, \u0022width\u0022: \u00222.5\u0022, \u0022unit\u0022: \u0022inch\u0022}""}",8ad40f3e-887a-40a6-b6b3-61eb66161ef4,6044a07c-4719-4505-bac3-d5356dc2e3a0,Flesh Wound,Flesh Wound,{},monty-python-and-the-holy-grail_monty-python-and-the-holy-grail_flesh-wound
97090432-ded7-4530-bb10-debd77468ce5,first-party-document,0,0,"{""obverse"": ""monty-python-and-the-holy-grail_monty-python-and-the-holy-grail_foul-weather"", ""reverse"": ""monty-python-and-the-holy-grail_card-back""}","{""name_printed"": ""Foul Weather"", ""rarity"": ""Rare"", ""number"": ""106"", ""type"": ""Event"", ""item_dimensions"": ""{\u0022height\u0022: \u00223.5\u0022, \u0022width\u0022: \u00222.5\u0022, \u0022unit\u0022: \u0022inch\u0022}""}",8ad40f3e-887a-40a6-b6b3-61eb66161ef4,6044a07c-4719-4505-bac3-d5356dc2e3a0,Foul Weather,Foul Weather,{},monty-python-and-the-holy-grail_monty-python-and-the-holy-grail_foul-weather
d9794d83-eb1b-4a27-a9c5-f87a672478aa,first-party-document,0,0,"{""obverse"": ""monty-python-and-the-holy-grail_monty-python-and-the-holy-grail_free-for-all"", ""reverse"": ""monty-python-and-the-holy-grail_card-back""}","{""name_printed"": ""Free for All"", ""rarity"": ""Rare"", ""number"": ""107"", ""type"": ""Event"", ""item_dimensions"": ""{\u0022height\u0022: \u00223.5\u0022, \u0022width\u0022: \u00222.5\u0022, \u0022unit\u0022: \u0022inch\u0022}""}",8ad40f3e-887a-40a6-b6b3-61eb66161ef4,6044a07c-4719-4505-bac3-d5356dc2e3a0,Free for All,Free for All,{},monty-python-and-the-holy-grail_monty-python-and-the-holy-grail_free-for-all
6f539acb-fdcd-48b9-967b-bc984dd63d9b,first-party-document,0,0,"{""obverse"": ""monty-python-and-the-holy-grail_monty-python-and-the-holy-grail_french-taunter"", ""reverse"": ""monty-python-and-the-holy-grail_card-back""}","{""name_printed"": ""French Taunter"", ""rarity"": ""Uncommon"", ""number"": ""108"", ""type"": ""Adversary"", ""item_dimensions"": ""{\u0022height\u0022: \u00223.5\u0022, \u0022width\u0022: \u00222.5\u0022, \u0022unit\u0022: \u0022inch\u0022}""}",8ad40f3e-887a-40a6-b6b3-61eb66161ef4,6044a07c-4719-4505-bac3-d5356dc2e3a0,French Taunter,French Taunter,{},monty-python-and-the-holy-grail_monty-python-and-the-holy-grail_french-taunter
3dabaa50-4025-4251-bb2d-1fedcfd016e9,first-party-document,0,0,"{""obverse"": ""monty-python-and-the-holy-grail_monty-python-and-the-holy-grail_french-fellows"", ""reverse"": ""monty-python-and-the-holy-grail_card-back""}","{""name_printed"": ""French Fellows"", ""rarity"": ""Common"", ""number"": ""109"", ""type"": ""Adversary"", ""item_dimensions"": ""{\u0022height\u0022: \u00223.5\u0022, \u0022width\u0022: \u00222.5\u0022, \u0022unit\u0022: \u0022inch\u0022}""}",8ad40f3e-887a-40a6-b6b3-61eb66161ef4,6044a07c-4719-4505-bac3-d5356dc2e3a0,French Fellows,French Fellows,{},monty-python-and-the-holy-grail_monty-python-and-the-holy-grail_french-fellows
400c2739-e6b6-4bbf-9196-311fbe5e260f,first-party-document,0,0,"{""obverse"": ""monty-python-and-the-holy-grail_monty-python-and-the-holy-grail_frenchman"", ""reverse"": ""monty-python-and-the-holy-grail_card-back""}","{""name_printed"": ""Frenchman"", ""rarity"": ""Uncommon"", ""number"": ""110"", ""type"": ""Adversary"", ""item_dimensions"": ""{\u0022height\u0022: \u00223.5\u0022, \u0022width\u0022: \u00222.5\u0022, \u0022unit\u0022: \u0022inch\u0022}""}",8ad40f3e-887a-40a6-b6b3-61eb66161ef4,6044a07c-4719-4505-bac3-d5356dc2e3a0,Frenchman,Frenchman,{},monty-python-and-the-holy-grail_monty-python-and-the-holy-grail_frenchman
a4bdf162-fd72-4298-a906-7b430a5e25e1,first-party-document,0,0,"{""obverse"": ""monty-python-and-the-holy-grail_monty-python-and-the-holy-grail_friendly-castle"", ""reverse"": ""monty-python-and-the-holy-grail_card-back""}","{""name_printed"": ""Friendly Castle"", ""rarity"": ""Common"", ""number"": ""111"", ""type"": ""Event"", ""item_dimensions"": ""{\u0022height\u0022: \u00223.5\u0022, \u0022width\u0022: \u00222.5\u0022, \u0022unit\u0022: \u0022inch\u0022}""}",8ad40f3e-887a-40a6-b6b3-61eb66161ef4,6044a07c-4719-4505-bac3-d5356dc2e3a0,Friendly Castle,Friendly Castle,{},monty-python-and-the-holy-grail_monty-python-and-the-holy-grail_friendly-castle
b44e5690-91de-4f9e-a500-9732b57a7c35,first-party-document,0,0,"{""obverse"": ""monty-python-and-the-holy-grail_monty-python-and-the-holy-grail_sir-gaheris-(brother-of-sir-gawain)"", ""reverse"": ""monty-python-and-the-holy-grail_card-back""}","{""name_printed"": ""Sir Gaheris (brother of Sir Gawain)"", ""rarity"": ""Rare"", ""number"": ""112"", ""type"": ""Knight"", ""item_dimensions"": ""{\u0022height\u0022: \u00223.5\u0022, \u0022width\u0022: \u00222.5\u0022, \u0022unit\u0022: \u0022inch\u0022}""}",8ad40f3e-887a-40a6-b6b3-61eb66161ef4,6044a07c-4719-4505-bac3-d5356dc2e3a0,Sir Gaheris (brother of Sir Gawain),Sir Gaheris (brother of Sir Gawain),{},monty-python-and-the-holy-grail_monty-python-and-the-holy-grail_sir-gaheris-(brother-of-sir-gawain)
878904ea-72d4-420b-a28c-760c9bf52286,item,1,0,"{""obverse"": ""monty-python-and-the-holy-grail_monty-python-and-the-holy-grail_sir-galahad-the-chaste"", ""reverse"": ""monty-python-and-the-holy-grail_card-back""}","{""name_printed"": ""Sir Galahad the Chaste"", ""rarity"": ""Fixed"", ""number"": ""113"", ""type"": ""Knight"", ""item_dimensions"": ""{\u0022height\u0022: \u00223.5\u0022, \u0022width\u0022: \u00222.5\u0022, \u0022unit\u0022: \u0022inch\u0022}""}",8ad40f3e-887a-40a6-b6b3-61eb66161ef4,6044a07c-4719-4505-bac3-d5356dc2e3a0,Sir Galahad the Chaste,Sir Galahad the Chaste,{},monty-python-and-the-holy-grail_monty-python-and-the-holy-grail_sir-galahad-the-chaste
2c43480c-4494-41ec-afb3-19359ae6e36a,item,1,0,"{""obverse"": ""monty-python-and-the-holy-grail_monty-python-and-the-holy-grail_sir-gareth-of-orkney"", ""reverse"": ""monty-python-and-the-holy-grail_card-back""}","{""name_printed"": ""Sir Gareth of Orkney"", ""rarity"": ""Uncommon"", ""number"": ""114"", ""type"": ""Knight"", ""item_dimensions"": ""{\u0022height\u0022: \u00223.5\u0022, \u0022width\u0022: \u00222.5\u0022, \u0022unit\u0022: \u0022inch\u0022}""}",8ad40f3e-887a-40a6-b6b3-61eb66161ef4,6044a07c-4719-4505-bac3-d5356dc2e3a0,Sir Gareth of Orkney,Sir Gareth of Orkney,{},monty-python-and-the-holy-grail_monty-python-and-the-holy-grail_sir-gareth-of-orkney
aabcb8e7-5d00-4eee-862d-58b37da33c39,first-party-document,0,0,"{""obverse"": ""monty-python-and-the-holy-grail_monty-python-and-the-holy-grail_sir-garlon-(the-invisible-knight)"", ""reverse"": ""monty-python-and-the-holy-grail_card-back""}","{""name_printed"": ""Sir Garlon (The Invisible Knight)"", ""rarity"": ""Uncommon"", ""number"": ""115"", ""type"": ""Adversary"", ""item_dimensions"": ""{\u0022height\u0022: \u00223.5\u0022, \u0022width\u0022: \u00222.5\u0022, \u0022unit\u0022: \u0022inch\u0022}""}",8ad40f3e-887a-40a6-b6b3-61eb66161ef4,6044a07c-4719-4505-bac3-d5356dc2e3a0,Sir Garlon (The Invisible Knight),Sir Garlon (The Invisible Knight),{},monty-python-and-the-holy-grail_monty-python-and-the-holy-grail_sir-garlon-(the-invisible-knight)
2fa535ed-6c1f-4cc7-aa4d-1de17b45bcea,first-party-document,0,0,"{""obverse"": ""monty-python-and-the-holy-grail_monty-python-and-the-holy-grail_sir-gawain"", ""reverse"": ""monty-python-and-the-holy-grail_card-back""}","{""name_printed"": ""Sir Gawain"", ""rarity"": ""Common"", ""number"": ""116"", ""type"": ""Knight"", ""item_dimensions"": ""{\u0022height\u0022: \u00223.5\u0022, \u0022width\u0022: \u00222.5\u0022, \u0022unit\u0022: \u0022inch\u0022}""}",8ad40f3e-887a-40a6-b6b3-61eb66161ef4,6044a07c-4719-4505-bac3-d5356dc2e3a0,Sir Gawain,Sir Gawain,{},monty-python-and-the-holy-grail_monty-python-and-the-holy-grail_sir-gawain
44c07fd2-89bd-498d-82b9-0691d3431ccd,item,1,0,"{""obverse"": ""monty-python-and-the-holy-grail_monty-python-and-the-holy-grail_castle"", ""reverse"": ""monty-python-and-the-holy-grail_card-back""}","{""name_printed"": ""Castle"", ""rarity"": ""Uncommon"", ""number"": ""117"", ""type"": ""Castle"", ""item_dimensions"": ""{\u0022height\u0022: \u00223.5\u0022, \u0022width\u0022: \u00222.5\u0022, \u0022unit\u0022: \u0022inch\u0022}""}",8ad40f3e-887a-40a6-b6b3-61eb66161ef4,6044a07c-4719-4505-bac3-d5356dc2e3a0,Castle,Castle,{},monty-python-and-the-holy-grail_monty-python-and-the-holy-grail_castle
e59ad44b-0d99-4dc2-b1e8-893b602c8d68,item,1,0,"{""obverse"": ""monty-python-and-the-holy-grail_monty-python-and-the-holy-grail_knight"", ""reverse"": ""monty-python-and-the-holy-grail_card-back""}","{""name_printed"": ""Knight"", ""rarity"": ""Uncommon"", ""number"": ""118"", ""type"": ""Knight"", ""item_dimensions"": ""{\u0022height\u0022: \u00223.5\u0022, \u0022width\u0022: \u00222.5\u0022, \u0022unit\u0022: \u0022inch\u0022}""}",8ad40f3e-887a-40a6-b6b3-61eb66161ef4,6044a07c-4719-4505-bac3-d5356dc2e3a0,Knight,Knight,{},monty-python-and-the-holy-grail_monty-python-and-the-holy-grail_knight
344231af-46be-45be-a15e-d124c6c25917,item,1,0,"{""obverse"": ""monty-python-and-the-holy-grail_monty-python-and-the-holy-grail_land"", ""reverse"": ""monty-python-and-the-holy-grail_card-back""}","{""name_printed"": ""Land"", ""rarity"": ""Uncommon"", ""number"": ""119"", ""type"": ""Land"", ""item_dimensions"": ""{\u0022height\u0022: \u00223.5\u0022, \u0022width\u0022: \u00222.5\u0022, \u0022unit\u0022: \u0022inch\u0022}""}",8ad40f3e-887a-40a6-b6b3-61eb66161ef4,6044a07c-4719-4505-bac3-d5356dc2e3a0,Land,Land,{},monty-python-and-the-holy-grail_monty-python-and-the-holy-grail_land
ba4a61ad-31f0-4b17-8320-9313fd2d513b,item,1,0,"{""obverse"": ""monty-python-and-the-holy-grail_monty-python-and-the-holy-grail_page"", ""reverse"": ""monty-python-and-the-holy-grail_card-back""}","{""name_printed"": ""Page"", ""rarity"": ""Common"", ""number"": ""120"", ""type"": ""Page"", ""item_dimensions"": ""{\u0022height\u0022: \u00223.5\u0022, \u0022width\u0022: \u00222.5\u0022, \u0022unit\u0022: \u0022inch\u0022}""}",8ad40f3e-887a-40a6-b6b3-61eb66161ef4,6044a07c-4719-4505-bac3-d5356dc2e3a0,Page,Page,{},monty-python-and-the-holy-grail_monty-python-and-the-holy-grail_page
c675cf69-d8b9-4dc4-83d2-02054a464ce5,first-party-document,0,0,"{""obverse"": ""monty-python-and-the-holy-grail_monty-python-and-the-holy-grail_adversary"", ""reverse"": ""monty-python-and-the-holy-grail_card-back""}","{""name_printed"": ""Adversary"", ""rarity"": ""Uncommon"", ""number"": ""121"", ""type"": ""Adversary"", ""item_dimensions"": ""{\u0022height\u0022: \u00223.5\u0022, \u0022width\u0022: \u00222.5\u0022, \u0022unit\u0022: \u0022inch\u0022}""}",8ad40f3e-887a-40a6-b6b3-61eb66161ef4,6044a07c-4719-4505-bac3-d5356dc2e3a0,Adversary,Adversary,{},monty-python-and-the-holy-grail_monty-python-and-the-holy-grail_adversary
e5f1c46e-7c0a-4c95-b7af-26576d784437,item,1,0,"{""obverse"": ""monty-python-and-the-holy-grail_monty-python-and-the-holy-grail_village"", ""reverse"": ""monty-python-and-the-holy-grail_card-back""}","{""name_printed"": ""Village"", ""rarity"": ""Uncommon"", ""number"": ""122"", ""type"": ""Village"", ""item_dimensions"": ""{\u0022height\u0022: \u00223.5\u0022, \u0022width\u0022: \u00222.5\u0022, \u0022unit\u0022: \u0022inch\u0022}""}",8ad40f3e-887a-40a6-b6b3-61eb66161ef4,6044a07c-4719-4505-bac3-d5356dc2e3a0,Village,Village,{},monty-python-and-the-holy-grail_monty-python-and-the-holy-grail_village
27f8a6c4-dbeb-4ab7-a078-64bcc64e7e55,first-party-document,0,0,"{""obverse"": ""monty-python-and-the-holy-grail_monty-python-and-the-holy-grail_get-on-with-it"", ""reverse"": ""monty-python-and-the-holy-grail_card-back""}","{""name_printed"": ""Get On With It"", ""rarity"": ""Common"", ""number"": ""123"", ""type"": ""Event"", ""item_dimensions"": ""{\u0022height\u0022: \u00223.5\u0022, \u0022width\u0022: \u00222.5\u0022, \u0022unit\u0022: \u0022inch\u0022}""}",8ad40f3e-887a-40a6-b6b3-61eb66161ef4,6044a07c-4719-4505-bac3-d5356dc2e3a0,Get On With It,Get On With It,{},monty-python-and-the-holy-grail_monty-python-and-the-holy-grail_get-on-with-it
2fdba627-bd3f-4316-a421-c2a998485e37,first-party-document,0,0,"{""obverse"": ""monty-python-and-the-holy-grail_monty-python-and-the-holy-grail_get-slop-poured-on-you"", ""reverse"": ""monty-python-and-the-holy-grail_card-back""}","{""name_printed"": ""Get Slop Poured on You"", ""rarity"": ""Common"", ""number"": ""124"", ""type"": ""Event"", ""item_dimensions"": ""{\u0022height\u0022: \u00223.5\u0022, \u0022width\u0022: \u00222.5\u0022, \u0022unit\u0022: \u0022inch\u0022}""}",8ad40f3e-887a-40a6-b6b3-61eb66161ef4,6044a07c-4719-4505-bac3-d5356dc2e3a0,Get Slop Poured on You,Get Slop Poured on You,{},monty-python-and-the-holy-grail_monty-python-and-the-holy-grail_get-slop-poured-on-you
df927139-579a-4611-a14d-928d75824846,first-party-document,0,0,"{""obverse"": ""monty-python-and-the-holy-grail_monty-python-and-the-holy-grail_gimpy-the-page"", ""reverse"": ""monty-python-and-the-holy-grail_card-back""}","{""name_printed"": ""Gimpy the Page"", ""rarity"": ""Common"", ""number"": ""125"", ""type"": ""Page"", ""item_dimensions"": ""{\u0022height\u0022: \u00223.5\u0022, \u0022width\u0022: \u00222.5\u0022, \u0022unit\u0022: \u0022inch\u0022}""}",8ad40f3e-887a-40a6-b6b3-61eb66161ef4,6044a07c-4719-4505-bac3-d5356dc2e3a0,Gimpy the Page,Gimpy the Page,{},monty-python-and-the-holy-grail_monty-python-and-the-holy-grail_gimpy-the-page
e2f0a149-520c-4524-991a-b10310f6516e,first-party-document,0,0,"{""obverse"": ""monty-python-and-the-holy-grail_monty-python-and-the-holy-grail_god"", ""reverse"": ""monty-python-and-the-holy-grail_card-back""}","{""name_printed"": ""God"", ""rarity"": ""Rare"", ""number"": ""126"", ""type"": ""Event"", ""item_dimensions"": ""{\u0022height\u0022: \u00223.5\u0022, \u0022width\u0022: \u00222.5\u0022, \u0022unit\u0022: \u0022inch\u0022}""}",8ad40f3e-887a-40a6-b6b3-61eb66161ef4,6044a07c-4719-4505-bac3-d5356dc2e3a0,God,God,{},monty-python-and-the-holy-grail_monty-python-and-the-holy-grail_god
e35c9db6-b4ac-4cdb-8a04-4fa4c4912117,first-party-document,0,0,"{""obverse"": ""monty-python-and-the-holy-grail_monty-python-and-the-holy-grail_land-of-gore"", ""reverse"": ""monty-python-and-the-holy-grail_card-back""}","{""name_printed"": ""Land of Gore"", ""rarity"": ""Uncommon"", ""number"": ""127"", ""type"": ""Land"", ""item_dimensions"": ""{\u0022height\u0022: \u00223.5\u0022, \u0022width\u0022: \u00222.5\u0022, \u0022unit\u0022: \u0022inch\u0022}""}",8ad40f3e-887a-40a6-b6b3-61eb66161ef4,6044a07c-4719-4505-bac3-d5356dc2e3a0,Land of Gore,Land of Gore,{},monty-python-and-the-holy-grail_monty-python-and-the-holy-grail_land-of-gore
22df01db-5b16-4099-a836-872a098a57d5,first-party-document,0,0,"{""obverse"": ""monty-python-and-the-holy-grail_monty-python-and-the-holy-grail_gorge-of-eternal-peril"", ""reverse"": ""monty-python-and-the-holy-grail_card-back""}","{""name_printed"": ""Gorge of Eternal Peril"", ""rarity"": ""Uncommon"", ""number"": ""128"", ""type"": ""Land"", ""item_dimensions"": ""{\u0022height\u0022: \u00223.5\u0022, \u0022width\u0022: \u00222.5\u0022, \u0022unit\u0022: \u0022inch\u0022}""}",8ad40f3e-887a-40a6-b6b3-61eb66161ef4,6044a07c-4719-4505-bac3-d5356dc2e3a0,Gorge of Eternal Peril,Gorge of Eternal Peril,{},monty-python-and-the-holy-grail_monty-python-and-the-holy-grail_gorge-of-eternal-peril
cdc6acba-e654-4976-ab48-be25c680aa0c,first-party-document,0,0,"{""obverse"": ""monty-python-and-the-holy-grail_monty-python-and-the-holy-grail_gorilla"", ""reverse"": ""monty-python-and-the-holy-grail_card-back""}","{""name_printed"": ""Gorilla"", ""rarity"": ""Rare"", ""number"": ""129"", ""type"": ""Adversary"", ""item_dimensions"": ""{\u0022height\u0022: \u00223.5\u0022, \u0022width\u0022: \u00222.5\u0022, \u0022unit\u0022: \u0022inch\u0022}""}",8ad40f3e-887a-40a6-b6b3-61eb66161ef4,6044a07c-4719-4505-bac3-d5356dc2e3a0,Gorilla,Gorilla,{},monty-python-and-the-holy-grail_monty-python-and-the-holy-grail_gorilla
a5d93a5a-7147-4ced-a794-bb45d37794d7,first-party-document,0,0,"{""obverse"": ""monty-python-and-the-holy-grail_monty-python-and-the-holy-grail_grail-shaped-beacon"", ""reverse"": ""monty-python-and-the-holy-grail_card-back""}","{""name_printed"": ""Grail-shaped Beacon"", ""rarity"": ""Rare"", ""number"": ""130"", ""type"": ""Event"", ""item_dimensions"": ""{\u0022height\u0022: \u00223.5\u0022, \u0022width\u0022: \u00222.5\u0022, \u0022unit\u0022: \u0022inch\u0022}""}",8ad40f3e-887a-40a6-b6b3-61eb66161ef4,6044a07c-4719-4505-bac3-d5356dc2e3a0,Grail-shaped Beacon,Grail-shaped Beacon,{},monty-python-and-the-holy-grail_monty-python-and-the-holy-grail_grail-shaped-beacon
fd78b6b4-bb1d-4b84-a890-b7ed44d74f5f,first-party-document,0,0,"{""obverse"": ""monty-python-and-the-holy-grail_monty-python-and-the-holy-grail_green-knight"", ""reverse"": ""monty-python-and-the-holy-grail_card-back""}","{""name_printed"": ""Green Knight"", ""rarity"": ""Rare"", ""number"": ""131"", ""type"": ""Adversary"", ""item_dimensions"": ""{\u0022height\u0022: \u00223.5\u0022, \u0022width\u0022: \u00222.5\u0022, \u0022unit\u0022: \u0022inch\u0022}""}",8ad40f3e-887a-40a6-b6b3-61eb66161ef4,6044a07c-4719-4505-bac3-d5356dc2e3a0,Green Knight,Green Knight,{},monty-python-and-the-holy-grail_monty-python-and-the-holy-grail_green-knight
cb76e000-8e7c-47f8-a362-c5a59080b3d7,first-party-document,0,0,"{""obverse"": ""monty-python-and-the-holy-grail_monty-python-and-the-holy-grail_groin-hit"", ""reverse"": ""monty-python-and-the-holy-grail_card-back""}","{""name_printed"": ""Groin Hit"", ""rarity"": ""Uncommon"", ""number"": ""132"", ""type"": ""Event"", ""item_dimensions"": ""{\u0022height\u0022: \u00223.5\u0022, \u0022width\u0022: \u00222.5\u0022, \u0022unit\u0022: \u0022inch\u0022}""}",8ad40f3e-887a-40a6-b6b3-61eb66161ef4,6044a07c-4719-4505-bac3-d5356dc2e3a0,Groin Hit,Groin Hit,{},monty-python-and-the-holy-grail_monty-python-and-the-holy-grail_groin-hit
13cab263-9776-4f08-9d7c-fd9e7d7e2300,first-party-document,0,0,"{""obverse"": ""monty-python-and-the-holy-grail_monty-python-and-the-holy-grail_groveling"", ""reverse"": ""monty-python-and-the-holy-grail_card-back""}","{""name_printed"": ""Groveling"", ""rarity"": ""Rare"", ""number"": ""133"", ""type"": ""Event"", ""item_dimensions"": ""{\u0022height\u0022: \u00223.5\u0022, \u0022width\u0022: \u00222.5\u0022, \u0022unit\u0022: \u0022inch\u0022}""}",8ad40f3e-887a-40a6-b6b3-61eb66161ef4,6044a07c-4719-4505-bac3-d5356dc2e3a0,Groveling,Groveling,{},monty-python-and-the-holy-grail_monty-python-and-the-holy-grail_groveling
624bb5ab-8031-4bc5-b316-246639173a77,first-party-document,0,0,"{""obverse"": ""monty-python-and-the-holy-grail_monty-python-and-the-holy-grail_castle-of-guy-de-loimbard"", ""reverse"": ""monty-python-and-the-holy-grail_card-back""}","{""name_printed"": ""Castle of Guy de Loimbard"", ""rarity"": ""Common"", ""number"": ""134"", ""type"": ""Castle"", ""item_dimensions"": ""{\u0022height\u0022: \u00223.5\u0022, \u0022width\u0022: \u00222.5\u0022, \u0022unit\u0022: \u0022inch\u0022}""}",8ad40f3e-887a-40a6-b6b3-61eb66161ef4,6044a07c-4719-4505-bac3-d5356dc2e3a0,Castle of Guy de Loimbard,Castle of Guy de Loimbard,{},monty-python-and-the-holy-grail_monty-python-and-the-holy-grail_castle-of-guy-de-loimbard
0bc2729a-bf0b-4470-829a-396ff0b38a93,first-party-document,0,0,"{""obverse"": ""monty-python-and-the-holy-grail_monty-python-and-the-holy-grail_harmless-bunny"", ""reverse"": ""monty-python-and-the-holy-grail_card-back""}","{""name_printed"": ""Harmless Bunny"", ""rarity"": ""Rare"", ""number"": ""135"", ""type"": ""Event"", ""item_dimensions"": ""{\u0022height\u0022: \u00223.5\u0022, \u0022width\u0022: \u00222.5\u0022, \u0022unit\u0022: \u0022inch\u0022}""}",8ad40f3e-887a-40a6-b6b3-61eb66161ef4,6044a07c-4719-4505-bac3-d5356dc2e3a0,Harmless Bunny,Harmless Bunny,{},monty-python-and-the-holy-grail_monty-python-and-the-holy-grail_harmless-bunny
40e53741-f590-4be2-9f73-5e166c45cba2,first-party-document,0,0,"{""obverse"": ""monty-python-and-the-holy-grail_monty-python-and-the-holy-grail_sir-helius"", ""reverse"": ""monty-python-and-the-holy-grail_card-back""}","{""name_printed"": ""Sir Helius"", ""rarity"": ""Rare"", ""number"": ""136"", ""type"": ""Adversary"", ""item_dimensions"": ""{\u0022height\u0022: \u00223.5\u0022, \u0022width\u0022: \u00222.5\u0022, \u0022unit\u0022: \u0022inch\u0022}""}",8ad40f3e-887a-40a6-b6b3-61eb66161ef4,6044a07c-4719-4505-bac3-d5356dc2e3a0,Sir Helius,Sir Helius,{},monty-python-and-the-holy-grail_monty-python-and-the-holy-grail_sir-helius
89f2d8a0-53a5-4c37-8dad-179b5d8679c5,first-party-document,0,0,"{""obverse"": ""monty-python-and-the-holy-grail_monty-python-and-the-holy-grail_help-from-beyond"", ""reverse"": ""monty-python-and-the-holy-grail_card-back""}","{""name_printed"": ""Help from Beyond"", ""rarity"": ""Rare"", ""number"": ""137"", ""type"": ""Event"", ""item_dimensions"": ""{\u0022height\u0022: \u00223.5\u0022, \u0022width\u0022: \u00222.5\u0022, \u0022unit\u0022: \u0022inch\u0022}""}",8ad40f3e-887a-40a6-b6b3-61eb66161ef4,6044a07c-4719-4505-bac3-d5356dc2e3a0,Help from Beyond,Help from Beyond,{},monty-python-and-the-holy-grail_monty-python-and-the-holy-grail_help-from-beyond
ac1201ed-adef-41b8-924d-b6b7d6a00e23,first-party-document,0,0,"{""obverse"": ""monty-python-and-the-holy-grail_monty-python-and-the-holy-grail_prince-herbert"", ""reverse"": ""monty-python-and-the-holy-grail_card-back""}","{""name_printed"": ""Prince Herbert"", ""rarity"": ""Uncommon"", ""number"": ""138"", ""type"": ""Persona"", ""item_dimensions"": ""{\u0022height\u0022: \u00223.5\u0022, \u0022width\u0022: \u00222.5\u0022, \u0022unit\u0022: \u0022inch\u0022}""}",8ad40f3e-887a-40a6-b6b3-61eb66161ef4,6044a07c-4719-4505-bac3-d5356dc2e3a0,Prince Herbert,Prince Herbert,{},monty-python-and-the-holy-grail_monty-python-and-the-holy-grail_prince-herbert
cd89cf82-3813-465c-9986-4a1f5094cf34,first-party-document,0,0,"{""obverse"": ""monty-python-and-the-holy-grail_monty-python-and-the-holy-grail_historian's-wife"", ""reverse"": ""monty-python-and-the-holy-grail_card-back""}","{""name_printed"": ""Historian's Wife"", ""rarity"": ""Rare"", ""number"": ""139"", ""type"": ""Persona"", ""item_dimensions"": ""{\u0022height\u0022: \u00223.5\u0022, \u0022width\u0022: \u00222.5\u0022, \u0022unit\u0022: \u0022inch\u0022}""}",8ad40f3e-887a-40a6-b6b3-61eb66161ef4,6044a07c-4719-4505-bac3-d5356dc2e3a0,Historian's Wife,Historian's Wife,{},monty-python-and-the-holy-grail_monty-python-and-the-holy-grail_historian's-wife
c6c6efad-0e21-4b92-ab73-25407e4c61ea,first-party-document,0,0,"{""obverse"": ""monty-python-and-the-holy-grail_monty-python-and-the-holy-grail_hoard-of-young-virgins"", ""reverse"": ""monty-python-and-the-holy-grail_card-back""}","{""name_printed"": ""Hoard of Young Virgins"", ""rarity"": ""Uncommon"", ""number"": ""140"", ""type"": ""Adversary"", ""item_dimensions"": ""{\u0022height\u0022: \u00223.5\u0022, \u0022width\u0022: \u00222.5\u0022, \u0022unit\u0022: \u0022inch\u0022}""}",8ad40f3e-887a-40a6-b6b3-61eb66161ef4,6044a07c-4719-4505-bac3-d5356dc2e3a0,Hoard of Young Virgins,Hoard of Young Virgins,{},monty-python-and-the-holy-grail_monty-python-and-the-holy-grail_hoard-of-young-virgins
9f686691-2483-4c50-9650-83cc761d240b,first-party-document,0,0,"{""obverse"": ""monty-python-and-the-holy-grail_monty-python-and-the-holy-grail_the-holy-hand-grenade-of-antioch"", ""reverse"": ""monty-python-and-the-holy-grail_card-back""}","{""name_printed"": ""The Holy Hand Grenade of Antioch"", ""rarity"": ""Rare"", ""number"": ""142"", ""type"": ""Item"", ""item_dimensions"": ""{\u0022height\u0022: \u00223.5\u0022, \u0022width\u0022: \u00222.5\u0022, \u0022unit\u0022: \u0022inch\u0022}""}",8ad40f3e-887a-40a6-b6b3-61eb66161ef4,6044a07c-4719-4505-bac3-d5356dc2e3a0,The Holy Hand Grenade of Antioch,The Holy Hand Grenade of Antioch,{},monty-python-and-the-holy-grail_monty-python-and-the-holy-grail_the-holy-hand-grenade-of-antioch
024cffc3-6f26-4544-afdd-85e53a02e85b,first-party-document,0,0,"{""obverse"": ""monty-python-and-the-holy-grail_monty-python-and-the-holy-grail_holy-men"", ""reverse"": ""monty-python-and-the-holy-grail_card-back""}","{""name_printed"": ""Holy Men"", ""rarity"": ""Rare"", ""number"": ""143"", ""type"": ""Event"", ""item_dimensions"": ""{\u0022height\u0022: \u00223.5\u0022, \u0022width\u0022: \u00222.5\u0022, \u0022unit\u0022: \u0022inch\u0022}""}",8ad40f3e-887a-40a6-b6b3-61eb66161ef4,6044a07c-4719-4505-bac3-d5356dc2e3a0,Holy Men,Holy Men,{},monty-python-and-the-holy-grail_monty-python-and-the-holy-grail_holy-men
0e63ea9e-767a-47bc-b557-ea541afa0498,first-party-document,0,0,"{""obverse"": ""monty-python-and-the-holy-grail_monty-python-and-the-holy-grail_hue-the-knight-perilous"", ""reverse"": ""monty-python-and-the-holy-grail_card-back""}","{""name_printed"": ""Hue the Knight Perilous"", ""rarity"": ""Common"", ""number"": ""144"", ""type"": ""Adversary"", ""item_dimensions"": ""{\u0022height\u0022: \u00223.5\u0022, \u0022width\u0022: \u00222.5\u0022, \u0022unit\u0022: \u0022inch\u0022}""}",8ad40f3e-887a-40a6-b6b3-61eb66161ef4,6044a07c-4719-4505-bac3-d5356dc2e3a0,Hue the Knight Perilous,Hue the Knight Perilous,{},monty-python-and-the-holy-grail_monty-python-and-the-holy-grail_hue-the-knight-perilous
fdae37f0-b9dc-4edc-ad5d-83dafe20bd09,first-party-document,0,0,"{""obverse"": ""monty-python-and-the-holy-grail_monty-python-and-the-holy-grail_humphrey-the-page"", ""reverse"": ""monty-python-and-the-holy-grail_card-back""}","{""name_printed"": ""Humphrey the Page"", ""rarity"": ""Common"", ""number"": ""145"", ""type"": ""Page"", ""item_dimensions"": ""{\u0022height\u0022: \u00223.5\u0022, \u0022width\u0022: \u00222.5\u0022, \u0022unit\u0022: \u0022inch\u0022}""}",8ad40f3e-887a-40a6-b6b3-61eb66161ef4,6044a07c-4719-4505-bac3-d5356dc2e3a0,Humphrey the Page,Humphrey the Page,{},monty-python-and-the-holy-grail_monty-python-and-the-holy-grail_humphrey-the-page
5dbc250c-d4c0-454a-835a-87167597706a,first-party-document,0,0,"{""obverse"": ""monty-python-and-the-holy-grail_monty-python-and-the-holy-grail_i'm-not-dead-yet"", ""reverse"": ""monty-python-and-the-holy-grail_card-back""}","{""name_printed"": ""I'm Not Dead Yet"", ""rarity"": ""Rare"", ""number"": ""146"", ""type"": ""Event"", ""item_dimensions"": ""{\u0022height\u0022: \u00223.5\u0022, \u0022width\u0022: \u00222.5\u0022, \u0022unit\u0022: \u0022inch\u0022}""}",8ad40f3e-887a-40a6-b6b3-61eb66161ef4,6044a07c-4719-4505-bac3-d5356dc2e3a0,I'm Not Dead Yet,I'm Not Dead Yet,{},monty-python-and-the-holy-grail_monty-python-and-the-holy-grail_i'm-not-dead-yet
7430adda-72a7-4d36-bdaf-b27282fd3d97,first-party-document,0,0,"{""obverse"": ""monty-python-and-the-holy-grail_monty-python-and-the-holy-grail_ian-the-page"", ""reverse"": ""monty-python-and-the-holy-grail_card-back""}","{""name_printed"": ""Ian the Page"", ""rarity"": ""Common"", ""number"": ""147"", ""type"": ""Page"", ""item_dimensions"": ""{\u0022height\u0022: \u00223.5\u0022, \u0022width\u0022: \u00222.5\u0022, \u0022unit\u0022: \u0022inch\u0022}""}",8ad40f3e-887a-40a6-b6b3-61eb66161ef4,6044a07c-4719-4505-bac3-d5356dc2e3a0,Ian the Page,Ian the Page,{},monty-python-and-the-holy-grail_monty-python-and-the-holy-grail_ian-the-page
b0e57e50-0527-47e7-93fd-c1b703afb159,first-party-document,0,0,"{""obverse"": ""monty-python-and-the-holy-grail_monty-python-and-the-holy-grail_idiom"", ""reverse"": ""monty-python-and-the-holy-grail_card-back""}","{""name_printed"": ""Idiom"", ""rarity"": ""Uncommon"", ""number"": ""148"", ""type"": ""Event"", ""item_dimensions"": ""{\u0022height\u0022: \u00223.5\u0022, \u0022width\u0022: \u00222.5\u0022, \u0022unit\u0022: \u0022inch\u0022}""}",8ad40f3e-887a-40a6-b6b3-61eb66161ef4,6044a07c-4719-4505-bac3-d5356dc2e3a0,Idiom,Idiom,{},monty-python-and-the-holy-grail_monty-python-and-the-holy-grail_idiom
020bb1f1-0697-4312-abab-6e6bbadc3f86,first-party-document,0,0,"{""obverse"": ""monty-python-and-the-holy-grail_monty-python-and-the-holy-grail_impaled"", ""reverse"": ""monty-python-and-the-holy-grail_card-back""}","{""name_printed"": ""Impaled"", ""rarity"": ""Rare"", ""number"": ""149"", ""type"": ""Event"", ""item_dimensions"": ""{\u0022height\u0022: \u00223.5\u0022, \u0022width\u0022: \u00222.5\u0022, \u0022unit\u0022: \u0022inch\u0022}""}",8ad40f3e-887a-40a6-b6b3-61eb66161ef4,6044a07c-4719-4505-bac3-d5356dc2e3a0,Impaled,Impaled,{},monty-python-and-the-holy-grail_monty-python-and-the-holy-grail_impaled
a89bd467-295a-49bb-a1d2-dbb9db7c72ee,first-party-document,0,0,"{""obverse"": ""monty-python-and-the-holy-grail_monty-python-and-the-holy-grail_impass"", ""reverse"": ""monty-python-and-the-holy-grail_card-back""}","{""name_printed"": ""Impass"", ""rarity"": ""Uncommon"", ""number"": ""150"", ""type"": ""Event"", ""item_dimensions"": ""{\u0022height\u0022: \u00223.5\u0022, \u0022width\u0022: \u00222.5\u0022, \u0022unit\u0022: \u0022inch\u0022}""}",8ad40f3e-887a-40a6-b6b3-61eb66161ef4,6044a07c-4719-4505-bac3-d5356dc2e3a0,Impass,Impass,{},monty-python-and-the-holy-grail_monty-python-and-the-holy-grail_impass
2615853d-8ed7-4ad4-be3b-65f627de38df,first-party-document,0,0,"{""obverse"": ""monty-python-and-the-holy-grail_monty-python-and-the-holy-grail_impostor"", ""reverse"": ""monty-python-and-the-holy-grail_card-back""}","{""name_printed"": ""Impostor"", ""rarity"": ""Common"", ""number"": ""151"", ""type"": ""Event"", ""item_dimensions"": ""{\u0022height\u0022: \u00223.5\u0022, \u0022width\u0022: \u00222.5\u0022, \u0022unit\u0022: \u0022inch\u0022}""}",8ad40f3e-887a-40a6-b6b3-61eb66161ef4,6044a07c-4719-4505-bac3-d5356dc2e3a0,Impostor,Impostor,{},monty-python-and-the-holy-grail_monty-python-and-the-holy-grail_impostor
20ba197b-2b69-4fbd-8dd0-4bd98d8e20cf,first-party-document,0,0,"{""obverse"": ""monty-python-and-the-holy-grail_monty-python-and-the-holy-grail_imprisoned"", ""reverse"": ""monty-python-and-the-holy-grail_card-back""}","{""name_printed"": ""Imprisoned"", ""rarity"": ""Uncommon"", ""number"": ""152"", ""type"": ""Event"", ""item_dimensions"": ""{\u0022height\u0022: \u00223.5\u0022, \u0022width\u0022: \u00222.5\u0022, \u0022unit\u0022: \u0022inch\u0022}""}",8ad40f3e-887a-40a6-b6b3-61eb66161ef4,6044a07c-4719-4505-bac3-d5356dc2e3a0,Imprisoned,Imprisoned,{},monty-python-and-the-holy-grail_monty-python-and-the-holy-grail_imprisoned
d7af72f4-c3b3-4059-856a-296d93433171,first-party-document,0,0,"{""obverse"": ""monty-python-and-the-holy-grail_monty-python-and-the-holy-grail_inferior"", ""reverse"": ""monty-python-and-the-holy-grail_card-back""}","{""name_printed"": ""Inferior"", ""rarity"": ""Uncommon"", ""number"": ""153"", ""type"": ""Event"", ""item_dimensions"": ""{\u0022height\u0022: \u00223.5\u0022, \u0022width\u0022: \u00222.5\u0022, \u0022unit\u0022: \u0022inch\u0022}""}",8ad40f3e-887a-40a6-b6b3-61eb66161ef4,6044a07c-4719-4505-bac3-d5356dc2e3a0,Inferior,Inferior,{},monty-python-and-the-holy-grail_monty-python-and-the-holy-grail_inferior
24f59361-038d-4283-85ac-940ed1a2712b,first-party-document,0,0,"{""obverse"": ""monty-python-and-the-holy-grail_monty-python-and-the-holy-grail_inferiority"", ""reverse"": ""monty-python-and-the-holy-grail_card-back""}","{""name_printed"": ""Inferiority"", ""rarity"": ""Uncommon"", ""number"": ""154"", ""type"": ""Taunt"", ""item_dimensions"": ""{\u0022height\u0022: \u00223.5\u0022, \u0022width\u0022: \u00222.5\u0022, \u0022unit\u0022: \u0022inch\u0022}""}",8ad40f3e-887a-40a6-b6b3-61eb66161ef4,6044a07c-4719-4505-bac3-d5356dc2e3a0,Inferiority,Inferiority,{},monty-python-and-the-holy-grail_monty-python-and-the-holy-grail_inferiority
7e0d4c46-488e-4504-9280-c9048e3f4d38,first-party-document,0,0,"{""obverse"": ""monty-python-and-the-holy-grail_monty-python-and-the-holy-grail_infighting"", ""reverse"": ""monty-python-and-the-holy-grail_card-back""}","{""name_printed"": ""Infighting"", ""rarity"": ""Rare"", ""number"": ""155"", ""type"": ""Event"", ""item_dimensions"": ""{\u0022height\u0022: \u00223.5\u0022, \u0022width\u0022: \u00222.5\u0022, \u0022unit\u0022: \u0022inch\u0022}""}",8ad40f3e-887a-40a6-b6b3-61eb66161ef4,6044a07c-4719-4505-bac3-d5356dc2e3a0,Infighting,Infighting,{},monty-python-and-the-holy-grail_monty-python-and-the-holy-grail_infighting
d8f830ea-d08f-4d5c-bce7-fd502241abd1,first-party-document,0,0,"{""obverse"": ""monty-python-and-the-holy-grail_monty-python-and-the-holy-grail_injustice"", ""reverse"": ""monty-python-and-the-holy-grail_card-back""}","{""name_printed"": ""Injustice"", ""rarity"": ""Rare"", ""number"": ""156"", ""type"": ""Event"", ""item_dimensions"": ""{\u0022height\u0022: \u00223.5\u0022, \u0022width\u0022: \u00222.5\u0022, \u0022unit\u0022: \u0022inch\u0022}""}",8ad40f3e-887a-40a6-b6b3-61eb66161ef4,6044a07c-4719-4505-bac3-d5356dc2e3a0,Injustice,Injustice,{},monty-python-and-the-holy-grail_monty-python-and-the-holy-grail_injustice
1087e3c2-01f3-4c7a-b2c0-5e545be98bcd,first-party-document,0,0,"{""obverse"": ""monty-python-and-the-holy-grail_monty-python-and-the-holy-grail_intermission"", ""reverse"": ""monty-python-and-the-holy-grail_card-back""}","{""name_printed"": ""Intermission"", ""rarity"": ""Rare"", ""number"": ""157"", ""type"": ""Event"", ""item_dimensions"": ""{\u0022height\u0022: \u00223.5\u0022, \u0022width\u0022: \u00222.5\u0022, \u0022unit\u0022: \u0022inch\u0022}""}",8ad40f3e-887a-40a6-b6b3-61eb66161ef4,6044a07c-4719-4505-bac3-d5356dc2e3a0,Intermission,Intermission,{},monty-python-and-the-holy-grail_monty-python-and-the-holy-grail_intermission
718eb0e1-a23e-4532-91b6-ed30a1200ee3,first-party-document,0,0,"{""obverse"": ""monty-python-and-the-holy-grail_monty-python-and-the-holy-grail_castle-jagent"", ""reverse"": ""monty-python-and-the-holy-grail_card-back""}","{""name_printed"": ""Castle Jagent"", ""rarity"": ""Rare"", ""number"": ""158"", ""type"": ""Castle"", ""item_dimensions"": ""{\u0022height\u0022: \u00223.5\u0022, \u0022width\u0022: \u00222.5\u0022, \u0022unit\u0022: \u0022inch\u0022}""}",8ad40f3e-887a-40a6-b6b3-61eb66161ef4,6044a07c-4719-4505-bac3-d5356dc2e3a0,Castle Jagent,Castle Jagent,{},monty-python-and-the-holy-grail_monty-python-and-the-holy-grail_castle-jagent
cfce2010-4c3d-4e97-9bc1-a8b06c25d47b,first-party-document,0,0,"{""obverse"": ""monty-python-and-the-holy-grail_monty-python-and-the-holy-grail_jimmy-the-page"", ""reverse"": ""monty-python-and-the-holy-grail_card-back""}","{""name_printed"": ""Jimmy the Page"", ""rarity"": ""Rare"", ""number"": ""159"", ""type"": ""Page"", ""item_dimensions"": ""{\u0022height\u0022: \u00223.5\u0022, \u0022width\u0022: \u00222.5\u0022, \u0022unit\u0022: \u0022inch\u0022}""}",8ad40f3e-887a-40a6-b6b3-61eb66161ef4,6044a07c-4719-4505-bac3-d5356dc2e3a0,Jimmy the Page,Jimmy the Page,{},monty-python-and-the-holy-grail_monty-python-and-the-holy-grail_jimmy-the-page
6d172161-17c7-4028-851b-5198d86aac77,first-party-document,0,0,"{""obverse"": ""monty-python-and-the-holy-grail_monty-python-and-the-holy-grail_sir-kay"", ""reverse"": ""monty-python-and-the-holy-grail_card-back""}","{""name_printed"": ""Sir Kay"", ""rarity"": ""Rare"", ""number"": ""160"", ""type"": ""Knight"", ""item_dimensions"": ""{\u0022height\u0022: \u00223.5\u0022, \u0022width\u0022: \u00222.5\u0022, \u0022unit\u0022: \u0022inch\u0022}""}",8ad40f3e-887a-40a6-b6b3-61eb66161ef4,6044a07c-4719-4505-bac3-d5356dc2e3a0,Sir Kay,Sir Kay,{},monty-python-and-the-holy-grail_monty-python-and-the-holy-grail_sir-kay
8cd8e27b-5e04-4e96-a9fd-9ea68bc68cde,first-party-document,0,0,"{""obverse"": ""monty-python-and-the-holy-grail_monty-python-and-the-holy-grail_killer-rabbit"", ""reverse"": ""monty-python-and-the-holy-grail_card-back""}","{""name_printed"": ""Killer Rabbit"", ""rarity"": ""Rare"", ""number"": ""161"", ""type"": ""Adversary"", ""item_dimensions"": ""{\u0022height\u0022: \u00223.5\u0022, \u0022width\u0022: \u00222.5\u0022, \u0022unit\u0022: \u0022inch\u0022}""}",8ad40f3e-887a-40a6-b6b3-61eb66161ef4,6044a07c-4719-4505-bac3-d5356dc2e3a0,Killer Rabbit,Killer Rabbit,{},monty-python-and-the-holy-grail_monty-python-and-the-holy-grail_killer-rabbit
39cd2b6a-148a-4f17-a388-5254a3e09a41,first-party-document,0,0,"{""obverse"": ""monty-python-and-the-holy-grail_monty-python-and-the-holy-grail_knights-of-the-round-table-song,-verse-i"", ""reverse"": ""monty-python-and-the-holy-grail_card-back""}","{""name_printed"": ""Knights of the Round Table Song, verse I"", ""rarity"": ""Common"", ""number"": ""162"", ""type"": ""Song"", ""item_dimensions"": ""{\u0022height\u0022: \u00223.5\u0022, \u0022width\u0022: \u00222.5\u0022, \u0022unit\u0022: \u0022inch\u0022}""}",8ad40f3e-887a-40a6-b6b3-61eb66161ef4,6044a07c-4719-4505-bac3-d5356dc2e3a0,"Knights of the Round Table Song, verse I","Knights of the Round Table Song, verse I",{},"monty-python-and-the-holy-grail_monty-python-and-the-holy-grail_knights-of-the-round-table-song,-verse-i"
73c6920c-8e86-47d0-b5ed-a61f2ef223e4,item,1,0,"{""obverse"": ""monty-python-and-the-holy-grail_monty-python-and-the-holy-grail_knights-of-the-round-table-song,-verse-ii"", ""reverse"": ""monty-python-and-the-holy-grail_card-back""}","{""name_printed"": ""Knights of the Round Table Song, verse II"", ""rarity"": ""Uncommon"", ""number"": ""163"", ""type"": ""Song"", ""item_dimensions"": ""{\u0022height\u0022: \u00223.5\u0022, \u0022width\u0022: \u00222.5\u0022, \u0022unit\u0022: \u0022inch\u0022}""}",8ad40f3e-887a-40a6-b6b3-61eb66161ef4,6044a07c-4719-4505-bac3-d5356dc2e3a0,"Knights of the Round Table Song, verse II","Knights of the Round Table Song, verse II",{},"monty-python-and-the-holy-grail_monty-python-and-the-holy-grail_knights-of-the-round-table-song,-verse-ii"
61571ccb-2a6a-44bc-b9c7-400d65f3dabe,item,1,0,"{""obverse"": ""monty-python-and-the-holy-grail_monty-python-and-the-holy-grail_knights-of-the-round-table-song,-verse-iii"", ""reverse"": ""monty-python-and-the-holy-grail_card-back""}","{""name_printed"": ""Knights of the Round Table Song, verse III"", ""rarity"": ""Common"", ""number"": ""164"", ""type"": ""Song"", ""item_dimensions"": ""{\u0022height\u0022: \u00223.5\u0022, \u0022width\u0022: \u00222.5\u0022, \u0022unit\u0022: \u0022inch\u0022}""}",8ad40f3e-887a-40a6-b6b3-61eb66161ef4,6044a07c-4719-4505-bac3-d5356dc2e3a0,"Knights of the Round Table Song, verse III","Knights of the Round Table Song, verse III",{},"monty-python-and-the-holy-grail_monty-python-and-the-holy-grail_knights-of-the-round-table-song,-verse-iii"
41dc824a-7c96-4d39-be1e-4a764c9e64e0,first-party-document,0,0,"{""obverse"": ""monty-python-and-the-holy-grail_monty-python-and-the-holy-grail_knights-who-say-ni"", ""reverse"": ""monty-python-and-the-holy-grail_card-back""}","{""name_printed"": ""Knights Who Say Ni"", ""rarity"": ""Uncommon"", ""number"": ""165"", ""type"": ""Adversary"", ""item_dimensions"": ""{\u0022height\u0022: \u00223.5\u0022, \u0022width\u0022: \u00222.5\u0022, \u0022unit\u0022: \u0022inch\u0022}""}",8ad40f3e-887a-40a6-b6b3-61eb66161ef4,6044a07c-4719-4505-bac3-d5356dc2e3a0,Knights Who Say Ni,Knights Who Say Ni,{},monty-python-and-the-holy-grail_monty-python-and-the-holy-grail_knights-who-say-ni
9e8fea6d-ea17-4a18-aaab-71a85fb3f782,first-party-document,0,0,"{""obverse"": ""monty-python-and-the-holy-grail_monty-python-and-the-holy-grail_knock-it-off"", ""reverse"": ""monty-python-and-the-holy-grail_card-back""}","{""name_printed"": ""Knock it Off"", ""rarity"": ""Uncommon"", ""number"": ""166"", ""type"": ""Event"", ""item_dimensions"": ""{\u0022height\u0022: \u00223.5\u0022, \u0022width\u0022: \u00222.5\u0022, \u0022unit\u0022: \u0022inch\u0022}""}",8ad40f3e-887a-40a6-b6b3-61eb66161ef4,6044a07c-4719-4505-bac3-d5356dc2e3a0,Knock it Off,Knock it Off,{},monty-python-and-the-holy-grail_monty-python-and-the-holy-grail_knock-it-off
c0311d27-4797-4dd9-a2b2-7535c7d30b30,first-party-document,0,0,"{""obverse"": ""monty-python-and-the-holy-grail_monty-python-and-the-holy-grail_la-vache"", ""reverse"": ""monty-python-and-the-holy-grail_card-back""}","{""name_printed"": ""La Vache"", ""rarity"": ""Rare"", ""number"": ""167"", ""type"": ""Event"", ""item_dimensions"": ""{\u0022height\u0022: \u00223.5\u0022, \u0022width\u0022: \u00222.5\u0022, \u0022unit\u0022: \u0022inch\u0022}""}",8ad40f3e-887a-40a6-b6b3-61eb66161ef4,6044a07c-4719-4505-bac3-d5356dc2e3a0,La Vache,La Vache,{},monty-python-and-the-holy-grail_monty-python-and-the-holy-grail_la-vache
bc121789-1b79-4438-9a69-3a6988d3fab1,first-party-document,0,0,"{""obverse"": ""monty-python-and-the-holy-grail_monty-python-and-the-holy-grail_lady-of-the-lake"", ""reverse"": ""monty-python-and-the-holy-grail_card-back""}","{""name_printed"": ""Lady of the Lake"", ""rarity"": ""Uncommon"", ""number"": ""168"", ""type"": ""Event"", ""item_dimensions"": ""{\u0022height\u0022: \u00223.5\u0022, \u0022width\u0022: \u00222.5\u0022, \u0022unit\u0022: \u0022inch\u0022}""}",8ad40f3e-887a-40a6-b6b3-61eb66161ef4,6044a07c-4719-4505-bac3-d5356dc2e3a0,Lady of the Lake,Lady of the Lake,{},monty-python-and-the-holy-grail_monty-python-and-the-holy-grail_lady-of-the-lake
c064cd65-81fb-49ab-873a-8c8709078ee1,item,1,0,"{""obverse"": ""monty-python-and-the-holy-grail_monty-python-and-the-holy-grail_sir-lancelot-the-brave"", ""reverse"": ""monty-python-and-the-holy-grail_card-back""}","{""name_printed"": ""Sir Lancelot the Brave"", ""rarity"": ""Fixed"", ""number"": ""169"", ""type"": ""Knight"", ""item_dimensions"": ""{\u0022height\u0022: \u00223.5\u0022, \u0022width\u0022: \u00222.5\u0022, \u0022unit\u0022: \u0022inch\u0022}""}",8ad40f3e-887a-40a6-b6b3-61eb66161ef4,6044a07c-4719-4505-bac3-d5356dc2e3a0,Sir Lancelot the Brave,Sir Lancelot the Brave,{},monty-python-and-the-holy-grail_monty-python-and-the-holy-grail_sir-lancelot-the-brave
a49df861-d94b-4758-a796-978c8f30f359,first-party-document,0,0,"{""obverse"": ""monty-python-and-the-holy-grail_monty-python-and-the-holy-grail_last-chance"", ""reverse"": ""monty-python-and-the-holy-grail_card-back""}","{""name_printed"": ""Last Chance"", ""rarity"": ""Rare"", ""number"": ""170"", ""type"": ""Event"", ""item_dimensions"": ""{\u0022height\u0022: \u00223.5\u0022, \u0022width\u0022: \u00222.5\u0022, \u0022unit\u0022: \u0022inch\u0022}""}",8ad40f3e-887a-40a6-b6b3-61eb66161ef4,6044a07c-4719-4505-bac3-d5356dc2e3a0,Last Chance,Last Chance,{},monty-python-and-the-holy-grail_monty-python-and-the-holy-grail_last-chance
555c2311-6044-4b95-a8d2-70d56c81ca2d,first-party-document,0,0,"{""obverse"": ""monty-python-and-the-holy-grail_monty-python-and-the-holy-grail_left-behind"", ""reverse"": ""monty-python-and-the-holy-grail_card-back""}","{""name_printed"": ""Left Behind"", ""rarity"": ""Rare"", ""number"": ""171"", ""type"": ""Event"", ""item_dimensions"": ""{\u0022height\u0022: \u00223.5\u0022, \u0022width\u0022: \u00222.5\u0022, \u0022unit\u0022: \u0022inch\u0022}""}",8ad40f3e-887a-40a6-b6b3-61eb66161ef4,6044a07c-4719-4505-bac3-d5356dc2e3a0,Left Behind,Left Behind,{},monty-python-and-the-holy-grail_monty-python-and-the-holy-grail_left-behind
23b38e7e-da17-41f9-9ee7-920eac52c3a1,first-party-document,0,0,"{""obverse"": ""monty-python-and-the-holy-grail_monty-python-and-the-holy-grail_legendary-black-beast"", ""reverse"": ""monty-python-and-the-holy-grail_card-back""}","{""name_printed"": ""Legendary Black Beast"", ""rarity"": ""Uncommon"", ""number"": ""172"", ""type"": ""Adversary"", ""item_dimensions"": ""{\u0022height\u0022: \u00223.5\u0022, \u0022width\u0022: \u00222.5\u0022, \u0022unit\u0022: \u0022inch\u0022}""}",8ad40f3e-887a-40a6-b6b3-61eb66161ef4,6044a07c-4719-4505-bac3-d5356dc2e3a0,Legendary Black Beast,Legendary Black Beast,{},monty-python-and-the-holy-grail_monty-python-and-the-holy-grail_legendary-black-beast
a22ba8b3-daa9-47ae-b9b5-19c57a1979fb,first-party-document,0,0,"{""obverse"": ""monty-python-and-the-holy-grail_monty-python-and-the-holy-grail_let's-be-nice-to-him"", ""reverse"": ""monty-python-and-the-holy-grail_card-back""}","{""name_printed"": ""Let's Be Nice to Him"", ""rarity"": ""Rare"", ""number"": ""173"", ""type"": ""Event"", ""item_dimensions"": ""{\u0022height\u0022: \u00223.5\u0022, \u0022width\u0022: \u00222.5\u0022, \u0022unit\u0022: \u0022inch\u0022}""}",8ad40f3e-887a-40a6-b6b3-61eb66161ef4,6044a07c-4719-4505-bac3-d5356dc2e3a0,Let's Be Nice to Him,Let's Be Nice to Him,{},monty-python-and-the-holy-grail_monty-python-and-the-holy-grail_let's-be-nice-to-him
113c6fda-00bf-4a85-a0da-8b7eab253c32,first-party-document,0,0,"{""obverse"": ""monty-python-and-the-holy-grail_monty-python-and-the-holy-grail_lie"", ""reverse"": ""monty-python-and-the-holy-grail_card-back""}","{""name_printed"": ""Lie"", ""rarity"": ""Rare"", ""number"": ""174"", ""type"": ""Event"", ""item_dimensions"": ""{\u0022height\u0022: \u00223.5\u0022, \u0022width\u0022: \u00222.5\u0022, \u0022unit\u0022: \u0022inch\u0022}""}",8ad40f3e-887a-40a6-b6b3-61eb66161ef4,6044a07c-4719-4505-bac3-d5356dc2e3a0,Lie,Lie,{},monty-python-and-the-holy-grail_monty-python-and-the-holy-grail_lie
b2aace94-2e26-470c-b7fa-953f8850c670,first-party-document,0,0,"{""obverse"": ""monty-python-and-the-holy-grail_monty-python-and-the-holy-grail_sir-lionel"", ""reverse"": ""monty-python-and-the-holy-grail_card-back""}","{""name_printed"": ""Sir Lionel"", ""rarity"": ""Rare"", ""number"": ""175"", ""type"": ""Knight"", ""item_dimensions"": ""{\u0022height\u0022: \u00223.5\u0022, \u0022width\u0022: \u00222.5\u0022, \u0022unit\u0022: \u0022inch\u0022}""}",8ad40f3e-887a-40a6-b6b3-61eb66161ef4,6044a07c-4719-4505-bac3-d5356dc2e3a0,Sir Lionel,Sir Lionel,{},monty-python-and-the-holy-grail_monty-python-and-the-holy-grail_sir-lionel
652dd1b9-eb09-4722-89af-3241f20326a0,first-party-document,0,0,"{""obverse"": ""monty-python-and-the-holy-grail_monty-python-and-the-holy-grail_land-of-listenoise"", ""reverse"": ""monty-python-and-the-holy-grail_card-back""}","{""name_printed"": ""Land of Listenoise"", ""rarity"": ""Rare"", ""number"": ""176"", ""type"": ""Land"", ""item_dimensions"": ""{\u0022height\u0022: \u00223.5\u0022, \u0022width\u0022: \u00222.5\u0022, \u0022unit\u0022: \u0022inch\u0022}""}",8ad40f3e-887a-40a6-b6b3-61eb66161ef4,6044a07c-4719-4505-bac3-d5356dc2e3a0,Land of Listenoise,Land of Listenoise,{},monty-python-and-the-holy-grail_monty-python-and-the-holy-grail_land-of-listenoise
a442b700-47a6-478a-97aa-2f2e072ec912,item,1,0,"{""obverse"": ""monty-python-and-the-holy-grail_monty-python-and-the-holy-grail_the-land-of-logres"", ""reverse"": ""monty-python-and-the-holy-grail_card-back""}","{""name_printed"": ""The Land of Logres"", ""rarity"": ""Common"", ""number"": ""177"", ""type"": ""Land"", ""item_dimensions"": ""{\u0022height\u0022: \u00223.5\u0022, \u0022width\u0022: \u00222.5\u0022, \u0022unit\u0022: \u0022inch\u0022}""}",8ad40f3e-887a-40a6-b6b3-61eb66161ef4,6044a07c-4719-4505-bac3-d5356dc2e3a0,The Land of Logres,The Land of Logres,{},monty-python-and-the-holy-grail_monty-python-and-the-holy-grail_the-land-of-logres
f056dfcb-816f-4932-b4ea-f237db85b4ec,first-party-document,0,0,"{""obverse"": ""monty-python-and-the-holy-grail_monty-python-and-the-holy-grail_land-of-lothian"", ""reverse"": ""monty-python-and-the-holy-grail_card-back""}","{""name_printed"": ""Land of Lothian"", ""rarity"": ""Rare"", ""number"": ""178"", ""type"": ""Land"", ""item_dimensions"": ""{\u0022height\u0022: \u00223.5\u0022, \u0022width\u0022: \u00222.5\u0022, \u0022unit\u0022: \u0022inch\u0022}""}",8ad40f3e-887a-40a6-b6b3-61eb66161ef4,6044a07c-4719-4505-bac3-d5356dc2e3a0,Land of Lothian,Land of Lothian,{},monty-python-and-the-holy-grail_monty-python-and-the-holy-grail_land-of-lothian
b3a23bf0-bb37-4eb2-8cfa-143d5dbc49f5,first-party-document,0,0,"{""obverse"": ""monty-python-and-the-holy-grail_monty-python-and-the-holy-grail_lucky-shot"", ""reverse"": ""monty-python-and-the-holy-grail_card-back""}","{""name_printed"": ""Lucky Shot"", ""rarity"": ""Uncommon"", ""number"": ""179"", ""type"": ""Event"", ""item_dimensions"": ""{\u0022height\u0022: \u00223.5\u0022, \u0022width\u0022: \u00222.5\u0022, \u0022unit\u0022: \u0022inch\u0022}""}",8ad40f3e-887a-40a6-b6b3-61eb66161ef4,6044a07c-4719-4505-bac3-d5356dc2e3a0,Lucky Shot,Lucky Shot,{},monty-python-and-the-holy-grail_monty-python-and-the-holy-grail_lucky-shot
d19786cf-5203-45c5-80f4-0d45c1b4616c,first-party-document,0,0,"{""obverse"": ""monty-python-and-the-holy-grail_monty-python-and-the-holy-grail_mack-the-page"", ""reverse"": ""monty-python-and-the-holy-grail_card-back""}","{""name_printed"": ""Mack the Page"", ""rarity"": ""Rare"", ""number"": ""180"", ""type"": ""Page"", ""item_dimensions"": ""{\u0022height\u0022: \u00223.5\u0022, \u0022width\u0022: \u00222.5\u0022, \u0022unit\u0022: \u0022inch\u0022}""}",8ad40f3e-887a-40a6-b6b3-61eb66161ef4,6044a07c-4719-4505-bac3-d5356dc2e3a0,Mack the Page,Mack the Page,{},monty-python-and-the-holy-grail_monty-python-and-the-holy-grail_mack-the-page
ce33b613-ff51-45e5-9c8a-ae9639e95087,first-party-document,0,0,"{""obverse"": ""monty-python-and-the-holy-grail_monty-python-and-the-holy-grail_maggy-the-page"", ""reverse"": ""monty-python-and-the-holy-grail_card-back""}","{""name_printed"": ""Maggy the Page"", ""rarity"": ""Common"", ""number"": ""181"", ""type"": ""Page"", ""item_dimensions"": ""{\u0022height\u0022: \u00223.5\u0022, \u0022width\u0022: \u00222.5\u0022, \u0022unit\u0022: \u0022inch\u0022}""}",8ad40f3e-887a-40a6-b6b3-61eb66161ef4,6044a07c-4719-4505-bac3-d5356dc2e3a0,Maggy the Page,Maggy the Page,{},monty-python-and-the-holy-grail_monty-python-and-the-holy-grail_maggy-the-page
2c01df2e-0d12-4771-bd05-77342adf6734,first-party-document,0,0,"{""obverse"": ""monty-python-and-the-holy-grail_monty-python-and-the-holy-grail_castle-magouns"", ""reverse"": ""monty-python-and-the-holy-grail_card-back""}","{""name_printed"": ""Castle Magouns"", ""rarity"": ""Uncommon"", ""number"": ""182"", ""type"": ""Castle"", ""item_dimensions"": ""{\u0022height\u0022: \u00223.5\u0022, \u0022width\u0022: \u00222.5\u0022, \u0022unit\u0022: \u0022inch\u0022}""}",8ad40f3e-887a-40a6-b6b3-61eb66161ef4,6044a07c-4719-4505-bac3-d5356dc2e3a0,Castle Magouns,Castle Magouns,{},monty-python-and-the-holy-grail_monty-python-and-the-holy-grail_castle-magouns
3d4e4423-0556-4a34-b8db-b6320e43c508,first-party-document,0,0,"{""obverse"": ""monty-python-and-the-holy-grail_monty-python-and-the-holy-grail_major-taunt-(if-an-opponent-has-found-the-holy-grail,)"", ""reverse"": ""monty-python-and-the-holy-grail_card-back""}","{""name_printed"": ""Major Taunt"", ""functional_disambiguator"": ""If an opponent has found the Holy Grail,"", ""rarity"": ""Rare"", ""number"": ""183"", ""type"": ""Taunt"", ""item_dimensions"": ""{\u0022height\u0022: \u00223.5\u0022, \u0022width\u0022: \u00222.5\u0022, \u0022unit\u0022: \u0022inch\u0022}""}",8ad40f3e-887a-40a6-b6b3-61eb66161ef4,6044a07c-4719-4505-bac3-d5356dc2e3a0,"Major Taunt (If an opponent has found the Holy Grail,)","Major Taunt (If an opponent has found the Holy Grail,)",{},"monty-python-and-the-holy-grail_monty-python-and-the-holy-grail_major-taunt-(if-an-opponent-has-found-the-holy-grail,)"
563b2642-c924-4162-ade4-6d75f8599b05,first-party-document,0,0,"{""obverse"": ""monty-python-and-the-holy-grail_monty-python-and-the-holy-grail_major-taunt-(opponent-must-discard-entire-hand-)"", ""reverse"": ""monty-python-and-the-holy-grail_card-back""}","{""name_printed"": ""Major Taunt"", ""functional_disambiguator"": ""Opponent must discard entire hand."", ""rarity"": ""Rare"", ""number"": ""184"", ""type"": ""Taunt"", ""item_dimensions"": ""{\u0022height\u0022: \u00223.5\u0022, \u0022width\u0022: \u00222.5\u0022, \u0022unit\u0022: \u0022inch\u0022}""}",8ad40f3e-887a-40a6-b6b3-61eb66161ef4,6044a07c-4719-4505-bac3-d5356dc2e3a0,Major Taunt (Opponent must discard entire hand.),Major Taunt (Opponent must discard entire hand.),{},monty-python-and-the-holy-grail_monty-python-and-the-holy-grail_major-taunt-(opponent-must-discard-entire-hand-)
090f0249-589a-4c66-a8ee-d7b4f75f505c,first-party-document,0,0,"{""obverse"": ""monty-python-and-the-holy-grail_monty-python-and-the-holy-grail_major-taunt-(opponent-must-send-10-cards)"", ""reverse"": ""monty-python-and-the-holy-grail_card-back""}","{""name_printed"": ""Major Taunt"", ""functional_disambiguator"": ""Opponent must send 10 cards"", ""rarity"": ""Rare"", ""number"": ""185"", ""type"": ""Taunt"", ""item_dimensions"": ""{\u0022height\u0022: \u00223.5\u0022, \u0022width\u0022: \u00222.5\u0022, \u0022unit\u0022: \u0022inch\u0022}""}",8ad40f3e-887a-40a6-b6b3-61eb66161ef4,6044a07c-4719-4505-bac3-d5356dc2e3a0,Major Taunt (Opponent must send 10 cards),Major Taunt (Opponent must send 10 cards),{},monty-python-and-the-holy-grail_monty-python-and-the-holy-grail_major-taunt-(opponent-must-send-10-cards)
326041bb-be84-4927-be1f-6257234a67a8,first-party-document,0,0,"{""obverse"": ""monty-python-and-the-holy-grail_monty-python-and-the-holy-grail_major-taunt-(taunter-may-place-his-arthur)"", ""reverse"": ""monty-python-and-the-holy-grail_card-back""}","{""name_printed"": ""Major Taunt"", ""functional_disambiguator"": ""Taunter may place his Arthur"", ""rarity"": ""Rare"", ""number"": ""186"", ""type"": ""Taunt"", ""item_dimensions"": ""{\u0022height\u0022: \u00223.5\u0022, \u0022width\u0022: \u00222.5\u0022, \u0022unit\u0022: \u0022inch\u0022}""}",8ad40f3e-887a-40a6-b6b3-61eb66161ef4,6044a07c-4719-4505-bac3-d5356dc2e3a0,Major Taunt (Taunter may place his Arthur),Major Taunt (Taunter may place his Arthur),{},monty-python-and-the-holy-grail_monty-python-and-the-holy-grail_major-taunt-(taunter-may-place-his-arthur)
0f166852-5894-4a3e-b2f2-93a4f81dabe7,first-party-document,0,0,"{""obverse"": ""monty-python-and-the-holy-grail_monty-python-and-the-holy-grail_village-of-malehaut"", ""reverse"": ""monty-python-and-the-holy-grail_card-back""}","{""name_printed"": ""Village of Malehaut"", ""rarity"": ""Rare"", ""number"": ""187"", ""type"": ""Village"", ""item_dimensions"": ""{\u0022height\u0022: \u00223.5\u0022, \u0022width\u0022: \u00222.5\u0022, \u0022unit\u0022: \u0022inch\u0022}""}",8ad40f3e-887a-40a6-b6b3-61eb66161ef4,6044a07c-4719-4505-bac3-d5356dc2e3a0,Village of Malehaut,Village of Malehaut,{},monty-python-and-the-holy-grail_monty-python-and-the-holy-grail_village-of-malehaut
65e17f66-04be-4ff9-b5e0-9b05ac66180f,first-party-document,0,0,"{""obverse"": ""monty-python-and-the-holy-grail_monty-python-and-the-holy-grail_kingdom-of-mercia"", ""reverse"": ""monty-python-and-the-holy-grail_card-back""}","{""name_printed"": ""Kingdom of Mercia"", ""rarity"": ""Rare"", ""number"": ""188"", ""type"": ""Land"", ""item_dimensions"": ""{\u0022height\u0022: \u00223.5\u0022, \u0022width\u0022: \u00222.5\u0022, \u0022unit\u0022: \u0022inch\u0022}""}",8ad40f3e-887a-40a6-b6b3-61eb66161ef4,6044a07c-4719-4505-bac3-d5356dc2e3a0,Kingdom of Mercia,Kingdom of Mercia,{},monty-python-and-the-holy-grail_monty-python-and-the-holy-grail_kingdom-of-mercia
5fa9c309-df71-4a64-af1c-8633e68b0fe1,first-party-document,0,0,"{""obverse"": ""monty-python-and-the-holy-grail_monty-python-and-the-holy-grail_message"", ""reverse"": ""monty-python-and-the-holy-grail_card-back""}","{""name_printed"": ""Message"", ""rarity"": ""Common"", ""number"": ""189"", ""type"": ""Event"", ""item_dimensions"": ""{\u0022height\u0022: \u00223.5\u0022, \u0022width\u0022: \u00222.5\u0022, \u0022unit\u0022: \u0022inch\u0022}""}",8ad40f3e-887a-40a6-b6b3-61eb66161ef4,6044a07c-4719-4505-bac3-d5356dc2e3a0,Message,Message,{},monty-python-and-the-holy-grail_monty-python-and-the-holy-grail_message
2cef6a5b-ef8c-4e42-a729-3080e3376c9a,first-party-document,0,0,"{""obverse"": ""monty-python-and-the-holy-grail_monty-python-and-the-holy-grail_a-mistake"", ""reverse"": ""monty-python-and-the-holy-grail_card-back""}","{""name_printed"": ""A Mistake"", ""rarity"": ""Uncommon"", ""number"": ""190"", ""type"": ""Event"", ""item_dimensions"": ""{\u0022height\u0022: \u00223.5\u0022, \u0022width\u0022: \u00222.5\u0022, \u0022unit\u0022: \u0022inch\u0022}""}",8ad40f3e-887a-40a6-b6b3-61eb66161ef4,6044a07c-4719-4505-bac3-d5356dc2e3a0,A Mistake,A Mistake,{},monty-python-and-the-holy-grail_monty-python-and-the-holy-grail_a-mistake
76f14224-6905-4cd8-b3aa-97f98e30eaf8,first-party-document,0,0,"{""obverse"": ""monty-python-and-the-holy-grail_monty-python-and-the-holy-grail_model"", ""reverse"": ""monty-python-and-the-holy-grail_card-back""}","{""name_printed"": ""Model"", ""rarity"": ""Uncommon"", ""number"": ""191"", ""type"": ""Event"", ""item_dimensions"": ""{\u0022height\u0022: \u00223.5\u0022, \u0022width\u0022: \u00222.5\u0022, \u0022unit\u0022: \u0022inch\u0022}""}",8ad40f3e-887a-40a6-b6b3-61eb66161ef4,6044a07c-4719-4505-bac3-d5356dc2e3a0,Model,Model,{},monty-python-and-the-holy-grail_monty-python-and-the-holy-grail_model
fb845848-9179-462f-ad6e-0eaba290e8db,first-party-document,0,0,"{""obverse"": ""monty-python-and-the-holy-grail_monty-python-and-the-holy-grail_monks-(adversary)"", ""reverse"": ""monty-python-and-the-holy-grail_card-back""}","{""name_printed"": ""Monks"", ""functional_disambiguator"": ""Adversary"", ""rarity"": ""Rare"", ""number"": ""192"", ""type"": ""Adversary"", ""item_dimensions"": ""{\u0022height\u0022: \u00223.5\u0022, \u0022width\u0022: \u00222.5\u0022, \u0022unit\u0022: \u0022inch\u0022}""}",8ad40f3e-887a-40a6-b6b3-61eb66161ef4,6044a07c-4719-4505-bac3-d5356dc2e3a0,Monks (Adversary),Monks (Adversary),{},monty-python-and-the-holy-grail_monty-python-and-the-holy-grail_monks-(adversary)
a627a67d-d766-40c6-988e-74b5d7c8931e,first-party-document,0,0,"{""obverse"": ""monty-python-and-the-holy-grail_monty-python-and-the-holy-grail_monks-(event)"", ""reverse"": ""monty-python-and-the-holy-grail_card-back""}","{""name_printed"": ""Monks"", ""functional_disambiguator"": ""Event"", ""rarity"": ""Uncommon"", ""number"": ""193"", ""type"": ""Persona"", ""item_dimensions"": ""{\u0022height\u0022: \u00223.5\u0022, \u0022width\u0022: \u00222.5\u0022, \u0022unit\u0022: \u0022inch\u0022}""}",8ad40f3e-887a-40a6-b6b3-61eb66161ef4,6044a07c-4719-4505-bac3-d5356dc2e3a0,Monks (Event),Monks (Event),{},monty-python-and-the-holy-grail_monty-python-and-the-holy-grail_monks-(event)
4ec9f850-50cd-44db-b00d-9162667742e2,first-party-document,0,0,"{""obverse"": ""monty-python-and-the-holy-grail_monty-python-and-the-holy-grail_morgan-le-fay"", ""reverse"": ""monty-python-and-the-holy-grail_card-back""}","{""name_printed"": ""Morgan le Fay"", ""rarity"": ""Rare"", ""number"": ""194"", ""type"": ""Adversary"", ""item_dimensions"": ""{\u0022height\u0022: \u00223.5\u0022, \u0022width\u0022: \u00222.5\u0022, \u0022unit\u0022: \u0022inch\u0022}""}",8ad40f3e-887a-40a6-b6b3-61eb66161ef4,6044a07c-4719-4505-bac3-d5356dc2e3a0,Morgan le Fay,Morgan le Fay,{},monty-python-and-the-holy-grail_monty-python-and-the-holy-grail_morgan-le-fay
c0d53e81-9228-4ddc-9bc9-0e9db71456dd,first-party-document,0,0,"{""obverse"": ""monty-python-and-the-holy-grail_monty-python-and-the-holy-grail_much-rejoicing"", ""reverse"": ""monty-python-and-the-holy-grail_card-back""}","{""name_printed"": ""Much Rejoicing"", ""rarity"": ""Common"", ""number"": ""195"", ""type"": ""Event"", ""item_dimensions"": ""{\u0022height\u0022: \u00223.5\u0022, \u0022width\u0022: \u00222.5\u0022, \u0022unit\u0022: \u0022inch\u0022}""}",8ad40f3e-887a-40a6-b6b3-61eb66161ef4,6044a07c-4719-4505-bac3-d5356dc2e3a0,Much Rejoicing,Much Rejoicing,{},monty-python-and-the-holy-grail_monty-python-and-the-holy-grail_much-rejoicing
e8936967-ecbf-4986-947e-ea64dacade4c,item,1,0,"{""obverse"": ""monty-python-and-the-holy-grail_monty-python-and-the-holy-grail_the-frozen-land-of-nador"", ""reverse"": ""monty-python-and-the-holy-grail_card-back""}","{""name_printed"": ""The Frozen Land of Nador"", ""rarity"": ""Common"", ""number"": ""196"", ""type"": ""Land"", ""item_dimensions"": ""{\u0022height\u0022: \u00223.5\u0022, \u0022width\u0022: \u00222.5\u0022, \u0022unit\u0022: \u0022inch\u0022}""}",8ad40f3e-887a-40a6-b6b3-61eb66161ef4,6044a07c-4719-4505-bac3-d5356dc2e3a0,The Frozen Land of Nador,The Frozen Land of Nador,{},monty-python-and-the-holy-grail_monty-python-and-the-holy-grail_the-frozen-land-of-nador
d1deb1d0-f9f4-43e2-99b2-ecc68d70db82,first-party-document,0,0,"{""obverse"": ""monty-python-and-the-holy-grail_monty-python-and-the-holy-grail_sir-naram"", ""reverse"": ""monty-python-and-the-holy-grail_card-back""}","{""name_printed"": ""Sir Naram"", ""rarity"": ""Rare"", ""number"": ""197"", ""type"": ""Knight"", ""item_dimensions"": ""{\u0022height\u0022: \u00223.5\u0022, \u0022width\u0022: \u00222.5\u0022, \u0022unit\u0022: \u0022inch\u0022}""}",8ad40f3e-887a-40a6-b6b3-61eb66161ef4,6044a07c-4719-4505-bac3-d5356dc2e3a0,Sir Naram,Sir Naram,{},monty-python-and-the-holy-grail_monty-python-and-the-holy-grail_sir-naram
91ecd453-4a77-49c1-b344-794801c37d37,first-party-document,0,0,"{""obverse"": ""monty-python-and-the-holy-grail_monty-python-and-the-holy-grail_nasty-ways"", ""reverse"": ""monty-python-and-the-holy-grail_card-back""}","{""name_printed"": ""Nasty Ways"", ""rarity"": ""Uncommon"", ""number"": ""198"", ""type"": ""Event"", ""item_dimensions"": ""{\u0022height\u0022: \u00223.5\u0022, \u0022width\u0022: \u00222.5\u0022, \u0022unit\u0022: \u0022inch\u0022}""}",8ad40f3e-887a-40a6-b6b3-61eb66161ef4,6044a07c-4719-4505-bac3-d5356dc2e3a0,Nasty Ways,Nasty Ways,{},monty-python-and-the-holy-grail_monty-python-and-the-holy-grail_nasty-ways
94ca3db3-719a-44f0-a254-1615adef22c8,first-party-document,0,0,"{""obverse"": ""monty-python-and-the-holy-grail_monty-python-and-the-holy-grail_nathan-the-page"", ""reverse"": ""monty-python-and-the-holy-grail_card-back""}","{""name_printed"": ""Nathan the Page"", ""rarity"": ""Common"", ""number"": ""199"", ""type"": ""Page"", ""item_dimensions"": ""{\u0022height\u0022: \u00223.5\u0022, \u0022width\u0022: \u00222.5\u0022, \u0022unit\u0022: \u0022inch\u0022}""}",8ad40f3e-887a-40a6-b6b3-61eb66161ef4,6044a07c-4719-4505-bac3-d5356dc2e3a0,Nathan the Page,Nathan the Page,{},monty-python-and-the-holy-grail_monty-python-and-the-holy-grail_nathan-the-page
17b53cd5-b6f8-4ccd-9e24-50fd5867ee35,first-party-document,0,0,"{""obverse"": ""monty-python-and-the-holy-grail_monty-python-and-the-holy-grail_a-newt-"", ""reverse"": ""monty-python-and-the-holy-grail_card-back""}","{""name_printed"": ""A Newt?"", ""rarity"": ""Common"", ""number"": ""200"", ""type"": ""Event"", ""item_dimensions"": ""{\u0022height\u0022: \u00223.5\u0022, \u0022width\u0022: \u00222.5\u0022, \u0022unit\u0022: \u0022inch\u0022}""}",8ad40f3e-887a-40a6-b6b3-61eb66161ef4,6044a07c-4719-4505-bac3-d5356dc2e3a0,A Newt?,A Newt?,{},monty-python-and-the-holy-grail_monty-python-and-the-holy-grail_a-newt-
04bb60e5-80e6-4ca7-ba48-b4a9c026d84f,first-party-document,0,0,"{""obverse"": ""monty-python-and-the-holy-grail_monty-python-and-the-holy-grail_forest-of-ni"", ""reverse"": ""monty-python-and-the-holy-grail_card-back""}","{""name_printed"": ""Forest of Ni"", ""rarity"": ""Uncommon"", ""number"": ""201"", ""type"": ""Land"", ""item_dimensions"": ""{\u0022height\u0022: \u00223.5\u0022, \u0022width\u0022: \u00222.5\u0022, \u0022unit\u0022: \u0022inch\u0022}""}",8ad40f3e-887a-40a6-b6b3-61eb66161ef4,6044a07c-4719-4505-bac3-d5356dc2e3a0,Forest of Ni,Forest of Ni,{},monty-python-and-the-holy-grail_monty-python-and-the-holy-grail_forest-of-ni
fbb9735a-de8e-4187-b880-b5a3db38d62a,first-party-document,0,0,"{""obverse"": ""monty-python-and-the-holy-grail_monty-python-and-the-holy-grail_nigel-the-page-[black-title]"", ""reverse"": ""monty-python-and-the-holy-grail_card-back""}","{""name_printed"": ""Nigel the Page"", ""variant_disambiguator"": ""Black Title"", ""rarity"": ""Common"", ""number"": ""202"", ""type"": ""Page"", ""item_dimensions"": ""{\u0022height\u0022: \u00223.5\u0022, \u0022width\u0022: \u00222.5\u0022, \u0022unit\u0022: \u0022inch\u0022}""}",8ad40f3e-887a-40a6-b6b3-61eb66161ef4,6044a07c-4719-4505-bac3-d5356dc2e3a0,Nigel the Page,Nigel the Page [Black Title],{},monty-python-and-the-holy-grail_monty-python-and-the-holy-grail_nigel-the-page-[black-title]
bc575741-7bb3-4835-b4e3-1c2d982d4528,first-party-document,0,0,"{""obverse"": ""monty-python-and-the-holy-grail_monty-python-and-the-holy-grail_nigel-the-page-[white-title]"", ""reverse"": ""monty-python-and-the-holy-grail_card-back""}","{""name_printed"": ""Nigel the Page"", ""variant_disambiguator"": ""White Title"", ""rarity"": ""Common"", ""number"": ""202"", ""type"": ""Page"", ""item_dimensions"": ""{\u0022height\u0022: \u00223.5\u0022, \u0022width\u0022: \u00222.5\u0022, \u0022unit\u0022: \u0022inch\u0022}""}",8ad40f3e-887a-40a6-b6b3-61eb66161ef4,6044a07c-4719-4505-bac3-d5356dc2e3a0,Nigel the Page,Nigel the Page [White Title],{},monty-python-and-the-holy-grail_monty-python-and-the-holy-grail_nigel-the-page-[white-title]
acafdb60-0287-449b-a26d-1e36bb070323,first-party-document,0,0,"{""obverse"": ""monty-python-and-the-holy-grail_monty-python-and-the-holy-grail_northumbria"", ""reverse"": ""monty-python-and-the-holy-grail_card-back""}","{""name_printed"": ""Northumbria"", ""rarity"": ""Uncommon"", ""number"": ""203"", ""type"": ""Land"", ""item_dimensions"": ""{\u0022height\u0022: \u00223.5\u0022, \u0022width\u0022: \u00222.5\u0022, \u0022unit\u0022: \u0022inch\u0022}""}",8ad40f3e-887a-40a6-b6b3-61eb66161ef4,6044a07c-4719-4505-bac3-d5356dc2e3a0,Northumbria,Northumbria,{},monty-python-and-the-holy-grail_monty-python-and-the-holy-grail_northumbria
723b0eb7-87f0-4fb9-9cd3-96466a200b6e,first-party-document,0,0,"{""obverse"": ""monty-python-and-the-holy-grail_monty-python-and-the-holy-grail_not-so-legendary-black-beast"", ""reverse"": ""monty-python-and-the-holy-grail_card-back""}","{""name_printed"": ""Not-so-Legendary Black Beast"", ""rarity"": ""Rare"", ""number"": ""204"", ""type"": ""Adversary"", ""item_dimensions"": ""{\u0022height\u0022: \u00223.5\u0022, \u0022width\u0022: \u00222.5\u0022, \u0022unit\u0022: \u0022inch\u0022}""}",8ad40f3e-887a-40a6-b6b3-61eb66161ef4,6044a07c-4719-4505-bac3-d5356dc2e3a0,Not-so-Legendary Black Beast,Not-so-Legendary Black Beast,{},monty-python-and-the-holy-grail_monty-python-and-the-holy-grail_not-so-legendary-black-beast
4c96a77f-35ae-4c12-a64c-654cc3faa657,first-party-document,0,0,"{""obverse"": ""monty-python-and-the-holy-grail_monty-python-and-the-holy-grail_nothing"", ""reverse"": ""monty-python-and-the-holy-grail_card-back""}","{""name_printed"": ""Nothing"", ""rarity"": ""Rare"", ""number"": ""205"", ""type"": ""Event"", ""item_dimensions"": ""{\u0022height\u0022: \u00223.5\u0022, \u0022width\u0022: \u00222.5\u0022, \u0022unit\u0022: \u0022inch\u0022}""}",8ad40f3e-887a-40a6-b6b3-61eb66161ef4,6044a07c-4719-4505-bac3-d5356dc2e3a0,Nothing,Nothing,{},monty-python-and-the-holy-grail_monty-python-and-the-holy-grail_nothing
40865ba7-181a-438b-a392-62cb4bf8d056,first-party-document,0,0,"{""obverse"": ""monty-python-and-the-holy-grail_monty-python-and-the-holy-grail_obnoxious-minstrel"", ""reverse"": ""monty-python-and-the-holy-grail_card-back""}","{""name_printed"": ""Obnoxious Minstrel"", ""rarity"": ""Common"", ""number"": ""206"", ""type"": ""Persona"", ""item_dimensions"": ""{\u0022height\u0022: \u00223.5\u0022, \u0022width\u0022: \u00222.5\u0022, \u0022unit\u0022: \u0022inch\u0022}""}",8ad40f3e-887a-40a6-b6b3-61eb66161ef4,6044a07c-4719-4505-bac3-d5356dc2e3a0,Obnoxious Minstrel,Obnoxious Minstrel,{},monty-python-and-the-holy-grail_monty-python-and-the-holy-grail_obnoxious-minstrel
78ccd703-98a7-4c03-a226-1f3248376f78,first-party-document,0,0,"{""obverse"": ""monty-python-and-the-holy-grail_monty-python-and-the-holy-grail_old-crone"", ""reverse"": ""monty-python-and-the-holy-grail_card-back""}","{""name_printed"": ""Old Crone"", ""rarity"": ""Common"", ""number"": ""207"", ""type"": ""Adversary"", ""item_dimensions"": ""{\u0022height\u0022: \u00223.5\u0022, \u0022width\u0022: \u00222.5\u0022, \u0022unit\u0022: \u0022inch\u0022}""}",8ad40f3e-887a-40a6-b6b3-61eb66161ef4,6044a07c-4719-4505-bac3-d5356dc2e3a0,Old Crone,Old Crone,{},monty-python-and-the-holy-grail_monty-python-and-the-holy-grail_old-crone
d6703ed4-9268-44a5-95c6-ec3750f59a37,first-party-document,0,0,"{""obverse"": ""monty-python-and-the-holy-grail_monty-python-and-the-holy-grail_olfin-bedwere-ii-of-rheged"", ""reverse"": ""monty-python-and-the-holy-grail_card-back""}","{""name_printed"": ""Olfin Bedwere II of Rheged"", ""rarity"": ""Uncommon"", ""number"": ""208"", ""type"": ""Adversary"", ""item_dimensions"": ""{\u0022height\u0022: \u00223.5\u0022, \u0022width\u0022: \u00222.5\u0022, \u0022unit\u0022: \u0022inch\u0022}""}",8ad40f3e-887a-40a6-b6b3-61eb66161ef4,6044a07c-4719-4505-bac3-d5356dc2e3a0,Olfin Bedwere II of Rheged,Olfin Bedwere II of Rheged,{},monty-python-and-the-holy-grail_monty-python-and-the-holy-grail_olfin-bedwere-ii-of-rheged
70d96fd6-3dc3-45af-96fe-98476400af14,first-party-document,0,0,"{""obverse"": ""monty-python-and-the-holy-grail_monty-python-and-the-holy-grail_outrageous-accent"", ""reverse"": ""monty-python-and-the-holy-grail_card-back""}","{""name_printed"": ""Outrageous Accent"", ""rarity"": ""Uncommon"", ""number"": ""209"", ""type"": ""Taunt"", ""item_dimensions"": ""{\u0022height\u0022: \u00223.5\u0022, \u0022width\u0022: \u00222.5\u0022, \u0022unit\u0022: \u0022inch\u0022}""}",8ad40f3e-887a-40a6-b6b3-61eb66161ef4,6044a07c-4719-4505-bac3-d5356dc2e3a0,Outrageous Accent,Outrageous Accent,{},monty-python-and-the-holy-grail_monty-python-and-the-holy-grail_outrageous-accent
7efdcd1d-5b7d-4a2d-9c8d-5b09e62a4635,first-party-document,0,0,"{""obverse"": ""monty-python-and-the-holy-grail_monty-python-and-the-holy-grail_patsy---trusty-servant-of-king-arthur-[210]"", ""reverse"": ""monty-python-and-the-holy-grail_card-back""}","{""name_printed"": ""Patsy - Trusty Servant of King Arthur"", ""variant_disambiguator"": ""210"", ""rarity"": ""Fixed"", ""number"": ""210"", ""type"": ""Page"", ""item_dimensions"": ""{\u0022height\u0022: \u00223.5\u0022, \u0022width\u0022: \u00222.5\u0022, \u0022unit\u0022: \u0022inch\u0022}""}",8ad40f3e-887a-40a6-b6b3-61eb66161ef4,6044a07c-4719-4505-bac3-d5356dc2e3a0,Patsy - Trusty Servant of King Arthur,Patsy - Trusty Servant of King Arthur [210],{},monty-python-and-the-holy-grail_monty-python-and-the-holy-grail_patsy---trusty-servant-of-king-arthur-[210]
3220986c-228c-4f7c-9aa1-9d15790474ec,item,1,0,"{""obverse"": ""monty-python-and-the-holy-grail_monty-python-and-the-holy-grail_patsy---trusty-servant-of-king-arthur-[211]"", ""reverse"": ""monty-python-and-the-holy-grail_card-back""}","{""name_printed"": ""Patsy - Trusty Servant of King Arthur"", ""variant_disambiguator"": ""211"", ""rarity"": ""Fixed"", ""number"": ""211"", ""type"": ""Page"", ""item_dimensions"": ""{\u0022height\u0022: \u00223.5\u0022, \u0022width\u0022: \u00222.5\u0022, \u0022unit\u0022: \u0022inch\u0022}""}",8ad40f3e-887a-40a6-b6b3-61eb66161ef4,6044a07c-4719-4505-bac3-d5356dc2e3a0,Patsy - Trusty Servant of King Arthur,Patsy - Trusty Servant of King Arthur [211],{},monty-python-and-the-holy-grail_monty-python-and-the-holy-grail_patsy---trusty-servant-of-king-arthur-[211]
1dc3dbb2-382f-4819-9440-7315d19e73ed,item,1,0,"{""obverse"": ""monty-python-and-the-holy-grail_monty-python-and-the-holy-grail_patsy---trusty-servant-of-king-arthur-[212-(zoomed-in)]"", ""reverse"": ""monty-python-and-the-holy-grail_card-back""}","{""name_printed"": ""Patsy - Trusty Servant of King Arthur"", ""variant_disambiguator"": ""212 (Zoomed In)"", ""rarity"": ""Fixed"", ""number"": ""212"", ""type"": ""Page"", ""item_dimensions"": ""{\u0022height\u0022: \u00223.5\u0022, \u0022width\u0022: \u00222.5\u0022, \u0022unit\u0022: \u0022inch\u0022}""}",8ad40f3e-887a-40a6-b6b3-61eb66161ef4,6044a07c-4719-4505-bac3-d5356dc2e3a0,Patsy - Trusty Servant of King Arthur,Patsy - Trusty Servant of King Arthur [212 (Zoomed In)],{},monty-python-and-the-holy-grail_monty-python-and-the-holy-grail_patsy---trusty-servant-of-king-arthur-[212-(zoomed-in)]
26a7e05c-c098-45b2-9a68-2b0067087293,item,1,0,"{""obverse"": ""monty-python-and-the-holy-grail_monty-python-and-the-holy-grail_patsy---trusty-servant-of-king-arthur-[212-(zoomed-out)]"", ""reverse"": ""monty-python-and-the-holy-grail_card-back""}","{""name_printed"": ""Patsy - Trusty Servant of King Arthur"", ""variant_disambiguator"": ""212 (Zoomed Out)"", ""rarity"": ""Fixed"", ""number"": ""212"", ""type"": ""Page"", ""item_dimensions"": ""{\u0022height\u0022: \u00223.5\u0022, \u0022width\u0022: \u00222.5\u0022, \u0022unit\u0022: \u0022inch\u0022}""}",8ad40f3e-887a-40a6-b6b3-61eb66161ef4,6044a07c-4719-4505-bac3-d5356dc2e3a0,Patsy - Trusty Servant of King Arthur,Patsy - Trusty Servant of King Arthur [212 (Zoomed Out)],{},monty-python-and-the-holy-grail_monty-python-and-the-holy-grail_patsy---trusty-servant-of-king-arthur-[212-(zoomed-out)]
fdb9a879-09e7-4c49-a223-7057c1690847,item,1,0,"{""obverse"": ""monty-python-and-the-holy-grail_monty-python-and-the-holy-grail_patsy---trusty-servant-of-king-arthur-[213]"", ""reverse"": ""monty-python-and-the-holy-grail_card-back""}","{""name_printed"": ""Patsy - Trusty Servant of King Arthur"", ""variant_disambiguator"": ""213"", ""rarity"": ""Fixed"", ""number"": ""213"", ""type"": ""Page"", ""item_dimensions"": ""{\u0022height\u0022: \u00223.5\u0022, \u0022width\u0022: \u00222.5\u0022, \u0022unit\u0022: \u0022inch\u0022}""}",8ad40f3e-887a-40a6-b6b3-61eb66161ef4,6044a07c-4719-4505-bac3-d5356dc2e3a0,Patsy - Trusty Servant of King Arthur,Patsy - Trusty Servant of King Arthur [213],{},monty-python-and-the-holy-grail_monty-python-and-the-holy-grail_patsy---trusty-servant-of-king-arthur-[213]
365bd03f-9308-486e-adbb-3305a403854f,item,1,0,"{""obverse"": ""monty-python-and-the-holy-grail_monty-python-and-the-holy-grail_sir-pellinore"", ""reverse"": ""monty-python-and-the-holy-grail_card-back""}","{""name_printed"": ""Sir Pellinore"", ""rarity"": ""Uncommon"", ""number"": ""214"", ""type"": ""Knight"", ""item_dimensions"": ""{\u0022height\u0022: \u00223.5\u0022, \u0022width\u0022: \u00222.5\u0022, \u0022unit\u0022: \u0022inch\u0022}""}",8ad40f3e-887a-40a6-b6b3-61eb66161ef4,6044a07c-4719-4505-bac3-d5356dc2e3a0,Sir Pellinore,Sir Pellinore,{},monty-python-and-the-holy-grail_monty-python-and-the-holy-grail_sir-pellinore
815f8708-49d2-40b1-b737-b6a87a10db71,first-party-document,0,0,"{""obverse"": ""monty-python-and-the-holy-grail_monty-python-and-the-holy-grail_sir-percivale"", ""reverse"": ""monty-python-and-the-holy-grail_card-back""}","{""name_printed"": ""Sir Percivale"", ""rarity"": ""Rare"", ""number"": ""215"", ""type"": ""Knight"", ""item_dimensions"": ""{\u0022height\u0022: \u00223.5\u0022, \u0022width\u0022: \u00222.5\u0022, \u0022unit\u0022: \u0022inch\u0022}""}",8ad40f3e-887a-40a6-b6b3-61eb66161ef4,6044a07c-4719-4505-bac3-d5356dc2e3a0,Sir Percivale,Sir Percivale,{},monty-python-and-the-holy-grail_monty-python-and-the-holy-grail_sir-percivale
1a84d979-4e15-4608-9279-7f675d11de0f,item,1,0,"{""obverse"": ""monty-python-and-the-holy-grail_monty-python-and-the-holy-grail_sir-perimones-(the-red-knight)"", ""reverse"": ""monty-python-and-the-holy-grail_card-back""}","{""name_printed"": ""Sir Perimones (The Red Knight)"", ""rarity"": ""Common"", ""number"": ""216"", ""type"": ""Knight"", ""item_dimensions"": ""{\u0022height\u0022: \u00223.5\u0022, \u0022width\u0022: \u00222.5\u0022, \u0022unit\u0022: \u0022inch\u0022}""}",8ad40f3e-887a-40a6-b6b3-61eb66161ef4,6044a07c-4719-4505-bac3-d5356dc2e3a0,Sir Perimones (The Red Knight),Sir Perimones (The Red Knight),{},monty-python-and-the-holy-grail_monty-python-and-the-holy-grail_sir-perimones-(the-red-knight)
613f0786-458a-49db-b184-d9546d65952a,first-party-document,0,0,"{""obverse"": ""monty-python-and-the-holy-grail_monty-python-and-the-holy-grail_sir-persante-(the-blue-knight)"", ""reverse"": ""monty-python-and-the-holy-grail_card-back""}","{""name_printed"": ""Sir Persante (The Blue Knight)"", ""rarity"": ""Rare"", ""number"": ""217"", ""type"": ""Knight"", ""item_dimensions"": ""{\u0022height\u0022: \u00223.5\u0022, \u0022width\u0022: \u00222.5\u0022, \u0022unit\u0022: \u0022inch\u0022}""}",8ad40f3e-887a-40a6-b6b3-61eb66161ef4,6044a07c-4719-4505-bac3-d5356dc2e3a0,Sir Persante (The Blue Knight),Sir Persante (The Blue Knight),{},monty-python-and-the-holy-grail_monty-python-and-the-holy-grail_sir-persante-(the-blue-knight)
f45393a0-fbe1-40cb-ad98-03378dbe7389,first-party-document,0,0,"{""obverse"": ""monty-python-and-the-holy-grail_monty-python-and-the-holy-grail_sir-phelot"", ""reverse"": ""monty-python-and-the-holy-grail_card-back""}","{""name_printed"": ""Sir Phelot"", ""rarity"": ""Rare"", ""number"": ""218"", ""type"": ""Adversary"", ""item_dimensions"": ""{\u0022height\u0022: \u00223.5\u0022, \u0022width\u0022: \u00222.5\u0022, \u0022unit\u0022: \u0022inch\u0022}""}",8ad40f3e-887a-40a6-b6b3-61eb66161ef4,6044a07c-4719-4505-bac3-d5356dc2e3a0,Sir Phelot,Sir Phelot,{},monty-python-and-the-holy-grail_monty-python-and-the-holy-grail_sir-phelot
6faaf114-4f68-435b-831c-ac8bbb169546,first-party-document,0,0,"{""obverse"": ""monty-python-and-the-holy-grail_monty-python-and-the-holy-grail_doctor-piglet"", ""reverse"": ""monty-python-and-the-holy-grail_card-back""}","{""name_printed"": ""Doctor Piglet"", ""rarity"": ""Uncommon"", ""number"": ""219"", ""type"": ""Persona"", ""item_dimensions"": ""{\u0022height\u0022: \u00223.5\u0022, \u0022width\u0022: \u00222.5\u0022, \u0022unit\u0022: \u0022inch\u0022}""}",8ad40f3e-887a-40a6-b6b3-61eb66161ef4,6044a07c-4719-4505-bac3-d5356dc2e3a0,Doctor Piglet,Doctor Piglet,{},monty-python-and-the-holy-grail_monty-python-and-the-holy-grail_doctor-piglet
dea889f6-b4b7-429b-b16c-6eec565d085c,first-party-document,0,0,"{""obverse"": ""monty-python-and-the-holy-grail_monty-python-and-the-holy-grail_sir-pinell"", ""reverse"": ""monty-python-and-the-holy-grail_card-back""}","{""name_printed"": ""Sir Pinell"", ""rarity"": ""Rare"", ""number"": ""220"", ""type"": ""Adversary"", ""item_dimensions"": ""{\u0022height\u0022: \u00223.5\u0022, \u0022width\u0022: \u00222.5\u0022, \u0022unit\u0022: \u0022inch\u0022}""}",8ad40f3e-887a-40a6-b6b3-61eb66161ef4,6044a07c-4719-4505-bac3-d5356dc2e3a0,Sir Pinell,Sir Pinell,{},monty-python-and-the-holy-grail_monty-python-and-the-holy-grail_sir-pinell
1008fc48-3a93-4ba3-be3a-bdccbed0166c,first-party-document,0,0,"{""obverse"": ""monty-python-and-the-holy-grail_monty-python-and-the-holy-grail_plague"", ""reverse"": ""monty-python-and-the-holy-grail_card-back""}","{""name_printed"": ""Plague"", ""rarity"": ""Rare"", ""number"": ""221"", ""type"": ""Event"", ""item_dimensions"": ""{\u0022height\u0022: \u00223.5\u0022, \u0022width\u0022: \u00222.5\u0022, \u0022unit\u0022: \u0022inch\u0022}""}",8ad40f3e-887a-40a6-b6b3-61eb66161ef4,6044a07c-4719-4505-bac3-d5356dc2e3a0,Plague,Plague,{},monty-python-and-the-holy-grail_monty-python-and-the-holy-grail_plague
7266f5ab-d4b4-47fe-9d7f-6c6c8a024143,first-party-document,0,0,"{""obverse"": ""monty-python-and-the-holy-grail_monty-python-and-the-holy-grail_plague-ridden-village"", ""reverse"": ""monty-python-and-the-holy-grail_card-back""}","{""name_printed"": ""Plague-ridden Village"", ""rarity"": ""Common"", ""number"": ""222"", ""type"": ""Village"", ""item_dimensions"": ""{\u0022height\u0022: \u00223.5\u0022, \u0022width\u0022: \u00222.5\u0022, \u0022unit\u0022: \u0022inch\u0022}""}",8ad40f3e-887a-40a6-b6b3-61eb66161ef4,6044a07c-4719-4505-bac3-d5356dc2e3a0,Plague-ridden Village,Plague-ridden Village,{},monty-python-and-the-holy-grail_monty-python-and-the-holy-grail_plague-ridden-village
f9048a61-e328-4183-b708-0157bcaff1d8,first-party-document,0,0,"{""obverse"": ""monty-python-and-the-holy-grail_monty-python-and-the-holy-grail_a-plan"", ""reverse"": ""monty-python-and-the-holy-grail_card-back""}","{""name_printed"": ""A Plan"", ""rarity"": ""Rare"", ""number"": ""223"", ""type"": ""Event"", ""item_dimensions"": ""{\u0022height\u0022: \u00223.5\u0022, \u0022width\u0022: \u00222.5\u0022, \u0022unit\u0022: \u0022inch\u0022}""}",8ad40f3e-887a-40a6-b6b3-61eb66161ef4,6044a07c-4719-4505-bac3-d5356dc2e3a0,A Plan,A Plan,{},monty-python-and-the-holy-grail_monty-python-and-the-holy-grail_a-plan
fe5aa887-9d14-4f6d-a897-0b217e74220e,first-party-document,0,0,"{""obverse"": ""monty-python-and-the-holy-grail_monty-python-and-the-holy-grail_police"", ""reverse"": ""monty-python-and-the-holy-grail_card-back""}","{""name_printed"": ""Police"", ""rarity"": ""Uncommon"", ""number"": ""224"", ""type"": ""Adversary"", ""item_dimensions"": ""{\u0022height\u0022: \u00223.5\u0022, \u0022width\u0022: \u00222.5\u0022, \u0022unit\u0022: \u0022inch\u0022}""}",8ad40f3e-887a-40a6-b6b3-61eb66161ef4,6044a07c-4719-4505-bac3-d5356dc2e3a0,Police,Police,{},monty-python-and-the-holy-grail_monty-python-and-the-holy-grail_police
208a3782-e84d-41ed-b0bf-aa7843313bf0,first-party-document,0,0,"{""obverse"": ""monty-python-and-the-holy-grail_monty-python-and-the-holy-grail_positive-id"", ""reverse"": ""monty-python-and-the-holy-grail_card-back""}","{""name_printed"": ""Positive ID"", ""rarity"": ""Uncommon"", ""number"": ""225"", ""type"": ""Event"", ""item_dimensions"": ""{\u0022height\u0022: \u00223.5\u0022, \u0022width\u0022: \u00222.5\u0022, \u0022unit\u0022: \u0022inch\u0022}""}",8ad40f3e-887a-40a6-b6b3-61eb66161ef4,6044a07c-4719-4505-bac3-d5356dc2e3a0,Positive ID,Positive ID,{},monty-python-and-the-holy-grail_monty-python-and-the-holy-grail_positive-id
6433d0f9-0141-49a6-8e4a-725b911e3416,first-party-document,0,0,"{""obverse"": ""monty-python-and-the-holy-grail_monty-python-and-the-holy-grail_prince-herbert-song"", ""reverse"": ""monty-python-and-the-holy-grail_card-back""}","{""name_printed"": ""Prince Herbert Song"", ""rarity"": ""Rare"", ""number"": ""226"", ""type"": ""Song"", ""item_dimensions"": ""{\u0022height\u0022: \u00223.5\u0022, \u0022width\u0022: \u00222.5\u0022, \u0022unit\u0022: \u0022inch\u0022}""}",8ad40f3e-887a-40a6-b6b3-61eb66161ef4,6044a07c-4719-4505-bac3-d5356dc2e3a0,Prince Herbert Song,Prince Herbert Song,{},monty-python-and-the-holy-grail_monty-python-and-the-holy-grail_prince-herbert-song
feee9f4f-1c25-4136-88f2-d8c710305b19,first-party-document,0,0,"{""obverse"": ""monty-python-and-the-holy-grail_monty-python-and-the-holy-grail_private-parts"", ""reverse"": ""monty-python-and-the-holy-grail_card-back""}","{""name_printed"": ""Private Parts"", ""rarity"": ""Uncommon"", ""number"": ""227"", ""type"": ""Taunt"", ""item_dimensions"": ""{\u0022height\u0022: \u00223.5\u0022, \u0022width\u0022: \u00222.5\u0022, \u0022unit\u0022: \u0022inch\u0022}""}",8ad40f3e-887a-40a6-b6b3-61eb66161ef4,6044a07c-4719-4505-bac3-d5356dc2e3a0,Private Parts,Private Parts,{},monty-python-and-the-holy-grail_monty-python-and-the-holy-grail_private-parts
95df98de-9bef-4cdf-8e9d-23c11804461d,first-party-document,0,0,"{""obverse"": ""monty-python-and-the-holy-grail_monty-python-and-the-holy-grail_questions-three-(air-speed-velocity)"", ""reverse"": ""monty-python-and-the-holy-grail_card-back""}","{""name_printed"": ""Questions Three"", ""functional_disambiguator"": ""Air Speed Velocity"", ""rarity"": ""Rare"", ""number"": ""228"", ""type"": ""Questions"", ""item_dimensions"": ""{\u0022height\u0022: \u00223.5\u0022, \u0022width\u0022: \u00222.5\u0022, \u0022unit\u0022: \u0022inch\u0022}""}",8ad40f3e-887a-40a6-b6b3-61eb66161ef4,6044a07c-4719-4505-bac3-d5356dc2e3a0,Questions Three (Air Speed Velocity),Questions Three (Air Speed Velocity),{},monty-python-and-the-holy-grail_monty-python-and-the-holy-grail_questions-three-(air-speed-velocity)
d92ec66b-4b97-4b36-91f1-7b2ec35ccdd4,first-party-document,0,0,"{""obverse"": ""monty-python-and-the-holy-grail_monty-python-and-the-holy-grail_questions-three-(assyria)"", ""reverse"": ""monty-python-and-the-holy-grail_card-back""}","{""name_printed"": ""Questions Three"", ""functional_disambiguator"": ""Assyria"", ""rarity"": ""Uncommon"", ""number"": ""229"", ""type"": ""Questions"", ""item_dimensions"": ""{\u0022height\u0022: \u00223.5\u0022, \u0022width\u0022: \u00222.5\u0022, \u0022unit\u0022: \u0022inch\u0022}""}",8ad40f3e-887a-40a6-b6b3-61eb66161ef4,6044a07c-4719-4505-bac3-d5356dc2e3a0,Questions Three (Assyria),Questions Three (Assyria),{},monty-python-and-the-holy-grail_monty-python-and-the-holy-grail_questions-three-(assyria)
4f617bac-1dc2-42a0-9b7d-11cd9438b430,first-party-document,0,0,"{""obverse"": ""monty-python-and-the-holy-grail_monty-python-and-the-holy-grail_questions-three-(cleese)"", ""reverse"": ""monty-python-and-the-holy-grail_card-back""}","{""name_printed"": ""Questions Three"", ""functional_disambiguator"": ""Cleese"", ""rarity"": ""Common"", ""number"": ""230"", ""type"": ""Questions"", ""item_dimensions"": ""{\u0022height\u0022: \u00223.5\u0022, \u0022width\u0022: \u00222.5\u0022, \u0022unit\u0022: \u0022inch\u0022}""}",8ad40f3e-887a-40a6-b6b3-61eb66161ef4,6044a07c-4719-4505-bac3-d5356dc2e3a0,Questions Three (Cleese),Questions Three (Cleese),{},monty-python-and-the-holy-grail_monty-python-and-the-holy-grail_questions-three-(cleese)
2dbb4cfb-3a6a-4b00-922c-d6841d2680e4,first-party-document,0,0,"{""obverse"": ""monty-python-and-the-holy-grail_monty-python-and-the-holy-grail_questions-three-(dead-collector)"", ""reverse"": ""monty-python-and-the-holy-grail_card-back""}","{""name_printed"": ""Questions Three"", ""functional_disambiguator"": ""Dead Collector"", ""rarity"": ""Rare"", ""number"": ""231"", ""type"": ""Questions"", ""item_dimensions"": ""{\u0022height\u0022: \u00223.5\u0022, \u0022width\u0022: \u00222.5\u0022, \u0022unit\u0022: \u0022inch\u0022}""}",8ad40f3e-887a-40a6-b6b3-61eb66161ef4,6044a07c-4719-4505-bac3-d5356dc2e3a0,Questions Three (Dead Collector),Questions Three (Dead Collector),{},monty-python-and-the-holy-grail_monty-python-and-the-holy-grail_questions-three-(dead-collector)
150fb12a-5bdb-461c-8231-802665250ab1,first-party-document,0,0,"{""obverse"": ""monty-python-and-the-holy-grail_monty-python-and-the-holy-grail_questions-three-(dennis)"", ""reverse"": ""monty-python-and-the-holy-grail_card-back""}","{""name_printed"": ""Questions Three"", ""functional_disambiguator"": ""Dennis"", ""rarity"": ""Rare"", ""number"": ""232"", ""type"": ""Questions"", ""item_dimensions"": ""{\u0022height\u0022: \u00223.5\u0022, \u0022width\u0022: \u00222.5\u0022, \u0022unit\u0022: \u0022inch\u0022}""}",8ad40f3e-887a-40a6-b6b3-61eb66161ef4,6044a07c-4719-4505-bac3-d5356dc2e3a0,Questions Three (Dennis),Questions Three (Dennis),{},monty-python-and-the-holy-grail_monty-python-and-the-holy-grail_questions-three-(dennis)
16e7112f-ab5e-450e-ad32-3bf1c2500b41,first-party-document,0,0,"{""obverse"": ""monty-python-and-the-holy-grail_monty-python-and-the-holy-grail_questions-three-(feast)"", ""reverse"": ""monty-python-and-the-holy-grail_card-back""}","{""name_printed"": ""Questions Three"", ""functional_disambiguator"": ""Feast"", ""rarity"": ""Uncommon"", ""number"": ""233"", ""type"": ""Questions"", ""item_dimensions"": ""{\u0022height\u0022: \u00223.5\u0022, \u0022width\u0022: \u00222.5\u0022, \u0022unit\u0022: \u0022inch\u0022}""}",8ad40f3e-887a-40a6-b6b3-61eb66161ef4,6044a07c-4719-4505-bac3-d5356dc2e3a0,Questions Three (Feast),Questions Three (Feast),{},monty-python-and-the-holy-grail_monty-python-and-the-holy-grail_questions-three-(feast)
6e620e43-e02f-4849-81c1-95bdc135dce2,first-party-document,0,0,"{""obverse"": ""monty-python-and-the-holy-grail_monty-python-and-the-holy-grail_questions-three-(fire-tricks)"", ""reverse"": ""monty-python-and-the-holy-grail_card-back""}","{""name_printed"": ""Questions Three"", ""functional_disambiguator"": ""Fire Tricks"", ""rarity"": ""Rare"", ""number"": ""234"", ""type"": ""Questions"", ""item_dimensions"": ""{\u0022height\u0022: \u00223.5\u0022, \u0022width\u0022: \u00222.5\u0022, \u0022unit\u0022: \u0022inch\u0022}""}",8ad40f3e-887a-40a6-b6b3-61eb66161ef4,6044a07c-4719-4505-bac3-d5356dc2e3a0,Questions Three (Fire Tricks),Questions Three (Fire Tricks),{},monty-python-and-the-holy-grail_monty-python-and-the-holy-grail_questions-three-(fire-tricks)
60865e19-2ddd-48ef-90be-a3641038a8b2,first-party-document,0,0,"{""obverse"": ""monty-python-and-the-holy-grail_monty-python-and-the-holy-grail_questions-three-(first-knight)"", ""reverse"": ""monty-python-and-the-holy-grail_card-back""}","{""name_printed"": ""Questions Three"", ""functional_disambiguator"": ""First Knight"", ""rarity"": ""Rare"", ""number"": ""235"", ""type"": ""Questions"", ""item_dimensions"": ""{\u0022height\u0022: \u00223.5\u0022, \u0022width\u0022: \u00222.5\u0022, \u0022unit\u0022: \u0022inch\u0022}""}",8ad40f3e-887a-40a6-b6b3-61eb66161ef4,6044a07c-4719-4505-bac3-d5356dc2e3a0,Questions Three (First Knight),Questions Three (First Knight),{},monty-python-and-the-holy-grail_monty-python-and-the-holy-grail_questions-three-(first-knight)
16924aff-1619-489e-9f72-342d56f2b482,first-party-document,0,0,"{""obverse"": ""monty-python-and-the-holy-grail_monty-python-and-the-holy-grail_questions-three-(floats)"", ""reverse"": ""monty-python-and-the-holy-grail_card-back""}","{""name_printed"": ""Questions Three"", ""functional_disambiguator"": ""Floats"", ""rarity"": ""Uncommon"", ""number"": ""236"", ""type"": ""Questions"", ""item_dimensions"": ""{\u0022height\u0022: \u00223.5\u0022, \u0022width\u0022: \u00222.5\u0022, \u0022unit\u0022: \u0022inch\u0022}""}",8ad40f3e-887a-40a6-b6b3-61eb66161ef4,6044a07c-4719-4505-bac3-d5356dc2e3a0,Questions Three (Floats),Questions Three (Floats),{},monty-python-and-the-holy-grail_monty-python-and-the-holy-grail_questions-three-(floats)
189fddd2-8eba-4b46-ba1e-ad8fec4d5a0b,first-party-document,0,0,"{""obverse"": ""monty-python-and-the-holy-grail_monty-python-and-the-holy-grail_questions-three-(gilliam)"", ""reverse"": ""monty-python-and-the-holy-grail_card-back""}","{""name_printed"": ""Questions Three"", ""functional_disambiguator"": ""Gilliam"", ""rarity"": ""Common"", ""number"": ""237"", ""type"": ""Questions"", ""item_dimensions"": ""{\u0022height\u0022: \u00223.5\u0022, \u0022width\u0022: \u00222.5\u0022, \u0022unit\u0022: \u0022inch\u0022}""}",8ad40f3e-887a-40a6-b6b3-61eb66161ef4,6044a07c-4719-4505-bac3-d5356dc2e3a0,Questions Three (Gilliam),Questions Three (Gilliam),{},monty-python-and-the-holy-grail_monty-python-and-the-holy-grail_questions-three-(gilliam)
7eae8a01-ff0a-4614-bc72-718f2f784b56,first-party-document,0,0,"{""obverse"": ""monty-python-and-the-holy-grail_monty-python-and-the-holy-grail_questions-three-(idle)"", ""reverse"": ""monty-python-and-the-holy-grail_card-back""}","{""name_printed"": ""Questions Three"", ""functional_disambiguator"": ""Idle"", ""rarity"": ""Common"", ""number"": ""238"", ""type"": ""Questions"", ""item_dimensions"": ""{\u0022height\u0022: \u00223.5\u0022, \u0022width\u0022: \u00222.5\u0022, \u0022unit\u0022: \u0022inch\u0022}""}",8ad40f3e-887a-40a6-b6b3-61eb66161ef4,6044a07c-4719-4505-bac3-d5356dc2e3a0,Questions Three (Idle),Questions Three (Idle),{},monty-python-and-the-holy-grail_monty-python-and-the-holy-grail_questions-three-(idle)
434924bc-73d6-4dc5-a285-2ed86478a5d8,first-party-document,0,0,"{""obverse"": ""monty-python-and-the-holy-grail_monty-python-and-the-holy-grail_questions-three-(jones)"", ""reverse"": ""monty-python-and-the-holy-grail_card-back""}","{""name_printed"": ""Questions Three"", ""functional_disambiguator"": ""Jones"", ""rarity"": ""Common"", ""number"": ""239"", ""type"": ""Questions"", ""item_dimensions"": ""{\u0022height\u0022: \u00223.5\u0022, \u0022width\u0022: \u00222.5\u0022, \u0022unit\u0022: \u0022inch\u0022}""}",8ad40f3e-887a-40a6-b6b3-61eb66161ef4,6044a07c-4719-4505-bac3-d5356dc2e3a0,Questions Three (Jones),Questions Three (Jones),{},monty-python-and-the-holy-grail_monty-python-and-the-holy-grail_questions-three-(jones)
c28898ac-e3c9-4d8d-a64d-6b59d8d5b632,first-party-document,0,0,"{""obverse"": ""monty-python-and-the-holy-grail_monty-python-and-the-holy-grail_questions-three-(king-arthur)"", ""reverse"": ""monty-python-and-the-holy-grail_card-back""}","{""name_printed"": ""Questions Three"", ""functional_disambiguator"": ""King Arthur"", ""rarity"": ""Common"", ""number"": ""240"", ""type"": ""Questions"", ""item_dimensions"": ""{\u0022height\u0022: \u00223.5\u0022, \u0022width\u0022: \u00222.5\u0022, \u0022unit\u0022: \u0022inch\u0022}""}",8ad40f3e-887a-40a6-b6b3-61eb66161ef4,6044a07c-4719-4505-bac3-d5356dc2e3a0,Questions Three (King Arthur),Questions Three (King Arthur),{},monty-python-and-the-holy-grail_monty-python-and-the-holy-grail_questions-three-(king-arthur)
2aa93a28-8c7d-47d7-90d9-a73184945254,first-party-document,0,0,"{""obverse"": ""monty-python-and-the-holy-grail_monty-python-and-the-holy-grail_questions-three-(palin)"", ""reverse"": ""monty-python-and-the-holy-grail_card-back""}","{""name_printed"": ""Questions Three"", ""functional_disambiguator"": ""Palin"", ""rarity"": ""Common"", ""number"": ""241"", ""type"": ""Questions"", ""item_dimensions"": ""{\u0022height\u0022: \u00223.5\u0022, \u0022width\u0022: \u00222.5\u0022, \u0022unit\u0022: \u0022inch\u0022}""}",8ad40f3e-887a-40a6-b6b3-61eb66161ef4,6044a07c-4719-4505-bac3-d5356dc2e3a0,Questions Three (Palin),Questions Three (Palin),{},monty-python-and-the-holy-grail_monty-python-and-the-holy-grail_questions-three-(palin)
9f4a3a6a-eb00-484b-bbbf-95d6918a0e28,first-party-document,0,0,"{""obverse"": ""monty-python-and-the-holy-grail_monty-python-and-the-holy-grail_questions-three-(penalty)"", ""reverse"": ""monty-python-and-the-holy-grail_card-back""}","{""name_printed"": ""Questions Three"", ""functional_disambiguator"": ""Penalty"", ""rarity"": ""Common"", ""number"": ""242"", ""type"": ""Questions"", ""item_dimensions"": ""{\u0022height\u0022: \u00223.5\u0022, \u0022width\u0022: \u00222.5\u0022, \u0022unit\u0022: \u0022inch\u0022}""}",8ad40f3e-887a-40a6-b6b3-61eb66161ef4,6044a07c-4719-4505-bac3-d5356dc2e3a0,Questions Three (Penalty),Questions Three (Penalty),{},monty-python-and-the-holy-grail_monty-python-and-the-holy-grail_questions-three-(penalty)
d4b04ced-0f13-4c5f-9c6f-b5f401cf8e51,first-party-document,0,0,"{""obverse"": ""monty-python-and-the-holy-grail_monty-python-and-the-holy-grail_questions-three-(scene-24)"", ""reverse"": ""monty-python-and-the-holy-grail_card-back""}","{""name_printed"": ""Questions Three"", ""functional_disambiguator"": ""Scene 24"", ""rarity"": ""Uncommon"", ""number"": ""243"", ""type"": ""Questions"", ""item_dimensions"": ""{\u0022height\u0022: \u00223.5\u0022, \u0022width\u0022: \u00222.5\u0022, \u0022unit\u0022: \u0022inch\u0022}""}",8ad40f3e-887a-40a6-b6b3-61eb66161ef4,6044a07c-4719-4505-bac3-d5356dc2e3a0,Questions Three (Scene 24),Questions Three (Scene 24),{},monty-python-and-the-holy-grail_monty-python-and-the-holy-grail_questions-three-(scene-24)
a64bb4fe-f599-4bd5-9950-bea627b2b598,first-party-document,0,0,"{""obverse"": ""monty-python-and-the-holy-grail_monty-python-and-the-holy-grail_questions-three-(unladen-swallow)"", ""reverse"": ""monty-python-and-the-holy-grail_card-back""}","{""name_printed"": ""Questions Three"", ""functional_disambiguator"": ""Unladen Swallow"", ""rarity"": ""Common"", ""number"": ""244"", ""type"": ""Questions"", ""item_dimensions"": ""{\u0022height\u0022: \u00223.5\u0022, \u0022width\u0022: \u00222.5\u0022, \u0022unit\u0022: \u0022inch\u0022}""}",8ad40f3e-887a-40a6-b6b3-61eb66161ef4,6044a07c-4719-4505-bac3-d5356dc2e3a0,Questions Three (Unladen Swallow),Questions Three (Unladen Swallow),{},monty-python-and-the-holy-grail_monty-python-and-the-holy-grail_questions-three-(unladen-swallow)
0c08f3bf-01dc-4331-9764-875954a0bda0,first-party-document,0,0,"{""obverse"": ""monty-python-and-the-holy-grail_monty-python-and-the-holy-grail_questions-three-(writers)"", ""reverse"": ""monty-python-and-the-holy-grail_card-back""}","{""name_printed"": ""Questions Three"", ""functional_disambiguator"": ""Writers"", ""rarity"": ""Common"", ""number"": ""245"", ""type"": ""Questions"", ""item_dimensions"": ""{\u0022height\u0022: \u00223.5\u0022, \u0022width\u0022: \u00222.5\u0022, \u0022unit\u0022: \u0022inch\u0022}""}",8ad40f3e-887a-40a6-b6b3-61eb66161ef4,6044a07c-4719-4505-bac3-d5356dc2e3a0,Questions Three (Writers),Questions Three (Writers),{},monty-python-and-the-holy-grail_monty-python-and-the-holy-grail_questions-three-(writers)
f3188b43-198c-44d8-a48e-7c3440266387,first-party-document,0,0,"{""obverse"": ""monty-python-and-the-holy-grail_monty-python-and-the-holy-grail_remain-gone"", ""reverse"": ""monty-python-and-the-holy-grail_card-back""}","{""name_printed"": ""Remain Gone"", ""rarity"": ""Uncommon"", ""number"": ""246"", ""type"": ""Taunt"", ""item_dimensions"": ""{\u0022height\u0022: \u00223.5\u0022, \u0022width\u0022: \u00222.5\u0022, \u0022unit\u0022: \u0022inch\u0022}""}",8ad40f3e-887a-40a6-b6b3-61eb66161ef4,6044a07c-4719-4505-bac3-d5356dc2e3a0,Remain Gone,Remain Gone,{},monty-python-and-the-holy-grail_monty-python-and-the-holy-grail_remain-gone
b3ca5818-f8cd-4cfd-b0b2-ac0e38bf84fd,first-party-document,0,0,"{""obverse"": ""monty-python-and-the-holy-grail_monty-python-and-the-holy-grail_repression"", ""reverse"": ""monty-python-and-the-holy-grail_card-back""}","{""name_printed"": ""Repression"", ""rarity"": ""Common"", ""number"": ""247"", ""type"": ""Event"", ""item_dimensions"": ""{\u0022height\u0022: \u00223.5\u0022, \u0022width\u0022: \u00222.5\u0022, \u0022unit\u0022: \u0022inch\u0022}""}",8ad40f3e-887a-40a6-b6b3-61eb66161ef4,6044a07c-4719-4505-bac3-d5356dc2e3a0,Repression,Repression,{},monty-python-and-the-holy-grail_monty-python-and-the-holy-grail_repression
b743f54d-a922-4046-b537-7163514c5021,item,1,0,"{""obverse"": ""monty-python-and-the-holy-grail_monty-python-and-the-holy-grail_kingdom-of-rheged"", ""reverse"": ""monty-python-and-the-holy-grail_card-back""}","{""name_printed"": ""Kingdom of Rheged"", ""rarity"": ""Common"", ""number"": ""248"", ""type"": ""Land"", ""item_dimensions"": ""{\u0022height\u0022: \u00223.5\u0022, \u0022width\u0022: \u00222.5\u0022, \u0022unit\u0022: \u0022inch\u0022}""}",8ad40f3e-887a-40a6-b6b3-61eb66161ef4,6044a07c-4719-4505-bac3-d5356dc2e3a0,Kingdom of Rheged,Kingdom of Rheged,{},monty-python-and-the-holy-grail_monty-python-and-the-holy-grail_kingdom-of-rheged
f40e9b76-0119-4ba7-8844-75105cb03cb5,item,1,0,"{""obverse"": ""monty-python-and-the-holy-grail_monty-python-and-the-holy-grail_sir-robin,-the-not-quite-so-brave-as-sir-lancelot"", ""reverse"": ""monty-python-and-the-holy-grail_card-back""}","{""name_printed"": ""Sir Robin, the Not-Quite-So-Brave-As-Sir-Lancelot"", ""rarity"": ""Fixed"", ""number"": ""249"", ""type"": ""Knight"", ""item_dimensions"": ""{\u0022height\u0022: \u00223.5\u0022, \u0022width\u0022: \u00222.5\u0022, \u0022unit\u0022: \u0022inch\u0022}""}",8ad40f3e-887a-40a6-b6b3-61eb66161ef4,6044a07c-4719-4505-bac3-d5356dc2e3a0,"Sir Robin, the Not-Quite-So-Brave-As-Sir-Lancelot","Sir Robin, the Not-Quite-So-Brave-As-Sir-Lancelot",{},"monty-python-and-the-holy-grail_monty-python-and-the-holy-grail_sir-robin,-the-not-quite-so-brave-as-sir-lancelot"
d09338a0-e3ea-4413-afca-45dbddf5fa98,first-party-document,0,0,"{""obverse"": ""monty-python-and-the-holy-grail_monty-python-and-the-holy-grail_roger-the-shrubber"", ""reverse"": ""monty-python-and-the-holy-grail_card-back""}","{""name_printed"": ""Roger the Shrubber"", ""rarity"": ""Rare"", ""number"": ""250"", ""type"": ""Persona"", ""item_dimensions"": ""{\u0022height\u0022: \u00223.5\u0022, \u0022width\u0022: \u00222.5\u0022, \u0022unit\u0022: \u0022inch\u0022}""}",8ad40f3e-887a-40a6-b6b3-61eb66161ef4,6044a07c-4719-4505-bac3-d5356dc2e3a0,Roger the Shrubber,Roger the Shrubber,{},monty-python-and-the-holy-grail_monty-python-and-the-holy-grail_roger-the-shrubber
fd25b6fd-a367-40b0-807a-7e034ea62635,first-party-document,0,0,"{""obverse"": ""monty-python-and-the-holy-grail_monty-python-and-the-holy-grail_rope"", ""reverse"": ""monty-python-and-the-holy-grail_card-back""}","{""name_printed"": ""Rope"", ""rarity"": ""Common"", ""number"": ""251"", ""type"": ""Item"", ""item_dimensions"": ""{\u0022height\u0022: \u00223.5\u0022, \u0022width\u0022: \u00222.5\u0022, \u0022unit\u0022: \u0022inch\u0022}""}",8ad40f3e-887a-40a6-b6b3-61eb66161ef4,6044a07c-4719-4505-bac3-d5356dc2e3a0,Rope,Rope,{},monty-python-and-the-holy-grail_monty-python-and-the-holy-grail_rope
2af2c433-ae88-4f2b-9837-e158a9af76bf,item,1,0,"{""obverse"": ""monty-python-and-the-holy-grail_monty-python-and-the-holy-grail_ruined-village"", ""reverse"": ""monty-python-and-the-holy-grail_card-back""}","{""name_printed"": ""Ruined Village"", ""rarity"": ""Common"", ""number"": ""252"", ""type"": ""Village"", ""item_dimensions"": ""{\u0022height\u0022: \u00223.5\u0022, \u0022width\u0022: \u00222.5\u0022, \u0022unit\u0022: \u0022inch\u0022}""}",8ad40f3e-887a-40a6-b6b3-61eb66161ef4,6044a07c-4719-4505-bac3-d5356dc2e3a0,Ruined Village,Ruined Village,{},monty-python-and-the-holy-grail_monty-python-and-the-holy-grail_ruined-village
6ad78b48-12e5-48bf-adc3-12034ec534f8,first-party-document,0,0,"{""obverse"": ""monty-python-and-the-holy-grail_monty-python-and-the-holy-grail_run-away"", ""reverse"": ""monty-python-and-the-holy-grail_card-back""}","{""name_printed"": ""Run Away"", ""rarity"": ""Uncommon"", ""number"": ""253"", ""type"": ""Event"", ""item_dimensions"": ""{\u0022height\u0022: \u00223.5\u0022, \u0022width\u0022: \u00222.5\u0022, \u0022unit\u0022: \u0022inch\u0022}""}",8ad40f3e-887a-40a6-b6b3-61eb66161ef4,6044a07c-4719-4505-bac3-d5356dc2e3a0,Run Away,Run Away,{},monty-python-and-the-holy-grail_monty-python-and-the-holy-grail_run-away
ba1c0fe2-07b6-4bef-8b2b-16145a0377d9,first-party-document,0,0,"{""obverse"": ""monty-python-and-the-holy-grail_monty-python-and-the-holy-grail_sank-into-the-swamp"", ""reverse"": ""monty-python-and-the-holy-grail_card-back""}","{""name_printed"": ""Sank into the Swamp"", ""rarity"": ""Uncommon"", ""number"": ""254"", ""type"": ""Event"", ""item_dimensions"": ""{\u0022height\u0022: \u00223.5\u0022, \u0022width\u0022: \u00222.5\u0022, \u0022unit\u0022: \u0022inch\u0022}""}",8ad40f3e-887a-40a6-b6b3-61eb66161ef4,6044a07c-4719-4505-bac3-d5356dc2e3a0,Sank into the Swamp,Sank into the Swamp,{},monty-python-and-the-holy-grail_monty-python-and-the-holy-grail_sank-into-the-swamp
7a631874-7666-4ccf-849b-cba2e96a217a,first-party-document,0,0,"{""obverse"": ""monty-python-and-the-holy-grail_monty-python-and-the-holy-grail_science"", ""reverse"": ""monty-python-and-the-holy-grail_card-back""}","{""name_printed"": ""Science"", ""rarity"": ""Uncommon"", ""number"": ""255"", ""type"": ""Event"", ""item_dimensions"": ""{\u0022height\u0022: \u00223.5\u0022, \u0022width\u0022: \u00222.5\u0022, \u0022unit\u0022: \u0022inch\u0022}""}",8ad40f3e-887a-40a6-b6b3-61eb66161ef4,6044a07c-4719-4505-bac3-d5356dc2e3a0,Science,Science,{},monty-python-and-the-holy-grail_monty-python-and-the-holy-grail_science
54070c5e-fc07-4d6c-81ee-fe3161eec155,first-party-document,0,0,"{""obverse"": ""monty-python-and-the-holy-grail_monty-python-and-the-holy-grail_scotland"", ""reverse"": ""monty-python-and-the-holy-grail_card-back""}","{""name_printed"": ""Scotland"", ""rarity"": ""Uncommon"", ""number"": ""256"", ""type"": ""Land"", ""item_dimensions"": ""{\u0022height\u0022: \u00223.5\u0022, \u0022width\u0022: \u00222.5\u0022, \u0022unit\u0022: \u0022inch\u0022}""}",8ad40f3e-887a-40a6-b6b3-61eb66161ef4,6044a07c-4719-4505-bac3-d5356dc2e3a0,Scotland,Scotland,{},monty-python-and-the-holy-grail_monty-python-and-the-holy-grail_scotland
a0a4f30b-f7d8-4d74-8092-db8fdbb4b9f9,first-party-document,0,0,"{""obverse"": ""monty-python-and-the-holy-grail_monty-python-and-the-holy-grail_a-scratch"", ""reverse"": ""monty-python-and-the-holy-grail_card-back""}","{""name_printed"": ""A Scratch"", ""rarity"": ""Common"", ""number"": ""257"", ""type"": ""Event"", ""item_dimensions"": ""{\u0022height\u0022: \u00223.5\u0022, \u0022width\u0022: \u00222.5\u0022, \u0022unit\u0022: \u0022inch\u0022}""}",8ad40f3e-887a-40a6-b6b3-61eb66161ef4,6044a07c-4719-4505-bac3-d5356dc2e3a0,A Scratch,A Scratch,{},monty-python-and-the-holy-grail_monty-python-and-the-holy-grail_a-scratch
dd0cb872-fa09-40f9-bd7a-6bbdff1847a2,first-party-document,0,0,"{""obverse"": ""monty-python-and-the-holy-grail_monty-python-and-the-holy-grail_scribe"", ""reverse"": ""monty-python-and-the-holy-grail_card-back""}","{""name_printed"": ""Scribe"", ""rarity"": ""Rare"", ""number"": ""258"", ""type"": ""Persona"", ""item_dimensions"": ""{\u0022height\u0022: \u00223.5\u0022, \u0022width\u0022: \u00222.5\u0022, \u0022unit\u0022: \u0022inch\u0022}""}",8ad40f3e-887a-40a6-b6b3-61eb66161ef4,6044a07c-4719-4505-bac3-d5356dc2e3a0,Scribe,Scribe,{},monty-python-and-the-holy-grail_monty-python-and-the-holy-grail_scribe
1fa426c3-b57d-4a77-98a3-a37dcf6be13f,first-party-document,0,0,"{""obverse"": ""monty-python-and-the-holy-grail_monty-python-and-the-holy-grail_scroll-of-sacred-words-(nee-wom)"", ""reverse"": ""monty-python-and-the-holy-grail_card-back""}","{""name_printed"": ""Scroll of Sacred Words"", ""functional_disambiguator"": ""Nee-wom"", ""rarity"": ""Rare"", ""number"": ""259"", ""type"": ""Item"", ""item_dimensions"": ""{\u0022height\u0022: \u00223.5\u0022, \u0022width\u0022: \u00222.5\u0022, \u0022unit\u0022: \u0022inch\u0022}""}",8ad40f3e-887a-40a6-b6b3-61eb66161ef4,6044a07c-4719-4505-bac3-d5356dc2e3a0,Scroll of Sacred Words (Nee-wom),Scroll of Sacred Words (Nee-wom),{},monty-python-and-the-holy-grail_monty-python-and-the-holy-grail_scroll-of-sacred-words-(nee-wom)
2d609cd3-bf39-4a90-acb4-d30036410fdd,first-party-document,0,0,"{""obverse"": ""monty-python-and-the-holy-grail_monty-python-and-the-holy-grail_scroll-of-sacred-words-(ni)"", ""reverse"": ""monty-python-and-the-holy-grail_card-back""}","{""name_printed"": ""Scroll of Sacred Words"", ""functional_disambiguator"": ""Ni"", ""rarity"": ""Common"", ""number"": ""260"", ""type"": ""Item"", ""item_dimensions"": ""{\u0022height\u0022: \u00223.5\u0022, \u0022width\u0022: \u00222.5\u0022, \u0022unit\u0022: \u0022inch\u0022}""}",8ad40f3e-887a-40a6-b6b3-61eb66161ef4,6044a07c-4719-4505-bac3-d5356dc2e3a0,Scroll of Sacred Words (Ni),Scroll of Sacred Words (Ni),{},monty-python-and-the-holy-grail_monty-python-and-the-holy-grail_scroll-of-sacred-words-(ni)
746652c4-6bca-41cf-a0cf-c2f3b6f37e14,first-party-document,0,0,"{""obverse"": ""monty-python-and-the-holy-grail_monty-python-and-the-holy-grail_scroll-of-sacred-words-(peng)"", ""reverse"": ""monty-python-and-the-holy-grail_card-back""}","{""name_printed"": ""Scroll of Sacred Words"", ""functional_disambiguator"": ""Peng"", ""rarity"": ""Uncommon"", ""number"": ""261"", ""type"": ""Item"", ""item_dimensions"": ""{\u0022height\u0022: \u00223.5\u0022, \u0022width\u0022: \u00222.5\u0022, \u0022unit\u0022: \u0022inch\u0022}""}",8ad40f3e-887a-40a6-b6b3-61eb66161ef4,6044a07c-4719-4505-bac3-d5356dc2e3a0,Scroll of Sacred Words (Peng),Scroll of Sacred Words (Peng),{},monty-python-and-the-holy-grail_monty-python-and-the-holy-grail_scroll-of-sacred-words-(peng)
c7f048e9-269c-4dc4-9a24-41d40f2e7d8a,first-party-document,0,0,"{""obverse"": ""monty-python-and-the-holy-grail_monty-python-and-the-holy-grail_sea-of-fate"", ""reverse"": ""monty-python-and-the-holy-grail_card-back""}","{""name_printed"": ""Sea of Fate"", ""rarity"": ""Rare"", ""number"": ""262"", ""type"": ""Land"", ""item_dimensions"": ""{\u0022height\u0022: \u00223.5\u0022, \u0022width\u0022: \u00222.5\u0022, \u0022unit\u0022: \u0022inch\u0022}""}",8ad40f3e-887a-40a6-b6b3-61eb66161ef4,6044a07c-4719-4505-bac3-d5356dc2e3a0,Sea of Fate,Sea of Fate,{},monty-python-and-the-holy-grail_monty-python-and-the-holy-grail_sea-of-fate
4803fe05-e377-4ee4-b0a1-89ed4f8bf8d6,first-party-document,0,0,"{""obverse"": ""monty-python-and-the-holy-grail_monty-python-and-the-holy-grail_seasons"", ""reverse"": ""monty-python-and-the-holy-grail_card-back""}","{""name_printed"": ""Seasons"", ""rarity"": ""Uncommon"", ""number"": ""263"", ""type"": ""Event"", ""item_dimensions"": ""{\u0022height\u0022: \u00223.5\u0022, \u0022width\u0022: \u00222.5\u0022, \u0022unit\u0022: \u0022inch\u0022}""}",8ad40f3e-887a-40a6-b6b3-61eb66161ef4,6044a07c-4719-4505-bac3-d5356dc2e3a0,Seasons,Seasons,{},monty-python-and-the-holy-grail_monty-python-and-the-holy-grail_seasons
fd894a6a-af67-4221-b594-c44273e94387,first-party-document,0,0,"{""obverse"": ""monty-python-and-the-holy-grail_monty-python-and-the-holy-grail_second-time"", ""reverse"": ""monty-python-and-the-holy-grail_card-back""}","{""name_printed"": ""Second Time"", ""rarity"": ""Rare"", ""number"": ""264"", ""type"": ""Event"", ""item_dimensions"": ""{\u0022height\u0022: \u00223.5\u0022, \u0022width\u0022: \u00222.5\u0022, \u0022unit\u0022: \u0022inch\u0022}""}",8ad40f3e-887a-40a6-b6b3-61eb66161ef4,6044a07c-4719-4505-bac3-d5356dc2e3a0,Second Time,Second Time,{},monty-python-and-the-holy-grail_monty-python-and-the-holy-grail_second-time
7728dd92-7627-40e5-a070-673332c23488,first-party-document,0,0,"{""obverse"": ""monty-python-and-the-holy-grail_monty-python-and-the-holy-grail_secret-word"", ""reverse"": ""monty-python-and-the-holy-grail_card-back""}","{""name_printed"": ""Secret Word"", ""rarity"": ""Rare"", ""number"": ""265"", ""type"": ""Event"", ""item_dimensions"": ""{\u0022height\u0022: \u00223.5\u0022, \u0022width\u0022: \u00222.5\u0022, \u0022unit\u0022: \u0022inch\u0022}""}",8ad40f3e-887a-40a6-b6b3-61eb66161ef4,6044a07c-4719-4505-bac3-d5356dc2e3a0,Secret Word,Secret Word,{},monty-python-and-the-holy-grail_monty-python-and-the-holy-grail_secret-word
1c41a401-e69c-4d28-9c90-deb3e5c216d6,first-party-document,0,0,"{""obverse"": ""monty-python-and-the-holy-grail_monty-python-and-the-holy-grail_seeking"", ""reverse"": ""monty-python-and-the-holy-grail_card-back""}","{""name_printed"": ""Seeking"", ""rarity"": ""Rare"", ""number"": ""266"", ""type"": ""Event"", ""item_dimensions"": ""{\u0022height\u0022: \u00223.5\u0022, \u0022width\u0022: \u00222.5\u0022, \u0022unit\u0022: \u0022inch\u0022}""}",8ad40f3e-887a-40a6-b6b3-61eb66161ef4,6044a07c-4719-4505-bac3-d5356dc2e3a0,Seeking,Seeking,{},monty-python-and-the-holy-grail_monty-python-and-the-holy-grail_seeking
17ac5e59-c028-48bf-9085-34d7a8095a65,first-party-document,0,0,"{""obverse"": ""monty-python-and-the-holy-grail_monty-python-and-the-holy-grail_shrubbery"", ""reverse"": ""monty-python-and-the-holy-grail_card-back""}","{""name_printed"": ""Shrubbery"", ""rarity"": ""Uncommon"", ""number"": ""267"", ""type"": ""Item"", ""item_dimensions"": ""{\u0022height\u0022: \u00223.5\u0022, \u0022width\u0022: \u00222.5\u0022, \u0022unit\u0022: \u0022inch\u0022}""}",8ad40f3e-887a-40a6-b6b3-61eb66161ef4,6044a07c-4719-4505-bac3-d5356dc2e3a0,Shrubbery,Shrubbery,{},monty-python-and-the-holy-grail_monty-python-and-the-holy-grail_shrubbery
13511bd6-c7bd-4ee8-b6d0-36f6fafec72c,first-party-document,0,0,"{""obverse"": ""monty-python-and-the-holy-grail_monty-python-and-the-holy-grail_a-silly-place"", ""reverse"": ""monty-python-and-the-holy-grail_card-back""}","{""name_printed"": ""A Silly Place"", ""rarity"": ""Common"", ""number"": ""268"", ""type"": ""Event"", ""item_dimensions"": ""{\u0022height\u0022: \u00223.5\u0022, \u0022width\u0022: \u00222.5\u0022, \u0022unit\u0022: \u0022inch\u0022}""}",8ad40f3e-887a-40a6-b6b3-61eb66161ef4,6044a07c-4719-4505-bac3-d5356dc2e3a0,A Silly Place,A Silly Place,{},monty-python-and-the-holy-grail_monty-python-and-the-holy-grail_a-silly-place
320e7631-a9ef-4b25-9465-c9eb0b94e912,item,1,0,"{""obverse"": ""monty-python-and-the-holy-grail_monty-python-and-the-holy-grail_sir-not-appearing-in-this-film"", ""reverse"": ""monty-python-and-the-holy-grail_card-back""}","{""name_printed"": ""Sir Not-Appearing-in-this-Film"", ""rarity"": ""Common"", ""number"": ""269"", ""type"": ""Knight"", ""item_dimensions"": ""{\u0022height\u0022: \u00223.5\u0022, \u0022width\u0022: \u00222.5\u0022, \u0022unit\u0022: \u0022inch\u0022}""}",8ad40f3e-887a-40a6-b6b3-61eb66161ef4,6044a07c-4719-4505-bac3-d5356dc2e3a0,Sir Not-Appearing-in-this-Film,Sir Not-Appearing-in-this-Film,{},monty-python-and-the-holy-grail_monty-python-and-the-holy-grail_sir-not-appearing-in-this-film
0a9e4fd1-2ea3-47a2-8aa9-ded113838c26,first-party-document,0,0,"{""obverse"": ""monty-python-and-the-holy-grail_monty-python-and-the-holy-grail_sir-paste-your-picture-here"", ""reverse"": ""monty-python-and-the-holy-grail_card-back""}","{""name_printed"": ""Sir Paste Your Picture Here"", ""rarity"": ""Common"", ""number"": ""270"", ""type"": ""Knight"", ""item_dimensions"": ""{\u0022height\u0022: \u00223.5\u0022, \u0022width\u0022: \u00222.5\u0022, \u0022unit\u0022: \u0022inch\u0022}""}",8ad40f3e-887a-40a6-b6b3-61eb66161ef4,6044a07c-4719-4505-bac3-d5356dc2e3a0,Sir Paste Your Picture Here,Sir Paste Your Picture Here,{},monty-python-and-the-holy-grail_monty-python-and-the-holy-grail_sir-paste-your-picture-here
cf083f3f-07e6-4077-9a5b-87bb9b3bd915,item,1,0,"{""obverse"": ""monty-python-and-the-holy-grail_monty-python-and-the-holy-grail_sir-pram-a-lot"", ""reverse"": ""monty-python-and-the-holy-grail_card-back""}","{""name_printed"": ""Sir Pram-a-Lot"", ""rarity"": ""Uncommon"", ""number"": ""271"", ""type"": ""Knight"", ""item_dimensions"": ""{\u0022height\u0022: \u00223.5\u0022, \u0022width\u0022: \u00222.5\u0022, \u0022unit\u0022: \u0022inch\u0022}""}",8ad40f3e-887a-40a6-b6b3-61eb66161ef4,6044a07c-4719-4505-bac3-d5356dc2e3a0,Sir Pram-a-Lot,Sir Pram-a-Lot,{},monty-python-and-the-holy-grail_monty-python-and-the-holy-grail_sir-pram-a-lot
fade93c3-3447-44a8-9796-94ab2adcd5ce,first-party-document,0,0,"{""obverse"": ""monty-python-and-the-holy-grail_monty-python-and-the-holy-grail_sir-robin's-minstrels"", ""reverse"": ""monty-python-and-the-holy-grail_card-back""}","{""name_printed"": ""Sir Robin's Minstrels"", ""rarity"": ""Common"", ""number"": ""272"", ""type"": ""Persona"", ""item_dimensions"": ""{\u0022height\u0022: \u00223.5\u0022, \u0022width\u0022: \u00222.5\u0022, \u0022unit\u0022: \u0022inch\u0022}""}",8ad40f3e-887a-40a6-b6b3-61eb66161ef4,6044a07c-4719-4505-bac3-d5356dc2e3a0,Sir Robin's Minstrels,Sir Robin's Minstrels,{},monty-python-and-the-holy-grail_monty-python-and-the-holy-grail_sir-robin's-minstrels
110f10c6-906a-4afa-b20e-e2950efcab64,first-party-document,0,0,"{""obverse"": ""monty-python-and-the-holy-grail_monty-python-and-the-holy-grail_slaying-of-the-historian"", ""reverse"": ""monty-python-and-the-holy-grail_card-back""}","{""name_printed"": ""Slaying of the Historian"", ""rarity"": ""Rare"", ""number"": ""273"", ""type"": ""Event"", ""item_dimensions"": ""{\u0022height\u0022: \u00223.5\u0022, \u0022width\u0022: \u00222.5\u0022, \u0022unit\u0022: \u0022inch\u0022}""}",8ad40f3e-887a-40a6-b6b3-61eb66161ef4,6044a07c-4719-4505-bac3-d5356dc2e3a0,Slaying of the Historian,Slaying of the Historian,{},monty-python-and-the-holy-grail_monty-python-and-the-holy-grail_slaying-of-the-historian
db3fe631-2b6d-4e0a-a0d4-f49455e95627,first-party-document,0,0,"{""obverse"": ""monty-python-and-the-holy-grail_monty-python-and-the-holy-grail_a-spanking"", ""reverse"": ""monty-python-and-the-holy-grail_card-back""}","{""name_printed"": ""A Spanking"", ""rarity"": ""Rare"", ""number"": ""275"", ""type"": ""Event"", ""item_dimensions"": ""{\u0022height\u0022: \u00223.5\u0022, \u0022width\u0022: \u00222.5\u0022, \u0022unit\u0022: \u0022inch\u0022}""}",8ad40f3e-887a-40a6-b6b3-61eb66161ef4,6044a07c-4719-4505-bac3-d5356dc2e3a0,A Spanking,A Spanking,{},monty-python-and-the-holy-grail_monty-python-and-the-holy-grail_a-spanking
5457f779-f7fa-4c56-a0db-c84309c6cd86,first-party-document,0,0,"{""obverse"": ""monty-python-and-the-holy-grail_monty-python-and-the-holy-grail_stone-dead"", ""reverse"": ""monty-python-and-the-holy-grail_card-back""}","{""name_printed"": ""Stone Dead"", ""rarity"": ""Rare"", ""number"": ""276"", ""type"": ""Event"", ""item_dimensions"": ""{\u0022height\u0022: \u00223.5\u0022, \u0022width\u0022: \u00222.5\u0022, \u0022unit\u0022: \u0022inch\u0022}""}",8ad40f3e-887a-40a6-b6b3-61eb66161ef4,6044a07c-4719-4505-bac3-d5356dc2e3a0,Stone Dead,Stone Dead,{},monty-python-and-the-holy-grail_monty-python-and-the-holy-grail_stone-dead
cdbc7f93-3c5a-47c1-84a4-79de67e3f9ec,first-party-document,0,0,"{""obverse"": ""monty-python-and-the-holy-grail_monty-python-and-the-holy-grail_kingdom-of-strangore"", ""reverse"": ""monty-python-and-the-holy-grail_card-back""}","{""name_printed"": ""Kingdom of Strangore"", ""rarity"": ""Rare"", ""number"": ""277"", ""type"": ""Land"", ""item_dimensions"": ""{\u0022height\u0022: \u00223.5\u0022, \u0022width\u0022: \u00222.5\u0022, \u0022unit\u0022: \u0022inch\u0022}""}",8ad40f3e-887a-40a6-b6b3-61eb66161ef4,6044a07c-4719-4505-bac3-d5356dc2e3a0,Kingdom of Strangore,Kingdom of Strangore,{},monty-python-and-the-holy-grail_monty-python-and-the-holy-grail_kingdom-of-strangore
73723b72-77bf-4ab7-900c-f209b46329a1,first-party-document,0,0,"{""obverse"": ""monty-python-and-the-holy-grail_monty-python-and-the-holy-grail_strength"", ""reverse"": ""monty-python-and-the-holy-grail_card-back""}","{""name_printed"": ""Strength"", ""rarity"": ""Uncommon"", ""number"": ""278"", ""type"": ""Event"", ""item_dimensions"": ""{\u0022height\u0022: \u00223.5\u0022, \u0022width\u0022: \u00222.5\u0022, \u0022unit\u0022: \u0022inch\u0022}""}",8ad40f3e-887a-40a6-b6b3-61eb66161ef4,6044a07c-4719-4505-bac3-d5356dc2e3a0,Strength,Strength,{},monty-python-and-the-holy-grail_monty-python-and-the-holy-grail_strength
de1e9290-4094-4c88-befa-f611c45635a6,first-party-document,0,0,"{""obverse"": ""monty-python-and-the-holy-grail_monty-python-and-the-holy-grail_castle-surhaute"", ""reverse"": ""monty-python-and-the-holy-grail_card-back""}","{""name_printed"": ""Castle Surhaute"", ""rarity"": ""Rare"", ""number"": ""279"", ""type"": ""Castle"", ""item_dimensions"": ""{\u0022height\u0022: \u00223.5\u0022, \u0022width\u0022: \u00222.5\u0022, \u0022unit\u0022: \u0022inch\u0022}""}",8ad40f3e-887a-40a6-b6b3-61eb66161ef4,6044a07c-4719-4505-bac3-d5356dc2e3a0,Castle Surhaute,Castle Surhaute,{},monty-python-and-the-holy-grail_monty-python-and-the-holy-grail_castle-surhaute
06d9f9e2-b210-45de-b2ad-220bd94f7d9e,first-party-document,0,0,"{""obverse"": ""monty-python-and-the-holy-grail_monty-python-and-the-holy-grail_swamp-castle"", ""reverse"": ""monty-python-and-the-holy-grail_card-back""}","{""name_printed"": ""Swamp Castle"", ""rarity"": ""Common"", ""number"": ""280"", ""type"": ""Castle"", ""item_dimensions"": ""{\u0022height\u0022: \u00223.5\u0022, \u0022width\u0022: \u00222.5\u0022, \u0022unit\u0022: \u0022inch\u0022}""}",8ad40f3e-887a-40a6-b6b3-61eb66161ef4,6044a07c-4719-4505-bac3-d5356dc2e3a0,Swamp Castle,Swamp Castle,{},monty-python-and-the-holy-grail_monty-python-and-the-holy-grail_swamp-castle
b3bb2ae0-8941-4bce-b8d8-223e5203bf26,first-party-document,0,0,"{""obverse"": ""monty-python-and-the-holy-grail_monty-python-and-the-holy-grail_swamp"", ""reverse"": ""monty-python-and-the-holy-grail_card-back""}","{""name_printed"": ""Swamp"", ""rarity"": ""Uncommon"", ""number"": ""281"", ""type"": ""Land"", ""item_dimensions"": ""{\u0022height\u0022: \u00223.5\u0022, \u0022width\u0022: \u00222.5\u0022, \u0022unit\u0022: \u0022inch\u0022}""}",8ad40f3e-887a-40a6-b6b3-61eb66161ef4,6044a07c-4719-4505-bac3-d5356dc2e3a0,Swamp,Swamp,{},monty-python-and-the-holy-grail_monty-python-and-the-holy-grail_swamp
6b504dc1-3044-42bc-8f0b-d0a7782d84bb,first-party-document,0,0,"{""obverse"": ""monty-python-and-the-holy-grail_monty-python-and-the-holy-grail_tall-tower"", ""reverse"": ""monty-python-and-the-holy-grail_card-back""}","{""name_printed"": ""Tall Tower"", ""rarity"": ""Common"", ""number"": ""282"", ""type"": ""Castle"", ""item_dimensions"": ""{\u0022height\u0022: \u00223.5\u0022, \u0022width\u0022: \u00222.5\u0022, \u0022unit\u0022: \u0022inch\u0022}""}",8ad40f3e-887a-40a6-b6b3-61eb66161ef4,6044a07c-4719-4505-bac3-d5356dc2e3a0,Tall Tower,Tall Tower,{},monty-python-and-the-holy-grail_monty-python-and-the-holy-grail_tall-tower
353fdf65-92af-47eb-b613-b0d7f83cd305,first-party-document,0,0,"{""obverse"": ""monty-python-and-the-holy-grail_monty-python-and-the-holy-grail_tantrist-o'-the-white"", ""reverse"": ""monty-python-and-the-holy-grail_card-back""}","{""name_printed"": ""Tantrist O' the White"", ""rarity"": ""Rare"", ""number"": ""283"", ""type"": ""Knight"", ""item_dimensions"": ""{\u0022height\u0022: \u00223.5\u0022, \u0022width\u0022: \u00222.5\u0022, \u0022unit\u0022: \u0022inch\u0022}""}",8ad40f3e-887a-40a6-b6b3-61eb66161ef4,6044a07c-4719-4505-bac3-d5356dc2e3a0,Tantrist O' the White,Tantrist O' the White,{},monty-python-and-the-holy-grail_monty-python-and-the-holy-grail_tantrist-o'-the-white
b8b70a34-f002-4acd-82cd-a52eef8ad376,first-party-document,0,0,"{""obverse"": ""monty-python-and-the-holy-grail_monty-python-and-the-holy-grail_tea-&-biscuits"", ""reverse"": ""monty-python-and-the-holy-grail_card-back""}","{""name_printed"": ""Tea & Biscuits"", ""rarity"": ""Rare"", ""number"": ""284"", ""type"": ""Event"", ""item_dimensions"": ""{\u0022height\u0022: \u00223.5\u0022, \u0022width\u0022: \u00222.5\u0022, \u0022unit\u0022: \u0022inch\u0022}""}",8ad40f3e-887a-40a6-b6b3-61eb66161ef4,6044a07c-4719-4505-bac3-d5356dc2e3a0,Tea & Biscuits,Tea & Biscuits,{},monty-python-and-the-holy-grail_monty-python-and-the-holy-grail_tea-&-biscuits
670cfb90-f2f0-44b8-b32c-1676e42010ce,first-party-document,0,0,"{""obverse"": ""monty-python-and-the-holy-grail_monty-python-and-the-holy-grail_three-headed-knight"", ""reverse"": ""monty-python-and-the-holy-grail_card-back""}","{""name_printed"": ""Three-Headed Knight"", ""rarity"": ""Common"", ""number"": ""285"", ""type"": ""Adversary"", ""item_dimensions"": ""{\u0022height\u0022: \u00223.5\u0022, \u0022width\u0022: \u00222.5\u0022, \u0022unit\u0022: \u0022inch\u0022}""}",8ad40f3e-887a-40a6-b6b3-61eb66161ef4,6044a07c-4719-4505-bac3-d5356dc2e3a0,Three-Headed Knight,Three-Headed Knight,{},monty-python-and-the-holy-grail_monty-python-and-the-holy-grail_three-headed-knight
513a3a20-f382-4f9c-ad1f-206394982428,first-party-document,0,0,"{""obverse"": ""monty-python-and-the-holy-grail_monty-python-and-the-holy-grail_castle-tintagel"", ""reverse"": ""monty-python-and-the-holy-grail_card-back""}","{""name_printed"": ""Castle Tintagel"", ""rarity"": ""Uncommon"", ""number"": ""286"", ""type"": ""Castle"", ""item_dimensions"": ""{\u0022height\u0022: \u00223.5\u0022, \u0022width\u0022: \u00222.5\u0022, \u0022unit\u0022: \u0022inch\u0022}""}",8ad40f3e-887a-40a6-b6b3-61eb66161ef4,6044a07c-4719-4505-bac3-d5356dc2e3a0,Castle Tintagel,Castle Tintagel,{},monty-python-and-the-holy-grail_monty-python-and-the-holy-grail_castle-tintagel
3c1ebc54-f985-4d09-a99a-233bd01d6f9f,first-party-document,0,0,"{""obverse"": ""monty-python-and-the-holy-grail_monty-python-and-the-holy-grail_transgression"", ""reverse"": ""monty-python-and-the-holy-grail_card-back""}","{""name_printed"": ""Transgression"", ""rarity"": ""Uncommon"", ""number"": ""287"", ""type"": ""Event"", ""item_dimensions"": ""{\u0022height\u0022: \u00223.5\u0022, \u0022width\u0022: \u00222.5\u0022, \u0022unit\u0022: \u0022inch\u0022}""}",8ad40f3e-887a-40a6-b6b3-61eb66161ef4,6044a07c-4719-4505-bac3-d5356dc2e3a0,Transgression,Transgression,{},monty-python-and-the-holy-grail_monty-python-and-the-holy-grail_transgression
6e184048-23eb-40b2-a15d-803b3197bde0,first-party-document,0,0,"{""obverse"": ""monty-python-and-the-holy-grail_monty-python-and-the-holy-grail_sir-tristram"", ""reverse"": ""monty-python-and-the-holy-grail_card-back""}","{""name_printed"": ""Sir Tristram"", ""rarity"": ""Rare"", ""number"": ""288"", ""type"": ""Knight"", ""item_dimensions"": ""{\u0022height\u0022: \u00223.5\u0022, \u0022width\u0022: \u00222.5\u0022, \u0022unit\u0022: \u0022inch\u0022}""}",8ad40f3e-887a-40a6-b6b3-61eb66161ef4,6044a07c-4719-4505-bac3-d5356dc2e3a0,Sir Tristram,Sir Tristram,{},monty-python-and-the-holy-grail_monty-python-and-the-holy-grail_sir-tristram
e26d5e44-9fe3-4ed3-be2a-08b435d271b6,first-party-document,0,0,"{""obverse"": ""monty-python-and-the-holy-grail_monty-python-and-the-holy-grail_unclog-my-nose"", ""reverse"": ""monty-python-and-the-holy-grail_card-back""}","{""name_printed"": ""Unclog my Nose"", ""rarity"": ""Common"", ""number"": ""289"", ""type"": ""Taunt"", ""item_dimensions"": ""{\u0022height\u0022: \u00223.5\u0022, \u0022width\u0022: \u00222.5\u0022, \u0022unit\u0022: \u0022inch\u0022}""}",8ad40f3e-887a-40a6-b6b3-61eb66161ef4,6044a07c-4719-4505-bac3-d5356dc2e3a0,Unclog my Nose,Unclog my Nose,{},monty-python-and-the-holy-grail_monty-python-and-the-holy-grail_unclog-my-nose
334aa2d4-b011-4543-a1f3-fe072f86697b,first-party-document,0,0,"{""obverse"": ""monty-python-and-the-holy-grail_monty-python-and-the-holy-grail_castle-vagon"", ""reverse"": ""monty-python-and-the-holy-grail_card-back""}","{""name_printed"": ""Castle Vagon"", ""rarity"": ""Rare"", ""number"": ""290"", ""type"": ""Castle"", ""item_dimensions"": ""{\u0022height\u0022: \u00223.5\u0022, \u0022width\u0022: \u00222.5\u0022, \u0022unit\u0022: \u0022inch\u0022}""}",8ad40f3e-887a-40a6-b6b3-61eb66161ef4,6044a07c-4719-4505-bac3-d5356dc2e3a0,Castle Vagon,Castle Vagon,{},monty-python-and-the-holy-grail_monty-python-and-the-holy-grail_castle-vagon
542d7f20-a7c8-4f56-a862-363dc55d8b01,first-party-document,0,0,"{""obverse"": ""monty-python-and-the-holy-grail_monty-python-and-the-holy-grail_very-dull"", ""reverse"": ""monty-python-and-the-holy-grail_card-back""}","{""name_printed"": ""Very Dull"", ""rarity"": ""Rare"", ""number"": ""291"", ""type"": ""Event"", ""item_dimensions"": ""{\u0022height\u0022: \u00223.5\u0022, \u0022width\u0022: \u00222.5\u0022, \u0022unit\u0022: \u0022inch\u0022}""}",8ad40f3e-887a-40a6-b6b3-61eb66161ef4,6044a07c-4719-4505-bac3-d5356dc2e3a0,Very Dull,Very Dull,{},monty-python-and-the-holy-grail_monty-python-and-the-holy-grail_very-dull
459effe0-b527-42c5-a179-bf8b2934ad1c,first-party-document,0,0,"{""obverse"": ""monty-python-and-the-holy-grail_monty-python-and-the-holy-grail_vicious-chicken-of-bristol"", ""reverse"": ""monty-python-and-the-holy-grail_card-back""}","{""name_printed"": ""Vicious Chicken of Bristol"", ""rarity"": ""Common"", ""number"": ""292"", ""type"": ""Adversary"", ""item_dimensions"": ""{\u0022height\u0022: \u00223.5\u0022, \u0022width\u0022: \u00222.5\u0022, \u0022unit\u0022: \u0022inch\u0022}""}",8ad40f3e-887a-40a6-b6b3-61eb66161ef4,6044a07c-4719-4505-bac3-d5356dc2e3a0,Vicious Chicken of Bristol,Vicious Chicken of Bristol,{},monty-python-and-the-holy-grail_monty-python-and-the-holy-grail_vicious-chicken-of-bristol
88286d04-0020-43e2-ac8d-d1aea9e9255c,first-party-document,0,0,"{""obverse"": ""monty-python-and-the-holy-grail_monty-python-and-the-holy-grail_vital-clue"", ""reverse"": ""monty-python-and-the-holy-grail_card-back""}","{""name_printed"": ""Vital Clue"", ""rarity"": ""Rare"", ""number"": ""293"", ""type"": ""Item"", ""item_dimensions"": ""{\u0022height\u0022: \u00223.5\u0022, \u0022width\u0022: \u00222.5\u0022, \u0022unit\u0022: \u0022inch\u0022}""}",8ad40f3e-887a-40a6-b6b3-61eb66161ef4,6044a07c-4719-4505-bac3-d5356dc2e3a0,Vital Clue,Vital Clue,{},monty-python-and-the-holy-grail_monty-python-and-the-holy-grail_vital-clue
d86e375f-29bf-4e63-9c46-e06201afb7e2,first-party-document,0,0,"{""obverse"": ""monty-python-and-the-holy-grail_monty-python-and-the-holy-grail_vote"", ""reverse"": ""monty-python-and-the-holy-grail_card-back""}","{""name_printed"": ""Vote"", ""rarity"": ""Uncommon"", ""number"": ""294"", ""type"": ""Event"", ""item_dimensions"": ""{\u0022height\u0022: \u00223.5\u0022, \u0022width\u0022: \u00222.5\u0022, \u0022unit\u0022: \u0022inch\u0022}""}",8ad40f3e-887a-40a6-b6b3-61eb66161ef4,6044a07c-4719-4505-bac3-d5356dc2e3a0,Vote,Vote,{},monty-python-and-the-holy-grail_monty-python-and-the-holy-grail_vote
6c45f3d4-ea44-44b6-8588-67292ca95296,first-party-document,0,0,"{""obverse"": ""monty-python-and-the-holy-grail_monty-python-and-the-holy-grail_war"", ""reverse"": ""monty-python-and-the-holy-grail_card-back""}","{""name_printed"": ""War"", ""rarity"": ""Uncommon"", ""number"": ""295"", ""type"": ""Event"", ""item_dimensions"": ""{\u0022height\u0022: \u00223.5\u0022, \u0022width\u0022: \u00222.5\u0022, \u0022unit\u0022: \u0022inch\u0022}""}",8ad40f3e-887a-40a6-b6b3-61eb66161ef4,6044a07c-4719-4505-bac3-d5356dc2e3a0,War,War,{},monty-python-and-the-holy-grail_monty-python-and-the-holy-grail_war
50b3a5f5-6d7d-48f3-9ed2-0d06df2adfa5,first-party-document,0,0,"{""obverse"": ""monty-python-and-the-holy-grail_monty-python-and-the-holy-grail_wedding-guests"", ""reverse"": ""monty-python-and-the-holy-grail_card-back""}","{""name_printed"": ""Wedding Guests"", ""rarity"": ""Common"", ""number"": ""296"", ""type"": ""Persona"", ""item_dimensions"": ""{\u0022height\u0022: \u00223.5\u0022, \u0022width\u0022: \u00222.5\u0022, \u0022unit\u0022: \u0022inch\u0022}""}",8ad40f3e-887a-40a6-b6b3-61eb66161ef4,6044a07c-4719-4505-bac3-d5356dc2e3a0,Wedding Guests,Wedding Guests,{},monty-python-and-the-holy-grail_monty-python-and-the-holy-grail_wedding-guests
7df1c9a7-071b-49a0-9546-fd4b7e636a88,first-party-document,0,0,"{""obverse"": ""monty-python-and-the-holy-grail_monty-python-and-the-holy-grail_wedding-party"", ""reverse"": ""monty-python-and-the-holy-grail_card-back""}","{""name_printed"": ""Wedding Party"", ""rarity"": ""Rare"", ""number"": ""297"", ""type"": ""Event"", ""item_dimensions"": ""{\u0022height\u0022: \u00223.5\u0022, \u0022width\u0022: \u00222.5\u0022, \u0022unit\u0022: \u0022inch\u0022}""}",8ad40f3e-887a-40a6-b6b3-61eb66161ef4,6044a07c-4719-4505-bac3-d5356dc2e3a0,Wedding Party,Wedding Party,{},monty-python-and-the-holy-grail_monty-python-and-the-holy-grail_wedding-party
95d46c5d-db24-48b5-aaf8-867467ed578f,first-party-document,0,0,"{""obverse"": ""monty-python-and-the-holy-grail_monty-python-and-the-holy-grail_land-of-wessex"", ""reverse"": ""monty-python-and-the-holy-grail_card-back""}","{""name_printed"": ""Land of Wessex"", ""rarity"": ""Uncommon"", ""number"": ""298"", ""type"": ""Land"", ""item_dimensions"": ""{\u0022height\u0022: \u00223.5\u0022, \u0022width\u0022: \u00222.5\u0022, \u0022unit\u0022: \u0022inch\u0022}""}",8ad40f3e-887a-40a6-b6b3-61eb66161ef4,6044a07c-4719-4505-bac3-d5356dc2e3a0,Land of Wessex,Land of Wessex,{},monty-python-and-the-holy-grail_monty-python-and-the-holy-grail_land-of-wessex
937d13b6-759b-478c-bbcd-67297530b9c9,first-party-document,0,0,"{""obverse"": ""monty-python-and-the-holy-grail_monty-python-and-the-holy-grail_who-sent-you-"", ""reverse"": ""monty-python-and-the-holy-grail_card-back""}","{""name_printed"": ""Who Sent You?"", ""rarity"": ""Uncommon"", ""number"": ""299"", ""type"": ""Event"", ""item_dimensions"": ""{\u0022height\u0022: \u00223.5\u0022, \u0022width\u0022: \u00222.5\u0022, \u0022unit\u0022: \u0022inch\u0022}""}",8ad40f3e-887a-40a6-b6b3-61eb66161ef4,6044a07c-4719-4505-bac3-d5356dc2e3a0,Who Sent You?,Who Sent You?,{},monty-python-and-the-holy-grail_monty-python-and-the-holy-grail_who-sent-you-
7f3b0ce5-4176-44af-931e-143064266c46,first-party-document,0,0,"{""obverse"": ""monty-python-and-the-holy-grail_monty-python-and-the-holy-grail_william-the-page"", ""reverse"": ""monty-python-and-the-holy-grail_card-back""}","{""name_printed"": ""William the Page"", ""rarity"": ""Common"", ""number"": ""300"", ""type"": ""Page"", ""item_dimensions"": ""{\u0022height\u0022: \u00223.5\u0022, \u0022width\u0022: \u00222.5\u0022, \u0022unit\u0022: \u0022inch\u0022}""}",8ad40f3e-887a-40a6-b6b3-61eb66161ef4,6044a07c-4719-4505-bac3-d5356dc2e3a0,William the Page,William the Page,{},monty-python-and-the-holy-grail_monty-python-and-the-holy-grail_william-the-page
e249f567-8e89-4fd1-a2b5-b743e8706f1e,first-party-document,0,0,"{""obverse"": ""monty-python-and-the-holy-grail_monty-python-and-the-holy-grail_doctor-winston"", ""reverse"": ""monty-python-and-the-holy-grail_card-back""}","{""name_printed"": ""Doctor Winston"", ""rarity"": ""Rare"", ""number"": ""301"", ""type"": ""Persona"", ""item_dimensions"": ""{\u0022height\u0022: \u00223.5\u0022, \u0022width\u0022: \u00222.5\u0022, \u0022unit\u0022: \u0022inch\u0022}""}",8ad40f3e-887a-40a6-b6b3-61eb66161ef4,6044a07c-4719-4505-bac3-d5356dc2e3a0,Doctor Winston,Doctor Winston,{},monty-python-and-the-holy-grail_monty-python-and-the-holy-grail_doctor-winston
bf21fa3c-2fe1-43d2-b527-7f1a43caa71b,item,1,0,"{""obverse"": ""monty-python-and-the-holy-grail_monty-python-and-the-holy-grail_sir-wisshard"", ""reverse"": ""monty-python-and-the-holy-grail_card-back""}","{""name_printed"": ""Sir Wisshard"", ""rarity"": ""Uncommon"", ""number"": ""302"", ""type"": ""Knight"", ""item_dimensions"": ""{\u0022height\u0022: \u00223.5\u0022, \u0022width\u0022: \u00222.5\u0022, \u0022unit\u0022: \u0022inch\u0022}""}",8ad40f3e-887a-40a6-b6b3-61eb66161ef4,6044a07c-4719-4505-bac3-d5356dc2e3a0,Sir Wisshard,Sir Wisshard,{},monty-python-and-the-holy-grail_monty-python-and-the-holy-grail_sir-wisshard
c825f0bc-9d54-4477-b2b3-aed077199f3d,first-party-document,0,0,"{""obverse"": ""monty-python-and-the-holy-grail_monty-python-and-the-holy-grail_witch-burning"", ""reverse"": ""monty-python-and-the-holy-grail_card-back""}","{""name_printed"": ""Witch Burning"", ""rarity"": ""Uncommon"", ""number"": ""303"", ""type"": ""Event"", ""item_dimensions"": ""{\u0022height\u0022: \u00223.5\u0022, \u0022width\u0022: \u00222.5\u0022, \u0022unit\u0022: \u0022inch\u0022}""}",8ad40f3e-887a-40a6-b6b3-61eb66161ef4,6044a07c-4719-4505-bac3-d5356dc2e3a0,Witch Burning,Witch Burning,{},monty-python-and-the-holy-grail_monty-python-and-the-holy-grail_witch-burning
3ca22f39-dd51-4bee-a8f7-4957a96e0e87,first-party-document,0,0,"{""obverse"": ""monty-python-and-the-holy-grail_monty-python-and-the-holy-grail_a-witch"", ""reverse"": ""monty-python-and-the-holy-grail_card-back""}","{""name_printed"": ""A Witch"", ""rarity"": ""Common"", ""number"": ""304"", ""type"": ""Adversary"", ""item_dimensions"": ""{\u0022height\u0022: \u00223.5\u0022, \u0022width\u0022: \u00222.5\u0022, \u0022unit\u0022: \u0022inch\u0022}""}",8ad40f3e-887a-40a6-b6b3-61eb66161ef4,6044a07c-4719-4505-bac3-d5356dc2e3a0,A Witch,A Witch,{},monty-python-and-the-holy-grail_monty-python-and-the-holy-grail_a-witch
8568bba1-9fd5-4dab-be12-12fda2d958fc,first-party-document,0,0,"{""obverse"": ""monty-python-and-the-holy-grail_monty-python-and-the-holy-grail_wooden-badger"", ""reverse"": ""monty-python-and-the-holy-grail_card-back""}","{""name_printed"": ""Wooden Badger"", ""rarity"": ""Rare"", ""number"": ""305"", ""type"": ""Event"", ""item_dimensions"": ""{\u0022height\u0022: \u00223.5\u0022, \u0022width\u0022: \u00222.5\u0022, \u0022unit\u0022: \u0022inch\u0022}""}",8ad40f3e-887a-40a6-b6b3-61eb66161ef4,6044a07c-4719-4505-bac3-d5356dc2e3a0,Wooden Badger,Wooden Badger,{},monty-python-and-the-holy-grail_monty-python-and-the-holy-grail_wooden-badger
490a982c-4f1d-4e97-acd8-5380b35b1ffd,first-party-document,0,0,"{""obverse"": ""monty-python-and-the-holy-grail_monty-python-and-the-holy-grail_write-yer-own-adversary"", ""reverse"": ""monty-python-and-the-holy-grail_card-back""}","{""name_printed"": ""Write Yer Own Adversary"", ""rarity"": ""Common"", ""number"": ""306"", ""type"": ""Adversary"", ""item_dimensions"": ""{\u0022height\u0022: \u00223.5\u0022, \u0022width\u0022: \u00222.5\u0022, \u0022unit\u0022: \u0022inch\u0022}""}",8ad40f3e-887a-40a6-b6b3-61eb66161ef4,6044a07c-4719-4505-bac3-d5356dc2e3a0,Write Yer Own Adversary,Write Yer Own Adversary,{},monty-python-and-the-holy-grail_monty-python-and-the-holy-grail_write-yer-own-adversary
50563757-382a-43bd-96d7-869777a0457d,first-party-document,0,0,"{""obverse"": ""monty-python-and-the-holy-grail_monty-python-and-the-holy-grail_write-yer-own-castle"", ""reverse"": ""monty-python-and-the-holy-grail_card-back""}","{""name_printed"": ""Write Yer Own Castle"", ""rarity"": ""Common"", ""number"": ""307"", ""type"": ""Castle"", ""item_dimensions"": ""{\u0022height\u0022: \u00223.5\u0022, \u0022width\u0022: \u00222.5\u0022, \u0022unit\u0022: \u0022inch\u0022}""}",8ad40f3e-887a-40a6-b6b3-61eb66161ef4,6044a07c-4719-4505-bac3-d5356dc2e3a0,Write Yer Own Castle,Write Yer Own Castle,{},monty-python-and-the-holy-grail_monty-python-and-the-holy-grail_write-yer-own-castle
67d6a2d9-bfe7-4d16-a57b-c49b74aed41c,first-party-document,0,0,"{""obverse"": ""monty-python-and-the-holy-grail_monty-python-and-the-holy-grail_write-yer-own-event"", ""reverse"": ""monty-python-and-the-holy-grail_card-back""}","{""name_printed"": ""Write Yer Own Event"", ""rarity"": ""Common"", ""number"": ""308"", ""type"": ""Event"", ""item_dimensions"": ""{\u0022height\u0022: \u00223.5\u0022, \u0022width\u0022: \u00222.5\u0022, \u0022unit\u0022: \u0022inch\u0022}""}",8ad40f3e-887a-40a6-b6b3-61eb66161ef4,6044a07c-4719-4505-bac3-d5356dc2e3a0,Write Yer Own Event,Write Yer Own Event,{},monty-python-and-the-holy-grail_monty-python-and-the-holy-grail_write-yer-own-event
992c7acb-cab7-43ba-a834-e350526ebad6,first-party-document,0,0,"{""obverse"": ""monty-python-and-the-holy-grail_monty-python-and-the-holy-grail_write-yer-own-item"", ""reverse"": ""monty-python-and-the-holy-grail_card-back""}","{""name_printed"": ""Write Yer Own Item"", ""rarity"": ""Common"", ""number"": ""309"", ""type"": ""Item"", ""item_dimensions"": ""{\u0022height\u0022: \u00223.5\u0022, \u0022width\u0022: \u00222.5\u0022, \u0022unit\u0022: \u0022inch\u0022}""}",8ad40f3e-887a-40a6-b6b3-61eb66161ef4,6044a07c-4719-4505-bac3-d5356dc2e3a0,Write Yer Own Item,Write Yer Own Item,{},monty-python-and-the-holy-grail_monty-python-and-the-holy-grail_write-yer-own-item
3f2b3d4b-94d1-447f-986d-0f963de219b5,first-party-document,0,0,"{""obverse"": ""monty-python-and-the-holy-grail_monty-python-and-the-holy-grail_write-yer-own-knight"", ""reverse"": ""monty-python-and-the-holy-grail_card-back""}","{""name_printed"": ""Write Yer Own Knight"", ""rarity"": ""Common"", ""number"": ""310"", ""type"": ""Knight"", ""item_dimensions"": ""{\u0022height\u0022: \u00223.5\u0022, \u0022width\u0022: \u00222.5\u0022, \u0022unit\u0022: \u0022inch\u0022}""}",8ad40f3e-887a-40a6-b6b3-61eb66161ef4,6044a07c-4719-4505-bac3-d5356dc2e3a0,Write Yer Own Knight,Write Yer Own Knight,{},monty-python-and-the-holy-grail_monty-python-and-the-holy-grail_write-yer-own-knight
747f6dc6-d97a-401f-8f61-22cc5ede8ea2,first-party-document,0,0,"{""obverse"": ""monty-python-and-the-holy-grail_monty-python-and-the-holy-grail_write-yer-own-land"", ""reverse"": ""monty-python-and-the-holy-grail_card-back""}","{""name_printed"": ""Write Yer Own Land"", ""rarity"": ""Common"", ""number"": ""311"", ""type"": ""Land"", ""item_dimensions"": ""{\u0022height\u0022: \u00223.5\u0022, \u0022width\u0022: \u00222.5\u0022, \u0022unit\u0022: \u0022inch\u0022}""}",8ad40f3e-887a-40a6-b6b3-61eb66161ef4,6044a07c-4719-4505-bac3-d5356dc2e3a0,Write Yer Own Land,Write Yer Own Land,{},monty-python-and-the-holy-grail_monty-python-and-the-holy-grail_write-yer-own-land
d299a569-3213-47bd-89e6-d182218aec37,first-party-document,0,0,"{""obverse"": ""monty-python-and-the-holy-grail_monty-python-and-the-holy-grail_write-yer-own-taunt"", ""reverse"": ""monty-python-and-the-holy-grail_card-back""}","{""name_printed"": ""Write Yer Own Taunt"", ""rarity"": ""Common"", ""number"": ""312"", ""type"": ""Taunt"", ""item_dimensions"": ""{\u0022height\u0022: \u00223.5\u0022, \u0022width\u0022: \u00222.5\u0022, \u0022unit\u0022: \u0022inch\u0022}""}",8ad40f3e-887a-40a6-b6b3-61eb66161ef4,6044a07c-4719-4505-bac3-d5356dc2e3a0,Write Yer Own Taunt,Write Yer Own Taunt,{},monty-python-and-the-holy-grail_monty-python-and-the-holy-grail_write-yer-own-taunt
ad0e90c5-13f4-48f8-aac4-a2343486a2ee,first-party-document,0,0,"{""obverse"": ""monty-python-and-the-holy-grail_monty-python-and-the-holy-grail_write-yer-own-village"", ""reverse"": ""monty-python-and-the-holy-grail_card-back""}","{""name_printed"": ""Write Yer Own Village"", ""rarity"": ""Common"", ""number"": ""313"", ""type"": ""Village"", ""item_dimensions"": ""{\u0022height\u0022: \u00223.5\u0022, \u0022width\u0022: \u00222.5\u0022, \u0022unit\u0022: \u0022inch\u0022}""}",8ad40f3e-887a-40a6-b6b3-61eb66161ef4,6044a07c-4719-4505-bac3-d5356dc2e3a0,Write Yer Own Village,Write Yer Own Village,{},monty-python-and-the-holy-grail_monty-python-and-the-holy-grail_write-yer-own-village
e46d8d4e-39a4-4129-bd3b-0f889e595c4c,first-party-document,0,0,"{""obverse"": ""monty-python-and-the-holy-grail_monty-python-and-the-holy-grail_zoot"", ""reverse"": ""monty-python-and-the-holy-grail_card-back""}","{""name_printed"": ""Zoot"", ""rarity"": ""Common"", ""number"": ""314"", ""type"": ""Adversary"", ""item_dimensions"": ""{\u0022height\u0022: \u00223.5\u0022, \u0022width\u0022: \u00222.5\u0022, \u0022unit\u0022: \u0022inch\u0022}""}",8ad40f3e-887a-40a6-b6b3-61eb66161ef4,6044a07c-4719-4505-bac3-d5356dc2e3a0,Zoot,Zoot,{},monty-python-and-the-holy-grail_monty-python-and-the-holy-grail_zoot
01d1df24-0f7e-4d65-8440-a3c9f4957e3d,item,1,0,"{""obverse"": ""monty-python-and-the-holy-grail_taunt-you-a-second-time!_142-mexican-whooping-llamas"", ""reverse"": ""monty-python-and-the-holy-grail_card-back""}","{""name_printed"": ""142 Mexican Whooping Llamas"", ""rarity"": ""Fixed"", ""number"": ""315"", ""item_dimensions"": ""{\u0022height\u0022: \u00223.5\u0022, \u0022width\u0022: \u00222.5\u0022, \u0022unit\u0022: \u0022inch\u0022}""}",8ad40f3e-887a-40a6-b6b3-61eb66161ef4,70eae3e4-e542-4ed3-b513-cb339fca5f64,142 Mexican Whooping Llamas,142 Mexican Whooping Llamas,{},monty-python-and-the-holy-grail_taunt-you-a-second-time!_142-mexican-whooping-llamas
abe74eaa-ca60-4792-b6dc-de0f330ddcad,item,1,0,"{""obverse"": ""monty-python-and-the-holy-grail_taunt-you-a-second-time!_first-soldier-with-a-keen-interest-in-birds"", ""reverse"": ""monty-python-and-the-holy-grail_card-back""}","{""name_printed"": ""First Soldier With a Keen Interest in Birds"", ""rarity"": ""Fixed"", ""number"": ""316"", ""item_dimensions"": ""{\u0022height\u0022: \u00223.5\u0022, \u0022width\u0022: \u00222.5\u0022, \u0022unit\u0022: \u0022inch\u0022}""}",8ad40f3e-887a-40a6-b6b3-61eb66161ef4,70eae3e4-e542-4ed3-b513-cb339fca5f64,First Soldier With a Keen Interest in Birds,First Soldier With a Keen Interest in Birds,{},monty-python-and-the-holy-grail_taunt-you-a-second-time!_first-soldier-with-a-keen-interest-in-birds
19f1800b-a904-49b3-866b-20ba67a48ca2,item,1,0,"{""obverse"": ""monty-python-and-the-holy-grail_taunt-you-a-second-time!_second-soldier-with-a-keen-interest-in-birds"", ""reverse"": ""monty-python-and-the-holy-grail_card-back""}","{""name_printed"": ""Second Soldier With a Keen Interest in Birds"", ""rarity"": ""Fixed"", ""number"": ""317"", ""item_dimensions"": ""{\u0022height\u0022: \u00223.5\u0022, \u0022width\u0022: \u00222.5\u0022, \u0022unit\u0022: \u0022inch\u0022}""}",8ad40f3e-887a-40a6-b6b3-61eb66161ef4,70eae3e4-e542-4ed3-b513-cb339fca5f64,Second Soldier With a Keen Interest in Birds,Second Soldier With a Keen Interest in Birds,{},monty-python-and-the-holy-grail_taunt-you-a-second-time!_second-soldier-with-a-keen-interest-in-birds
75b8dfa7-4469-46fd-b931-910e76f02a32,item,1,0,"{""obverse"": ""monty-python-and-the-holy-grail_taunt-you-a-second-time!_acne"", ""reverse"": ""monty-python-and-the-holy-grail_card-back""}","{""name_printed"": ""Acne"", ""rarity"": ""Fixed"", ""number"": ""318"", ""item_dimensions"": ""{\u0022height\u0022: \u00223.5\u0022, \u0022width\u0022: \u00222.5\u0022, \u0022unit\u0022: \u0022inch\u0022}""}",8ad40f3e-887a-40a6-b6b3-61eb66161ef4,70eae3e4-e542-4ed3-b513-cb339fca5f64,Acne,Acne,{},monty-python-and-the-holy-grail_taunt-you-a-second-time!_acne
19702313-3aad-4c52-a20d-856d0b53fa15,item,1,0,"{""obverse"": ""monty-python-and-the-holy-grail_taunt-you-a-second-time!_african-swallow"", ""reverse"": ""monty-python-and-the-holy-grail_card-back""}","{""name_printed"": ""African Swallow"", ""rarity"": ""Fixed"", ""number"": ""319"", ""item_dimensions"": ""{\u0022height\u0022: \u00223.5\u0022, \u0022width\u0022: \u00222.5\u0022, \u0022unit\u0022: \u0022inch\u0022}""}",8ad40f3e-887a-40a6-b6b3-61eb66161ef4,70eae3e4-e542-4ed3-b513-cb339fca5f64,African Swallow,African Swallow,{},monty-python-and-the-holy-grail_taunt-you-a-second-time!_african-swallow
82e18f05-fd84-4176-b051-5e9471d86bb5,item,1,0,"{""obverse"": ""monty-python-and-the-holy-grail_taunt-you-a-second-time!_anarcho-syndicalist-commune"", ""reverse"": ""monty-python-and-the-holy-grail_card-back""}","{""name_printed"": ""Anarcho-Syndicalist Commune"", ""rarity"": ""Fixed"", ""number"": ""320"", ""item_dimensions"": ""{\u0022height\u0022: \u00223.5\u0022, \u0022width\u0022: \u00222.5\u0022, \u0022unit\u0022: \u0022inch\u0022}""}",8ad40f3e-887a-40a6-b6b3-61eb66161ef4,70eae3e4-e542-4ed3-b513-cb339fca5f64,Anarcho-Syndicalist Commune,Anarcho-Syndicalist Commune,{},monty-python-and-the-holy-grail_taunt-you-a-second-time!_anarcho-syndicalist-commune
dabd10ad-9b6b-4711-b4b3-c2577e9ef46d,item,1,0,"{""obverse"": ""monty-python-and-the-holy-grail_taunt-you-a-second-time!_appy-the-page"", ""reverse"": ""monty-python-and-the-holy-grail_card-back""}","{""name_printed"": ""Appy the Page"", ""rarity"": ""Fixed"", ""number"": ""321"", ""item_dimensions"": ""{\u0022height\u0022: \u00223.5\u0022, \u0022width\u0022: \u00222.5\u0022, \u0022unit\u0022: \u0022inch\u0022}""}",8ad40f3e-887a-40a6-b6b3-61eb66161ef4,70eae3e4-e542-4ed3-b513-cb339fca5f64,Appy the Page,Appy the Page,{},monty-python-and-the-holy-grail_taunt-you-a-second-time!_appy-the-page
9ad29163-488a-4871-86ca-f03fdc5833ba,item,1,0,"{""obverse"": ""monty-python-and-the-holy-grail_taunt-you-a-second-time!_autonomous-collective"", ""reverse"": ""monty-python-and-the-holy-grail_card-back""}","{""name_printed"": ""Autonomous Collective"", ""rarity"": ""Fixed"", ""number"": ""322"", ""item_dimensions"": ""{\u0022height\u0022: \u00223.5\u0022, \u0022width\u0022: \u00222.5\u0022, \u0022unit\u0022: \u0022inch\u0022}""}",8ad40f3e-887a-40a6-b6b3-61eb66161ef4,70eae3e4-e542-4ed3-b513-cb339fca5f64,Autonomous Collective,Autonomous Collective,{},monty-python-and-the-holy-grail_taunt-you-a-second-time!_autonomous-collective
5b327415-ca22-45eb-89bd-618e7cbd4254,item,1,0,"{""obverse"": ""monty-python-and-the-holy-grail_taunt-you-a-second-time!_avalon"", ""reverse"": ""monty-python-and-the-holy-grail_card-back""}","{""name_printed"": ""Avalon"", ""rarity"": ""Fixed"", ""number"": ""323"", ""item_dimensions"": ""{\u0022height\u0022: \u00223.5\u0022, \u0022width\u0022: \u00222.5\u0022, \u0022unit\u0022: \u0022inch\u0022}""}",8ad40f3e-887a-40a6-b6b3-61eb66161ef4,70eae3e4-e542-4ed3-b513-cb339fca5f64,Avalon,Avalon,{},monty-python-and-the-holy-grail_taunt-you-a-second-time!_avalon
c92ac5d2-c485-4b6e-b3ff-2bcbc2fcb7b8,item,1,0,"{""obverse"": ""monty-python-and-the-holy-grail_taunt-you-a-second-time!_be-quiet!"", ""reverse"": ""monty-python-and-the-holy-grail_card-back""}","{""name_printed"": ""Be Quiet!"", ""rarity"": ""Fixed"", ""number"": ""324"", ""item_dimensions"": ""{\u0022height\u0022: \u00223.5\u0022, \u0022width\u0022: \u00222.5\u0022, \u0022unit\u0022: \u0022inch\u0022}""}",8ad40f3e-887a-40a6-b6b3-61eb66161ef4,70eae3e4-e542-4ed3-b513-cb339fca5f64,Be Quiet!,Be Quiet!,{},monty-python-and-the-holy-grail_taunt-you-a-second-time!_be-quiet!
0fbe4396-69b3-4ea5-9d7f-f3c80650f8c6,item,1,0,"{""obverse"": ""monty-python-and-the-holy-grail_taunt-you-a-second-time!_begorrah!"", ""reverse"": ""monty-python-and-the-holy-grail_card-back""}","{""name_printed"": ""Begorrah!"", ""rarity"": ""Fixed"", ""number"": ""325"", ""item_dimensions"": ""{\u0022height\u0022: \u00223.5\u0022, \u0022width\u0022: \u00222.5\u0022, \u0022unit\u0022: \u0022inch\u0022}""}",8ad40f3e-887a-40a6-b6b3-61eb66161ef4,70eae3e4-e542-4ed3-b513-cb339fca5f64,Begorrah!,Begorrah!,{},monty-python-and-the-holy-grail_taunt-you-a-second-time!_begorrah!
bbb3ff76-2f24-4147-87d8-1bf0eea0dc39,item,1,0,"{""obverse"": ""monty-python-and-the-holy-grail_taunt-you-a-second-time!_the-black-knight"", ""reverse"": ""monty-python-and-the-holy-grail_card-back""}","{""name_printed"": ""The Black Knight"", ""rarity"": ""Fixed"", ""number"": ""326"", ""item_dimensions"": ""{\u0022height\u0022: \u00223.5\u0022, \u0022width\u0022: \u00222.5\u0022, \u0022unit\u0022: \u0022inch\u0022}""}",8ad40f3e-887a-40a6-b6b3-61eb66161ef4,70eae3e4-e542-4ed3-b513-cb339fca5f64,The Black Knight,The Black Knight,{},monty-python-and-the-holy-grail_taunt-you-a-second-time!_the-black-knight
adc8d2b1-0433-4731-8da1-18a754762390,item,1,0,"{""obverse"": ""monty-python-and-the-holy-grail_taunt-you-a-second-time!_bloody-hell"", ""reverse"": ""monty-python-and-the-holy-grail_card-back""}","{""name_printed"": ""Bloody Hell"", ""rarity"": ""Fixed"", ""number"": ""327"", ""item_dimensions"": ""{\u0022height\u0022: \u00223.5\u0022, \u0022width\u0022: \u00222.5\u0022, \u0022unit\u0022: \u0022inch\u0022}""}",8ad40f3e-887a-40a6-b6b3-61eb66161ef4,70eae3e4-e542-4ed3-b513-cb339fca5f64,Bloody Hell,Bloody Hell,{},monty-python-and-the-holy-grail_taunt-you-a-second-time!_bloody-hell
f4b71990-b831-449f-b32b-3aa0065b3089,item,1,0,"{""obverse"": ""monty-python-and-the-holy-grail_taunt-you-a-second-time!_the-book-of-the-film"", ""reverse"": ""monty-python-and-the-holy-grail_card-back""}","{""name_printed"": ""The Book of the Film"", ""rarity"": ""Fixed"", ""number"": ""328"", ""item_dimensions"": ""{\u0022height\u0022: \u00223.5\u0022, \u0022width\u0022: \u00222.5\u0022, \u0022unit\u0022: \u0022inch\u0022}""}",8ad40f3e-887a-40a6-b6b3-61eb66161ef4,70eae3e4-e542-4ed3-b513-cb339fca5f64,The Book of the Film,The Book of the Film,{},monty-python-and-the-holy-grail_taunt-you-a-second-time!_the-book-of-the-film
4609d707-fc1b-4c0e-acea-a339b2e25c5b,item,1,0,"{""obverse"": ""monty-python-and-the-holy-grail_taunt-you-a-second-time!_bow-and-arrow"", ""reverse"": ""monty-python-and-the-holy-grail_card-back""}","{""name_printed"": ""Bow and Arrow"", ""rarity"": ""Fixed"", ""number"": ""329"", ""item_dimensions"": ""{\u0022height\u0022: \u00223.5\u0022, \u0022width\u0022: \u00222.5\u0022, \u0022unit\u0022: \u0022inch\u0022}""}",8ad40f3e-887a-40a6-b6b3-61eb66161ef4,70eae3e4-e542-4ed3-b513-cb339fca5f64,Bow and Arrow,Bow and Arrow,{},monty-python-and-the-holy-grail_taunt-you-a-second-time!_bow-and-arrow
a189485d-87a6-491a-b250-d9df6b60d220,item,1,0,"{""obverse"": ""monty-python-and-the-holy-grail_taunt-you-a-second-time!_sir-bruce"", ""reverse"": ""monty-python-and-the-holy-grail_card-back""}","{""name_printed"": ""Sir Bruce"", ""rarity"": ""Fixed"", ""number"": ""330"", ""item_dimensions"": ""{\u0022height\u0022: \u00223.5\u0022, \u0022width\u0022: \u00222.5\u0022, \u0022unit\u0022: \u0022inch\u0022}""}",8ad40f3e-887a-40a6-b6b3-61eb66161ef4,70eae3e4-e542-4ed3-b513-cb339fca5f64,Sir Bruce,Sir Bruce,{},monty-python-and-the-holy-grail_taunt-you-a-second-time!_sir-bruce
6e69c88a-dac5-4354-8b24-8c992ff45d98,item,1,0,"{""obverse"": ""monty-python-and-the-holy-grail_taunt-you-a-second-time!_buggering-off"", ""reverse"": ""monty-python-and-the-holy-grail_card-back""}","{""name_printed"": ""Buggering Off"", ""rarity"": ""Fixed"", ""number"": ""331"", ""item_dimensions"": ""{\u0022height\u0022: \u00223.5\u0022, \u0022width\u0022: \u00222.5\u0022, \u0022unit\u0022: \u0022inch\u0022}""}",8ad40f3e-887a-40a6-b6b3-61eb66161ef4,70eae3e4-e542-4ed3-b513-cb339fca5f64,Buggering Off,Buggering Off,{},monty-python-and-the-holy-grail_taunt-you-a-second-time!_buggering-off
f12f3717-975b-419d-8667-35eba3b8952e,item,1,0,"{""obverse"": ""monty-python-and-the-holy-grail_taunt-you-a-second-time!_but-father"", ""reverse"": ""monty-python-and-the-holy-grail_card-back""}","{""name_printed"": ""But Father"", ""rarity"": ""Fixed"", ""number"": ""332"", ""item_dimensions"": ""{\u0022height\u0022: \u00223.5\u0022, \u0022width\u0022: \u00222.5\u0022, \u0022unit\u0022: \u0022inch\u0022}""}",8ad40f3e-887a-40a6-b6b3-61eb66161ef4,70eae3e4-e542-4ed3-b513-cb339fca5f64,But Father,But Father,{},monty-python-and-the-holy-grail_taunt-you-a-second-time!_but-father
3c259cd5-b705-4015-bdf6-b2c48dbddde2,item,1,0,"{""obverse"": ""monty-python-and-the-holy-grail_taunt-you-a-second-time!_cap-of-idiocy"", ""reverse"": ""monty-python-and-the-holy-grail_card-back""}","{""name_printed"": ""Cap of Idiocy"", ""rarity"": ""Fixed"", ""number"": ""333"", ""item_dimensions"": ""{\u0022height\u0022: \u00223.5\u0022, \u0022width\u0022: \u00222.5\u0022, \u0022unit\u0022: \u0022inch\u0022}""}",8ad40f3e-887a-40a6-b6b3-61eb66161ef4,70eae3e4-e542-4ed3-b513-cb339fca5f64,Cap of Idiocy,Cap of Idiocy,{},monty-python-and-the-holy-grail_taunt-you-a-second-time!_cap-of-idiocy
8c2a0afc-b715-4039-b1b8-c780af005d09,item,1,0,"{""obverse"": ""monty-python-and-the-holy-grail_taunt-you-a-second-time!_cart-master"", ""reverse"": ""monty-python-and-the-holy-grail_card-back""}","{""name_printed"": ""Cart Master"", ""rarity"": ""Fixed"", ""number"": ""334"", ""item_dimensions"": ""{\u0022height\u0022: \u00223.5\u0022, \u0022width\u0022: \u00222.5\u0022, \u0022unit\u0022: \u0022inch\u0022}""}",8ad40f3e-887a-40a6-b6b3-61eb66161ef4,70eae3e4-e542-4ed3-b513-cb339fca5f64,Cart Master,Cart Master,{},monty-python-and-the-holy-grail_taunt-you-a-second-time!_cart-master
6fafb020-a252-4938-8321-704749480e81,item,1,0,"{""obverse"": ""monty-python-and-the-holy-grail_taunt-you-a-second-time!_cartoon-forest"", ""reverse"": ""monty-python-and-the-holy-grail_card-back""}","{""name_printed"": ""Cartoon Forest"", ""rarity"": ""Fixed"", ""number"": ""335"", ""item_dimensions"": ""{\u0022height\u0022: \u00223.5\u0022, \u0022width\u0022: \u00222.5\u0022, \u0022unit\u0022: \u0022inch\u0022}""}",8ad40f3e-887a-40a6-b6b3-61eb66161ef4,70eae3e4-e542-4ed3-b513-cb339fca5f64,Cartoon Forest,Cartoon Forest,{},monty-python-and-the-holy-grail_taunt-you-a-second-time!_cartoon-forest
0da5c50b-82f4-4f5b-b45a-df496c968572,item,1,0,"{""obverse"": ""monty-python-and-the-holy-grail_taunt-you-a-second-time!_dead-person"", ""reverse"": ""monty-python-and-the-holy-grail_card-back""}","{""name_printed"": ""Dead Person"", ""rarity"": ""Fixed"", ""number"": ""336"", ""item_dimensions"": ""{\u0022height\u0022: \u00223.5\u0022, \u0022width\u0022: \u00222.5\u0022, \u0022unit\u0022: \u0022inch\u0022}""}",8ad40f3e-887a-40a6-b6b3-61eb66161ef4,70eae3e4-e542-4ed3-b513-cb339fca5f64,Dead Person,Dead Person,{},monty-python-and-the-holy-grail_taunt-you-a-second-time!_dead-person
09836166-d9ce-44ea-8de9-5a5001eba34c,item,1,0,"{""obverse"": ""monty-python-and-the-holy-grail_taunt-you-a-second-time!_sir-clarke"", ""reverse"": ""monty-python-and-the-holy-grail_card-back""}","{""name_printed"": ""Sir Clarke"", ""rarity"": ""Fixed"", ""number"": ""337"", ""item_dimensions"": ""{\u0022height\u0022: \u00223.5\u0022, \u0022width\u0022: \u00222.5\u0022, \u0022unit\u0022: \u0022inch\u0022}""}",8ad40f3e-887a-40a6-b6b3-61eb66161ef4,70eae3e4-e542-4ed3-b513-cb339fca5f64,Sir Clarke,Sir Clarke,{},monty-python-and-the-holy-grail_taunt-you-a-second-time!_sir-clarke
a1125a38-0d80-429f-8015-27c91896952e,item,1,0,"{""obverse"": ""monty-python-and-the-holy-grail_taunt-you-a-second-time!_confused-guard"", ""reverse"": ""monty-python-and-the-holy-grail_card-back""}","{""name_printed"": ""Confused Guard"", ""rarity"": ""Fixed"", ""number"": ""338"", ""item_dimensions"": ""{\u0022height\u0022: \u00223.5\u0022, \u0022width\u0022: \u00222.5\u0022, \u0022unit\u0022: \u0022inch\u0022}""}",8ad40f3e-887a-40a6-b6b3-61eb66161ef4,70eae3e4-e542-4ed3-b513-cb339fca5f64,Confused Guard,Confused Guard,{},monty-python-and-the-holy-grail_taunt-you-a-second-time!_confused-guard
50512a0b-b713-4fdf-a47e-d4b2bf151a41,item,1,0,"{""obverse"": ""monty-python-and-the-holy-grail_taunt-you-a-second-time!_crapper"", ""reverse"": ""monty-python-and-the-holy-grail_card-back""}","{""name_printed"": ""Crapper"", ""rarity"": ""Fixed"", ""number"": ""339"", ""item_dimensions"": ""{\u0022height\u0022: \u00223.5\u0022, \u0022width\u0022: \u00222.5\u0022, \u0022unit\u0022: \u0022inch\u0022}""}",8ad40f3e-887a-40a6-b6b3-61eb66161ef4,70eae3e4-e542-4ed3-b513-cb339fca5f64,Crapper,Crapper,{},monty-python-and-the-holy-grail_taunt-you-a-second-time!_crapper
26f1fe95-6118-4f95-a6fd-e19e3aaa924f,item,1,0,"{""obverse"": ""monty-python-and-the-holy-grail_taunt-you-a-second-time!_moistened-bint"", ""reverse"": ""monty-python-and-the-holy-grail_card-back""}","{""name_printed"": ""Moistened Bint"", ""rarity"": ""Fixed"", ""number"": ""339"", ""item_dimensions"": ""{\u0022height\u0022: \u00223.5\u0022, \u0022width\u0022: \u00222.5\u0022, \u0022unit\u0022: \u0022inch\u0022}""}",8ad40f3e-887a-40a6-b6b3-61eb66161ef4,70eae3e4-e542-4ed3-b513-cb339fca5f64,Moistened Bint,Moistened Bint,{},monty-python-and-the-holy-grail_taunt-you-a-second-time!_moistened-bint
7ef96102-b790-465e-a057-85ccd82f580a,item,1,0,"{""obverse"": ""monty-python-and-the-holy-grail_taunt-you-a-second-time!_creek-fiend"", ""reverse"": ""monty-python-and-the-holy-grail_card-back""}","{""name_printed"": ""Creek Fiend"", ""rarity"": ""Fixed"", ""number"": ""340"", ""item_dimensions"": ""{\u0022height\u0022: \u00223.5\u0022, \u0022width\u0022: \u00222.5\u0022, \u0022unit\u0022: \u0022inch\u0022}""}",8ad40f3e-887a-40a6-b6b3-61eb66161ef4,70eae3e4-e542-4ed3-b513-cb339fca5f64,Creek Fiend,Creek Fiend,{},monty-python-and-the-holy-grail_taunt-you-a-second-time!_creek-fiend
199f6ede-47b0-46b1-8283-d24cb889039e,item,1,0,"{""obverse"": ""monty-python-and-the-holy-grail_taunt-you-a-second-time!_dagger"", ""reverse"": ""monty-python-and-the-holy-grail_card-back""}","{""name_printed"": ""Dagger"", ""rarity"": ""Fixed"", ""number"": ""341"", ""item_dimensions"": ""{\u0022height\u0022: \u00223.5\u0022, \u0022width\u0022: \u00222.5\u0022, \u0022unit\u0022: \u0022inch\u0022}""}",8ad40f3e-887a-40a6-b6b3-61eb66161ef4,70eae3e4-e542-4ed3-b513-cb339fca5f64,Dagger,Dagger,{},monty-python-and-the-holy-grail_taunt-you-a-second-time!_dagger
3fd45ec7-2505-4e52-9e93-442f1717c812,item,1,0,"{""obverse"": ""monty-python-and-the-holy-grail_taunt-you-a-second-time!_delirious"", ""reverse"": ""monty-python-and-the-holy-grail_card-back""}","{""name_printed"": ""Delirious"", ""rarity"": ""Fixed"", ""number"": ""342"", ""item_dimensions"": ""{\u0022height\u0022: \u00223.5\u0022, \u0022width\u0022: \u00222.5\u0022, \u0022unit\u0022: \u0022inch\u0022}""}",8ad40f3e-887a-40a6-b6b3-61eb66161ef4,70eae3e4-e542-4ed3-b513-cb339fca5f64,Delirious,Delirious,{},monty-python-and-the-holy-grail_taunt-you-a-second-time!_delirious
905aa91d-e9c4-4acb-9ec8-9e29299deb48,item,1,0,"{""obverse"": ""monty-python-and-the-holy-grail_taunt-you-a-second-time!_dennis'-mother"", ""reverse"": ""monty-python-and-the-holy-grail_card-back""}","{""name_printed"": ""Dennis' Mother"", ""rarity"": ""Fixed"", ""number"": ""343"", ""item_dimensions"": ""{\u0022height\u0022: \u00223.5\u0022, \u0022width\u0022: \u00222.5\u0022, \u0022unit\u0022: \u0022inch\u0022}""}",8ad40f3e-887a-40a6-b6b3-61eb66161ef4,70eae3e4-e542-4ed3-b513-cb339fca5f64,Dennis' Mother,Dennis' Mother,{},monty-python-and-the-holy-grail_taunt-you-a-second-time!_dennis'-mother
7dd22356-ebf8-43dd-a6d8-c8d3678bea03,item,1,0,"{""obverse"": ""monty-python-and-the-holy-grail_taunt-you-a-second-time!_disbelief"", ""reverse"": ""monty-python-and-the-holy-grail_card-back""}","{""name_printed"": ""Disbelief"", ""rarity"": ""Fixed"", ""number"": ""344"", ""item_dimensions"": ""{\u0022height\u0022: \u00223.5\u0022, \u0022width\u0022: \u00222.5\u0022, \u0022unit\u0022: \u0022inch\u0022}""}",8ad40f3e-887a-40a6-b6b3-61eb66161ef4,70eae3e4-e542-4ed3-b513-cb339fca5f64,Disbelief,Disbelief,{},monty-python-and-the-holy-grail_taunt-you-a-second-time!_disbelief
4bd96a05-00ed-4565-a65a-b8ac414f5481,item,1,0,"{""obverse"": ""monty-python-and-the-holy-grail_taunt-you-a-second-time!_don't-be-afraid-of-him"", ""reverse"": ""monty-python-and-the-holy-grail_card-back""}","{""name_printed"": ""Don't Be Afraid of Him"", ""rarity"": ""Fixed"", ""number"": ""345"", ""item_dimensions"": ""{\u0022height\u0022: \u00223.5\u0022, \u0022width\u0022: \u00222.5\u0022, \u0022unit\u0022: \u0022inch\u0022}""}",8ad40f3e-887a-40a6-b6b3-61eb66161ef4,70eae3e4-e542-4ed3-b513-cb339fca5f64,Don't Be Afraid of Him,Don't Be Afraid of Him,{},monty-python-and-the-holy-grail_taunt-you-a-second-time!_don't-be-afraid-of-him
179924cb-1888-4d27-9253-a0ef80d6a99c,item,1,0,"{""obverse"": ""monty-python-and-the-holy-grail_taunt-you-a-second-time!_dress-her-up"", ""reverse"": ""monty-python-and-the-holy-grail_card-back""}","{""name_printed"": ""Dress Her Up"", ""rarity"": ""Fixed"", ""number"": ""346"", ""item_dimensions"": ""{\u0022height\u0022: \u00223.5\u0022, \u0022width\u0022: \u00222.5\u0022, \u0022unit\u0022: \u0022inch\u0022}""}",8ad40f3e-887a-40a6-b6b3-61eb66161ef4,70eae3e4-e542-4ed3-b513-cb339fca5f64,Dress Her Up,Dress Her Up,{},monty-python-and-the-holy-grail_taunt-you-a-second-time!_dress-her-up
adca565a-60b8-468b-a437-2f9fdefcaf00,item,1,0,"{""obverse"": ""monty-python-and-the-holy-grail_taunt-you-a-second-time!_dressed-as-a-witch"", ""reverse"": ""monty-python-and-the-holy-grail_card-back""}","{""name_printed"": ""Dressed as a Witch"", ""rarity"": ""Fixed"", ""number"": ""347"", ""item_dimensions"": ""{\u0022height\u0022: \u00223.5\u0022, \u0022width\u0022: \u00222.5\u0022, \u0022unit\u0022: \u0022inch\u0022}""}",8ad40f3e-887a-40a6-b6b3-61eb66161ef4,70eae3e4-e542-4ed3-b513-cb339fca5f64,Dressed as a Witch,Dressed as a Witch,{},monty-python-and-the-holy-grail_taunt-you-a-second-time!_dressed-as-a-witch
921242c5-edc4-4e6a-a8e6-6790e67beaa0,item,1,0,"{""obverse"": ""monty-python-and-the-holy-grail_taunt-you-a-second-time!_a-duck"", ""reverse"": ""monty-python-and-the-holy-grail_card-back""}","{""name_printed"": ""A Duck"", ""rarity"": ""Fixed"", ""number"": ""348"", ""item_dimensions"": ""{\u0022height\u0022: \u00223.5\u0022, \u0022width\u0022: \u00222.5\u0022, \u0022unit\u0022: \u0022inch\u0022}""}",8ad40f3e-887a-40a6-b6b3-61eb66161ef4,70eae3e4-e542-4ed3-b513-cb339fca5f64,A Duck,A Duck,{},monty-python-and-the-holy-grail_taunt-you-a-second-time!_a-duck
6ba137a5-eb89-455f-ae12-5d633d0e50e1,item,1,0,"{""obverse"": ""monty-python-and-the-holy-grail_taunt-you-a-second-time!_earthquake"", ""reverse"": ""monty-python-and-the-holy-grail_card-back""}","{""name_printed"": ""Earthquake"", ""rarity"": ""Fixed"", ""number"": ""349"", ""item_dimensions"": ""{\u0022height\u0022: \u00223.5\u0022, \u0022width\u0022: \u00222.5\u0022, \u0022unit\u0022: \u0022inch\u0022}""}",8ad40f3e-887a-40a6-b6b3-61eb66161ef4,70eae3e4-e542-4ed3-b513-cb339fca5f64,Earthquake,Earthquake,{},monty-python-and-the-holy-grail_taunt-you-a-second-time!_earthquake
b67a8874-cd9b-41d7-808e-0f1c54a0f29e,item,1,0,"{""obverse"": ""monty-python-and-the-holy-grail_taunt-you-a-second-time!_english-knnnniggets"", ""reverse"": ""monty-python-and-the-holy-grail_card-back""}","{""name_printed"": ""English Knnnniggets"", ""rarity"": ""Fixed"", ""number"": ""350"", ""item_dimensions"": ""{\u0022height\u0022: \u00223.5\u0022, \u0022width\u0022: \u00222.5\u0022, \u0022unit\u0022: \u0022inch\u0022}""}",8ad40f3e-887a-40a6-b6b3-61eb66161ef4,70eae3e4-e542-4ed3-b513-cb339fca5f64,English Knnnniggets,English Knnnniggets,{},monty-python-and-the-holy-grail_taunt-you-a-second-time!_english-knnnniggets
f359e292-3181-4bb9-a5a7-57a89a5f2e35,item,1,0,"{""obverse"": ""monty-python-and-the-holy-grail_taunt-you-a-second-time!_enough-music"", ""reverse"": ""monty-python-and-the-holy-grail_card-back""}","{""name_printed"": ""Enough Music"", ""rarity"": ""Fixed"", ""number"": ""351"", ""item_dimensions"": ""{\u0022height\u0022: \u00223.5\u0022, \u0022width\u0022: \u00222.5\u0022, \u0022unit\u0022: \u0022inch\u0022}""}",8ad40f3e-887a-40a6-b6b3-61eb66161ef4,70eae3e4-e542-4ed3-b513-cb339fca5f64,Enough Music,Enough Music,{},monty-python-and-the-holy-grail_taunt-you-a-second-time!_enough-music
06a9885e-5c77-4f97-a6bd-31c0f016d228,item,1,0,"{""obverse"": ""monty-python-and-the-holy-grail_taunt-you-a-second-time!_evil-cat-beater"", ""reverse"": ""monty-python-and-the-holy-grail_card-back""}","{""name_printed"": ""Evil Cat Beater"", ""rarity"": ""Fixed"", ""number"": ""352"", ""item_dimensions"": ""{\u0022height\u0022: \u00223.5\u0022, \u0022width\u0022: \u00222.5\u0022, \u0022unit\u0022: \u0022inch\u0022}""}",8ad40f3e-887a-40a6-b6b3-61eb66161ef4,70eae3e4-e542-4ed3-b513-cb339fca5f64,Evil Cat Beater,Evil Cat Beater,{},monty-python-and-the-holy-grail_taunt-you-a-second-time!_evil-cat-beater
faa9a693-c7d5-4e95-8c0e-06380443b062,item,1,0,"{""obverse"": ""monty-python-and-the-holy-grail_taunt-you-a-second-time!_executive-officer-of-the-week"", ""reverse"": ""monty-python-and-the-holy-grail_card-back""}","{""name_printed"": ""Executive Officer of the Week"", ""rarity"": ""Fixed"", ""number"": ""353"", ""item_dimensions"": ""{\u0022height\u0022: \u00223.5\u0022, \u0022width\u0022: \u00222.5\u0022, \u0022unit\u0022: \u0022inch\u0022}""}",8ad40f3e-887a-40a6-b6b3-61eb66161ef4,70eae3e4-e542-4ed3-b513-cb339fca5f64,Executive Officer of the Week,Executive Officer of the Week,{},monty-python-and-the-holy-grail_taunt-you-a-second-time!_executive-officer-of-the-week
ddc47301-a36c-404c-a3e1-621f2a0c5f0f,item,1,0,"{""obverse"": ""monty-python-and-the-holy-grail_taunt-you-a-second-time!_false-count"", ""reverse"": ""monty-python-and-the-holy-grail_card-back""}","{""name_printed"": ""False Count"", ""rarity"": ""Fixed"", ""number"": ""354"", ""item_dimensions"": ""{\u0022height\u0022: \u00223.5\u0022, \u0022width\u0022: \u00222.5\u0022, \u0022unit\u0022: \u0022inch\u0022}""}",8ad40f3e-887a-40a6-b6b3-61eb66161ef4,70eae3e4-e542-4ed3-b513-cb339fca5f64,False Count,False Count,{},monty-python-and-the-holy-grail_taunt-you-a-second-time!_false-count
19a4530a-892b-4f8a-adfd-426f17968fe0,item,1,0,"{""obverse"": ""monty-python-and-the-holy-grail_taunt-you-a-second-time!_fanfare"", ""reverse"": ""monty-python-and-the-holy-grail_card-back""}","{""name_printed"": ""Fanfare"", ""rarity"": ""Fixed"", ""number"": ""355"", ""item_dimensions"": ""{\u0022height\u0022: \u00223.5\u0022, \u0022width\u0022: \u00222.5\u0022, \u0022unit\u0022: \u0022inch\u0022}""}",8ad40f3e-887a-40a6-b6b3-61eb66161ef4,70eae3e4-e542-4ed3-b513-cb339fca5f64,Fanfare,Fanfare,{},monty-python-and-the-holy-grail_taunt-you-a-second-time!_fanfare
b9cab5d0-0884-4d16-bc80-1d1ac0daac58,item,1,0,"{""obverse"": ""monty-python-and-the-holy-grail_taunt-you-a-second-time!_fart"", ""reverse"": ""monty-python-and-the-holy-grail_card-back""}","{""name_printed"": ""Fart"", ""rarity"": ""Fixed"", ""number"": ""356"", ""item_dimensions"": ""{\u0022height\u0022: \u00223.5\u0022, \u0022width\u0022: \u00222.5\u0022, \u0022unit\u0022: \u0022inch\u0022}""}",8ad40f3e-887a-40a6-b6b3-61eb66161ef4,70eae3e4-e542-4ed3-b513-cb339fca5f64,Fart,Fart,{},monty-python-and-the-holy-grail_taunt-you-a-second-time!_fart
c99dcb5c-343a-45f2-8ecf-e205b05812b8,item,1,0,"{""obverse"": ""monty-python-and-the-holy-grail_taunt-you-a-second-time!_faulty-coconuts"", ""reverse"": ""monty-python-and-the-holy-grail_card-back""}","{""name_printed"": ""Faulty Coconuts"", ""rarity"": ""Fixed"", ""number"": ""357"", ""item_dimensions"": ""{\u0022height\u0022: \u00223.5\u0022, \u0022width\u0022: \u00222.5\u0022, \u0022unit\u0022: \u0022inch\u0022}""}",8ad40f3e-887a-40a6-b6b3-61eb66161ef4,70eae3e4-e542-4ed3-b513-cb339fca5f64,Faulty Coconuts,Faulty Coconuts,{},monty-python-and-the-holy-grail_taunt-you-a-second-time!_faulty-coconuts
7d70129a-fbfa-484c-8e0e-f80004cf374d,item,1,0,"{""obverse"": ""monty-python-and-the-holy-grail_taunt-you-a-second-time!_ferocious-taunt"", ""reverse"": ""monty-python-and-the-holy-grail_card-back""}","{""name_printed"": ""Ferocious Taunt"", ""rarity"": ""Fixed"", ""number"": ""358"", ""item_dimensions"": ""{\u0022height\u0022: \u00223.5\u0022, \u0022width\u0022: \u00222.5\u0022, \u0022unit\u0022: \u0022inch\u0022}""}",8ad40f3e-887a-40a6-b6b3-61eb66161ef4,70eae3e4-e542-4ed3-b513-cb339fca5f64,Ferocious Taunt,Ferocious Taunt,{},monty-python-and-the-holy-grail_taunt-you-a-second-time!_ferocious-taunt
cd669800-16f2-4f21-82cf-348feb33220c,item,1,0,"{""obverse"": ""monty-python-and-the-holy-grail_taunt-you-a-second-time!_flower-vase"", ""reverse"": ""monty-python-and-the-holy-grail_card-back""}","{""name_printed"": ""Flower Vase"", ""rarity"": ""Fixed"", ""number"": ""359"", ""item_dimensions"": ""{\u0022height\u0022: \u00223.5\u0022, \u0022width\u0022: \u00222.5\u0022, \u0022unit\u0022: \u0022inch\u0022}""}",8ad40f3e-887a-40a6-b6b3-61eb66161ef4,70eae3e4-e542-4ed3-b513-cb339fca5f64,Flower Vase,Flower Vase,{},monty-python-and-the-holy-grail_taunt-you-a-second-time!_flower-vase
13da5d7d-7365-45b5-9dc8-a97ffd6a5ced,item,1,0,"{""obverse"": ""monty-python-and-the-holy-grail_taunt-you-a-second-time!_food-trough-wiper"", ""reverse"": ""monty-python-and-the-holy-grail_card-back""}","{""name_printed"": ""Food Trough Wiper"", ""rarity"": ""Fixed"", ""number"": ""360"", ""item_dimensions"": ""{\u0022height\u0022: \u00223.5\u0022, \u0022width\u0022: \u00222.5\u0022, \u0022unit\u0022: \u0022inch\u0022}""}",8ad40f3e-887a-40a6-b6b3-61eb66161ef4,70eae3e4-e542-4ed3-b513-cb339fca5f64,Food Trough Wiper,Food Trough Wiper,{},monty-python-and-the-holy-grail_taunt-you-a-second-time!_food-trough-wiper
626354d6-8896-442b-8793-31b28730c33c,item,1,0,"{""obverse"": ""monty-python-and-the-holy-grail_taunt-you-a-second-time!_fooling-anyone"", ""reverse"": ""monty-python-and-the-holy-grail_card-back""}","{""name_printed"": ""Fooling Anyone"", ""rarity"": ""Fixed"", ""number"": ""361"", ""item_dimensions"": ""{\u0022height\u0022: \u00223.5\u0022, \u0022width\u0022: \u00222.5\u0022, \u0022unit\u0022: \u0022inch\u0022}""}",8ad40f3e-887a-40a6-b6b3-61eb66161ef4,70eae3e4-e542-4ed3-b513-cb339fca5f64,Fooling Anyone,Fooling Anyone,{},monty-python-and-the-holy-grail_taunt-you-a-second-time!_fooling-anyone
79d8decc-e117-4273-a9fb-32060da1dc44,item,1,0,"{""obverse"": ""monty-python-and-the-holy-grail_taunt-you-a-second-time!_fooling-yourself"", ""reverse"": ""monty-python-and-the-holy-grail_card-back""}","{""name_printed"": ""Fooling Yourself"", ""rarity"": ""Fixed"", ""number"": ""361"", ""item_dimensions"": ""{\u0022height\u0022: \u00223.5\u0022, \u0022width\u0022: \u00222.5\u0022, \u0022unit\u0022: \u0022inch\u0022}""}",8ad40f3e-887a-40a6-b6b3-61eb66161ef4,70eae3e4-e542-4ed3-b513-cb339fca5f64,Fooling Yourself,Fooling Yourself,{},monty-python-and-the-holy-grail_taunt-you-a-second-time!_fooling-yourself
4ad353f0-094d-40b2-bb31-e72689dc9212,item,1,0,"{""obverse"": ""monty-python-and-the-holy-grail_taunt-you-a-second-time!_foul-and-cruel"", ""reverse"": ""monty-python-and-the-holy-grail_card-back""}","{""name_printed"": ""Foul and Cruel"", ""rarity"": ""Fixed"", ""number"": ""363"", ""item_dimensions"": ""{\u0022height\u0022: \u00223.5\u0022, \u0022width\u0022: \u00222.5\u0022, \u0022unit\u0022: \u0022inch\u0022}""}",8ad40f3e-887a-40a6-b6b3-61eb66161ef4,70eae3e4-e542-4ed3-b513-cb339fca5f64,Foul and Cruel,Foul and Cruel,{},monty-python-and-the-holy-grail_taunt-you-a-second-time!_foul-and-cruel
0acabea3-8aba-4631-b109-9d1869a90b7f,item,1,0,"{""obverse"": ""monty-python-and-the-holy-grail_taunt-you-a-second-time!_friendly-guard"", ""reverse"": ""monty-python-and-the-holy-grail_card-back""}","{""name_printed"": ""Friendly Guard"", ""rarity"": ""Fixed"", ""number"": ""364"", ""item_dimensions"": ""{\u0022height\u0022: \u00223.5\u0022, \u0022width\u0022: \u00222.5\u0022, \u0022unit\u0022: \u0022inch\u0022}""}",8ad40f3e-887a-40a6-b6b3-61eb66161ef4,70eae3e4-e542-4ed3-b513-cb339fca5f64,Friendly Guard,Friendly Guard,{},monty-python-and-the-holy-grail_taunt-you-a-second-time!_friendly-guard
1c19d215-19c2-4071-8519-63333a4cf8e6,item,1,0,"{""obverse"": ""monty-python-and-the-holy-grail_taunt-you-a-second-time!_sir-galahad's-shield"", ""reverse"": ""monty-python-and-the-holy-grail_card-back""}","{""name_printed"": ""Sir Galahad's Shield"", ""rarity"": ""Fixed"", ""number"": ""365"", ""item_dimensions"": ""{\u0022height\u0022: \u00223.5\u0022, \u0022width\u0022: \u00222.5\u0022, \u0022unit\u0022: \u0022inch\u0022}""}",8ad40f3e-887a-40a6-b6b3-61eb66161ef4,70eae3e4-e542-4ed3-b513-cb339fca5f64,Sir Galahad's Shield,Sir Galahad's Shield,{},monty-python-and-the-holy-grail_taunt-you-a-second-time!_sir-galahad's-shield
0f5ef6c7-adfb-4587-8ee3-63d1c99519d1,item,1,0,"{""obverse"": ""monty-python-and-the-holy-grail_taunt-you-a-second-time!_git"", ""reverse"": ""monty-python-and-the-holy-grail_card-back""}","{""name_printed"": ""Git"", ""rarity"": ""Fixed"", ""number"": ""366"", ""item_dimensions"": ""{\u0022height\u0022: \u00223.5\u0022, \u0022width\u0022: \u00222.5\u0022, \u0022unit\u0022: \u0022inch\u0022}""}",8ad40f3e-887a-40a6-b6b3-61eb66161ef4,70eae3e4-e542-4ed3-b513-cb339fca5f64,Git,Git,{},monty-python-and-the-holy-grail_taunt-you-a-second-time!_git
9109f676-6249-4d01-9ae9-3b848ec2b29f,item,1,0,"{""obverse"": ""monty-python-and-the-holy-grail_taunt-you-a-second-time!_glass-of-water"", ""reverse"": ""monty-python-and-the-holy-grail_card-back""}","{""name_printed"": ""Glass of Water"", ""rarity"": ""Fixed"", ""number"": ""367"", ""item_dimensions"": ""{\u0022height\u0022: \u00223.5\u0022, \u0022width\u0022: \u00222.5\u0022, \u0022unit\u0022: \u0022inch\u0022}""}",8ad40f3e-887a-40a6-b6b3-61eb66161ef4,70eae3e4-e542-4ed3-b513-cb339fca5f64,Glass of Water,Glass of Water,{},monty-python-and-the-holy-grail_taunt-you-a-second-time!_glass-of-water
245e1cb3-b4a2-44a1-af8b-7a286f9a5979,item,1,0,"{""obverse"": ""monty-python-and-the-holy-grail_taunt-you-a-second-time!_got-one-"", ""reverse"": ""monty-python-and-the-holy-grail_card-back""}","{""name_printed"": ""Got One?"", ""rarity"": ""Fixed"", ""number"": ""368"", ""item_dimensions"": ""{\u0022height\u0022: \u00223.5\u0022, \u0022width\u0022: \u00222.5\u0022, \u0022unit\u0022: \u0022inch\u0022}""}",8ad40f3e-887a-40a6-b6b3-61eb66161ef4,70eae3e4-e542-4ed3-b513-cb339fca5f64,Got One?,Got One?,{},monty-python-and-the-holy-grail_taunt-you-a-second-time!_got-one-
e5de6279-58f0-4bb3-9013-d6798de29c1a,item,1,0,"{""obverse"": ""monty-python-and-the-holy-grail_taunt-you-a-second-time!_great-find"", ""reverse"": ""monty-python-and-the-holy-grail_card-back""}","{""name_printed"": ""Great Find"", ""rarity"": ""Fixed"", ""number"": ""369"", ""item_dimensions"": ""{\u0022height\u0022: \u00223.5\u0022, \u0022width\u0022: \u00222.5\u0022, \u0022unit\u0022: \u0022inch\u0022}""}",8ad40f3e-887a-40a6-b6b3-61eb66161ef4,70eae3e4-e542-4ed3-b513-cb339fca5f64,Great Find,Great Find,{},monty-python-and-the-holy-grail_taunt-you-a-second-time!_great-find
bcd6c3ab-4c6d-4a43-ae05-57fcc0a7389d,item,1,0,"{""obverse"": ""monty-python-and-the-holy-grail_taunt-you-a-second-time!_sir-gringamore"", ""reverse"": ""monty-python-and-the-holy-grail_card-back""}","{""name_printed"": ""Sir Gringamore"", ""rarity"": ""Fixed"", ""number"": ""370"", ""item_dimensions"": ""{\u0022height\u0022: \u00223.5\u0022, \u0022width\u0022: \u00222.5\u0022, \u0022unit\u0022: \u0022inch\u0022}""}",8ad40f3e-887a-40a6-b6b3-61eb66161ef4,70eae3e4-e542-4ed3-b513-cb339fca5f64,Sir Gringamore,Sir Gringamore,{},monty-python-and-the-holy-grail_taunt-you-a-second-time!_sir-gringamore
bb5b77ee-fc30-468d-9caa-136a2100b7e8,item,1,0,"{""obverse"": ""monty-python-and-the-holy-grail_taunt-you-a-second-time!_guy-de-loimbard"", ""reverse"": ""monty-python-and-the-holy-grail_card-back""}","{""name_printed"": ""Guy De Loimbard"", ""rarity"": ""Fixed"", ""number"": ""371"", ""item_dimensions"": ""{\u0022height\u0022: \u00223.5\u0022, \u0022width\u0022: \u00222.5\u0022, \u0022unit\u0022: \u0022inch\u0022}""}",8ad40f3e-887a-40a6-b6b3-61eb66161ef4,70eae3e4-e542-4ed3-b513-cb339fca5f64,Guy De Loimbard,Guy De Loimbard,{},monty-python-and-the-holy-grail_taunt-you-a-second-time!_guy-de-loimbard
0f754833-7329-4f3f-91c4-22d113694d77,item,1,0,"{""obverse"": ""monty-python-and-the-holy-grail_taunt-you-a-second-time!_a-happy-occasion"", ""reverse"": ""monty-python-and-the-holy-grail_card-back""}","{""name_printed"": ""A Happy Occasion"", ""rarity"": ""Fixed"", ""number"": ""372"", ""item_dimensions"": ""{\u0022height\u0022: \u00223.5\u0022, \u0022width\u0022: \u00222.5\u0022, \u0022unit\u0022: \u0022inch\u0022}""}",8ad40f3e-887a-40a6-b6b3-61eb66161ef4,70eae3e4-e542-4ed3-b513-cb339fca5f64,A Happy Occasion,A Happy Occasion,{},monty-python-and-the-holy-grail_taunt-you-a-second-time!_a-happy-occasion
2864c175-2a06-4874-be30-ee8d6f1b777d,item,1,0,"{""obverse"": ""monty-python-and-the-holy-grail_taunt-you-a-second-time!_head-off"", ""reverse"": ""monty-python-and-the-holy-grail_card-back""}","{""name_printed"": ""Head Off"", ""rarity"": ""Fixed"", ""number"": ""373"", ""item_dimensions"": ""{\u0022height\u0022: \u00223.5\u0022, \u0022width\u0022: \u00222.5\u0022, \u0022unit\u0022: \u0022inch\u0022}""}",8ad40f3e-887a-40a6-b6b3-61eb66161ef4,70eae3e4-e542-4ed3-b513-cb339fca5f64,Head Off,Head Off,{},monty-python-and-the-holy-grail_taunt-you-a-second-time!_head-off
e208a5da-98c6-4d54-b9d2-27f3dbdd9b09,item,1,0,"{""obverse"": ""monty-python-and-the-holy-grail_taunt-you-a-second-time!_a-herring"", ""reverse"": ""monty-python-and-the-holy-grail_card-back""}","{""name_printed"": ""A Herring"", ""rarity"": ""Fixed"", ""number"": ""374"", ""item_dimensions"": ""{\u0022height\u0022: \u00223.5\u0022, \u0022width\u0022: \u00222.5\u0022, \u0022unit\u0022: \u0022inch\u0022}""}",8ad40f3e-887a-40a6-b6b3-61eb66161ef4,70eae3e4-e542-4ed3-b513-cb339fca5f64,A Herring,A Herring,{},monty-python-and-the-holy-grail_taunt-you-a-second-time!_a-herring
bfb2f969-b060-414b-b08f-ec5785207e3e,item,1,0,"{""obverse"": ""monty-python-and-the-holy-grail_taunt-you-a-second-time!_hiccups"", ""reverse"": ""monty-python-and-the-holy-grail_card-back""}","{""name_printed"": ""Hiccups"", ""rarity"": ""Fixed"", ""number"": ""375"", ""item_dimensions"": ""{\u0022height\u0022: \u00223.5\u0022, \u0022width\u0022: \u00222.5\u0022, \u0022unit\u0022: \u0022inch\u0022}""}",8ad40f3e-887a-40a6-b6b3-61eb66161ef4,70eae3e4-e542-4ed3-b513-cb339fca5f64,Hiccups,Hiccups,{},monty-python-and-the-holy-grail_taunt-you-a-second-time!_hiccups
2bbdc4ac-c4fc-492e-b51e-0536d5de8048,item,1,0,"{""obverse"": ""monty-python-and-the-holy-grail_taunt-you-a-second-time!_hidden-knowledge"", ""reverse"": ""monty-python-and-the-holy-grail_card-back""}","{""name_printed"": ""Hidden Knowledge"", ""rarity"": ""Fixed"", ""number"": ""376"", ""item_dimensions"": ""{\u0022height\u0022: \u00223.5\u0022, \u0022width\u0022: \u00222.5\u0022, \u0022unit\u0022: \u0022inch\u0022}""}",8ad40f3e-887a-40a6-b6b3-61eb66161ef4,70eae3e4-e542-4ed3-b513-cb339fca5f64,Hidden Knowledge,Hidden Knowledge,{},monty-python-and-the-holy-grail_taunt-you-a-second-time!_hidden-knowledge
a337fb53-6fab-400a-adf0-b3a99bbd98c7,item,1,0,"{""obverse"": ""monty-python-and-the-holy-grail_taunt-you-a-second-time!_highlands"", ""reverse"": ""monty-python-and-the-holy-grail_card-back""}","{""name_printed"": ""Highlands"", ""rarity"": ""Fixed"", ""number"": ""377"", ""item_dimensions"": ""{\u0022height\u0022: \u00223.5\u0022, \u0022width\u0022: \u00222.5\u0022, \u0022unit\u0022: \u0022inch\u0022}""}",8ad40f3e-887a-40a6-b6b3-61eb66161ef4,70eae3e4-e542-4ed3-b513-cb339fca5f64,Highlands,Highlands,{},monty-python-and-the-holy-grail_taunt-you-a-second-time!_highlands
9fa58abb-e512-4bb9-86ee-509e1cd53639,item,1,0,"{""obverse"": ""monty-python-and-the-holy-grail_taunt-you-a-second-time!_holiday-in-sweden"", ""reverse"": ""monty-python-and-the-holy-grail_card-back""}","{""name_printed"": ""Holiday in Sweden"", ""rarity"": ""Fixed"", ""number"": ""378"", ""item_dimensions"": ""{\u0022height\u0022: \u00223.5\u0022, \u0022width\u0022: \u00222.5\u0022, \u0022unit\u0022: \u0022inch\u0022}""}",8ad40f3e-887a-40a6-b6b3-61eb66161ef4,70eae3e4-e542-4ed3-b513-cb339fca5f64,Holiday in Sweden,Holiday in Sweden,{},monty-python-and-the-holy-grail_taunt-you-a-second-time!_holiday-in-sweden
a9a56b44-8a71-4bdb-9e82-134d66467fd4,item,1,0,"{""obverse"": ""monty-python-and-the-holy-grail_taunt-you-a-second-time!_i-got-better"", ""reverse"": ""monty-python-and-the-holy-grail_card-back""}","{""name_printed"": ""I Got Better"", ""rarity"": ""Fixed"", ""number"": ""379"", ""item_dimensions"": ""{\u0022height\u0022: \u00223.5\u0022, \u0022width\u0022: \u00222.5\u0022, \u0022unit\u0022: \u0022inch\u0022}""}",8ad40f3e-887a-40a6-b6b3-61eb66161ef4,70eae3e4-e542-4ed3-b513-cb339fca5f64,I Got Better,I Got Better,{},monty-python-and-the-holy-grail_taunt-you-a-second-time!_i-got-better
f1089bd3-f426-4bbe-aa90-4a44d047df34,item,1,0,"{""obverse"": ""monty-python-and-the-holy-grail_taunt-you-a-second-time!_interspace-toothbrush"", ""reverse"": ""monty-python-and-the-holy-grail_card-back""}","{""name_printed"": ""Interspace Toothbrush"", ""rarity"": ""Fixed"", ""number"": ""380"", ""item_dimensions"": ""{\u0022height\u0022: \u00223.5\u0022, \u0022width\u0022: \u00222.5\u0022, \u0022unit\u0022: \u0022inch\u0022}""}",8ad40f3e-887a-40a6-b6b3-61eb66161ef4,70eae3e4-e542-4ed3-b513-cb339fca5f64,Interspace Toothbrush,Interspace Toothbrush,{},monty-python-and-the-holy-grail_taunt-you-a-second-time!_interspace-toothbrush
90ee6393-790b-4e05-8960-d95e3b171afc,item,1,0,"{""obverse"": ""monty-python-and-the-holy-grail_taunt-you-a-second-time!_join-my-court"", ""reverse"": ""monty-python-and-the-holy-grail_card-back""}","{""name_printed"": ""Join My Court"", ""rarity"": ""Fixed"", ""number"": ""381"", ""item_dimensions"": ""{\u0022height\u0022: \u00223.5\u0022, \u0022width\u0022: \u00222.5\u0022, \u0022unit\u0022: \u0022inch\u0022}""}",8ad40f3e-887a-40a6-b6b3-61eb66161ef4,70eae3e4-e542-4ed3-b513-cb339fca5f64,Join My Court,Join My Court,{},monty-python-and-the-holy-grail_taunt-you-a-second-time!_join-my-court
64300e77-4e3b-4155-883d-6bff2a8f59ef,item,1,0,"{""obverse"": ""monty-python-and-the-holy-grail_taunt-you-a-second-time!_king-of-swamp-castle"", ""reverse"": ""monty-python-and-the-holy-grail_card-back""}","{""name_printed"": ""King of Swamp Castle"", ""rarity"": ""Fixed"", ""number"": ""382"", ""item_dimensions"": ""{\u0022height\u0022: \u00223.5\u0022, \u0022width\u0022: \u00222.5\u0022, \u0022unit\u0022: \u0022inch\u0022}""}",8ad40f3e-887a-40a6-b6b3-61eb66161ef4,70eae3e4-e542-4ed3-b513-cb339fca5f64,King of Swamp Castle,King of Swamp Castle,{},monty-python-and-the-holy-grail_taunt-you-a-second-time!_king-of-swamp-castle
385e0945-9155-45d2-bfec-5e79c620da2d,item,1,0,"{""obverse"": ""monty-python-and-the-holy-grail_taunt-you-a-second-time!_knighting"", ""reverse"": ""monty-python-and-the-holy-grail_card-back""}","{""name_printed"": ""Knighting"", ""rarity"": ""Fixed"", ""number"": ""383"", ""item_dimensions"": ""{\u0022height\u0022: \u00223.5\u0022, \u0022width\u0022: \u00222.5\u0022, \u0022unit\u0022: \u0022inch\u0022}""}",8ad40f3e-887a-40a6-b6b3-61eb66161ef4,70eae3e4-e542-4ed3-b513-cb339fca5f64,Knighting,Knighting,{},monty-python-and-the-holy-grail_taunt-you-a-second-time!_knighting
6d7b21e8-afa8-41bc-a1e5-5a26461b937e,item,1,0,"{""obverse"": ""monty-python-and-the-holy-grail_taunt-you-a-second-time!_knights-who-'til-recently-said-ni"", ""reverse"": ""monty-python-and-the-holy-grail_card-back""}","{""name_printed"": ""Knights-Who-'Til-Recently-Said-Ni"", ""rarity"": ""Fixed"", ""number"": ""384"", ""item_dimensions"": ""{\u0022height\u0022: \u00223.5\u0022, \u0022width\u0022: \u00222.5\u0022, \u0022unit\u0022: \u0022inch\u0022}""}",8ad40f3e-887a-40a6-b6b3-61eb66161ef4,70eae3e4-e542-4ed3-b513-cb339fca5f64,Knights-Who-'Til-Recently-Said-Ni,Knights-Who-'Til-Recently-Said-Ni,{},monty-python-and-the-holy-grail_taunt-you-a-second-time!_knights-who-'til-recently-said-ni
5a103866-ba66-45a9-8bcb-13b887fc91ce,item,1,0,"{""obverse"": ""monty-python-and-the-holy-grail_taunt-you-a-second-time!_sir-lancelot's-shield"", ""reverse"": ""monty-python-and-the-holy-grail_card-back""}","{""name_printed"": ""Sir Lancelot's Shield"", ""rarity"": ""Fixed"", ""number"": ""385"", ""item_dimensions"": ""{\u0022height\u0022: \u00223.5\u0022, \u0022width\u0022: \u00222.5\u0022, \u0022unit\u0022: \u0022inch\u0022}""}",8ad40f3e-887a-40a6-b6b3-61eb66161ef4,70eae3e4-e542-4ed3-b513-cb339fca5f64,Sir Lancelot's Shield,Sir Lancelot's Shield,{},monty-python-and-the-holy-grail_taunt-you-a-second-time!_sir-lancelot's-shield
96938d34-3707-4c80-bc1a-0759715eac21,item,1,0,"{""obverse"": ""monty-python-and-the-holy-grail_taunt-you-a-second-time!_lightning-the-lost-page-of-sir-lancelot"", ""reverse"": ""monty-python-and-the-holy-grail_card-back""}","{""name_printed"": ""Lightning the Lost Page of Sir Lancelot"", ""rarity"": ""Fixed"", ""number"": ""386"", ""item_dimensions"": ""{\u0022height\u0022: \u00223.5\u0022, \u0022width\u0022: \u00222.5\u0022, \u0022unit\u0022: \u0022inch\u0022}""}",8ad40f3e-887a-40a6-b6b3-61eb66161ef4,70eae3e4-e542-4ed3-b513-cb339fca5f64,Lightning the Lost Page of Sir Lancelot,Lightning the Lost Page of Sir Lancelot,{},monty-python-and-the-holy-grail_taunt-you-a-second-time!_lightning-the-lost-page-of-sir-lancelot
4dc51882-2c25-4ace-9bb4-1dedb4955412,item,1,0,"{""obverse"": ""monty-python-and-the-holy-grail_taunt-you-a-second-time!_a-looney"", ""reverse"": ""monty-python-and-the-holy-grail_card-back""}","{""name_printed"": ""A Looney"", ""rarity"": ""Fixed"", ""number"": ""387"", ""item_dimensions"": ""{\u0022height\u0022: \u00223.5\u0022, \u0022width\u0022: \u00222.5\u0022, \u0022unit\u0022: \u0022inch\u0022}""}",8ad40f3e-887a-40a6-b6b3-61eb66161ef4,70eae3e4-e542-4ed3-b513-cb339fca5f64,A Looney,A Looney,{},monty-python-and-the-holy-grail_taunt-you-a-second-time!_a-looney
5f4e3197-ddd2-4d06-8330-f3f83fb8b71b,item,1,0,"{""obverse"": ""monty-python-and-the-holy-grail_taunt-you-a-second-time!_lucky-john-the-page"", ""reverse"": ""monty-python-and-the-holy-grail_card-back""}","{""name_printed"": ""Lucky John the Page"", ""rarity"": ""Fixed"", ""number"": ""388"", ""item_dimensions"": ""{\u0022height\u0022: \u00223.5\u0022, \u0022width\u0022: \u00222.5\u0022, \u0022unit\u0022: \u0022inch\u0022}""}",8ad40f3e-887a-40a6-b6b3-61eb66161ef4,70eae3e4-e542-4ed3-b513-cb339fca5f64,Lucky John the Page,Lucky John the Page,{},monty-python-and-the-holy-grail_taunt-you-a-second-time!_lucky-john-the-page
3a7a0b64-d500-4a44-8a58-ca3cfc821ac7,item,1,0,"{""obverse"": ""monty-python-and-the-holy-grail_taunt-you-a-second-time!_mace"", ""reverse"": ""monty-python-and-the-holy-grail_card-back""}","{""name_printed"": ""Mace"", ""rarity"": ""Fixed"", ""number"": ""389"", ""item_dimensions"": ""{\u0022height\u0022: \u00223.5\u0022, \u0022width\u0022: \u00222.5\u0022, \u0022unit\u0022: \u0022inch\u0022}""}",8ad40f3e-887a-40a6-b6b3-61eb66161ef4,70eae3e4-e542-4ed3-b513-cb339fca5f64,Mace,Mace,{},monty-python-and-the-holy-grail_taunt-you-a-second-time!_mace
7724e904-406d-4fa8-9413-6e0df6f79e53,item,1,0,"{""obverse"": ""monty-python-and-the-holy-grail_taunt-you-a-second-time!_major-taunt-(grail-0)"", ""reverse"": ""monty-python-and-the-holy-grail_card-back""}","{""name_printed"": ""Major Taunt"", ""functional_disambiguator"": ""Grail 0"", ""rarity"": ""Fixed"", ""number"": ""390"", ""item_dimensions"": ""{\u0022height\u0022: \u00223.5\u0022, \u0022width\u0022: \u00222.5\u0022, \u0022unit\u0022: \u0022inch\u0022}""}",8ad40f3e-887a-40a6-b6b3-61eb66161ef4,70eae3e4-e542-4ed3-b513-cb339fca5f64,Major Taunt (Grail 0),Major Taunt (Grail 0),{},monty-python-and-the-holy-grail_taunt-you-a-second-time!_major-taunt-(grail-0)
8693a49b-ab85-4eef-a1ab-00dd1119a675,item,1,0,"{""obverse"": ""monty-python-and-the-holy-grail_taunt-you-a-second-time!_major-taunt-(grail-2)"", ""reverse"": ""monty-python-and-the-holy-grail_card-back""}","{""name_printed"": ""Major Taunt"", ""functional_disambiguator"": ""Grail 2"", ""rarity"": ""Fixed"", ""number"": ""391"", ""item_dimensions"": ""{\u0022height\u0022: \u00223.5\u0022, \u0022width\u0022: \u00222.5\u0022, \u0022unit\u0022: \u0022inch\u0022}""}",8ad40f3e-887a-40a6-b6b3-61eb66161ef4,70eae3e4-e542-4ed3-b513-cb339fca5f64,Major Taunt (Grail 2),Major Taunt (Grail 2),{},monty-python-and-the-holy-grail_taunt-you-a-second-time!_major-taunt-(grail-2)
7a2312d3-80de-4696-83bc-feca90591eae,item,1,0,"{""obverse"": ""monty-python-and-the-holy-grail_taunt-you-a-second-time!_mallet-to-the-head"", ""reverse"": ""monty-python-and-the-holy-grail_card-back""}","{""name_printed"": ""Mallet to the Head"", ""rarity"": ""Fixed"", ""number"": ""392"", ""item_dimensions"": ""{\u0022height\u0022: \u00223.5\u0022, \u0022width\u0022: \u00222.5\u0022, \u0022unit\u0022: \u0022inch\u0022}""}",8ad40f3e-887a-40a6-b6b3-61eb66161ef4,70eae3e4-e542-4ed3-b513-cb339fca5f64,Mallet to the Head,Mallet to the Head,{},monty-python-and-the-holy-grail_taunt-you-a-second-time!_mallet-to-the-head
314cf0a8-db9f-49a1-8da9-4844c37d0f22,item,1,0,"{""obverse"": ""monty-python-and-the-holy-grail_taunt-you-a-second-time!_marriage"", ""reverse"": ""monty-python-and-the-holy-grail_card-back""}","{""name_printed"": ""Marriage"", ""rarity"": ""Fixed"", ""number"": ""393"", ""item_dimensions"": ""{\u0022height\u0022: \u00223.5\u0022, \u0022width\u0022: \u00222.5\u0022, \u0022unit\u0022: \u0022inch\u0022}""}",8ad40f3e-887a-40a6-b6b3-61eb66161ef4,70eae3e4-e542-4ed3-b513-cb339fca5f64,Marriage,Marriage,{},monty-python-and-the-holy-grail_taunt-you-a-second-time!_marriage
ba147d69-af48-4210-888b-d3b5520355ca,item,1,0,"{""obverse"": ""monty-python-and-the-holy-grail_taunt-you-a-second-time!_mayhem"", ""reverse"": ""monty-python-and-the-holy-grail_card-back""}","{""name_printed"": ""Mayhem"", ""rarity"": ""Fixed"", ""number"": ""394"", ""item_dimensions"": ""{\u0022height\u0022: \u00223.5\u0022, \u0022width\u0022: \u00222.5\u0022, \u0022unit\u0022: \u0022inch\u0022}""}",8ad40f3e-887a-40a6-b6b3-61eb66161ef4,70eae3e4-e542-4ed3-b513-cb339fca5f64,Mayhem,Mayhem,{},monty-python-and-the-holy-grail_taunt-you-a-second-time!_mayhem
52ce03f2-1472-42d6-8c1a-3c9a7304d239,item,1,0,"{""obverse"": ""monty-python-and-the-holy-grail_taunt-you-a-second-time!_men-of-valor"", ""reverse"": ""monty-python-and-the-holy-grail_card-back""}","{""name_printed"": ""Men of Valor"", ""rarity"": ""Fixed"", ""number"": ""395"", ""item_dimensions"": ""{\u0022height\u0022: \u00223.5\u0022, \u0022width\u0022: \u00222.5\u0022, \u0022unit\u0022: \u0022inch\u0022}""}",8ad40f3e-887a-40a6-b6b3-61eb66161ef4,70eae3e4-e542-4ed3-b513-cb339fca5f64,Men of Valor,Men of Valor,{},monty-python-and-the-holy-grail_taunt-you-a-second-time!_men-of-valor
0c863c9b-02c4-4d35-be79-ef589c7eb640,item,1,0,"{""obverse"": ""monty-python-and-the-holy-grail_taunt-you-a-second-time!_midget"", ""reverse"": ""monty-python-and-the-holy-grail_card-back""}","{""name_printed"": ""Midget"", ""rarity"": ""Fixed"", ""number"": ""396"", ""item_dimensions"": ""{\u0022height\u0022: \u00223.5\u0022, \u0022width\u0022: \u00222.5\u0022, \u0022unit\u0022: \u0022inch\u0022}""}",8ad40f3e-887a-40a6-b6b3-61eb66161ef4,70eae3e4-e542-4ed3-b513-cb339fca5f64,Midget,Midget,{},monty-python-and-the-holy-grail_taunt-you-a-second-time!_midget
921be789-8071-4c24-820b-0e99a64fc4dc,item,1,0,"{""obverse"": ""monty-python-and-the-holy-grail_taunt-you-a-second-time!_mightiest-tree-in-the-forest"", ""reverse"": ""monty-python-and-the-holy-grail_card-back""}","{""name_printed"": ""Mightiest Tree in the Forest"", ""rarity"": ""Fixed"", ""number"": ""397"", ""item_dimensions"": ""{\u0022height\u0022: \u00223.5\u0022, \u0022width\u0022: \u00222.5\u0022, \u0022unit\u0022: \u0022inch\u0022}""}",8ad40f3e-887a-40a6-b6b3-61eb66161ef4,70eae3e4-e542-4ed3-b513-cb339fca5f64,Mightiest Tree in the Forest,Mightiest Tree in the Forest,{},monty-python-and-the-holy-grail_taunt-you-a-second-time!_mightiest-tree-in-the-forest
dae70370-df65-4dfb-b3a1-2e8242180c44,item,1,0,"{""obverse"": ""monty-python-and-the-holy-grail_taunt-you-a-second-time!_migration"", ""reverse"": ""monty-python-and-the-holy-grail_card-back""}","{""name_printed"": ""Migration"", ""rarity"": ""Fixed"", ""number"": ""398"", ""item_dimensions"": ""{\u0022height\u0022: \u00223.5\u0022, \u0022width\u0022: \u00222.5\u0022, \u0022unit\u0022: \u0022inch\u0022}""}",8ad40f3e-887a-40a6-b6b3-61eb66161ef4,70eae3e4-e542-4ed3-b513-cb339fca5f64,Migration,Migration,{},monty-python-and-the-holy-grail_taunt-you-a-second-time!_migration
fc48823d-cc2b-49de-bc40-236dd7f2b832,item,1,0,"{""obverse"": ""monty-python-and-the-holy-grail_taunt-you-a-second-time!_a-moose"", ""reverse"": ""monty-python-and-the-holy-grail_card-back""}","{""name_printed"": ""A Moose"", ""rarity"": ""Fixed"", ""number"": ""400"", ""item_dimensions"": ""{\u0022height\u0022: \u00223.5\u0022, \u0022width\u0022: \u00222.5\u0022, \u0022unit\u0022: \u0022inch\u0022}""}",8ad40f3e-887a-40a6-b6b3-61eb66161ef4,70eae3e4-e542-4ed3-b513-cb339fca5f64,A Moose,A Moose,{},monty-python-and-the-holy-grail_taunt-you-a-second-time!_a-moose
3f7b2d63-a8fa-493e-958d-d6b2987cdbd1,item,1,0,"{""obverse"": ""monty-python-and-the-holy-grail_taunt-you-a-second-time!_moose-bite"", ""reverse"": ""monty-python-and-the-holy-grail_card-back""}","{""name_printed"": ""Moose Bite"", ""rarity"": ""Fixed"", ""number"": ""401"", ""item_dimensions"": ""{\u0022height\u0022: \u00223.5\u0022, \u0022width\u0022: \u00222.5\u0022, \u0022unit\u0022: \u0022inch\u0022}""}",8ad40f3e-887a-40a6-b6b3-61eb66161ef4,70eae3e4-e542-4ed3-b513-cb339fca5f64,Moose Bite,Moose Bite,{},monty-python-and-the-holy-grail_taunt-you-a-second-time!_moose-bite
e345994a-cd5e-4de9-96e5-706f4b61c74b,item,1,0,"{""obverse"": ""monty-python-and-the-holy-grail_taunt-you-a-second-time!_more-than-reasonable"", ""reverse"": ""monty-python-and-the-holy-grail_card-back""}","{""name_printed"": ""More Than Reasonable"", ""rarity"": ""Fixed"", ""number"": ""402"", ""item_dimensions"": ""{\u0022height\u0022: \u00223.5\u0022, \u0022width\u0022: \u00222.5\u0022, \u0022unit\u0022: \u0022inch\u0022}""}",8ad40f3e-887a-40a6-b6b3-61eb66161ef4,70eae3e4-e542-4ed3-b513-cb339fca5f64,More Than Reasonable,More Than Reasonable,{},monty-python-and-the-holy-grail_taunt-you-a-second-time!_more-than-reasonable
8eaaeb4a-8b95-4a9c-9336-554c051d2b1d,item,1,0,"{""obverse"": ""monty-python-and-the-holy-grail_taunt-you-a-second-time!_mr--newt-the-blacksmith"", ""reverse"": ""monty-python-and-the-holy-grail_card-back""}","{""name_printed"": ""Mr. Newt the Blacksmith"", ""rarity"": ""Fixed"", ""number"": ""403"", ""item_dimensions"": ""{\u0022height\u0022: \u00223.5\u0022, \u0022width\u0022: \u00222.5\u0022, \u0022unit\u0022: \u0022inch\u0022}""}",8ad40f3e-887a-40a6-b6b3-61eb66161ef4,70eae3e4-e542-4ed3-b513-cb339fca5f64,Mr. Newt the Blacksmith,Mr. Newt the Blacksmith,{},monty-python-and-the-holy-grail_taunt-you-a-second-time!_mr--newt-the-blacksmith
d6747ba4-bf73-4a01-9ea3-6668c9dd5923,item,1,0,"{""obverse"": ""monty-python-and-the-holy-grail_taunt-you-a-second-time!_mud"", ""reverse"": ""monty-python-and-the-holy-grail_card-back""}","{""name_printed"": ""Mud"", ""rarity"": ""Fixed"", ""number"": ""404"", ""item_dimensions"": ""{\u0022height\u0022: \u00223.5\u0022, \u0022width\u0022: \u00222.5\u0022, \u0022unit\u0022: \u0022inch\u0022}""}",8ad40f3e-887a-40a6-b6b3-61eb66161ef4,70eae3e4-e542-4ed3-b513-cb339fca5f64,Mud,Mud,{},monty-python-and-the-holy-grail_taunt-you-a-second-time!_mud
1950f875-ffb9-477a-8d37-4aee1052a839,item,1,0,"{""obverse"": ""monty-python-and-the-holy-grail_taunt-you-a-second-time!_no-chance"", ""reverse"": ""monty-python-and-the-holy-grail_card-back""}","{""name_printed"": ""No Chance"", ""rarity"": ""Fixed"", ""number"": ""405"", ""item_dimensions"": ""{\u0022height\u0022: \u00223.5\u0022, \u0022width\u0022: \u00222.5\u0022, \u0022unit\u0022: \u0022inch\u0022}""}",8ad40f3e-887a-40a6-b6b3-61eb66161ef4,70eae3e4-e542-4ed3-b513-cb339fca5f64,No Chance,No Chance,{},monty-python-and-the-holy-grail_taunt-you-a-second-time!_no-chance
aa58d380-5ccd-46f2-888d-179d927bfb0e,item,1,0,"{""obverse"": ""monty-python-and-the-holy-grail_taunt-you-a-second-time!_no-class"", ""reverse"": ""monty-python-and-the-holy-grail_card-back""}","{""name_printed"": ""No Class"", ""rarity"": ""Fixed"", ""number"": ""406"", ""item_dimensions"": ""{\u0022height\u0022: \u00223.5\u0022, \u0022width\u0022: \u00222.5\u0022, \u0022unit\u0022: \u0022inch\u0022}""}",8ad40f3e-887a-40a6-b6b3-61eb66161ef4,70eae3e4-e542-4ed3-b513-cb339fca5f64,No Class,No Class,{},monty-python-and-the-holy-grail_taunt-you-a-second-time!_no-class
f7aed116-e17f-4ff0-9208-101e2b07036e,item,1,0,"{""obverse"": ""monty-python-and-the-holy-grail_taunt-you-a-second-time!_no-more"", ""reverse"": ""monty-python-and-the-holy-grail_card-back""}","{""name_printed"": ""No More"", ""rarity"": ""Fixed"", ""number"": ""407"", ""item_dimensions"": ""{\u0022height\u0022: \u00223.5\u0022, \u0022width\u0022: \u00222.5\u0022, \u0022unit\u0022: \u0022inch\u0022}""}",8ad40f3e-887a-40a6-b6b3-61eb66161ef4,70eae3e4-e542-4ed3-b513-cb339fca5f64,No More,No More,{},monty-python-and-the-holy-grail_taunt-you-a-second-time!_no-more
efbe3ea0-5de8-4adc-9c80-59a9407c7817,item,1,0,"{""obverse"": ""monty-python-and-the-holy-grail_taunt-you-a-second-time!_no-problems"", ""reverse"": ""monty-python-and-the-holy-grail_card-back""}","{""name_printed"": ""No Problems"", ""rarity"": ""Fixed"", ""number"": ""408"", ""item_dimensions"": ""{\u0022height\u0022: \u00223.5\u0022, \u0022width\u0022: \u00222.5\u0022, \u0022unit\u0022: \u0022inch\u0022}""}",8ad40f3e-887a-40a6-b6b3-61eb66161ef4,70eae3e4-e542-4ed3-b513-cb339fca5f64,No Problems,No Problems,{},monty-python-and-the-holy-grail_taunt-you-a-second-time!_no-problems
66f20500-0827-4623-a814-f4f7660a872c,item,1,0,"{""obverse"": ""monty-python-and-the-holy-grail_taunt-you-a-second-time!_nobility"", ""reverse"": ""monty-python-and-the-holy-grail_card-back""}","{""name_printed"": ""Nobility"", ""rarity"": ""Fixed"", ""number"": ""409"", ""item_dimensions"": ""{\u0022height\u0022: \u00223.5\u0022, \u0022width\u0022: \u00222.5\u0022, \u0022unit\u0022: \u0022inch\u0022}""}",8ad40f3e-887a-40a6-b6b3-61eb66161ef4,70eae3e4-e542-4ed3-b513-cb339fca5f64,Nobility,Nobility,{},monty-python-and-the-holy-grail_taunt-you-a-second-time!_nobility
756bfc2b-74e6-4ac0-a066-a70f526e6ddd,item,1,0,"{""obverse"": ""monty-python-and-the-holy-grail_taunt-you-a-second-time!_nonmigratory"", ""reverse"": ""monty-python-and-the-holy-grail_card-back""}","{""name_printed"": ""Nonmigratory"", ""rarity"": ""Fixed"", ""number"": ""410"", ""item_dimensions"": ""{\u0022height\u0022: \u00223.5\u0022, \u0022width\u0022: \u00222.5\u0022, \u0022unit\u0022: \u0022inch\u0022}""}",8ad40f3e-887a-40a6-b6b3-61eb66161ef4,70eae3e4-e542-4ed3-b513-cb339fca5f64,Nonmigratory,Nonmigratory,{},monty-python-and-the-holy-grail_taunt-you-a-second-time!_nonmigratory
de317435-b71d-4f9a-ab73-38d7bba701df,item,1,0,"{""obverse"": ""monty-python-and-the-holy-grail_taunt-you-a-second-time!_not-quite-so-brave"", ""reverse"": ""monty-python-and-the-holy-grail_card-back""}","{""name_printed"": ""Not Quite So Brave"", ""rarity"": ""Fixed"", ""number"": ""411"", ""item_dimensions"": ""{\u0022height\u0022: \u00223.5\u0022, \u0022width\u0022: \u00222.5\u0022, \u0022unit\u0022: \u0022inch\u0022}""}",8ad40f3e-887a-40a6-b6b3-61eb66161ef4,70eae3e4-e542-4ed3-b513-cb339fca5f64,Not Quite So Brave,Not Quite So Brave,{},monty-python-and-the-holy-grail_taunt-you-a-second-time!_not-quite-so-brave
cec32038-d426-4b5a-a455-615b033462b1,item,1,0,"{""obverse"": ""monty-python-and-the-holy-grail_taunt-you-a-second-time!_a-note"", ""reverse"": ""monty-python-and-the-holy-grail_card-back""}","{""name_printed"": ""A Note"", ""rarity"": ""Fixed"", ""number"": ""412"", ""item_dimensions"": ""{\u0022height\u0022: \u00223.5\u0022, \u0022width\u0022: \u00222.5\u0022, \u0022unit\u0022: \u0022inch\u0022}""}",8ad40f3e-887a-40a6-b6b3-61eb66161ef4,70eae3e4-e542-4ed3-b513-cb339fca5f64,A Note,A Note,{},monty-python-and-the-holy-grail_taunt-you-a-second-time!_a-note
5bd51665-7418-48ba-8658-732ea309a71d,item,1,0,"{""obverse"": ""monty-python-and-the-holy-grail_taunt-you-a-second-time!_notlob"", ""reverse"": ""monty-python-and-the-holy-grail_card-back""}","{""name_printed"": ""Notlob"", ""rarity"": ""Fixed"", ""number"": ""413"", ""item_dimensions"": ""{\u0022height\u0022: \u00223.5\u0022, \u0022width\u0022: \u00222.5\u0022, \u0022unit\u0022: \u0022inch\u0022}""}",8ad40f3e-887a-40a6-b6b3-61eb66161ef4,70eae3e4-e542-4ed3-b513-cb339fca5f64,Notlob,Notlob,{},monty-python-and-the-holy-grail_taunt-you-a-second-time!_notlob
08e98023-fdaa-4e9f-8918-078d52800b62,item,1,0,"{""obverse"": ""monty-python-and-the-holy-grail_taunt-you-a-second-time!_nursery"", ""reverse"": ""monty-python-and-the-holy-grail_card-back""}","{""name_printed"": ""Nursery"", ""rarity"": ""Fixed"", ""number"": ""414"", ""item_dimensions"": ""{\u0022height\u0022: \u00223.5\u0022, \u0022width\u0022: \u00222.5\u0022, \u0022unit\u0022: \u0022inch\u0022}""}",8ad40f3e-887a-40a6-b6b3-61eb66161ef4,70eae3e4-e542-4ed3-b513-cb339fca5f64,Nursery,Nursery,{},monty-python-and-the-holy-grail_taunt-you-a-second-time!_nursery
56334647-a53c-4d6d-93f6-fd9aeacbc34a,item,1,0,"{""obverse"": ""monty-python-and-the-holy-grail_taunt-you-a-second-time!_oh-dear"", ""reverse"": ""monty-python-and-the-holy-grail_card-back""}","{""name_printed"": ""Oh Dear"", ""rarity"": ""Fixed"", ""number"": ""415"", ""item_dimensions"": ""{\u0022height\u0022: \u00223.5\u0022, \u0022width\u0022: \u00222.5\u0022, \u0022unit\u0022: \u0022inch\u0022}""}",8ad40f3e-887a-40a6-b6b3-61eb66161ef4,70eae3e4-e542-4ed3-b513-cb339fca5f64,Oh Dear,Oh Dear,{},monty-python-and-the-holy-grail_taunt-you-a-second-time!_oh-dear
b61b0876-69fb-4d45-9d81-113f8c98cf83,item,1,0,"{""obverse"": ""monty-python-and-the-holy-grail_taunt-you-a-second-time!_old-man-from-scene-24"", ""reverse"": ""monty-python-and-the-holy-grail_card-back""}","{""name_printed"": ""Old Man From Scene 24"", ""rarity"": ""Fixed"", ""number"": ""416"", ""item_dimensions"": ""{\u0022height\u0022: \u00223.5\u0022, \u0022width\u0022: \u00222.5\u0022, \u0022unit\u0022: \u0022inch\u0022}""}",8ad40f3e-887a-40a6-b6b3-61eb66161ef4,70eae3e4-e542-4ed3-b513-cb339fca5f64,Old Man From Scene 24,Old Man From Scene 24,{},monty-python-and-the-holy-grail_taunt-you-a-second-time!_old-man-from-scene-24
7aa882dd-3178-4428-8a6f-0bf6934c5abe,item,1,0,"{""obverse"": ""monty-python-and-the-holy-grail_taunt-you-a-second-time!_outrageous-accent"", ""reverse"": ""monty-python-and-the-holy-grail_card-back""}","{""name_printed"": ""Outrageous Accent"", ""rarity"": ""Fixed"", ""number"": ""417"", ""item_dimensions"": ""{\u0022height\u0022: \u00223.5\u0022, \u0022width\u0022: \u00222.5\u0022, \u0022unit\u0022: \u0022inch\u0022}""}",8ad40f3e-887a-40a6-b6b3-61eb66161ef4,70eae3e4-e542-4ed3-b513-cb339fca5f64,Outrageous Accent,Outrageous Accent,{},monty-python-and-the-holy-grail_taunt-you-a-second-time!_outrageous-accent
fb179d41-d3e5-4688-8ca8-e6208ec089c8,item,1,0,"{""obverse"": ""monty-python-and-the-holy-grail_taunt-you-a-second-time!_packey-the-page"", ""reverse"": ""monty-python-and-the-holy-grail_card-back""}","{""name_printed"": ""Packey the Page"", ""rarity"": ""Fixed"", ""number"": ""418"", ""item_dimensions"": ""{\u0022height\u0022: \u00223.5\u0022, \u0022width\u0022: \u00222.5\u0022, \u0022unit\u0022: \u0022inch\u0022}""}",8ad40f3e-887a-40a6-b6b3-61eb66161ef4,70eae3e4-e542-4ed3-b513-cb339fca5f64,Packey the Page,Packey the Page,{},monty-python-and-the-holy-grail_taunt-you-a-second-time!_packey-the-page
04cc758b-2470-4290-8e1e-7352ba79e14f,item,1,0,"{""obverse"": ""monty-python-and-the-holy-grail_taunt-you-a-second-time!_passing-ruffians"", ""reverse"": ""monty-python-and-the-holy-grail_card-back""}","{""name_printed"": ""Passing Ruffians"", ""rarity"": ""Fixed"", ""number"": ""419"", ""item_dimensions"": ""{\u0022height\u0022: \u00223.5\u0022, \u0022width\u0022: \u00222.5\u0022, \u0022unit\u0022: \u0022inch\u0022}""}",8ad40f3e-887a-40a6-b6b3-61eb66161ef4,70eae3e4-e542-4ed3-b513-cb339fca5f64,Passing Ruffians,Passing Ruffians,{},monty-python-and-the-holy-grail_taunt-you-a-second-time!_passing-ruffians
44a09825-45e0-4aa0-a8e5-55c7bdef8fab,item,1,0,"{""obverse"": ""monty-python-and-the-holy-grail_taunt-you-a-second-time!_the-vicious-penguin-of-bristol"", ""reverse"": ""monty-python-and-the-holy-grail_card-back""}","{""name_printed"": ""The Vicious Penguin of Bristol"", ""rarity"": ""Fixed"", ""number"": ""420"", ""item_dimensions"": ""{\u0022height\u0022: \u00223.5\u0022, \u0022width\u0022: \u00222.5\u0022, \u0022unit\u0022: \u0022inch\u0022}""}",8ad40f3e-887a-40a6-b6b3-61eb66161ef4,70eae3e4-e542-4ed3-b513-cb339fca5f64,The Vicious Penguin of Bristol,The Vicious Penguin of Bristol,{},monty-python-and-the-holy-grail_taunt-you-a-second-time!_the-vicious-penguin-of-bristol
fe0620cd-755a-4621-aa36-abe510d49755,item,1,0,"{""obverse"": ""monty-python-and-the-holy-grail_taunt-you-a-second-time!_pissing-off-home"", ""reverse"": ""monty-python-and-the-holy-grail_card-back""}","{""name_printed"": ""Pissing Off Home"", ""rarity"": ""Fixed"", ""number"": ""421"", ""item_dimensions"": ""{\u0022height\u0022: \u00223.5\u0022, \u0022width\u0022: \u00222.5\u0022, \u0022unit\u0022: \u0022inch\u0022}""}",8ad40f3e-887a-40a6-b6b3-61eb66161ef4,70eae3e4-e542-4ed3-b513-cb339fca5f64,Pissing Off Home,Pissing Off Home,{},monty-python-and-the-holy-grail_taunt-you-a-second-time!_pissing-off-home
dfdc2364-93fb-4f44-8d92-576d9a94f7f0,item,1,0,"{""obverse"": ""monty-python-and-the-holy-grail_taunt-you-a-second-time!_pointless-land"", ""reverse"": ""monty-python-and-the-holy-grail_card-back""}","{""name_printed"": ""Pointless Land"", ""rarity"": ""Fixed"", ""number"": ""422"", ""item_dimensions"": ""{\u0022height\u0022: \u00223.5\u0022, \u0022width\u0022: \u00222.5\u0022, \u0022unit\u0022: \u0022inch\u0022}""}",8ad40f3e-887a-40a6-b6b3-61eb66161ef4,70eae3e4-e542-4ed3-b513-cb339fca5f64,Pointless Land,Pointless Land,{},monty-python-and-the-holy-grail_taunt-you-a-second-time!_pointless-land
4cd21d2e-ff93-4f67-bf19-09d8924f037a,item,1,0,"{""obverse"": ""monty-python-and-the-holy-grail_taunt-you-a-second-time!_princess-lucky"", ""reverse"": ""monty-python-and-the-holy-grail_card-back""}","{""name_printed"": ""Princess Lucky"", ""rarity"": ""Fixed"", ""number"": ""423"", ""item_dimensions"": ""{\u0022height\u0022: \u00223.5\u0022, \u0022width\u0022: \u00222.5\u0022, \u0022unit\u0022: \u0022inch\u0022}""}",8ad40f3e-887a-40a6-b6b3-61eb66161ef4,70eae3e4-e542-4ed3-b513-cb339fca5f64,Princess Lucky,Princess Lucky,{},monty-python-and-the-holy-grail_taunt-you-a-second-time!_princess-lucky
30823525-c2ae-40a2-83ce-44c719a0d718,item,1,0,"{""obverse"": ""monty-python-and-the-holy-grail_taunt-you-a-second-time!_pyrotechnics"", ""reverse"": ""monty-python-and-the-holy-grail_card-back""}","{""name_printed"": ""Pyrotechnics"", ""rarity"": ""Fixed"", ""number"": ""424"", ""item_dimensions"": ""{\u0022height\u0022: \u00223.5\u0022, \u0022width\u0022: \u00222.5\u0022, \u0022unit\u0022: \u0022inch\u0022}""}",8ad40f3e-887a-40a6-b6b3-61eb66161ef4,70eae3e4-e542-4ed3-b513-cb339fca5f64,Pyrotechnics,Pyrotechnics,{},monty-python-and-the-holy-grail_taunt-you-a-second-time!_pyrotechnics
84cb5357-f5a8-4cb1-a8cd-d63f89a268f6,item,1,0,"{""obverse"": ""monty-python-and-the-holy-grail_taunt-you-a-second-time!_questions-three-(3)-dennis'mother-)"", ""reverse"": ""monty-python-and-the-holy-grail_card-back""}","{""name_printed"": ""Questions Three"", ""functional_disambiguator"": ""3) Dennis'mother."", ""rarity"": ""Fixed"", ""number"": ""425"", ""item_dimensions"": ""{\u0022height\u0022: \u00223.5\u0022, \u0022width\u0022: \u00222.5\u0022, \u0022unit\u0022: \u0022inch\u0022}""}",8ad40f3e-887a-40a6-b6b3-61eb66161ef4,70eae3e4-e542-4ed3-b513-cb339fca5f64,Questions Three (3) Dennis'mother.),Questions Three (3) Dennis'mother.),{},monty-python-and-the-holy-grail_taunt-you-a-second-time!_questions-three-(3)-dennis'mother-)
71f7cb99-b772-468f-9548-cf2bb3fae6a1,item,1,0,"{""obverse"": ""monty-python-and-the-holy-grail_taunt-you-a-second-time!_questions-three-(3)-see-below-)"", ""reverse"": ""monty-python-and-the-holy-grail_card-back""}","{""name_printed"": ""Questions Three"", ""functional_disambiguator"": ""3) See Below."", ""rarity"": ""Fixed"", ""number"": ""426"", ""item_dimensions"": ""{\u0022height\u0022: \u00223.5\u0022, \u0022width\u0022: \u00222.5\u0022, \u0022unit\u0022: \u0022inch\u0022}""}",8ad40f3e-887a-40a6-b6b3-61eb66161ef4,70eae3e4-e542-4ed3-b513-cb339fca5f64,Questions Three (3) See Below.),Questions Three (3) See Below.),{},monty-python-and-the-holy-grail_taunt-you-a-second-time!_questions-three-(3)-see-below-)
1e7d1040-53a6-4aa7-9f01-0fb187e7e008,item,1,0,"{""obverse"": ""monty-python-and-the-holy-grail_taunt-you-a-second-time!_questions-three-(3)-holy-lord-jesus--grant-them-rest-)"", ""reverse"": ""monty-python-and-the-holy-grail_card-back""}","{""name_printed"": ""Questions Three"", ""functional_disambiguator"": ""3) Holy Lord Jesus. Grant them rest."", ""rarity"": ""Fixed"", ""number"": ""427"", ""item_dimensions"": ""{\u0022height\u0022: \u00223.5\u0022, \u0022width\u0022: \u00222.5\u0022, \u0022unit\u0022: \u0022inch\u0022}""}",8ad40f3e-887a-40a6-b6b3-61eb66161ef4,70eae3e4-e542-4ed3-b513-cb339fca5f64,Questions Three (3) Holy Lord Jesus. Grant them rest.),Questions Three (3) Holy Lord Jesus. Grant them rest.),{},monty-python-and-the-holy-grail_taunt-you-a-second-time!_questions-three-(3)-holy-lord-jesus--grant-them-rest-)
cbb7b1b4-c03b-4f11-b726-0cbd9c776e74,item,1,0,"{""obverse"": ""monty-python-and-the-holy-grail_taunt-you-a-second-time!_questions-three-(3)-932-ad-)"", ""reverse"": ""monty-python-and-the-holy-grail_card-back""}","{""name_printed"": ""Questions Three"", ""functional_disambiguator"": ""3) 932 AD."", ""rarity"": ""Fixed"", ""number"": ""428"", ""item_dimensions"": ""{\u0022height\u0022: \u00223.5\u0022, \u0022width\u0022: \u00222.5\u0022, \u0022unit\u0022: \u0022inch\u0022}""}",8ad40f3e-887a-40a6-b6b3-61eb66161ef4,70eae3e4-e542-4ed3-b513-cb339fca5f64,Questions Three (3) 932 AD.),Questions Three (3) 932 AD.),{},monty-python-and-the-holy-grail_taunt-you-a-second-time!_questions-three-(3)-932-ad-)
c9ad108b-49ef-4aae-959d-23742a199e61,item,1,0,"{""obverse"": ""monty-python-and-the-holy-grail_taunt-you-a-second-time!_rake"", ""reverse"": ""monty-python-and-the-holy-grail_card-back""}","{""name_printed"": ""Rake"", ""rarity"": ""Fixed"", ""number"": ""429"", ""item_dimensions"": ""{\u0022height\u0022: \u00223.5\u0022, \u0022width\u0022: \u00222.5\u0022, \u0022unit\u0022: \u0022inch\u0022}""}",8ad40f3e-887a-40a6-b6b3-61eb66161ef4,70eae3e4-e542-4ed3-b513-cb339fca5f64,Rake,Rake,{},monty-python-and-the-holy-grail_taunt-you-a-second-time!_rake
b55819bf-52a5-4d52-a6d0-fa622d5e10e5,item,1,0,"{""obverse"": ""monty-python-and-the-holy-grail_taunt-you-a-second-time!_ralph-the-wonder-llama"", ""reverse"": ""monty-python-and-the-holy-grail_card-back""}","{""name_printed"": ""Ralph the Wonder Llama"", ""rarity"": ""Fixed"", ""number"": ""430"", ""item_dimensions"": ""{\u0022height\u0022: \u00223.5\u0022, \u0022width\u0022: \u00222.5\u0022, \u0022unit\u0022: \u0022inch\u0022}""}",8ad40f3e-887a-40a6-b6b3-61eb66161ef4,70eae3e4-e542-4ed3-b513-cb339fca5f64,Ralph the Wonder Llama,Ralph the Wonder Llama,{},monty-python-and-the-holy-grail_taunt-you-a-second-time!_ralph-the-wonder-llama
c5ea77e9-8b37-4c78-bfc6-d69eed6c6bb3,item,1,0,"{""obverse"": ""monty-python-and-the-holy-grail_taunt-you-a-second-time!_ratification"", ""reverse"": ""monty-python-and-the-holy-grail_card-back""}","{""name_printed"": ""Ratification"", ""rarity"": ""Fixed"", ""number"": ""431"", ""item_dimensions"": ""{\u0022height\u0022: \u00223.5\u0022, \u0022width\u0022: \u00222.5\u0022, \u0022unit\u0022: \u0022inch\u0022}""}",8ad40f3e-887a-40a6-b6b3-61eb66161ef4,70eae3e4-e542-4ed3-b513-cb339fca5f64,Ratification,Ratification,{},monty-python-and-the-holy-grail_taunt-you-a-second-time!_ratification
3563b3f9-2ba2-4d86-abd1-cde22728d2dc,item,1,0,"{""obverse"": ""monty-python-and-the-holy-grail_taunt-you-a-second-time!_the-robinsons"", ""reverse"": ""monty-python-and-the-holy-grail_card-back""}","{""name_printed"": ""The Robinsons"", ""rarity"": ""Fixed"", ""number"": ""432"", ""item_dimensions"": ""{\u0022height\u0022: \u00223.5\u0022, \u0022width\u0022: \u00222.5\u0022, \u0022unit\u0022: \u0022inch\u0022}""}",8ad40f3e-887a-40a6-b6b3-61eb66161ef4,70eae3e4-e542-4ed3-b513-cb339fca5f64,The Robinsons,The Robinsons,{},monty-python-and-the-holy-grail_taunt-you-a-second-time!_the-robinsons
696e04df-9a8d-4673-9c7c-226630b7f41c,item,1,0,"{""obverse"": ""monty-python-and-the-holy-grail_taunt-you-a-second-time!_rude-gesture"", ""reverse"": ""monty-python-and-the-holy-grail_card-back""}","{""name_printed"": ""Rude Gesture"", ""rarity"": ""Fixed"", ""number"": ""433"", ""item_dimensions"": ""{\u0022height\u0022: \u00223.5\u0022, \u0022width\u0022: \u00222.5\u0022, \u0022unit\u0022: \u0022inch\u0022}""}",8ad40f3e-887a-40a6-b6b3-61eb66161ef4,70eae3e4-e542-4ed3-b513-cb339fca5f64,Rude Gesture,Rude Gesture,{},monty-python-and-the-holy-grail_taunt-you-a-second-time!_rude-gesture
9a67fee7-823c-44d0-8437-8dbd30181dc4,item,1,0,"{""obverse"": ""monty-python-and-the-holy-grail_taunt-you-a-second-time!_scale"", ""reverse"": ""monty-python-and-the-holy-grail_card-back""}","{""name_printed"": ""Scale"", ""rarity"": ""Fixed"", ""number"": ""434"", ""item_dimensions"": ""{\u0022height\u0022: \u00223.5\u0022, \u0022width\u0022: \u00222.5\u0022, \u0022unit\u0022: \u0022inch\u0022}""}",8ad40f3e-887a-40a6-b6b3-61eb66161ef4,70eae3e4-e542-4ed3-b513-cb339fca5f64,Scale,Scale,{},monty-python-and-the-holy-grail_taunt-you-a-second-time!_scale
118d7ad9-7c2e-4e0b-8834-7ac0f5912f73,item,1,0,"{""obverse"": ""monty-python-and-the-holy-grail_taunt-you-a-second-time!_separate-ways"", ""reverse"": ""monty-python-and-the-holy-grail_card-back""}","{""name_printed"": ""Separate Ways"", ""rarity"": ""Fixed"", ""number"": ""435"", ""item_dimensions"": ""{\u0022height\u0022: \u00223.5\u0022, \u0022width\u0022: \u00222.5\u0022, \u0022unit\u0022: \u0022inch\u0022}""}",8ad40f3e-887a-40a6-b6b3-61eb66161ef4,70eae3e4-e542-4ed3-b513-cb339fca5f64,Separate Ways,Separate Ways,{},monty-python-and-the-holy-grail_taunt-you-a-second-time!_separate-ways
fe00b2bc-e05d-4643-a535-7079523d1d08,item,1,0,"{""obverse"": ""monty-python-and-the-holy-grail_taunt-you-a-second-time!_sequined-vest"", ""reverse"": ""monty-python-and-the-holy-grail_card-back""}","{""name_printed"": ""Sequined Vest"", ""rarity"": ""Fixed"", ""number"": ""436"", ""item_dimensions"": ""{\u0022height\u0022: \u00223.5\u0022, \u0022width\u0022: \u00222.5\u0022, \u0022unit\u0022: \u0022inch\u0022}""}",8ad40f3e-887a-40a6-b6b3-61eb66161ef4,70eae3e4-e542-4ed3-b513-cb339fca5f64,Sequined Vest,Sequined Vest,{},monty-python-and-the-holy-grail_taunt-you-a-second-time!_sequined-vest
1f312f6c-bb43-4cc1-a3d2-86f3036aeac1,item,1,0,"{""obverse"": ""monty-python-and-the-holy-grail_taunt-you-a-second-time!_sheep's-bladder"", ""reverse"": ""monty-python-and-the-holy-grail_card-back""}","{""name_printed"": ""Sheep's Bladder"", ""rarity"": ""Fixed"", ""number"": ""437"", ""item_dimensions"": ""{\u0022height\u0022: \u00223.5\u0022, \u0022width\u0022: \u00222.5\u0022, \u0022unit\u0022: \u0022inch\u0022}""}",8ad40f3e-887a-40a6-b6b3-61eb66161ef4,70eae3e4-e542-4ed3-b513-cb339fca5f64,Sheep's Bladder,Sheep's Bladder,{},monty-python-and-the-holy-grail_taunt-you-a-second-time!_sheep's-bladder
6c577769-937d-4439-ac32-8ebc9ca6c07d,item,1,0,"{""obverse"": ""monty-python-and-the-holy-grail_taunt-you-a-second-time!_silence"", ""reverse"": ""monty-python-and-the-holy-grail_card-back""}","{""name_printed"": ""Silence"", ""rarity"": ""Fixed"", ""number"": ""438"", ""item_dimensions"": ""{\u0022height\u0022: \u00223.5\u0022, \u0022width\u0022: \u00222.5\u0022, \u0022unit\u0022: \u0022inch\u0022}""}",8ad40f3e-887a-40a6-b6b3-61eb66161ef4,70eae3e4-e542-4ed3-b513-cb339fca5f64,Silence,Silence,{},monty-python-and-the-holy-grail_taunt-you-a-second-time!_silence
e5dc3350-a2dd-43d3-8a23-b285e38304b2,item,1,0,"{""obverse"": ""monty-python-and-the-holy-grail_taunt-you-a-second-time!_silly-request"", ""reverse"": ""monty-python-and-the-holy-grail_card-back""}","{""name_printed"": ""Silly Request"", ""rarity"": ""Fixed"", ""number"": ""439"", ""item_dimensions"": ""{\u0022height\u0022: \u00223.5\u0022, \u0022width\u0022: \u00222.5\u0022, \u0022unit\u0022: \u0022inch\u0022}""}",8ad40f3e-887a-40a6-b6b3-61eb66161ef4,70eae3e4-e542-4ed3-b513-cb339fca5f64,Silly Request,Silly Request,{},monty-python-and-the-holy-grail_taunt-you-a-second-time!_silly-request
a7ea5301-ed3c-4a3c-bc80-fcbcc83c282e,item,1,0,"{""obverse"": ""monty-python-and-the-holy-grail_taunt-you-a-second-time!_single-handed"", ""reverse"": ""monty-python-and-the-holy-grail_card-back""}","{""name_printed"": ""Single-handed"", ""rarity"": ""Fixed"", ""number"": ""440"", ""item_dimensions"": ""{\u0022height\u0022: \u00223.5\u0022, \u0022width\u0022: \u00222.5\u0022, \u0022unit\u0022: \u0022inch\u0022}""}",8ad40f3e-887a-40a6-b6b3-61eb66161ef4,70eae3e4-e542-4ed3-b513-cb339fca5f64,Single-handed,Single-handed,{},monty-python-and-the-holy-grail_taunt-you-a-second-time!_single-handed
040506ac-863d-4d6a-9167-d3d7a15f0c61,item,1,0,"{""obverse"": ""monty-python-and-the-holy-grail_taunt-you-a-second-time!_sir-robin's-shield"", ""reverse"": ""monty-python-and-the-holy-grail_card-back""}","{""name_printed"": ""Sir Robin's Shield"", ""rarity"": ""Fixed"", ""number"": ""441"", ""item_dimensions"": ""{\u0022height\u0022: \u00223.5\u0022, \u0022width\u0022: \u00222.5\u0022, \u0022unit\u0022: \u0022inch\u0022}""}",8ad40f3e-887a-40a6-b6b3-61eb66161ef4,70eae3e4-e542-4ed3-b513-cb339fca5f64,Sir Robin's Shield,Sir Robin's Shield,{},monty-python-and-the-holy-grail_taunt-you-a-second-time!_sir-robin's-shield
172f6a20-1bd5-4714-b088-f4380a90e835,item,1,0,"{""obverse"": ""monty-python-and-the-holy-grail_taunt-you-a-second-time!_slink"", ""reverse"": ""monty-python-and-the-holy-grail_card-back""}","{""name_printed"": ""Slink"", ""rarity"": ""Fixed"", ""number"": ""442"", ""item_dimensions"": ""{\u0022height\u0022: \u00223.5\u0022, \u0022width\u0022: \u00222.5\u0022, \u0022unit\u0022: \u0022inch\u0022}""}",8ad40f3e-887a-40a6-b6b3-61eb66161ef4,70eae3e4-e542-4ed3-b513-cb339fca5f64,Slink,Slink,{},monty-python-and-the-holy-grail_taunt-you-a-second-time!_slink
e7388df9-66e2-4aaa-889c-2be961b4c195,item,1,0,"{""obverse"": ""monty-python-and-the-holy-grail_taunt-you-a-second-time!_soiled-my-armour"", ""reverse"": ""monty-python-and-the-holy-grail_card-back""}","{""name_printed"": ""Soiled My Armour"", ""rarity"": ""Fixed"", ""number"": ""443"", ""item_dimensions"": ""{\u0022height\u0022: \u00223.5\u0022, \u0022width\u0022: \u00222.5\u0022, \u0022unit\u0022: \u0022inch\u0022}""}",8ad40f3e-887a-40a6-b6b3-61eb66161ef4,70eae3e4-e542-4ed3-b513-cb339fca5f64,Soiled My Armour,Soiled My Armour,{},monty-python-and-the-holy-grail_taunt-you-a-second-time!_soiled-my-armour
7953386d-2bce-438b-ae07-190269ee6fdb,item,1,0,"{""obverse"": ""monty-python-and-the-holy-grail_taunt-you-a-second-time!_soothsayer"", ""reverse"": ""monty-python-and-the-holy-grail_card-back""}","{""name_printed"": ""Soothsayer"", ""rarity"": ""Fixed"", ""number"": ""444"", ""item_dimensions"": ""{\u0022height\u0022: \u00223.5\u0022, \u0022width\u0022: \u00222.5\u0022, \u0022unit\u0022: \u0022inch\u0022}""}",8ad40f3e-887a-40a6-b6b3-61eb66161ef4,70eae3e4-e542-4ed3-b513-cb339fca5f64,Soothsayer,Soothsayer,{},monty-python-and-the-holy-grail_taunt-you-a-second-time!_soothsayer
ebb29dcb-215e-493f-9d9c-3125d68fe183,item,1,0,"{""obverse"": ""monty-python-and-the-holy-grail_taunt-you-a-second-time!_special-guest"", ""reverse"": ""monty-python-and-the-holy-grail_card-back""}","{""name_printed"": ""Special Guest"", ""rarity"": ""Fixed"", ""number"": ""445"", ""item_dimensions"": ""{\u0022height\u0022: \u00223.5\u0022, \u0022width\u0022: \u00222.5\u0022, \u0022unit\u0022: \u0022inch\u0022}""}",8ad40f3e-887a-40a6-b6b3-61eb66161ef4,70eae3e4-e542-4ed3-b513-cb339fca5f64,Special Guest,Special Guest,{},monty-python-and-the-holy-grail_taunt-you-a-second-time!_special-guest
843d901b-10fa-4fff-96ab-b7b9b8d27f52,item,0,0,"{""obverse"": ""monty-python-and-the-holy-grail_taunt-you-a-second-time!_splash!"", ""reverse"": ""monty-python-and-the-holy-grail_card-back""}","{""name_printed"": ""Splash!"", ""rarity"": ""Fixed"", ""number"": ""446"", ""item_dimensions"": ""{\u0022height\u0022: \u00223.5\u0022, \u0022width\u0022: \u00222.5\u0022, \u0022unit\u0022: \u0022inch\u0022}""}",8ad40f3e-887a-40a6-b6b3-61eb66161ef4,70eae3e4-e542-4ed3-b513-cb339fca5f64,Splash!,Splash!,{},monty-python-and-the-holy-grail_taunt-you-a-second-time!_splash!
6eb49ba8-c778-4bd2-83fe-0497c65d2666,item,0,0,"{""obverse"": ""monty-python-and-the-holy-grail_taunt-you-a-second-time!_staff-of-fire"", ""reverse"": ""monty-python-and-the-holy-grail_card-back""}","{""name_printed"": ""Staff of Fire"", ""rarity"": ""Fixed"", ""number"": ""447"", ""item_dimensions"": ""{\u0022height\u0022: \u00223.5\u0022, \u0022width\u0022: \u00222.5\u0022, \u0022unit\u0022: \u0022inch\u0022}""}",8ad40f3e-887a-40a6-b6b3-61eb66161ef4,70eae3e4-e542-4ed3-b513-cb339fca5f64,Staff of Fire,Staff of Fire,{},monty-python-and-the-holy-grail_taunt-you-a-second-time!_staff-of-fire
dbace9ea-bc06-4e74-be5f-265c91038154,item,0,0,"{""obverse"": ""monty-python-and-the-holy-grail_taunt-you-a-second-time!_strand-of-creeper"", ""reverse"": ""monty-python-and-the-holy-grail_card-back""}","{""name_printed"": ""Strand of Creeper"", ""rarity"": ""Fixed"", ""number"": ""448"", ""item_dimensions"": ""{\u0022height\u0022: \u00223.5\u0022, \u0022width\u0022: \u00222.5\u0022, \u0022unit\u0022: \u0022inch\u0022}""}",8ad40f3e-887a-40a6-b6b3-61eb66161ef4,70eae3e4-e542-4ed3-b513-cb339fca5f64,Strand of Creeper,Strand of Creeper,{},monty-python-and-the-holy-grail_taunt-you-a-second-time!_strand-of-creeper
927f48f7-e3b7-4fc5-aa35-1b116b6bbe55,item,0,0,"{""obverse"": ""monty-python-and-the-holy-grail_taunt-you-a-second-time!_sweden"", ""reverse"": ""monty-python-and-the-holy-grail_card-back""}","{""name_printed"": ""Sweden"", ""rarity"": ""Fixed"", ""number"": ""449"", ""item_dimensions"": ""{\u0022height\u0022: \u00223.5\u0022, \u0022width\u0022: \u00222.5\u0022, \u0022unit\u0022: \u0022inch\u0022}""}",8ad40f3e-887a-40a6-b6b3-61eb66161ef4,70eae3e4-e542-4ed3-b513-cb339fca5f64,Sweden,Sweden,{},monty-python-and-the-holy-grail_taunt-you-a-second-time!_sweden
5f026361-377b-4acf-a436-8f2161023f88,item,0,0,"{""obverse"": ""monty-python-and-the-holy-grail_taunt-you-a-second-time!_sword-of-parrying"", ""reverse"": ""monty-python-and-the-holy-grail_card-back""}","{""name_printed"": ""Sword of Parrying"", ""rarity"": ""Fixed"", ""number"": ""450"", ""item_dimensions"": ""{\u0022height\u0022: \u00223.5\u0022, \u0022width\u0022: \u00222.5\u0022, \u0022unit\u0022: \u0022inch\u0022}""}",8ad40f3e-887a-40a6-b6b3-61eb66161ef4,70eae3e4-e542-4ed3-b513-cb339fca5f64,Sword of Parrying,Sword of Parrying,{},monty-python-and-the-holy-grail_taunt-you-a-second-time!_sword-of-parrying
91dd2650-c863-4902-b644-2a803d1061ea,item,0,0,"{""obverse"": ""monty-python-and-the-holy-grail_taunt-you-a-second-time!_tim-the-enchanter"", ""reverse"": ""monty-python-and-the-holy-grail_card-back""}","{""name_printed"": ""Tim the Enchanter"", ""rarity"": ""Fixed"", ""number"": ""451"", ""item_dimensions"": ""{\u0022height\u0022: \u00223.5\u0022, \u0022width\u0022: \u00222.5\u0022, \u0022unit\u0022: \u0022inch\u0022}""}",8ad40f3e-887a-40a6-b6b3-61eb66161ef4,70eae3e4-e542-4ed3-b513-cb339fca5f64,Tim the Enchanter,Tim the Enchanter,{},monty-python-and-the-holy-grail_taunt-you-a-second-time!_tim-the-enchanter
57491e89-afa7-4336-9a2c-55230063819e,item,0,0,"{""obverse"": ""monty-python-and-the-holy-grail_taunt-you-a-second-time!_tiny-brain"", ""reverse"": ""monty-python-and-the-holy-grail_card-back""}","{""name_printed"": ""Tiny Brain"", ""rarity"": ""Fixed"", ""number"": ""452"", ""item_dimensions"": ""{\u0022height\u0022: \u00223.5\u0022, \u0022width\u0022: \u00222.5\u0022, \u0022unit\u0022: \u0022inch\u0022}""}",8ad40f3e-887a-40a6-b6b3-61eb66161ef4,70eae3e4-e542-4ed3-b513-cb339fca5f64,Tiny Brain,Tiny Brain,{},monty-python-and-the-holy-grail_taunt-you-a-second-time!_tiny-brain
7926b7d9-5a06-48c0-97dc-94489a5e139a,item,0,0,"{""obverse"": ""monty-python-and-the-holy-grail_taunt-you-a-second-time!_too-perilous"", ""reverse"": ""monty-python-and-the-holy-grail_card-back""}","{""name_printed"": ""Too Perilous"", ""rarity"": ""Fixed"", ""number"": ""453"", ""item_dimensions"": ""{\u0022height\u0022: \u00223.5\u0022, \u0022width\u0022: \u00222.5\u0022, \u0022unit\u0022: \u0022inch\u0022}""}",8ad40f3e-887a-40a6-b6b3-61eb66161ef4,70eae3e4-e542-4ed3-b513-cb339fca5f64,Too Perilous,Too Perilous,{},monty-python-and-the-holy-grail_taunt-you-a-second-time!_too-perilous
799f0e20-7376-4b96-9ee9-b6f03642e842,item,0,0,"{""obverse"": ""monty-python-and-the-holy-grail_taunt-you-a-second-time!_torture-rack"", ""reverse"": ""monty-python-and-the-holy-grail_card-back""}","{""name_printed"": ""Torture Rack"", ""rarity"": ""Fixed"", ""number"": ""454"", ""item_dimensions"": ""{\u0022height\u0022: \u00223.5\u0022, \u0022width\u0022: \u00222.5\u0022, \u0022unit\u0022: \u0022inch\u0022}""}",8ad40f3e-887a-40a6-b6b3-61eb66161ef4,70eae3e4-e542-4ed3-b513-cb339fca5f64,Torture Rack,Torture Rack,{},monty-python-and-the-holy-grail_taunt-you-a-second-time!_torture-rack
2307b709-f8b3-45fe-be5d-87e47a1367fd,item,0,0,"{""obverse"": ""monty-python-and-the-holy-grail_taunt-you-a-second-time!_a-treat"", ""reverse"": ""monty-python-and-the-holy-grail_card-back""}","{""name_printed"": ""A Treat"", ""rarity"": ""Fixed"", ""number"": ""455"", ""item_dimensions"": ""{\u0022height\u0022: \u00223.5\u0022, \u0022width\u0022: \u00222.5\u0022, \u0022unit\u0022: \u0022inch\u0022}""}",8ad40f3e-887a-40a6-b6b3-61eb66161ef4,70eae3e4-e542-4ed3-b513-cb339fca5f64,A Treat,A Treat,{},monty-python-and-the-holy-grail_taunt-you-a-second-time!_a-treat
0356323c-14cc-4ce7-bf40-decf424e254f,item,0,0,"{""obverse"": ""monty-python-and-the-holy-grail_taunt-you-a-second-time!_trojan-rabbit"", ""reverse"": ""monty-python-and-the-holy-grail_card-back""}","{""name_printed"": ""Trojan Rabbit"", ""rarity"": ""Fixed"", ""number"": ""456"", ""item_dimensions"": ""{\u0022height\u0022: \u00223.5\u0022, \u0022width\u0022: \u00222.5\u0022, \u0022unit\u0022: \u0022inch\u0022}""}",8ad40f3e-887a-40a6-b6b3-61eb66161ef4,70eae3e4-e542-4ed3-b513-cb339fca5f64,Trojan Rabbit,Trojan Rabbit,{},monty-python-and-the-holy-grail_taunt-you-a-second-time!_trojan-rabbit
04861289-4447-472e-ab8d-74b1dfd98f30,item,0,0,"{""obverse"": ""monty-python-and-the-holy-grail_taunt-you-a-second-time!_un-cadeau"", ""reverse"": ""monty-python-and-the-holy-grail_card-back""}","{""name_printed"": ""Un Cadeau"", ""rarity"": ""Fixed"", ""number"": ""457"", ""item_dimensions"": ""{\u0022height\u0022: \u00223.5\u0022, \u0022width\u0022: \u00222.5\u0022, \u0022unit\u0022: \u0022inch\u0022}""}",8ad40f3e-887a-40a6-b6b3-61eb66161ef4,70eae3e4-e542-4ed3-b513-cb339fca5f64,Un Cadeau,Un Cadeau,{},monty-python-and-the-holy-grail_taunt-you-a-second-time!_un-cadeau
cd5cfef5-e73f-4ef8-83a4-2f24055f7d41,item,0,0,"{""obverse"": ""monty-python-and-the-holy-grail_taunt-you-a-second-time!_severed-head"", ""reverse"": ""monty-python-and-the-holy-grail_card-back""}","{""name_printed"": ""Severed Head"", ""rarity"": ""Fixed"", ""number"": ""458"", ""item_dimensions"": ""{\u0022height\u0022: \u00223.5\u0022, \u0022width\u0022: \u00222.5\u0022, \u0022unit\u0022: \u0022inch\u0022}""}",8ad40f3e-887a-40a6-b6b3-61eb66161ef4,70eae3e4-e542-4ed3-b513-cb339fca5f64,Severed Head,Severed Head,{},monty-python-and-the-holy-grail_taunt-you-a-second-time!_severed-head
3ed18874-fa79-4709-8121-753e1f72437e,item,0,0,"{""obverse"": ""monty-python-and-the-holy-grail_taunt-you-a-second-time!_watery-tart"", ""reverse"": ""monty-python-and-the-holy-grail_card-back""}","{""name_printed"": ""Watery Tart"", ""rarity"": ""Fixed"", ""number"": ""459"", ""item_dimensions"": ""{\u0022height\u0022: \u00223.5\u0022, \u0022width\u0022: \u00222.5\u0022, \u0022unit\u0022: \u0022inch\u0022}""}",8ad40f3e-887a-40a6-b6b3-61eb66161ef4,70eae3e4-e542-4ed3-b513-cb339fca5f64,Watery Tart,Watery Tart,{},monty-python-and-the-holy-grail_taunt-you-a-second-time!_watery-tart
be2272de-2bce-41d5-8437-09a34dfced17,item,0,0,"{""obverse"": ""monty-python-and-the-holy-grail_taunt-you-a-second-time!_wazzed-stiff"", ""reverse"": ""monty-python-and-the-holy-grail_card-back""}","{""name_printed"": ""Wazzed Stiff"", ""rarity"": ""Fixed"", ""number"": ""460"", ""item_dimensions"": ""{\u0022height\u0022: \u00223.5\u0022, \u0022width\u0022: \u00222.5\u0022, \u0022unit\u0022: \u0022inch\u0022}""}",8ad40f3e-887a-40a6-b6b3-61eb66161ef4,70eae3e4-e542-4ed3-b513-cb339fca5f64,Wazzed Stiff,Wazzed Stiff,{},monty-python-and-the-holy-grail_taunt-you-a-second-time!_wazzed-stiff
f2351125-5e6d-4b98-a61c-1d597d7af533,item,0,0,"{""obverse"": ""monty-python-and-the-holy-grail_taunt-you-a-second-time!_wedding-groomsmen"", ""reverse"": ""monty-python-and-the-holy-grail_card-back""}","{""name_printed"": ""Wedding Groomsmen"", ""rarity"": ""Fixed"", ""number"": ""461"", ""item_dimensions"": ""{\u0022height\u0022: \u00223.5\u0022, \u0022width\u0022: \u00222.5\u0022, \u0022unit\u0022: \u0022inch\u0022}""}",8ad40f3e-887a-40a6-b6b3-61eb66161ef4,70eae3e4-e542-4ed3-b513-cb339fca5f64,Wedding Groomsmen,Wedding Groomsmen,{},monty-python-and-the-holy-grail_taunt-you-a-second-time!_wedding-groomsmen
4146b09c-6b4c-4882-ab5b-cf0e0c5f73c1,item,0,0,"{""obverse"": ""monty-python-and-the-holy-grail_taunt-you-a-second-time!_weight-ratios"", ""reverse"": ""monty-python-and-the-holy-grail_card-back""}","{""name_printed"": ""Weight Ratios"", ""rarity"": ""Fixed"", ""number"": ""462"", ""item_dimensions"": ""{\u0022height\u0022: \u00223.5\u0022, \u0022width\u0022: \u00222.5\u0022, \u0022unit\u0022: \u0022inch\u0022}""}",8ad40f3e-887a-40a6-b6b3-61eb66161ef4,70eae3e4-e542-4ed3-b513-cb339fca5f64,Weight Ratios,Weight Ratios,{},monty-python-and-the-holy-grail_taunt-you-a-second-time!_weight-ratios
f07c3c7c-3d18-44fe-ac08-1eae6c88f51a,item,0,0,"{""obverse"": ""monty-python-and-the-holy-grail_taunt-you-a-second-time!_well-i'm-awfully-sorry"", ""reverse"": ""monty-python-and-the-holy-grail_card-back""}","{""name_printed"": ""Well I'm Awfully Sorry"", ""rarity"": ""Fixed"", ""number"": ""463"", ""item_dimensions"": ""{\u0022height\u0022: \u00223.5\u0022, \u0022width\u0022: \u00222.5\u0022, \u0022unit\u0022: \u0022inch\u0022}""}",8ad40f3e-887a-40a6-b6b3-61eb66161ef4,70eae3e4-e542-4ed3-b513-cb339fca5f64,Well I'm Awfully Sorry,Well I'm Awfully Sorry,{},monty-python-and-the-holy-grail_taunt-you-a-second-time!_well-i'm-awfully-sorry
d11dcc62-f493-4862-b576-2e7a7b863d21,item,0,0,"{""obverse"": ""monty-python-and-the-holy-grail_taunt-you-a-second-time!_where-are-your-manners"", ""reverse"": ""monty-python-and-the-holy-grail_card-back""}","{""name_printed"": ""Where Are Your Manners"", ""rarity"": ""Fixed"", ""number"": ""464"", ""item_dimensions"": ""{\u0022height\u0022: \u00223.5\u0022, \u0022width\u0022: \u00222.5\u0022, \u0022unit\u0022: \u0022inch\u0022}""}",8ad40f3e-887a-40a6-b6b3-61eb66161ef4,70eae3e4-e542-4ed3-b513-cb339fca5f64,Where Are Your Manners,Where Are Your Manners,{},monty-python-and-the-holy-grail_taunt-you-a-second-time!_where-are-your-manners
bb67c8d0-8f3c-48ba-9e81-f3fccf838be5,item,0,0,"{""obverse"": ""monty-python-and-the-holy-grail_taunt-you-a-second-time!_whoa-there!"", ""reverse"": ""monty-python-and-the-holy-grail_card-back""}","{""name_printed"": ""Whoa There!"", ""rarity"": ""Fixed"", ""number"": ""465"", ""item_dimensions"": ""{\u0022height\u0022: \u00223.5\u0022, \u0022width\u0022: \u00222.5\u0022, \u0022unit\u0022: \u0022inch\u0022}""}",8ad40f3e-887a-40a6-b6b3-61eb66161ef4,70eae3e4-e542-4ed3-b513-cb339fca5f64,Whoa There!,Whoa There!,{},monty-python-and-the-holy-grail_taunt-you-a-second-time!_whoa-there!
429149e8-8eee-4688-b1f0-6c849876fa2c,item,0,0,"{""obverse"": ""monty-python-and-the-holy-grail_taunt-you-a-second-time!_wicked-cat-beater"", ""reverse"": ""monty-python-and-the-holy-grail_card-back""}","{""name_printed"": ""Wicked Cat Beater"", ""rarity"": ""Fixed"", ""number"": ""466"", ""item_dimensions"": ""{\u0022height\u0022: \u00223.5\u0022, \u0022width\u0022: \u00222.5\u0022, \u0022unit\u0022: \u0022inch\u0022}""}",8ad40f3e-887a-40a6-b6b3-61eb66161ef4,70eae3e4-e542-4ed3-b513-cb339fca5f64,Wicked Cat Beater,Wicked Cat Beater,{},monty-python-and-the-holy-grail_taunt-you-a-second-time!_wicked-cat-beater
d008f6d5-8932-4364-aab9-8f9a8f85e21d,item,0,0,"{""obverse"": ""monty-python-and-the-holy-grail_taunt-you-a-second-time!_window-dresser"", ""reverse"": ""monty-python-and-the-holy-grail_card-back""}","{""name_printed"": ""Window Dresser"", ""rarity"": ""Fixed"", ""number"": ""467"", ""item_dimensions"": ""{\u0022height\u0022: \u00223.5\u0022, \u0022width\u0022: \u00222.5\u0022, \u0022unit\u0022: \u0022inch\u0022}""}",8ad40f3e-887a-40a6-b6b3-61eb66161ef4,70eae3e4-e542-4ed3-b513-cb339fca5f64,Window Dresser,Window Dresser,{},monty-python-and-the-holy-grail_taunt-you-a-second-time!_window-dresser
64f1e704-0daa-4f7f-89a1-8c2e1b740a97,item,0,0,"{""obverse"": ""monty-python-and-the-holy-grail_taunt-you-a-second-time!_witchcraft"", ""reverse"": ""monty-python-and-the-holy-grail_card-back""}","{""name_printed"": ""Witchcraft"", ""rarity"": ""Fixed"", ""number"": ""468"", ""item_dimensions"": ""{\u0022height\u0022: \u00223.5\u0022, \u0022width\u0022: \u00222.5\u0022, \u0022unit\u0022: \u0022inch\u0022}""}",8ad40f3e-887a-40a6-b6b3-61eb66161ef4,70eae3e4-e542-4ed3-b513-cb339fca5f64,Witchcraft,Witchcraft,{},monty-python-and-the-holy-grail_taunt-you-a-second-time!_witchcraft
91ccd468-e38d-4fac-aeee-1b3e3323e1f3,item,0,0,"{""obverse"": ""monty-python-and-the-holy-grail_taunt-you-a-second-time!_with-a-herring!"", ""reverse"": ""monty-python-and-the-holy-grail_card-back""}","{""name_printed"": ""With a Herring!"", ""rarity"": ""Fixed"", ""number"": ""469"", ""item_dimensions"": ""{\u0022height\u0022: \u00223.5\u0022, \u0022width\u0022: \u00222.5\u0022, \u0022unit\u0022: \u0022inch\u0022}""}",8ad40f3e-887a-40a6-b6b3-61eb66161ef4,70eae3e4-e542-4ed3-b513-cb339fca5f64,With a Herring!,With a Herring!,{},monty-python-and-the-holy-grail_taunt-you-a-second-time!_with-a-herring!
67ca06d5-9b94-43ae-a2a0-dc516bdc2843,item,0,0,"{""obverse"": ""monty-python-and-the-holy-grail_taunt-you-a-second-time!_write-yer-own™-page-card"", ""reverse"": ""monty-python-and-the-holy-grail_card-back""}","{""name_printed"": ""Write Yer Own™ Page Card"", ""rarity"": ""Fixed"", ""number"": ""470"", ""item_dimensions"": ""{\u0022height\u0022: \u00223.5\u0022, \u0022width\u0022: \u00222.5\u0022, \u0022unit\u0022: \u0022inch\u0022}""}",8ad40f3e-887a-40a6-b6b3-61eb66161ef4,70eae3e4-e542-4ed3-b513-cb339fca5f64,Write Yer Own™ Page Card,Write Yer Own™ Page Card,{},monty-python-and-the-holy-grail_taunt-you-a-second-time!_write-yer-own™-page-card
1490c9b3-efb5-4fcb-94b1-1e6d814e347c,item,0,0,"{""obverse"": ""monty-python-and-the-holy-grail_taunt-you-a-second-time!_you-make-me-sad"", ""reverse"": ""monty-python-and-the-holy-grail_card-back""}","{""name_printed"": ""You Make Me Sad"", ""rarity"": ""Fixed"", ""number"": ""471"", ""item_dimensions"": ""{\u0022height\u0022: \u00223.5\u0022, \u0022width\u0022: \u00222.5\u0022, \u0022unit\u0022: \u0022inch\u0022}""}",8ad40f3e-887a-40a6-b6b3-61eb66161ef4,70eae3e4-e542-4ed3-b513-cb339fca5f64,You Make Me Sad,You Make Me Sad,{},monty-python-and-the-holy-grail_taunt-you-a-second-time!_you-make-me-sad
1808c346-6ea6-4a0e-a6ee-1148d0f8b5f6,item,0,0,"{""obverse"": ""monty-python-and-the-holy-grail_taunt-you-a-second-time!_your-mother"", ""reverse"": ""monty-python-and-the-holy-grail_card-back""}","{""name_printed"": ""Your Mother"", ""rarity"": ""Fixed"", ""number"": ""472"", ""item_dimensions"": ""{\u0022height\u0022: \u00223.5\u0022, \u0022width\u0022: \u00222.5\u0022, \u0022unit\u0022: \u0022inch\u0022}""}",8ad40f3e-887a-40a6-b6b3-61eb66161ef4,70eae3e4-e542-4ed3-b513-cb339fca5f64,Your Mother,Your Mother,{},monty-python-and-the-holy-grail_taunt-you-a-second-time!_your-mother