id,source,imaged,documented,images,attributes,game_id,set_id,functional_name,item_name,source_notes,game_set_item_slug
199eaa94-d92c-4560-a7bb-a66953c27811,item,0,1,"{""obverse"": ""altered_beyond-the-gate_a-capella-training-(common)"", ""reverse"": ""altered_card-back""}","{""name_printed"": ""A Capella Training"", ""functional_disambiguator"": ""Common"", ""number"": ""BTG-082-C"", ""type"": ""Spell"", ""subtype"": ""Song"", ""faction"": ""Lyra"", ""hand_cost"": ""1"", ""reserve_cost"": ""1"", ""abilities"": ""Target Character gains Fleeting. (If it would be sent to Reserve, discard it instead.)"", ""flavor_text"": ""Thank you for being my metronome!"", ""artist_names_printed"": ""[\u0022Zero Wen\u0022]"", ""item_dimensions"": ""{\u0022height\u0022: \u00223.5\u0022, \u0022width\u0022: \u00222.5\u0022, \u0022unit\u0022: \u0022inch\u0022}""}",b65fcb03-9be4-4a48-a06d-b66a4c47de76,b8936c8c-5672-43d6-92a6-66a07ea2eb6b,A Capella Training (Common),A Capella Training (Common),{},altered_beyond-the-gate_a-capella-training-(common)
2a9c822c-abe9-46bc-91ee-a1480cdc3dcf,item,0,1,"{""obverse"": ""altered_beyond-the-gate_a-capella-training-(faction-rare)"", ""reverse"": ""altered_card-back""}","{""name_printed"": ""A Capella Training"", ""functional_disambiguator"": ""Faction Rare"", ""number"": ""BTG-082-F"", ""type"": ""Spell"", ""subtype"": ""Song"", ""faction"": ""Muna"", ""hand_cost"": ""1"", ""reserve_cost"": ""1"", ""abilities"": ""Target Character gains Fleeting. (If it would be sent to Reserve, discard it instead.)"", ""flavor_text"": ""Thank you for being my metronome!"", ""artist_names_printed"": ""[\u0022Zero Wen\u0022]"", ""item_dimensions"": ""{\u0022height\u0022: \u00223.5\u0022, \u0022width\u0022: \u00222.5\u0022, \u0022unit\u0022: \u0022inch\u0022}""}",b65fcb03-9be4-4a48-a06d-b66a4c47de76,b8936c8c-5672-43d6-92a6-66a07ea2eb6b,A Capella Training (Faction Rare),A Capella Training (Faction Rare),{},altered_beyond-the-gate_a-capella-training-(faction-rare)
963c3ede-0b75-4cac-ae6b-035e7f818f91,item,0,1,"{""obverse"": ""altered_beyond-the-gate_a-capella-training-(rare)"", ""reverse"": ""altered_card-back""}","{""name_printed"": ""A Capella Training"", ""functional_disambiguator"": ""Rare"", ""number"": ""BTG-082-R"", ""type"": ""Spell"", ""subtype"": ""Song"", ""faction"": ""Lyra"", ""hand_cost"": ""2"", ""reserve_cost"": ""2"", ""abilities"": ""Fleeting. Target Character gains Fleeting. (If it would be sent to Reserve, discard it instead.) Draw a card."", ""flavor_text"": ""Thank you for being my metronome!"", ""artist_names_printed"": ""[\u0022Zero Wen\u0022]"", ""item_dimensions"": ""{\u0022height\u0022: \u00223.5\u0022, \u0022width\u0022: \u00222.5\u0022, \u0022unit\u0022: \u0022inch\u0022}""}",b65fcb03-9be4-4a48-a06d-b66a4c47de76,b8936c8c-5672-43d6-92a6-66a07ea2eb6b,A Capella Training (Rare),A Capella Training (Rare),{},altered_beyond-the-gate_a-capella-training-(rare)
9ca6f39e-10b7-4a27-b9ff-3abd10350852,item,0,1,"{""obverse"": ""altered_beyond-the-gate_achilles-(common)"", ""reverse"": ""altered_card-back""}","{""name_printed"": ""Achilles"", ""functional_disambiguator"": ""Common"", ""number"": ""BTG-051-C"", ""type"": ""Character"", ""subtype"": ""Soldier"", ""faction"": ""Bravos"", ""hand_cost"": ""5"", ""reserve_cost"": ""5"", ""abilities"": ""Tough 1. (Your opponent's Spells and abilities that target me cost 1 more.)"", ""forest"": ""5"", ""mountain"": ""5"", ""water"": ""5"", ""flavor_text"": ""Many things lie between us - shadowy mountains and sounding sea."", ""artist_names_printed"": ""[\u0022Taras Susak\u0022]"", ""item_dimensions"": ""{\u0022height\u0022: \u00223.5\u0022, \u0022width\u0022: \u00222.5\u0022, \u0022unit\u0022: \u0022inch\u0022}""}",b65fcb03-9be4-4a48-a06d-b66a4c47de76,b8936c8c-5672-43d6-92a6-66a07ea2eb6b,Achilles (Common),Achilles (Common),{},altered_beyond-the-gate_achilles-(common)
311b98fe-668a-4d01-8cfb-fc1565df792b,item,0,1,"{""obverse"": ""altered_beyond-the-gate_achilles-(faction-rare)"", ""reverse"": ""altered_card-back""}","{""name_printed"": ""Achilles"", ""functional_disambiguator"": ""Faction Rare"", ""number"": ""BTG-051-F"", ""type"": ""Character"", ""subtype"": ""Soldier"", ""faction"": ""Bravos"", ""artist_names_printed"": ""[\u0022Taras Susak\u0022]"", ""item_dimensions"": ""{\u0022height\u0022: \u00223.5\u0022, \u0022width\u0022: \u00222.5\u0022, \u0022unit\u0022: \u0022inch\u0022}""}",b65fcb03-9be4-4a48-a06d-b66a4c47de76,b8936c8c-5672-43d6-92a6-66a07ea2eb6b,Achilles (Faction Rare),Achilles (Faction Rare),{},altered_beyond-the-gate_achilles-(faction-rare)
1e50b96c-de46-4a5c-8335-9dc1f56fcda6,item,0,1,"{""obverse"": ""altered_beyond-the-gate_achilles-(rare)"", ""reverse"": ""altered_card-back""}","{""name_printed"": ""Achilles"", ""functional_disambiguator"": ""Rare"", ""number"": ""BTG-051-R"", ""type"": ""Character"", ""subtype"": ""Soldier"", ""faction"": ""Bravos"", ""hand_cost"": ""5"", ""reserve_cost"": ""5"", ""abilities"": ""Tough 2. (Your opponent's Spells and abilities that target me cost 2 more.)"", ""forest"": ""5"", ""mountain"": ""6"", ""water"": ""6"", ""flavor_text"": ""Many things lie between us - shadowy mountains and sounding sea."", ""artist_names_printed"": ""[\u0022Taras Susak\u0022]"", ""item_dimensions"": ""{\u0022height\u0022: \u00223.5\u0022, \u0022width\u0022: \u00222.5\u0022, \u0022unit\u0022: \u0022inch\u0022}""}",b65fcb03-9be4-4a48-a06d-b66a4c47de76,b8936c8c-5672-43d6-92a6-66a07ea2eb6b,Achilles (Rare),Achilles (Rare),{},altered_beyond-the-gate_achilles-(rare)
f2bb3259-78d8-43d4-8b9d-058e7d820dfc,item,0,1,"{""obverse"": ""altered_beyond-the-gate_ada-lovelace-(common)"", ""reverse"": ""altered_card-back""}","{""name_printed"": ""Ada Lovelace"", ""functional_disambiguator"": ""Common"", ""number"": ""BTG-006-C"", ""type"": ""Character"", ""subtype"": ""Engineer"", ""faction"": ""Axiom"", ""hand_cost"": ""2"", ""reserve_cost"": ""2"", ""abilities"": ""{altered_triggered_played_reserve}: You may put a card from your hand in Reserve. If it's a Permanent, draw a card."", ""forest"": ""1"", ""mountain"": ""3"", ""water"": ""1"", ""flavor_text"": ""Imagination is the discovering faculty. It is that which penetrates the unseen worlds around us."", ""artist_names_printed"": ""[\u0022Taras Susak\u0022]"", ""item_dimensions"": ""{\u0022height\u0022: \u00223.5\u0022, \u0022width\u0022: \u00222.5\u0022, \u0022unit\u0022: \u0022inch\u0022}""}",b65fcb03-9be4-4a48-a06d-b66a4c47de76,b8936c8c-5672-43d6-92a6-66a07ea2eb6b,Ada Lovelace (Common),Ada Lovelace (Common),{},altered_beyond-the-gate_ada-lovelace-(common)
bd32d9a9-88a5-495b-a667-d7a5e9575dfe,item,0,1,"{""obverse"": ""altered_beyond-the-gate_ada-lovelace-(faction-rare)"", ""reverse"": ""altered_card-back""}","{""name_printed"": ""Ada Lovelace"", ""functional_disambiguator"": ""Faction Rare"", ""number"": ""BTG-006-F"", ""type"": ""Character"", ""subtype"": ""Engineer"", ""faction"": ""Yzmir"", ""hand_cost"": ""2"", ""reserve_cost"": ""2"", ""abilities"": ""{altered_triggered_played_reserve}: You may put a card from your hand in Reserve. If it's a Spell, draw a card."", ""forest"": ""1"", ""mountain"": ""3"", ""water"": ""1"", ""flavor_text"": ""Imagination is the discovering faculty. It is that which penetrates the unseen worlds around us."", ""artist_names_printed"": ""[\u0022Taras Susak\u0022]"", ""item_dimensions"": ""{\u0022height\u0022: \u00223.5\u0022, \u0022width\u0022: \u00222.5\u0022, \u0022unit\u0022: \u0022inch\u0022}""}",b65fcb03-9be4-4a48-a06d-b66a4c47de76,b8936c8c-5672-43d6-92a6-66a07ea2eb6b,Ada Lovelace (Faction Rare),Ada Lovelace (Faction Rare),{},altered_beyond-the-gate_ada-lovelace-(faction-rare)
7125caeb-da72-4872-b439-fa7005ff5614,item,0,1,"{""obverse"": ""altered_beyond-the-gate_ada-lovelace-(rare)"", ""reverse"": ""altered_card-back""}","{""name_printed"": ""Ada Lovelace"", ""functional_disambiguator"": ""Rare"", ""number"": ""BTG-006-R"", ""type"": ""Character"", ""subtype"": ""Engineer"", ""faction"": ""Axiom"", ""hand_cost"": ""2"", ""reserve_cost"": ""2"", ""abilities"": ""{altered_triggered_played_reserve}: You may put a card from your hand in Reserve to draw a card."", ""forest"": ""1"", ""mountain"": ""2"", ""water"": ""1"", ""flavor_text"": ""Imagination is the discovering faculty. It is that which penetrates the unseen worlds around us."", ""artist_names_printed"": ""[\u0022Taras Susak\u0022]"", ""item_dimensions"": ""{\u0022height\u0022: \u00223.5\u0022, \u0022width\u0022: \u00222.5\u0022, \u0022unit\u0022: \u0022inch\u0022}""}",b65fcb03-9be4-4a48-a06d-b66a4c47de76,b8936c8c-5672-43d6-92a6-66a07ea2eb6b,Ada Lovelace (Rare),Ada Lovelace (Rare),{},altered_beyond-the-gate_ada-lovelace-(rare)
df93847f-e4da-493b-9486-06f1f9011e41,item,0,1,"{""obverse"": ""altered_beyond-the-gate_aether-shard-(common)"", ""reverse"": ""altered_card-back""}","{""name_printed"": ""Aether Shard"", ""functional_disambiguator"": ""Common"", ""number"": ""BTG-179-C"", ""type"": ""Permanent"", ""subtype"": ""Landmark"", ""faction"": ""Yzmir"", ""hand_cost"": ""5"", ""reserve_cost"": ""5"", ""abilities"": ""At Noon - Draw a card."", ""flavor_text"": ""No mere trinket, but a fragment of purest dream."", ""artist_names_printed"": ""[\u0022Anh Tung\u0022]"", ""item_dimensions"": ""{\u0022height\u0022: \u00223.5\u0022, \u0022width\u0022: \u00222.5\u0022, \u0022unit\u0022: \u0022inch\u0022}""}",b65fcb03-9be4-4a48-a06d-b66a4c47de76,b8936c8c-5672-43d6-92a6-66a07ea2eb6b,Aether Shard (Common),Aether Shard (Common),{},altered_beyond-the-gate_aether-shard-(common)
4e953382-89f5-4d18-b519-46c2907d3f1d,item,0,1,"{""obverse"": ""altered_beyond-the-gate_aether-shard-(faction-rare)"", ""reverse"": ""altered_card-back""}","{""name_printed"": ""Aether Shard"", ""functional_disambiguator"": ""Faction Rare"", ""number"": ""BTG-179-F"", ""type"": ""Permanent"", ""subtype"": ""Landmark"", ""faction"": ""Yzmir"", ""artist_names_printed"": ""[\u0022Anh Tung\u0022]"", ""item_dimensions"": ""{\u0022height\u0022: \u00223.5\u0022, \u0022width\u0022: \u00222.5\u0022, \u0022unit\u0022: \u0022inch\u0022}""}",b65fcb03-9be4-4a48-a06d-b66a4c47de76,b8936c8c-5672-43d6-92a6-66a07ea2eb6b,Aether Shard (Faction Rare),Aether Shard (Faction Rare),{},altered_beyond-the-gate_aether-shard-(faction-rare)
3a4535a9-64e1-40c9-aa62-6835e3aa9f17,item,0,1,"{""obverse"": ""altered_beyond-the-gate_aether-shard-(rare)"", ""reverse"": ""altered_card-back""}","{""name_printed"": ""Aether Shard"", ""functional_disambiguator"": ""Rare"", ""number"": ""BTG-179-R"", ""type"": ""Permanent"", ""subtype"": ""Landmark"", ""faction"": ""Yzmir"", ""hand_cost"": ""5"", ""reserve_cost"": ""5"", ""abilities"": ""{altered_trigger_played_anywhere}: Draw a card. At Noon - Draw a card."", ""flavor_text"": ""No mere trinket, but a fragment of purest dream."", ""artist_names_printed"": ""[\u0022Anh Tung\u0022]"", ""item_dimensions"": ""{\u0022height\u0022: \u00223.5\u0022, \u0022width\u0022: \u00222.5\u0022, \u0022unit\u0022: \u0022inch\u0022}""}",b65fcb03-9be4-4a48-a06d-b66a4c47de76,b8936c8c-5672-43d6-92a6-66a07ea2eb6b,Aether Shard (Rare),Aether Shard (Rare),{},altered_beyond-the-gate_aether-shard-(rare)
1edfb307-558d-408d-ad7e-ba944be88005,item,0,1,"{""obverse"": ""altered_beyond-the-gate_afanas-&-senka"", ""reverse"": ""altered_card-back""}","{""name_printed"": ""Afanas & Senka"", ""number"": ""BTG-152-H"", ""type"": ""Hero"", ""faction"": ""Yzmir"", ""abilities"": ""When you play a Spell - Target Character you control gains 1 boost. (Do this after the spell resolves. A boost is a +1/+1/+1 counter. Remove it when it leaves the Expedition zone.)"", ""reserve_limit"": ""2"", ""landmark_limit"": ""2"", ""artist_names_printed"": ""[\u0022Edward Cheekokseang\u0022]"", ""item_dimensions"": ""{\u0022height\u0022: \u00223.5\u0022, \u0022width\u0022: \u00222.5\u0022, \u0022unit\u0022: \u0022inch\u0022}""}",b65fcb03-9be4-4a48-a06d-b66a4c47de76,b8936c8c-5672-43d6-92a6-66a07ea2eb6b,Afanas & Senka,Afanas & Senka,{},altered_beyond-the-gate_afanas-&-senka
2db8bd05-7bd6-4f96-b2c1-fd11bbb4401c,item,0,1,"{""obverse"": ""altered_beyond-the-gate_aja-(common)"", ""reverse"": ""altered_card-back""}","{""name_printed"": ""Aja"", ""functional_disambiguator"": ""Common"", ""number"": ""BTG-109-C"", ""type"": ""Character"", ""subtype"": ""Deity"", ""faction"": ""Muna"", ""hand_cost"": ""4"", ""reserve_cost"": ""4"", ""abilities"": ""{altered_trigger_played_hand}: Each player puts the top card of their deck in their Mana zone (as an exhausted Mana Orb)."", ""forest"": ""4"", ""mountain"": ""5"", ""water"": ""4"", ""flavor_text"": ""She is the soul of the forest, the patron of herbal medicine. From herbs and roots, she mixes potent potions"", ""artist_names_printed"": ""[\u0022Rémi Jacquot\u0022]"", ""item_dimensions"": ""{\u0022height\u0022: \u00223.5\u0022, \u0022width\u0022: \u00222.5\u0022, \u0022unit\u0022: \u0022inch\u0022}""}",b65fcb03-9be4-4a48-a06d-b66a4c47de76,b8936c8c-5672-43d6-92a6-66a07ea2eb6b,Aja (Common),Aja (Common),{},altered_beyond-the-gate_aja-(common)
4a4e0644-d397-4460-a4ad-1df4e5b6c738,item,0,1,"{""obverse"": ""altered_beyond-the-gate_aja-(faction-rare)"", ""reverse"": ""altered_card-back""}","{""name_printed"": ""Aja"", ""functional_disambiguator"": ""Faction Rare"", ""number"": ""BTG-109-F"", ""type"": ""Character"", ""subtype"": ""Deity"", ""faction"": ""Bravos"", ""hand_cost"": ""4"", ""reserve_cost"": ""4"", ""abilities"": ""{altered_trigger_played_hand}: Each player puts the top card of their deck in their Mana zone (as an exhausted Mana Orb)."", ""forest"": ""4"", ""mountain"": ""5"", ""water"": ""4"", ""flavor_text"": ""She is the soul of the forest, the patron of herbal medicine. From herbs and roots, she mixes potent potions"", ""artist_names_printed"": ""[\u0022Rémi Jacquot\u0022]"", ""item_dimensions"": ""{\u0022height\u0022: \u00223.5\u0022, \u0022width\u0022: \u00222.5\u0022, \u0022unit\u0022: \u0022inch\u0022}""}",b65fcb03-9be4-4a48-a06d-b66a4c47de76,b8936c8c-5672-43d6-92a6-66a07ea2eb6b,Aja (Faction Rare),Aja (Faction Rare),{},altered_beyond-the-gate_aja-(faction-rare)
1579af22-4c71-41db-b0a3-a1299636dc4c,item,0,1,"{""obverse"": ""altered_beyond-the-gate_aja-(rare)"", ""reverse"": ""altered_card-back""}","{""name_printed"": ""Aja"", ""functional_disambiguator"": ""Rare"", ""number"": ""BTG-109-R"", ""type"": ""Character"", ""subtype"": ""Deity"", ""faction"": ""Muna"", ""hand_cost"": ""4"", ""reserve_cost"": ""4"", ""abilities"": ""{altered_trigger_played_anywhere} Each player puts the top card of their deck in their Mana zone (as an exhausted Mana Orb)."", ""support_ability"": ""{altered_discard_from_reserve}: Target Character with Hand Cost 3 or less gains Anchored. (Discard me from Reserve to do this.)"", ""forest"": ""4"", ""mountain"": ""5"", ""water"": ""4"", ""artist_names_printed"": ""[\u0022Rémi Jacquot\u0022]"", ""item_dimensions"": ""{\u0022height\u0022: \u00223.5\u0022, \u0022width\u0022: \u00222.5\u0022, \u0022unit\u0022: \u0022inch\u0022}""}",b65fcb03-9be4-4a48-a06d-b66a4c47de76,b8936c8c-5672-43d6-92a6-66a07ea2eb6b,Aja (Rare),Aja (Rare),{},altered_beyond-the-gate_aja-(rare)
d6e5e977-1223-46a4-bf3a-8686dd4ddc85,item,0,1,"{""obverse"": ""altered_beyond-the-gate_akesha-&-taru"", ""reverse"": ""altered_card-back""}","{""name_printed"": ""Akesha & Taru"", ""number"": ""BTG-151-H"", ""type"": ""Hero"", ""faction"": ""Yzmir"", ""abilities"": ""{altered_exhaust}: After You. You can only activate this if you are the first player. (End your turn as if you had played a card. You may still play cards later this Day.)"", ""reserve_limit"": ""2"", ""landmark_limit"": ""2"", ""artist_names_printed"": ""[\u0022Taras Susak\u0022]"", ""item_dimensions"": ""{\u0022height\u0022: \u00223.5\u0022, \u0022width\u0022: \u00222.5\u0022, \u0022unit\u0022: \u0022inch\u0022}""}",b65fcb03-9be4-4a48-a06d-b66a4c47de76,b8936c8c-5672-43d6-92a6-66a07ea2eb6b,Akesha & Taru,Akesha & Taru,{},altered_beyond-the-gate_akesha-&-taru
3976d91c-409a-4ac3-a2d1-bec228bbb6fb,item,0,1,"{""obverse"": ""altered_beyond-the-gate_alice-(common)"", ""reverse"": ""altered_card-back""}","{""name_printed"": ""Alice"", ""functional_disambiguator"": ""Common"", ""number"": ""BTG-162-C"", ""type"": ""Character"", ""subtype"": ""Citizen"", ""faction"": ""Yzmir"", ""hand_cost"": ""3"", ""reserve_cost"": ""3"", ""support_ability"": ""{altered_discard_from_reserve}: After You. (Discard me from Reserve to do this.)"", ""forest"": ""2"", ""mountain"": ""2"", ""water"": ""4"", ""flavor_text"": ""One good turn deserves another."", ""artist_names_printed"": ""[\u0022Taras Susak\u0022]"", ""item_dimensions"": ""{\u0022height\u0022: \u00223.5\u0022, \u0022width\u0022: \u00222.5\u0022, \u0022unit\u0022: \u0022inch\u0022}""}",b65fcb03-9be4-4a48-a06d-b66a4c47de76,b8936c8c-5672-43d6-92a6-66a07ea2eb6b,Alice (Common),Alice (Common),{},altered_beyond-the-gate_alice-(common)
cc1d3be9-b0c3-4ea2-b434-1b6157653568,item,0,1,"{""obverse"": ""altered_beyond-the-gate_alice-(faction-rare)"", ""reverse"": ""altered_card-back""}","{""name_printed"": ""Alice"", ""functional_disambiguator"": ""Faction Rare"", ""number"": ""BTG-162-F"", ""type"": ""Character"", ""subtype"": ""Citizen"", ""faction"": ""Lyra"", ""hand_cost"": ""3"", ""reserve_cost"": ""3"", ""support_ability"": ""{altered_discard_from_reserve}: After You. (Discard me from Reserve to do this.)"", ""forest"": ""1"", ""mountain"": ""3"", ""water"": ""4"", ""flavor_text"": ""One good turn deserves another."", ""artist_names_printed"": ""[\u0022Taras Susak\u0022]"", ""item_dimensions"": ""{\u0022height\u0022: \u00223.5\u0022, \u0022width\u0022: \u00222.5\u0022, \u0022unit\u0022: \u0022inch\u0022}""}",b65fcb03-9be4-4a48-a06d-b66a4c47de76,b8936c8c-5672-43d6-92a6-66a07ea2eb6b,Alice (Faction Rare),Alice (Faction Rare),{},altered_beyond-the-gate_alice-(faction-rare)
6306d6de-d0f8-490a-9e0c-30bb7e2adddd,item,0,1,"{""obverse"": ""altered_beyond-the-gate_alice-(rare)"", ""reverse"": ""altered_card-back""}","{""name_printed"": ""Alice"", ""functional_disambiguator"": ""Rare"", ""number"": ""BTG-162-R"", ""type"": ""Character"", ""subtype"": ""Citizen"", ""faction"": ""Yzmir"", ""artist_names_printed"": ""[\u0022Taras Susak\u0022]"", ""item_dimensions"": ""{\u0022height\u0022: \u00223.5\u0022, \u0022width\u0022: \u00222.5\u0022, \u0022unit\u0022: \u0022inch\u0022}""}",b65fcb03-9be4-4a48-a06d-b66a4c47de76,b8936c8c-5672-43d6-92a6-66a07ea2eb6b,Alice (Rare),Alice (Rare),{},altered_beyond-the-gate_alice-(rare)
9b8a0398-012b-40b6-9437-8607fb7a3ce9,item,0,1,"{""obverse"": ""altered_beyond-the-gate_all-in!-(common)"", ""reverse"": ""altered_card-back""}","{""name_printed"": ""All In!"", ""functional_disambiguator"": ""Common"", ""number"": ""BTG-085-C"", ""type"": ""Spell"", ""subtype"": ""Boon"", ""faction"": ""Lyra"", ""hand_cost"": ""3"", ""reserve_cost"": ""3"", ""abilities"": ""Roll a die. Target Character gains X boosts, where X is the result. (A boost is a +1/+1/+1 counter. Remove it when it leaves the expedition zone.)"", ""flavor_text"": ""There's a time to be cautious, and a time to bet it all!"", ""artist_names_printed"": ""[\u0022HuoMiao Studio\u0022]"", ""item_dimensions"": ""{\u0022height\u0022: \u00223.5\u0022, \u0022width\u0022: \u00222.5\u0022, \u0022unit\u0022: \u0022inch\u0022}""}",b65fcb03-9be4-4a48-a06d-b66a4c47de76,b8936c8c-5672-43d6-92a6-66a07ea2eb6b,All In! (Common),All In! (Common),{},altered_beyond-the-gate_all-in!-(common)
c67d7d43-9656-4e60-b328-78d666f87b0b,item,0,1,"{""obverse"": ""altered_beyond-the-gate_all-in!-(faction-rare)"", ""reverse"": ""altered_card-back""}","{""name_printed"": ""All In!"", ""functional_disambiguator"": ""Faction Rare"", ""number"": ""BTG-085-F"", ""type"": ""Spell"", ""subtype"": ""Boon"", ""artist_names_printed"": ""[\u0022HuoMiao Studio\u0022]"", ""item_dimensions"": ""{\u0022height\u0022: \u00223.5\u0022, \u0022width\u0022: \u00222.5\u0022, \u0022unit\u0022: \u0022inch\u0022}""}",b65fcb03-9be4-4a48-a06d-b66a4c47de76,b8936c8c-5672-43d6-92a6-66a07ea2eb6b,All In! (Faction Rare),All In! (Faction Rare),{},altered_beyond-the-gate_all-in!-(faction-rare)
764b3416-90f2-40a0-b2e6-ce2c8a1c6c2e,item,0,1,"{""obverse"": ""altered_beyond-the-gate_all-in!-(rare)"", ""reverse"": ""altered_card-back""}","{""name_printed"": ""All In!"", ""functional_disambiguator"": ""Rare"", ""number"": ""BTG-085-R"", ""type"": ""Spell"", ""subtype"": ""Boon"", ""faction"": ""Lyra"", ""hand_cost"": ""3"", ""reserve_cost"": ""3"", ""abilities"": ""Roll a die. You may discard a card from your Reserve to increase the result by 2. Target Character gains X boosts, where X is the final result."", ""flavor_text"": ""There's a time to be cautious, and a time to bet it all!"", ""artist_names_printed"": ""[\u0022HuoMiao Studio\u0022]"", ""item_dimensions"": ""{\u0022height\u0022: \u00223.5\u0022, \u0022width\u0022: \u00222.5\u0022, \u0022unit\u0022: \u0022inch\u0022}""}",b65fcb03-9be4-4a48-a06d-b66a4c47de76,b8936c8c-5672-43d6-92a6-66a07ea2eb6b,All In! (Rare),All In! (Rare),{},altered_beyond-the-gate_all-in!-(rare)
37eb8a8e-ca9f-4773-98d0-8f34f6e0d95b,item,0,1,"{""obverse"": ""altered_beyond-the-gate_aloe-vera-(common)"", ""reverse"": ""altered_card-back""}","{""name_printed"": ""Aloe Vera"", ""functional_disambiguator"": ""Common"", ""number"": ""BTG-103-C"", ""type"": ""Character"", ""subtype"": ""Plant"", ""faction"": ""Muna"", ""hand_cost"": ""3"", ""reserve_cost"": ""3"", ""abilities"": ""At Noon - Resupply. (Put the top card of your deck in Reserve.)"", ""forest"": ""2"", ""mountain"": ""2"", ""water"": ""4"", ""flavor_text"": ""Moisturizing every day is essential."", ""artist_names_printed"": ""[\u0022HuoMiao Studio\u0022]"", ""item_dimensions"": ""{\u0022height\u0022: \u00223.5\u0022, \u0022width\u0022: \u00222.5\u0022, \u0022unit\u0022: \u0022inch\u0022}""}",b65fcb03-9be4-4a48-a06d-b66a4c47de76,b8936c8c-5672-43d6-92a6-66a07ea2eb6b,Aloe Vera (Common),Aloe Vera (Common),{},altered_beyond-the-gate_aloe-vera-(common)
1f704e7d-5d58-4397-8905-afa2db63a1c1,item,0,1,"{""obverse"": ""altered_beyond-the-gate_aloe-vera-(faction-rare)"", ""reverse"": ""altered_card-back""}","{""name_printed"": ""Aloe Vera"", ""functional_disambiguator"": ""Faction Rare"", ""number"": ""BTG-103-F"", ""type"": ""Character"", ""subtype"": ""Plant"", ""faction"": ""Lyra"", ""hand_cost"": ""3"", ""reserve_cost"": ""3"", ""abilities"": ""{altered_trigger_played_anywhere} You may pay 1 to have me gain Anchored. (During Rest, I don't go to Reserve and I lose Anchored.) At Noon - Resupply. (Put the top card of your deck in Reserve.)"", ""forest"": ""2"", ""mountain"": ""2"", ""water"": ""4"", ""flavor_text"": ""Moisturizing every day is essential."", ""artist_names_printed"": ""[\u0022HuoMiao Studio\u0022]"", ""item_dimensions"": ""{\u0022height\u0022: \u00223.5\u0022, \u0022width\u0022: \u00222.5\u0022, \u0022unit\u0022: \u0022inch\u0022}""}",b65fcb03-9be4-4a48-a06d-b66a4c47de76,b8936c8c-5672-43d6-92a6-66a07ea2eb6b,Aloe Vera (Faction Rare),Aloe Vera (Faction Rare),{},altered_beyond-the-gate_aloe-vera-(faction-rare)
0d2c8a03-e0af-4b6c-9efe-04d2960c59f5,item,0,1,"{""obverse"": ""altered_beyond-the-gate_aloe-vera-(rare)"", ""reverse"": ""altered_card-back""}","{""name_printed"": ""Aloe Vera"", ""functional_disambiguator"": ""Rare"", ""number"": ""BTG-103-R"", ""type"": ""Character"", ""subtype"": ""Plant"", ""faction"": ""Muna"", ""artist_names_printed"": ""[\u0022HuoMiao Studio\u0022]"", ""item_dimensions"": ""{\u0022height\u0022: \u00223.5\u0022, \u0022width\u0022: \u00222.5\u0022, \u0022unit\u0022: \u0022inch\u0022}""}",b65fcb03-9be4-4a48-a06d-b66a4c47de76,b8936c8c-5672-43d6-92a6-66a07ea2eb6b,Aloe Vera (Rare),Aloe Vera (Rare),{},altered_beyond-the-gate_aloe-vera-(rare)
377c5ab3-9821-4911-9793-eb83df59c10d,item,0,1,"{""obverse"": ""altered_beyond-the-gate_amahle,-asgarthan-outcast-(common)"", ""reverse"": ""altered_card-back""}","{""name_printed"": ""Amahle, Asgarthan Outcast"", ""functional_disambiguator"": ""Common"", ""number"": ""BTG-079-C"", ""type"": ""Character"", ""subtype"": ""Scholar"", ""faction"": ""Lyra"", ""hand_cost"": ""5"", ""reserve_cost"": ""5"", ""abilities"": ""{altered_trigger_played_anywhere} You may discard a card from your Reserve to draw a card."", ""forest"": ""5"", ""mountain"": ""5"", ""water"": ""5"", ""flavor_text"": ""The old world is dying, and the new world struggles to be born: now is the time of monsters."", ""artist_names_printed"": ""[\u0022Khoa Viet\u0022]"", ""item_dimensions"": ""{\u0022height\u0022: \u00223.5\u0022, \u0022width\u0022: \u00222.5\u0022, \u0022unit\u0022: \u0022inch\u0022}""}",b65fcb03-9be4-4a48-a06d-b66a4c47de76,b8936c8c-5672-43d6-92a6-66a07ea2eb6b,"Amahle, Asgarthan Outcast (Common)","Amahle, Asgarthan Outcast (Common)",{},"altered_beyond-the-gate_amahle,-asgarthan-outcast-(common)"
43467f27-97fe-4878-8246-01bca9ad2fd3,item,0,1,"{""obverse"": ""altered_beyond-the-gate_amahle,-asgarthan-outcast-(faction-rare)"", ""reverse"": ""altered_card-back""}","{""name_printed"": ""Amahle, Asgarthan Outcast"", ""functional_disambiguator"": ""Faction Rare"", ""number"": ""BTG-079-F"", ""type"": ""Character"", ""subtype"": ""Scholar"", ""faction"": ""Axiom"", ""hand_cost"": ""5"", ""reserve_cost"": ""5"", ""abilities"": ""{altered_trigger_played_anywhere} You may discard a card from your Reserve to draw a card."", ""forest"": ""5"", ""mountain"": ""5"", ""water"": ""5"", ""flavor_text"": ""The old world is dying, and the new world struggles to be born: now is the time of monsters."", ""artist_names_printed"": ""[\u0022Khoa Viet\u0022]"", ""item_dimensions"": ""{\u0022height\u0022: \u00223.5\u0022, \u0022width\u0022: \u00222.5\u0022, \u0022unit\u0022: \u0022inch\u0022}""}",b65fcb03-9be4-4a48-a06d-b66a4c47de76,b8936c8c-5672-43d6-92a6-66a07ea2eb6b,"Amahle, Asgarthan Outcast (Faction Rare)","Amahle, Asgarthan Outcast (Faction Rare)",{},"altered_beyond-the-gate_amahle,-asgarthan-outcast-(faction-rare)"
3a93365e-fb30-4a52-af1a-5b88948a66b7,item,0,1,"{""obverse"": ""altered_beyond-the-gate_amahle,-asgarthan-outcast-(rare)"", ""reverse"": ""altered_card-back""}","{""name_printed"": ""Amahle, Asgarthan Outcast"", ""functional_disambiguator"": ""Rare"", ""number"": ""BTG-079-R"", ""type"": ""Character"", ""subtype"": ""Scholar"", ""faction"": ""Lyra"", ""hand_cost"": ""5"", ""reserve_cost"": ""5"", ""abilities"": ""{altered_trigger_played_anywhere} You may discard any number of cards from your Reserve to draw that many cards."", ""forest"": ""5"", ""mountain"": ""5"", ""water"": ""5"", ""flavor_text"": ""The old world is dying, and the new world struggles to be born: now is the time of monsters."", ""artist_names_printed"": ""[\u0022Khoa Viet\u0022]"", ""item_dimensions"": ""{\u0022height\u0022: \u00223.5\u0022, \u0022width\u0022: \u00222.5\u0022, \u0022unit\u0022: \u0022inch\u0022}""}",b65fcb03-9be4-4a48-a06d-b66a4c47de76,b8936c8c-5672-43d6-92a6-66a07ea2eb6b,"Amahle, Asgarthan Outcast (Rare)","Amahle, Asgarthan Outcast (Rare)",{},"altered_beyond-the-gate_amahle,-asgarthan-outcast-(rare)"
bae1081c-35dd-49fe-a113-8d872b8f6008,item,0,1,"{""obverse"": ""altered_beyond-the-gate_amelia-earhart-(common)"", ""reverse"": ""altered_card-back""}","{""name_printed"": ""Amelia Earhart"", ""functional_disambiguator"": ""Common"", ""number"": ""BTG-012-C"", ""type"": ""Character"", ""subtype"": ""Adventurer"", ""faction"": ""Axiom"", ""hand_cost"": ""3"", ""reserve_cost"": ""1"", ""forest"": ""2"", ""mountain"": ""2"", ""water"": ""2"", ""flavor_text"": ""The most effective way to do it, is to do it."", ""artist_names_printed"": ""[\u0022Taras Susak\u0022]"", ""item_dimensions"": ""{\u0022height\u0022: \u00223.5\u0022, \u0022width\u0022: \u00222.5\u0022, \u0022unit\u0022: \u0022inch\u0022}""}",b65fcb03-9be4-4a48-a06d-b66a4c47de76,b8936c8c-5672-43d6-92a6-66a07ea2eb6b,Amelia Earhart (Common),Amelia Earhart (Common),{},altered_beyond-the-gate_amelia-earhart-(common)
cefcc353-62a0-4cf8-984d-432a485ccf6e,item,0,1,"{""obverse"": ""altered_beyond-the-gate_amelia-earhart-(faction-rare)"", ""reverse"": ""altered_card-back""}","{""name_printed"": ""Amelia Earhart"", ""functional_disambiguator"": ""Faction Rare"", ""number"": ""BTG-012-F"", ""type"": ""Character"", ""subtype"": ""Adventurer"", ""faction"": ""Ordis"", ""hand_cost"": ""3"", ""reserve_cost"": ""1"", ""abilities"": ""{altered_trigger_played_hand} I gain 1 boost."", ""forest"": ""2"", ""mountain"": ""2"", ""water"": ""2"", ""flavor_text"": ""The most effective way to do it, is to do it."", ""artist_names_printed"": ""[\u0022Taras Susak\u0022]"", ""item_dimensions"": ""{\u0022height\u0022: \u00223.5\u0022, \u0022width\u0022: \u00222.5\u0022, \u0022unit\u0022: \u0022inch\u0022}""}",b65fcb03-9be4-4a48-a06d-b66a4c47de76,b8936c8c-5672-43d6-92a6-66a07ea2eb6b,Amelia Earhart (Faction Rare),Amelia Earhart (Faction Rare),{},altered_beyond-the-gate_amelia-earhart-(faction-rare)
d98115ac-288b-4ed8-9f0d-0f72ff0ef867,item,0,1,"{""obverse"": ""altered_beyond-the-gate_amelia-earhart-(rare)"", ""reverse"": ""altered_card-back""}","{""name_printed"": ""Amelia Earhart"", ""functional_disambiguator"": ""Rare"", ""number"": ""BTG-012-R"", ""type"": ""Character"", ""subtype"": ""Adventurer"", ""faction"": ""Axiom"", ""hand_cost"": ""3"", ""reserve_cost"": ""1"", ""abilities"": ""{altered_trigger_played_hand} I gain 1 boost."", ""forest"": ""2"", ""mountain"": ""2"", ""water"": ""2"", ""flavor_text"": ""The most effective way to do it, is to do it."", ""artist_names_printed"": ""[\u0022Taras Susak\u0022]"", ""item_dimensions"": ""{\u0022height\u0022: \u00223.5\u0022, \u0022width\u0022: \u00222.5\u0022, \u0022unit\u0022: \u0022inch\u0022}""}",b65fcb03-9be4-4a48-a06d-b66a4c47de76,b8936c8c-5672-43d6-92a6-66a07ea2eb6b,Amelia Earhart (Rare),Amelia Earhart (Rare),{},altered_beyond-the-gate_amelia-earhart-(rare)
8bf45926-e2de-4e18-b9b4-998120aa8325,item,0,1,"{""obverse"": ""altered_beyond-the-gate_anansi-(common)"", ""reverse"": ""altered_card-back""}","{""name_printed"": ""Anansi"", ""functional_disambiguator"": ""Common"", ""number"": ""BTG-071-C"", ""type"": ""Character"", ""subtype"": ""Artist; Deity"", ""faction"": ""Lyra"", ""hand_cost"": ""3"", ""reserve_cost"": ""2"", ""abilities"": ""{altered_trigger_played_anywhere} I gain 1 boost for each card in your Reserve. (A boost is a +1/+1/+1 counter. Remove it when it leaves the Expedition zone.)"", ""forest"": ""2"", ""mountain"": ""2"", ""water"": ""2"", ""flavor_text"": ""In the end, he has accumulated all the wisdom that was available. he put it in a gourd and made a stopper for it."", ""artist_names_printed"": ""[\u0022Taras Susak\u0022]"", ""item_dimensions"": ""{\u0022height\u0022: \u00223.5\u0022, \u0022width\u0022: \u00222.5\u0022, \u0022unit\u0022: \u0022inch\u0022}""}",b65fcb03-9be4-4a48-a06d-b66a4c47de76,b8936c8c-5672-43d6-92a6-66a07ea2eb6b,Anansi (Common),Anansi (Common),{},altered_beyond-the-gate_anansi-(common)
81566e33-007c-4b9e-85da-f14366ad6028,item,0,1,"{""obverse"": ""altered_beyond-the-gate_anansi-(faction-rare)"", ""reverse"": ""altered_card-back""}","{""name_printed"": ""Anansi"", ""functional_disambiguator"": ""Faction Rare"", ""number"": ""BTG-071-F"", ""type"": ""Character"", ""subtype"": ""Artist; Deity"", ""faction"": ""Axiom"", ""hand_cost"": ""3"", ""reserve_cost"": ""2"", ""abilities"": ""{altered_trigger_played_anywhere} I gain 1 boost for each card in your Reserve."", ""forest"": ""2"", ""mountain"": ""2"", ""water"": ""2"", ""flavor_text"": ""In the end, he has accumulated all the wisdom that was available. he put it in a gourd and made a stopper for it."", ""artist_names_printed"": ""[\u0022Taras Susak\u0022]"", ""item_dimensions"": ""{\u0022height\u0022: \u00223.5\u0022, \u0022width\u0022: \u00222.5\u0022, \u0022unit\u0022: \u0022inch\u0022}""}",b65fcb03-9be4-4a48-a06d-b66a4c47de76,b8936c8c-5672-43d6-92a6-66a07ea2eb6b,Anansi (Faction Rare),Anansi (Faction Rare),{},altered_beyond-the-gate_anansi-(faction-rare)
81ded3d6-df77-42c4-b1e7-4a5732cec2de,item,0,1,"{""obverse"": ""altered_beyond-the-gate_anansi-(rare)"", ""reverse"": ""altered_card-back""}","{""name_printed"": ""Anansi"", ""functional_disambiguator"": ""Rare"", ""number"": ""BTG-071-R"", ""type"": ""Character"", ""subtype"": ""Artist; Deity"", ""faction"": ""Lyra"", ""hand_cost"": ""3"", ""reserve_cost"": ""2"", ""abilities"": ""{altered_trigger_played_anywhere} I gain 1 boost for each card in each player's Reserve."", ""forest"": ""0"", ""mountain"": ""0"", ""water"": ""0"", ""flavor_text"": ""In the end, he has accumulated all the wisdom that was available. he put it in a gourd and made a stopper for it."", ""artist_names_printed"": ""[\u0022Taras Susak\u0022]"", ""item_dimensions"": ""{\u0022height\u0022: \u00223.5\u0022, \u0022width\u0022: \u00222.5\u0022, \u0022unit\u0022: \u0022inch\u0022}""}",b65fcb03-9be4-4a48-a06d-b66a4c47de76,b8936c8c-5672-43d6-92a6-66a07ea2eb6b,Anansi (Rare),Anansi (Rare),{},altered_beyond-the-gate_anansi-(rare)
0ed039d5-5abe-4b04-b11a-3dad710dcb00,item,0,1,"{""obverse"": ""altered_beyond-the-gate_anubis-(common)"", ""reverse"": ""altered_card-back""}","{""name_printed"": ""Anubis"", ""functional_disambiguator"": ""Common"", ""number"": ""BTG-141-C"", ""type"": ""Character"", ""subtype"": ""Deity"", ""faction"": ""Ordis"", ""hand_cost"": ""5"", ""reserve_cost"": ""5"", ""abilities"": ""{altered_trigger_played_anywhere} Each player sacrifices a Character."", ""forest"": ""3"", ""mountain"": ""4"", ""water"": ""3"", ""flavor_text"": ""Only a heart as light as a feather can stand up to the judgment of Anubis."", ""artist_names_printed"": ""[\u0022Romain Kurdi\u0022]"", ""item_dimensions"": ""{\u0022height\u0022: \u00223.5\u0022, \u0022width\u0022: \u00222.5\u0022, \u0022unit\u0022: \u0022inch\u0022}""}",b65fcb03-9be4-4a48-a06d-b66a4c47de76,b8936c8c-5672-43d6-92a6-66a07ea2eb6b,Anubis (Common),Anubis (Common),{},altered_beyond-the-gate_anubis-(common)
cc8953ea-e64c-4ab6-929e-b240bb81a615,item,0,1,"{""obverse"": ""altered_beyond-the-gate_anubis-(faction-rare)"", ""reverse"": ""altered_card-back""}","{""name_printed"": ""Anubis"", ""functional_disambiguator"": ""Faction Rare"", ""number"": ""BTG-141-F"", ""type"": ""Character"", ""subtype"": ""Deity"", ""faction"": ""Yzmir"", ""hand_cost"": ""5"", ""reserve_cost"": ""5"", ""abilities"": ""{altered_trigger_played_anywhere} Each player sacrifices a Character."", ""forest"": ""3"", ""mountain"": ""4"", ""water"": ""3"", ""flavor_text"": ""Only a heart as light as a feather can stand up to the judgment of Anubis."", ""artist_names_printed"": ""[\u0022Romain Kurdi\u0022]"", ""item_dimensions"": ""{\u0022height\u0022: \u00223.5\u0022, \u0022width\u0022: \u00222.5\u0022, \u0022unit\u0022: \u0022inch\u0022}""}",b65fcb03-9be4-4a48-a06d-b66a4c47de76,b8936c8c-5672-43d6-92a6-66a07ea2eb6b,Anubis (Faction Rare),Anubis (Faction Rare),{},altered_beyond-the-gate_anubis-(faction-rare)
ec1f255d-711d-4ee3-941f-fd5c4a204c80,item,0,1,"{""obverse"": ""altered_beyond-the-gate_anubis-(rare)"", ""reverse"": ""altered_card-back""}","{""name_printed"": ""Anubis"", ""functional_disambiguator"": ""Rare"", ""number"": ""BTG-141-R"", ""type"": ""Character"", ""subtype"": ""Deity"", ""faction"": ""Ordis"", ""hand_cost"": ""4"", ""reserve_cost"": ""4"", ""abilities"": ""{altered_trigger_played_anywhere} Each player sacrifices a Character."", ""forest"": ""3"", ""mountain"": ""3"", ""water"": ""3"", ""flavor_text"": ""Only a heart as light as a feather can stand up to the judgment of Anubis."", ""artist_names_printed"": ""[\u0022Romain Kurdi\u0022]"", ""item_dimensions"": ""{\u0022height\u0022: \u00223.5\u0022, \u0022width\u0022: \u00222.5\u0022, \u0022unit\u0022: \u0022inch\u0022}""}",b65fcb03-9be4-4a48-a06d-b66a4c47de76,b8936c8c-5672-43d6-92a6-66a07ea2eb6b,Anubis (Rare),Anubis (Rare),{},altered_beyond-the-gate_anubis-(rare)
8bccd9e3-3dda-4072-9c6b-d788031f1bd2,item,0,1,"{""obverse"": ""altered_beyond-the-gate_arjun-&-spike"", ""reverse"": ""altered_card-back""}","{""name_printed"": ""Arjun & Spike"", ""number"": ""BTG-092-H"", ""type"": ""Hero"", ""faction"": ""Muna"", ""abilities"": ""{altered_exhaust}, Discard a card from your Reserve: the next Character you play this turn with Hand Cost 3 or less gains Anchored. (During Rest, it doesn't go to Reserve and it loses Anchored.)"", ""reserve_limit"": ""2"", ""landmark_limit"": ""2"", ""artist_names_printed"": ""[\u0022Ba Vo\u0022]"", ""item_dimensions"": ""{\u0022height\u0022: \u00223.5\u0022, \u0022width\u0022: \u00222.5\u0022, \u0022unit\u0022: \u0022inch\u0022}""}",b65fcb03-9be4-4a48-a06d-b66a4c47de76,b8936c8c-5672-43d6-92a6-66a07ea2eb6b,Arjun & Spike,Arjun & Spike,{},altered_beyond-the-gate_arjun-&-spike
3288df53-980a-4d95-b687-1493bac78263,item,0,1,"{""obverse"": ""altered_beyond-the-gate_armored-jammer-(common)"", ""reverse"": ""altered_card-back""}","{""name_printed"": ""Armored Jammer"", ""functional_disambiguator"": ""Common"", ""number"": ""BTG-025-C"", ""type"": ""Permanent"", ""subtype"": ""Landmark"", ""faction"": ""Axiom"", ""hand_cost"": ""2"", ""reserve_cost"": ""2"", ""abilities"": ""{altered_trigger_played_anywhere} Sabotage. (Discard up to one target card from a Reserve.)"", ""flavor_text"": ""In a jam? Sorry, mate. Maybe a side effect of our scrambling..."", ""artist_names_printed"": ""[\u0022HuoMiao Studio\u0022]"", ""item_dimensions"": ""{\u0022height\u0022: \u00223.5\u0022, \u0022width\u0022: \u00222.5\u0022, \u0022unit\u0022: \u0022inch\u0022}""}",b65fcb03-9be4-4a48-a06d-b66a4c47de76,b8936c8c-5672-43d6-92a6-66a07ea2eb6b,Armored Jammer (Common),Armored Jammer (Common),{},altered_beyond-the-gate_armored-jammer-(common)
fdc4c341-958b-402b-b162-1f4d0d07c9fb,item,0,1,"{""obverse"": ""altered_beyond-the-gate_armored-jammer-(faction-rare)"", ""reverse"": ""altered_card-back""}","{""name_printed"": ""Armored Jammer"", ""functional_disambiguator"": ""Faction Rare"", ""number"": ""BTG-025-F"", ""type"": ""Permanent"", ""subtype"": ""Landmark"", ""faction"": ""Ordis"", ""hand_cost"": ""2"", ""reserve_cost"": ""2"", ""abilities"": ""{altered_trigger_played_anywhere} Sabotage. (Discard up to one target card from a Reserve.) When I leave your Landmark zone - Sabotage."", ""flavor_text"": ""In a jam? Sorry, mate. Maybe a side effect of our scrambling..."", ""artist_names_printed"": ""[\u0022HuoMiao Studio\u0022]"", ""item_dimensions"": ""{\u0022height\u0022: \u00223.5\u0022, \u0022width\u0022: \u00222.5\u0022, \u0022unit\u0022: \u0022inch\u0022}""}",b65fcb03-9be4-4a48-a06d-b66a4c47de76,b8936c8c-5672-43d6-92a6-66a07ea2eb6b,Armored Jammer (Faction Rare),Armored Jammer (Faction Rare),{},altered_beyond-the-gate_armored-jammer-(faction-rare)
b3662c20-722a-4887-865f-21ee14e739bd,item,0,1,"{""obverse"": ""altered_beyond-the-gate_armored-jammer-(rare)"", ""reverse"": ""altered_card-back""}","{""name_printed"": ""Armored Jammer"", ""functional_disambiguator"": ""Rare"", ""number"": ""BTG-025-R"", ""type"": ""Permanent"", ""subtype"": ""Landmark"", ""faction"": ""Axiom"", ""hand_cost"": ""2"", ""reserve_cost"": ""2"", ""abilities"": ""{altered_trigger_played_anywhere} Sabotage. (Discard up to one target card from a Reserve.) When I leave your Landmark zone - Sabotage."", ""flavor_text"": ""In a jam? Sorry, mate. Maybe a side effect of our scrambling..."", ""artist_names_printed"": ""[\u0022HuoMiao Studio\u0022]"", ""item_dimensions"": ""{\u0022height\u0022: \u00223.5\u0022, \u0022width\u0022: \u00222.5\u0022, \u0022unit\u0022: \u0022inch\u0022}""}",b65fcb03-9be4-4a48-a06d-b66a4c47de76,b8936c8c-5672-43d6-92a6-66a07ea2eb6b,Armored Jammer (Rare),Armored Jammer (Rare),{},altered_beyond-the-gate_armored-jammer-(rare)
86ea3051-5d45-44bc-88b6-5d2d79dda21e,item,0,1,"{""obverse"": ""altered_beyond-the-gate_asmodeus-(common)"", ""reverse"": ""altered_card-back""}","{""name_printed"": ""Asmodeus"", ""functional_disambiguator"": ""Common"", ""number"": ""BTG-080-C"", ""type"": ""Character"", ""subtype"": ""Deity"", ""faction"": ""Lyra"", ""hand_cost"": ""6"", ""reserve_cost"": ""6"", ""abilities"": ""{altered_trigger_played_anywhere} Roll a die. On a 4+, I gain Anchored. On a 1-3, I gain 3 boosts. (During Rest, I don't go to Reserve and I lose Anchored. A boost is a +1/+1/+1 counter. Remove it when it leaves the Expedition zone.)"", ""forest"": ""5"", ""mountain"": ""5"", ""water"": ""5"", ""flavor_text"": ""Wanna play a game?"", ""artist_names_printed"": ""[\u0022Zero Wen\u0022]"", ""item_dimensions"": ""{\u0022height\u0022: \u00223.5\u0022, \u0022width\u0022: \u00222.5\u0022, \u0022unit\u0022: \u0022inch\u0022}""}",b65fcb03-9be4-4a48-a06d-b66a4c47de76,b8936c8c-5672-43d6-92a6-66a07ea2eb6b,Asmodeus (Common),Asmodeus (Common),{},altered_beyond-the-gate_asmodeus-(common)
09635195-3c5e-44a1-828a-59cab0307b7d,item,0,1,"{""obverse"": ""altered_beyond-the-gate_asmodeus-(faction-rare)"", ""reverse"": ""altered_card-back""}","{""name_printed"": ""Asmodeus"", ""functional_disambiguator"": ""Faction Rare"", ""number"": ""BTG-080-F"", ""type"": ""Character"", ""subtype"": ""Deity"", ""faction"": ""Bravos"", ""hand_cost"": ""6"", ""reserve_cost"": ""6"", ""abilities"": ""{altered_trigger_played_anywhere} Roll a die. On a 4+, I gain Anchored. On a 1-3, I gain 3 boosts. (During Rest, I don't go to Reserve and I lose Anchored.)"", ""forest"": ""5"", ""mountain"": ""5"", ""water"": ""5"", ""flavor_text"": ""Wanna play a game?"", ""artist_names_printed"": ""[\u0022Zero Wen\u0022]"", ""item_dimensions"": ""{\u0022height\u0022: \u00223.5\u0022, \u0022width\u0022: \u00222.5\u0022, \u0022unit\u0022: \u0022inch\u0022}""}",b65fcb03-9be4-4a48-a06d-b66a4c47de76,b8936c8c-5672-43d6-92a6-66a07ea2eb6b,Asmodeus (Faction Rare),Asmodeus (Faction Rare),{},altered_beyond-the-gate_asmodeus-(faction-rare)
8a6817c9-04da-416c-9c0c-776d2ed01836,item,0,1,"{""obverse"": ""altered_beyond-the-gate_asmodeus-(rare)"", ""reverse"": ""altered_card-back""}","{""name_printed"": ""Asmodeus"", ""functional_disambiguator"": ""Rare"", ""number"": ""BTG-080-R"", ""type"": ""Character"", ""subtype"": ""Deity"", ""faction"": ""Lyra"", ""hand_cost"": ""5"", ""reserve_cost"": ""5"", ""abilities"": ""{altered_trigger_played_anywhere} Roll a die. On a 4+, I gain Anchored. On a 1-3, I gain 3 boosts. (During Rest, I don't go to Reserve and I lose Anchored. A boost is a +1/+1/+1 counter. Remove it when it leaves the Expedition zone.)"", ""forest"": ""4"", ""mountain"": ""4"", ""water"": ""4"", ""flavor_text"": ""Wanna play a game?"", ""artist_names_printed"": ""[\u0022Zero Wen\u0022]"", ""item_dimensions"": ""{\u0022height\u0022: \u00223.5\u0022, \u0022width\u0022: \u00222.5\u0022, \u0022unit\u0022: \u0022inch\u0022}""}",b65fcb03-9be4-4a48-a06d-b66a4c47de76,b8936c8c-5672-43d6-92a6-66a07ea2eb6b,Asmodeus (Rare),Asmodeus (Rare),{},altered_beyond-the-gate_asmodeus-(rare)
e1b27778-7481-452f-8c4a-6a97ab73d490,item,0,1,"{""obverse"": ""altered_beyond-the-gate_athena-(common)"", ""reverse"": ""altered_card-back""}","{""name_printed"": ""Athena"", ""functional_disambiguator"": ""Common"", ""number"": ""BTG-018-C"", ""type"": ""Character"", ""subtype"": ""Deity"", ""faction"": ""Axiom"", ""hand_cost"": ""5"", ""reserve_cost"": ""3"", ""abilities"": ""{altered_trigger_played_reserve} If you control two or more Landmarks, I lose Fleeting."", ""forest"": ""3"", ""mountain"": ""4"", ""water"": ""4"", ""flavor_text"": ""I've lifted the mist from off your eyes that's blurred them up to now."", ""artist_names_printed"": ""[\u0022Zero Wen\u0022]"", ""item_dimensions"": ""{\u0022height\u0022: \u00223.5\u0022, \u0022width\u0022: \u00222.5\u0022, \u0022unit\u0022: \u0022inch\u0022}""}",b65fcb03-9be4-4a48-a06d-b66a4c47de76,b8936c8c-5672-43d6-92a6-66a07ea2eb6b,Athena (Common),Athena (Common),{},altered_beyond-the-gate_athena-(common)
304ea4a4-0020-4ab7-b222-7fcaa8fbad82,item,0,1,"{""obverse"": ""altered_beyond-the-gate_athena-(faction-rare)"", ""reverse"": ""altered_card-back""}","{""name_printed"": ""Athena"", ""functional_disambiguator"": ""Faction Rare"", ""number"": ""BTG-018-F"", ""type"": ""Character"", ""subtype"": ""Deity"", ""artist_names_printed"": ""[\u0022Zero Wen\u0022]"", ""item_dimensions"": ""{\u0022height\u0022: \u00223.5\u0022, \u0022width\u0022: \u00222.5\u0022, \u0022unit\u0022: \u0022inch\u0022}""}",b65fcb03-9be4-4a48-a06d-b66a4c47de76,b8936c8c-5672-43d6-92a6-66a07ea2eb6b,Athena (Faction Rare),Athena (Faction Rare),{},altered_beyond-the-gate_athena-(faction-rare)
4c7ae9b7-4158-41ef-a239-f8a84fd85ef4,item,0,1,"{""obverse"": ""altered_beyond-the-gate_athena-(rare)"", ""reverse"": ""altered_card-back""}","{""name_printed"": ""Athena"", ""functional_disambiguator"": ""Rare"", ""number"": ""BTG-018-R"", ""type"": ""Character"", ""subtype"": ""Deity"", ""faction"": ""Axiom"", ""hand_cost"": ""5"", ""reserve_cost"": ""3"", ""abilities"": ""{altered_trigger_played_hand} If you control two or more Landmarks, I gain 2 boosts. {altered_trigger_played_reserve} If you control two or more Landmarks, I lose Fleeting."", ""forest"": ""3"", ""mountain"": ""4"", ""water"": ""4"", ""flavor_text"": ""I've lifted the mist from off your eyes that's blurred them up to now."", ""artist_names_printed"": ""[\u0022Zero Wen\u0022]"", ""item_dimensions"": ""{\u0022height\u0022: \u00223.5\u0022, \u0022width\u0022: \u00222.5\u0022, \u0022unit\u0022: \u0022inch\u0022}""}",b65fcb03-9be4-4a48-a06d-b66a4c47de76,b8936c8c-5672-43d6-92a6-66a07ea2eb6b,Athena (Rare),Athena (Rare),{},altered_beyond-the-gate_athena-(rare)
067b400a-547f-4773-842e-5f578b1fd89e,item,0,1,"{""obverse"": ""altered_beyond-the-gate_atlas-(common)"", ""reverse"": ""altered_card-back""}","{""name_printed"": ""Atlas"", ""functional_disambiguator"": ""Common"", ""number"": ""BTG-052-C"", ""type"": ""Character"", ""subtype"": ""Titan"", ""faction"": ""Bravos"", ""hand_cost"": ""5"", ""reserve_cost"": ""5"", ""abilities"": ""Gigantic. (I am considered present in each of your Expeditions.)"", ""forest"": ""3"", ""mountain"": ""3"", ""water"": ""3"", ""flavor_text"": ""Not even the weight of the sky could make him buckle."", ""artist_names_printed"": ""[\u0022Matteo Spirito\u0022]"", ""item_dimensions"": ""{\u0022height\u0022: \u00223.5\u0022, \u0022width\u0022: \u00222.5\u0022, \u0022unit\u0022: \u0022inch\u0022}""}",b65fcb03-9be4-4a48-a06d-b66a4c47de76,b8936c8c-5672-43d6-92a6-66a07ea2eb6b,Atlas (Common),Atlas (Common),{},altered_beyond-the-gate_atlas-(common)
9b3c7838-5152-44d1-be5f-8b758c872ef9,item,0,1,"{""obverse"": ""altered_beyond-the-gate_atlas-(faction-rare)"", ""reverse"": ""altered_card-back""}","{""name_printed"": ""Atlas"", ""functional_disambiguator"": ""Faction Rare"", ""number"": ""BTG-052-F"", ""type"": ""Character"", ""subtype"": ""Titan"", ""faction"": ""Ordis"", ""hand_cost"": ""5"", ""reserve_cost"": ""5"", ""abilities"": ""Gigantic. (I am considered present in each of your Expeditions.)"", ""forest"": ""1"", ""mountain"": ""1"", ""water"": ""1"", ""flavor_text"": ""Not even the weight of the sky could make him buckle."", ""artist_names_printed"": ""[\u0022Matteo Spirito\u0022]"", ""item_dimensions"": ""{\u0022height\u0022: \u00223.5\u0022, \u0022width\u0022: \u00222.5\u0022, \u0022unit\u0022: \u0022inch\u0022}""}",b65fcb03-9be4-4a48-a06d-b66a4c47de76,b8936c8c-5672-43d6-92a6-66a07ea2eb6b,Atlas (Faction Rare),Atlas (Faction Rare),{},altered_beyond-the-gate_atlas-(faction-rare)
328c35dd-fcd3-4f6f-9f8d-c8b7fd56f21d,item,0,1,"{""obverse"": ""altered_beyond-the-gate_atlas-(rare)"", ""reverse"": ""altered_card-back""}","{""name_printed"": ""Atlas"", ""functional_disambiguator"": ""Rare"", ""number"": ""BTG-052-R"", ""type"": ""Character"", ""subtype"": ""Titan"", ""faction"": ""Bravos"", ""hand_cost"": ""5"", ""reserve_cost"": ""5"", ""abilities"": ""Gigantic. (I am considered present in each of your Expeditions.)"", ""support_ability"": ""{altered_discard_from_reserve}: The next Character you play this turn gains 2 boosts. (Discard me from Reserve to do this.)"", ""forest"": ""3"", ""mountain"": ""3"", ""water"": ""3"", ""flavor_text"": ""Not even the weight of the sky could make him buckle."", ""artist_names_printed"": ""[\u0022Matteo Spirito\u0022]"", ""item_dimensions"": ""{\u0022height\u0022: \u00223.5\u0022, \u0022width\u0022: \u00222.5\u0022, \u0022unit\u0022: \u0022inch\u0022}""}",b65fcb03-9be4-4a48-a06d-b66a4c47de76,b8936c8c-5672-43d6-92a6-66a07ea2eb6b,Atlas (Rare),Atlas (Rare),{},altered_beyond-the-gate_atlas-(rare)
ab8ef4d8-7b0a-483b-9a12-f37cd861637e,item,0,1,"{""obverse"": ""altered_beyond-the-gate_atsadi-&-surge"", ""reverse"": ""altered_card-back""}","{""name_printed"": ""Atsadi & Surge"", ""number"": ""BTG-032-H"", ""type"": ""Hero"", ""faction"": ""Bravos"", ""abilities"": ""I begin the game with five heroism counters. When you play a Character with Hand Cost greater than or equal to my number of Heroism counters - Draw a card and I gain a Heroism counter."", ""reserve_limit"": ""2"", ""landmark_limit"": ""2"", ""artist_names_printed"": ""[\u0022Nestor Papatriantafyllou\u0022]"", ""item_dimensions"": ""{\u0022height\u0022: \u00223.5\u0022, \u0022width\u0022: \u00222.5\u0022, \u0022unit\u0022: \u0022inch\u0022}""}",b65fcb03-9be4-4a48-a06d-b66a4c47de76,b8936c8c-5672-43d6-92a6-66a07ea2eb6b,Atsadi & Surge,Atsadi & Surge,{},altered_beyond-the-gate_atsadi-&-surge
29d492f6-fc1d-48f6-88c3-4b1eeaaea6d0,item,0,1,"{""obverse"": ""altered_beyond-the-gate_auraq-&-kibble"", ""reverse"": ""altered_card-back""}","{""name_printed"": ""Auraq & Kibble"", ""number"": ""BTG-062-H"", ""type"": ""Hero"", ""faction"": ""Lyra"", ""abilities"": ""When you play a Character with a base statistic of 0 - I gain a Performance counter. At Noon - You may spend five of my Performance counters to reveal the top card of your deck. You may play it for free or put it into your hand. (Don't activate any {altered_trigger_played_hand} triggers.)"", ""reserve_limit"": ""2"", ""landmark_limit"": ""2"", ""artist_names_printed"": ""[\u0022Edward Cheekokseang\u0022]"", ""item_dimensions"": ""{\u0022height\u0022: \u00223.5\u0022, \u0022width\u0022: \u00222.5\u0022, \u0022unit\u0022: \u0022inch\u0022}""}",b65fcb03-9be4-4a48-a06d-b66a4c47de76,b8936c8c-5672-43d6-92a6-66a07ea2eb6b,Auraq & Kibble,Auraq & Kibble,{},altered_beyond-the-gate_auraq-&-kibble
fb346ad1-d90d-439f-870b-1351548340ec,item,0,1,"{""obverse"": ""altered_beyond-the-gate_axiom-reprocessor-(common)"", ""reverse"": ""altered_card-back""}","{""name_printed"": ""Axiom Reprocessor"", ""functional_disambiguator"": ""Common"", ""number"": ""BTG-029-C"", ""type"": ""Permanent"", ""subtype"": ""Landmark"", ""faction"": ""Axiom"", ""hand_cost"": ""4"", ""reserve_cost"": ""4"", ""abilities"": ""At Noon - Resupply. (Put the top card of your deck in Reserve.)"", ""flavor_text"": ""Nothing is created, nothing is lost, everything is transformed."", ""artist_names_printed"": ""[\u0022HuoMiao Studio\u0022]"", ""item_dimensions"": ""{\u0022height\u0022: \u00223.5\u0022, \u0022width\u0022: \u00222.5\u0022, \u0022unit\u0022: \u0022inch\u0022}""}",b65fcb03-9be4-4a48-a06d-b66a4c47de76,b8936c8c-5672-43d6-92a6-66a07ea2eb6b,Axiom Reprocessor (Common),Axiom Reprocessor (Common),{},altered_beyond-the-gate_axiom-reprocessor-(common)
53b1b1ee-86c4-46dc-a88d-23e9d7e00b10,item,0,1,"{""obverse"": ""altered_beyond-the-gate_axiom-reprocessor-(faction-rare)"", ""reverse"": ""altered_card-back""}","{""name_printed"": ""Axiom Reprocessor"", ""functional_disambiguator"": ""Faction Rare"", ""number"": ""BTG-029-F"", ""type"": ""Permanent"", ""subtype"": ""Landmark"", ""faction"": ""Muna"", ""hand_cost"": ""4"", ""reserve_cost"": ""4"", ""abilities"": ""At Noon - Resupply. (Put the top card of your deck in Reserve.)"", ""flavor_text"": ""Nothing is created, nothing is lost, everything is transformed."", ""artist_names_printed"": ""[\u0022HuoMiao Studio\u0022]"", ""item_dimensions"": ""{\u0022height\u0022: \u00223.5\u0022, \u0022width\u0022: \u00222.5\u0022, \u0022unit\u0022: \u0022inch\u0022}""}",b65fcb03-9be4-4a48-a06d-b66a4c47de76,b8936c8c-5672-43d6-92a6-66a07ea2eb6b,Axiom Reprocessor (Faction Rare),Axiom Reprocessor (Faction Rare),{},altered_beyond-the-gate_axiom-reprocessor-(faction-rare)
7b77f8a4-9c72-423c-8270-044429a3b749,item,0,1,"{""obverse"": ""altered_beyond-the-gate_axiom-reprocessor-(rare)"", ""reverse"": ""altered_card-back""}","{""name_printed"": ""Axiom Reprocessor"", ""functional_disambiguator"": ""Rare"", ""number"": ""BTG-029-R"", ""type"": ""Permanent"", ""subtype"": ""Landmark"", ""faction"": ""Axiom"", ""hand_cost"": ""4"", ""reserve_cost"": ""4"", ""abilities"": ""{altered_trigger_played_anywhere} Resupply. At Noon - Resupply. (Put the top card of your deck in Reserve.)"", ""flavor_text"": ""Nothing is created, nothing is lost, everything is transformed."", ""artist_names_printed"": ""[\u0022HuoMiao Studio\u0022]"", ""item_dimensions"": ""{\u0022height\u0022: \u00223.5\u0022, \u0022width\u0022: \u00222.5\u0022, \u0022unit\u0022: \u0022inch\u0022}""}",b65fcb03-9be4-4a48-a06d-b66a4c47de76,b8936c8c-5672-43d6-92a6-66a07ea2eb6b,Axiom Reprocessor (Rare),Axiom Reprocessor (Rare),{},altered_beyond-the-gate_axiom-reprocessor-(rare)
772dae0c-364c-4f64-bd77-7589ec1d1f9b,item,0,1,"{""obverse"": ""altered_beyond-the-gate_axiom-salvager-(common)"", ""reverse"": ""altered_card-back""}","{""name_printed"": ""Axiom Salvager"", ""functional_disambiguator"": ""Common"", ""number"": ""BTG-005-C"", ""type"": ""Character"", ""subtype"": ""Engineer"", ""faction"": ""Axiom"", ""hand_cost"": ""1"", ""reserve_cost"": ""2"", ""abilities"": ""{altered_trigger_played_reserve} Resupply. (Put the top card of your deck in Reserve.)"", ""forest"": ""1"", ""mountain"": ""1"", ""water"": ""1"", ""flavor_text"": ""The Axiom's limited resources pushed them to reuse whatever they could."", ""artist_names_printed"": ""[\u0022Anh Tung\u0022]"", ""item_dimensions"": ""{\u0022height\u0022: \u00223.5\u0022, \u0022width\u0022: \u00222.5\u0022, \u0022unit\u0022: \u0022inch\u0022}""}",b65fcb03-9be4-4a48-a06d-b66a4c47de76,b8936c8c-5672-43d6-92a6-66a07ea2eb6b,Axiom Salvager (Common),Axiom Salvager (Common),{},altered_beyond-the-gate_axiom-salvager-(common)
c07e7ec2-a038-413f-87df-6ab62701d48a,item,0,1,"{""obverse"": ""altered_beyond-the-gate_axiom-salvager-(faction-rare)"", ""reverse"": ""altered_card-back""}","{""name_printed"": ""Axiom Salvager"", ""functional_disambiguator"": ""Faction Rare"", ""number"": ""BTG-005-F"", ""type"": ""Character"", ""subtype"": ""Engineer"", ""faction"": ""Bravos"", ""hand_cost"": ""1"", ""reserve_cost"": ""2"", ""abilities"": ""{altered_trigger_played_reserve} Resupply. (Put the top card of your deck in Reserve.)"", ""forest"": ""1"", ""mountain"": ""1"", ""water"": ""1"", ""flavor_text"": ""The Axiom's limited resources pushed them to reuse whatever they could."", ""artist_names_printed"": ""[\u0022Anh Tung\u0022]"", ""item_dimensions"": ""{\u0022height\u0022: \u00223.5\u0022, \u0022width\u0022: \u00222.5\u0022, \u0022unit\u0022: \u0022inch\u0022}""}",b65fcb03-9be4-4a48-a06d-b66a4c47de76,b8936c8c-5672-43d6-92a6-66a07ea2eb6b,Axiom Salvager (Faction Rare),Axiom Salvager (Faction Rare),{},altered_beyond-the-gate_axiom-salvager-(faction-rare)
e4828210-7bf8-45d3-8816-64f0f4df4c4f,item,0,1,"{""obverse"": ""altered_beyond-the-gate_axiom-salvager-(rare)"", ""reverse"": ""altered_card-back""}","{""name_printed"": ""Axiom Salvager"", ""functional_disambiguator"": ""Rare"", ""number"": ""BTG-005-R"", ""type"": ""Character"", ""subtype"": ""Engineer"", ""faction"": ""Axiom"", ""hand_cost"": ""1"", ""reserve_cost"": ""1"", ""abilities"": ""{altered_trigger_played_reserve} Resupply. (Put the top card of your deck in Reserve.)"", ""forest"": ""1"", ""mountain"": ""1"", ""water"": ""0"", ""flavor_text"": ""The Axiom's limited resources pushed them to reuse whatever they could."", ""artist_names_printed"": ""[\u0022Anh Tung\u0022]"", ""item_dimensions"": ""{\u0022height\u0022: \u00223.5\u0022, \u0022width\u0022: \u00222.5\u0022, \u0022unit\u0022: \u0022inch\u0022}""}",b65fcb03-9be4-4a48-a06d-b66a4c47de76,b8936c8c-5672-43d6-92a6-66a07ea2eb6b,Axiom Salvager (Rare),Axiom Salvager (Rare),{},altered_beyond-the-gate_axiom-salvager-(rare)
e23158d3-9385-4994-a407-c905ea1bec0f,item,0,1,"{""obverse"": ""altered_beyond-the-gate_axiom-scrambler-(common)"", ""reverse"": ""altered_card-back""}","{""name_printed"": ""Axiom Scrambler"", ""functional_disambiguator"": ""Common"", ""number"": ""BTG-016-C"", ""type"": ""Character"", ""subtype"": ""Engineer"", ""faction"": ""Axiom"", ""hand_cost"": ""4"", ""reserve_cost"": ""3"", ""abilities"": ""{altered_trigger_played_hand} Sabotage. (Discard up to one target card from a Reserve.)"", ""forest"": ""2"", ""mountain"": ""4"", ""water"": ""2"", ""flavor_text"": ""Pushing back the Tumult sometimes prevents other Alterers from materializing their Eidolons. Regrettable, but necessary."", ""artist_names_printed"": ""[\u0022HuoMiao Studio\u0022]"", ""item_dimensions"": ""{\u0022height\u0022: \u00223.5\u0022, \u0022width\u0022: \u00222.5\u0022, \u0022unit\u0022: \u0022inch\u0022}""}",b65fcb03-9be4-4a48-a06d-b66a4c47de76,b8936c8c-5672-43d6-92a6-66a07ea2eb6b,Axiom Scrambler (Common),Axiom Scrambler (Common),{},altered_beyond-the-gate_axiom-scrambler-(common)
0a9bff21-c347-4597-a587-aafdfb53ef11,item,0,1,"{""obverse"": ""altered_beyond-the-gate_axiom-scrambler-(faction-rare)"", ""reverse"": ""altered_card-back""}","{""name_printed"": ""Axiom Scrambler"", ""functional_disambiguator"": ""Faction Rare"", ""number"": ""BTG-016-F"", ""type"": ""Character"", ""subtype"": ""Engineer"", ""faction"": ""Muna"", ""hand_cost"": ""4"", ""reserve_cost"": ""3"", ""abilities"": ""{altered_trigger_played_hand} Sabotage. (Discard up to one target card from a Reserve.)"", ""forest"": ""2"", ""mountain"": ""4"", ""water"": ""2"", ""flavor_text"": ""Pushing back the Tumult sometimes prevents other Alterers from materializing their Eidolons. Regrettable, but necessary."", ""artist_names_printed"": ""[\u0022HuoMiao Studio\u0022]"", ""item_dimensions"": ""{\u0022height\u0022: \u00223.5\u0022, \u0022width\u0022: \u00222.5\u0022, \u0022unit\u0022: \u0022inch\u0022}""}",b65fcb03-9be4-4a48-a06d-b66a4c47de76,b8936c8c-5672-43d6-92a6-66a07ea2eb6b,Axiom Scrambler (Faction Rare),Axiom Scrambler (Faction Rare),{},altered_beyond-the-gate_axiom-scrambler-(faction-rare)
9aaddac0-d965-4363-b01b-a57a47f5fc0d,item,0,1,"{""obverse"": ""altered_beyond-the-gate_axiom-scrambler-(rare)"", ""reverse"": ""altered_card-back""}","{""name_printed"": ""Axiom Scrambler"", ""functional_disambiguator"": ""Rare"", ""number"": ""BTG-016-R"", ""type"": ""Character"", ""subtype"": ""Engineer"", ""faction"": ""Axiom"", ""hand_cost"": ""3"", ""reserve_cost"": ""3"", ""abilities"": ""{altered_trigger_played_hand} Sabotage. (Discard up to one target card from a Reserve.)"", ""forest"": ""2"", ""mountain"": ""4"", ""water"": ""2"", ""flavor_text"": ""Pushing back the Tumult sometimes prevents other Alterers from materializing their Eidolons. Regrettable, but necessary."", ""artist_names_printed"": ""[\u0022HuoMiao Studio\u0022]"", ""item_dimensions"": ""{\u0022height\u0022: \u00223.5\u0022, \u0022width\u0022: \u00222.5\u0022, \u0022unit\u0022: \u0022inch\u0022}""}",b65fcb03-9be4-4a48-a06d-b66a4c47de76,b8936c8c-5672-43d6-92a6-66a07ea2eb6b,Axiom Scrambler (Rare),Axiom Scrambler (Rare),{},altered_beyond-the-gate_axiom-scrambler-(rare)
ea08dd78-8bd9-43da-8e7f-b8c2f2aa3eff,item,0,1,"{""obverse"": ""altered_beyond-the-gate_baba-yaga-(common)"", ""reverse"": ""altered_card-back""}","{""name_printed"": ""Baba Yaga"", ""functional_disambiguator"": ""Common"", ""number"": ""BTG-161-C"", ""type"": ""Character"", ""subtype"": ""Mage"", ""faction"": ""Yzmir"", ""hand_cost"": ""3"", ""reserve_cost"": ""2"", ""abilities"": ""{altered_trigger_played_hand} Draw a card."", ""forest"": ""2"", ""mountain"": ""1"", ""water"": ""2"", ""flavor_text"": ""Help or harm? Only the card will tell."", ""artist_names_printed"": ""[\u0022Atanas Lozanski\u0022]"", ""item_dimensions"": ""{\u0022height\u0022: \u00223.5\u0022, \u0022width\u0022: \u00222.5\u0022, \u0022unit\u0022: \u0022inch\u0022}""}",b65fcb03-9be4-4a48-a06d-b66a4c47de76,b8936c8c-5672-43d6-92a6-66a07ea2eb6b,Baba Yaga (Common),Baba Yaga (Common),{},altered_beyond-the-gate_baba-yaga-(common)
316af94f-c9b4-41e5-acae-0b3166b78dad,item,0,1,"{""obverse"": ""altered_beyond-the-gate_baba-yaga-(faction-rare)"", ""reverse"": ""altered_card-back""}","{""name_printed"": ""Baba Yaga"", ""functional_disambiguator"": ""Faction Rare"", ""number"": ""BTG-161-F"", ""type"": ""Character"", ""subtype"": ""Mage"", ""faction"": ""Ordis"", ""hand_cost"": ""3"", ""reserve_cost"": ""2"", ""abilities"": ""{altered_trigger_played_hand} Draw a card."", ""forest"": ""3"", ""mountain"": ""2"", ""water"": ""2"", ""flavor_text"": ""Help or harm? Only the card will tell."", ""artist_names_printed"": ""[\u0022Atanas Lozanski\u0022]"", ""item_dimensions"": ""{\u0022height\u0022: \u00223.5\u0022, \u0022width\u0022: \u00222.5\u0022, \u0022unit\u0022: \u0022inch\u0022}""}",b65fcb03-9be4-4a48-a06d-b66a4c47de76,b8936c8c-5672-43d6-92a6-66a07ea2eb6b,Baba Yaga (Faction Rare),Baba Yaga (Faction Rare),{},altered_beyond-the-gate_baba-yaga-(faction-rare)
2a87cf55-3c01-4f1c-a16a-4f58ebdbc700,item,0,1,"{""obverse"": ""altered_beyond-the-gate_baba-yaga-(rare)"", ""reverse"": ""altered_card-back""}","{""name_printed"": ""Baba Yaga"", ""functional_disambiguator"": ""Rare"", ""number"": ""BTG-161-R"", ""type"": ""Character"", ""subtype"": ""Mage"", ""faction"": ""Yzmir"", ""hand_cost"": ""3"", ""reserve_cost"": ""2"", ""abilities"": ""{altered_trigger_played_hand} Draw a card."", ""forest"": ""3"", ""mountain"": ""2"", ""water"": ""2"", ""flavor_text"": ""Help or harm? Only the card will tell."", ""artist_names_printed"": ""[\u0022Atanas Lozanski\u0022]"", ""item_dimensions"": ""{\u0022height\u0022: \u00223.5\u0022, \u0022width\u0022: \u00222.5\u0022, \u0022unit\u0022: \u0022inch\u0022}""}",b65fcb03-9be4-4a48-a06d-b66a4c47de76,b8936c8c-5672-43d6-92a6-66a07ea2eb6b,Baba Yaga (Rare),Baba Yaga (Rare),{},altered_beyond-the-gate_baba-yaga-(rare)
b050bace-2dca-4773-bf84-1e77054e417d,item,0,1,"{""obverse"": ""altered_beyond-the-gate_baba's-isba-(common)"", ""reverse"": ""altered_card-back""}","{""name_printed"": ""Baba's Isba"", ""functional_disambiguator"": ""Common"", ""number"": ""BTG-178-C"", ""type"": ""Permanent"", ""subtype"": ""Landmark"", ""faction"": ""Yzmir"", ""hand_cost"": ""3"", ""reserve_cost"": ""3"", ""abilities"": ""{altered_trigger_anywhere} Draw a card. {altered_exhaust}, Sacrifice a Character: After You. (End your turn as if you had played a card. You may still play cards later this Day.)"", ""flavor_text"": ""Boney Legs, she's called, and her hut is one reason why."", ""artist_names_printed"": ""[\u0022Taras Susak\u0022]"", ""item_dimensions"": ""{\u0022height\u0022: \u00223.5\u0022, \u0022width\u0022: \u00222.5\u0022, \u0022unit\u0022: \u0022inch\u0022}""}",b65fcb03-9be4-4a48-a06d-b66a4c47de76,b8936c8c-5672-43d6-92a6-66a07ea2eb6b,Baba's Isba (Common),Baba's Isba (Common),{},altered_beyond-the-gate_baba's-isba-(common)
f30b002d-23db-4c5d-8cdf-b232ed3b9b01,item,0,1,"{""obverse"": ""altered_beyond-the-gate_baba's-isba-(faction-rare)"", ""reverse"": ""altered_card-back""}","{""name_printed"": ""Baba's Isba"", ""functional_disambiguator"": ""Faction Rare"", ""number"": ""BTG-178-F"", ""type"": ""Permanent"", ""subtype"": ""Landmark"", ""faction"": ""Ordis"", ""hand_cost"": ""3"", ""reserve_cost"": ""3"", ""abilities"": ""{altered_trigger_anywhere} Draw a card. {altered_exhaust}, Sacrifice a Character: After You. (End your turn as if you had played a card. You may still play cards later this Day.)"", ""flavor_text"": ""Boney Legs, she's called, and her hut is one reason why."", ""artist_names_printed"": ""[\u0022Taras Susak\u0022]"", ""item_dimensions"": ""{\u0022height\u0022: \u00223.5\u0022, \u0022width\u0022: \u00222.5\u0022, \u0022unit\u0022: \u0022inch\u0022}""}",b65fcb03-9be4-4a48-a06d-b66a4c47de76,b8936c8c-5672-43d6-92a6-66a07ea2eb6b,Baba's Isba (Faction Rare),Baba's Isba (Faction Rare),{},altered_beyond-the-gate_baba's-isba-(faction-rare)
f1427626-201d-4a04-a58b-29fe949745db,item,0,1,"{""obverse"": ""altered_beyond-the-gate_baba's-isba-(rare)"", ""reverse"": ""altered_card-back""}","{""name_printed"": ""Baba's Isba"", ""functional_disambiguator"": ""Rare"", ""number"": ""BTG-178-R"", ""type"": ""Permanent"", ""subtype"": ""Landmark"", ""faction"": ""Yzmir"", ""hand_cost"": ""2"", ""reserve_cost"": ""2"", ""abilities"": ""{altered_trigger_anywhere} Draw a card. {altered_exhaust}, Sacrifice a Character: After You. (End your turn as if you had played a card. You may still play cards later this Day.)"", ""flavor_text"": ""Boney Legs, she's called, and her hut is one reason why."", ""artist_names_printed"": ""[\u0022Taras Susak\u0022]"", ""item_dimensions"": ""{\u0022height\u0022: \u00223.5\u0022, \u0022width\u0022: \u00222.5\u0022, \u0022unit\u0022: \u0022inch\u0022}""}",b65fcb03-9be4-4a48-a06d-b66a4c47de76,b8936c8c-5672-43d6-92a6-66a07ea2eb6b,Baba's Isba (Rare),Baba's Isba (Rare),{},altered_beyond-the-gate_baba's-isba-(rare)
91308055-c891-441d-b857-54bec8e60316,item,0,0,"{""obverse"": ""altered_beyond-the-gate_baku-(common)"", ""reverse"": ""altered_card-back""}","{""name_printed"": ""Baku"", ""functional_disambiguator"": ""Common"", ""number"": ""BTG-163-C"", ""type"": ""Character"", ""subtype"": ""Spirit"", ""item_dimensions"": ""{\u0022height\u0022: \u00223.5\u0022, \u0022width\u0022: \u00222.5\u0022, \u0022unit\u0022: \u0022inch\u0022}""}",b65fcb03-9be4-4a48-a06d-b66a4c47de76,b8936c8c-5672-43d6-92a6-66a07ea2eb6b,Baku (Common),Baku (Common),{},altered_beyond-the-gate_baku-(common)
6571489f-e5c5-42ce-b460-d19101056741,item,0,0,"{""obverse"": ""altered_beyond-the-gate_baku-(faction-rare)"", ""reverse"": ""altered_card-back""}","{""name_printed"": ""Baku"", ""functional_disambiguator"": ""Faction Rare"", ""number"": ""BTG-163-F"", ""type"": ""Character"", ""subtype"": ""Spirit"", ""item_dimensions"": ""{\u0022height\u0022: \u00223.5\u0022, \u0022width\u0022: \u00222.5\u0022, \u0022unit\u0022: \u0022inch\u0022}""}",b65fcb03-9be4-4a48-a06d-b66a4c47de76,b8936c8c-5672-43d6-92a6-66a07ea2eb6b,Baku (Faction Rare),Baku (Faction Rare),{},altered_beyond-the-gate_baku-(faction-rare)
02079536-6ba5-4203-b5b5-cecf94fd621b,item,0,0,"{""obverse"": ""altered_beyond-the-gate_baku-(rare)"", ""reverse"": ""altered_card-back""}","{""name_printed"": ""Baku"", ""functional_disambiguator"": ""Rare"", ""number"": ""BTG-163-R"", ""type"": ""Character"", ""subtype"": ""Spirit"", ""item_dimensions"": ""{\u0022height\u0022: \u00223.5\u0022, \u0022width\u0022: \u00222.5\u0022, \u0022unit\u0022: \u0022inch\u0022}""}",b65fcb03-9be4-4a48-a06d-b66a4c47de76,b8936c8c-5672-43d6-92a6-66a07ea2eb6b,Baku (Rare),Baku (Rare),{},altered_beyond-the-gate_baku-(rare)
10805e93-1a69-48e6-a07f-3bff1d1a29f2,item,0,0,"{""obverse"": ""altered_beyond-the-gate_banishing-gate-(common)"", ""reverse"": ""altered_card-back""}","{""name_printed"": ""Banishing Gate"", ""functional_disambiguator"": ""Common"", ""number"": ""BTG-174-C"", ""type"": ""Spell"", ""subtype"": ""Disruption"", ""item_dimensions"": ""{\u0022height\u0022: \u00223.5\u0022, \u0022width\u0022: \u00222.5\u0022, \u0022unit\u0022: \u0022inch\u0022}""}",b65fcb03-9be4-4a48-a06d-b66a4c47de76,b8936c8c-5672-43d6-92a6-66a07ea2eb6b,Banishing Gate (Common),Banishing Gate (Common),{},altered_beyond-the-gate_banishing-gate-(common)
fa54bdd9-2b71-4dce-bef3-6e5edd963216,item,0,0,"{""obverse"": ""altered_beyond-the-gate_banishing-gate-(faction-rare)"", ""reverse"": ""altered_card-back""}","{""name_printed"": ""Banishing Gate"", ""functional_disambiguator"": ""Faction Rare"", ""number"": ""BTG-174-F"", ""type"": ""Spell"", ""subtype"": ""Disruption"", ""item_dimensions"": ""{\u0022height\u0022: \u00223.5\u0022, \u0022width\u0022: \u00222.5\u0022, \u0022unit\u0022: \u0022inch\u0022}""}",b65fcb03-9be4-4a48-a06d-b66a4c47de76,b8936c8c-5672-43d6-92a6-66a07ea2eb6b,Banishing Gate (Faction Rare),Banishing Gate (Faction Rare),{},altered_beyond-the-gate_banishing-gate-(faction-rare)
737e17e6-a926-4d12-9e9f-80c4a3f470f6,item,0,0,"{""obverse"": ""altered_beyond-the-gate_banishing-gate-(rare)"", ""reverse"": ""altered_card-back""}","{""name_printed"": ""Banishing Gate"", ""functional_disambiguator"": ""Rare"", ""number"": ""BTG-174-R"", ""type"": ""Spell"", ""subtype"": ""Disruption"", ""item_dimensions"": ""{\u0022height\u0022: \u00223.5\u0022, \u0022width\u0022: \u00222.5\u0022, \u0022unit\u0022: \u0022inch\u0022}""}",b65fcb03-9be4-4a48-a06d-b66a4c47de76,b8936c8c-5672-43d6-92a6-66a07ea2eb6b,Banishing Gate (Rare),Banishing Gate (Rare),{},altered_beyond-the-gate_banishing-gate-(rare)
29ff0916-a8c2-4d56-913b-9b1a50d7d8b9,item,0,0,"{""obverse"": ""altered_beyond-the-gate_basira-&-kaizaimon"", ""reverse"": ""altered_card-back""}","{""name_printed"": ""Basira & Kaizaimon"", ""number"": ""BTG-033-H"", ""type"": ""Hero"", ""item_dimensions"": ""{\u0022height\u0022: \u00223.5\u0022, \u0022width\u0022: \u00222.5\u0022, \u0022unit\u0022: \u0022inch\u0022}""}",b65fcb03-9be4-4a48-a06d-b66a4c47de76,b8936c8c-5672-43d6-92a6-66a07ea2eb6b,Basira & Kaizaimon,Basira & Kaizaimon,{},altered_beyond-the-gate_basira-&-kaizaimon
c3103170-d7b5-495e-8cff-4b9121d91d0e,item,0,0,"{""obverse"": ""altered_beyond-the-gate_beauty-sleep-(common)"", ""reverse"": ""altered_card-back""}","{""name_printed"": ""Beauty Sleep"", ""functional_disambiguator"": ""Common"", ""number"": ""BTG-115-C"", ""type"": ""Spell"", ""subtype"": ""Disruption"", ""item_dimensions"": ""{\u0022height\u0022: \u00223.5\u0022, \u0022width\u0022: \u00222.5\u0022, \u0022unit\u0022: \u0022inch\u0022}""}",b65fcb03-9be4-4a48-a06d-b66a4c47de76,b8936c8c-5672-43d6-92a6-66a07ea2eb6b,Beauty Sleep (Common),Beauty Sleep (Common),{},altered_beyond-the-gate_beauty-sleep-(common)
9aa76b18-281e-4d0e-b359-f9f3415fc0d6,item,0,0,"{""obverse"": ""altered_beyond-the-gate_beauty-sleep-(faction-rare)"", ""reverse"": ""altered_card-back""}","{""name_printed"": ""Beauty Sleep"", ""functional_disambiguator"": ""Faction Rare"", ""number"": ""BTG-115-F"", ""type"": ""Spell"", ""subtype"": ""Disruption"", ""item_dimensions"": ""{\u0022height\u0022: \u00223.5\u0022, \u0022width\u0022: \u00222.5\u0022, \u0022unit\u0022: \u0022inch\u0022}""}",b65fcb03-9be4-4a48-a06d-b66a4c47de76,b8936c8c-5672-43d6-92a6-66a07ea2eb6b,Beauty Sleep (Faction Rare),Beauty Sleep (Faction Rare),{},altered_beyond-the-gate_beauty-sleep-(faction-rare)
a67febbe-071b-4fca-b707-212ed5cd23ca,item,0,0,"{""obverse"": ""altered_beyond-the-gate_beauty-sleep-(rare)"", ""reverse"": ""altered_card-back""}","{""name_printed"": ""Beauty Sleep"", ""functional_disambiguator"": ""Rare"", ""number"": ""BTG-115-R"", ""type"": ""Spell"", ""subtype"": ""Disruption"", ""item_dimensions"": ""{\u0022height\u0022: \u00223.5\u0022, \u0022width\u0022: \u00222.5\u0022, \u0022unit\u0022: \u0022inch\u0022}""}",b65fcb03-9be4-4a48-a06d-b66a4c47de76,b8936c8c-5672-43d6-92a6-66a07ea2eb6b,Beauty Sleep (Rare),Beauty Sleep (Rare),{},altered_beyond-the-gate_beauty-sleep-(rare)
65ed999b-10bf-42ad-b21b-2eeb62143705,item,0,0,"{""obverse"": ""altered_beyond-the-gate_booda"", ""reverse"": ""altered_card-back""}","{""name_printed"": ""Booda"", ""number"": ""BTG-182-T"", ""type"": ""Token Character"", ""subtype"": ""Companion"", ""item_dimensions"": ""{\u0022height\u0022: \u00223.5\u0022, \u0022width\u0022: \u00222.5\u0022, \u0022unit\u0022: \u0022inch\u0022}""}",b65fcb03-9be4-4a48-a06d-b66a4c47de76,b8936c8c-5672-43d6-92a6-66a07ea2eb6b,Booda,Booda,{},altered_beyond-the-gate_booda
5f4d623b-331a-45ee-9fac-0d7eb819f67c,item,0,0,"{""obverse"": ""altered_beyond-the-gate_boom!-(common)"", ""reverse"": ""altered_card-back""}","{""name_printed"": ""Boom!"", ""functional_disambiguator"": ""Common"", ""number"": ""BTG-022-C"", ""type"": ""Spell"", ""subtype"": ""Disruption"", ""item_dimensions"": ""{\u0022height\u0022: \u00223.5\u0022, \u0022width\u0022: \u00222.5\u0022, \u0022unit\u0022: \u0022inch\u0022}""}",b65fcb03-9be4-4a48-a06d-b66a4c47de76,b8936c8c-5672-43d6-92a6-66a07ea2eb6b,Boom! (Common),Boom! (Common),{},altered_beyond-the-gate_boom!-(common)
86f59d6a-46b4-4e4c-a219-6f05ce2031dc,item,0,0,"{""obverse"": ""altered_beyond-the-gate_boom!-(faction-rare)"", ""reverse"": ""altered_card-back""}","{""name_printed"": ""Boom!"", ""functional_disambiguator"": ""Faction Rare"", ""number"": ""BTG-022-F"", ""type"": ""Spell"", ""subtype"": ""Disruption"", ""item_dimensions"": ""{\u0022height\u0022: \u00223.5\u0022, \u0022width\u0022: \u00222.5\u0022, \u0022unit\u0022: \u0022inch\u0022}""}",b65fcb03-9be4-4a48-a06d-b66a4c47de76,b8936c8c-5672-43d6-92a6-66a07ea2eb6b,Boom! (Faction Rare),Boom! (Faction Rare),{},altered_beyond-the-gate_boom!-(faction-rare)
99787e10-d656-4ece-ab68-a503b1194627,item,0,0,"{""obverse"": ""altered_beyond-the-gate_boom!-(rare)"", ""reverse"": ""altered_card-back""}","{""name_printed"": ""Boom!"", ""functional_disambiguator"": ""Rare"", ""number"": ""BTG-022-R"", ""type"": ""Spell"", ""subtype"": ""Disruption"", ""item_dimensions"": ""{\u0022height\u0022: \u00223.5\u0022, \u0022width\u0022: \u00222.5\u0022, \u0022unit\u0022: \u0022inch\u0022}""}",b65fcb03-9be4-4a48-a06d-b66a4c47de76,b8936c8c-5672-43d6-92a6-66a07ea2eb6b,Boom! (Rare),Boom! (Rare),{},altered_beyond-the-gate_boom!-(rare)
5433eb3c-6653-423b-89c4-c27c25b297ea,item,0,0,"{""obverse"": ""altered_beyond-the-gate_bountiful-meadow-(common)"", ""reverse"": ""altered_card-back""}","{""name_printed"": ""Bountiful Meadow"", ""functional_disambiguator"": ""Common"", ""number"": ""BTG-119-C"", ""type"": ""Permanent"", ""subtype"": ""Landmark"", ""item_dimensions"": ""{\u0022height\u0022: \u00223.5\u0022, \u0022width\u0022: \u00222.5\u0022, \u0022unit\u0022: \u0022inch\u0022}""}",b65fcb03-9be4-4a48-a06d-b66a4c47de76,b8936c8c-5672-43d6-92a6-66a07ea2eb6b,Bountiful Meadow (Common),Bountiful Meadow (Common),{},altered_beyond-the-gate_bountiful-meadow-(common)
dffc426c-80bc-4426-8828-bb6502653113,item,0,0,"{""obverse"": ""altered_beyond-the-gate_bountiful-meadow-(faction-rare)"", ""reverse"": ""altered_card-back""}","{""name_printed"": ""Bountiful Meadow"", ""functional_disambiguator"": ""Faction Rare"", ""number"": ""BTG-119-F"", ""type"": ""Permanent"", ""subtype"": ""Landmark"", ""item_dimensions"": ""{\u0022height\u0022: \u00223.5\u0022, \u0022width\u0022: \u00222.5\u0022, \u0022unit\u0022: \u0022inch\u0022}""}",b65fcb03-9be4-4a48-a06d-b66a4c47de76,b8936c8c-5672-43d6-92a6-66a07ea2eb6b,Bountiful Meadow (Faction Rare),Bountiful Meadow (Faction Rare),{},altered_beyond-the-gate_bountiful-meadow-(faction-rare)
a440d82c-b30c-41a1-8308-dfa5a04bec82,item,0,0,"{""obverse"": ""altered_beyond-the-gate_bountiful-meadow-(rare)"", ""reverse"": ""altered_card-back""}","{""name_printed"": ""Bountiful Meadow"", ""functional_disambiguator"": ""Rare"", ""number"": ""BTG-119-R"", ""type"": ""Permanent"", ""subtype"": ""Landmark"", ""item_dimensions"": ""{\u0022height\u0022: \u00223.5\u0022, \u0022width\u0022: \u00222.5\u0022, \u0022unit\u0022: \u0022inch\u0022}""}",b65fcb03-9be4-4a48-a06d-b66a4c47de76,b8936c8c-5672-43d6-92a6-66a07ea2eb6b,Bountiful Meadow (Rare),Bountiful Meadow (Rare),{},altered_beyond-the-gate_bountiful-meadow-(rare)
0cbbc768-7e41-4c8b-b8ca-8855ff59d06e,item,0,0,"{""obverse"": ""altered_beyond-the-gate_brassbug"", ""reverse"": ""altered_card-back""}","{""name_printed"": ""Brassbug"", ""number"": ""BTG-181-T"", ""item_dimensions"": ""{\u0022height\u0022: \u00223.5\u0022, \u0022width\u0022: \u00222.5\u0022, \u0022unit\u0022: \u0022inch\u0022}""}",b65fcb03-9be4-4a48-a06d-b66a4c47de76,b8936c8c-5672-43d6-92a6-66a07ea2eb6b,Brassbug,Brassbug,{},altered_beyond-the-gate_brassbug
0da694d9-7a8a-484e-8d28-6d29ff13630e,item,0,0,"{""obverse"": ""altered_beyond-the-gate_brassbug-hive-(common)"", ""reverse"": ""altered_card-back""}","{""name_printed"": ""Brassbug Hive"", ""functional_disambiguator"": ""Common"", ""number"": ""BTG-030-C"", ""item_dimensions"": ""{\u0022height\u0022: \u00223.5\u0022, \u0022width\u0022: \u00222.5\u0022, \u0022unit\u0022: \u0022inch\u0022}""}",b65fcb03-9be4-4a48-a06d-b66a4c47de76,b8936c8c-5672-43d6-92a6-66a07ea2eb6b,Brassbug Hive (Common),Brassbug Hive (Common),{},altered_beyond-the-gate_brassbug-hive-(common)
c910f9c4-9985-4f0a-9b87-753d7c8a0196,item,0,0,"{""obverse"": ""altered_beyond-the-gate_brassbug-hive-(faction-rare)"", ""reverse"": ""altered_card-back""}","{""name_printed"": ""Brassbug Hive"", ""functional_disambiguator"": ""Faction Rare"", ""number"": ""BTG-030-F"", ""item_dimensions"": ""{\u0022height\u0022: \u00223.5\u0022, \u0022width\u0022: \u00222.5\u0022, \u0022unit\u0022: \u0022inch\u0022}""}",b65fcb03-9be4-4a48-a06d-b66a4c47de76,b8936c8c-5672-43d6-92a6-66a07ea2eb6b,Brassbug Hive (Faction Rare),Brassbug Hive (Faction Rare),{},altered_beyond-the-gate_brassbug-hive-(faction-rare)
09e70a30-b61c-4b09-b00d-b7047caaac58,item,0,0,"{""obverse"": ""altered_beyond-the-gate_brassbug-hive-(rare)"", ""reverse"": ""altered_card-back""}","{""name_printed"": ""Brassbug Hive"", ""functional_disambiguator"": ""Rare"", ""number"": ""BTG-030-R"", ""item_dimensions"": ""{\u0022height\u0022: \u00223.5\u0022, \u0022width\u0022: \u00222.5\u0022, \u0022unit\u0022: \u0022inch\u0022}""}",b65fcb03-9be4-4a48-a06d-b66a4c47de76,b8936c8c-5672-43d6-92a6-66a07ea2eb6b,Brassbug Hive (Rare),Brassbug Hive (Rare),{},altered_beyond-the-gate_brassbug-hive-(rare)
3c16ad34-8eb6-4676-996a-274d16e3c608,item,0,0,"{""obverse"": ""altered_beyond-the-gate_brassbug-hub-(common)"", ""reverse"": ""altered_card-back""}","{""name_printed"": ""Brassbug Hub"", ""functional_disambiguator"": ""Common"", ""number"": ""BTG-026-C"", ""item_dimensions"": ""{\u0022height\u0022: \u00223.5\u0022, \u0022width\u0022: \u00222.5\u0022, \u0022unit\u0022: \u0022inch\u0022}""}",b65fcb03-9be4-4a48-a06d-b66a4c47de76,b8936c8c-5672-43d6-92a6-66a07ea2eb6b,Brassbug Hub (Common),Brassbug Hub (Common),{},altered_beyond-the-gate_brassbug-hub-(common)
2cd107a2-906f-41a9-a40f-968907921385,item,0,0,"{""obverse"": ""altered_beyond-the-gate_brassbug-hub-(faction-rare)"", ""reverse"": ""altered_card-back""}","{""name_printed"": ""Brassbug Hub"", ""functional_disambiguator"": ""Faction Rare"", ""number"": ""BTG-026-F"", ""item_dimensions"": ""{\u0022height\u0022: \u00223.5\u0022, \u0022width\u0022: \u00222.5\u0022, \u0022unit\u0022: \u0022inch\u0022}""}",b65fcb03-9be4-4a48-a06d-b66a4c47de76,b8936c8c-5672-43d6-92a6-66a07ea2eb6b,Brassbug Hub (Faction Rare),Brassbug Hub (Faction Rare),{},altered_beyond-the-gate_brassbug-hub-(faction-rare)
e2e21fc7-5749-4648-a8fe-dd6736fc833f,item,0,0,"{""obverse"": ""altered_beyond-the-gate_brassbug-hub-(rare)"", ""reverse"": ""altered_card-back""}","{""name_printed"": ""Brassbug Hub"", ""functional_disambiguator"": ""Rare"", ""number"": ""BTG-026-R"", ""item_dimensions"": ""{\u0022height\u0022: \u00223.5\u0022, \u0022width\u0022: \u00222.5\u0022, \u0022unit\u0022: \u0022inch\u0022}""}",b65fcb03-9be4-4a48-a06d-b66a4c47de76,b8936c8c-5672-43d6-92a6-66a07ea2eb6b,Brassbug Hub (Rare),Brassbug Hub (Rare),{},altered_beyond-the-gate_brassbug-hub-(rare)
30afc0d9-ab45-4f34-961f-9c47686b92e3,item,0,0,"{""obverse"": ""altered_beyond-the-gate_bravos-bladedancer-(common)"", ""reverse"": ""altered_card-back""}","{""name_printed"": ""Bravos Bladedancer"", ""functional_disambiguator"": ""Common"", ""number"": ""BTG-035-C"", ""item_dimensions"": ""{\u0022height\u0022: \u00223.5\u0022, \u0022width\u0022: \u00222.5\u0022, \u0022unit\u0022: \u0022inch\u0022}""}",b65fcb03-9be4-4a48-a06d-b66a4c47de76,b8936c8c-5672-43d6-92a6-66a07ea2eb6b,Bravos Bladedancer (Common),Bravos Bladedancer (Common),{},altered_beyond-the-gate_bravos-bladedancer-(common)
88c595ae-2ff3-4462-8bc4-b2c0069ba091,item,0,0,"{""obverse"": ""altered_beyond-the-gate_bravos-bladedancer-(faction-rare)"", ""reverse"": ""altered_card-back""}","{""name_printed"": ""Bravos Bladedancer"", ""functional_disambiguator"": ""Faction Rare"", ""number"": ""BTG-035-F"", ""item_dimensions"": ""{\u0022height\u0022: \u00223.5\u0022, \u0022width\u0022: \u00222.5\u0022, \u0022unit\u0022: \u0022inch\u0022}""}",b65fcb03-9be4-4a48-a06d-b66a4c47de76,b8936c8c-5672-43d6-92a6-66a07ea2eb6b,Bravos Bladedancer (Faction Rare),Bravos Bladedancer (Faction Rare),{},altered_beyond-the-gate_bravos-bladedancer-(faction-rare)
0a861a3d-ba02-4b35-9928-4e9df81fc339,item,0,0,"{""obverse"": ""altered_beyond-the-gate_bravos-bladedancer-(rare)"", ""reverse"": ""altered_card-back""}","{""name_printed"": ""Bravos Bladedancer"", ""functional_disambiguator"": ""Rare"", ""number"": ""BTG-035-R"", ""item_dimensions"": ""{\u0022height\u0022: \u00223.5\u0022, \u0022width\u0022: \u00222.5\u0022, \u0022unit\u0022: \u0022inch\u0022}""}",b65fcb03-9be4-4a48-a06d-b66a4c47de76,b8936c8c-5672-43d6-92a6-66a07ea2eb6b,Bravos Bladedancer (Rare),Bravos Bladedancer (Rare),{},altered_beyond-the-gate_bravos-bladedancer-(rare)
4d0fe25f-18ce-4133-b482-393ff0e69d4c,item,0,0,"{""obverse"": ""altered_beyond-the-gate_bravos-pathfinder-(common)"", ""reverse"": ""altered_card-back""}","{""name_printed"": ""Bravos Pathfinder"", ""functional_disambiguator"": ""Common"", ""number"": ""BTG-037-C"", ""item_dimensions"": ""{\u0022height\u0022: \u00223.5\u0022, \u0022width\u0022: \u00222.5\u0022, \u0022unit\u0022: \u0022inch\u0022}""}",b65fcb03-9be4-4a48-a06d-b66a4c47de76,b8936c8c-5672-43d6-92a6-66a07ea2eb6b,Bravos Pathfinder (Common),Bravos Pathfinder (Common),{},altered_beyond-the-gate_bravos-pathfinder-(common)
d07ff640-9be0-4dcb-9d7e-7b1e8c49431a,item,0,0,"{""obverse"": ""altered_beyond-the-gate_bravos-pathfinder-(faction-rare)"", ""reverse"": ""altered_card-back""}","{""name_printed"": ""Bravos Pathfinder"", ""functional_disambiguator"": ""Faction Rare"", ""number"": ""BTG-037-F"", ""item_dimensions"": ""{\u0022height\u0022: \u00223.5\u0022, \u0022width\u0022: \u00222.5\u0022, \u0022unit\u0022: \u0022inch\u0022}""}",b65fcb03-9be4-4a48-a06d-b66a4c47de76,b8936c8c-5672-43d6-92a6-66a07ea2eb6b,Bravos Pathfinder (Faction Rare),Bravos Pathfinder (Faction Rare),{},altered_beyond-the-gate_bravos-pathfinder-(faction-rare)
32951b26-8e41-423a-9ab0-5dbbed874278,item,0,0,"{""obverse"": ""altered_beyond-the-gate_bravos-pathfinder-(rare)"", ""reverse"": ""altered_card-back""}","{""name_printed"": ""Bravos Pathfinder"", ""functional_disambiguator"": ""Rare"", ""number"": ""BTG-037-R"", ""item_dimensions"": ""{\u0022height\u0022: \u00223.5\u0022, \u0022width\u0022: \u00222.5\u0022, \u0022unit\u0022: \u0022inch\u0022}""}",b65fcb03-9be4-4a48-a06d-b66a4c47de76,b8936c8c-5672-43d6-92a6-66a07ea2eb6b,Bravos Pathfinder (Rare),Bravos Pathfinder (Rare),{},altered_beyond-the-gate_bravos-pathfinder-(rare)
0c9a922a-e426-44d1-aa7a-344d112c9d89,item,0,0,"{""obverse"": ""altered_beyond-the-gate_bravos-tracer-(common)"", ""reverse"": ""altered_card-back""}","{""name_printed"": ""Bravos Tracer"", ""functional_disambiguator"": ""Common"", ""number"": ""BTG-038-C"", ""item_dimensions"": ""{\u0022height\u0022: \u00223.5\u0022, \u0022width\u0022: \u00222.5\u0022, \u0022unit\u0022: \u0022inch\u0022}""}",b65fcb03-9be4-4a48-a06d-b66a4c47de76,b8936c8c-5672-43d6-92a6-66a07ea2eb6b,Bravos Tracer (Common),Bravos Tracer (Common),{},altered_beyond-the-gate_bravos-tracer-(common)
df504d06-e489-42fa-b468-08690ac1208e,item,0,0,"{""obverse"": ""altered_beyond-the-gate_bravos-tracer-(faction-rare)"", ""reverse"": ""altered_card-back""}","{""name_printed"": ""Bravos Tracer"", ""functional_disambiguator"": ""Faction Rare"", ""number"": ""BTG-038-F"", ""item_dimensions"": ""{\u0022height\u0022: \u00223.5\u0022, \u0022width\u0022: \u00222.5\u0022, \u0022unit\u0022: \u0022inch\u0022}""}",b65fcb03-9be4-4a48-a06d-b66a4c47de76,b8936c8c-5672-43d6-92a6-66a07ea2eb6b,Bravos Tracer (Faction Rare),Bravos Tracer (Faction Rare),{},altered_beyond-the-gate_bravos-tracer-(faction-rare)
044bbaec-c89a-4acb-b627-8390f14f3bff,item,0,0,"{""obverse"": ""altered_beyond-the-gate_bravos-tracer-(rare)"", ""reverse"": ""altered_card-back""}","{""name_printed"": ""Bravos Tracer"", ""functional_disambiguator"": ""Rare"", ""number"": ""BTG-038-R"", ""item_dimensions"": ""{\u0022height\u0022: \u00223.5\u0022, \u0022width\u0022: \u00222.5\u0022, \u0022unit\u0022: \u0022inch\u0022}""}",b65fcb03-9be4-4a48-a06d-b66a4c47de76,b8936c8c-5672-43d6-92a6-66a07ea2eb6b,Bravos Tracer (Rare),Bravos Tracer (Rare),{},altered_beyond-the-gate_bravos-tracer-(rare)
399d6f32-0585-4faf-a1bc-6f531913fc59,item,0,0,"{""obverse"": ""altered_beyond-the-gate_bravos-vanguard-(common)"", ""reverse"": ""altered_card-back""}","{""name_printed"": ""Bravos Vanguard"", ""functional_disambiguator"": ""Common"", ""number"": ""BTG-043-C"", ""item_dimensions"": ""{\u0022height\u0022: \u00223.5\u0022, \u0022width\u0022: \u00222.5\u0022, \u0022unit\u0022: \u0022inch\u0022}""}",b65fcb03-9be4-4a48-a06d-b66a4c47de76,b8936c8c-5672-43d6-92a6-66a07ea2eb6b,Bravos Vanguard (Common),Bravos Vanguard (Common),{},altered_beyond-the-gate_bravos-vanguard-(common)
fd0a089c-d693-40ff-af3e-3adb2af901db,item,0,0,"{""obverse"": ""altered_beyond-the-gate_bravos-vanguard-(faction-rare)"", ""reverse"": ""altered_card-back""}","{""name_printed"": ""Bravos Vanguard"", ""functional_disambiguator"": ""Faction Rare"", ""number"": ""BTG-043-F"", ""item_dimensions"": ""{\u0022height\u0022: \u00223.5\u0022, \u0022width\u0022: \u00222.5\u0022, \u0022unit\u0022: \u0022inch\u0022}""}",b65fcb03-9be4-4a48-a06d-b66a4c47de76,b8936c8c-5672-43d6-92a6-66a07ea2eb6b,Bravos Vanguard (Faction Rare),Bravos Vanguard (Faction Rare),{},altered_beyond-the-gate_bravos-vanguard-(faction-rare)
2eb2b024-3b3d-4935-b85c-a2ef007fa09f,item,0,0,"{""obverse"": ""altered_beyond-the-gate_bravos-vanguard-(rare)"", ""reverse"": ""altered_card-back""}","{""name_printed"": ""Bravos Vanguard"", ""functional_disambiguator"": ""Rare"", ""number"": ""BTG-043-R"", ""item_dimensions"": ""{\u0022height\u0022: \u00223.5\u0022, \u0022width\u0022: \u00222.5\u0022, \u0022unit\u0022: \u0022inch\u0022}""}",b65fcb03-9be4-4a48-a06d-b66a4c47de76,b8936c8c-5672-43d6-92a6-66a07ea2eb6b,Bravos Vanguard (Rare),Bravos Vanguard (Rare),{},altered_beyond-the-gate_bravos-vanguard-(rare)
7efb4cee-782f-4059-92db-fa8ebc917c6a,item,0,0,"{""obverse"": ""altered_beyond-the-gate_celebration-day-(common)"", ""reverse"": ""altered_card-back""}","{""name_printed"": ""Celebration Day"", ""functional_disambiguator"": ""Common"", ""number"": ""BTG-146-C"", ""item_dimensions"": ""{\u0022height\u0022: \u00223.5\u0022, \u0022width\u0022: \u00222.5\u0022, \u0022unit\u0022: \u0022inch\u0022}""}",b65fcb03-9be4-4a48-a06d-b66a4c47de76,b8936c8c-5672-43d6-92a6-66a07ea2eb6b,Celebration Day (Common),Celebration Day (Common),{},altered_beyond-the-gate_celebration-day-(common)
a19ccf43-a6e4-4bbb-8ff0-e0a48c64f832,item,0,0,"{""obverse"": ""altered_beyond-the-gate_celebration-day-(faction-rare)"", ""reverse"": ""altered_card-back""}","{""name_printed"": ""Celebration Day"", ""functional_disambiguator"": ""Faction Rare"", ""number"": ""BTG-146-F"", ""item_dimensions"": ""{\u0022height\u0022: \u00223.5\u0022, \u0022width\u0022: \u00222.5\u0022, \u0022unit\u0022: \u0022inch\u0022}""}",b65fcb03-9be4-4a48-a06d-b66a4c47de76,b8936c8c-5672-43d6-92a6-66a07ea2eb6b,Celebration Day (Faction Rare),Celebration Day (Faction Rare),{},altered_beyond-the-gate_celebration-day-(faction-rare)
f9d7d1b2-0bc4-40de-ab8a-87c7e6544db8,item,0,0,"{""obverse"": ""altered_beyond-the-gate_celebration-day-(rare)"", ""reverse"": ""altered_card-back""}","{""name_printed"": ""Celebration Day"", ""functional_disambiguator"": ""Rare"", ""number"": ""BTG-146-R"", ""item_dimensions"": ""{\u0022height\u0022: \u00223.5\u0022, \u0022width\u0022: \u00222.5\u0022, \u0022unit\u0022: \u0022inch\u0022}""}",b65fcb03-9be4-4a48-a06d-b66a4c47de76,b8936c8c-5672-43d6-92a6-66a07ea2eb6b,Celebration Day (Rare),Celebration Day (Rare),{},altered_beyond-the-gate_celebration-day-(rare)
081ffc3e-4af6-45d0-8e12-1fa62329b735,item,0,0,"{""obverse"": ""altered_beyond-the-gate_celestial-blast-(common)"", ""reverse"": ""altered_card-back""}","{""name_printed"": ""Celestial Blast"", ""functional_disambiguator"": ""Common"", ""number"": ""BTG-177-C"", ""item_dimensions"": ""{\u0022height\u0022: \u00223.5\u0022, \u0022width\u0022: \u00222.5\u0022, \u0022unit\u0022: \u0022inch\u0022}""}",b65fcb03-9be4-4a48-a06d-b66a4c47de76,b8936c8c-5672-43d6-92a6-66a07ea2eb6b,Celestial Blast (Common),Celestial Blast (Common),{},altered_beyond-the-gate_celestial-blast-(common)
70189916-fb21-49f7-b624-fddf4e490b83,item,0,0,"{""obverse"": ""altered_beyond-the-gate_celestial-blast-(faction-rare)"", ""reverse"": ""altered_card-back""}","{""name_printed"": ""Celestial Blast"", ""functional_disambiguator"": ""Faction Rare"", ""number"": ""BTG-177-F"", ""item_dimensions"": ""{\u0022height\u0022: \u00223.5\u0022, \u0022width\u0022: \u00222.5\u0022, \u0022unit\u0022: \u0022inch\u0022}""}",b65fcb03-9be4-4a48-a06d-b66a4c47de76,b8936c8c-5672-43d6-92a6-66a07ea2eb6b,Celestial Blast (Faction Rare),Celestial Blast (Faction Rare),{},altered_beyond-the-gate_celestial-blast-(faction-rare)
b2e7987e-d881-446d-9597-e04bad96ddb3,item,0,0,"{""obverse"": ""altered_beyond-the-gate_celestial-blast-(rare)"", ""reverse"": ""altered_card-back""}","{""name_printed"": ""Celestial Blast"", ""functional_disambiguator"": ""Rare"", ""number"": ""BTG-177-R"", ""item_dimensions"": ""{\u0022height\u0022: \u00223.5\u0022, \u0022width\u0022: \u00222.5\u0022, \u0022unit\u0022: \u0022inch\u0022}""}",b65fcb03-9be4-4a48-a06d-b66a4c47de76,b8936c8c-5672-43d6-92a6-66a07ea2eb6b,Celestial Blast (Rare),Celestial Blast (Rare),{},altered_beyond-the-gate_celestial-blast-(rare)
310e9727-9ca6-4d35-af6e-2697c0d8a117,item,0,0,"{""obverse"": ""altered_beyond-the-gate_cernunnos-(common)"", ""reverse"": ""altered_card-back""}","{""name_printed"": ""Cernunnos"", ""functional_disambiguator"": ""Common"", ""number"": ""BTG-108-C"", ""item_dimensions"": ""{\u0022height\u0022: \u00223.5\u0022, \u0022width\u0022: \u00222.5\u0022, \u0022unit\u0022: \u0022inch\u0022}""}",b65fcb03-9be4-4a48-a06d-b66a4c47de76,b8936c8c-5672-43d6-92a6-66a07ea2eb6b,Cernunnos (Common),Cernunnos (Common),{},altered_beyond-the-gate_cernunnos-(common)
e65b0bd9-7e80-4a57-ae8f-0ba4925f445d,item,0,0,"{""obverse"": ""altered_beyond-the-gate_cernunnos-(faction-rare)"", ""reverse"": ""altered_card-back""}","{""name_printed"": ""Cernunnos"", ""functional_disambiguator"": ""Faction Rare"", ""number"": ""BTG-108-F"", ""item_dimensions"": ""{\u0022height\u0022: \u00223.5\u0022, \u0022width\u0022: \u00222.5\u0022, \u0022unit\u0022: \u0022inch\u0022}""}",b65fcb03-9be4-4a48-a06d-b66a4c47de76,b8936c8c-5672-43d6-92a6-66a07ea2eb6b,Cernunnos (Faction Rare),Cernunnos (Faction Rare),{},altered_beyond-the-gate_cernunnos-(faction-rare)
2db4f6b3-07af-44be-9197-e42c6b569bc5,item,0,0,"{""obverse"": ""altered_beyond-the-gate_cernunnos-(rare)"", ""reverse"": ""altered_card-back""}","{""name_printed"": ""Cernunnos"", ""functional_disambiguator"": ""Rare"", ""number"": ""BTG-108-R"", ""item_dimensions"": ""{\u0022height\u0022: \u00223.5\u0022, \u0022width\u0022: \u00222.5\u0022, \u0022unit\u0022: \u0022inch\u0022}""}",b65fcb03-9be4-4a48-a06d-b66a4c47de76,b8936c8c-5672-43d6-92a6-66a07ea2eb6b,Cernunnos (Rare),Cernunnos (Rare),{},altered_beyond-the-gate_cernunnos-(rare)
f8a287df-1a14-4903-94bb-94d7c2880bf6,item,0,0,"{""obverse"": ""altered_beyond-the-gate_charge!-(common)"", ""reverse"": ""altered_card-back""}","{""name_printed"": ""Charge!"", ""functional_disambiguator"": ""Common"", ""number"": ""BTG-143-C"", ""item_dimensions"": ""{\u0022height\u0022: \u00223.5\u0022, \u0022width\u0022: \u00222.5\u0022, \u0022unit\u0022: \u0022inch\u0022}""}",b65fcb03-9be4-4a48-a06d-b66a4c47de76,b8936c8c-5672-43d6-92a6-66a07ea2eb6b,Charge! (Common),Charge! (Common),{},altered_beyond-the-gate_charge!-(common)
dcd15ed5-f06d-4b31-a363-e2e943b81d90,item,0,0,"{""obverse"": ""altered_beyond-the-gate_charge!-(faction-rare)"", ""reverse"": ""altered_card-back""}","{""name_printed"": ""Charge!"", ""functional_disambiguator"": ""Faction Rare"", ""number"": ""BTG-143-F"", ""item_dimensions"": ""{\u0022height\u0022: \u00223.5\u0022, \u0022width\u0022: \u00222.5\u0022, \u0022unit\u0022: \u0022inch\u0022}""}",b65fcb03-9be4-4a48-a06d-b66a4c47de76,b8936c8c-5672-43d6-92a6-66a07ea2eb6b,Charge! (Faction Rare),Charge! (Faction Rare),{},altered_beyond-the-gate_charge!-(faction-rare)
8dc35c14-e63b-4b4e-aefc-ee3d0c2e4aa5,item,0,0,"{""obverse"": ""altered_beyond-the-gate_charge!-(rare)"", ""reverse"": ""altered_card-back""}","{""name_printed"": ""Charge!"", ""functional_disambiguator"": ""Rare"", ""number"": ""BTG-143-R"", ""item_dimensions"": ""{\u0022height\u0022: \u00223.5\u0022, \u0022width\u0022: \u00222.5\u0022, \u0022unit\u0022: \u0022inch\u0022}""}",b65fcb03-9be4-4a48-a06d-b66a4c47de76,b8936c8c-5672-43d6-92a6-66a07ea2eb6b,Charge! (Rare),Charge! (Rare),{},altered_beyond-the-gate_charge!-(rare)
a97ade30-8a18-4b72-8609-a0fc3b6ef3c5,item,0,0,"{""obverse"": ""altered_beyond-the-gate_chiron-(common)"", ""reverse"": ""altered_card-back""}","{""name_printed"": ""Chiron"", ""functional_disambiguator"": ""Common"", ""number"": ""BTG-039-C"", ""item_dimensions"": ""{\u0022height\u0022: \u00223.5\u0022, \u0022width\u0022: \u00222.5\u0022, \u0022unit\u0022: \u0022inch\u0022}""}",b65fcb03-9be4-4a48-a06d-b66a4c47de76,b8936c8c-5672-43d6-92a6-66a07ea2eb6b,Chiron (Common),Chiron (Common),{},altered_beyond-the-gate_chiron-(common)
2474a9f5-1694-4065-bb50-dba006f354dc,item,0,0,"{""obverse"": ""altered_beyond-the-gate_chiron-(faction-rare)"", ""reverse"": ""altered_card-back""}","{""name_printed"": ""Chiron"", ""functional_disambiguator"": ""Faction Rare"", ""number"": ""BTG-039-F"", ""item_dimensions"": ""{\u0022height\u0022: \u00223.5\u0022, \u0022width\u0022: \u00222.5\u0022, \u0022unit\u0022: \u0022inch\u0022}""}",b65fcb03-9be4-4a48-a06d-b66a4c47de76,b8936c8c-5672-43d6-92a6-66a07ea2eb6b,Chiron (Faction Rare),Chiron (Faction Rare),{},altered_beyond-the-gate_chiron-(faction-rare)
ad237feb-6a84-43e0-8de5-5139b783009f,item,0,0,"{""obverse"": ""altered_beyond-the-gate_chiron-(rare)"", ""reverse"": ""altered_card-back""}","{""name_printed"": ""Chiron"", ""functional_disambiguator"": ""Rare"", ""number"": ""BTG-039-R"", ""item_dimensions"": ""{\u0022height\u0022: \u00223.5\u0022, \u0022width\u0022: \u00222.5\u0022, \u0022unit\u0022: \u0022inch\u0022}""}",b65fcb03-9be4-4a48-a06d-b66a4c47de76,b8936c8c-5672-43d6-92a6-66a07ea2eb6b,Chiron (Rare),Chiron (Rare),{},altered_beyond-the-gate_chiron-(rare)
75c53883-3f37-4a6d-a566-26529757f86d,item,0,0,"{""obverse"": ""altered_beyond-the-gate_cloth-cocoon-(common)"", ""reverse"": ""altered_card-back""}","{""name_printed"": ""Cloth Cocoon"", ""functional_disambiguator"": ""Common"", ""number"": ""BTG-086-C"", ""item_dimensions"": ""{\u0022height\u0022: \u00223.5\u0022, \u0022width\u0022: \u00222.5\u0022, \u0022unit\u0022: \u0022inch\u0022}""}",b65fcb03-9be4-4a48-a06d-b66a4c47de76,b8936c8c-5672-43d6-92a6-66a07ea2eb6b,Cloth Cocoon (Common),Cloth Cocoon (Common),{},altered_beyond-the-gate_cloth-cocoon-(common)
26d8fd87-1993-4d47-a364-2ea941efed5a,item,0,0,"{""obverse"": ""altered_beyond-the-gate_cloth-cocoon-(faction-rare)"", ""reverse"": ""altered_card-back""}","{""name_printed"": ""Cloth Cocoon"", ""functional_disambiguator"": ""Faction Rare"", ""number"": ""BTG-086-F"", ""item_dimensions"": ""{\u0022height\u0022: \u00223.5\u0022, \u0022width\u0022: \u00222.5\u0022, \u0022unit\u0022: \u0022inch\u0022}""}",b65fcb03-9be4-4a48-a06d-b66a4c47de76,b8936c8c-5672-43d6-92a6-66a07ea2eb6b,Cloth Cocoon (Faction Rare),Cloth Cocoon (Faction Rare),{},altered_beyond-the-gate_cloth-cocoon-(faction-rare)
93595ad8-1f9b-495d-9d5d-4ceed09a9294,item,0,0,"{""obverse"": ""altered_beyond-the-gate_cloth-cocoon-(rare)"", ""reverse"": ""altered_card-back""}","{""name_printed"": ""Cloth Cocoon"", ""functional_disambiguator"": ""Rare"", ""number"": ""BTG-086-R"", ""item_dimensions"": ""{\u0022height\u0022: \u00223.5\u0022, \u0022width\u0022: \u00222.5\u0022, \u0022unit\u0022: \u0022inch\u0022}""}",b65fcb03-9be4-4a48-a06d-b66a4c47de76,b8936c8c-5672-43d6-92a6-66a07ea2eb6b,Cloth Cocoon (Rare),Cloth Cocoon (Rare),{},altered_beyond-the-gate_cloth-cocoon-(rare)
cd43b661-9cfa-4626-80a7-0a800fced66e,item,0,0,"{""obverse"": ""altered_beyond-the-gate_common-foiler"", ""reverse"": ""altered_card-back""}","{""name_printed"": ""Common Foiler"", ""item_dimensions"": ""{\u0022height\u0022: \u00223.5\u0022, \u0022width\u0022: \u00222.5\u0022, \u0022unit\u0022: \u0022inch\u0022}""}",b65fcb03-9be4-4a48-a06d-b66a4c47de76,b8936c8c-5672-43d6-92a6-66a07ea2eb6b,Common Foiler,Common Foiler,{},altered_beyond-the-gate_common-foiler
8cd54555-8737-40cb-a316-20fed5aa1bd8,item,0,0,"{""obverse"": ""altered_beyond-the-gate_coniferal-coneman-(common)"", ""reverse"": ""altered_card-back""}","{""name_printed"": ""Coniferal Coneman"", ""functional_disambiguator"": ""Common"", ""number"": ""BTG-111-C"", ""item_dimensions"": ""{\u0022height\u0022: \u00223.5\u0022, \u0022width\u0022: \u00222.5\u0022, \u0022unit\u0022: \u0022inch\u0022}""}",b65fcb03-9be4-4a48-a06d-b66a4c47de76,b8936c8c-5672-43d6-92a6-66a07ea2eb6b,Coniferal Coneman (Common),Coniferal Coneman (Common),{},altered_beyond-the-gate_coniferal-coneman-(common)
5b3855a4-8bfa-4c26-847b-eac7121417a1,item,0,0,"{""obverse"": ""altered_beyond-the-gate_coniferal-coneman-(faction-rare)"", ""reverse"": ""altered_card-back""}","{""name_printed"": ""Coniferal Coneman"", ""functional_disambiguator"": ""Faction Rare"", ""number"": ""BTG-111-F"", ""item_dimensions"": ""{\u0022height\u0022: \u00223.5\u0022, \u0022width\u0022: \u00222.5\u0022, \u0022unit\u0022: \u0022inch\u0022}""}",b65fcb03-9be4-4a48-a06d-b66a4c47de76,b8936c8c-5672-43d6-92a6-66a07ea2eb6b,Coniferal Coneman (Faction Rare),Coniferal Coneman (Faction Rare),{},altered_beyond-the-gate_coniferal-coneman-(faction-rare)
bd786c67-1354-431e-b7cd-31652042bc93,item,0,0,"{""obverse"": ""altered_beyond-the-gate_coniferal-coneman-(rare)"", ""reverse"": ""altered_card-back""}","{""name_printed"": ""Coniferal Coneman"", ""functional_disambiguator"": ""Rare"", ""number"": ""BTG-111-R"", ""item_dimensions"": ""{\u0022height\u0022: \u00223.5\u0022, \u0022width\u0022: \u00222.5\u0022, \u0022unit\u0022: \u0022inch\u0022}""}",b65fcb03-9be4-4a48-a06d-b66a4c47de76,b8936c8c-5672-43d6-92a6-66a07ea2eb6b,Coniferal Coneman (Rare),Coniferal Coneman (Rare),{},altered_beyond-the-gate_coniferal-coneman-(rare)
37b87acb-4cd0-4bdd-939f-4a68528f0f31,item,0,0,"{""obverse"": ""altered_beyond-the-gate_conjuring-seal-(common)"", ""reverse"": ""altered_card-back""}","{""name_printed"": ""Conjuring Seal"", ""functional_disambiguator"": ""Common"", ""number"": ""BTG-173-C"", ""item_dimensions"": ""{\u0022height\u0022: \u00223.5\u0022, \u0022width\u0022: \u00222.5\u0022, \u0022unit\u0022: \u0022inch\u0022}""}",b65fcb03-9be4-4a48-a06d-b66a4c47de76,b8936c8c-5672-43d6-92a6-66a07ea2eb6b,Conjuring Seal (Common),Conjuring Seal (Common),{},altered_beyond-the-gate_conjuring-seal-(common)
79f06745-4f5a-4846-bc31-438e9a486573,item,0,0,"{""obverse"": ""altered_beyond-the-gate_conjuring-seal-(faction-rare)"", ""reverse"": ""altered_card-back""}","{""name_printed"": ""Conjuring Seal"", ""functional_disambiguator"": ""Faction Rare"", ""number"": ""BTG-173-F"", ""item_dimensions"": ""{\u0022height\u0022: \u00223.5\u0022, \u0022width\u0022: \u00222.5\u0022, \u0022unit\u0022: \u0022inch\u0022}""}",b65fcb03-9be4-4a48-a06d-b66a4c47de76,b8936c8c-5672-43d6-92a6-66a07ea2eb6b,Conjuring Seal (Faction Rare),Conjuring Seal (Faction Rare),{},altered_beyond-the-gate_conjuring-seal-(faction-rare)
a99c04ff-6f78-4393-aa14-bb911ca787c9,item,0,0,"{""obverse"": ""altered_beyond-the-gate_conjuring-seal-(rare)"", ""reverse"": ""altered_card-back""}","{""name_printed"": ""Conjuring Seal"", ""functional_disambiguator"": ""Rare"", ""number"": ""BTG-173-R"", ""item_dimensions"": ""{\u0022height\u0022: \u00223.5\u0022, \u0022width\u0022: \u00222.5\u0022, \u0022unit\u0022: \u0022inch\u0022}""}",b65fcb03-9be4-4a48-a06d-b66a4c47de76,b8936c8c-5672-43d6-92a6-66a07ea2eb6b,Conjuring Seal (Rare),Conjuring Seal (Rare),{},altered_beyond-the-gate_conjuring-seal-(rare)
a012398f-06de-4433-b070-00113e06fd54,item,0,0,"{""obverse"": ""altered_beyond-the-gate_coppélia-(common)"", ""reverse"": ""altered_card-back""}","{""name_printed"": ""Coppélia"", ""functional_disambiguator"": ""Common"", ""number"": ""BTG-007-C"", ""item_dimensions"": ""{\u0022height\u0022: \u00223.5\u0022, \u0022width\u0022: \u00222.5\u0022, \u0022unit\u0022: \u0022inch\u0022}""}",b65fcb03-9be4-4a48-a06d-b66a4c47de76,b8936c8c-5672-43d6-92a6-66a07ea2eb6b,Coppélia (Common),Coppélia (Common),{},altered_beyond-the-gate_coppélia-(common)
cfedaaa7-8654-4b98-bab6-500041dcfc9b,item,0,0,"{""obverse"": ""altered_beyond-the-gate_coppélia-(faction-rare)"", ""reverse"": ""altered_card-back""}","{""name_printed"": ""Coppélia"", ""functional_disambiguator"": ""Faction Rare"", ""number"": ""BTG-007-F"", ""item_dimensions"": ""{\u0022height\u0022: \u00223.5\u0022, \u0022width\u0022: \u00222.5\u0022, \u0022unit\u0022: \u0022inch\u0022}""}",b65fcb03-9be4-4a48-a06d-b66a4c47de76,b8936c8c-5672-43d6-92a6-66a07ea2eb6b,Coppélia (Faction Rare),Coppélia (Faction Rare),{},altered_beyond-the-gate_coppélia-(faction-rare)
eda6aebb-9fde-4732-84b7-c0d2d0caf5b4,item,0,0,"{""obverse"": ""altered_beyond-the-gate_coppélia-(rare)"", ""reverse"": ""altered_card-back""}","{""name_printed"": ""Coppélia"", ""functional_disambiguator"": ""Rare"", ""number"": ""BTG-007-R"", ""item_dimensions"": ""{\u0022height\u0022: \u00223.5\u0022, \u0022width\u0022: \u00222.5\u0022, \u0022unit\u0022: \u0022inch\u0022}""}",b65fcb03-9be4-4a48-a06d-b66a4c47de76,b8936c8c-5672-43d6-92a6-66a07ea2eb6b,Coppélia (Rare),Coppélia (Rare),{},altered_beyond-the-gate_coppélia-(rare)
262d5f3b-dc76-48bf-b05e-8ad74208b381,item,0,0,"{""obverse"": ""altered_beyond-the-gate_daughter-of-yggdrasil-(common)"", ""reverse"": ""altered_card-back""}","{""name_printed"": ""Daughter of Yggdrasil"", ""functional_disambiguator"": ""Common"", ""number"": ""BTG-104-C"", ""item_dimensions"": ""{\u0022height\u0022: \u00223.5\u0022, \u0022width\u0022: \u00222.5\u0022, \u0022unit\u0022: \u0022inch\u0022}""}",b65fcb03-9be4-4a48-a06d-b66a4c47de76,b8936c8c-5672-43d6-92a6-66a07ea2eb6b,Daughter of Yggdrasil (Common),Daughter of Yggdrasil (Common),{},altered_beyond-the-gate_daughter-of-yggdrasil-(common)
c5dd759e-3329-4b5a-bddd-4357fedd1fa8,item,0,0,"{""obverse"": ""altered_beyond-the-gate_daughter-of-yggdrasil-(faction-rare)"", ""reverse"": ""altered_card-back""}","{""name_printed"": ""Daughter of Yggdrasil"", ""functional_disambiguator"": ""Faction Rare"", ""number"": ""BTG-104-F"", ""item_dimensions"": ""{\u0022height\u0022: \u00223.5\u0022, \u0022width\u0022: \u00222.5\u0022, \u0022unit\u0022: \u0022inch\u0022}""}",b65fcb03-9be4-4a48-a06d-b66a4c47de76,b8936c8c-5672-43d6-92a6-66a07ea2eb6b,Daughter of Yggdrasil (Faction Rare),Daughter of Yggdrasil (Faction Rare),{},altered_beyond-the-gate_daughter-of-yggdrasil-(faction-rare)
4da59d8f-a835-4b52-8fad-cb79352b0446,item,0,0,"{""obverse"": ""altered_beyond-the-gate_daughter-of-yggdrasil-(rare)"", ""reverse"": ""altered_card-back""}","{""name_printed"": ""Daughter of Yggdrasil"", ""functional_disambiguator"": ""Rare"", ""number"": ""BTG-104-R"", ""item_dimensions"": ""{\u0022height\u0022: \u00223.5\u0022, \u0022width\u0022: \u00222.5\u0022, \u0022unit\u0022: \u0022inch\u0022}""}",b65fcb03-9be4-4a48-a06d-b66a4c47de76,b8936c8c-5672-43d6-92a6-66a07ea2eb6b,Daughter of Yggdrasil (Rare),Daughter of Yggdrasil (Rare),{},altered_beyond-the-gate_daughter-of-yggdrasil-(rare)
4aca9228-14fa-4341-a9b9-b59c88731a2b,item,0,0,"{""obverse"": ""altered_beyond-the-gate_dorothy-gale-(common)"", ""reverse"": ""altered_card-back""}","{""name_printed"": ""Dorothy Gale"", ""functional_disambiguator"": ""Common"", ""number"": ""BTG-166-C"", ""item_dimensions"": ""{\u0022height\u0022: \u00223.5\u0022, \u0022width\u0022: \u00222.5\u0022, \u0022unit\u0022: \u0022inch\u0022}""}",b65fcb03-9be4-4a48-a06d-b66a4c47de76,b8936c8c-5672-43d6-92a6-66a07ea2eb6b,Dorothy Gale (Common),Dorothy Gale (Common),{},altered_beyond-the-gate_dorothy-gale-(common)
f29a7144-ce58-48d7-a76f-f00804d80db0,item,0,0,"{""obverse"": ""altered_beyond-the-gate_dorothy-gale-(faction-rare)"", ""reverse"": ""altered_card-back""}","{""name_printed"": ""Dorothy Gale"", ""functional_disambiguator"": ""Faction Rare"", ""number"": ""BTG-166-F"", ""item_dimensions"": ""{\u0022height\u0022: \u00223.5\u0022, \u0022width\u0022: \u00222.5\u0022, \u0022unit\u0022: \u0022inch\u0022}""}",b65fcb03-9be4-4a48-a06d-b66a4c47de76,b8936c8c-5672-43d6-92a6-66a07ea2eb6b,Dorothy Gale (Faction Rare),Dorothy Gale (Faction Rare),{},altered_beyond-the-gate_dorothy-gale-(faction-rare)
923c23de-cbf7-4974-8600-a6133f9b4b52,item,0,0,"{""obverse"": ""altered_beyond-the-gate_dorothy-gale-(rare)"", ""reverse"": ""altered_card-back""}","{""name_printed"": ""Dorothy Gale"", ""functional_disambiguator"": ""Rare"", ""number"": ""BTG-166-R"", ""item_dimensions"": ""{\u0022height\u0022: \u00223.5\u0022, \u0022width\u0022: \u00222.5\u0022, \u0022unit\u0022: \u0022inch\u0022}""}",b65fcb03-9be4-4a48-a06d-b66a4c47de76,b8936c8c-5672-43d6-92a6-66a07ea2eb6b,Dorothy Gale (Rare),Dorothy Gale (Rare),{},altered_beyond-the-gate_dorothy-gale-(rare)
0e11fe99-ddd7-409d-8512-7963378a40df,item,0,0,"{""obverse"": ""altered_beyond-the-gate_dr--frankenstein-(common)"", ""reverse"": ""altered_card-back""}","{""name_printed"": ""Dr. Frankenstein"", ""functional_disambiguator"": ""Common"", ""number"": ""BTG-017-C"", ""item_dimensions"": ""{\u0022height\u0022: \u00223.5\u0022, \u0022width\u0022: \u00222.5\u0022, \u0022unit\u0022: \u0022inch\u0022}""}",b65fcb03-9be4-4a48-a06d-b66a4c47de76,b8936c8c-5672-43d6-92a6-66a07ea2eb6b,Dr. Frankenstein (Common),Dr. Frankenstein (Common),{},altered_beyond-the-gate_dr--frankenstein-(common)
4a181b62-d8c8-4b36-8f40-3e25633d49bc,item,0,0,"{""obverse"": ""altered_beyond-the-gate_dr--frankenstein-(faction-rare)"", ""reverse"": ""altered_card-back""}","{""name_printed"": ""Dr. Frankenstein"", ""functional_disambiguator"": ""Faction Rare"", ""number"": ""BTG-017-F"", ""item_dimensions"": ""{\u0022height\u0022: \u00223.5\u0022, \u0022width\u0022: \u00222.5\u0022, \u0022unit\u0022: \u0022inch\u0022}""}",b65fcb03-9be4-4a48-a06d-b66a4c47de76,b8936c8c-5672-43d6-92a6-66a07ea2eb6b,Dr. Frankenstein (Faction Rare),Dr. Frankenstein (Faction Rare),{},altered_beyond-the-gate_dr--frankenstein-(faction-rare)
46d3bbd5-1292-433a-83f4-f4ac513d20bb,item,0,0,"{""obverse"": ""altered_beyond-the-gate_dr--frankenstein-(rare)"", ""reverse"": ""altered_card-back""}","{""name_printed"": ""Dr. Frankenstein"", ""functional_disambiguator"": ""Rare"", ""number"": ""BTG-017-R"", ""item_dimensions"": ""{\u0022height\u0022: \u00223.5\u0022, \u0022width\u0022: \u00222.5\u0022, \u0022unit\u0022: \u0022inch\u0022}""}",b65fcb03-9be4-4a48-a06d-b66a4c47de76,b8936c8c-5672-43d6-92a6-66a07ea2eb6b,Dr. Frankenstein (Rare),Dr. Frankenstein (Rare),{},altered_beyond-the-gate_dr--frankenstein-(rare)
27ed6d09-ec0d-460f-a097-30833eb66255,item,0,0,"{""obverse"": ""altered_beyond-the-gate_dracaena-(common)"", ""reverse"": ""altered_card-back""}","{""name_printed"": ""Dracaena"", ""functional_disambiguator"": ""Common"", ""number"": ""BTG-105-C"", ""item_dimensions"": ""{\u0022height\u0022: \u00223.5\u0022, \u0022width\u0022: \u00222.5\u0022, \u0022unit\u0022: \u0022inch\u0022}""}",b65fcb03-9be4-4a48-a06d-b66a4c47de76,b8936c8c-5672-43d6-92a6-66a07ea2eb6b,Dracaena (Common),Dracaena (Common),{},altered_beyond-the-gate_dracaena-(common)
faadd0ca-840f-462a-8565-f53dc49dd651,item,0,0,"{""obverse"": ""altered_beyond-the-gate_dracaena-(faction-rare)"", ""reverse"": ""altered_card-back""}","{""name_printed"": ""Dracaena"", ""functional_disambiguator"": ""Faction Rare"", ""number"": ""BTG-105-F"", ""item_dimensions"": ""{\u0022height\u0022: \u00223.5\u0022, \u0022width\u0022: \u00222.5\u0022, \u0022unit\u0022: \u0022inch\u0022}""}",b65fcb03-9be4-4a48-a06d-b66a4c47de76,b8936c8c-5672-43d6-92a6-66a07ea2eb6b,Dracaena (Faction Rare),Dracaena (Faction Rare),{},altered_beyond-the-gate_dracaena-(faction-rare)
e15950b5-e612-4b14-88d4-b06fb5d3faee,item,0,0,"{""obverse"": ""altered_beyond-the-gate_dracaena-(rare)"", ""reverse"": ""altered_card-back""}","{""name_printed"": ""Dracaena"", ""functional_disambiguator"": ""Rare"", ""number"": ""BTG-105-R"", ""item_dimensions"": ""{\u0022height\u0022: \u00223.5\u0022, \u0022width\u0022: \u00222.5\u0022, \u0022unit\u0022: \u0022inch\u0022}""}",b65fcb03-9be4-4a48-a06d-b66a4c47de76,b8936c8c-5672-43d6-92a6-66a07ea2eb6b,Dracaena (Rare),Dracaena (Rare),{},altered_beyond-the-gate_dracaena-(rare)
722a1acf-074e-427e-bb2a-3fa30c7bcf63,item,0,0,"{""obverse"": ""altered_beyond-the-gate_esmeralda-(common)"", ""reverse"": ""altered_card-back""}","{""name_printed"": ""Esmeralda"", ""functional_disambiguator"": ""Common"", ""number"": ""BTG-066-C"", ""item_dimensions"": ""{\u0022height\u0022: \u00223.5\u0022, \u0022width\u0022: \u00222.5\u0022, \u0022unit\u0022: \u0022inch\u0022}""}",b65fcb03-9be4-4a48-a06d-b66a4c47de76,b8936c8c-5672-43d6-92a6-66a07ea2eb6b,Esmeralda (Common),Esmeralda (Common),{},altered_beyond-the-gate_esmeralda-(common)
27c40cc1-ab54-404e-8ff5-4aa7cb667319,item,0,0,"{""obverse"": ""altered_beyond-the-gate_esmeralda-(faction-rare)"", ""reverse"": ""altered_card-back""}","{""name_printed"": ""Esmeralda"", ""functional_disambiguator"": ""Faction Rare"", ""number"": ""BTG-066-F"", ""item_dimensions"": ""{\u0022height\u0022: \u00223.5\u0022, \u0022width\u0022: \u00222.5\u0022, \u0022unit\u0022: \u0022inch\u0022}""}",b65fcb03-9be4-4a48-a06d-b66a4c47de76,b8936c8c-5672-43d6-92a6-66a07ea2eb6b,Esmeralda (Faction Rare),Esmeralda (Faction Rare),{},altered_beyond-the-gate_esmeralda-(faction-rare)
7af6dd96-e311-443a-b637-0ad339d863c2,item,0,0,"{""obverse"": ""altered_beyond-the-gate_esmeralda-(rare)"", ""reverse"": ""altered_card-back""}","{""name_printed"": ""Esmeralda"", ""functional_disambiguator"": ""Rare"", ""number"": ""BTG-066-R"", ""item_dimensions"": ""{\u0022height\u0022: \u00223.5\u0022, \u0022width\u0022: \u00222.5\u0022, \u0022unit\u0022: \u0022inch\u0022}""}",b65fcb03-9be4-4a48-a06d-b66a4c47de76,b8936c8c-5672-43d6-92a6-66a07ea2eb6b,Esmeralda (Rare),Esmeralda (Rare),{},altered_beyond-the-gate_esmeralda-(rare)
c14bb5f6-e68f-424f-8c84-9ba0d499cb94,item,0,0,"{""obverse"": ""altered_beyond-the-gate_fen-&-crowbar"", ""reverse"": ""altered_card-back""}","{""name_printed"": ""Fen & Crowbar"", ""number"": ""BTG-063-H"", ""item_dimensions"": ""{\u0022height\u0022: \u00223.5\u0022, \u0022width\u0022: \u00222.5\u0022, \u0022unit\u0022: \u0022inch\u0022}""}",b65fcb03-9be4-4a48-a06d-b66a4c47de76,b8936c8c-5672-43d6-92a6-66a07ea2eb6b,Fen & Crowbar,Fen & Crowbar,{},altered_beyond-the-gate_fen-&-crowbar
9d25eb20-c084-4bc7-98dc-814e11880042,item,0,0,"{""obverse"": ""altered_beyond-the-gate_flamel-(common)"", ""reverse"": ""altered_card-back""}","{""name_printed"": ""Flamel"", ""functional_disambiguator"": ""Common"", ""number"": ""BTG-164-C"", ""item_dimensions"": ""{\u0022height\u0022: \u00223.5\u0022, \u0022width\u0022: \u00222.5\u0022, \u0022unit\u0022: \u0022inch\u0022}""}",b65fcb03-9be4-4a48-a06d-b66a4c47de76,b8936c8c-5672-43d6-92a6-66a07ea2eb6b,Flamel (Common),Flamel (Common),{},altered_beyond-the-gate_flamel-(common)
9a3eca6b-60ee-4d6a-90a7-d8fb8b639eae,item,0,0,"{""obverse"": ""altered_beyond-the-gate_flamel-(faction-rare)"", ""reverse"": ""altered_card-back""}","{""name_printed"": ""Flamel"", ""functional_disambiguator"": ""Faction Rare"", ""number"": ""BTG-164-F"", ""item_dimensions"": ""{\u0022height\u0022: \u00223.5\u0022, \u0022width\u0022: \u00222.5\u0022, \u0022unit\u0022: \u0022inch\u0022}""}",b65fcb03-9be4-4a48-a06d-b66a4c47de76,b8936c8c-5672-43d6-92a6-66a07ea2eb6b,Flamel (Faction Rare),Flamel (Faction Rare),{},altered_beyond-the-gate_flamel-(faction-rare)
8040c15d-c7e4-45e5-8cfa-f37a5506b0f7,item,0,0,"{""obverse"": ""altered_beyond-the-gate_flamel-(rare)"", ""reverse"": ""altered_card-back""}","{""name_printed"": ""Flamel"", ""functional_disambiguator"": ""Rare"", ""number"": ""BTG-164-R"", ""item_dimensions"": ""{\u0022height\u0022: \u00223.5\u0022, \u0022width\u0022: \u00222.5\u0022, \u0022unit\u0022: \u0022inch\u0022}""}",b65fcb03-9be4-4a48-a06d-b66a4c47de76,b8936c8c-5672-43d6-92a6-66a07ea2eb6b,Flamel (Rare),Flamel (Rare),{},altered_beyond-the-gate_flamel-(rare)
dfec8d60-77e4-49f8-b3eb-8cf241b5c92b,item,0,0,"{""obverse"": ""altered_beyond-the-gate_foundry-armorer-(common)"", ""reverse"": ""altered_card-back""}","{""name_printed"": ""Foundry Armorer"", ""functional_disambiguator"": ""Common"", ""number"": ""BTG-013-C"", ""item_dimensions"": ""{\u0022height\u0022: \u00223.5\u0022, \u0022width\u0022: \u00222.5\u0022, \u0022unit\u0022: \u0022inch\u0022}""}",b65fcb03-9be4-4a48-a06d-b66a4c47de76,b8936c8c-5672-43d6-92a6-66a07ea2eb6b,Foundry Armorer (Common),Foundry Armorer (Common),{},altered_beyond-the-gate_foundry-armorer-(common)
7e2b530b-b065-4a5e-b4bf-02bea95e31c8,item,0,0,"{""obverse"": ""altered_beyond-the-gate_foundry-armorer-(faction-rare)"", ""reverse"": ""altered_card-back""}","{""name_printed"": ""Foundry Armorer"", ""functional_disambiguator"": ""Faction Rare"", ""number"": ""BTG-013-F"", ""item_dimensions"": ""{\u0022height\u0022: \u00223.5\u0022, \u0022width\u0022: \u00222.5\u0022, \u0022unit\u0022: \u0022inch\u0022}""}",b65fcb03-9be4-4a48-a06d-b66a4c47de76,b8936c8c-5672-43d6-92a6-66a07ea2eb6b,Foundry Armorer (Faction Rare),Foundry Armorer (Faction Rare),{},altered_beyond-the-gate_foundry-armorer-(faction-rare)
1ac8fb64-5a52-4dfd-9085-8a3b0d138e22,item,0,0,"{""obverse"": ""altered_beyond-the-gate_foundry-armorer-(rare)"", ""reverse"": ""altered_card-back""}","{""name_printed"": ""Foundry Armorer"", ""functional_disambiguator"": ""Rare"", ""number"": ""BTG-013-R"", ""item_dimensions"": ""{\u0022height\u0022: \u00223.5\u0022, \u0022width\u0022: \u00222.5\u0022, \u0022unit\u0022: \u0022inch\u0022}""}",b65fcb03-9be4-4a48-a06d-b66a4c47de76,b8936c8c-5672-43d6-92a6-66a07ea2eb6b,Foundry Armorer (Rare),Foundry Armorer (Rare),{},altered_beyond-the-gate_foundry-armorer-(rare)
d5015717-57d8-4232-a142-788d3d0171ec,item,0,0,"{""obverse"": ""altered_beyond-the-gate_foundry-engineer-(common)"", ""reverse"": ""altered_card-back""}","{""name_printed"": ""Foundry Engineer"", ""functional_disambiguator"": ""Common"", ""number"": ""BTG-008-C"", ""item_dimensions"": ""{\u0022height\u0022: \u00223.5\u0022, \u0022width\u0022: \u00222.5\u0022, \u0022unit\u0022: \u0022inch\u0022}""}",b65fcb03-9be4-4a48-a06d-b66a4c47de76,b8936c8c-5672-43d6-92a6-66a07ea2eb6b,Foundry Engineer (Common),Foundry Engineer (Common),{},altered_beyond-the-gate_foundry-engineer-(common)
bc332c22-acb6-4700-93d6-74db9d874fc6,item,0,0,"{""obverse"": ""altered_beyond-the-gate_foundry-engineer-(faction-rare)"", ""reverse"": ""altered_card-back""}","{""name_printed"": ""Foundry Engineer"", ""functional_disambiguator"": ""Faction Rare"", ""number"": ""BTG-008-F"", ""item_dimensions"": ""{\u0022height\u0022: \u00223.5\u0022, \u0022width\u0022: \u00222.5\u0022, \u0022unit\u0022: \u0022inch\u0022}""}",b65fcb03-9be4-4a48-a06d-b66a4c47de76,b8936c8c-5672-43d6-92a6-66a07ea2eb6b,Foundry Engineer (Faction Rare),Foundry Engineer (Faction Rare),{},altered_beyond-the-gate_foundry-engineer-(faction-rare)
bae3851d-cb34-4571-bd2b-28721fa693ca,item,0,0,"{""obverse"": ""altered_beyond-the-gate_foundry-engineer-(rare)"", ""reverse"": ""altered_card-back""}","{""name_printed"": ""Foundry Engineer"", ""functional_disambiguator"": ""Rare"", ""number"": ""BTG-008-R"", ""item_dimensions"": ""{\u0022height\u0022: \u00223.5\u0022, \u0022width\u0022: \u00222.5\u0022, \u0022unit\u0022: \u0022inch\u0022}""}",b65fcb03-9be4-4a48-a06d-b66a4c47de76,b8936c8c-5672-43d6-92a6-66a07ea2eb6b,Foundry Engineer (Rare),Foundry Engineer (Rare),{},altered_beyond-the-gate_foundry-engineer-(rare)
df8bb072-1640-42ff-8205-d800088bbafc,item,0,0,"{""obverse"": ""altered_beyond-the-gate_foundry-mechanic-(common)"", ""reverse"": ""altered_card-back""}","{""name_printed"": ""Foundry Mechanic"", ""functional_disambiguator"": ""Common"", ""number"": ""BTG-004-C"", ""item_dimensions"": ""{\u0022height\u0022: \u00223.5\u0022, \u0022width\u0022: \u00222.5\u0022, \u0022unit\u0022: \u0022inch\u0022}""}",b65fcb03-9be4-4a48-a06d-b66a4c47de76,b8936c8c-5672-43d6-92a6-66a07ea2eb6b,Foundry Mechanic (Common),Foundry Mechanic (Common),{},altered_beyond-the-gate_foundry-mechanic-(common)
8cc0e154-5cfc-4642-9db0-9872f40e5a82,item,0,0,"{""obverse"": ""altered_beyond-the-gate_foundry-mechanic-(faction-rare)"", ""reverse"": ""altered_card-back""}","{""name_printed"": ""Foundry Mechanic"", ""functional_disambiguator"": ""Faction Rare"", ""number"": ""BTG-004-F"", ""item_dimensions"": ""{\u0022height\u0022: \u00223.5\u0022, \u0022width\u0022: \u00222.5\u0022, \u0022unit\u0022: \u0022inch\u0022}""}",b65fcb03-9be4-4a48-a06d-b66a4c47de76,b8936c8c-5672-43d6-92a6-66a07ea2eb6b,Foundry Mechanic (Faction Rare),Foundry Mechanic (Faction Rare),{},altered_beyond-the-gate_foundry-mechanic-(faction-rare)
4d73c4e0-26b7-4542-bb47-d3e8673f6a81,item,0,0,"{""obverse"": ""altered_beyond-the-gate_foundry-mechanic-(rare)"", ""reverse"": ""altered_card-back""}","{""name_printed"": ""Foundry Mechanic"", ""functional_disambiguator"": ""Rare"", ""number"": ""BTG-004-R"", ""item_dimensions"": ""{\u0022height\u0022: \u00223.5\u0022, \u0022width\u0022: \u00222.5\u0022, \u0022unit\u0022: \u0022inch\u0022}""}",b65fcb03-9be4-4a48-a06d-b66a4c47de76,b8936c8c-5672-43d6-92a6-66a07ea2eb6b,Foundry Mechanic (Rare),Foundry Mechanic (Rare),{},altered_beyond-the-gate_foundry-mechanic-(rare)
c3045c6c-bbc8-4dc5-8fde-483f3cf3ee06,item,0,0,"{""obverse"": ""altered_beyond-the-gate_ganesha-(common)"", ""reverse"": ""altered_card-back""}","{""name_printed"": ""Ganesha"", ""functional_disambiguator"": ""Common"", ""number"": ""BTG-019-C"", ""item_dimensions"": ""{\u0022height\u0022: \u00223.5\u0022, \u0022width\u0022: \u00222.5\u0022, \u0022unit\u0022: \u0022inch\u0022}""}",b65fcb03-9be4-4a48-a06d-b66a4c47de76,b8936c8c-5672-43d6-92a6-66a07ea2eb6b,Ganesha (Common),Ganesha (Common),{},altered_beyond-the-gate_ganesha-(common)
23fb88ba-9792-43bd-8da6-a9abd24634e7,item,0,0,"{""obverse"": ""altered_beyond-the-gate_ganesha-(faction-rare)"", ""reverse"": ""altered_card-back""}","{""name_printed"": ""Ganesha"", ""functional_disambiguator"": ""Faction Rare"", ""number"": ""BTG-019-F"", ""item_dimensions"": ""{\u0022height\u0022: \u00223.5\u0022, \u0022width\u0022: \u00222.5\u0022, \u0022unit\u0022: \u0022inch\u0022}""}",b65fcb03-9be4-4a48-a06d-b66a4c47de76,b8936c8c-5672-43d6-92a6-66a07ea2eb6b,Ganesha (Faction Rare),Ganesha (Faction Rare),{},altered_beyond-the-gate_ganesha-(faction-rare)
f589feff-0a9c-4e5f-8a6f-efd798884241,item,0,0,"{""obverse"": ""altered_beyond-the-gate_ganesha-(rare)"", ""reverse"": ""altered_card-back""}","{""name_printed"": ""Ganesha"", ""functional_disambiguator"": ""Rare"", ""number"": ""BTG-019-R"", ""item_dimensions"": ""{\u0022height\u0022: \u00223.5\u0022, \u0022width\u0022: \u00222.5\u0022, \u0022unit\u0022: \u0022inch\u0022}""}",b65fcb03-9be4-4a48-a06d-b66a4c47de76,b8936c8c-5672-43d6-92a6-66a07ea2eb6b,Ganesha (Rare),Ganesha (Rare),{},altered_beyond-the-gate_ganesha-(rare)
cdf6c053-1ba9-4d07-bb5b-e59745efbc9e,item,0,0,"{""obverse"": ""altered_beyond-the-gate_gift-of-self-(common)"", ""reverse"": ""altered_card-back""}","{""name_printed"": ""Gift of Self"", ""functional_disambiguator"": ""Common"", ""number"": ""BTG-170-C"", ""item_dimensions"": ""{\u0022height\u0022: \u00223.5\u0022, \u0022width\u0022: \u00222.5\u0022, \u0022unit\u0022: \u0022inch\u0022}""}",b65fcb03-9be4-4a48-a06d-b66a4c47de76,b8936c8c-5672-43d6-92a6-66a07ea2eb6b,Gift of Self (Common),Gift of Self (Common),{},altered_beyond-the-gate_gift-of-self-(common)
4226b347-e46d-4fd6-8f76-57533360308d,item,0,0,"{""obverse"": ""altered_beyond-the-gate_gift-of-self-(faction-rare)"", ""reverse"": ""altered_card-back""}","{""name_printed"": ""Gift of Self"", ""functional_disambiguator"": ""Faction Rare"", ""number"": ""BTG-170-F"", ""item_dimensions"": ""{\u0022height\u0022: \u00223.5\u0022, \u0022width\u0022: \u00222.5\u0022, \u0022unit\u0022: \u0022inch\u0022}""}",b65fcb03-9be4-4a48-a06d-b66a4c47de76,b8936c8c-5672-43d6-92a6-66a07ea2eb6b,Gift of Self (Faction Rare),Gift of Self (Faction Rare),{},altered_beyond-the-gate_gift-of-self-(faction-rare)
5caa69ed-eb5f-437b-85f7-2599bfdb5415,item,0,0,"{""obverse"": ""altered_beyond-the-gate_gift-of-self-(rare)"", ""reverse"": ""altered_card-back""}","{""name_printed"": ""Gift of Self"", ""functional_disambiguator"": ""Rare"", ""number"": ""BTG-170-R"", ""item_dimensions"": ""{\u0022height\u0022: \u00223.5\u0022, \u0022width\u0022: \u00222.5\u0022, \u0022unit\u0022: \u0022inch\u0022}""}",b65fcb03-9be4-4a48-a06d-b66a4c47de76,b8936c8c-5672-43d6-92a6-66a07ea2eb6b,Gift of Self (Rare),Gift of Self (Rare),{},altered_beyond-the-gate_gift-of-self-(rare)
6686f581-47ad-4ad3-b6f3-5be62168edaa,item,0,0,"{""obverse"": ""altered_beyond-the-gate_grand-endeavor-(common)"", ""reverse"": ""altered_card-back""}","{""name_printed"": ""Grand Endeavor"", ""functional_disambiguator"": ""Common"", ""number"": ""BTG-150-C"", ""item_dimensions"": ""{\u0022height\u0022: \u00223.5\u0022, \u0022width\u0022: \u00222.5\u0022, \u0022unit\u0022: \u0022inch\u0022}""}",b65fcb03-9be4-4a48-a06d-b66a4c47de76,b8936c8c-5672-43d6-92a6-66a07ea2eb6b,Grand Endeavor (Common),Grand Endeavor (Common),{},altered_beyond-the-gate_grand-endeavor-(common)
b03f02d9-04f1-42f5-8264-55630f2c9cad,third-party-document,0,0,"{""obverse"": ""altered_beyond-the-gate_grand-endeavor-(faction-rare)"", ""reverse"": ""altered_card-back""}","{""name_printed"": ""Grand Endeavor"", ""functional_disambiguator"": ""Faction Rare"", ""number"": ""BTG-150-F"", ""item_dimensions"": ""{\u0022height\u0022: \u00223.5\u0022, \u0022width\u0022: \u00222.5\u0022, \u0022unit\u0022: \u0022inch\u0022}""}",b65fcb03-9be4-4a48-a06d-b66a4c47de76,b8936c8c-5672-43d6-92a6-66a07ea2eb6b,Grand Endeavor (Faction Rare),Grand Endeavor (Faction Rare),{},altered_beyond-the-gate_grand-endeavor-(faction-rare)
e7e7b81d-16f4-49c6-b4d2-2a6580aae809,item,0,0,"{""obverse"": ""altered_beyond-the-gate_grand-endeavor-(rare)"", ""reverse"": ""altered_card-back""}","{""name_printed"": ""Grand Endeavor"", ""functional_disambiguator"": ""Rare"", ""number"": ""BTG-150-R"", ""item_dimensions"": ""{\u0022height\u0022: \u00223.5\u0022, \u0022width\u0022: \u00222.5\u0022, \u0022unit\u0022: \u0022inch\u0022}""}",b65fcb03-9be4-4a48-a06d-b66a4c47de76,b8936c8c-5672-43d6-92a6-66a07ea2eb6b,Grand Endeavor (Rare),Grand Endeavor (Rare),{},altered_beyond-the-gate_grand-endeavor-(rare)
8482f0d2-0d65-400e-8876-f8f616a3d0ba,item,0,0,"{""obverse"": ""altered_beyond-the-gate_gulrang-&-tocsin"", ""reverse"": ""altered_card-back""}","{""name_printed"": ""Gulrang & Tocsin"", ""number"": ""BTG-122-H"", ""item_dimensions"": ""{\u0022height\u0022: \u00223.5\u0022, \u0022width\u0022: \u00222.5\u0022, \u0022unit\u0022: \u0022inch\u0022}""}",b65fcb03-9be4-4a48-a06d-b66a4c47de76,b8936c8c-5672-43d6-92a6-66a07ea2eb6b,Gulrang & Tocsin,Gulrang & Tocsin,{},altered_beyond-the-gate_gulrang-&-tocsin
e9fc7e01-3b44-4073-9c98-1fa4a8390a93,item,0,0,"{""obverse"": ""altered_beyond-the-gate_harvest-(common)"", ""reverse"": ""altered_card-back""}","{""name_printed"": ""Harvest"", ""functional_disambiguator"": ""Common"", ""number"": ""BTG-114-C"", ""item_dimensions"": ""{\u0022height\u0022: \u00223.5\u0022, \u0022width\u0022: \u00222.5\u0022, \u0022unit\u0022: \u0022inch\u0022}""}",b65fcb03-9be4-4a48-a06d-b66a4c47de76,b8936c8c-5672-43d6-92a6-66a07ea2eb6b,Harvest (Common),Harvest (Common),{},altered_beyond-the-gate_harvest-(common)
689876c9-e106-4f84-b868-fdd1ab83f18f,item,0,0,"{""obverse"": ""altered_beyond-the-gate_harvest-(faction-rare)"", ""reverse"": ""altered_card-back""}","{""name_printed"": ""Harvest"", ""functional_disambiguator"": ""Faction Rare"", ""number"": ""BTG-114-F"", ""item_dimensions"": ""{\u0022height\u0022: \u00223.5\u0022, \u0022width\u0022: \u00222.5\u0022, \u0022unit\u0022: \u0022inch\u0022}""}",b65fcb03-9be4-4a48-a06d-b66a4c47de76,b8936c8c-5672-43d6-92a6-66a07ea2eb6b,Harvest (Faction Rare),Harvest (Faction Rare),{},altered_beyond-the-gate_harvest-(faction-rare)
479f8d38-8b65-4a6e-9ee4-780731e4a1e4,item,0,0,"{""obverse"": ""altered_beyond-the-gate_harvest-(rare)"", ""reverse"": ""altered_card-back""}","{""name_printed"": ""Harvest"", ""functional_disambiguator"": ""Rare"", ""number"": ""BTG-114-R"", ""item_dimensions"": ""{\u0022height\u0022: \u00223.5\u0022, \u0022width\u0022: \u00222.5\u0022, \u0022unit\u0022: \u0022inch\u0022}""}",b65fcb03-9be4-4a48-a06d-b66a4c47de76,b8936c8c-5672-43d6-92a6-66a07ea2eb6b,Harvest (Rare),Harvest (Rare),{},altered_beyond-the-gate_harvest-(rare)
ffce81da-f6a6-47c5-8e80-47df2574aba5,item,0,0,"{""obverse"": ""altered_beyond-the-gate_hathor-(common)"", ""reverse"": ""altered_card-back""}","{""name_printed"": ""Hathor"", ""functional_disambiguator"": ""Common"", ""number"": ""BTG-069-C"", ""item_dimensions"": ""{\u0022height\u0022: \u00223.5\u0022, \u0022width\u0022: \u00222.5\u0022, \u0022unit\u0022: \u0022inch\u0022}""}",b65fcb03-9be4-4a48-a06d-b66a4c47de76,b8936c8c-5672-43d6-92a6-66a07ea2eb6b,Hathor (Common),Hathor (Common),{},altered_beyond-the-gate_hathor-(common)
b9eb39a6-8b9f-4aab-bb2d-62b7cefda21f,item,0,0,"{""obverse"": ""altered_beyond-the-gate_hathor-(faction-rare)"", ""reverse"": ""altered_card-back""}","{""name_printed"": ""Hathor"", ""functional_disambiguator"": ""Faction Rare"", ""number"": ""BTG-069-F"", ""item_dimensions"": ""{\u0022height\u0022: \u00223.5\u0022, \u0022width\u0022: \u00222.5\u0022, \u0022unit\u0022: \u0022inch\u0022}""}",b65fcb03-9be4-4a48-a06d-b66a4c47de76,b8936c8c-5672-43d6-92a6-66a07ea2eb6b,Hathor (Faction Rare),Hathor (Faction Rare),{},altered_beyond-the-gate_hathor-(faction-rare)
0c889e54-e7e9-458d-91d1-45b45d2895ed,item,0,0,"{""obverse"": ""altered_beyond-the-gate_hathor-(rare)"", ""reverse"": ""altered_card-back""}","{""name_printed"": ""Hathor"", ""functional_disambiguator"": ""Rare"", ""number"": ""BTG-069-R"", ""item_dimensions"": ""{\u0022height\u0022: \u00223.5\u0022, \u0022width\u0022: \u00222.5\u0022, \u0022unit\u0022: \u0022inch\u0022}""}",b65fcb03-9be4-4a48-a06d-b66a4c47de76,b8936c8c-5672-43d6-92a6-66a07ea2eb6b,Hathor (Rare),Hathor (Rare),{},altered_beyond-the-gate_hathor-(rare)
b9cc69d7-460d-4ff1-9aaf-749785026d06,item,0,0,"{""obverse"": ""altered_beyond-the-gate_haven-bouncer-(common)"", ""reverse"": ""altered_card-back""}","{""name_printed"": ""Haven Bouncer"", ""functional_disambiguator"": ""Common"", ""number"": ""BTG-044-C"", ""item_dimensions"": ""{\u0022height\u0022: \u00223.5\u0022, \u0022width\u0022: \u00222.5\u0022, \u0022unit\u0022: \u0022inch\u0022}""}",b65fcb03-9be4-4a48-a06d-b66a4c47de76,b8936c8c-5672-43d6-92a6-66a07ea2eb6b,Haven Bouncer (Common),Haven Bouncer (Common),{},altered_beyond-the-gate_haven-bouncer-(common)
480ed8a7-9c74-4cf7-8af2-b1538c41f4c0,item,0,0,"{""obverse"": ""altered_beyond-the-gate_haven-bouncer-(faction-rare)"", ""reverse"": ""altered_card-back""}","{""name_printed"": ""Haven Bouncer"", ""functional_disambiguator"": ""Faction Rare"", ""number"": ""BTG-044-F"", ""item_dimensions"": ""{\u0022height\u0022: \u00223.5\u0022, \u0022width\u0022: \u00222.5\u0022, \u0022unit\u0022: \u0022inch\u0022}""}",b65fcb03-9be4-4a48-a06d-b66a4c47de76,b8936c8c-5672-43d6-92a6-66a07ea2eb6b,Haven Bouncer (Faction Rare),Haven Bouncer (Faction Rare),{},altered_beyond-the-gate_haven-bouncer-(faction-rare)
172c21d4-e340-4701-a8f8-ac7057e6cfad,item,0,0,"{""obverse"": ""altered_beyond-the-gate_haven-bouncer-(rare)"", ""reverse"": ""altered_card-back""}","{""name_printed"": ""Haven Bouncer"", ""functional_disambiguator"": ""Rare"", ""number"": ""BTG-044-R"", ""item_dimensions"": ""{\u0022height\u0022: \u00223.5\u0022, \u0022width\u0022: \u00222.5\u0022, \u0022unit\u0022: \u0022inch\u0022}""}",b65fcb03-9be4-4a48-a06d-b66a4c47de76,b8936c8c-5672-43d6-92a6-66a07ea2eb6b,Haven Bouncer (Rare),Haven Bouncer (Rare),{},altered_beyond-the-gate_haven-bouncer-(rare)
5e0becea-b506-4021-ade3-7144530eee09,item,0,0,"{""obverse"": ""altered_beyond-the-gate_haven-trainee-(common)"", ""reverse"": ""altered_card-back""}","{""name_printed"": ""Haven Trainee"", ""functional_disambiguator"": ""Common"", ""number"": ""BTG-042-C"", ""item_dimensions"": ""{\u0022height\u0022: \u00223.5\u0022, \u0022width\u0022: \u00222.5\u0022, \u0022unit\u0022: \u0022inch\u0022}""}",b65fcb03-9be4-4a48-a06d-b66a4c47de76,b8936c8c-5672-43d6-92a6-66a07ea2eb6b,Haven Trainee (Common),Haven Trainee (Common),{},altered_beyond-the-gate_haven-trainee-(common)
fc886967-0003-46f2-a82b-db34f71373d7,item,0,0,"{""obverse"": ""altered_beyond-the-gate_haven-trainee-(faction-rare)"", ""reverse"": ""altered_card-back""}","{""name_printed"": ""Haven Trainee"", ""functional_disambiguator"": ""Faction Rare"", ""number"": ""BTG-042-F"", ""item_dimensions"": ""{\u0022height\u0022: \u00223.5\u0022, \u0022width\u0022: \u00222.5\u0022, \u0022unit\u0022: \u0022inch\u0022}""}",b65fcb03-9be4-4a48-a06d-b66a4c47de76,b8936c8c-5672-43d6-92a6-66a07ea2eb6b,Haven Trainee (Faction Rare),Haven Trainee (Faction Rare),{},altered_beyond-the-gate_haven-trainee-(faction-rare)
2572f790-df12-464e-ae10-cd07e3d4375f,item,0,0,"{""obverse"": ""altered_beyond-the-gate_haven-trainee-(rare)"", ""reverse"": ""altered_card-back""}","{""name_printed"": ""Haven Trainee"", ""functional_disambiguator"": ""Rare"", ""number"": ""BTG-042-R"", ""item_dimensions"": ""{\u0022height\u0022: \u00223.5\u0022, \u0022width\u0022: \u00222.5\u0022, \u0022unit\u0022: \u0022inch\u0022}""}",b65fcb03-9be4-4a48-a06d-b66a4c47de76,b8936c8c-5672-43d6-92a6-66a07ea2eb6b,Haven Trainee (Rare),Haven Trainee (Rare),{},altered_beyond-the-gate_haven-trainee-(rare)
943bda2d-fe44-49d7-a4fa-49d622e563b7,item,0,0,"{""obverse"": ""altered_beyond-the-gate_haven-warrior-(common)"", ""reverse"": ""altered_card-back""}","{""name_printed"": ""Haven Warrior"", ""functional_disambiguator"": ""Common"", ""number"": ""BTG-045-C"", ""item_dimensions"": ""{\u0022height\u0022: \u00223.5\u0022, \u0022width\u0022: \u00222.5\u0022, \u0022unit\u0022: \u0022inch\u0022}""}",b65fcb03-9be4-4a48-a06d-b66a4c47de76,b8936c8c-5672-43d6-92a6-66a07ea2eb6b,Haven Warrior (Common),Haven Warrior (Common),{},altered_beyond-the-gate_haven-warrior-(common)
a6aa74f4-5fdd-41be-8beb-2654037d163f,item,0,0,"{""obverse"": ""altered_beyond-the-gate_haven-warrior-(faction-rare)"", ""reverse"": ""altered_card-back""}","{""name_printed"": ""Haven Warrior"", ""functional_disambiguator"": ""Faction Rare"", ""number"": ""BTG-045-F"", ""item_dimensions"": ""{\u0022height\u0022: \u00223.5\u0022, \u0022width\u0022: \u00222.5\u0022, \u0022unit\u0022: \u0022inch\u0022}""}",b65fcb03-9be4-4a48-a06d-b66a4c47de76,b8936c8c-5672-43d6-92a6-66a07ea2eb6b,Haven Warrior (Faction Rare),Haven Warrior (Faction Rare),{},altered_beyond-the-gate_haven-warrior-(faction-rare)
b54c3088-7083-4c33-9bcf-624631961cbd,item,0,0,"{""obverse"": ""altered_beyond-the-gate_haven-warrior-(rare)"", ""reverse"": ""altered_card-back""}","{""name_printed"": ""Haven Warrior"", ""functional_disambiguator"": ""Rare"", ""number"": ""BTG-045-R"", ""item_dimensions"": ""{\u0022height\u0022: \u00223.5\u0022, \u0022width\u0022: \u00222.5\u0022, \u0022unit\u0022: \u0022inch\u0022}""}",b65fcb03-9be4-4a48-a06d-b66a4c47de76,b8936c8c-5672-43d6-92a6-66a07ea2eb6b,Haven Warrior (Rare),Haven Warrior (Rare),{},altered_beyond-the-gate_haven-warrior-(rare)
87597224-67d1-4b79-bdce-faa3e50edce1,item,0,0,"{""obverse"": ""altered_beyond-the-gate_haven,-bravos-bastion-(common)"", ""reverse"": ""altered_card-back""}","{""name_printed"": ""Haven, Bravos Bastion"", ""functional_disambiguator"": ""Common"", ""number"": ""BTG-060-C"", ""item_dimensions"": ""{\u0022height\u0022: \u00223.5\u0022, \u0022width\u0022: \u00222.5\u0022, \u0022unit\u0022: \u0022inch\u0022}""}",b65fcb03-9be4-4a48-a06d-b66a4c47de76,b8936c8c-5672-43d6-92a6-66a07ea2eb6b,"Haven, Bravos Bastion (Common)","Haven, Bravos Bastion (Common)",{},"altered_beyond-the-gate_haven,-bravos-bastion-(common)"
7fc0ecca-6656-46d8-bc2d-d37d68449ea4,item,0,0,"{""obverse"": ""altered_beyond-the-gate_haven,-bravos-bastion-(faction-rare)"", ""reverse"": ""altered_card-back""}","{""name_printed"": ""Haven, Bravos Bastion"", ""functional_disambiguator"": ""Faction Rare"", ""number"": ""BTG-060-F"", ""item_dimensions"": ""{\u0022height\u0022: \u00223.5\u0022, \u0022width\u0022: \u00222.5\u0022, \u0022unit\u0022: \u0022inch\u0022}""}",b65fcb03-9be4-4a48-a06d-b66a4c47de76,b8936c8c-5672-43d6-92a6-66a07ea2eb6b,"Haven, Bravos Bastion (Faction Rare)","Haven, Bravos Bastion (Faction Rare)",{},"altered_beyond-the-gate_haven,-bravos-bastion-(faction-rare)"
84d1b3ad-f421-4604-b603-8bdd12d4e5e7,item,0,0,"{""obverse"": ""altered_beyond-the-gate_haven,-bravos-bastion-(rare)"", ""reverse"": ""altered_card-back""}","{""name_printed"": ""Haven, Bravos Bastion"", ""functional_disambiguator"": ""Rare"", ""number"": ""BTG-060-R"", ""item_dimensions"": ""{\u0022height\u0022: \u00223.5\u0022, \u0022width\u0022: \u00222.5\u0022, \u0022unit\u0022: \u0022inch\u0022}""}",b65fcb03-9be4-4a48-a06d-b66a4c47de76,b8936c8c-5672-43d6-92a6-66a07ea2eb6b,"Haven, Bravos Bastion (Rare)","Haven, Bravos Bastion (Rare)",{},"altered_beyond-the-gate_haven,-bravos-bastion-(rare)"
e5a7ac5f-8c15-4cde-aa80-444e14677dae,item,0,0,"{""obverse"": ""altered_beyond-the-gate_helping-hand-(common)"", ""reverse"": ""altered_card-back""}","{""name_printed"": ""Helping Hand"", ""functional_disambiguator"": ""Common"", ""number"": ""BTG-055-C"", ""item_dimensions"": ""{\u0022height\u0022: \u00223.5\u0022, \u0022width\u0022: \u00222.5\u0022, \u0022unit\u0022: \u0022inch\u0022}""}",b65fcb03-9be4-4a48-a06d-b66a4c47de76,b8936c8c-5672-43d6-92a6-66a07ea2eb6b,Helping Hand (Common),Helping Hand (Common),{},altered_beyond-the-gate_helping-hand-(common)
1cb0ceed-7e4e-42c5-a2aa-08b20f132a4f,item,0,0,"{""obverse"": ""altered_beyond-the-gate_helping-hand-(faction-rare)"", ""reverse"": ""altered_card-back""}","{""name_printed"": ""Helping Hand"", ""functional_disambiguator"": ""Faction Rare"", ""number"": ""BTG-055-F"", ""item_dimensions"": ""{\u0022height\u0022: \u00223.5\u0022, \u0022width\u0022: \u00222.5\u0022, \u0022unit\u0022: \u0022inch\u0022}""}",b65fcb03-9be4-4a48-a06d-b66a4c47de76,b8936c8c-5672-43d6-92a6-66a07ea2eb6b,Helping Hand (Faction Rare),Helping Hand (Faction Rare),{},altered_beyond-the-gate_helping-hand-(faction-rare)
99fa1a50-7b1e-4cbc-a69f-bc3ccac9f59f,item,0,0,"{""obverse"": ""altered_beyond-the-gate_helping-hand-(rare)"", ""reverse"": ""altered_card-back""}","{""name_printed"": ""Helping Hand"", ""functional_disambiguator"": ""Rare"", ""number"": ""BTG-055-R"", ""item_dimensions"": ""{\u0022height\u0022: \u00223.5\u0022, \u0022width\u0022: \u00222.5\u0022, \u0022unit\u0022: \u0022inch\u0022}""}",b65fcb03-9be4-4a48-a06d-b66a4c47de76,b8936c8c-5672-43d6-92a6-66a07ea2eb6b,Helping Hand (Rare),Helping Hand (Rare),{},altered_beyond-the-gate_helping-hand-(rare)
0acb2db8-49ad-4748-8780-3c9ae53c79bf,item,0,0,"{""obverse"": ""altered_beyond-the-gate_hooked-(common)"", ""reverse"": ""altered_card-back""}","{""name_printed"": ""Hooked"", ""functional_disambiguator"": ""Common"", ""number"": ""BTG-020-C"", ""item_dimensions"": ""{\u0022height\u0022: \u00223.5\u0022, \u0022width\u0022: \u00222.5\u0022, \u0022unit\u0022: \u0022inch\u0022}""}",b65fcb03-9be4-4a48-a06d-b66a4c47de76,b8936c8c-5672-43d6-92a6-66a07ea2eb6b,Hooked (Common),Hooked (Common),{},altered_beyond-the-gate_hooked-(common)
67d3dbc8-a02e-45ef-a2d4-138389d8990d,item,0,0,"{""obverse"": ""altered_beyond-the-gate_hooked-(faction-rare)"", ""reverse"": ""altered_card-back""}","{""name_printed"": ""Hooked"", ""functional_disambiguator"": ""Faction Rare"", ""number"": ""BTG-020-F"", ""item_dimensions"": ""{\u0022height\u0022: \u00223.5\u0022, \u0022width\u0022: \u00222.5\u0022, \u0022unit\u0022: \u0022inch\u0022}""}",b65fcb03-9be4-4a48-a06d-b66a4c47de76,b8936c8c-5672-43d6-92a6-66a07ea2eb6b,Hooked (Faction Rare),Hooked (Faction Rare),{},altered_beyond-the-gate_hooked-(faction-rare)
056a718c-30f9-4aa6-8304-df43ae43eb3f,item,0,0,"{""obverse"": ""altered_beyond-the-gate_hooked-(rare)"", ""reverse"": ""altered_card-back""}","{""name_printed"": ""Hooked"", ""functional_disambiguator"": ""Rare"", ""number"": ""BTG-020-R"", ""item_dimensions"": ""{\u0022height\u0022: \u00223.5\u0022, \u0022width\u0022: \u00222.5\u0022, \u0022unit\u0022: \u0022inch\u0022}""}",b65fcb03-9be4-4a48-a06d-b66a4c47de76,b8936c8c-5672-43d6-92a6-66a07ea2eb6b,Hooked (Rare),Hooked (Rare),{},altered_beyond-the-gate_hooked-(rare)
ce3bd158-09e1-4536-9e50-a1d719bb81d8,item,0,0,"{""obverse"": ""altered_beyond-the-gate_hua-mulan-(common)"", ""reverse"": ""altered_card-back""}","{""name_printed"": ""Hua Mulan"", ""functional_disambiguator"": ""Common"", ""number"": ""BTG-046-C"", ""item_dimensions"": ""{\u0022height\u0022: \u00223.5\u0022, \u0022width\u0022: \u00222.5\u0022, \u0022unit\u0022: \u0022inch\u0022}""}",b65fcb03-9be4-4a48-a06d-b66a4c47de76,b8936c8c-5672-43d6-92a6-66a07ea2eb6b,Hua Mulan (Common),Hua Mulan (Common),{},altered_beyond-the-gate_hua-mulan-(common)
ae63cee5-4f02-41e9-af52-811406de4bbe,item,0,0,"{""obverse"": ""altered_beyond-the-gate_hua-mulan-(faction-rare)"", ""reverse"": ""altered_card-back""}","{""name_printed"": ""Hua Mulan"", ""functional_disambiguator"": ""Faction Rare"", ""number"": ""BTG-046-F"", ""item_dimensions"": ""{\u0022height\u0022: \u00223.5\u0022, \u0022width\u0022: \u00222.5\u0022, \u0022unit\u0022: \u0022inch\u0022}""}",b65fcb03-9be4-4a48-a06d-b66a4c47de76,b8936c8c-5672-43d6-92a6-66a07ea2eb6b,Hua Mulan (Faction Rare),Hua Mulan (Faction Rare),{},altered_beyond-the-gate_hua-mulan-(faction-rare)
14d82d12-c6d3-4391-836a-716dda0de30a,item,0,0,"{""obverse"": ""altered_beyond-the-gate_hua-mulan-(rare)"", ""reverse"": ""altered_card-back""}","{""name_printed"": ""Hua Mulan"", ""functional_disambiguator"": ""Rare"", ""number"": ""BTG-046-R"", ""item_dimensions"": ""{\u0022height\u0022: \u00223.5\u0022, \u0022width\u0022: \u00222.5\u0022, \u0022unit\u0022: \u0022inch\u0022}""}",b65fcb03-9be4-4a48-a06d-b66a4c47de76,b8936c8c-5672-43d6-92a6-66a07ea2eb6b,Hua Mulan (Rare),Hua Mulan (Rare),{},altered_beyond-the-gate_hua-mulan-(rare)
66b181c1-7dd2-445b-a747-57fc7b02cfd3,item,0,0,"{""obverse"": ""altered_beyond-the-gate_hydracaena-(common)"", ""reverse"": ""altered_card-back""}","{""name_printed"": ""Hydracaena"", ""functional_disambiguator"": ""Common"", ""number"": ""BTG-113-C"", ""item_dimensions"": ""{\u0022height\u0022: \u00223.5\u0022, \u0022width\u0022: \u00222.5\u0022, \u0022unit\u0022: \u0022inch\u0022}""}",b65fcb03-9be4-4a48-a06d-b66a4c47de76,b8936c8c-5672-43d6-92a6-66a07ea2eb6b,Hydracaena (Common),Hydracaena (Common),{},altered_beyond-the-gate_hydracaena-(common)
f6c0bc4c-67d4-4bff-af1e-9264d1522c28,item,0,0,"{""obverse"": ""altered_beyond-the-gate_hydracaena-(faction-rare)"", ""reverse"": ""altered_card-back""}","{""name_printed"": ""Hydracaena"", ""functional_disambiguator"": ""Faction Rare"", ""number"": ""BTG-113-F"", ""item_dimensions"": ""{\u0022height\u0022: \u00223.5\u0022, \u0022width\u0022: \u00222.5\u0022, \u0022unit\u0022: \u0022inch\u0022}""}",b65fcb03-9be4-4a48-a06d-b66a4c47de76,b8936c8c-5672-43d6-92a6-66a07ea2eb6b,Hydracaena (Faction Rare),Hydracaena (Faction Rare),{},altered_beyond-the-gate_hydracaena-(faction-rare)
8f34c930-fe31-422f-847f-440e140a1b8c,item,0,0,"{""obverse"": ""altered_beyond-the-gate_hydracaena-(rare)"", ""reverse"": ""altered_card-back""}","{""name_printed"": ""Hydracaena"", ""functional_disambiguator"": ""Rare"", ""number"": ""BTG-113-R"", ""item_dimensions"": ""{\u0022height\u0022: \u00223.5\u0022, \u0022width\u0022: \u00222.5\u0022, \u0022unit\u0022: \u0022inch\u0022}""}",b65fcb03-9be4-4a48-a06d-b66a4c47de76,b8936c8c-5672-43d6-92a6-66a07ea2eb6b,Hydracaena (Rare),Hydracaena (Rare),{},altered_beyond-the-gate_hydracaena-(rare)
1e127e2c-09dd-4a1f-baa4-360e6daf7e53,item,0,0,"{""obverse"": ""altered_beyond-the-gate_inari-(common)"", ""reverse"": ""altered_card-back""}","{""name_printed"": ""Inari"", ""functional_disambiguator"": ""Common"", ""number"": ""BTG-101-C"", ""item_dimensions"": ""{\u0022height\u0022: \u00223.5\u0022, \u0022width\u0022: \u00222.5\u0022, \u0022unit\u0022: \u0022inch\u0022}""}",b65fcb03-9be4-4a48-a06d-b66a4c47de76,b8936c8c-5672-43d6-92a6-66a07ea2eb6b,Inari (Common),Inari (Common),{},altered_beyond-the-gate_inari-(common)
0a81ed4b-9099-4f8b-9d98-2a1745cace57,item,0,0,"{""obverse"": ""altered_beyond-the-gate_inari-(faction-rare)"", ""reverse"": ""altered_card-back""}","{""name_printed"": ""Inari"", ""functional_disambiguator"": ""Faction Rare"", ""number"": ""BTG-101-F"", ""item_dimensions"": ""{\u0022height\u0022: \u00223.5\u0022, \u0022width\u0022: \u00222.5\u0022, \u0022unit\u0022: \u0022inch\u0022}""}",b65fcb03-9be4-4a48-a06d-b66a4c47de76,b8936c8c-5672-43d6-92a6-66a07ea2eb6b,Inari (Faction Rare),Inari (Faction Rare),{},altered_beyond-the-gate_inari-(faction-rare)
c8ddf50e-1e23-4ce3-9bd6-673610d3e60d,item,0,0,"{""obverse"": ""altered_beyond-the-gate_inari-(rare)"", ""reverse"": ""altered_card-back""}","{""name_printed"": ""Inari"", ""functional_disambiguator"": ""Rare"", ""number"": ""BTG-101-R"", ""item_dimensions"": ""{\u0022height\u0022: \u00223.5\u0022, \u0022width\u0022: \u00222.5\u0022, \u0022unit\u0022: \u0022inch\u0022}""}",b65fcb03-9be4-4a48-a06d-b66a4c47de76,b8936c8c-5672-43d6-92a6-66a07ea2eb6b,Inari (Rare),Inari (Rare),{},altered_beyond-the-gate_inari-(rare)
64ce4a51-f90e-48f9-88e1-7fd1cf3e2fd0,item,0,0,"{""obverse"": ""altered_beyond-the-gate_intimidation-(common)"", ""reverse"": ""altered_card-back""}","{""name_printed"": ""Intimidation"", ""functional_disambiguator"": ""Common"", ""number"": ""BTG-056-C"", ""item_dimensions"": ""{\u0022height\u0022: \u00223.5\u0022, \u0022width\u0022: \u00222.5\u0022, \u0022unit\u0022: \u0022inch\u0022}""}",b65fcb03-9be4-4a48-a06d-b66a4c47de76,b8936c8c-5672-43d6-92a6-66a07ea2eb6b,Intimidation (Common),Intimidation (Common),{},altered_beyond-the-gate_intimidation-(common)
c3309742-ca64-4cee-a7e9-7183f5078cac,item,0,0,"{""obverse"": ""altered_beyond-the-gate_intimidation-(faction-rare)"", ""reverse"": ""altered_card-back""}","{""name_printed"": ""Intimidation"", ""functional_disambiguator"": ""Faction Rare"", ""number"": ""BTG-056-F"", ""item_dimensions"": ""{\u0022height\u0022: \u00223.5\u0022, \u0022width\u0022: \u00222.5\u0022, \u0022unit\u0022: \u0022inch\u0022}""}",b65fcb03-9be4-4a48-a06d-b66a4c47de76,b8936c8c-5672-43d6-92a6-66a07ea2eb6b,Intimidation (Faction Rare),Intimidation (Faction Rare),{},altered_beyond-the-gate_intimidation-(faction-rare)
09271b73-d292-439b-a393-b2b931d5c69b,item,0,0,"{""obverse"": ""altered_beyond-the-gate_intimidation-(rare)"", ""reverse"": ""altered_card-back""}","{""name_printed"": ""Intimidation"", ""functional_disambiguator"": ""Rare"", ""number"": ""BTG-056-R"", ""item_dimensions"": ""{\u0022height\u0022: \u00223.5\u0022, \u0022width\u0022: \u00222.5\u0022, \u0022unit\u0022: \u0022inch\u0022}""}",b65fcb03-9be4-4a48-a06d-b66a4c47de76,b8936c8c-5672-43d6-92a6-66a07ea2eb6b,Intimidation (Rare),Intimidation (Rare),{},altered_beyond-the-gate_intimidation-(rare)
ddb8d7d3-15e0-492e-b6b8-ff1485507716,item,0,0,"{""obverse"": ""altered_beyond-the-gate_issitoq-(common)"", ""reverse"": ""altered_card-back""}","{""name_printed"": ""Issitoq"", ""functional_disambiguator"": ""Common"", ""number"": ""BTG-142-C"", ""item_dimensions"": ""{\u0022height\u0022: \u00223.5\u0022, \u0022width\u0022: \u00222.5\u0022, \u0022unit\u0022: \u0022inch\u0022}""}",b65fcb03-9be4-4a48-a06d-b66a4c47de76,b8936c8c-5672-43d6-92a6-66a07ea2eb6b,Issitoq (Common),Issitoq (Common),{},altered_beyond-the-gate_issitoq-(common)
044f7004-d686-4397-aea5-ca4c0b2a4d28,item,0,0,"{""obverse"": ""altered_beyond-the-gate_issitoq-(faction-rare)"", ""reverse"": ""altered_card-back""}","{""name_printed"": ""Issitoq"", ""functional_disambiguator"": ""Faction Rare"", ""number"": ""BTG-142-F"", ""item_dimensions"": ""{\u0022height\u0022: \u00223.5\u0022, \u0022width\u0022: \u00222.5\u0022, \u0022unit\u0022: \u0022inch\u0022}""}",b65fcb03-9be4-4a48-a06d-b66a4c47de76,b8936c8c-5672-43d6-92a6-66a07ea2eb6b,Issitoq (Faction Rare),Issitoq (Faction Rare),{},altered_beyond-the-gate_issitoq-(faction-rare)
6ea28743-5ea9-4299-8e84-1a98c0b3c74f,item,0,0,"{""obverse"": ""altered_beyond-the-gate_issitoq-(rare)"", ""reverse"": ""altered_card-back""}","{""name_printed"": ""Issitoq"", ""functional_disambiguator"": ""Rare"", ""number"": ""BTG-142-R"", ""item_dimensions"": ""{\u0022height\u0022: \u00223.5\u0022, \u0022width\u0022: \u00222.5\u0022, \u0022unit\u0022: \u0022inch\u0022}""}",b65fcb03-9be4-4a48-a06d-b66a4c47de76,b8936c8c-5672-43d6-92a6-66a07ea2eb6b,Issitoq (Rare),Issitoq (Rare),{},altered_beyond-the-gate_issitoq-(rare)
914c7320-0348-4187-91e8-3dcbd38dde2a,item,0,0,"{""obverse"": ""altered_beyond-the-gate_issun-bōshi-(common)"", ""reverse"": ""altered_card-back""}","{""name_printed"": ""Issun-bōshi"", ""functional_disambiguator"": ""Common"", ""number"": ""BTG-034-C"", ""item_dimensions"": ""{\u0022height\u0022: \u00223.5\u0022, \u0022width\u0022: \u00222.5\u0022, \u0022unit\u0022: \u0022inch\u0022}""}",b65fcb03-9be4-4a48-a06d-b66a4c47de76,b8936c8c-5672-43d6-92a6-66a07ea2eb6b,Issun-bōshi (Common),Issun-bōshi (Common),{},altered_beyond-the-gate_issun-bōshi-(common)
b8ec0c9d-bf91-4eec-b9a7-082ea1d9d163,item,0,0,"{""obverse"": ""altered_beyond-the-gate_issun-bōshi-(faction-rare)"", ""reverse"": ""altered_card-back""}","{""name_printed"": ""Issun-bōshi"", ""functional_disambiguator"": ""Faction Rare"", ""number"": ""BTG-034-F"", ""item_dimensions"": ""{\u0022height\u0022: \u00223.5\u0022, \u0022width\u0022: \u00222.5\u0022, \u0022unit\u0022: \u0022inch\u0022}""}",b65fcb03-9be4-4a48-a06d-b66a4c47de76,b8936c8c-5672-43d6-92a6-66a07ea2eb6b,Issun-bōshi (Faction Rare),Issun-bōshi (Faction Rare),{},altered_beyond-the-gate_issun-bōshi-(faction-rare)
55e626aa-1028-46ef-87f4-5869ddfdcb96,item,0,0,"{""obverse"": ""altered_beyond-the-gate_issun-bōshi-(rare)"", ""reverse"": ""altered_card-back""}","{""name_printed"": ""Issun-bōshi"", ""functional_disambiguator"": ""Rare"", ""number"": ""BTG-034-R"", ""item_dimensions"": ""{\u0022height\u0022: \u00223.5\u0022, \u0022width\u0022: \u00222.5\u0022, \u0022unit\u0022: \u0022inch\u0022}""}",b65fcb03-9be4-4a48-a06d-b66a4c47de76,b8936c8c-5672-43d6-92a6-66a07ea2eb6b,Issun-bōshi (Rare),Issun-bōshi (Rare),{},altered_beyond-the-gate_issun-bōshi-(rare)
4f4163e8-829e-4811-8f58-f98c7a7252a3,item,0,0,"{""obverse"": ""altered_beyond-the-gate_jeanne-d'arc-(common)"", ""reverse"": ""altered_card-back""}","{""name_printed"": ""Jeanne d'Arc"", ""functional_disambiguator"": ""Common"", ""number"": ""BTG-137-C"", ""item_dimensions"": ""{\u0022height\u0022: \u00223.5\u0022, \u0022width\u0022: \u00222.5\u0022, \u0022unit\u0022: \u0022inch\u0022}""}",b65fcb03-9be4-4a48-a06d-b66a4c47de76,b8936c8c-5672-43d6-92a6-66a07ea2eb6b,Jeanne d'Arc (Common),Jeanne d'Arc (Common),{},altered_beyond-the-gate_jeanne-d'arc-(common)
04e02bc5-2142-46f3-a2ed-0916778dafff,item,0,0,"{""obverse"": ""altered_beyond-the-gate_jeanne-d'arc-(faction-rare)"", ""reverse"": ""altered_card-back""}","{""name_printed"": ""Jeanne d'Arc"", ""functional_disambiguator"": ""Faction Rare"", ""number"": ""BTG-137-F"", ""item_dimensions"": ""{\u0022height\u0022: \u00223.5\u0022, \u0022width\u0022: \u00222.5\u0022, \u0022unit\u0022: \u0022inch\u0022}""}",b65fcb03-9be4-4a48-a06d-b66a4c47de76,b8936c8c-5672-43d6-92a6-66a07ea2eb6b,Jeanne d'Arc (Faction Rare),Jeanne d'Arc (Faction Rare),{},altered_beyond-the-gate_jeanne-d'arc-(faction-rare)
ba8a922e-5a76-4320-9444-bc45410a5cf5,item,0,0,"{""obverse"": ""altered_beyond-the-gate_jeanne-d'arc-(rare)"", ""reverse"": ""altered_card-back""}","{""name_printed"": ""Jeanne d'Arc"", ""functional_disambiguator"": ""Rare"", ""number"": ""BTG-137-R"", ""item_dimensions"": ""{\u0022height\u0022: \u00223.5\u0022, \u0022width\u0022: \u00222.5\u0022, \u0022unit\u0022: \u0022inch\u0022}""}",b65fcb03-9be4-4a48-a06d-b66a4c47de76,b8936c8c-5672-43d6-92a6-66a07ea2eb6b,Jeanne d'Arc (Rare),Jeanne d'Arc (Rare),{},altered_beyond-the-gate_jeanne-d'arc-(rare)
092e0450-bf89-4110-bbdf-51c8ac5fbeb7,item,0,0,"{""obverse"": ""altered_beyond-the-gate_jian,-assembly-overseer-(common)"", ""reverse"": ""altered_card-back""}","{""name_printed"": ""Jian, Assembly Overseer"", ""functional_disambiguator"": ""Common"", ""number"": ""BTG-009-C"", ""item_dimensions"": ""{\u0022height\u0022: \u00223.5\u0022, \u0022width\u0022: \u00222.5\u0022, \u0022unit\u0022: \u0022inch\u0022}""}",b65fcb03-9be4-4a48-a06d-b66a4c47de76,b8936c8c-5672-43d6-92a6-66a07ea2eb6b,"Jian, Assembly Overseer (Common)","Jian, Assembly Overseer (Common)",{},"altered_beyond-the-gate_jian,-assembly-overseer-(common)"
576f0625-4946-4a63-b884-c21837566300,item,0,0,"{""obverse"": ""altered_beyond-the-gate_jian,-assembly-overseer-(faction-rare)"", ""reverse"": ""altered_card-back""}","{""name_printed"": ""Jian, Assembly Overseer"", ""functional_disambiguator"": ""Faction Rare"", ""number"": ""BTG-009-F"", ""item_dimensions"": ""{\u0022height\u0022: \u00223.5\u0022, \u0022width\u0022: \u00222.5\u0022, \u0022unit\u0022: \u0022inch\u0022}""}",b65fcb03-9be4-4a48-a06d-b66a4c47de76,b8936c8c-5672-43d6-92a6-66a07ea2eb6b,"Jian, Assembly Overseer (Faction Rare)","Jian, Assembly Overseer (Faction Rare)",{},"altered_beyond-the-gate_jian,-assembly-overseer-(faction-rare)"
d7fc73f4-ade4-4e62-b7f5-a88a3237ccbb,item,0,0,"{""obverse"": ""altered_beyond-the-gate_jian,-assembly-overseer-(rare)"", ""reverse"": ""altered_card-back""}","{""name_printed"": ""Jian, Assembly Overseer"", ""functional_disambiguator"": ""Rare"", ""number"": ""BTG-009-R"", ""item_dimensions"": ""{\u0022height\u0022: \u00223.5\u0022, \u0022width\u0022: \u00222.5\u0022, \u0022unit\u0022: \u0022inch\u0022}""}",b65fcb03-9be4-4a48-a06d-b66a4c47de76,b8936c8c-5672-43d6-92a6-66a07ea2eb6b,"Jian, Assembly Overseer (Rare)","Jian, Assembly Overseer (Rare)",{},"altered_beyond-the-gate_jian,-assembly-overseer-(rare)"
bdd1497a-6c2d-49e2-8fd0-51a2352498be,item,0,0,"{""obverse"": ""altered_beyond-the-gate_kadigiran-alchemist-(common)"", ""reverse"": ""altered_card-back""}","{""name_printed"": ""Kadigiran Alchemist"", ""functional_disambiguator"": ""Common"", ""number"": ""BTG-160-C"", ""item_dimensions"": ""{\u0022height\u0022: \u00223.5\u0022, \u0022width\u0022: \u00222.5\u0022, \u0022unit\u0022: \u0022inch\u0022}""}",b65fcb03-9be4-4a48-a06d-b66a4c47de76,b8936c8c-5672-43d6-92a6-66a07ea2eb6b,Kadigiran Alchemist (Common),Kadigiran Alchemist (Common),{},altered_beyond-the-gate_kadigiran-alchemist-(common)
c524f686-8d6f-4ef2-83a8-8638d456e243,item,0,0,"{""obverse"": ""altered_beyond-the-gate_kadigiran-alchemist-(faction-rare)"", ""reverse"": ""altered_card-back""}","{""name_printed"": ""Kadigiran Alchemist"", ""functional_disambiguator"": ""Faction Rare"", ""number"": ""BTG-160-F"", ""item_dimensions"": ""{\u0022height\u0022: \u00223.5\u0022, \u0022width\u0022: \u00222.5\u0022, \u0022unit\u0022: \u0022inch\u0022}""}",b65fcb03-9be4-4a48-a06d-b66a4c47de76,b8936c8c-5672-43d6-92a6-66a07ea2eb6b,Kadigiran Alchemist (Faction Rare),Kadigiran Alchemist (Faction Rare),{},altered_beyond-the-gate_kadigiran-alchemist-(faction-rare)
134b015c-1de4-4a2c-b5c8-fa27db15be50,item,0,0,"{""obverse"": ""altered_beyond-the-gate_kadigiran-alchemist-(rare)"", ""reverse"": ""altered_card-back""}","{""name_printed"": ""Kadigiran Alchemist"", ""functional_disambiguator"": ""Rare"", ""number"": ""BTG-160-R"", ""item_dimensions"": ""{\u0022height\u0022: \u00223.5\u0022, \u0022width\u0022: \u00222.5\u0022, \u0022unit\u0022: \u0022inch\u0022}""}",b65fcb03-9be4-4a48-a06d-b66a4c47de76,b8936c8c-5672-43d6-92a6-66a07ea2eb6b,Kadigiran Alchemist (Rare),Kadigiran Alchemist (Rare),{},altered_beyond-the-gate_kadigiran-alchemist-(rare)
84974c11-83ea-44e6-8532-77fb46754f0e,item,0,0,"{""obverse"": ""altered_beyond-the-gate_kadigiran-mage-dancer-(common)"", ""reverse"": ""altered_card-back""}","{""name_printed"": ""Kadigiran Mage-Dancer"", ""functional_disambiguator"": ""Common"", ""number"": ""BTG-156-C"", ""item_dimensions"": ""{\u0022height\u0022: \u00223.5\u0022, \u0022width\u0022: \u00222.5\u0022, \u0022unit\u0022: \u0022inch\u0022}""}",b65fcb03-9be4-4a48-a06d-b66a4c47de76,b8936c8c-5672-43d6-92a6-66a07ea2eb6b,Kadigiran Mage-Dancer (Common),Kadigiran Mage-Dancer (Common),{},altered_beyond-the-gate_kadigiran-mage-dancer-(common)
d7377a5e-379f-4a9a-9851-2d4828eb4555,item,0,0,"{""obverse"": ""altered_beyond-the-gate_kadigiran-mage-dancer-(faction-rare)"", ""reverse"": ""altered_card-back""}","{""name_printed"": ""Kadigiran Mage-Dancer"", ""functional_disambiguator"": ""Faction Rare"", ""number"": ""BTG-156-F"", ""item_dimensions"": ""{\u0022height\u0022: \u00223.5\u0022, \u0022width\u0022: \u00222.5\u0022, \u0022unit\u0022: \u0022inch\u0022}""}",b65fcb03-9be4-4a48-a06d-b66a4c47de76,b8936c8c-5672-43d6-92a6-66a07ea2eb6b,Kadigiran Mage-Dancer (Faction Rare),Kadigiran Mage-Dancer (Faction Rare),{},altered_beyond-the-gate_kadigiran-mage-dancer-(faction-rare)
0d410bf8-f584-47a2-9756-dca1da83ae0f,item,0,0,"{""obverse"": ""altered_beyond-the-gate_kadigiran-mage-dancer-(rare)"", ""reverse"": ""altered_card-back""}","{""name_printed"": ""Kadigiran Mage-Dancer"", ""functional_disambiguator"": ""Rare"", ""number"": ""BTG-156-R"", ""item_dimensions"": ""{\u0022height\u0022: \u00223.5\u0022, \u0022width\u0022: \u00222.5\u0022, \u0022unit\u0022: \u0022inch\u0022}""}",b65fcb03-9be4-4a48-a06d-b66a4c47de76,b8936c8c-5672-43d6-92a6-66a07ea2eb6b,Kadigiran Mage-Dancer (Rare),Kadigiran Mage-Dancer (Rare),{},altered_beyond-the-gate_kadigiran-mage-dancer-(rare)
87a3f4d0-75e0-4d22-8cdb-6951a7866a0f,item,0,0,"{""obverse"": ""altered_beyond-the-gate_kaibara,-asgarthan-leviathan-(common)"", ""reverse"": ""altered_card-back""}","{""name_printed"": ""Kaibara, Asgarthan Leviathan"", ""functional_disambiguator"": ""Common"", ""number"": ""BTG-054-C"", ""item_dimensions"": ""{\u0022height\u0022: \u00223.5\u0022, \u0022width\u0022: \u00222.5\u0022, \u0022unit\u0022: \u0022inch\u0022}""}",b65fcb03-9be4-4a48-a06d-b66a4c47de76,b8936c8c-5672-43d6-92a6-66a07ea2eb6b,"Kaibara, Asgarthan Leviathan (Common)","Kaibara, Asgarthan Leviathan (Common)",{},"altered_beyond-the-gate_kaibara,-asgarthan-leviathan-(common)"
f0bd47c2-6888-4073-a705-904c19ce7b4c,item,0,0,"{""obverse"": ""altered_beyond-the-gate_kaibara,-asgarthan-leviathan-(faction-rare)"", ""reverse"": ""altered_card-back""}","{""name_printed"": ""Kaibara, Asgarthan Leviathan"", ""functional_disambiguator"": ""Faction Rare"", ""number"": ""BTG-054-F"", ""item_dimensions"": ""{\u0022height\u0022: \u00223.5\u0022, \u0022width\u0022: \u00222.5\u0022, \u0022unit\u0022: \u0022inch\u0022}""}",b65fcb03-9be4-4a48-a06d-b66a4c47de76,b8936c8c-5672-43d6-92a6-66a07ea2eb6b,"Kaibara, Asgarthan Leviathan (Faction Rare)","Kaibara, Asgarthan Leviathan (Faction Rare)",{},"altered_beyond-the-gate_kaibara,-asgarthan-leviathan-(faction-rare)"
3838ed04-e87d-41fd-bd42-46598c7867e7,item,0,0,"{""obverse"": ""altered_beyond-the-gate_kaibara,-asgarthan-leviathan-(rare)"", ""reverse"": ""altered_card-back""}","{""name_printed"": ""Kaibara, Asgarthan Leviathan"", ""functional_disambiguator"": ""Rare"", ""number"": ""BTG-054-R"", ""item_dimensions"": ""{\u0022height\u0022: \u00223.5\u0022, \u0022width\u0022: \u00222.5\u0022, \u0022unit\u0022: \u0022inch\u0022}""}",b65fcb03-9be4-4a48-a06d-b66a4c47de76,b8936c8c-5672-43d6-92a6-66a07ea2eb6b,"Kaibara, Asgarthan Leviathan (Rare)","Kaibara, Asgarthan Leviathan (Rare)",{},"altered_beyond-the-gate_kaibara,-asgarthan-leviathan-(rare)"
ce22c593-2d69-4684-9356-b0b2730a365b,item,0,0,"{""obverse"": ""altered_beyond-the-gate_kakoba,-legion-commander-(common)"", ""reverse"": ""altered_card-back""}","{""name_printed"": ""Kakoba, Legion Commander"", ""functional_disambiguator"": ""Common"", ""number"": ""BTG-133-C"", ""item_dimensions"": ""{\u0022height\u0022: \u00223.5\u0022, \u0022width\u0022: \u00222.5\u0022, \u0022unit\u0022: \u0022inch\u0022}""}",b65fcb03-9be4-4a48-a06d-b66a4c47de76,b8936c8c-5672-43d6-92a6-66a07ea2eb6b,"Kakoba, Legion Commander (Common)","Kakoba, Legion Commander (Common)",{},"altered_beyond-the-gate_kakoba,-legion-commander-(common)"
a35deaf5-1f3d-4620-b96c-c297bca3667a,item,0,0,"{""obverse"": ""altered_beyond-the-gate_kakoba,-legion-commander-(faction-rare)"", ""reverse"": ""altered_card-back""}","{""name_printed"": ""Kakoba, Legion Commander"", ""functional_disambiguator"": ""Faction Rare"", ""number"": ""BTG-133-F"", ""item_dimensions"": ""{\u0022height\u0022: \u00223.5\u0022, \u0022width\u0022: \u00222.5\u0022, \u0022unit\u0022: \u0022inch\u0022}""}",b65fcb03-9be4-4a48-a06d-b66a4c47de76,b8936c8c-5672-43d6-92a6-66a07ea2eb6b,"Kakoba, Legion Commander (Faction Rare)","Kakoba, Legion Commander (Faction Rare)",{},"altered_beyond-the-gate_kakoba,-legion-commander-(faction-rare)"
d7b032f4-16a5-4b04-8b49-e93923ec6223,item,0,0,"{""obverse"": ""altered_beyond-the-gate_kakoba,-legion-commander-(rare)"", ""reverse"": ""altered_card-back""}","{""name_printed"": ""Kakoba, Legion Commander"", ""functional_disambiguator"": ""Rare"", ""number"": ""BTG-133-R"", ""item_dimensions"": ""{\u0022height\u0022: \u00223.5\u0022, \u0022width\u0022: \u00222.5\u0022, \u0022unit\u0022: \u0022inch\u0022}""}",b65fcb03-9be4-4a48-a06d-b66a4c47de76,b8936c8c-5672-43d6-92a6-66a07ea2eb6b,"Kakoba, Legion Commander (Rare)","Kakoba, Legion Commander (Rare)",{},"altered_beyond-the-gate_kakoba,-legion-commander-(rare)"
42d3503e-f3f0-4b1e-8e26-b1d896fc4cb8,item,0,0,"{""obverse"": ""altered_beyond-the-gate_kappa-(common)"", ""reverse"": ""altered_card-back""}","{""name_printed"": ""Kappa"", ""functional_disambiguator"": ""Common"", ""number"": ""BTG-050-C"", ""item_dimensions"": ""{\u0022height\u0022: \u00223.5\u0022, \u0022width\u0022: \u00222.5\u0022, \u0022unit\u0022: \u0022inch\u0022}""}",b65fcb03-9be4-4a48-a06d-b66a4c47de76,b8936c8c-5672-43d6-92a6-66a07ea2eb6b,Kappa (Common),Kappa (Common),{},altered_beyond-the-gate_kappa-(common)
7ed57919-7c8a-4414-9915-df1f49c99e39,item,0,0,"{""obverse"": ""altered_beyond-the-gate_kappa-(faction-rare)"", ""reverse"": ""altered_card-back""}","{""name_printed"": ""Kappa"", ""functional_disambiguator"": ""Faction Rare"", ""number"": ""BTG-050-F"", ""item_dimensions"": ""{\u0022height\u0022: \u00223.5\u0022, \u0022width\u0022: \u00222.5\u0022, \u0022unit\u0022: \u0022inch\u0022}""}",b65fcb03-9be4-4a48-a06d-b66a4c47de76,b8936c8c-5672-43d6-92a6-66a07ea2eb6b,Kappa (Faction Rare),Kappa (Faction Rare),{},altered_beyond-the-gate_kappa-(faction-rare)
737b3849-30bf-41ea-acab-242963a729e2,item,0,0,"{""obverse"": ""altered_beyond-the-gate_kappa-(rare)"", ""reverse"": ""altered_card-back""}","{""name_printed"": ""Kappa"", ""functional_disambiguator"": ""Rare"", ""number"": ""BTG-050-R"", ""item_dimensions"": ""{\u0022height\u0022: \u00223.5\u0022, \u0022width\u0022: \u00222.5\u0022, \u0022unit\u0022: \u0022inch\u0022}""}",b65fcb03-9be4-4a48-a06d-b66a4c47de76,b8936c8c-5672-43d6-92a6-66a07ea2eb6b,Kappa (Rare),Kappa (Rare),{},altered_beyond-the-gate_kappa-(rare)
d9cdebd0-cb9b-4ce7-b073-b446031705a5,item,0,0,"{""obverse"": ""altered_beyond-the-gate_kelon-cylinder-(common)"", ""reverse"": ""altered_card-back""}","{""name_printed"": ""Kelon Cylinder"", ""functional_disambiguator"": ""Common"", ""number"": ""BTG-024-C"", ""item_dimensions"": ""{\u0022height\u0022: \u00223.5\u0022, \u0022width\u0022: \u00222.5\u0022, \u0022unit\u0022: \u0022inch\u0022}""}",b65fcb03-9be4-4a48-a06d-b66a4c47de76,b8936c8c-5672-43d6-92a6-66a07ea2eb6b,Kelon Cylinder (Common),Kelon Cylinder (Common),{},altered_beyond-the-gate_kelon-cylinder-(common)
ece81c2a-4778-4645-8c7c-0af843979acb,item,0,0,"{""obverse"": ""altered_beyond-the-gate_kelon-cylinder-(faction-rare)"", ""reverse"": ""altered_card-back""}","{""name_printed"": ""Kelon Cylinder"", ""functional_disambiguator"": ""Faction Rare"", ""number"": ""BTG-024-F"", ""item_dimensions"": ""{\u0022height\u0022: \u00223.5\u0022, \u0022width\u0022: \u00222.5\u0022, \u0022unit\u0022: \u0022inch\u0022}""}",b65fcb03-9be4-4a48-a06d-b66a4c47de76,b8936c8c-5672-43d6-92a6-66a07ea2eb6b,Kelon Cylinder (Faction Rare),Kelon Cylinder (Faction Rare),{},altered_beyond-the-gate_kelon-cylinder-(faction-rare)
1c9e1507-3b8a-4dcd-bad8-d5df1dfaaff7,third-party-document,0,0,"{""obverse"": ""altered_beyond-the-gate_kelon-cylinder-(rare)"", ""reverse"": ""altered_card-back""}","{""name_printed"": ""Kelon Cylinder"", ""functional_disambiguator"": ""Rare"", ""number"": ""BTG-024-R"", ""item_dimensions"": ""{\u0022height\u0022: \u00223.5\u0022, \u0022width\u0022: \u00222.5\u0022, \u0022unit\u0022: \u0022inch\u0022}""}",b65fcb03-9be4-4a48-a06d-b66a4c47de76,b8936c8c-5672-43d6-92a6-66a07ea2eb6b,Kelon Cylinder (Rare),Kelon Cylinder (Rare),{},altered_beyond-the-gate_kelon-cylinder-(rare)
d8069cb1-ff41-4e3b-9bd8-88251b3abb7c,item,0,0,"{""obverse"": ""altered_beyond-the-gate_kelon-elemental-(common)"", ""reverse"": ""altered_card-back""}","{""name_printed"": ""Kelon Elemental"", ""functional_disambiguator"": ""Common"", ""number"": ""BTG-010-C"", ""item_dimensions"": ""{\u0022height\u0022: \u00223.5\u0022, \u0022width\u0022: \u00222.5\u0022, \u0022unit\u0022: \u0022inch\u0022}""}",b65fcb03-9be4-4a48-a06d-b66a4c47de76,b8936c8c-5672-43d6-92a6-66a07ea2eb6b,Kelon Elemental (Common),Kelon Elemental (Common),{},altered_beyond-the-gate_kelon-elemental-(common)
f3e2618d-8f8e-43d3-95a4-440428469a94,item,0,0,"{""obverse"": ""altered_beyond-the-gate_kelon-elemental-(faction-rare)"", ""reverse"": ""altered_card-back""}","{""name_printed"": ""Kelon Elemental"", ""functional_disambiguator"": ""Faction Rare"", ""number"": ""BTG-010-F"", ""item_dimensions"": ""{\u0022height\u0022: \u00223.5\u0022, \u0022width\u0022: \u00222.5\u0022, \u0022unit\u0022: \u0022inch\u0022}""}",b65fcb03-9be4-4a48-a06d-b66a4c47de76,b8936c8c-5672-43d6-92a6-66a07ea2eb6b,Kelon Elemental (Faction Rare),Kelon Elemental (Faction Rare),{},altered_beyond-the-gate_kelon-elemental-(faction-rare)
d60b8991-5343-4d78-8bbd-398f9e5b0b42,item,0,0,"{""obverse"": ""altered_beyond-the-gate_kelon-elemental-(rare)"", ""reverse"": ""altered_card-back""}","{""name_printed"": ""Kelon Elemental"", ""functional_disambiguator"": ""Rare"", ""number"": ""BTG-010-R"", ""item_dimensions"": ""{\u0022height\u0022: \u00223.5\u0022, \u0022width\u0022: \u00222.5\u0022, \u0022unit\u0022: \u0022inch\u0022}""}",b65fcb03-9be4-4a48-a06d-b66a4c47de76,b8936c8c-5672-43d6-92a6-66a07ea2eb6b,Kelon Elemental (Rare),Kelon Elemental (Rare),{},altered_beyond-the-gate_kelon-elemental-(rare)
889b87dd-a024-4027-9174-4072b0488610,item,0,0,"{""obverse"": ""altered_beyond-the-gate_kelonic-generator-(common)"", ""reverse"": ""altered_card-back""}","{""name_printed"": ""Kelonic Generator"", ""functional_disambiguator"": ""Common"", ""number"": ""BTG-027-C"", ""item_dimensions"": ""{\u0022height\u0022: \u00223.5\u0022, \u0022width\u0022: \u00222.5\u0022, \u0022unit\u0022: \u0022inch\u0022}""}",b65fcb03-9be4-4a48-a06d-b66a4c47de76,b8936c8c-5672-43d6-92a6-66a07ea2eb6b,Kelonic Generator (Common),Kelonic Generator (Common),{},altered_beyond-the-gate_kelonic-generator-(common)
68e9a8f4-47f6-47ee-8eab-02f91919dd66,item,0,0,"{""obverse"": ""altered_beyond-the-gate_kelonic-generator-(faction-rare)"", ""reverse"": ""altered_card-back""}","{""name_printed"": ""Kelonic Generator"", ""functional_disambiguator"": ""Faction Rare"", ""number"": ""BTG-027-F"", ""item_dimensions"": ""{\u0022height\u0022: \u00223.5\u0022, \u0022width\u0022: \u00222.5\u0022, \u0022unit\u0022: \u0022inch\u0022}""}",b65fcb03-9be4-4a48-a06d-b66a4c47de76,b8936c8c-5672-43d6-92a6-66a07ea2eb6b,Kelonic Generator (Faction Rare),Kelonic Generator (Faction Rare),{},altered_beyond-the-gate_kelonic-generator-(faction-rare)
00fdaf09-2476-41db-ad5b-64853f398cf0,item,0,0,"{""obverse"": ""altered_beyond-the-gate_kelonic-generator-(rare)"", ""reverse"": ""altered_card-back""}","{""name_printed"": ""Kelonic Generator"", ""functional_disambiguator"": ""Rare"", ""number"": ""BTG-027-R"", ""item_dimensions"": ""{\u0022height\u0022: \u00223.5\u0022, \u0022width\u0022: \u00222.5\u0022, \u0022unit\u0022: \u0022inch\u0022}""}",b65fcb03-9be4-4a48-a06d-b66a4c47de76,b8936c8c-5672-43d6-92a6-66a07ea2eb6b,Kelonic Generator (Rare),Kelonic Generator (Rare),{},altered_beyond-the-gate_kelonic-generator-(rare)
5fd47ec1-f2f3-4c70-a3fb-5e34a9f7bb25,item,0,0,"{""obverse"": ""altered_beyond-the-gate_kitsune-(common)"", ""reverse"": ""altered_card-back""}","{""name_printed"": ""Kitsune"", ""functional_disambiguator"": ""Common"", ""number"": ""BTG-097-C"", ""item_dimensions"": ""{\u0022height\u0022: \u00223.5\u0022, \u0022width\u0022: \u00222.5\u0022, \u0022unit\u0022: \u0022inch\u0022}""}",b65fcb03-9be4-4a48-a06d-b66a4c47de76,b8936c8c-5672-43d6-92a6-66a07ea2eb6b,Kitsune (Common),Kitsune (Common),{},altered_beyond-the-gate_kitsune-(common)
9ea49929-473d-4d6c-932e-4a3e4407e2ed,item,0,0,"{""obverse"": ""altered_beyond-the-gate_kitsune-(faction-rare)"", ""reverse"": ""altered_card-back""}","{""name_printed"": ""Kitsune"", ""functional_disambiguator"": ""Faction Rare"", ""number"": ""BTG-097-F"", ""item_dimensions"": ""{\u0022height\u0022: \u00223.5\u0022, \u0022width\u0022: \u00222.5\u0022, \u0022unit\u0022: \u0022inch\u0022}""}",b65fcb03-9be4-4a48-a06d-b66a4c47de76,b8936c8c-5672-43d6-92a6-66a07ea2eb6b,Kitsune (Faction Rare),Kitsune (Faction Rare),{},altered_beyond-the-gate_kitsune-(faction-rare)
0a5920a1-9f74-4dfa-8621-1414d80a4009,item,0,0,"{""obverse"": ""altered_beyond-the-gate_kitsune-(rare)"", ""reverse"": ""altered_card-back""}","{""name_printed"": ""Kitsune"", ""functional_disambiguator"": ""Rare"", ""number"": ""BTG-097-R"", ""item_dimensions"": ""{\u0022height\u0022: \u00223.5\u0022, \u0022width\u0022: \u00222.5\u0022, \u0022unit\u0022: \u0022inch\u0022}""}",b65fcb03-9be4-4a48-a06d-b66a4c47de76,b8936c8c-5672-43d6-92a6-66a07ea2eb6b,Kitsune (Rare),Kitsune (Rare),{},altered_beyond-the-gate_kitsune-(rare)
d37b2c00-7af2-4151-a7f0-004d269cbcef,item,0,0,"{""obverse"": ""altered_beyond-the-gate_kodama-(common)"", ""reverse"": ""altered_card-back""}","{""name_printed"": ""Kodama"", ""functional_disambiguator"": ""Common"", ""number"": ""BTG-098-C"", ""item_dimensions"": ""{\u0022height\u0022: \u00223.5\u0022, \u0022width\u0022: \u00222.5\u0022, \u0022unit\u0022: \u0022inch\u0022}""}",b65fcb03-9be4-4a48-a06d-b66a4c47de76,b8936c8c-5672-43d6-92a6-66a07ea2eb6b,Kodama (Common),Kodama (Common),{},altered_beyond-the-gate_kodama-(common)
20656895-ac49-4902-8736-97abb74b5e24,item,0,0,"{""obverse"": ""altered_beyond-the-gate_kodama-(faction-rare)"", ""reverse"": ""altered_card-back""}","{""name_printed"": ""Kodama"", ""functional_disambiguator"": ""Faction Rare"", ""number"": ""BTG-098-F"", ""item_dimensions"": ""{\u0022height\u0022: \u00223.5\u0022, \u0022width\u0022: \u00222.5\u0022, \u0022unit\u0022: \u0022inch\u0022}""}",b65fcb03-9be4-4a48-a06d-b66a4c47de76,b8936c8c-5672-43d6-92a6-66a07ea2eb6b,Kodama (Faction Rare),Kodama (Faction Rare),{},altered_beyond-the-gate_kodama-(faction-rare)
893469d1-606d-45a1-8229-95cb5c988594,item,0,0,"{""obverse"": ""altered_beyond-the-gate_kodama-(rare)"", ""reverse"": ""altered_card-back""}","{""name_printed"": ""Kodama"", ""functional_disambiguator"": ""Rare"", ""number"": ""BTG-098-R"", ""item_dimensions"": ""{\u0022height\u0022: \u00223.5\u0022, \u0022width\u0022: \u00222.5\u0022, \u0022unit\u0022: \u0022inch\u0022}""}",b65fcb03-9be4-4a48-a06d-b66a4c47de76,b8936c8c-5672-43d6-92a6-66a07ea2eb6b,Kodama (Rare),Kodama (Rare),{},altered_beyond-the-gate_kodama-(rare)
925c3153-fb7d-4b61-b99e-7966ad07b8ce,item,0,0,"{""obverse"": ""altered_beyond-the-gate_kojo-&-booda"", ""reverse"": ""altered_card-back""}","{""name_printed"": ""Kojo & Booda"", ""number"": ""BTG-031-H"", ""item_dimensions"": ""{\u0022height\u0022: \u00223.5\u0022, \u0022width\u0022: \u00222.5\u0022, \u0022unit\u0022: \u0022inch\u0022}""}",b65fcb03-9be4-4a48-a06d-b66a4c47de76,b8936c8c-5672-43d6-92a6-66a07ea2eb6b,Kojo & Booda,Kojo & Booda,{},altered_beyond-the-gate_kojo-&-booda
7c7c8a6a-79d9-44fd-b6f0-3c7f9af5d6af,item,0,0,"{""obverse"": ""altered_beyond-the-gate_kraken's-wrath-(common)"", ""reverse"": ""altered_card-back""}","{""name_printed"": ""Kraken's Wrath"", ""functional_disambiguator"": ""Common"", ""number"": ""BTG-175-C"", ""item_dimensions"": ""{\u0022height\u0022: \u00223.5\u0022, \u0022width\u0022: \u00222.5\u0022, \u0022unit\u0022: \u0022inch\u0022}""}",b65fcb03-9be4-4a48-a06d-b66a4c47de76,b8936c8c-5672-43d6-92a6-66a07ea2eb6b,Kraken's Wrath (Common),Kraken's Wrath (Common),{},altered_beyond-the-gate_kraken's-wrath-(common)
3f62c54c-fe34-475e-8f1a-9f280c33d72f,item,0,0,"{""obverse"": ""altered_beyond-the-gate_kraken's-wrath-(faction-rare)"", ""reverse"": ""altered_card-back""}","{""name_printed"": ""Kraken's Wrath"", ""functional_disambiguator"": ""Faction Rare"", ""number"": ""BTG-175-F"", ""item_dimensions"": ""{\u0022height\u0022: \u00223.5\u0022, \u0022width\u0022: \u00222.5\u0022, \u0022unit\u0022: \u0022inch\u0022}""}",b65fcb03-9be4-4a48-a06d-b66a4c47de76,b8936c8c-5672-43d6-92a6-66a07ea2eb6b,Kraken's Wrath (Faction Rare),Kraken's Wrath (Faction Rare),{},altered_beyond-the-gate_kraken's-wrath-(faction-rare)
9c087928-a04a-4413-8398-2c5eef967158,item,0,0,"{""obverse"": ""altered_beyond-the-gate_kraken's-wrath-(rare)"", ""reverse"": ""altered_card-back""}","{""name_printed"": ""Kraken's Wrath"", ""functional_disambiguator"": ""Rare"", ""number"": ""BTG-175-R"", ""item_dimensions"": ""{\u0022height\u0022: \u00223.5\u0022, \u0022width\u0022: \u00222.5\u0022, \u0022unit\u0022: \u0022inch\u0022}""}",b65fcb03-9be4-4a48-a06d-b66a4c47de76,b8936c8c-5672-43d6-92a6-66a07ea2eb6b,Kraken's Wrath (Rare),Kraken's Wrath (Rare),{},altered_beyond-the-gate_kraken's-wrath-(rare)
6ad386e4-190d-4be5-9ad6-a5ee23ef7069,item,0,0,"{""obverse"": ""altered_beyond-the-gate_kuwat,-the-dissenter-(common)"", ""reverse"": ""altered_card-back""}","{""name_printed"": ""Kuwat, the Dissenter"", ""functional_disambiguator"": ""Common"", ""number"": ""BTG-165-C"", ""item_dimensions"": ""{\u0022height\u0022: \u00223.5\u0022, \u0022width\u0022: \u00222.5\u0022, \u0022unit\u0022: \u0022inch\u0022}""}",b65fcb03-9be4-4a48-a06d-b66a4c47de76,b8936c8c-5672-43d6-92a6-66a07ea2eb6b,"Kuwat, the Dissenter (Common)","Kuwat, the Dissenter (Common)",{},"altered_beyond-the-gate_kuwat,-the-dissenter-(common)"
78a45228-c28e-4242-9d58-296634927157,item,0,0,"{""obverse"": ""altered_beyond-the-gate_kuwat,-the-dissenter-(faction-rare)"", ""reverse"": ""altered_card-back""}","{""name_printed"": ""Kuwat, the Dissenter"", ""functional_disambiguator"": ""Faction Rare"", ""number"": ""BTG-165-F"", ""item_dimensions"": ""{\u0022height\u0022: \u00223.5\u0022, \u0022width\u0022: \u00222.5\u0022, \u0022unit\u0022: \u0022inch\u0022}""}",b65fcb03-9be4-4a48-a06d-b66a4c47de76,b8936c8c-5672-43d6-92a6-66a07ea2eb6b,"Kuwat, the Dissenter (Faction Rare)","Kuwat, the Dissenter (Faction Rare)",{},"altered_beyond-the-gate_kuwat,-the-dissenter-(faction-rare)"
c3e2644c-9487-46f8-8bcd-9ebe31f01b67,item,0,0,"{""obverse"": ""altered_beyond-the-gate_kuwat,-the-dissenter-(rare)"", ""reverse"": ""altered_card-back""}","{""name_printed"": ""Kuwat, the Dissenter"", ""functional_disambiguator"": ""Rare"", ""number"": ""BTG-165-R"", ""item_dimensions"": ""{\u0022height\u0022: \u00223.5\u0022, \u0022width\u0022: \u00222.5\u0022, \u0022unit\u0022: \u0022inch\u0022}""}",b65fcb03-9be4-4a48-a06d-b66a4c47de76,b8936c8c-5672-43d6-92a6-66a07ea2eb6b,"Kuwat, the Dissenter (Rare)","Kuwat, the Dissenter (Rare)",{},"altered_beyond-the-gate_kuwat,-the-dissenter-(rare)"
03506f11-e561-4b4a-b2d5-17ad1ab38874,item,0,0,"{""obverse"": ""altered_beyond-the-gate_lady-of-the-lake-(common)"", ""reverse"": ""altered_card-back""}","{""name_printed"": ""Lady of the Lake"", ""functional_disambiguator"": ""Common"", ""number"": ""BTG-158-C"", ""item_dimensions"": ""{\u0022height\u0022: \u00223.5\u0022, \u0022width\u0022: \u00222.5\u0022, \u0022unit\u0022: \u0022inch\u0022}""}",b65fcb03-9be4-4a48-a06d-b66a4c47de76,b8936c8c-5672-43d6-92a6-66a07ea2eb6b,Lady of the Lake (Common),Lady of the Lake (Common),{},altered_beyond-the-gate_lady-of-the-lake-(common)
f5d06c2c-2727-460e-a956-d0835c8ee9a4,item,0,0,"{""obverse"": ""altered_beyond-the-gate_lady-of-the-lake-(faction-rare)"", ""reverse"": ""altered_card-back""}","{""name_printed"": ""Lady of the Lake"", ""functional_disambiguator"": ""Faction Rare"", ""number"": ""BTG-158-F"", ""item_dimensions"": ""{\u0022height\u0022: \u00223.5\u0022, \u0022width\u0022: \u00222.5\u0022, \u0022unit\u0022: \u0022inch\u0022}""}",b65fcb03-9be4-4a48-a06d-b66a4c47de76,b8936c8c-5672-43d6-92a6-66a07ea2eb6b,Lady of the Lake (Faction Rare),Lady of the Lake (Faction Rare),{},altered_beyond-the-gate_lady-of-the-lake-(faction-rare)
b3e12316-7bb0-4fb2-a369-13ea788f4dab,item,0,0,"{""obverse"": ""altered_beyond-the-gate_lady-of-the-lake-(rare)"", ""reverse"": ""altered_card-back""}","{""name_printed"": ""Lady of the Lake"", ""functional_disambiguator"": ""Rare"", ""number"": ""BTG-158-R"", ""item_dimensions"": ""{\u0022height\u0022: \u00223.5\u0022, \u0022width\u0022: \u00222.5\u0022, \u0022unit\u0022: \u0022inch\u0022}""}",b65fcb03-9be4-4a48-a06d-b66a4c47de76,b8936c8c-5672-43d6-92a6-66a07ea2eb6b,Lady of the Lake (Rare),Lady of the Lake (Rare),{},altered_beyond-the-gate_lady-of-the-lake-(rare)
27c4951e-4c60-4921-a8be-a981daf3b802,item,0,0,"{""obverse"": ""altered_beyond-the-gate_lindiwe-&-maw"", ""reverse"": ""altered_card-back""}","{""name_printed"": ""Lindiwe & Maw"", ""number"": ""BTG-153-H"", ""item_dimensions"": ""{\u0022height\u0022: \u00223.5\u0022, \u0022width\u0022: \u00222.5\u0022, \u0022unit\u0022: \u0022inch\u0022}""}",b65fcb03-9be4-4a48-a06d-b66a4c47de76,b8936c8c-5672-43d6-92a6-66a07ea2eb6b,Lindiwe & Maw,Lindiwe & Maw,{},altered_beyond-the-gate_lindiwe-&-maw
88368f90-e7db-45ac-90d9-2144931751ab,item,0,0,"{""obverse"": ""altered_beyond-the-gate_loki-(common)"", ""reverse"": ""altered_card-back""}","{""name_printed"": ""Loki"", ""functional_disambiguator"": ""Common"", ""number"": ""BTG-081-C"", ""item_dimensions"": ""{\u0022height\u0022: \u00223.5\u0022, \u0022width\u0022: \u00222.5\u0022, \u0022unit\u0022: \u0022inch\u0022}""}",b65fcb03-9be4-4a48-a06d-b66a4c47de76,b8936c8c-5672-43d6-92a6-66a07ea2eb6b,Loki (Common),Loki (Common),{},altered_beyond-the-gate_loki-(common)
2413e3ea-8cf1-48c4-b79b-26c8080fb582,item,0,0,"{""obverse"": ""altered_beyond-the-gate_loki-(faction-rare)"", ""reverse"": ""altered_card-back""}","{""name_printed"": ""Loki"", ""functional_disambiguator"": ""Faction Rare"", ""number"": ""BTG-081-F"", ""item_dimensions"": ""{\u0022height\u0022: \u00223.5\u0022, \u0022width\u0022: \u00222.5\u0022, \u0022unit\u0022: \u0022inch\u0022}""}",b65fcb03-9be4-4a48-a06d-b66a4c47de76,b8936c8c-5672-43d6-92a6-66a07ea2eb6b,Loki (Faction Rare),Loki (Faction Rare),{},altered_beyond-the-gate_loki-(faction-rare)
606d3f14-0a36-4f09-8cb9-aa51dae6d01b,item,0,0,"{""obverse"": ""altered_beyond-the-gate_loki-(rare)"", ""reverse"": ""altered_card-back""}","{""name_printed"": ""Loki"", ""functional_disambiguator"": ""Rare"", ""number"": ""BTG-081-R"", ""item_dimensions"": ""{\u0022height\u0022: \u00223.5\u0022, \u0022width\u0022: \u00222.5\u0022, \u0022unit\u0022: \u0022inch\u0022}""}",b65fcb03-9be4-4a48-a06d-b66a4c47de76,b8936c8c-5672-43d6-92a6-66a07ea2eb6b,Loki (Rare),Loki (Rare),{},altered_beyond-the-gate_loki-(rare)
121df9df-da5f-4612-b43f-faf438008cf4,item,0,0,"{""obverse"": ""altered_beyond-the-gate_lyra-chronicler-(common)"", ""reverse"": ""altered_card-back""}","{""name_printed"": ""Lyra Chronicler"", ""functional_disambiguator"": ""Common"", ""number"": ""BTG-073-C"", ""item_dimensions"": ""{\u0022height\u0022: \u00223.5\u0022, \u0022width\u0022: \u00222.5\u0022, \u0022unit\u0022: \u0022inch\u0022}""}",b65fcb03-9be4-4a48-a06d-b66a4c47de76,b8936c8c-5672-43d6-92a6-66a07ea2eb6b,Lyra Chronicler (Common),Lyra Chronicler (Common),{},altered_beyond-the-gate_lyra-chronicler-(common)
e6853c7c-c7fc-4abd-842c-f1fe76f64a38,item,0,0,"{""obverse"": ""altered_beyond-the-gate_lyra-chronicler-(faction-rare)"", ""reverse"": ""altered_card-back""}","{""name_printed"": ""Lyra Chronicler"", ""functional_disambiguator"": ""Faction Rare"", ""number"": ""BTG-073-F"", ""item_dimensions"": ""{\u0022height\u0022: \u00223.5\u0022, \u0022width\u0022: \u00222.5\u0022, \u0022unit\u0022: \u0022inch\u0022}""}",b65fcb03-9be4-4a48-a06d-b66a4c47de76,b8936c8c-5672-43d6-92a6-66a07ea2eb6b,Lyra Chronicler (Faction Rare),Lyra Chronicler (Faction Rare),{},altered_beyond-the-gate_lyra-chronicler-(faction-rare)
e9d69fd2-c4e0-497c-b3bc-2570e8186463,item,0,0,"{""obverse"": ""altered_beyond-the-gate_lyra-chronicler-(rare)"", ""reverse"": ""altered_card-back""}","{""name_printed"": ""Lyra Chronicler"", ""functional_disambiguator"": ""Rare"", ""number"": ""BTG-073-R"", ""item_dimensions"": ""{\u0022height\u0022: \u00223.5\u0022, \u0022width\u0022: \u00222.5\u0022, \u0022unit\u0022: \u0022inch\u0022}""}",b65fcb03-9be4-4a48-a06d-b66a4c47de76,b8936c8c-5672-43d6-92a6-66a07ea2eb6b,Lyra Chronicler (Rare),Lyra Chronicler (Rare),{},altered_beyond-the-gate_lyra-chronicler-(rare)
67e816b9-5363-4e6a-af12-29bb70b49a31,item,0,0,"{""obverse"": ""altered_beyond-the-gate_lyra-cloth-dancer-(common)"", ""reverse"": ""altered_card-back""}","{""name_printed"": ""Lyra Cloth Dancer"", ""functional_disambiguator"": ""Common"", ""number"": ""BTG-072-C"", ""item_dimensions"": ""{\u0022height\u0022: \u00223.5\u0022, \u0022width\u0022: \u00222.5\u0022, \u0022unit\u0022: \u0022inch\u0022}""}",b65fcb03-9be4-4a48-a06d-b66a4c47de76,b8936c8c-5672-43d6-92a6-66a07ea2eb6b,Lyra Cloth Dancer (Common),Lyra Cloth Dancer (Common),{},altered_beyond-the-gate_lyra-cloth-dancer-(common)
d4b6e692-4712-4be0-b07b-1149f1be55f0,item,0,0,"{""obverse"": ""altered_beyond-the-gate_lyra-cloth-dancer-(faction-rare)"", ""reverse"": ""altered_card-back""}","{""name_printed"": ""Lyra Cloth Dancer"", ""functional_disambiguator"": ""Faction Rare"", ""number"": ""BTG-072-F"", ""item_dimensions"": ""{\u0022height\u0022: \u00223.5\u0022, \u0022width\u0022: \u00222.5\u0022, \u0022unit\u0022: \u0022inch\u0022}""}",b65fcb03-9be4-4a48-a06d-b66a4c47de76,b8936c8c-5672-43d6-92a6-66a07ea2eb6b,Lyra Cloth Dancer (Faction Rare),Lyra Cloth Dancer (Faction Rare),{},altered_beyond-the-gate_lyra-cloth-dancer-(faction-rare)
a960533c-41ee-4c46-8724-8bfb5f66b435,item,0,0,"{""obverse"": ""altered_beyond-the-gate_lyra-cloth-dancer-(rare)"", ""reverse"": ""altered_card-back""}","{""name_printed"": ""Lyra Cloth Dancer"", ""functional_disambiguator"": ""Rare"", ""number"": ""BTG-072-R"", ""item_dimensions"": ""{\u0022height\u0022: \u00223.5\u0022, \u0022width\u0022: \u00222.5\u0022, \u0022unit\u0022: \u0022inch\u0022}""}",b65fcb03-9be4-4a48-a06d-b66a4c47de76,b8936c8c-5672-43d6-92a6-66a07ea2eb6b,Lyra Cloth Dancer (Rare),Lyra Cloth Dancer (Rare),{},altered_beyond-the-gate_lyra-cloth-dancer-(rare)
0e05f854-50b3-49e5-a23d-92df5ea39fbb,item,0,0,"{""obverse"": ""altered_beyond-the-gate_lyra-festival-(common)"", ""reverse"": ""altered_card-back""}","{""name_printed"": ""Lyra Festival"", ""functional_disambiguator"": ""Common"", ""number"": ""BTG-089-C"", ""item_dimensions"": ""{\u0022height\u0022: \u00223.5\u0022, \u0022width\u0022: \u00222.5\u0022, \u0022unit\u0022: \u0022inch\u0022}""}",b65fcb03-9be4-4a48-a06d-b66a4c47de76,b8936c8c-5672-43d6-92a6-66a07ea2eb6b,Lyra Festival (Common),Lyra Festival (Common),{},altered_beyond-the-gate_lyra-festival-(common)
e32499e0-a32a-4fe8-9bbf-048241acaccd,item,0,0,"{""obverse"": ""altered_beyond-the-gate_lyra-festival-(faction-rare)"", ""reverse"": ""altered_card-back""}","{""name_printed"": ""Lyra Festival"", ""functional_disambiguator"": ""Faction Rare"", ""number"": ""BTG-089-F"", ""item_dimensions"": ""{\u0022height\u0022: \u00223.5\u0022, \u0022width\u0022: \u00222.5\u0022, \u0022unit\u0022: \u0022inch\u0022}""}",b65fcb03-9be4-4a48-a06d-b66a4c47de76,b8936c8c-5672-43d6-92a6-66a07ea2eb6b,Lyra Festival (Faction Rare),Lyra Festival (Faction Rare),{},altered_beyond-the-gate_lyra-festival-(faction-rare)
ad26017c-4c1f-47fd-a78c-5527023c4325,item,0,0,"{""obverse"": ""altered_beyond-the-gate_lyra-festival-(rare)"", ""reverse"": ""altered_card-back""}","{""name_printed"": ""Lyra Festival"", ""functional_disambiguator"": ""Rare"", ""number"": ""BTG-089-R"", ""item_dimensions"": ""{\u0022height\u0022: \u00223.5\u0022, \u0022width\u0022: \u00222.5\u0022, \u0022unit\u0022: \u0022inch\u0022}""}",b65fcb03-9be4-4a48-a06d-b66a4c47de76,b8936c8c-5672-43d6-92a6-66a07ea2eb6b,Lyra Festival (Rare),Lyra Festival (Rare),{},altered_beyond-the-gate_lyra-festival-(rare)
29abeacc-e614-4c21-b552-8002172944fb,item,0,0,"{""obverse"": ""altered_beyond-the-gate_lyra-navigator-(common)"", ""reverse"": ""altered_card-back""}","{""name_printed"": ""Lyra Navigator"", ""functional_disambiguator"": ""Common"", ""number"": ""BTG-070-C"", ""item_dimensions"": ""{\u0022height\u0022: \u00223.5\u0022, \u0022width\u0022: \u00222.5\u0022, \u0022unit\u0022: \u0022inch\u0022}""}",b65fcb03-9be4-4a48-a06d-b66a4c47de76,b8936c8c-5672-43d6-92a6-66a07ea2eb6b,Lyra Navigator (Common),Lyra Navigator (Common),{},altered_beyond-the-gate_lyra-navigator-(common)
21a2e43c-0ef5-457f-9242-a435bf1d735f,item,0,0,"{""obverse"": ""altered_beyond-the-gate_lyra-navigator-(faction-rare)"", ""reverse"": ""altered_card-back""}","{""name_printed"": ""Lyra Navigator"", ""functional_disambiguator"": ""Faction Rare"", ""number"": ""BTG-070-F"", ""item_dimensions"": ""{\u0022height\u0022: \u00223.5\u0022, \u0022width\u0022: \u00222.5\u0022, \u0022unit\u0022: \u0022inch\u0022}""}",b65fcb03-9be4-4a48-a06d-b66a4c47de76,b8936c8c-5672-43d6-92a6-66a07ea2eb6b,Lyra Navigator (Faction Rare),Lyra Navigator (Faction Rare),{},altered_beyond-the-gate_lyra-navigator-(faction-rare)
1c02842e-bbe9-45ea-8f5d-dd9f3c67231f,item,0,0,"{""obverse"": ""altered_beyond-the-gate_lyra-navigator-(rare)"", ""reverse"": ""altered_card-back""}","{""name_printed"": ""Lyra Navigator"", ""functional_disambiguator"": ""Rare"", ""number"": ""BTG-070-R"", ""item_dimensions"": ""{\u0022height\u0022: \u00223.5\u0022, \u0022width\u0022: \u00222.5\u0022, \u0022unit\u0022: \u0022inch\u0022}""}",b65fcb03-9be4-4a48-a06d-b66a4c47de76,b8936c8c-5672-43d6-92a6-66a07ea2eb6b,Lyra Navigator (Rare),Lyra Navigator (Rare),{},altered_beyond-the-gate_lyra-navigator-(rare)
5e2dfc90-c5a6-4055-be4b-898830e895de,item,0,0,"{""obverse"": ""altered_beyond-the-gate_lyra-skald-(common)"", ""reverse"": ""altered_card-back""}","{""name_printed"": ""Lyra Skald"", ""functional_disambiguator"": ""Common"", ""number"": ""BTG-067-C"", ""item_dimensions"": ""{\u0022height\u0022: \u00223.5\u0022, \u0022width\u0022: \u00222.5\u0022, \u0022unit\u0022: \u0022inch\u0022}""}",b65fcb03-9be4-4a48-a06d-b66a4c47de76,b8936c8c-5672-43d6-92a6-66a07ea2eb6b,Lyra Skald (Common),Lyra Skald (Common),{},altered_beyond-the-gate_lyra-skald-(common)
3f931b86-0663-49a4-9262-e0e87a5a1b17,item,0,0,"{""obverse"": ""altered_beyond-the-gate_lyra-skald-(faction-rare)"", ""reverse"": ""altered_card-back""}","{""name_printed"": ""Lyra Skald"", ""functional_disambiguator"": ""Faction Rare"", ""number"": ""BTG-067-F"", ""item_dimensions"": ""{\u0022height\u0022: \u00223.5\u0022, \u0022width\u0022: \u00222.5\u0022, \u0022unit\u0022: \u0022inch\u0022}""}",b65fcb03-9be4-4a48-a06d-b66a4c47de76,b8936c8c-5672-43d6-92a6-66a07ea2eb6b,Lyra Skald (Faction Rare),Lyra Skald (Faction Rare),{},altered_beyond-the-gate_lyra-skald-(faction-rare)
e14b31a5-9119-4900-a182-14cc6294a39e,item,0,0,"{""obverse"": ""altered_beyond-the-gate_lyra-skald-(rare)"", ""reverse"": ""altered_card-back""}","{""name_printed"": ""Lyra Skald"", ""functional_disambiguator"": ""Rare"", ""number"": ""BTG-067-R"", ""item_dimensions"": ""{\u0022height\u0022: \u00223.5\u0022, \u0022width\u0022: \u00222.5\u0022, \u0022unit\u0022: \u0022inch\u0022}""}",b65fcb03-9be4-4a48-a06d-b66a4c47de76,b8936c8c-5672-43d6-92a6-66a07ea2eb6b,Lyra Skald (Rare),Lyra Skald (Rare),{},altered_beyond-the-gate_lyra-skald-(rare)
3a193c38-7753-4a5a-a09b-7a1531780928,item,0,0,"{""obverse"": ""altered_beyond-the-gate_lyra-thespian-(common)"", ""reverse"": ""altered_card-back""}","{""name_printed"": ""Lyra Thespian"", ""functional_disambiguator"": ""Common"", ""number"": ""BTG-068-C"", ""item_dimensions"": ""{\u0022height\u0022: \u00223.5\u0022, \u0022width\u0022: \u00222.5\u0022, \u0022unit\u0022: \u0022inch\u0022}""}",b65fcb03-9be4-4a48-a06d-b66a4c47de76,b8936c8c-5672-43d6-92a6-66a07ea2eb6b,Lyra Thespian (Common),Lyra Thespian (Common),{},altered_beyond-the-gate_lyra-thespian-(common)
022682d6-c406-46f7-9453-83c81bfb77ba,item,0,0,"{""obverse"": ""altered_beyond-the-gate_lyra-thespian-(faction-rare)"", ""reverse"": ""altered_card-back""}","{""name_printed"": ""Lyra Thespian"", ""functional_disambiguator"": ""Faction Rare"", ""number"": ""BTG-068-F"", ""item_dimensions"": ""{\u0022height\u0022: \u00223.5\u0022, \u0022width\u0022: \u00222.5\u0022, \u0022unit\u0022: \u0022inch\u0022}""}",b65fcb03-9be4-4a48-a06d-b66a4c47de76,b8936c8c-5672-43d6-92a6-66a07ea2eb6b,Lyra Thespian (Faction Rare),Lyra Thespian (Faction Rare),{},altered_beyond-the-gate_lyra-thespian-(faction-rare)
60f0eda7-7660-4141-a9fe-98bb96c5e52e,item,0,0,"{""obverse"": ""altered_beyond-the-gate_lyra-thespian-(rare)"", ""reverse"": ""altered_card-back""}","{""name_printed"": ""Lyra Thespian"", ""functional_disambiguator"": ""Rare"", ""number"": ""BTG-068-R"", ""item_dimensions"": ""{\u0022height\u0022: \u00223.5\u0022, \u0022width\u0022: \u00222.5\u0022, \u0022unit\u0022: \u0022inch\u0022}""}",b65fcb03-9be4-4a48-a06d-b66a4c47de76,b8936c8c-5672-43d6-92a6-66a07ea2eb6b,Lyra Thespian (Rare),Lyra Thespian (Rare),{},altered_beyond-the-gate_lyra-thespian-(rare)
eefdfebe-d5fc-4e62-b24a-b2353048c751,item,0,0,"{""obverse"": ""altered_beyond-the-gate_magical-training-(common)"", ""reverse"": ""altered_card-back""}","{""name_printed"": ""Magical Training"", ""functional_disambiguator"": ""Common"", ""number"": ""BTG-169-C"", ""item_dimensions"": ""{\u0022height\u0022: \u00223.5\u0022, \u0022width\u0022: \u00222.5\u0022, \u0022unit\u0022: \u0022inch\u0022}""}",b65fcb03-9be4-4a48-a06d-b66a4c47de76,b8936c8c-5672-43d6-92a6-66a07ea2eb6b,Magical Training (Common),Magical Training (Common),{},altered_beyond-the-gate_magical-training-(common)
e49a2f1d-2bff-4d54-8778-612dbc2de598,item,0,0,"{""obverse"": ""altered_beyond-the-gate_magical-training-(faction-rare)"", ""reverse"": ""altered_card-back""}","{""name_printed"": ""Magical Training"", ""functional_disambiguator"": ""Faction Rare"", ""number"": ""BTG-169-F"", ""item_dimensions"": ""{\u0022height\u0022: \u00223.5\u0022, \u0022width\u0022: \u00222.5\u0022, \u0022unit\u0022: \u0022inch\u0022}""}",b65fcb03-9be4-4a48-a06d-b66a4c47de76,b8936c8c-5672-43d6-92a6-66a07ea2eb6b,Magical Training (Faction Rare),Magical Training (Faction Rare),{},altered_beyond-the-gate_magical-training-(faction-rare)
9aa86e3b-f896-44a6-9db9-bfdb88940afa,item,0,0,"{""obverse"": ""altered_beyond-the-gate_magical-training-(rare)"", ""reverse"": ""altered_card-back""}","{""name_printed"": ""Magical Training"", ""functional_disambiguator"": ""Rare"", ""number"": ""BTG-169-R"", ""item_dimensions"": ""{\u0022height\u0022: \u00223.5\u0022, \u0022width\u0022: \u00222.5\u0022, \u0022unit\u0022: \u0022inch\u0022}""}",b65fcb03-9be4-4a48-a06d-b66a4c47de76,b8936c8c-5672-43d6-92a6-66a07ea2eb6b,Magical Training (Rare),Magical Training (Rare),{},altered_beyond-the-gate_magical-training-(rare)
a79c4dac-23b3-4095-abe8-a802acdaca5f,item,0,0,"{""obverse"": ""altered_beyond-the-gate_mana-channeling-(common)"", ""reverse"": ""altered_card-back""}","{""name_printed"": ""Mana Channeling"", ""functional_disambiguator"": ""Common"", ""number"": ""BTG-057-C"", ""item_dimensions"": ""{\u0022height\u0022: \u00223.5\u0022, \u0022width\u0022: \u00222.5\u0022, \u0022unit\u0022: \u0022inch\u0022}""}",b65fcb03-9be4-4a48-a06d-b66a4c47de76,b8936c8c-5672-43d6-92a6-66a07ea2eb6b,Mana Channeling (Common),Mana Channeling (Common),{},altered_beyond-the-gate_mana-channeling-(common)
16839aff-1042-4239-b9e7-25ec3625aad6,item,0,0,"{""obverse"": ""altered_beyond-the-gate_mana-channeling-(faction-rare)"", ""reverse"": ""altered_card-back""}","{""name_printed"": ""Mana Channeling"", ""functional_disambiguator"": ""Faction Rare"", ""number"": ""BTG-057-F"", ""item_dimensions"": ""{\u0022height\u0022: \u00223.5\u0022, \u0022width\u0022: \u00222.5\u0022, \u0022unit\u0022: \u0022inch\u0022}""}",b65fcb03-9be4-4a48-a06d-b66a4c47de76,b8936c8c-5672-43d6-92a6-66a07ea2eb6b,Mana Channeling (Faction Rare),Mana Channeling (Faction Rare),{},altered_beyond-the-gate_mana-channeling-(faction-rare)
f234d54e-e764-48c1-a193-8d2899a9db85,item,0,0,"{""obverse"": ""altered_beyond-the-gate_mana-channeling-(rare)"", ""reverse"": ""altered_card-back""}","{""name_printed"": ""Mana Channeling"", ""functional_disambiguator"": ""Rare"", ""number"": ""BTG-057-R"", ""item_dimensions"": ""{\u0022height\u0022: \u00223.5\u0022, \u0022width\u0022: \u00222.5\u0022, \u0022unit\u0022: \u0022inch\u0022}""}",b65fcb03-9be4-4a48-a06d-b66a4c47de76,b8936c8c-5672-43d6-92a6-66a07ea2eb6b,Mana Channeling (Rare),Mana Channeling (Rare),{},altered_beyond-the-gate_mana-channeling-(rare)
1a0cd792-a5b5-4a16-aa9b-be77803db975,item,0,0,"{""obverse"": ""altered_beyond-the-gate_mana-convergence"", ""reverse"": ""altered_card-back""}","{""name_printed"": ""Mana Convergence"", ""number"": ""BTG-186-T"", ""item_dimensions"": ""{\u0022height\u0022: \u00223.5\u0022, \u0022width\u0022: \u00222.5\u0022, \u0022unit\u0022: \u0022inch\u0022}""}",b65fcb03-9be4-4a48-a06d-b66a4c47de76,b8936c8c-5672-43d6-92a6-66a07ea2eb6b,Mana Convergence,Mana Convergence,{},altered_beyond-the-gate_mana-convergence
67d1772e-dc81-4237-9808-69a65b919837,item,0,0,"{""obverse"": ""altered_beyond-the-gate_mana-eruption-(common)"", ""reverse"": ""altered_card-back""}","{""name_printed"": ""Mana Eruption"", ""functional_disambiguator"": ""Common"", ""number"": ""BTG-059-C"", ""item_dimensions"": ""{\u0022height\u0022: \u00223.5\u0022, \u0022width\u0022: \u00222.5\u0022, \u0022unit\u0022: \u0022inch\u0022}""}",b65fcb03-9be4-4a48-a06d-b66a4c47de76,b8936c8c-5672-43d6-92a6-66a07ea2eb6b,Mana Eruption (Common),Mana Eruption (Common),{},altered_beyond-the-gate_mana-eruption-(common)
e695b47c-8c60-4671-b7a2-e1d66bc97179,item,0,0,"{""obverse"": ""altered_beyond-the-gate_mana-eruption-(faction-rare)"", ""reverse"": ""altered_card-back""}","{""name_printed"": ""Mana Eruption"", ""functional_disambiguator"": ""Faction Rare"", ""number"": ""BTG-059-F"", ""item_dimensions"": ""{\u0022height\u0022: \u00223.5\u0022, \u0022width\u0022: \u00222.5\u0022, \u0022unit\u0022: \u0022inch\u0022}""}",b65fcb03-9be4-4a48-a06d-b66a4c47de76,b8936c8c-5672-43d6-92a6-66a07ea2eb6b,Mana Eruption (Faction Rare),Mana Eruption (Faction Rare),{},altered_beyond-the-gate_mana-eruption-(faction-rare)
aa6b43e6-0ed2-4a72-a462-2878b8bab68b,item,0,0,"{""obverse"": ""altered_beyond-the-gate_mana-eruption-(rare)"", ""reverse"": ""altered_card-back""}","{""name_printed"": ""Mana Eruption"", ""functional_disambiguator"": ""Rare"", ""number"": ""BTG-059-R"", ""item_dimensions"": ""{\u0022height\u0022: \u00223.5\u0022, \u0022width\u0022: \u00222.5\u0022, \u0022unit\u0022: \u0022inch\u0022}""}",b65fcb03-9be4-4a48-a06d-b66a4c47de76,b8936c8c-5672-43d6-92a6-66a07ea2eb6b,Mana Eruption (Rare),Mana Eruption (Rare),{},altered_beyond-the-gate_mana-eruption-(rare)
a2984163-cbc7-48b9-8758-21159c50395e,item,0,0,"{""obverse"": ""altered_beyond-the-gate_mana-reaping-(common)"", ""reverse"": ""altered_card-back""}","{""name_printed"": ""Mana Reaping"", ""functional_disambiguator"": ""Common"", ""number"": ""BTG-118-C"", ""item_dimensions"": ""{\u0022height\u0022: \u00223.5\u0022, \u0022width\u0022: \u00222.5\u0022, \u0022unit\u0022: \u0022inch\u0022}""}",b65fcb03-9be4-4a48-a06d-b66a4c47de76,b8936c8c-5672-43d6-92a6-66a07ea2eb6b,Mana Reaping (Common),Mana Reaping (Common),{},altered_beyond-the-gate_mana-reaping-(common)
767327d3-7ab6-4715-84a6-675cae723df5,item,0,0,"{""obverse"": ""altered_beyond-the-gate_mana-reaping-(faction-rare)"", ""reverse"": ""altered_card-back""}","{""name_printed"": ""Mana Reaping"", ""functional_disambiguator"": ""Faction Rare"", ""number"": ""BTG-118-F"", ""item_dimensions"": ""{\u0022height\u0022: \u00223.5\u0022, \u0022width\u0022: \u00222.5\u0022, \u0022unit\u0022: \u0022inch\u0022}""}",b65fcb03-9be4-4a48-a06d-b66a4c47de76,b8936c8c-5672-43d6-92a6-66a07ea2eb6b,Mana Reaping (Faction Rare),Mana Reaping (Faction Rare),{},altered_beyond-the-gate_mana-reaping-(faction-rare)
d1e58b4a-c645-4efb-9ae1-9dd72b71d102,item,0,0,"{""obverse"": ""altered_beyond-the-gate_mana-reaping-(rare)"", ""reverse"": ""altered_card-back""}","{""name_printed"": ""Mana Reaping"", ""functional_disambiguator"": ""Rare"", ""number"": ""BTG-118-R"", ""item_dimensions"": ""{\u0022height\u0022: \u00223.5\u0022, \u0022width\u0022: \u00222.5\u0022, \u0022unit\u0022: \u0022inch\u0022}""}",b65fcb03-9be4-4a48-a06d-b66a4c47de76,b8936c8c-5672-43d6-92a6-66a07ea2eb6b,Mana Reaping (Rare),Mana Reaping (Rare),{},altered_beyond-the-gate_mana-reaping-(rare)
d47c9962-65c5-4ed6-8b26-5107a2593cd8,item,0,0,"{""obverse"": ""altered_beyond-the-gate_martengale-(common)"", ""reverse"": ""altered_card-back""}","{""name_printed"": ""Martengale"", ""functional_disambiguator"": ""Common"", ""number"": ""BTG-064-C"", ""item_dimensions"": ""{\u0022height\u0022: \u00223.5\u0022, \u0022width\u0022: \u00222.5\u0022, \u0022unit\u0022: \u0022inch\u0022}""}",b65fcb03-9be4-4a48-a06d-b66a4c47de76,b8936c8c-5672-43d6-92a6-66a07ea2eb6b,Martengale (Common),Martengale (Common),{},altered_beyond-the-gate_martengale-(common)
b3e965bd-a91e-482f-9adc-b1ccec13eb73,item,0,0,"{""obverse"": ""altered_beyond-the-gate_martengale-(faction-rare)"", ""reverse"": ""altered_card-back""}","{""name_printed"": ""Martengale"", ""functional_disambiguator"": ""Faction Rare"", ""number"": ""BTG-064-F"", ""item_dimensions"": ""{\u0022height\u0022: \u00223.5\u0022, \u0022width\u0022: \u00222.5\u0022, \u0022unit\u0022: \u0022inch\u0022}""}",b65fcb03-9be4-4a48-a06d-b66a4c47de76,b8936c8c-5672-43d6-92a6-66a07ea2eb6b,Martengale (Faction Rare),Martengale (Faction Rare),{},altered_beyond-the-gate_martengale-(faction-rare)
03e7044c-cce2-43ee-90fe-3aa60861ac42,item,0,0,"{""obverse"": ""altered_beyond-the-gate_martengale-(rare)"", ""reverse"": ""altered_card-back""}","{""name_printed"": ""Martengale"", ""functional_disambiguator"": ""Rare"", ""number"": ""BTG-064-R"", ""item_dimensions"": ""{\u0022height\u0022: \u00223.5\u0022, \u0022width\u0022: \u00222.5\u0022, \u0022unit\u0022: \u0022inch\u0022}""}",b65fcb03-9be4-4a48-a06d-b66a4c47de76,b8936c8c-5672-43d6-92a6-66a07ea2eb6b,Martengale (Rare),Martengale (Rare),{},altered_beyond-the-gate_martengale-(rare)
0c17bc81-40a2-447d-87b5-37dbd3ceea4d,item,0,0,"{""obverse"": ""altered_beyond-the-gate_maw"", ""reverse"": ""altered_card-back""}","{""name_printed"": ""Maw"", ""number"": ""BTG-185-T"", ""item_dimensions"": ""{\u0022height\u0022: \u00223.5\u0022, \u0022width\u0022: \u00222.5\u0022, \u0022unit\u0022: \u0022inch\u0022}""}",b65fcb03-9be4-4a48-a06d-b66a4c47de76,b8936c8c-5672-43d6-92a6-66a07ea2eb6b,Maw,Maw,{},altered_beyond-the-gate_maw
ddc24dd1-0faa-4b66-b889-8132b5500e2c,item,0,0,"{""obverse"": ""altered_beyond-the-gate_mechanical-training-(common)"", ""reverse"": ""altered_card-back""}","{""name_printed"": ""Mechanical Training"", ""functional_disambiguator"": ""Common"", ""number"": ""BTG-021-C"", ""item_dimensions"": ""{\u0022height\u0022: \u00223.5\u0022, \u0022width\u0022: \u00222.5\u0022, \u0022unit\u0022: \u0022inch\u0022}""}",b65fcb03-9be4-4a48-a06d-b66a4c47de76,b8936c8c-5672-43d6-92a6-66a07ea2eb6b,Mechanical Training (Common),Mechanical Training (Common),{},altered_beyond-the-gate_mechanical-training-(common)
61accf19-613f-4079-acb6-3ee80471e363,item,0,0,"{""obverse"": ""altered_beyond-the-gate_mechanical-training-(faction-rare)"", ""reverse"": ""altered_card-back""}","{""name_printed"": ""Mechanical Training"", ""functional_disambiguator"": ""Faction Rare"", ""number"": ""BTG-021-F"", ""item_dimensions"": ""{\u0022height\u0022: \u00223.5\u0022, \u0022width\u0022: \u00222.5\u0022, \u0022unit\u0022: \u0022inch\u0022}""}",b65fcb03-9be4-4a48-a06d-b66a4c47de76,b8936c8c-5672-43d6-92a6-66a07ea2eb6b,Mechanical Training (Faction Rare),Mechanical Training (Faction Rare),{},altered_beyond-the-gate_mechanical-training-(faction-rare)
fcc95897-f2d5-4c9c-be3c-48c1d2466b58,item,0,0,"{""obverse"": ""altered_beyond-the-gate_mechanical-training-(rare)"", ""reverse"": ""altered_card-back""}","{""name_printed"": ""Mechanical Training"", ""functional_disambiguator"": ""Rare"", ""number"": ""BTG-021-R"", ""item_dimensions"": ""{\u0022height\u0022: \u00223.5\u0022, \u0022width\u0022: \u00222.5\u0022, \u0022unit\u0022: \u0022inch\u0022}""}",b65fcb03-9be4-4a48-a06d-b66a4c47de76,b8936c8c-5672-43d6-92a6-66a07ea2eb6b,Mechanical Training (Rare),Mechanical Training (Rare),{},altered_beyond-the-gate_mechanical-training-(rare)
090582b0-07b4-44c9-a966-9f060d42ce07,item,0,0,"{""obverse"": ""altered_beyond-the-gate_meditation-training-(common)"", ""reverse"": ""altered_card-back""}","{""name_printed"": ""Meditation Training"", ""functional_disambiguator"": ""Common"", ""number"": ""BTG-117-C"", ""item_dimensions"": ""{\u0022height\u0022: \u00223.5\u0022, \u0022width\u0022: \u00222.5\u0022, \u0022unit\u0022: \u0022inch\u0022}""}",b65fcb03-9be4-4a48-a06d-b66a4c47de76,b8936c8c-5672-43d6-92a6-66a07ea2eb6b,Meditation Training (Common),Meditation Training (Common),{},altered_beyond-the-gate_meditation-training-(common)
9c4f343d-d92b-4465-8417-a3185aa86601,item,0,0,"{""obverse"": ""altered_beyond-the-gate_meditation-training-(faction-rare)"", ""reverse"": ""altered_card-back""}","{""name_printed"": ""Meditation Training"", ""functional_disambiguator"": ""Faction Rare"", ""number"": ""BTG-117-F"", ""item_dimensions"": ""{\u0022height\u0022: \u00223.5\u0022, \u0022width\u0022: \u00222.5\u0022, \u0022unit\u0022: \u0022inch\u0022}""}",b65fcb03-9be4-4a48-a06d-b66a4c47de76,b8936c8c-5672-43d6-92a6-66a07ea2eb6b,Meditation Training (Faction Rare),Meditation Training (Faction Rare),{},altered_beyond-the-gate_meditation-training-(faction-rare)
a6e5fec0-7d8b-47dd-a6ac-725568618d0f,item,0,0,"{""obverse"": ""altered_beyond-the-gate_meditation-training-(rare)"", ""reverse"": ""altered_card-back""}","{""name_printed"": ""Meditation Training"", ""functional_disambiguator"": ""Rare"", ""number"": ""BTG-117-R"", ""item_dimensions"": ""{\u0022height\u0022: \u00223.5\u0022, \u0022width\u0022: \u00222.5\u0022, \u0022unit\u0022: \u0022inch\u0022}""}",b65fcb03-9be4-4a48-a06d-b66a4c47de76,b8936c8c-5672-43d6-92a6-66a07ea2eb6b,Meditation Training (Rare),Meditation Training (Rare),{},altered_beyond-the-gate_meditation-training-(rare)
8ccd55bf-6c1c-440e-a076-52ca5d191cee,item,0,0,"{""obverse"": ""altered_beyond-the-gate_mighty-jinn-(common)"", ""reverse"": ""altered_card-back""}","{""name_printed"": ""Mighty Jinn"", ""functional_disambiguator"": ""Common"", ""number"": ""BTG-049-C"", ""item_dimensions"": ""{\u0022height\u0022: \u00223.5\u0022, \u0022width\u0022: \u00222.5\u0022, \u0022unit\u0022: \u0022inch\u0022}""}",b65fcb03-9be4-4a48-a06d-b66a4c47de76,b8936c8c-5672-43d6-92a6-66a07ea2eb6b,Mighty Jinn (Common),Mighty Jinn (Common),{},altered_beyond-the-gate_mighty-jinn-(common)
8a5401b5-b5a6-454c-af1a-042dad88f29c,item,0,0,"{""obverse"": ""altered_beyond-the-gate_mighty-jinn-(faction-rare)"", ""reverse"": ""altered_card-back""}","{""name_printed"": ""Mighty Jinn"", ""functional_disambiguator"": ""Faction Rare"", ""number"": ""BTG-049-F"", ""item_dimensions"": ""{\u0022height\u0022: \u00223.5\u0022, \u0022width\u0022: \u00222.5\u0022, \u0022unit\u0022: \u0022inch\u0022}""}",b65fcb03-9be4-4a48-a06d-b66a4c47de76,b8936c8c-5672-43d6-92a6-66a07ea2eb6b,Mighty Jinn (Faction Rare),Mighty Jinn (Faction Rare),{},altered_beyond-the-gate_mighty-jinn-(faction-rare)
5fe7c2c1-34f6-4fa9-b9f5-a0194505f9a0,item,0,0,"{""obverse"": ""altered_beyond-the-gate_mighty-jinn-(rare)"", ""reverse"": ""altered_card-back""}","{""name_printed"": ""Mighty Jinn"", ""functional_disambiguator"": ""Rare"", ""number"": ""BTG-049-R"", ""item_dimensions"": ""{\u0022height\u0022: \u00223.5\u0022, \u0022width\u0022: \u00222.5\u0022, \u0022unit\u0022: \u0022inch\u0022}""}",b65fcb03-9be4-4a48-a06d-b66a4c47de76,b8936c8c-5672-43d6-92a6-66a07ea2eb6b,Mighty Jinn (Rare),Mighty Jinn (Rare),{},altered_beyond-the-gate_mighty-jinn-(rare)
bea46d5e-8cc0-47a6-ba47-9176134573fd,item,0,0,"{""obverse"": ""altered_beyond-the-gate_mind-apotheosis-(common)"", ""reverse"": ""altered_card-back""}","{""name_printed"": ""Mind Apotheosis"", ""functional_disambiguator"": ""Common"", ""number"": ""BTG-088-C"", ""item_dimensions"": ""{\u0022height\u0022: \u00223.5\u0022, \u0022width\u0022: \u00222.5\u0022, \u0022unit\u0022: \u0022inch\u0022}""}",b65fcb03-9be4-4a48-a06d-b66a4c47de76,b8936c8c-5672-43d6-92a6-66a07ea2eb6b,Mind Apotheosis (Common),Mind Apotheosis (Common),{},altered_beyond-the-gate_mind-apotheosis-(common)
c0fcd5b6-c1e8-4fa4-8a1f-c16de1f3babd,item,0,0,"{""obverse"": ""altered_beyond-the-gate_mind-apotheosis-(faction-rare)"", ""reverse"": ""altered_card-back""}","{""name_printed"": ""Mind Apotheosis"", ""functional_disambiguator"": ""Faction Rare"", ""number"": ""BTG-088-F"", ""item_dimensions"": ""{\u0022height\u0022: \u00223.5\u0022, \u0022width\u0022: \u00222.5\u0022, \u0022unit\u0022: \u0022inch\u0022}""}",b65fcb03-9be4-4a48-a06d-b66a4c47de76,b8936c8c-5672-43d6-92a6-66a07ea2eb6b,Mind Apotheosis (Faction Rare),Mind Apotheosis (Faction Rare),{},altered_beyond-the-gate_mind-apotheosis-(faction-rare)
15d8ae50-0d0f-4458-bbc2-4f5618dd3b68,item,0,0,"{""obverse"": ""altered_beyond-the-gate_mind-apotheosis-(rare)"", ""reverse"": ""altered_card-back""}","{""name_printed"": ""Mind Apotheosis"", ""functional_disambiguator"": ""Rare"", ""number"": ""BTG-088-R"", ""item_dimensions"": ""{\u0022height\u0022: \u00223.5\u0022, \u0022width\u0022: \u00222.5\u0022, \u0022unit\u0022: \u0022inch\u0022}""}",b65fcb03-9be4-4a48-a06d-b66a4c47de76,b8936c8c-5672-43d6-92a6-66a07ea2eb6b,Mind Apotheosis (Rare),Mind Apotheosis (Rare),{},altered_beyond-the-gate_mind-apotheosis-(rare)
5cec85b3-50ee-485a-b550-6ba59cce8ef2,item,0,0,"{""obverse"": ""altered_beyond-the-gate_monolith-archivist-(common)"", ""reverse"": ""altered_card-back""}","{""name_printed"": ""Monolith Archivist"", ""functional_disambiguator"": ""Common"", ""number"": ""BTG-126-C"", ""item_dimensions"": ""{\u0022height\u0022: \u00223.5\u0022, \u0022width\u0022: \u00222.5\u0022, \u0022unit\u0022: \u0022inch\u0022}""}",b65fcb03-9be4-4a48-a06d-b66a4c47de76,b8936c8c-5672-43d6-92a6-66a07ea2eb6b,Monolith Archivist (Common),Monolith Archivist (Common),{},altered_beyond-the-gate_monolith-archivist-(common)
c9f95feb-60ba-4b28-ac3d-52ce3a0bae56,item,0,0,"{""obverse"": ""altered_beyond-the-gate_monolith-archivist-(faction-rare)"", ""reverse"": ""altered_card-back""}","{""name_printed"": ""Monolith Archivist"", ""functional_disambiguator"": ""Faction Rare"", ""number"": ""BTG-126-F"", ""item_dimensions"": ""{\u0022height\u0022: \u00223.5\u0022, \u0022width\u0022: \u00222.5\u0022, \u0022unit\u0022: \u0022inch\u0022}""}",b65fcb03-9be4-4a48-a06d-b66a4c47de76,b8936c8c-5672-43d6-92a6-66a07ea2eb6b,Monolith Archivist (Faction Rare),Monolith Archivist (Faction Rare),{},altered_beyond-the-gate_monolith-archivist-(faction-rare)
b5b6b62c-9f21-48b8-8c64-4264255d85f7,item,0,0,"{""obverse"": ""altered_beyond-the-gate_monolith-archivist-(rare)"", ""reverse"": ""altered_card-back""}","{""name_printed"": ""Monolith Archivist"", ""functional_disambiguator"": ""Rare"", ""number"": ""BTG-126-R"", ""item_dimensions"": ""{\u0022height\u0022: \u00223.5\u0022, \u0022width\u0022: \u00222.5\u0022, \u0022unit\u0022: \u0022inch\u0022}""}",b65fcb03-9be4-4a48-a06d-b66a4c47de76,b8936c8c-5672-43d6-92a6-66a07ea2eb6b,Monolith Archivist (Rare),Monolith Archivist (Rare),{},altered_beyond-the-gate_monolith-archivist-(rare)
f2eb9bdd-b136-402a-87d4-88490eeccb0f,item,0,0,"{""obverse"": ""altered_beyond-the-gate_monolith-legate-(common)"", ""reverse"": ""altered_card-back""}","{""name_printed"": ""Monolith Legate"", ""functional_disambiguator"": ""Common"", ""number"": ""BTG-127-C"", ""item_dimensions"": ""{\u0022height\u0022: \u00223.5\u0022, \u0022width\u0022: \u00222.5\u0022, \u0022unit\u0022: \u0022inch\u0022}""}",b65fcb03-9be4-4a48-a06d-b66a4c47de76,b8936c8c-5672-43d6-92a6-66a07ea2eb6b,Monolith Legate (Common),Monolith Legate (Common),{},altered_beyond-the-gate_monolith-legate-(common)
6ace973c-718b-476a-9031-0fee09f4f3a8,item,0,0,"{""obverse"": ""altered_beyond-the-gate_monolith-legate-(faction-rare)"", ""reverse"": ""altered_card-back""}","{""name_printed"": ""Monolith Legate"", ""functional_disambiguator"": ""Faction Rare"", ""number"": ""BTG-127-F"", ""item_dimensions"": ""{\u0022height\u0022: \u00223.5\u0022, \u0022width\u0022: \u00222.5\u0022, \u0022unit\u0022: \u0022inch\u0022}""}",b65fcb03-9be4-4a48-a06d-b66a4c47de76,b8936c8c-5672-43d6-92a6-66a07ea2eb6b,Monolith Legate (Faction Rare),Monolith Legate (Faction Rare),{},altered_beyond-the-gate_monolith-legate-(faction-rare)
b28fdb3c-fefb-466f-b974-6bb97fed10cd,item,0,0,"{""obverse"": ""altered_beyond-the-gate_monolith-legate-(rare)"", ""reverse"": ""altered_card-back""}","{""name_printed"": ""Monolith Legate"", ""functional_disambiguator"": ""Rare"", ""number"": ""BTG-127-R"", ""item_dimensions"": ""{\u0022height\u0022: \u00223.5\u0022, \u0022width\u0022: \u00222.5\u0022, \u0022unit\u0022: \u0022inch\u0022}""}",b65fcb03-9be4-4a48-a06d-b66a4c47de76,b8936c8c-5672-43d6-92a6-66a07ea2eb6b,Monolith Legate (Rare),Monolith Legate (Rare),{},altered_beyond-the-gate_monolith-legate-(rare)
adf4312a-1a4d-4b9f-9985-e391556305c2,item,0,0,"{""obverse"": ""altered_beyond-the-gate_monolith-rune-scribe-(common)"", ""reverse"": ""altered_card-back""}","{""name_printed"": ""Monolith Rune-Scribe"", ""functional_disambiguator"": ""Common"", ""number"": ""BTG-128-C"", ""item_dimensions"": ""{\u0022height\u0022: \u00223.5\u0022, \u0022width\u0022: \u00222.5\u0022, \u0022unit\u0022: \u0022inch\u0022}""}",b65fcb03-9be4-4a48-a06d-b66a4c47de76,b8936c8c-5672-43d6-92a6-66a07ea2eb6b,Monolith Rune-Scribe (Common),Monolith Rune-Scribe (Common),{},altered_beyond-the-gate_monolith-rune-scribe-(common)
420fd784-9cab-4985-8bd9-803660794a6d,item,0,0,"{""obverse"": ""altered_beyond-the-gate_monolith-rune-scribe-(faction-rare)"", ""reverse"": ""altered_card-back""}","{""name_printed"": ""Monolith Rune-Scribe"", ""functional_disambiguator"": ""Faction Rare"", ""number"": ""BTG-128-F"", ""item_dimensions"": ""{\u0022height\u0022: \u00223.5\u0022, \u0022width\u0022: \u00222.5\u0022, \u0022unit\u0022: \u0022inch\u0022}""}",b65fcb03-9be4-4a48-a06d-b66a4c47de76,b8936c8c-5672-43d6-92a6-66a07ea2eb6b,Monolith Rune-Scribe (Faction Rare),Monolith Rune-Scribe (Faction Rare),{},altered_beyond-the-gate_monolith-rune-scribe-(faction-rare)
ca35ed7e-7f5e-48f4-866d-972c6903b863,item,0,0,"{""obverse"": ""altered_beyond-the-gate_monolith-rune-scribe-(rare)"", ""reverse"": ""altered_card-back""}","{""name_printed"": ""Monolith Rune-Scribe"", ""functional_disambiguator"": ""Rare"", ""number"": ""BTG-128-R"", ""item_dimensions"": ""{\u0022height\u0022: \u00223.5\u0022, \u0022width\u0022: \u00222.5\u0022, \u0022unit\u0022: \u0022inch\u0022}""}",b65fcb03-9be4-4a48-a06d-b66a4c47de76,b8936c8c-5672-43d6-92a6-66a07ea2eb6b,Monolith Rune-Scribe (Rare),Monolith Rune-Scribe (Rare),{},altered_beyond-the-gate_monolith-rune-scribe-(rare)
727e18b7-3bb8-44d7-97ac-f6818641d7be,item,0,0,"{""obverse"": ""altered_beyond-the-gate_moonlight-jellyfish-(common)"", ""reverse"": ""altered_card-back""}","{""name_printed"": ""Moonlight Jellyfish"", ""functional_disambiguator"": ""Common"", ""number"": ""BTG-154-C"", ""item_dimensions"": ""{\u0022height\u0022: \u00223.5\u0022, \u0022width\u0022: \u00222.5\u0022, \u0022unit\u0022: \u0022inch\u0022}""}",b65fcb03-9be4-4a48-a06d-b66a4c47de76,b8936c8c-5672-43d6-92a6-66a07ea2eb6b,Moonlight Jellyfish (Common),Moonlight Jellyfish (Common),{},altered_beyond-the-gate_moonlight-jellyfish-(common)
c8f41295-cc76-4ea3-aeb0-6d3ff962a12e,item,0,0,"{""obverse"": ""altered_beyond-the-gate_moonlight-jellyfish-(faction-rare)"", ""reverse"": ""altered_card-back""}","{""name_printed"": ""Moonlight Jellyfish"", ""functional_disambiguator"": ""Faction Rare"", ""number"": ""BTG-154-F"", ""item_dimensions"": ""{\u0022height\u0022: \u00223.5\u0022, \u0022width\u0022: \u00222.5\u0022, \u0022unit\u0022: \u0022inch\u0022}""}",b65fcb03-9be4-4a48-a06d-b66a4c47de76,b8936c8c-5672-43d6-92a6-66a07ea2eb6b,Moonlight Jellyfish (Faction Rare),Moonlight Jellyfish (Faction Rare),{},altered_beyond-the-gate_moonlight-jellyfish-(faction-rare)
e7b4014b-c107-4da1-b616-47e4436fa31b,item,0,0,"{""obverse"": ""altered_beyond-the-gate_moonlight-jellyfish-(rare)"", ""reverse"": ""altered_card-back""}","{""name_printed"": ""Moonlight Jellyfish"", ""functional_disambiguator"": ""Rare"", ""number"": ""BTG-154-R"", ""item_dimensions"": ""{\u0022height\u0022: \u00223.5\u0022, \u0022width\u0022: \u00222.5\u0022, \u0022unit\u0022: \u0022inch\u0022}""}",b65fcb03-9be4-4a48-a06d-b66a4c47de76,b8936c8c-5672-43d6-92a6-66a07ea2eb6b,Moonlight Jellyfish (Rare),Moonlight Jellyfish (Rare),{},altered_beyond-the-gate_moonlight-jellyfish-(rare)
5d5c8f94-ece5-44fa-9abb-1ab93dfc1c6a,item,0,0,"{""obverse"": ""altered_beyond-the-gate_mowgli-(common)"", ""reverse"": ""altered_card-back""}","{""name_printed"": ""Mowgli"", ""functional_disambiguator"": ""Common"", ""number"": ""BTG-096-C"", ""item_dimensions"": ""{\u0022height\u0022: \u00223.5\u0022, \u0022width\u0022: \u00222.5\u0022, \u0022unit\u0022: \u0022inch\u0022}""}",b65fcb03-9be4-4a48-a06d-b66a4c47de76,b8936c8c-5672-43d6-92a6-66a07ea2eb6b,Mowgli (Common),Mowgli (Common),{},altered_beyond-the-gate_mowgli-(common)
0374e389-cb84-49fd-8cef-e557d313128c,item,0,0,"{""obverse"": ""altered_beyond-the-gate_mowgli-(faction-rare)"", ""reverse"": ""altered_card-back""}","{""name_printed"": ""Mowgli"", ""functional_disambiguator"": ""Faction Rare"", ""number"": ""BTG-096-F"", ""item_dimensions"": ""{\u0022height\u0022: \u00223.5\u0022, \u0022width\u0022: \u00222.5\u0022, \u0022unit\u0022: \u0022inch\u0022}""}",b65fcb03-9be4-4a48-a06d-b66a4c47de76,b8936c8c-5672-43d6-92a6-66a07ea2eb6b,Mowgli (Faction Rare),Mowgli (Faction Rare),{},altered_beyond-the-gate_mowgli-(faction-rare)
13cee5e5-d708-4881-8162-96d135803e48,item,0,0,"{""obverse"": ""altered_beyond-the-gate_mowgli-(rare)"", ""reverse"": ""altered_card-back""}","{""name_printed"": ""Mowgli"", ""functional_disambiguator"": ""Rare"", ""number"": ""BTG-096-R"", ""item_dimensions"": ""{\u0022height\u0022: \u00223.5\u0022, \u0022width\u0022: \u00222.5\u0022, \u0022unit\u0022: \u0022inch\u0022}""}",b65fcb03-9be4-4a48-a06d-b66a4c47de76,b8936c8c-5672-43d6-92a6-66a07ea2eb6b,Mowgli (Rare),Mowgli (Rare),{},altered_beyond-the-gate_mowgli-(rare)
27f5d4d7-c596-40b8-90b9-0ec69787d00e,item,0,0,"{""obverse"": ""altered_beyond-the-gate_muna-caregiver-(common)"", ""reverse"": ""altered_card-back""}","{""name_printed"": ""Muna Caregiver"", ""functional_disambiguator"": ""Common"", ""number"": ""BTG-094-C"", ""item_dimensions"": ""{\u0022height\u0022: \u00223.5\u0022, \u0022width\u0022: \u00222.5\u0022, \u0022unit\u0022: \u0022inch\u0022}""}",b65fcb03-9be4-4a48-a06d-b66a4c47de76,b8936c8c-5672-43d6-92a6-66a07ea2eb6b,Muna Caregiver (Common),Muna Caregiver (Common),{},altered_beyond-the-gate_muna-caregiver-(common)
a7f44dc1-d1d4-4e7c-aecd-4a2bb30969d9,item,0,0,"{""obverse"": ""altered_beyond-the-gate_muna-caregiver-(faction-rare)"", ""reverse"": ""altered_card-back""}","{""name_printed"": ""Muna Caregiver"", ""functional_disambiguator"": ""Faction Rare"", ""number"": ""BTG-094-F"", ""item_dimensions"": ""{\u0022height\u0022: \u00223.5\u0022, \u0022width\u0022: \u00222.5\u0022, \u0022unit\u0022: \u0022inch\u0022}""}",b65fcb03-9be4-4a48-a06d-b66a4c47de76,b8936c8c-5672-43d6-92a6-66a07ea2eb6b,Muna Caregiver (Faction Rare),Muna Caregiver (Faction Rare),{},altered_beyond-the-gate_muna-caregiver-(faction-rare)
cb90ff1c-4759-4f35-b706-16bd2bc61b1a,item,0,0,"{""obverse"": ""altered_beyond-the-gate_muna-caregiver-(rare)"", ""reverse"": ""altered_card-back""}","{""name_printed"": ""Muna Caregiver"", ""functional_disambiguator"": ""Rare"", ""number"": ""BTG-094-R"", ""item_dimensions"": ""{\u0022height\u0022: \u00223.5\u0022, \u0022width\u0022: \u00222.5\u0022, \u0022unit\u0022: \u0022inch\u0022}""}",b65fcb03-9be4-4a48-a06d-b66a4c47de76,b8936c8c-5672-43d6-92a6-66a07ea2eb6b,Muna Caregiver (Rare),Muna Caregiver (Rare),{},altered_beyond-the-gate_muna-caregiver-(rare)
05b0026b-565f-44a9-a03b-04098742485b,item,0,0,"{""obverse"": ""altered_beyond-the-gate_muna-druid-(common)"", ""reverse"": ""altered_card-back""}","{""name_printed"": ""Muna Druid"", ""functional_disambiguator"": ""Common"", ""number"": ""BTG-102-C"", ""item_dimensions"": ""{\u0022height\u0022: \u00223.5\u0022, \u0022width\u0022: \u00222.5\u0022, \u0022unit\u0022: \u0022inch\u0022}""}",b65fcb03-9be4-4a48-a06d-b66a4c47de76,b8936c8c-5672-43d6-92a6-66a07ea2eb6b,Muna Druid (Common),Muna Druid (Common),{},altered_beyond-the-gate_muna-druid-(common)
13cade8c-a565-4198-a9f2-30bf9250a33c,item,0,0,"{""obverse"": ""altered_beyond-the-gate_muna-druid-(faction-rare)"", ""reverse"": ""altered_card-back""}","{""name_printed"": ""Muna Druid"", ""functional_disambiguator"": ""Faction Rare"", ""number"": ""BTG-102-F"", ""item_dimensions"": ""{\u0022height\u0022: \u00223.5\u0022, \u0022width\u0022: \u00222.5\u0022, \u0022unit\u0022: \u0022inch\u0022}""}",b65fcb03-9be4-4a48-a06d-b66a4c47de76,b8936c8c-5672-43d6-92a6-66a07ea2eb6b,Muna Druid (Faction Rare),Muna Druid (Faction Rare),{},altered_beyond-the-gate_muna-druid-(faction-rare)
c54a7012-6de0-4e6e-ae78-bcc42f765caf,item,0,0,"{""obverse"": ""altered_beyond-the-gate_muna-druid-(rare)"", ""reverse"": ""altered_card-back""}","{""name_printed"": ""Muna Druid"", ""functional_disambiguator"": ""Rare"", ""number"": ""BTG-102-R"", ""item_dimensions"": ""{\u0022height\u0022: \u00223.5\u0022, \u0022width\u0022: \u00222.5\u0022, \u0022unit\u0022: \u0022inch\u0022}""}",b65fcb03-9be4-4a48-a06d-b66a4c47de76,b8936c8c-5672-43d6-92a6-66a07ea2eb6b,Muna Druid (Rare),Muna Druid (Rare),{},altered_beyond-the-gate_muna-druid-(rare)
5e0d4348-359a-48be-98b3-0c34ed7b892b,item,0,0,"{""obverse"": ""altered_beyond-the-gate_muna-merchant-(common)"", ""reverse"": ""altered_card-back""}","{""name_printed"": ""Muna Merchant"", ""functional_disambiguator"": ""Common"", ""number"": ""BTG-100-C"", ""item_dimensions"": ""{\u0022height\u0022: \u00223.5\u0022, \u0022width\u0022: \u00222.5\u0022, \u0022unit\u0022: \u0022inch\u0022}""}",b65fcb03-9be4-4a48-a06d-b66a4c47de76,b8936c8c-5672-43d6-92a6-66a07ea2eb6b,Muna Merchant (Common),Muna Merchant (Common),{},altered_beyond-the-gate_muna-merchant-(common)
abe203db-a86e-416c-82f5-22f1426e77a5,item,0,0,"{""obverse"": ""altered_beyond-the-gate_muna-merchant-(faction-rare)"", ""reverse"": ""altered_card-back""}","{""name_printed"": ""Muna Merchant"", ""functional_disambiguator"": ""Faction Rare"", ""number"": ""BTG-100-F"", ""item_dimensions"": ""{\u0022height\u0022: \u00223.5\u0022, \u0022width\u0022: \u00222.5\u0022, \u0022unit\u0022: \u0022inch\u0022}""}",b65fcb03-9be4-4a48-a06d-b66a4c47de76,b8936c8c-5672-43d6-92a6-66a07ea2eb6b,Muna Merchant (Faction Rare),Muna Merchant (Faction Rare),{},altered_beyond-the-gate_muna-merchant-(faction-rare)
128c74d7-8789-408e-a37a-92697f433a96,item,0,0,"{""obverse"": ""altered_beyond-the-gate_muna-merchant-(rare)"", ""reverse"": ""altered_card-back""}","{""name_printed"": ""Muna Merchant"", ""functional_disambiguator"": ""Rare"", ""number"": ""BTG-100-R"", ""item_dimensions"": ""{\u0022height\u0022: \u00223.5\u0022, \u0022width\u0022: \u00222.5\u0022, \u0022unit\u0022: \u0022inch\u0022}""}",b65fcb03-9be4-4a48-a06d-b66a4c47de76,b8936c8c-5672-43d6-92a6-66a07ea2eb6b,Muna Merchant (Rare),Muna Merchant (Rare),{},altered_beyond-the-gate_muna-merchant-(rare)
34b58ac0-dde9-4914-8afe-fa1deeef7c07,item,0,0,"{""obverse"": ""altered_beyond-the-gate_nevenka-&-blotch"", ""reverse"": ""altered_card-back""}","{""name_printed"": ""Nevenka & Blotch"", ""number"": ""BTG-061-H"", ""item_dimensions"": ""{\u0022height\u0022: \u00223.5\u0022, \u0022width\u0022: \u00222.5\u0022, \u0022unit\u0022: \u0022inch\u0022}""}",b65fcb03-9be4-4a48-a06d-b66a4c47de76,b8936c8c-5672-43d6-92a6-66a07ea2eb6b,Nevenka & Blotch,Nevenka & Blotch,{},altered_beyond-the-gate_nevenka-&-blotch
9d8cc354-bc15-480d-878f-640de69c3dd3,item,0,0,"{""obverse"": ""altered_beyond-the-gate_nurture-(common)"", ""reverse"": ""altered_card-back""}","{""name_printed"": ""Nurture"", ""functional_disambiguator"": ""Common"", ""number"": ""BTG-116-C"", ""item_dimensions"": ""{\u0022height\u0022: \u00223.5\u0022, \u0022width\u0022: \u00222.5\u0022, \u0022unit\u0022: \u0022inch\u0022}""}",b65fcb03-9be4-4a48-a06d-b66a4c47de76,b8936c8c-5672-43d6-92a6-66a07ea2eb6b,Nurture (Common),Nurture (Common),{},altered_beyond-the-gate_nurture-(common)
529ac63e-09fa-40a2-9295-fc4f95c21ab2,item,0,0,"{""obverse"": ""altered_beyond-the-gate_nurture-(faction-rare)"", ""reverse"": ""altered_card-back""}","{""name_printed"": ""Nurture"", ""functional_disambiguator"": ""Faction Rare"", ""number"": ""BTG-116-F"", ""item_dimensions"": ""{\u0022height\u0022: \u00223.5\u0022, \u0022width\u0022: \u00222.5\u0022, \u0022unit\u0022: \u0022inch\u0022}""}",b65fcb03-9be4-4a48-a06d-b66a4c47de76,b8936c8c-5672-43d6-92a6-66a07ea2eb6b,Nurture (Faction Rare),Nurture (Faction Rare),{},altered_beyond-the-gate_nurture-(faction-rare)
5dd2aacd-950e-4463-aed8-78ff5e7ae728,item,0,0,"{""obverse"": ""altered_beyond-the-gate_nurture-(rare)"", ""reverse"": ""altered_card-back""}","{""name_printed"": ""Nurture"", ""functional_disambiguator"": ""Rare"", ""number"": ""BTG-116-R"", ""item_dimensions"": ""{\u0022height\u0022: \u00223.5\u0022, \u0022width\u0022: \u00222.5\u0022, \u0022unit\u0022: \u0022inch\u0022}""}",b65fcb03-9be4-4a48-a06d-b66a4c47de76,b8936c8c-5672-43d6-92a6-66a07ea2eb6b,Nurture (Rare),Nurture (Rare),{},altered_beyond-the-gate_nurture-(rare)
1ac8c388-9b01-41bf-a86b-a3f4000016ce,item,0,0,"{""obverse"": ""altered_beyond-the-gate_off-you-go!-(common)"", ""reverse"": ""altered_card-back""}","{""name_printed"": ""Off You Go!"", ""functional_disambiguator"": ""Common"", ""number"": ""BTG-172-C"", ""item_dimensions"": ""{\u0022height\u0022: \u00223.5\u0022, \u0022width\u0022: \u00222.5\u0022, \u0022unit\u0022: \u0022inch\u0022}""}",b65fcb03-9be4-4a48-a06d-b66a4c47de76,b8936c8c-5672-43d6-92a6-66a07ea2eb6b,Off You Go! (Common),Off You Go! (Common),{},altered_beyond-the-gate_off-you-go!-(common)
c71c4db2-2fee-46c2-bdb4-6fc9af449762,item,0,0,"{""obverse"": ""altered_beyond-the-gate_off-you-go!-(faction-rare)"", ""reverse"": ""altered_card-back""}","{""name_printed"": ""Off You Go!"", ""functional_disambiguator"": ""Faction Rare"", ""number"": ""BTG-172-F"", ""item_dimensions"": ""{\u0022height\u0022: \u00223.5\u0022, \u0022width\u0022: \u00222.5\u0022, \u0022unit\u0022: \u0022inch\u0022}""}",b65fcb03-9be4-4a48-a06d-b66a4c47de76,b8936c8c-5672-43d6-92a6-66a07ea2eb6b,Off You Go! (Faction Rare),Off You Go! (Faction Rare),{},altered_beyond-the-gate_off-you-go!-(faction-rare)
dcf07451-f881-4e94-acc6-cb2315f705b5,item,0,0,"{""obverse"": ""altered_beyond-the-gate_off-you-go!-(rare)"", ""reverse"": ""altered_card-back""}","{""name_printed"": ""Off You Go!"", ""functional_disambiguator"": ""Rare"", ""number"": ""BTG-172-R"", ""item_dimensions"": ""{\u0022height\u0022: \u00223.5\u0022, \u0022width\u0022: \u00222.5\u0022, \u0022unit\u0022: \u0022inch\u0022}""}",b65fcb03-9be4-4a48-a06d-b66a4c47de76,b8936c8c-5672-43d6-92a6-66a07ea2eb6b,Off You Go! (Rare),Off You Go! (Rare),{},altered_beyond-the-gate_off-you-go!-(rare)
62da8a28-1190-4ab3-8a15-e2233675e83d,item,0,0,"{""obverse"": ""altered_beyond-the-gate_ogun-(common)"", ""reverse"": ""altered_card-back""}","{""name_printed"": ""Ogun"", ""functional_disambiguator"": ""Common"", ""number"": ""BTG-011-C"", ""item_dimensions"": ""{\u0022height\u0022: \u00223.5\u0022, \u0022width\u0022: \u00222.5\u0022, \u0022unit\u0022: \u0022inch\u0022}""}",b65fcb03-9be4-4a48-a06d-b66a4c47de76,b8936c8c-5672-43d6-92a6-66a07ea2eb6b,Ogun (Common),Ogun (Common),{},altered_beyond-the-gate_ogun-(common)
f0e2d14a-8b3a-4b83-bb46-139ef6aa2333,item,0,0,"{""obverse"": ""altered_beyond-the-gate_ogun-(faction-rare)"", ""reverse"": ""altered_card-back""}","{""name_printed"": ""Ogun"", ""functional_disambiguator"": ""Faction Rare"", ""number"": ""BTG-011-F"", ""item_dimensions"": ""{\u0022height\u0022: \u00223.5\u0022, \u0022width\u0022: \u00222.5\u0022, \u0022unit\u0022: \u0022inch\u0022}""}",b65fcb03-9be4-4a48-a06d-b66a4c47de76,b8936c8c-5672-43d6-92a6-66a07ea2eb6b,Ogun (Faction Rare),Ogun (Faction Rare),{},altered_beyond-the-gate_ogun-(faction-rare)
dc48531b-a2ed-4eab-b08b-e565a59bf1b0,item,0,0,"{""obverse"": ""altered_beyond-the-gate_ogun-(rare)"", ""reverse"": ""altered_card-back""}","{""name_printed"": ""Ogun"", ""functional_disambiguator"": ""Rare"", ""number"": ""BTG-011-R"", ""item_dimensions"": ""{\u0022height\u0022: \u00223.5\u0022, \u0022width\u0022: \u00222.5\u0022, \u0022unit\u0022: \u0022inch\u0022}""}",b65fcb03-9be4-4a48-a06d-b66a4c47de76,b8936c8c-5672-43d6-92a6-66a07ea2eb6b,Ogun (Rare),Ogun (Rare),{},altered_beyond-the-gate_ogun-(rare)
bc6ef6f0-2b93-4745-b612-34cd55a96066,item,0,0,"{""obverse"": ""altered_beyond-the-gate_open-the-gates-(common)"", ""reverse"": ""altered_card-back""}","{""name_printed"": ""Open the Gates"", ""functional_disambiguator"": ""Common"", ""number"": ""BTG-147-C"", ""item_dimensions"": ""{\u0022height\u0022: \u00223.5\u0022, \u0022width\u0022: \u00222.5\u0022, \u0022unit\u0022: \u0022inch\u0022}""}",b65fcb03-9be4-4a48-a06d-b66a4c47de76,b8936c8c-5672-43d6-92a6-66a07ea2eb6b,Open the Gates (Common),Open the Gates (Common),{},altered_beyond-the-gate_open-the-gates-(common)
5787b74e-d053-4530-8c01-1ecac5798273,item,0,0,"{""obverse"": ""altered_beyond-the-gate_open-the-gates-(faction-rare)"", ""reverse"": ""altered_card-back""}","{""name_printed"": ""Open the Gates"", ""functional_disambiguator"": ""Faction Rare"", ""number"": ""BTG-147-F"", ""item_dimensions"": ""{\u0022height\u0022: \u00223.5\u0022, \u0022width\u0022: \u00222.5\u0022, \u0022unit\u0022: \u0022inch\u0022}""}",b65fcb03-9be4-4a48-a06d-b66a4c47de76,b8936c8c-5672-43d6-92a6-66a07ea2eb6b,Open the Gates (Faction Rare),Open the Gates (Faction Rare),{},altered_beyond-the-gate_open-the-gates-(faction-rare)
f855f8f5-fcf2-4b0d-8a27-64cfea8e1cd4,item,0,0,"{""obverse"": ""altered_beyond-the-gate_open-the-gates-(rare)"", ""reverse"": ""altered_card-back""}","{""name_printed"": ""Open the Gates"", ""functional_disambiguator"": ""Rare"", ""number"": ""BTG-147-R"", ""item_dimensions"": ""{\u0022height\u0022: \u00223.5\u0022, \u0022width\u0022: \u00222.5\u0022, \u0022unit\u0022: \u0022inch\u0022}""}",b65fcb03-9be4-4a48-a06d-b66a4c47de76,b8936c8c-5672-43d6-92a6-66a07ea2eb6b,Open the Gates (Rare),Open the Gates (Rare),{},altered_beyond-the-gate_open-the-gates-(rare)
52806138-49f0-4cf7-a84d-08de0dadeeff,item,0,0,"{""obverse"": ""altered_beyond-the-gate_ordis-attorney-(common)"", ""reverse"": ""altered_card-back""}","{""name_printed"": ""Ordis Attorney"", ""functional_disambiguator"": ""Common"", ""number"": ""BTG-134-C"", ""item_dimensions"": ""{\u0022height\u0022: \u00223.5\u0022, \u0022width\u0022: \u00222.5\u0022, \u0022unit\u0022: \u0022inch\u0022}""}",b65fcb03-9be4-4a48-a06d-b66a4c47de76,b8936c8c-5672-43d6-92a6-66a07ea2eb6b,Ordis Attorney (Common),Ordis Attorney (Common),{},altered_beyond-the-gate_ordis-attorney-(common)
a8ff1a43-5bd1-47ba-97df-6d3480a61215,item,0,0,"{""obverse"": ""altered_beyond-the-gate_ordis-attorney-(faction-rare)"", ""reverse"": ""altered_card-back""}","{""name_printed"": ""Ordis Attorney"", ""functional_disambiguator"": ""Faction Rare"", ""number"": ""BTG-134-F"", ""item_dimensions"": ""{\u0022height\u0022: \u00223.5\u0022, \u0022width\u0022: \u00222.5\u0022, \u0022unit\u0022: \u0022inch\u0022}""}",b65fcb03-9be4-4a48-a06d-b66a4c47de76,b8936c8c-5672-43d6-92a6-66a07ea2eb6b,Ordis Attorney (Faction Rare),Ordis Attorney (Faction Rare),{},altered_beyond-the-gate_ordis-attorney-(faction-rare)
ed56ca89-e205-4360-b117-90312af87967,item,0,0,"{""obverse"": ""altered_beyond-the-gate_ordis-attorney-(rare)"", ""reverse"": ""altered_card-back""}","{""name_printed"": ""Ordis Attorney"", ""functional_disambiguator"": ""Rare"", ""number"": ""BTG-134-R"", ""item_dimensions"": ""{\u0022height\u0022: \u00223.5\u0022, \u0022width\u0022: \u00222.5\u0022, \u0022unit\u0022: \u0022inch\u0022}""}",b65fcb03-9be4-4a48-a06d-b66a4c47de76,b8936c8c-5672-43d6-92a6-66a07ea2eb6b,Ordis Attorney (Rare),Ordis Attorney (Rare),{},altered_beyond-the-gate_ordis-attorney-(rare)
f722b675-c220-4c92-baf6-66920b153779,item,0,0,"{""obverse"": ""altered_beyond-the-gate_ordis-cadets-(common)"", ""reverse"": ""altered_card-back""}","{""name_printed"": ""Ordis Cadets"", ""functional_disambiguator"": ""Common"", ""number"": ""BTG-129-C"", ""item_dimensions"": ""{\u0022height\u0022: \u00223.5\u0022, \u0022width\u0022: \u00222.5\u0022, \u0022unit\u0022: \u0022inch\u0022}""}",b65fcb03-9be4-4a48-a06d-b66a4c47de76,b8936c8c-5672-43d6-92a6-66a07ea2eb6b,Ordis Cadets (Common),Ordis Cadets (Common),{},altered_beyond-the-gate_ordis-cadets-(common)
c48e6faf-0fd7-4578-ba40-0afcf84633df,item,0,0,"{""obverse"": ""altered_beyond-the-gate_ordis-cadets-(faction-rare)"", ""reverse"": ""altered_card-back""}","{""name_printed"": ""Ordis Cadets"", ""functional_disambiguator"": ""Faction Rare"", ""number"": ""BTG-129-F"", ""item_dimensions"": ""{\u0022height\u0022: \u00223.5\u0022, \u0022width\u0022: \u00222.5\u0022, \u0022unit\u0022: \u0022inch\u0022}""}",b65fcb03-9be4-4a48-a06d-b66a4c47de76,b8936c8c-5672-43d6-92a6-66a07ea2eb6b,Ordis Cadets (Faction Rare),Ordis Cadets (Faction Rare),{},altered_beyond-the-gate_ordis-cadets-(faction-rare)
293454f8-9f95-4797-84a0-c05b88deb90b,item,0,0,"{""obverse"": ""altered_beyond-the-gate_ordis-cadets-(rare)"", ""reverse"": ""altered_card-back""}","{""name_printed"": ""Ordis Cadets"", ""functional_disambiguator"": ""Rare"", ""number"": ""BTG-129-R"", ""item_dimensions"": ""{\u0022height\u0022: \u00223.5\u0022, \u0022width\u0022: \u00222.5\u0022, \u0022unit\u0022: \u0022inch\u0022}""}",b65fcb03-9be4-4a48-a06d-b66a4c47de76,b8936c8c-5672-43d6-92a6-66a07ea2eb6b,Ordis Cadets (Rare),Ordis Cadets (Rare),{},altered_beyond-the-gate_ordis-cadets-(rare)
fcb79614-9dda-4f7e-82c0-6783e0b3cd9a,item,0,0,"{""obverse"": ""altered_beyond-the-gate_ordis-carrier-(common)"", ""reverse"": ""altered_card-back""}","{""name_printed"": ""Ordis Carrier"", ""functional_disambiguator"": ""Common"", ""number"": ""BTG-148-C"", ""item_dimensions"": ""{\u0022height\u0022: \u00223.5\u0022, \u0022width\u0022: \u00222.5\u0022, \u0022unit\u0022: \u0022inch\u0022}""}",b65fcb03-9be4-4a48-a06d-b66a4c47de76,b8936c8c-5672-43d6-92a6-66a07ea2eb6b,Ordis Carrier (Common),Ordis Carrier (Common),{},altered_beyond-the-gate_ordis-carrier-(common)
8939afc3-ef1f-49fb-a8f8-a263601363ad,item,0,0,"{""obverse"": ""altered_beyond-the-gate_ordis-carrier-(faction-rare)"", ""reverse"": ""altered_card-back""}","{""name_printed"": ""Ordis Carrier"", ""functional_disambiguator"": ""Faction Rare"", ""number"": ""BTG-148-F"", ""item_dimensions"": ""{\u0022height\u0022: \u00223.5\u0022, \u0022width\u0022: \u00222.5\u0022, \u0022unit\u0022: \u0022inch\u0022}""}",b65fcb03-9be4-4a48-a06d-b66a4c47de76,b8936c8c-5672-43d6-92a6-66a07ea2eb6b,Ordis Carrier (Faction Rare),Ordis Carrier (Faction Rare),{},altered_beyond-the-gate_ordis-carrier-(faction-rare)
43de3272-b77c-445e-a175-fd55e11ced0d,item,0,0,"{""obverse"": ""altered_beyond-the-gate_ordis-carrier-(rare)"", ""reverse"": ""altered_card-back""}","{""name_printed"": ""Ordis Carrier"", ""functional_disambiguator"": ""Rare"", ""number"": ""BTG-148-R"", ""item_dimensions"": ""{\u0022height\u0022: \u00223.5\u0022, \u0022width\u0022: \u00222.5\u0022, \u0022unit\u0022: \u0022inch\u0022}""}",b65fcb03-9be4-4a48-a06d-b66a4c47de76,b8936c8c-5672-43d6-92a6-66a07ea2eb6b,Ordis Carrier (Rare),Ordis Carrier (Rare),{},altered_beyond-the-gate_ordis-carrier-(rare)
23cdded5-4fb1-48c1-b97f-d40f1827dd05,item,0,0,"{""obverse"": ""altered_beyond-the-gate_ordis-gatekeeper-(common)"", ""reverse"": ""altered_card-back""}","{""name_printed"": ""Ordis Gatekeeper"", ""functional_disambiguator"": ""Common"", ""number"": ""BTG-135-C"", ""item_dimensions"": ""{\u0022height\u0022: \u00223.5\u0022, \u0022width\u0022: \u00222.5\u0022, \u0022unit\u0022: \u0022inch\u0022}""}",b65fcb03-9be4-4a48-a06d-b66a4c47de76,b8936c8c-5672-43d6-92a6-66a07ea2eb6b,Ordis Gatekeeper (Common),Ordis Gatekeeper (Common),{},altered_beyond-the-gate_ordis-gatekeeper-(common)
4c1586fa-f990-4437-9c49-4063facb2c99,item,0,0,"{""obverse"": ""altered_beyond-the-gate_ordis-gatekeeper-(faction-rare)"", ""reverse"": ""altered_card-back""}","{""name_printed"": ""Ordis Gatekeeper"", ""functional_disambiguator"": ""Faction Rare"", ""number"": ""BTG-135-F"", ""item_dimensions"": ""{\u0022height\u0022: \u00223.5\u0022, \u0022width\u0022: \u00222.5\u0022, \u0022unit\u0022: \u0022inch\u0022}""}",b65fcb03-9be4-4a48-a06d-b66a4c47de76,b8936c8c-5672-43d6-92a6-66a07ea2eb6b,Ordis Gatekeeper (Faction Rare),Ordis Gatekeeper (Faction Rare),{},altered_beyond-the-gate_ordis-gatekeeper-(faction-rare)
919b55ae-2fc0-42d2-8471-f52ae8cdf50d,item,0,0,"{""obverse"": ""altered_beyond-the-gate_ordis-gatekeeper-(rare)"", ""reverse"": ""altered_card-back""}","{""name_printed"": ""Ordis Gatekeeper"", ""functional_disambiguator"": ""Rare"", ""number"": ""BTG-135-R"", ""item_dimensions"": ""{\u0022height\u0022: \u00223.5\u0022, \u0022width\u0022: \u00222.5\u0022, \u0022unit\u0022: \u0022inch\u0022}""}",b65fcb03-9be4-4a48-a06d-b66a4c47de76,b8936c8c-5672-43d6-92a6-66a07ea2eb6b,Ordis Gatekeeper (Rare),Ordis Gatekeeper (Rare),{},altered_beyond-the-gate_ordis-gatekeeper-(rare)
0304a95a-31cb-4d01-88b0-66cdfc56fb36,item,0,0,"{""obverse"": ""altered_beyond-the-gate_ordis-recruit-[183]"", ""reverse"": ""altered_card-back""}","{""name_printed"": ""Ordis Recruit"", ""variant_disambiguator"": ""183"", ""number"": ""BTG-183-T"", ""item_dimensions"": ""{\u0022height\u0022: \u00223.5\u0022, \u0022width\u0022: \u00222.5\u0022, \u0022unit\u0022: \u0022inch\u0022}""}",b65fcb03-9be4-4a48-a06d-b66a4c47de76,b8936c8c-5672-43d6-92a6-66a07ea2eb6b,Ordis Recruit,Ordis Recruit [183],{},altered_beyond-the-gate_ordis-recruit-[183]
cd6fb735-0fa7-42d7-b865-a6e149e4861d,item,0,0,"{""obverse"": ""altered_beyond-the-gate_ordis-recruit-[184]"", ""reverse"": ""altered_card-back""}","{""name_printed"": ""Ordis Recruit"", ""variant_disambiguator"": ""184"", ""number"": ""BTG-184-T"", ""item_dimensions"": ""{\u0022height\u0022: \u00223.5\u0022, \u0022width\u0022: \u00222.5\u0022, \u0022unit\u0022: \u0022inch\u0022}""}",b65fcb03-9be4-4a48-a06d-b66a4c47de76,b8936c8c-5672-43d6-92a6-66a07ea2eb6b,Ordis Recruit,Ordis Recruit [184],{},altered_beyond-the-gate_ordis-recruit-[184]
2e59309e-65b9-470a-a6e5-ce456e0a40d5,item,0,0,"{""obverse"": ""altered_beyond-the-gate_ordis-spy-(common)"", ""reverse"": ""altered_card-back""}","{""name_printed"": ""Ordis Spy"", ""functional_disambiguator"": ""Common"", ""number"": ""BTG-132-C"", ""item_dimensions"": ""{\u0022height\u0022: \u00223.5\u0022, \u0022width\u0022: \u00222.5\u0022, \u0022unit\u0022: \u0022inch\u0022}""}",b65fcb03-9be4-4a48-a06d-b66a4c47de76,b8936c8c-5672-43d6-92a6-66a07ea2eb6b,Ordis Spy (Common),Ordis Spy (Common),{},altered_beyond-the-gate_ordis-spy-(common)
44d93130-6c7a-4c5e-be6a-a3a487aa00bf,item,0,0,"{""obverse"": ""altered_beyond-the-gate_ordis-spy-(faction-rare)"", ""reverse"": ""altered_card-back""}","{""name_printed"": ""Ordis Spy"", ""functional_disambiguator"": ""Faction Rare"", ""number"": ""BTG-132-F"", ""item_dimensions"": ""{\u0022height\u0022: \u00223.5\u0022, \u0022width\u0022: \u00222.5\u0022, \u0022unit\u0022: \u0022inch\u0022}""}",b65fcb03-9be4-4a48-a06d-b66a4c47de76,b8936c8c-5672-43d6-92a6-66a07ea2eb6b,Ordis Spy (Faction Rare),Ordis Spy (Faction Rare),{},altered_beyond-the-gate_ordis-spy-(faction-rare)
aaa98b80-e7ea-410d-b449-3eb8670d7e7b,item,0,0,"{""obverse"": ""altered_beyond-the-gate_ordis-spy-(rare)"", ""reverse"": ""altered_card-back""}","{""name_printed"": ""Ordis Spy"", ""functional_disambiguator"": ""Rare"", ""number"": ""BTG-132-R"", ""item_dimensions"": ""{\u0022height\u0022: \u00223.5\u0022, \u0022width\u0022: \u00222.5\u0022, \u0022unit\u0022: \u0022inch\u0022}""}",b65fcb03-9be4-4a48-a06d-b66a4c47de76,b8936c8c-5672-43d6-92a6-66a07ea2eb6b,Ordis Spy (Rare),Ordis Spy (Rare),{},altered_beyond-the-gate_ordis-spy-(rare)
1376beda-b9e5-40fb-9ff1-b29cb11aba82,item,0,0,"{""obverse"": ""altered_beyond-the-gate_ordis-trooper-(common)"", ""reverse"": ""altered_card-back""}","{""name_printed"": ""Ordis Trooper"", ""functional_disambiguator"": ""Common"", ""number"": ""BTG-124-C"", ""item_dimensions"": ""{\u0022height\u0022: \u00223.5\u0022, \u0022width\u0022: \u00222.5\u0022, \u0022unit\u0022: \u0022inch\u0022}""}",b65fcb03-9be4-4a48-a06d-b66a4c47de76,b8936c8c-5672-43d6-92a6-66a07ea2eb6b,Ordis Trooper (Common),Ordis Trooper (Common),{},altered_beyond-the-gate_ordis-trooper-(common)
2674f8d8-eeec-4e85-a2f9-2757abc86679,item,0,0,"{""obverse"": ""altered_beyond-the-gate_ordis-trooper-(faction-rare)"", ""reverse"": ""altered_card-back""}","{""name_printed"": ""Ordis Trooper"", ""functional_disambiguator"": ""Faction Rare"", ""number"": ""BTG-124-F"", ""item_dimensions"": ""{\u0022height\u0022: \u00223.5\u0022, \u0022width\u0022: \u00222.5\u0022, \u0022unit\u0022: \u0022inch\u0022}""}",b65fcb03-9be4-4a48-a06d-b66a4c47de76,b8936c8c-5672-43d6-92a6-66a07ea2eb6b,Ordis Trooper (Faction Rare),Ordis Trooper (Faction Rare),{},altered_beyond-the-gate_ordis-trooper-(faction-rare)
3376f471-82d9-4d75-983e-b014a43ebef6,item,0,0,"{""obverse"": ""altered_beyond-the-gate_ordis-trooper-(rare)"", ""reverse"": ""altered_card-back""}","{""name_printed"": ""Ordis Trooper"", ""functional_disambiguator"": ""Rare"", ""number"": ""BTG-124-R"", ""item_dimensions"": ""{\u0022height\u0022: \u00223.5\u0022, \u0022width\u0022: \u00222.5\u0022, \u0022unit\u0022: \u0022inch\u0022}""}",b65fcb03-9be4-4a48-a06d-b66a4c47de76,b8936c8c-5672-43d6-92a6-66a07ea2eb6b,Ordis Trooper (Rare),Ordis Trooper (Rare),{},altered_beyond-the-gate_ordis-trooper-(rare)
98e83d8b-de91-4cee-9848-24a8f820c4c5,item,0,0,"{""obverse"": ""altered_beyond-the-gate_ouroboros-croupier-(common)"", ""reverse"": ""altered_card-back""}","{""name_printed"": ""Ouroboros Croupier"", ""functional_disambiguator"": ""Common"", ""number"": ""BTG-077-C"", ""item_dimensions"": ""{\u0022height\u0022: \u00223.5\u0022, \u0022width\u0022: \u00222.5\u0022, \u0022unit\u0022: \u0022inch\u0022}""}",b65fcb03-9be4-4a48-a06d-b66a4c47de76,b8936c8c-5672-43d6-92a6-66a07ea2eb6b,Ouroboros Croupier (Common),Ouroboros Croupier (Common),{},altered_beyond-the-gate_ouroboros-croupier-(common)
381a410f-ca97-4424-91ff-74e670dd01cf,item,0,0,"{""obverse"": ""altered_beyond-the-gate_ouroboros-croupier-(faction-rare)"", ""reverse"": ""altered_card-back""}","{""name_printed"": ""Ouroboros Croupier"", ""functional_disambiguator"": ""Faction Rare"", ""number"": ""BTG-077-F"", ""item_dimensions"": ""{\u0022height\u0022: \u00223.5\u0022, \u0022width\u0022: \u00222.5\u0022, \u0022unit\u0022: \u0022inch\u0022}""}",b65fcb03-9be4-4a48-a06d-b66a4c47de76,b8936c8c-5672-43d6-92a6-66a07ea2eb6b,Ouroboros Croupier (Faction Rare),Ouroboros Croupier (Faction Rare),{},altered_beyond-the-gate_ouroboros-croupier-(faction-rare)
7e992c74-e102-4e4d-a0c3-b5894a36b8e4,item,0,0,"{""obverse"": ""altered_beyond-the-gate_ouroboros-croupier-(rare)"", ""reverse"": ""altered_card-back""}","{""name_printed"": ""Ouroboros Croupier"", ""functional_disambiguator"": ""Rare"", ""number"": ""BTG-077-R"", ""item_dimensions"": ""{\u0022height\u0022: \u00223.5\u0022, \u0022width\u0022: \u00222.5\u0022, \u0022unit\u0022: \u0022inch\u0022}""}",b65fcb03-9be4-4a48-a06d-b66a4c47de76,b8936c8c-5672-43d6-92a6-66a07ea2eb6b,Ouroboros Croupier (Rare),Ouroboros Croupier (Rare),{},altered_beyond-the-gate_ouroboros-croupier-(rare)
209a1c34-d44e-4f46-b4ea-81cae4d6e492,item,0,0,"{""obverse"": ""altered_beyond-the-gate_ouroboros-inkcaster-(common)"", ""reverse"": ""altered_card-back""}","{""name_printed"": ""Ouroboros Inkcaster"", ""functional_disambiguator"": ""Common"", ""number"": ""BTG-074-C"", ""item_dimensions"": ""{\u0022height\u0022: \u00223.5\u0022, \u0022width\u0022: \u00222.5\u0022, \u0022unit\u0022: \u0022inch\u0022}""}",b65fcb03-9be4-4a48-a06d-b66a4c47de76,b8936c8c-5672-43d6-92a6-66a07ea2eb6b,Ouroboros Inkcaster (Common),Ouroboros Inkcaster (Common),{},altered_beyond-the-gate_ouroboros-inkcaster-(common)
f84b7b61-9341-48ad-90a3-7478fb4f168c,item,0,0,"{""obverse"": ""altered_beyond-the-gate_ouroboros-inkcaster-(faction-rare)"", ""reverse"": ""altered_card-back""}","{""name_printed"": ""Ouroboros Inkcaster"", ""functional_disambiguator"": ""Faction Rare"", ""number"": ""BTG-074-F"", ""item_dimensions"": ""{\u0022height\u0022: \u00223.5\u0022, \u0022width\u0022: \u00222.5\u0022, \u0022unit\u0022: \u0022inch\u0022}""}",b65fcb03-9be4-4a48-a06d-b66a4c47de76,b8936c8c-5672-43d6-92a6-66a07ea2eb6b,Ouroboros Inkcaster (Faction Rare),Ouroboros Inkcaster (Faction Rare),{},altered_beyond-the-gate_ouroboros-inkcaster-(faction-rare)
3b16a6e8-4451-4fe7-97da-7b87c0a13c87,item,0,0,"{""obverse"": ""altered_beyond-the-gate_ouroboros-inkcaster-(rare)"", ""reverse"": ""altered_card-back""}","{""name_printed"": ""Ouroboros Inkcaster"", ""functional_disambiguator"": ""Rare"", ""number"": ""BTG-074-R"", ""item_dimensions"": ""{\u0022height\u0022: \u00223.5\u0022, \u0022width\u0022: \u00222.5\u0022, \u0022unit\u0022: \u0022inch\u0022}""}",b65fcb03-9be4-4a48-a06d-b66a4c47de76,b8936c8c-5672-43d6-92a6-66a07ea2eb6b,Ouroboros Inkcaster (Rare),Ouroboros Inkcaster (Rare),{},altered_beyond-the-gate_ouroboros-inkcaster-(rare)
7305e120-3552-4d1a-ae22-eaea760b729d,item,0,0,"{""obverse"": ""altered_beyond-the-gate_ouroboros-trickster-(common)"", ""reverse"": ""altered_card-back""}","{""name_printed"": ""Ouroboros Trickster"", ""functional_disambiguator"": ""Common"", ""number"": ""BTG-065-C"", ""item_dimensions"": ""{\u0022height\u0022: \u00223.5\u0022, \u0022width\u0022: \u00222.5\u0022, \u0022unit\u0022: \u0022inch\u0022}""}",b65fcb03-9be4-4a48-a06d-b66a4c47de76,b8936c8c-5672-43d6-92a6-66a07ea2eb6b,Ouroboros Trickster (Common),Ouroboros Trickster (Common),{},altered_beyond-the-gate_ouroboros-trickster-(common)
c1e2fd81-73c6-48c5-82d6-9f68aa7cd79d,item,0,0,"{""obverse"": ""altered_beyond-the-gate_ouroboros-trickster-(faction-rare)"", ""reverse"": ""altered_card-back""}","{""name_printed"": ""Ouroboros Trickster"", ""functional_disambiguator"": ""Faction Rare"", ""number"": ""BTG-065-F"", ""item_dimensions"": ""{\u0022height\u0022: \u00223.5\u0022, \u0022width\u0022: \u00222.5\u0022, \u0022unit\u0022: \u0022inch\u0022}""}",b65fcb03-9be4-4a48-a06d-b66a4c47de76,b8936c8c-5672-43d6-92a6-66a07ea2eb6b,Ouroboros Trickster (Faction Rare),Ouroboros Trickster (Faction Rare),{},altered_beyond-the-gate_ouroboros-trickster-(faction-rare)
99c4c493-5fd4-4454-bd2e-a9e7d0129d5b,item,0,0,"{""obverse"": ""altered_beyond-the-gate_ouroboros-trickster-(rare)"", ""reverse"": ""altered_card-back""}","{""name_printed"": ""Ouroboros Trickster"", ""functional_disambiguator"": ""Rare"", ""number"": ""BTG-065-R"", ""item_dimensions"": ""{\u0022height\u0022: \u00223.5\u0022, \u0022width\u0022: \u00222.5\u0022, \u0022unit\u0022: \u0022inch\u0022}""}",b65fcb03-9be4-4a48-a06d-b66a4c47de76,b8936c8c-5672-43d6-92a6-66a07ea2eb6b,Ouroboros Trickster (Rare),Ouroboros Trickster (Rare),{},altered_beyond-the-gate_ouroboros-trickster-(rare)
846dd68f-3334-451c-923f-f98a46ec8e0f,item,0,0,"{""obverse"": ""altered_beyond-the-gate_ozma-(common)"", ""reverse"": ""altered_card-back""}","{""name_printed"": ""Ozma"", ""functional_disambiguator"": ""Common"", ""number"": ""BTG-130-C"", ""item_dimensions"": ""{\u0022height\u0022: \u00223.5\u0022, \u0022width\u0022: \u00222.5\u0022, \u0022unit\u0022: \u0022inch\u0022}""}",b65fcb03-9be4-4a48-a06d-b66a4c47de76,b8936c8c-5672-43d6-92a6-66a07ea2eb6b,Ozma (Common),Ozma (Common),{},altered_beyond-the-gate_ozma-(common)
10209292-a44b-4288-ace5-d343772df310,item,0,0,"{""obverse"": ""altered_beyond-the-gate_ozma-(faction-rare)"", ""reverse"": ""altered_card-back""}","{""name_printed"": ""Ozma"", ""functional_disambiguator"": ""Faction Rare"", ""number"": ""BTG-130-F"", ""item_dimensions"": ""{\u0022height\u0022: \u00223.5\u0022, \u0022width\u0022: \u00222.5\u0022, \u0022unit\u0022: \u0022inch\u0022}""}",b65fcb03-9be4-4a48-a06d-b66a4c47de76,b8936c8c-5672-43d6-92a6-66a07ea2eb6b,Ozma (Faction Rare),Ozma (Faction Rare),{},altered_beyond-the-gate_ozma-(faction-rare)
7cd92921-31a9-4aba-9852-993a76e5b5c8,item,0,0,"{""obverse"": ""altered_beyond-the-gate_ozma-(rare)"", ""reverse"": ""altered_card-back""}","{""name_printed"": ""Ozma"", ""functional_disambiguator"": ""Rare"", ""number"": ""BTG-130-R"", ""item_dimensions"": ""{\u0022height\u0022: \u00223.5\u0022, \u0022width\u0022: \u00222.5\u0022, \u0022unit\u0022: \u0022inch\u0022}""}",b65fcb03-9be4-4a48-a06d-b66a4c47de76,b8936c8c-5672-43d6-92a6-66a07ea2eb6b,Ozma (Rare),Ozma (Rare),{},altered_beyond-the-gate_ozma-(rare)
84ddab48-e445-4e26-b060-16ce7fc26637,item,0,0,"{""obverse"": ""altered_beyond-the-gate_paint-prison-(common)"", ""reverse"": ""altered_card-back""}","{""name_printed"": ""Paint Prison"", ""functional_disambiguator"": ""Common"", ""number"": ""BTG-087-C"", ""item_dimensions"": ""{\u0022height\u0022: \u00223.5\u0022, \u0022width\u0022: \u00222.5\u0022, \u0022unit\u0022: \u0022inch\u0022}""}",b65fcb03-9be4-4a48-a06d-b66a4c47de76,b8936c8c-5672-43d6-92a6-66a07ea2eb6b,Paint Prison (Common),Paint Prison (Common),{},altered_beyond-the-gate_paint-prison-(common)
0c695e26-f468-40e9-87c5-13f7d32da241,item,0,0,"{""obverse"": ""altered_beyond-the-gate_paint-prison-(faction-rare)"", ""reverse"": ""altered_card-back""}","{""name_printed"": ""Paint Prison"", ""functional_disambiguator"": ""Faction Rare"", ""number"": ""BTG-087-F"", ""item_dimensions"": ""{\u0022height\u0022: \u00223.5\u0022, \u0022width\u0022: \u00222.5\u0022, \u0022unit\u0022: \u0022inch\u0022}""}",b65fcb03-9be4-4a48-a06d-b66a4c47de76,b8936c8c-5672-43d6-92a6-66a07ea2eb6b,Paint Prison (Faction Rare),Paint Prison (Faction Rare),{},altered_beyond-the-gate_paint-prison-(faction-rare)
5ae82fd3-9eff-4e70-8abc-27b72d825487,item,0,0,"{""obverse"": ""altered_beyond-the-gate_paint-prison-(rare)"", ""reverse"": ""altered_card-back""}","{""name_printed"": ""Paint Prison"", ""functional_disambiguator"": ""Rare"", ""number"": ""BTG-087-R"", ""item_dimensions"": ""{\u0022height\u0022: \u00223.5\u0022, \u0022width\u0022: \u00222.5\u0022, \u0022unit\u0022: \u0022inch\u0022}""}",b65fcb03-9be4-4a48-a06d-b66a4c47de76,b8936c8c-5672-43d6-92a6-66a07ea2eb6b,Paint Prison (Rare),Paint Prison (Rare),{},altered_beyond-the-gate_paint-prison-(rare)
0be0b949-91d5-45aa-918e-4536279ad402,item,0,0,"{""obverse"": ""altered_beyond-the-gate_paper-herald-(common)"", ""reverse"": ""altered_card-back""}","{""name_printed"": ""Paper Herald"", ""functional_disambiguator"": ""Common"", ""number"": ""BTG-125-C"", ""item_dimensions"": ""{\u0022height\u0022: \u00223.5\u0022, \u0022width\u0022: \u00222.5\u0022, \u0022unit\u0022: \u0022inch\u0022}""}",b65fcb03-9be4-4a48-a06d-b66a4c47de76,b8936c8c-5672-43d6-92a6-66a07ea2eb6b,Paper Herald (Common),Paper Herald (Common),{},altered_beyond-the-gate_paper-herald-(common)
7862107a-2ed8-4a78-94b4-2d57c4d1982a,item,0,0,"{""obverse"": ""altered_beyond-the-gate_paper-herald-(faction-rare)"", ""reverse"": ""altered_card-back""}","{""name_printed"": ""Paper Herald"", ""functional_disambiguator"": ""Faction Rare"", ""number"": ""BTG-125-F"", ""item_dimensions"": ""{\u0022height\u0022: \u00223.5\u0022, \u0022width\u0022: \u00222.5\u0022, \u0022unit\u0022: \u0022inch\u0022}""}",b65fcb03-9be4-4a48-a06d-b66a4c47de76,b8936c8c-5672-43d6-92a6-66a07ea2eb6b,Paper Herald (Faction Rare),Paper Herald (Faction Rare),{},altered_beyond-the-gate_paper-herald-(faction-rare)
8fcfa66a-c229-4119-ba84-15e801724919,item,0,0,"{""obverse"": ""altered_beyond-the-gate_paper-herald-(rare)"", ""reverse"": ""altered_card-back""}","{""name_printed"": ""Paper Herald"", ""functional_disambiguator"": ""Rare"", ""number"": ""BTG-125-R"", ""item_dimensions"": ""{\u0022height\u0022: \u00223.5\u0022, \u0022width\u0022: \u00222.5\u0022, \u0022unit\u0022: \u0022inch\u0022}""}",b65fcb03-9be4-4a48-a06d-b66a4c47de76,b8936c8c-5672-43d6-92a6-66a07ea2eb6b,Paper Herald (Rare),Paper Herald (Rare),{},altered_beyond-the-gate_paper-herald-(rare)
33788e54-eec9-4d3d-abd3-f49eed73c4a3,item,0,0,"{""obverse"": ""altered_beyond-the-gate_parvati-(common)"", ""reverse"": ""altered_card-back""}","{""name_printed"": ""Parvati"", ""functional_disambiguator"": ""Common"", ""number"": ""BTG-107-C"", ""item_dimensions"": ""{\u0022height\u0022: \u00223.5\u0022, \u0022width\u0022: \u00222.5\u0022, \u0022unit\u0022: \u0022inch\u0022}""}",b65fcb03-9be4-4a48-a06d-b66a4c47de76,b8936c8c-5672-43d6-92a6-66a07ea2eb6b,Parvati (Common),Parvati (Common),{},altered_beyond-the-gate_parvati-(common)
1ff18cb7-f019-4a32-a4af-3abce405f8a3,item,0,0,"{""obverse"": ""altered_beyond-the-gate_parvati-(faction-rare)"", ""reverse"": ""altered_card-back""}","{""name_printed"": ""Parvati"", ""functional_disambiguator"": ""Faction Rare"", ""number"": ""BTG-107-F"", ""item_dimensions"": ""{\u0022height\u0022: \u00223.5\u0022, \u0022width\u0022: \u00222.5\u0022, \u0022unit\u0022: \u0022inch\u0022}""}",b65fcb03-9be4-4a48-a06d-b66a4c47de76,b8936c8c-5672-43d6-92a6-66a07ea2eb6b,Parvati (Faction Rare),Parvati (Faction Rare),{},altered_beyond-the-gate_parvati-(faction-rare)
5dd49c1d-ef61-42c1-9680-38d917f7f179,item,0,0,"{""obverse"": ""altered_beyond-the-gate_parvati-(rare)"", ""reverse"": ""altered_card-back""}","{""name_printed"": ""Parvati"", ""functional_disambiguator"": ""Rare"", ""number"": ""BTG-107-R"", ""item_dimensions"": ""{\u0022height\u0022: \u00223.5\u0022, \u0022width\u0022: \u00222.5\u0022, \u0022unit\u0022: \u0022inch\u0022}""}",b65fcb03-9be4-4a48-a06d-b66a4c47de76,b8936c8c-5672-43d6-92a6-66a07ea2eb6b,Parvati (Rare),Parvati (Rare),{},altered_beyond-the-gate_parvati-(rare)
a90f86e7-058b-4cbe-b9d7-a46a5268befb,item,0,0,"{""obverse"": ""altered_beyond-the-gate_physical-training-(common)"", ""reverse"": ""altered_card-back""}","{""name_printed"": ""Physical Training"", ""functional_disambiguator"": ""Common"", ""number"": ""BTG-058-C"", ""item_dimensions"": ""{\u0022height\u0022: \u00223.5\u0022, \u0022width\u0022: \u00222.5\u0022, \u0022unit\u0022: \u0022inch\u0022}""}",b65fcb03-9be4-4a48-a06d-b66a4c47de76,b8936c8c-5672-43d6-92a6-66a07ea2eb6b,Physical Training (Common),Physical Training (Common),{},altered_beyond-the-gate_physical-training-(common)
27ff16e4-12b2-418f-97bd-6aca0b0b0de4,item,0,0,"{""obverse"": ""altered_beyond-the-gate_physical-training-(faction-rare)"", ""reverse"": ""altered_card-back""}","{""name_printed"": ""Physical Training"", ""functional_disambiguator"": ""Faction Rare"", ""number"": ""BTG-058-F"", ""item_dimensions"": ""{\u0022height\u0022: \u00223.5\u0022, \u0022width\u0022: \u00222.5\u0022, \u0022unit\u0022: \u0022inch\u0022}""}",b65fcb03-9be4-4a48-a06d-b66a4c47de76,b8936c8c-5672-43d6-92a6-66a07ea2eb6b,Physical Training (Faction Rare),Physical Training (Faction Rare),{},altered_beyond-the-gate_physical-training-(faction-rare)
629b9d82-a6f9-4a92-9df3-6eb0789c6f56,item,0,0,"{""obverse"": ""altered_beyond-the-gate_physical-training-(rare)"", ""reverse"": ""altered_card-back""}","{""name_printed"": ""Physical Training"", ""functional_disambiguator"": ""Rare"", ""number"": ""BTG-058-R"", ""item_dimensions"": ""{\u0022height\u0022: \u00223.5\u0022, \u0022width\u0022: \u00222.5\u0022, \u0022unit\u0022: \u0022inch\u0022}""}",b65fcb03-9be4-4a48-a06d-b66a4c47de76,b8936c8c-5672-43d6-92a6-66a07ea2eb6b,Physical Training (Rare),Physical Training (Rare),{},altered_beyond-the-gate_physical-training-(rare)
a5cfbec8-ea3c-425f-b1c8-d844f1b9498c,item,0,0,"{""obverse"": ""altered_beyond-the-gate_quetzalcóatl-(common)"", ""reverse"": ""altered_card-back""}","{""name_printed"": ""Quetzalcóatl"", ""functional_disambiguator"": ""Common"", ""number"": ""BTG-138-C"", ""item_dimensions"": ""{\u0022height\u0022: \u00223.5\u0022, \u0022width\u0022: \u00222.5\u0022, \u0022unit\u0022: \u0022inch\u0022}""}",b65fcb03-9be4-4a48-a06d-b66a4c47de76,b8936c8c-5672-43d6-92a6-66a07ea2eb6b,Quetzalcóatl (Common),Quetzalcóatl (Common),{},altered_beyond-the-gate_quetzalcóatl-(common)
0ec78feb-6731-43be-8a62-051e708d2ac4,item,0,0,"{""obverse"": ""altered_beyond-the-gate_quetzalcóatl-(faction-rare)"", ""reverse"": ""altered_card-back""}","{""name_printed"": ""Quetzalcóatl"", ""functional_disambiguator"": ""Faction Rare"", ""number"": ""BTG-138-F"", ""item_dimensions"": ""{\u0022height\u0022: \u00223.5\u0022, \u0022width\u0022: \u00222.5\u0022, \u0022unit\u0022: \u0022inch\u0022}""}",b65fcb03-9be4-4a48-a06d-b66a4c47de76,b8936c8c-5672-43d6-92a6-66a07ea2eb6b,Quetzalcóatl (Faction Rare),Quetzalcóatl (Faction Rare),{},altered_beyond-the-gate_quetzalcóatl-(faction-rare)
e08f48c9-cc62-4371-bc20-048a6b2db8e2,item,0,0,"{""obverse"": ""altered_beyond-the-gate_quetzalcóatl-(rare)"", ""reverse"": ""altered_card-back""}","{""name_printed"": ""Quetzalcóatl"", ""functional_disambiguator"": ""Rare"", ""number"": ""BTG-138-R"", ""item_dimensions"": ""{\u0022height\u0022: \u00223.5\u0022, \u0022width\u0022: \u00222.5\u0022, \u0022unit\u0022: \u0022inch\u0022}""}",b65fcb03-9be4-4a48-a06d-b66a4c47de76,b8936c8c-5672-43d6-92a6-66a07ea2eb6b,Quetzalcóatl (Rare),Quetzalcóatl (Rare),{},altered_beyond-the-gate_quetzalcóatl-(rare)
5c2ad812-d190-49c0-b033-73df6aeaf544,item,0,0,"{""obverse"": ""altered_beyond-the-gate_rare-foiler"", ""reverse"": ""altered_card-back""}","{""name_printed"": ""Rare Foiler"", ""item_dimensions"": ""{\u0022height\u0022: \u00223.5\u0022, \u0022width\u0022: \u00222.5\u0022, \u0022unit\u0022: \u0022inch\u0022}""}",b65fcb03-9be4-4a48-a06d-b66a4c47de76,b8936c8c-5672-43d6-92a6-66a07ea2eb6b,Rare Foiler,Rare Foiler,{},altered_beyond-the-gate_rare-foiler
cfc988d9-be88-4be0-a0ee-b1b5093bb34a,item,0,0,"{""obverse"": ""altered_beyond-the-gate_ratatoskr-(common)"", ""reverse"": ""altered_card-back""}","{""name_printed"": ""Ratatoskr"", ""functional_disambiguator"": ""Common"", ""number"": ""BTG-036-C"", ""item_dimensions"": ""{\u0022height\u0022: \u00223.5\u0022, \u0022width\u0022: \u00222.5\u0022, \u0022unit\u0022: \u0022inch\u0022}""}",b65fcb03-9be4-4a48-a06d-b66a4c47de76,b8936c8c-5672-43d6-92a6-66a07ea2eb6b,Ratatoskr (Common),Ratatoskr (Common),{},altered_beyond-the-gate_ratatoskr-(common)
64da9f8e-4d18-4b93-afcb-aa34e042cafc,item,0,0,"{""obverse"": ""altered_beyond-the-gate_ratatoskr-(faction-rare)"", ""reverse"": ""altered_card-back""}","{""name_printed"": ""Ratatoskr"", ""functional_disambiguator"": ""Faction Rare"", ""number"": ""BTG-036-F"", ""item_dimensions"": ""{\u0022height\u0022: \u00223.5\u0022, \u0022width\u0022: \u00222.5\u0022, \u0022unit\u0022: \u0022inch\u0022}""}",b65fcb03-9be4-4a48-a06d-b66a4c47de76,b8936c8c-5672-43d6-92a6-66a07ea2eb6b,Ratatoskr (Faction Rare),Ratatoskr (Faction Rare),{},altered_beyond-the-gate_ratatoskr-(faction-rare)
c01d285d-6bb4-4598-9e83-8125376683ff,item,0,0,"{""obverse"": ""altered_beyond-the-gate_ratatoskr-(rare)"", ""reverse"": ""altered_card-back""}","{""name_printed"": ""Ratatoskr"", ""functional_disambiguator"": ""Rare"", ""number"": ""BTG-036-R"", ""item_dimensions"": ""{\u0022height\u0022: \u00223.5\u0022, \u0022width\u0022: \u00222.5\u0022, \u0022unit\u0022: \u0022inch\u0022}""}",b65fcb03-9be4-4a48-a06d-b66a4c47de76,b8936c8c-5672-43d6-92a6-66a07ea2eb6b,Ratatoskr (Rare),Ratatoskr (Rare),{},altered_beyond-the-gate_ratatoskr-(rare)
f89e74b0-a0da-4b6e-ab74-3af1cf71b894,item,0,0,"{""obverse"": ""altered_beyond-the-gate_red-(common)"", ""reverse"": ""altered_card-back""}","{""name_printed"": ""Red"", ""functional_disambiguator"": ""Common"", ""number"": ""BTG-040-C"", ""item_dimensions"": ""{\u0022height\u0022: \u00223.5\u0022, \u0022width\u0022: \u00222.5\u0022, \u0022unit\u0022: \u0022inch\u0022}""}",b65fcb03-9be4-4a48-a06d-b66a4c47de76,b8936c8c-5672-43d6-92a6-66a07ea2eb6b,Red (Common),Red (Common),{},altered_beyond-the-gate_red-(common)
cd7d3504-57ed-42e4-85ae-34cdd91b6ecd,item,0,0,"{""obverse"": ""altered_beyond-the-gate_red-(faction-rare)"", ""reverse"": ""altered_card-back""}","{""name_printed"": ""Red"", ""functional_disambiguator"": ""Faction Rare"", ""number"": ""BTG-040-F"", ""item_dimensions"": ""{\u0022height\u0022: \u00223.5\u0022, \u0022width\u0022: \u00222.5\u0022, \u0022unit\u0022: \u0022inch\u0022}""}",b65fcb03-9be4-4a48-a06d-b66a4c47de76,b8936c8c-5672-43d6-92a6-66a07ea2eb6b,Red (Faction Rare),Red (Faction Rare),{},altered_beyond-the-gate_red-(faction-rare)
e0d70b34-1b6f-4766-9942-878bd1aa37d8,item,0,0,"{""obverse"": ""altered_beyond-the-gate_red-(rare)"", ""reverse"": ""altered_card-back""}","{""name_printed"": ""Red"", ""functional_disambiguator"": ""Rare"", ""number"": ""BTG-040-R"", ""item_dimensions"": ""{\u0022height\u0022: \u00223.5\u0022, \u0022width\u0022: \u00222.5\u0022, \u0022unit\u0022: \u0022inch\u0022}""}",b65fcb03-9be4-4a48-a06d-b66a4c47de76,b8936c8c-5672-43d6-92a6-66a07ea2eb6b,Red (Rare),Red (Rare),{},altered_beyond-the-gate_red-(rare)
8deedf8b-08c2-4d75-ad45-0eaa242c9cfc,item,0,0,"{""obverse"": ""altered_beyond-the-gate_ride-the-bifröst-(common)"", ""reverse"": ""altered_card-back""}","{""name_printed"": ""Ride the Bifröst"", ""functional_disambiguator"": ""Common"", ""number"": ""BTG-083-C"", ""item_dimensions"": ""{\u0022height\u0022: \u00223.5\u0022, \u0022width\u0022: \u00222.5\u0022, \u0022unit\u0022: \u0022inch\u0022}""}",b65fcb03-9be4-4a48-a06d-b66a4c47de76,b8936c8c-5672-43d6-92a6-66a07ea2eb6b,Ride the Bifröst (Common),Ride the Bifröst (Common),{},altered_beyond-the-gate_ride-the-bifröst-(common)
e48d2c61-883e-4646-a698-9f84946760d4,item,0,0,"{""obverse"": ""altered_beyond-the-gate_ride-the-bifröst-(faction-rare)"", ""reverse"": ""altered_card-back""}","{""name_printed"": ""Ride the Bifröst"", ""functional_disambiguator"": ""Faction Rare"", ""number"": ""BTG-083-F"", ""item_dimensions"": ""{\u0022height\u0022: \u00223.5\u0022, \u0022width\u0022: \u00222.5\u0022, \u0022unit\u0022: \u0022inch\u0022}""}",b65fcb03-9be4-4a48-a06d-b66a4c47de76,b8936c8c-5672-43d6-92a6-66a07ea2eb6b,Ride the Bifröst (Faction Rare),Ride the Bifröst (Faction Rare),{},altered_beyond-the-gate_ride-the-bifröst-(faction-rare)
3098e8e7-dcab-45da-bc97-00914fa29449,item,0,0,"{""obverse"": ""altered_beyond-the-gate_ride-the-bifröst-(rare)"", ""reverse"": ""altered_card-back""}","{""name_printed"": ""Ride the Bifröst"", ""functional_disambiguator"": ""Rare"", ""number"": ""BTG-083-R"", ""item_dimensions"": ""{\u0022height\u0022: \u00223.5\u0022, \u0022width\u0022: \u00222.5\u0022, \u0022unit\u0022: \u0022inch\u0022}""}",b65fcb03-9be4-4a48-a06d-b66a4c47de76,b8936c8c-5672-43d6-92a6-66a07ea2eb6b,Ride the Bifröst (Rare),Ride the Bifröst (Rare),{},altered_beyond-the-gate_ride-the-bifröst-(rare)
49e0ed18-d8d1-495d-b2a8-908a92de3455,item,0,0,"{""obverse"": ""altered_beyond-the-gate_rin-&-orchid"", ""reverse"": ""altered_card-back""}","{""name_printed"": ""Rin & Orchid"", ""number"": ""BTG-093-H"", ""item_dimensions"": ""{\u0022height\u0022: \u00223.5\u0022, \u0022width\u0022: \u00222.5\u0022, \u0022unit\u0022: \u0022inch\u0022}""}",b65fcb03-9be4-4a48-a06d-b66a4c47de76,b8936c8c-5672-43d6-92a6-66a07ea2eb6b,Rin & Orchid,Rin & Orchid,{},altered_beyond-the-gate_rin-&-orchid
76967506-2f7f-4ca7-b21c-61850dad8490,item,0,0,"{""obverse"": ""altered_beyond-the-gate_robin-hood-(common)"", ""reverse"": ""altered_card-back""}","{""name_printed"": ""Robin Hood"", ""functional_disambiguator"": ""Common"", ""number"": ""BTG-139-C"", ""item_dimensions"": ""{\u0022height\u0022: \u00223.5\u0022, \u0022width\u0022: \u00222.5\u0022, \u0022unit\u0022: \u0022inch\u0022}""}",b65fcb03-9be4-4a48-a06d-b66a4c47de76,b8936c8c-5672-43d6-92a6-66a07ea2eb6b,Robin Hood (Common),Robin Hood (Common),{},altered_beyond-the-gate_robin-hood-(common)
706e83df-5d7f-4b96-b173-1e4d5cac8c40,item,0,0,"{""obverse"": ""altered_beyond-the-gate_robin-hood-(faction-rare)"", ""reverse"": ""altered_card-back""}","{""name_printed"": ""Robin Hood"", ""functional_disambiguator"": ""Faction Rare"", ""number"": ""BTG-139-F"", ""item_dimensions"": ""{\u0022height\u0022: \u00223.5\u0022, \u0022width\u0022: \u00222.5\u0022, \u0022unit\u0022: \u0022inch\u0022}""}",b65fcb03-9be4-4a48-a06d-b66a4c47de76,b8936c8c-5672-43d6-92a6-66a07ea2eb6b,Robin Hood (Faction Rare),Robin Hood (Faction Rare),{},altered_beyond-the-gate_robin-hood-(faction-rare)
fdd18e0d-ce25-497f-afb9-02e902b0624b,item,0,0,"{""obverse"": ""altered_beyond-the-gate_robin-hood-(rare)"", ""reverse"": ""altered_card-back""}","{""name_printed"": ""Robin Hood"", ""functional_disambiguator"": ""Rare"", ""number"": ""BTG-139-R"", ""item_dimensions"": ""{\u0022height\u0022: \u00223.5\u0022, \u0022width\u0022: \u00222.5\u0022, \u0022unit\u0022: \u0022inch\u0022}""}",b65fcb03-9be4-4a48-a06d-b66a4c47de76,b8936c8c-5672-43d6-92a6-66a07ea2eb6b,Robin Hood (Rare),Robin Hood (Rare),{},altered_beyond-the-gate_robin-hood-(rare)
daf0ba93-c188-42e5-9f7d-aaffa5846b45,item,0,0,"{""obverse"": ""altered_beyond-the-gate_sakarabru-(common)"", ""reverse"": ""altered_card-back""}","{""name_printed"": ""Sakarabru"", ""functional_disambiguator"": ""Common"", ""number"": ""BTG-167-C"", ""item_dimensions"": ""{\u0022height\u0022: \u00223.5\u0022, \u0022width\u0022: \u00222.5\u0022, \u0022unit\u0022: \u0022inch\u0022}""}",b65fcb03-9be4-4a48-a06d-b66a4c47de76,b8936c8c-5672-43d6-92a6-66a07ea2eb6b,Sakarabru (Common),Sakarabru (Common),{},altered_beyond-the-gate_sakarabru-(common)
e15c46f2-fb0c-49bc-9abc-c1c4e9b7642b,item,0,0,"{""obverse"": ""altered_beyond-the-gate_sakarabru-(faction-rare)"", ""reverse"": ""altered_card-back""}","{""name_printed"": ""Sakarabru"", ""functional_disambiguator"": ""Faction Rare"", ""number"": ""BTG-167-F"", ""item_dimensions"": ""{\u0022height\u0022: \u00223.5\u0022, \u0022width\u0022: \u00222.5\u0022, \u0022unit\u0022: \u0022inch\u0022}""}",b65fcb03-9be4-4a48-a06d-b66a4c47de76,b8936c8c-5672-43d6-92a6-66a07ea2eb6b,Sakarabru (Faction Rare),Sakarabru (Faction Rare),{},altered_beyond-the-gate_sakarabru-(faction-rare)
67c1c99e-8b54-4aa6-80f4-4018c2bfd0b1,item,0,0,"{""obverse"": ""altered_beyond-the-gate_sakarabru-(rare)"", ""reverse"": ""altered_card-back""}","{""name_printed"": ""Sakarabru"", ""functional_disambiguator"": ""Rare"", ""number"": ""BTG-167-R"", ""item_dimensions"": ""{\u0022height\u0022: \u00223.5\u0022, \u0022width\u0022: \u00222.5\u0022, \u0022unit\u0022: \u0022inch\u0022}""}",b65fcb03-9be4-4a48-a06d-b66a4c47de76,b8936c8c-5672-43d6-92a6-66a07ea2eb6b,Sakarabru (Rare),Sakarabru (Rare),{},altered_beyond-the-gate_sakarabru-(rare)
e24615f4-34a4-42f3-8c8d-8f4081c94f7a,item,0,0,"{""obverse"": ""altered_beyond-the-gate_shenlong-(common)"", ""reverse"": ""altered_card-back""}","{""name_printed"": ""Shenlong"", ""functional_disambiguator"": ""Common"", ""number"": ""BTG-053-C"", ""item_dimensions"": ""{\u0022height\u0022: \u00223.5\u0022, \u0022width\u0022: \u00222.5\u0022, \u0022unit\u0022: \u0022inch\u0022}""}",b65fcb03-9be4-4a48-a06d-b66a4c47de76,b8936c8c-5672-43d6-92a6-66a07ea2eb6b,Shenlong (Common),Shenlong (Common),{},altered_beyond-the-gate_shenlong-(common)
838b0342-f1f0-4291-8bff-b6c4e72f3877,item,0,0,"{""obverse"": ""altered_beyond-the-gate_shenlong-(faction-rare)"", ""reverse"": ""altered_card-back""}","{""name_printed"": ""Shenlong"", ""functional_disambiguator"": ""Faction Rare"", ""number"": ""BTG-053-F"", ""item_dimensions"": ""{\u0022height\u0022: \u00223.5\u0022, \u0022width\u0022: \u00222.5\u0022, \u0022unit\u0022: \u0022inch\u0022}""}",b65fcb03-9be4-4a48-a06d-b66a4c47de76,b8936c8c-5672-43d6-92a6-66a07ea2eb6b,Shenlong (Faction Rare),Shenlong (Faction Rare),{},altered_beyond-the-gate_shenlong-(faction-rare)
3936a280-8511-4cb6-abb6-461c089546f5,item,0,0,"{""obverse"": ""altered_beyond-the-gate_shenlong-(rare)"", ""reverse"": ""altered_card-back""}","{""name_printed"": ""Shenlong"", ""functional_disambiguator"": ""Rare"", ""number"": ""BTG-053-R"", ""item_dimensions"": ""{\u0022height\u0022: \u00223.5\u0022, \u0022width\u0022: \u00222.5\u0022, \u0022unit\u0022: \u0022inch\u0022}""}",b65fcb03-9be4-4a48-a06d-b66a4c47de76,b8936c8c-5672-43d6-92a6-66a07ea2eb6b,Shenlong (Rare),Shenlong (Rare),{},altered_beyond-the-gate_shenlong-(rare)
8664f2c4-78af-44c5-b93d-9ba588df62c5,item,0,0,"{""obverse"": ""altered_beyond-the-gate_sierra-&-oddball"", ""reverse"": ""altered_card-back""}","{""name_printed"": ""Sierra & Oddball"", ""number"": ""BTG-001-H"", ""item_dimensions"": ""{\u0022height\u0022: \u00223.5\u0022, \u0022width\u0022: \u00222.5\u0022, \u0022unit\u0022: \u0022inch\u0022}""}",b65fcb03-9be4-4a48-a06d-b66a4c47de76,b8936c8c-5672-43d6-92a6-66a07ea2eb6b,Sierra & Oddball,Sierra & Oddball,{},altered_beyond-the-gate_sierra-&-oddball
cadeeb90-bcbd-42bf-b33e-145088ebf0f6,item,0,0,"{""obverse"": ""altered_beyond-the-gate_sigismar-&-wingspan"", ""reverse"": ""altered_card-back""}","{""name_printed"": ""Sigismar & Wingspan"", ""number"": ""BTG-121-H"", ""item_dimensions"": ""{\u0022height\u0022: \u00223.5\u0022, \u0022width\u0022: \u00222.5\u0022, \u0022unit\u0022: \u0022inch\u0022}""}",b65fcb03-9be4-4a48-a06d-b66a4c47de76,b8936c8c-5672-43d6-92a6-66a07ea2eb6b,Sigismar & Wingspan,Sigismar & Wingspan,{},altered_beyond-the-gate_sigismar-&-wingspan
71b3708c-7c75-4ae7-9ac5-01c825fc1920,item,0,0,"{""obverse"": ""altered_beyond-the-gate_small-step,-giant-leap-(common)"", ""reverse"": ""altered_card-back""}","{""name_printed"": ""Small Step, Giant Leap"", ""functional_disambiguator"": ""Common"", ""number"": ""BTG-176-C"", ""item_dimensions"": ""{\u0022height\u0022: \u00223.5\u0022, \u0022width\u0022: \u00222.5\u0022, \u0022unit\u0022: \u0022inch\u0022}""}",b65fcb03-9be4-4a48-a06d-b66a4c47de76,b8936c8c-5672-43d6-92a6-66a07ea2eb6b,"Small Step, Giant Leap (Common)","Small Step, Giant Leap (Common)",{},"altered_beyond-the-gate_small-step,-giant-leap-(common)"
0174452b-6046-4b6d-826a-3ff789e2f900,item,0,0,"{""obverse"": ""altered_beyond-the-gate_small-step,-giant-leap-(faction-rare)"", ""reverse"": ""altered_card-back""}","{""name_printed"": ""Small Step, Giant Leap"", ""functional_disambiguator"": ""Faction Rare"", ""number"": ""BTG-176-F"", ""item_dimensions"": ""{\u0022height\u0022: \u00223.5\u0022, \u0022width\u0022: \u00222.5\u0022, \u0022unit\u0022: \u0022inch\u0022}""}",b65fcb03-9be4-4a48-a06d-b66a4c47de76,b8936c8c-5672-43d6-92a6-66a07ea2eb6b,"Small Step, Giant Leap (Faction Rare)","Small Step, Giant Leap (Faction Rare)",{},"altered_beyond-the-gate_small-step,-giant-leap-(faction-rare)"
dd3aee7d-fdf7-40c6-b02a-062c2d97f967,item,0,0,"{""obverse"": ""altered_beyond-the-gate_small-step,-giant-leap-(rare)"", ""reverse"": ""altered_card-back""}","{""name_printed"": ""Small Step, Giant Leap"", ""functional_disambiguator"": ""Rare"", ""number"": ""BTG-176-R"", ""item_dimensions"": ""{\u0022height\u0022: \u00223.5\u0022, \u0022width\u0022: \u00222.5\u0022, \u0022unit\u0022: \u0022inch\u0022}""}",b65fcb03-9be4-4a48-a06d-b66a4c47de76,b8936c8c-5672-43d6-92a6-66a07ea2eb6b,"Small Step, Giant Leap (Rare)","Small Step, Giant Leap (Rare)",{},"altered_beyond-the-gate_small-step,-giant-leap-(rare)"
b618b7c5-5e0d-4661-9372-f9f347fcf0f3,item,0,0,"{""obverse"": ""altered_beyond-the-gate_sneezer-shroom-(common)"", ""reverse"": ""altered_card-back""}","{""name_printed"": ""Sneezer Shroom"", ""functional_disambiguator"": ""Common"", ""number"": ""BTG-099-C"", ""item_dimensions"": ""{\u0022height\u0022: \u00223.5\u0022, \u0022width\u0022: \u00222.5\u0022, \u0022unit\u0022: \u0022inch\u0022}""}",b65fcb03-9be4-4a48-a06d-b66a4c47de76,b8936c8c-5672-43d6-92a6-66a07ea2eb6b,Sneezer Shroom (Common),Sneezer Shroom (Common),{},altered_beyond-the-gate_sneezer-shroom-(common)
75580871-d9e8-4b0f-9f9a-1dd742615ab8,item,0,0,"{""obverse"": ""altered_beyond-the-gate_sneezer-shroom-(faction-rare)"", ""reverse"": ""altered_card-back""}","{""name_printed"": ""Sneezer Shroom"", ""functional_disambiguator"": ""Faction Rare"", ""number"": ""BTG-099-F"", ""item_dimensions"": ""{\u0022height\u0022: \u00223.5\u0022, \u0022width\u0022: \u00222.5\u0022, \u0022unit\u0022: \u0022inch\u0022}""}",b65fcb03-9be4-4a48-a06d-b66a4c47de76,b8936c8c-5672-43d6-92a6-66a07ea2eb6b,Sneezer Shroom (Faction Rare),Sneezer Shroom (Faction Rare),{},altered_beyond-the-gate_sneezer-shroom-(faction-rare)
7b320435-fcf4-45c8-a99b-75bcb03406c7,item,0,0,"{""obverse"": ""altered_beyond-the-gate_sneezer-shroom-(rare)"", ""reverse"": ""altered_card-back""}","{""name_printed"": ""Sneezer Shroom"", ""functional_disambiguator"": ""Rare"", ""number"": ""BTG-099-R"", ""item_dimensions"": ""{\u0022height\u0022: \u00223.5\u0022, \u0022width\u0022: \u00222.5\u0022, \u0022unit\u0022: \u0022inch\u0022}""}",b65fcb03-9be4-4a48-a06d-b66a4c47de76,b8936c8c-5672-43d6-92a6-66a07ea2eb6b,Sneezer Shroom (Rare),Sneezer Shroom (Rare),{},altered_beyond-the-gate_sneezer-shroom-(rare)
ba352e3a-3fda-4d13-a581-ec28aa4a5064,item,0,0,"{""obverse"": ""altered_beyond-the-gate_son-of-yggdrasil-(common)"", ""reverse"": ""altered_card-back""}","{""name_printed"": ""Son of Yggdrasil"", ""functional_disambiguator"": ""Common"", ""number"": ""BTG-112-C"", ""item_dimensions"": ""{\u0022height\u0022: \u00223.5\u0022, \u0022width\u0022: \u00222.5\u0022, \u0022unit\u0022: \u0022inch\u0022}""}",b65fcb03-9be4-4a48-a06d-b66a4c47de76,b8936c8c-5672-43d6-92a6-66a07ea2eb6b,Son of Yggdrasil (Common),Son of Yggdrasil (Common),{},altered_beyond-the-gate_son-of-yggdrasil-(common)
9f8f99ae-bd05-47cf-9828-42ea10e39cd5,item,0,0,"{""obverse"": ""altered_beyond-the-gate_son-of-yggdrasil-(faction-rare)"", ""reverse"": ""altered_card-back""}","{""name_printed"": ""Son of Yggdrasil"", ""functional_disambiguator"": ""Faction Rare"", ""number"": ""BTG-112-F"", ""item_dimensions"": ""{\u0022height\u0022: \u00223.5\u0022, \u0022width\u0022: \u00222.5\u0022, \u0022unit\u0022: \u0022inch\u0022}""}",b65fcb03-9be4-4a48-a06d-b66a4c47de76,b8936c8c-5672-43d6-92a6-66a07ea2eb6b,Son of Yggdrasil (Faction Rare),Son of Yggdrasil (Faction Rare),{},altered_beyond-the-gate_son-of-yggdrasil-(faction-rare)
c7798667-3b59-4568-89f2-a9a0d726b7f1,item,0,0,"{""obverse"": ""altered_beyond-the-gate_son-of-yggdrasil-(rare)"", ""reverse"": ""altered_card-back""}","{""name_printed"": ""Son of Yggdrasil"", ""functional_disambiguator"": ""Rare"", ""number"": ""BTG-112-R"", ""item_dimensions"": ""{\u0022height\u0022: \u00223.5\u0022, \u0022width\u0022: \u00222.5\u0022, \u0022unit\u0022: \u0022inch\u0022}""}",b65fcb03-9be4-4a48-a06d-b66a4c47de76,b8936c8c-5672-43d6-92a6-66a07ea2eb6b,Son of Yggdrasil (Rare),Son of Yggdrasil (Rare),{},altered_beyond-the-gate_son-of-yggdrasil-(rare)
e33ea32f-b78d-4fd9-8fae-2f6334582acf,item,0,0,"{""obverse"": ""altered_beyond-the-gate_spindle-harvesters-(common)"", ""reverse"": ""altered_card-back""}","{""name_printed"": ""Spindle Harvesters"", ""functional_disambiguator"": ""Common"", ""number"": ""BTG-095-C"", ""item_dimensions"": ""{\u0022height\u0022: \u00223.5\u0022, \u0022width\u0022: \u00222.5\u0022, \u0022unit\u0022: \u0022inch\u0022}""}",b65fcb03-9be4-4a48-a06d-b66a4c47de76,b8936c8c-5672-43d6-92a6-66a07ea2eb6b,Spindle Harvesters (Common),Spindle Harvesters (Common),{},altered_beyond-the-gate_spindle-harvesters-(common)
9a30672a-838f-43f3-b282-7e078e8d75e7,item,0,0,"{""obverse"": ""altered_beyond-the-gate_spindle-harvesters-(faction-rare)"", ""reverse"": ""altered_card-back""}","{""name_printed"": ""Spindle Harvesters"", ""functional_disambiguator"": ""Faction Rare"", ""number"": ""BTG-095-F"", ""item_dimensions"": ""{\u0022height\u0022: \u00223.5\u0022, \u0022width\u0022: \u00222.5\u0022, \u0022unit\u0022: \u0022inch\u0022}""}",b65fcb03-9be4-4a48-a06d-b66a4c47de76,b8936c8c-5672-43d6-92a6-66a07ea2eb6b,Spindle Harvesters (Faction Rare),Spindle Harvesters (Faction Rare),{},altered_beyond-the-gate_spindle-harvesters-(faction-rare)
bb3613b0-1442-4b63-9218-d9f8b034f629,item,0,0,"{""obverse"": ""altered_beyond-the-gate_spindle-harvesters-(rare)"", ""reverse"": ""altered_card-back""}","{""name_printed"": ""Spindle Harvesters"", ""functional_disambiguator"": ""Rare"", ""number"": ""BTG-095-R"", ""item_dimensions"": ""{\u0022height\u0022: \u00223.5\u0022, \u0022width\u0022: \u00222.5\u0022, \u0022unit\u0022: \u0022inch\u0022}""}",b65fcb03-9be4-4a48-a06d-b66a4c47de76,b8936c8c-5672-43d6-92a6-66a07ea2eb6b,Spindle Harvesters (Rare),Spindle Harvesters (Rare),{},altered_beyond-the-gate_spindle-harvesters-(rare)
9f57acbf-edd3-44df-bd45-9fe002d1ed76,item,0,0,"{""obverse"": ""altered_beyond-the-gate_spy-craft-(common)"", ""reverse"": ""altered_card-back""}","{""name_printed"": ""Spy Craft"", ""functional_disambiguator"": ""Common"", ""number"": ""BTG-171-C"", ""item_dimensions"": ""{\u0022height\u0022: \u00223.5\u0022, \u0022width\u0022: \u00222.5\u0022, \u0022unit\u0022: \u0022inch\u0022}""}",b65fcb03-9be4-4a48-a06d-b66a4c47de76,b8936c8c-5672-43d6-92a6-66a07ea2eb6b,Spy Craft (Common),Spy Craft (Common),{},altered_beyond-the-gate_spy-craft-(common)
7f5d52e0-773d-4dc0-8397-2ce847260c49,item,0,0,"{""obverse"": ""altered_beyond-the-gate_spy-craft-(faction-rare)"", ""reverse"": ""altered_card-back""}","{""name_printed"": ""Spy Craft"", ""functional_disambiguator"": ""Faction Rare"", ""number"": ""BTG-171-F"", ""item_dimensions"": ""{\u0022height\u0022: \u00223.5\u0022, \u0022width\u0022: \u00222.5\u0022, \u0022unit\u0022: \u0022inch\u0022}""}",b65fcb03-9be4-4a48-a06d-b66a4c47de76,b8936c8c-5672-43d6-92a6-66a07ea2eb6b,Spy Craft (Faction Rare),Spy Craft (Faction Rare),{},altered_beyond-the-gate_spy-craft-(faction-rare)
bd2b7af1-e6f4-43da-ad03-644ae53f70ba,item,0,0,"{""obverse"": ""altered_beyond-the-gate_spy-craft-(rare)"", ""reverse"": ""altered_card-back""}","{""name_printed"": ""Spy Craft"", ""functional_disambiguator"": ""Rare"", ""number"": ""BTG-171-R"", ""item_dimensions"": ""{\u0022height\u0022: \u00223.5\u0022, \u0022width\u0022: \u00222.5\u0022, \u0022unit\u0022: \u0022inch\u0022}""}",b65fcb03-9be4-4a48-a06d-b66a4c47de76,b8936c8c-5672-43d6-92a6-66a07ea2eb6b,Spy Craft (Rare),Spy Craft (Rare),{},altered_beyond-the-gate_spy-craft-(rare)
db8e5bcc-cc81-4691-9ff1-6a5776c147f4,item,0,0,"{""obverse"": ""altered_beyond-the-gate_sticky-note-seals-(common)"", ""reverse"": ""altered_card-back""}","{""name_printed"": ""Sticky Note Seals"", ""functional_disambiguator"": ""Common"", ""number"": ""BTG-145-C"", ""item_dimensions"": ""{\u0022height\u0022: \u00223.5\u0022, \u0022width\u0022: \u00222.5\u0022, \u0022unit\u0022: \u0022inch\u0022}""}",b65fcb03-9be4-4a48-a06d-b66a4c47de76,b8936c8c-5672-43d6-92a6-66a07ea2eb6b,Sticky Note Seals (Common),Sticky Note Seals (Common),{},altered_beyond-the-gate_sticky-note-seals-(common)
b8f16892-8a1b-4f53-bd7c-3a62cff1317f,item,0,0,"{""obverse"": ""altered_beyond-the-gate_sticky-note-seals-(faction-rare)"", ""reverse"": ""altered_card-back""}","{""name_printed"": ""Sticky Note Seals"", ""functional_disambiguator"": ""Faction Rare"", ""number"": ""BTG-145-F"", ""item_dimensions"": ""{\u0022height\u0022: \u00223.5\u0022, \u0022width\u0022: \u00222.5\u0022, \u0022unit\u0022: \u0022inch\u0022}""}",b65fcb03-9be4-4a48-a06d-b66a4c47de76,b8936c8c-5672-43d6-92a6-66a07ea2eb6b,Sticky Note Seals (Faction Rare),Sticky Note Seals (Faction Rare),{},altered_beyond-the-gate_sticky-note-seals-(faction-rare)
267f55e6-3ffc-4bf3-b16c-ddfbc9851076,item,0,0,"{""obverse"": ""altered_beyond-the-gate_sticky-note-seals-(rare)"", ""reverse"": ""altered_card-back""}","{""name_printed"": ""Sticky Note Seals"", ""functional_disambiguator"": ""Rare"", ""number"": ""BTG-145-R"", ""item_dimensions"": ""{\u0022height\u0022: \u00223.5\u0022, \u0022width\u0022: \u00222.5\u0022, \u0022unit\u0022: \u0022inch\u0022}""}",b65fcb03-9be4-4a48-a06d-b66a4c47de76,b8936c8c-5672-43d6-92a6-66a07ea2eb6b,Sticky Note Seals (Rare),Sticky Note Seals (Rare),{},altered_beyond-the-gate_sticky-note-seals-(rare)
2773c259-bcf9-44c9-a72e-366b02eec35f,item,0,0,"{""obverse"": ""altered_beyond-the-gate_studious-disciple-(common)"", ""reverse"": ""altered_card-back""}","{""name_printed"": ""Studious Disciple"", ""functional_disambiguator"": ""Common"", ""number"": ""BTG-155-C"", ""item_dimensions"": ""{\u0022height\u0022: \u00223.5\u0022, \u0022width\u0022: \u00222.5\u0022, \u0022unit\u0022: \u0022inch\u0022}""}",b65fcb03-9be4-4a48-a06d-b66a4c47de76,b8936c8c-5672-43d6-92a6-66a07ea2eb6b,Studious Disciple (Common),Studious Disciple (Common),{},altered_beyond-the-gate_studious-disciple-(common)
f2dbee4d-3af4-48ad-b815-e630b6c397f2,item,0,0,"{""obverse"": ""altered_beyond-the-gate_studious-disciple-(faction-rare)"", ""reverse"": ""altered_card-back""}","{""name_printed"": ""Studious Disciple"", ""functional_disambiguator"": ""Faction Rare"", ""number"": ""BTG-155-F"", ""item_dimensions"": ""{\u0022height\u0022: \u00223.5\u0022, \u0022width\u0022: \u00222.5\u0022, \u0022unit\u0022: \u0022inch\u0022}""}",b65fcb03-9be4-4a48-a06d-b66a4c47de76,b8936c8c-5672-43d6-92a6-66a07ea2eb6b,Studious Disciple (Faction Rare),Studious Disciple (Faction Rare),{},altered_beyond-the-gate_studious-disciple-(faction-rare)
abeb0d72-985f-4039-bcae-ef3c5e8e2cf6,item,0,0,"{""obverse"": ""altered_beyond-the-gate_studious-disciple-(rare)"", ""reverse"": ""altered_card-back""}","{""name_printed"": ""Studious Disciple"", ""functional_disambiguator"": ""Rare"", ""number"": ""BTG-155-R"", ""item_dimensions"": ""{\u0022height\u0022: \u00223.5\u0022, \u0022width\u0022: \u00222.5\u0022, \u0022unit\u0022: \u0022inch\u0022}""}",b65fcb03-9be4-4a48-a06d-b66a4c47de76,b8936c8c-5672-43d6-92a6-66a07ea2eb6b,Studious Disciple (Rare),Studious Disciple (Rare),{},altered_beyond-the-gate_studious-disciple-(rare)
ce3b2b81-550c-4c52-bb33-e6393d2ddc7f,item,0,0,"{""obverse"": ""altered_beyond-the-gate_subhash-&-marmo"", ""reverse"": ""altered_card-back""}","{""name_printed"": ""Subhash & Marmo"", ""number"": ""BTG-002-H"", ""item_dimensions"": ""{\u0022height\u0022: \u00223.5\u0022, \u0022width\u0022: \u00222.5\u0022, \u0022unit\u0022: \u0022inch\u0022}""}",b65fcb03-9be4-4a48-a06d-b66a4c47de76,b8936c8c-5672-43d6-92a6-66a07ea2eb6b,Subhash & Marmo,Subhash & Marmo,{},altered_beyond-the-gate_subhash-&-marmo
8ac7c42c-d98b-4453-ba71-94ae0eca32fd,item,0,0,"{""obverse"": ""altered_beyond-the-gate_sun-wukong-(common)"", ""reverse"": ""altered_card-back""}","{""name_printed"": ""Sun Wukong"", ""functional_disambiguator"": ""Common"", ""number"": ""BTG-048-C"", ""item_dimensions"": ""{\u0022height\u0022: \u00223.5\u0022, \u0022width\u0022: \u00222.5\u0022, \u0022unit\u0022: \u0022inch\u0022}""}",b65fcb03-9be4-4a48-a06d-b66a4c47de76,b8936c8c-5672-43d6-92a6-66a07ea2eb6b,Sun Wukong (Common),Sun Wukong (Common),{},altered_beyond-the-gate_sun-wukong-(common)
4582e505-a87e-4b23-bb4c-cb26418539d6,item,0,0,"{""obverse"": ""altered_beyond-the-gate_sun-wukong-(faction-rare)"", ""reverse"": ""altered_card-back""}","{""name_printed"": ""Sun Wukong"", ""functional_disambiguator"": ""Faction Rare"", ""number"": ""BTG-048-F"", ""item_dimensions"": ""{\u0022height\u0022: \u00223.5\u0022, \u0022width\u0022: \u00222.5\u0022, \u0022unit\u0022: \u0022inch\u0022}""}",b65fcb03-9be4-4a48-a06d-b66a4c47de76,b8936c8c-5672-43d6-92a6-66a07ea2eb6b,Sun Wukong (Faction Rare),Sun Wukong (Faction Rare),{},altered_beyond-the-gate_sun-wukong-(faction-rare)
7d223ab9-38f3-4c9c-a48e-b4cd270283c6,item,0,0,"{""obverse"": ""altered_beyond-the-gate_sun-wukong-(rare)"", ""reverse"": ""altered_card-back""}","{""name_printed"": ""Sun Wukong"", ""functional_disambiguator"": ""Rare"", ""number"": ""BTG-048-R"", ""item_dimensions"": ""{\u0022height\u0022: \u00223.5\u0022, \u0022width\u0022: \u00222.5\u0022, \u0022unit\u0022: \u0022inch\u0022}""}",b65fcb03-9be4-4a48-a06d-b66a4c47de76,b8936c8c-5672-43d6-92a6-66a07ea2eb6b,Sun Wukong (Rare),Sun Wukong (Rare),{},altered_beyond-the-gate_sun-wukong-(rare)
9478d2d9-017f-48f1-a0a4-1c3c1d6fd668,item,0,0,"{""obverse"": ""altered_beyond-the-gate_tanuki-(common)"", ""reverse"": ""altered_card-back""}","{""name_printed"": ""Tanuki"", ""functional_disambiguator"": ""Common"", ""number"": ""BTG-075-C"", ""item_dimensions"": ""{\u0022height\u0022: \u00223.5\u0022, \u0022width\u0022: \u00222.5\u0022, \u0022unit\u0022: \u0022inch\u0022}""}",b65fcb03-9be4-4a48-a06d-b66a4c47de76,b8936c8c-5672-43d6-92a6-66a07ea2eb6b,Tanuki (Common),Tanuki (Common),{},altered_beyond-the-gate_tanuki-(common)
5b82885e-fda6-46ab-bc73-5f6c0ccc08f4,item,0,0,"{""obverse"": ""altered_beyond-the-gate_tanuki-(faction-rare)"", ""reverse"": ""altered_card-back""}","{""name_printed"": ""Tanuki"", ""functional_disambiguator"": ""Faction Rare"", ""number"": ""BTG-075-F"", ""item_dimensions"": ""{\u0022height\u0022: \u00223.5\u0022, \u0022width\u0022: \u00222.5\u0022, \u0022unit\u0022: \u0022inch\u0022}""}",b65fcb03-9be4-4a48-a06d-b66a4c47de76,b8936c8c-5672-43d6-92a6-66a07ea2eb6b,Tanuki (Faction Rare),Tanuki (Faction Rare),{},altered_beyond-the-gate_tanuki-(faction-rare)
d0ed6ebe-f93f-45bf-9637-b0b7609e0498,item,0,0,"{""obverse"": ""altered_beyond-the-gate_tanuki-(rare)"", ""reverse"": ""altered_card-back""}","{""name_printed"": ""Tanuki"", ""functional_disambiguator"": ""Rare"", ""number"": ""BTG-075-R"", ""item_dimensions"": ""{\u0022height\u0022: \u00223.5\u0022, \u0022width\u0022: \u00222.5\u0022, \u0022unit\u0022: \u0022inch\u0022}""}",b65fcb03-9be4-4a48-a06d-b66a4c47de76,b8936c8c-5672-43d6-92a6-66a07ea2eb6b,Tanuki (Rare),Tanuki (Rare),{},altered_beyond-the-gate_tanuki-(rare)
006c7b05-0a2b-435a-97c3-d539e75c9510,item,0,0,"{""obverse"": ""altered_beyond-the-gate_teamwork-training-(common)"", ""reverse"": ""altered_card-back""}","{""name_printed"": ""Teamwork Training"", ""functional_disambiguator"": ""Common"", ""number"": ""BTG-144-C"", ""item_dimensions"": ""{\u0022height\u0022: \u00223.5\u0022, \u0022width\u0022: \u00222.5\u0022, \u0022unit\u0022: \u0022inch\u0022}""}",b65fcb03-9be4-4a48-a06d-b66a4c47de76,b8936c8c-5672-43d6-92a6-66a07ea2eb6b,Teamwork Training (Common),Teamwork Training (Common),{},altered_beyond-the-gate_teamwork-training-(common)
96a1ddc7-24ff-48fb-bf82-4eb281dfd214,item,0,0,"{""obverse"": ""altered_beyond-the-gate_teamwork-training-(faction-rare)"", ""reverse"": ""altered_card-back""}","{""name_printed"": ""Teamwork Training"", ""functional_disambiguator"": ""Faction Rare"", ""number"": ""BTG-144-F"", ""item_dimensions"": ""{\u0022height\u0022: \u00223.5\u0022, \u0022width\u0022: \u00222.5\u0022, \u0022unit\u0022: \u0022inch\u0022}""}",b65fcb03-9be4-4a48-a06d-b66a4c47de76,b8936c8c-5672-43d6-92a6-66a07ea2eb6b,Teamwork Training (Faction Rare),Teamwork Training (Faction Rare),{},altered_beyond-the-gate_teamwork-training-(faction-rare)
c54f5beb-5be3-48af-a897-82c7cf3b6475,item,0,0,"{""obverse"": ""altered_beyond-the-gate_teamwork-training-(rare)"", ""reverse"": ""altered_card-back""}","{""name_printed"": ""Teamwork Training"", ""functional_disambiguator"": ""Rare"", ""number"": ""BTG-144-R"", ""item_dimensions"": ""{\u0022height\u0022: \u00223.5\u0022, \u0022width\u0022: \u00222.5\u0022, \u0022unit\u0022: \u0022inch\u0022}""}",b65fcb03-9be4-4a48-a06d-b66a4c47de76,b8936c8c-5672-43d6-92a6-66a07ea2eb6b,Teamwork Training (Rare),Teamwork Training (Rare),{},altered_beyond-the-gate_teamwork-training-(rare)
98bcec84-e224-4a70-aee3-688f1b79f7ef,item,0,0,"{""obverse"": ""altered_beyond-the-gate_teija-&-nauraa"", ""reverse"": ""altered_card-back""}","{""name_printed"": ""Teija & Nauraa"", ""number"": ""BTG-091-H"", ""item_dimensions"": ""{\u0022height\u0022: \u00223.5\u0022, \u0022width\u0022: \u00222.5\u0022, \u0022unit\u0022: \u0022inch\u0022}""}",b65fcb03-9be4-4a48-a06d-b66a4c47de76,b8936c8c-5672-43d6-92a6-66a07ea2eb6b,Teija & Nauraa,Teija & Nauraa,{},altered_beyond-the-gate_teija-&-nauraa
63ea2e09-594f-48c3-8126-6a5c072df64c,item,0,0,"{""obverse"": ""altered_beyond-the-gate_the-council-(common)"", ""reverse"": ""altered_card-back""}","{""name_printed"": ""The Council"", ""functional_disambiguator"": ""Common"", ""number"": ""BTG-140-C"", ""item_dimensions"": ""{\u0022height\u0022: \u00223.5\u0022, \u0022width\u0022: \u00222.5\u0022, \u0022unit\u0022: \u0022inch\u0022}""}",b65fcb03-9be4-4a48-a06d-b66a4c47de76,b8936c8c-5672-43d6-92a6-66a07ea2eb6b,The Council (Common),The Council (Common),{},altered_beyond-the-gate_the-council-(common)
d9ce18c2-a5a6-493c-a6c8-3074f274f921,item,0,0,"{""obverse"": ""altered_beyond-the-gate_the-council-(faction-rare)"", ""reverse"": ""altered_card-back""}","{""name_printed"": ""The Council"", ""functional_disambiguator"": ""Faction Rare"", ""number"": ""BTG-140-F"", ""item_dimensions"": ""{\u0022height\u0022: \u00223.5\u0022, \u0022width\u0022: \u00222.5\u0022, \u0022unit\u0022: \u0022inch\u0022}""}",b65fcb03-9be4-4a48-a06d-b66a4c47de76,b8936c8c-5672-43d6-92a6-66a07ea2eb6b,The Council (Faction Rare),The Council (Faction Rare),{},altered_beyond-the-gate_the-council-(faction-rare)
8088601b-8a83-4f16-a6b8-9c901ce24791,item,0,0,"{""obverse"": ""altered_beyond-the-gate_the-council-(rare)"", ""reverse"": ""altered_card-back""}","{""name_printed"": ""The Council"", ""functional_disambiguator"": ""Rare"", ""number"": ""BTG-140-R"", ""item_dimensions"": ""{\u0022height\u0022: \u00223.5\u0022, \u0022width\u0022: \u00222.5\u0022, \u0022unit\u0022: \u0022inch\u0022}""}",b65fcb03-9be4-4a48-a06d-b66a4c47de76,b8936c8c-5672-43d6-92a6-66a07ea2eb6b,The Council (Rare),The Council (Rare),{},altered_beyond-the-gate_the-council-(rare)
03aa12c4-8804-480f-ac00-f8b8acd9c15a,item,0,0,"{""obverse"": ""altered_beyond-the-gate_the-foundry,-axiom-bastion-(common)"", ""reverse"": ""altered_card-back""}","{""name_printed"": ""The Foundry, Axiom Bastion"", ""functional_disambiguator"": ""Common"", ""number"": ""BTG-028-C"", ""item_dimensions"": ""{\u0022height\u0022: \u00223.5\u0022, \u0022width\u0022: \u00222.5\u0022, \u0022unit\u0022: \u0022inch\u0022}""}",b65fcb03-9be4-4a48-a06d-b66a4c47de76,b8936c8c-5672-43d6-92a6-66a07ea2eb6b,"The Foundry, Axiom Bastion (Common)","The Foundry, Axiom Bastion (Common)",{},"altered_beyond-the-gate_the-foundry,-axiom-bastion-(common)"
ab2b4bae-267f-4e98-9541-15ee1db61ad9,item,0,0,"{""obverse"": ""altered_beyond-the-gate_the-foundry,-axiom-bastion-(faction-rare)"", ""reverse"": ""altered_card-back""}","{""name_printed"": ""The Foundry, Axiom Bastion"", ""functional_disambiguator"": ""Faction Rare"", ""number"": ""BTG-028-F"", ""item_dimensions"": ""{\u0022height\u0022: \u00223.5\u0022, \u0022width\u0022: \u00222.5\u0022, \u0022unit\u0022: \u0022inch\u0022}""}",b65fcb03-9be4-4a48-a06d-b66a4c47de76,b8936c8c-5672-43d6-92a6-66a07ea2eb6b,"The Foundry, Axiom Bastion (Faction Rare)","The Foundry, Axiom Bastion (Faction Rare)",{},"altered_beyond-the-gate_the-foundry,-axiom-bastion-(faction-rare)"
0025dae9-0aa3-43e8-965f-7e4f58a6595f,item,0,0,"{""obverse"": ""altered_beyond-the-gate_the-foundry,-axiom-bastion-(rare)"", ""reverse"": ""altered_card-back""}","{""name_printed"": ""The Foundry, Axiom Bastion"", ""functional_disambiguator"": ""Rare"", ""number"": ""BTG-028-R"", ""item_dimensions"": ""{\u0022height\u0022: \u00223.5\u0022, \u0022width\u0022: \u00222.5\u0022, \u0022unit\u0022: \u0022inch\u0022}""}",b65fcb03-9be4-4a48-a06d-b66a4c47de76,b8936c8c-5672-43d6-92a6-66a07ea2eb6b,"The Foundry, Axiom Bastion (Rare)","The Foundry, Axiom Bastion (Rare)",{},"altered_beyond-the-gate_the-foundry,-axiom-bastion-(rare)"
9f06eed3-0d03-4d1f-9856-7ab82d72a4e8,item,0,0,"{""obverse"": ""altered_beyond-the-gate_the-frog-prince-(common)"", ""reverse"": ""altered_card-back""}","{""name_printed"": ""The Frog Prince"", ""functional_disambiguator"": ""Common"", ""number"": ""BTG-131-C"", ""item_dimensions"": ""{\u0022height\u0022: \u00223.5\u0022, \u0022width\u0022: \u00222.5\u0022, \u0022unit\u0022: \u0022inch\u0022}""}",b65fcb03-9be4-4a48-a06d-b66a4c47de76,b8936c8c-5672-43d6-92a6-66a07ea2eb6b,The Frog Prince (Common),The Frog Prince (Common),{},altered_beyond-the-gate_the-frog-prince-(common)
29f5ec71-b00f-4058-b6ab-079afeb107c1,item,0,0,"{""obverse"": ""altered_beyond-the-gate_the-frog-prince-(faction-rare)"", ""reverse"": ""altered_card-back""}","{""name_printed"": ""The Frog Prince"", ""functional_disambiguator"": ""Faction Rare"", ""number"": ""BTG-131-F"", ""item_dimensions"": ""{\u0022height\u0022: \u00223.5\u0022, \u0022width\u0022: \u00222.5\u0022, \u0022unit\u0022: \u0022inch\u0022}""}",b65fcb03-9be4-4a48-a06d-b66a4c47de76,b8936c8c-5672-43d6-92a6-66a07ea2eb6b,The Frog Prince (Faction Rare),The Frog Prince (Faction Rare),{},altered_beyond-the-gate_the-frog-prince-(faction-rare)
ff1691d4-64d2-481c-bacc-a16fa0e34c75,item,0,0,"{""obverse"": ""altered_beyond-the-gate_the-frog-prince-(rare)"", ""reverse"": ""altered_card-back""}","{""name_printed"": ""The Frog Prince"", ""functional_disambiguator"": ""Rare"", ""number"": ""BTG-131-R"", ""item_dimensions"": ""{\u0022height\u0022: \u00223.5\u0022, \u0022width\u0022: \u00222.5\u0022, \u0022unit\u0022: \u0022inch\u0022}""}",b65fcb03-9be4-4a48-a06d-b66a4c47de76,b8936c8c-5672-43d6-92a6-66a07ea2eb6b,The Frog Prince (Rare),The Frog Prince (Rare),{},altered_beyond-the-gate_the-frog-prince-(rare)
de91c2fc-901f-4f75-9512-689255ba01d5,item,0,0,"{""obverse"": ""altered_beyond-the-gate_the-hatter-(common)"", ""reverse"": ""altered_card-back""}","{""name_printed"": ""The Hatter"", ""functional_disambiguator"": ""Common"", ""number"": ""BTG-078-C"", ""item_dimensions"": ""{\u0022height\u0022: \u00223.5\u0022, \u0022width\u0022: \u00222.5\u0022, \u0022unit\u0022: \u0022inch\u0022}""}",b65fcb03-9be4-4a48-a06d-b66a4c47de76,b8936c8c-5672-43d6-92a6-66a07ea2eb6b,The Hatter (Common),The Hatter (Common),{},altered_beyond-the-gate_the-hatter-(common)
4a492538-9c8d-4e4e-bc9e-27c3179bf663,item,0,0,"{""obverse"": ""altered_beyond-the-gate_the-hatter-(faction-rare)"", ""reverse"": ""altered_card-back""}","{""name_printed"": ""The Hatter"", ""functional_disambiguator"": ""Faction Rare"", ""number"": ""BTG-078-F"", ""item_dimensions"": ""{\u0022height\u0022: \u00223.5\u0022, \u0022width\u0022: \u00222.5\u0022, \u0022unit\u0022: \u0022inch\u0022}""}",b65fcb03-9be4-4a48-a06d-b66a4c47de76,b8936c8c-5672-43d6-92a6-66a07ea2eb6b,The Hatter (Faction Rare),The Hatter (Faction Rare),{},altered_beyond-the-gate_the-hatter-(faction-rare)
016c89a5-458f-4341-b0ef-c180fadedc73,item,0,0,"{""obverse"": ""altered_beyond-the-gate_the-hatter-(rare)"", ""reverse"": ""altered_card-back""}","{""name_printed"": ""The Hatter"", ""functional_disambiguator"": ""Rare"", ""number"": ""BTG-078-R"", ""item_dimensions"": ""{\u0022height\u0022: \u00223.5\u0022, \u0022width\u0022: \u00222.5\u0022, \u0022unit\u0022: \u0022inch\u0022}""}",b65fcb03-9be4-4a48-a06d-b66a4c47de76,b8936c8c-5672-43d6-92a6-66a07ea2eb6b,The Hatter (Rare),The Hatter (Rare),{},altered_beyond-the-gate_the-hatter-(rare)
72f87801-4273-4ee0-8691-1b17256e047f,item,0,0,"{""obverse"": ""altered_beyond-the-gate_the-kadigir,-yzmir-bastion-(common)"", ""reverse"": ""altered_card-back""}","{""name_printed"": ""The Kadigir, Yzmir Bastion"", ""functional_disambiguator"": ""Common"", ""number"": ""BTG-180-C"", ""item_dimensions"": ""{\u0022height\u0022: \u00223.5\u0022, \u0022width\u0022: \u00222.5\u0022, \u0022unit\u0022: \u0022inch\u0022}""}",b65fcb03-9be4-4a48-a06d-b66a4c47de76,b8936c8c-5672-43d6-92a6-66a07ea2eb6b,"The Kadigir, Yzmir Bastion (Common)","The Kadigir, Yzmir Bastion (Common)",{},"altered_beyond-the-gate_the-kadigir,-yzmir-bastion-(common)"
ea585121-6c12-4c97-8819-a77f0a617000,item,0,0,"{""obverse"": ""altered_beyond-the-gate_the-kadigir,-yzmir-bastion-(faction-rare)"", ""reverse"": ""altered_card-back""}","{""name_printed"": ""The Kadigir, Yzmir Bastion"", ""functional_disambiguator"": ""Faction Rare"", ""number"": ""BTG-180-F"", ""item_dimensions"": ""{\u0022height\u0022: \u00223.5\u0022, \u0022width\u0022: \u00222.5\u0022, \u0022unit\u0022: \u0022inch\u0022}""}",b65fcb03-9be4-4a48-a06d-b66a4c47de76,b8936c8c-5672-43d6-92a6-66a07ea2eb6b,"The Kadigir, Yzmir Bastion (Faction Rare)","The Kadigir, Yzmir Bastion (Faction Rare)",{},"altered_beyond-the-gate_the-kadigir,-yzmir-bastion-(faction-rare)"
801a5172-dfcd-4768-81f9-385e8d1f59b4,item,0,0,"{""obverse"": ""altered_beyond-the-gate_the-kadigir,-yzmir-bastion-(rare)"", ""reverse"": ""altered_card-back""}","{""name_printed"": ""The Kadigir, Yzmir Bastion"", ""functional_disambiguator"": ""Rare"", ""number"": ""BTG-180-R"", ""item_dimensions"": ""{\u0022height\u0022: \u00223.5\u0022, \u0022width\u0022: \u00222.5\u0022, \u0022unit\u0022: \u0022inch\u0022}""}",b65fcb03-9be4-4a48-a06d-b66a4c47de76,b8936c8c-5672-43d6-92a6-66a07ea2eb6b,"The Kadigir, Yzmir Bastion (Rare)","The Kadigir, Yzmir Bastion (Rare)",{},"altered_beyond-the-gate_the-kadigir,-yzmir-bastion-(rare)"
faaefb62-f720-4fcf-9a2e-69918c3d61e7,item,0,0,"{""obverse"": ""altered_beyond-the-gate_the-kraken-(common)"", ""reverse"": ""altered_card-back""}","{""name_printed"": ""The Kraken"", ""functional_disambiguator"": ""Common"", ""number"": ""BTG-168-C"", ""item_dimensions"": ""{\u0022height\u0022: \u00223.5\u0022, \u0022width\u0022: \u00222.5\u0022, \u0022unit\u0022: \u0022inch\u0022}""}",b65fcb03-9be4-4a48-a06d-b66a4c47de76,b8936c8c-5672-43d6-92a6-66a07ea2eb6b,The Kraken (Common),The Kraken (Common),{},altered_beyond-the-gate_the-kraken-(common)
1672e02d-b4f2-4651-8f9b-ce2430a88f43,item,0,0,"{""obverse"": ""altered_beyond-the-gate_the-kraken-(faction-rare)"", ""reverse"": ""altered_card-back""}","{""name_printed"": ""The Kraken"", ""functional_disambiguator"": ""Faction Rare"", ""number"": ""BTG-168-F"", ""item_dimensions"": ""{\u0022height\u0022: \u00223.5\u0022, \u0022width\u0022: \u00222.5\u0022, \u0022unit\u0022: \u0022inch\u0022}""}",b65fcb03-9be4-4a48-a06d-b66a4c47de76,b8936c8c-5672-43d6-92a6-66a07ea2eb6b,The Kraken (Faction Rare),The Kraken (Faction Rare),{},altered_beyond-the-gate_the-kraken-(faction-rare)
c3410790-ed44-4fd0-a2d2-f1f6e56398f7,item,0,0,"{""obverse"": ""altered_beyond-the-gate_the-kraken-(rare)"", ""reverse"": ""altered_card-back""}","{""name_printed"": ""The Kraken"", ""functional_disambiguator"": ""Rare"", ""number"": ""BTG-168-R"", ""item_dimensions"": ""{\u0022height\u0022: \u00223.5\u0022, \u0022width\u0022: \u00222.5\u0022, \u0022unit\u0022: \u0022inch\u0022}""}",b65fcb03-9be4-4a48-a06d-b66a4c47de76,b8936c8c-5672-43d6-92a6-66a07ea2eb6b,The Kraken (Rare),The Kraken (Rare),{},altered_beyond-the-gate_the-kraken-(rare)
a24de712-6d66-4204-b0be-ffe2044d78c4,item,0,0,"{""obverse"": ""altered_beyond-the-gate_the-monolith,-ordis-bastion-(common)"", ""reverse"": ""altered_card-back""}","{""name_printed"": ""The Monolith, Ordis Bastion"", ""functional_disambiguator"": ""Common"", ""number"": ""BTG-149-C"", ""item_dimensions"": ""{\u0022height\u0022: \u00223.5\u0022, \u0022width\u0022: \u00222.5\u0022, \u0022unit\u0022: \u0022inch\u0022}""}",b65fcb03-9be4-4a48-a06d-b66a4c47de76,b8936c8c-5672-43d6-92a6-66a07ea2eb6b,"The Monolith, Ordis Bastion (Common)","The Monolith, Ordis Bastion (Common)",{},"altered_beyond-the-gate_the-monolith,-ordis-bastion-(common)"
626c3043-6dc0-4868-9a38-5882dc537c6f,item,0,0,"{""obverse"": ""altered_beyond-the-gate_the-monolith,-ordis-bastion-(faction-rare)"", ""reverse"": ""altered_card-back""}","{""name_printed"": ""The Monolith, Ordis Bastion"", ""functional_disambiguator"": ""Faction Rare"", ""number"": ""BTG-149-F"", ""item_dimensions"": ""{\u0022height\u0022: \u00223.5\u0022, \u0022width\u0022: \u00222.5\u0022, \u0022unit\u0022: \u0022inch\u0022}""}",b65fcb03-9be4-4a48-a06d-b66a4c47de76,b8936c8c-5672-43d6-92a6-66a07ea2eb6b,"The Monolith, Ordis Bastion (Faction Rare)","The Monolith, Ordis Bastion (Faction Rare)",{},"altered_beyond-the-gate_the-monolith,-ordis-bastion-(faction-rare)"
8738cfc3-778f-413c-8b6c-02d48b069047,item,0,0,"{""obverse"": ""altered_beyond-the-gate_the-monolith,-ordis-bastion-(rare)"", ""reverse"": ""altered_card-back""}","{""name_printed"": ""The Monolith, Ordis Bastion"", ""functional_disambiguator"": ""Rare"", ""number"": ""BTG-149-R"", ""item_dimensions"": ""{\u0022height\u0022: \u00223.5\u0022, \u0022width\u0022: \u00222.5\u0022, \u0022unit\u0022: \u0022inch\u0022}""}",b65fcb03-9be4-4a48-a06d-b66a4c47de76,b8936c8c-5672-43d6-92a6-66a07ea2eb6b,"The Monolith, Ordis Bastion (Rare)","The Monolith, Ordis Bastion (Rare)",{},"altered_beyond-the-gate_the-monolith,-ordis-bastion-(rare)"
4451f1c8-3566-429c-a82f-d4c67b2f65d0,item,0,0,"{""obverse"": ""altered_beyond-the-gate_the-ouroboros,-lyra-bastion-(common)"", ""reverse"": ""altered_card-back""}","{""name_printed"": ""The Ouroboros, Lyra Bastion"", ""functional_disambiguator"": ""Common"", ""number"": ""BTG-090-C"", ""item_dimensions"": ""{\u0022height\u0022: \u00223.5\u0022, \u0022width\u0022: \u00222.5\u0022, \u0022unit\u0022: \u0022inch\u0022}""}",b65fcb03-9be4-4a48-a06d-b66a4c47de76,b8936c8c-5672-43d6-92a6-66a07ea2eb6b,"The Ouroboros, Lyra Bastion (Common)","The Ouroboros, Lyra Bastion (Common)",{},"altered_beyond-the-gate_the-ouroboros,-lyra-bastion-(common)"
bdbe7479-6f87-4b72-ae08-586e69d7835a,item,0,0,"{""obverse"": ""altered_beyond-the-gate_the-ouroboros,-lyra-bastion-(faction-rare)"", ""reverse"": ""altered_card-back""}","{""name_printed"": ""The Ouroboros, Lyra Bastion"", ""functional_disambiguator"": ""Faction Rare"", ""number"": ""BTG-090-F"", ""item_dimensions"": ""{\u0022height\u0022: \u00223.5\u0022, \u0022width\u0022: \u00222.5\u0022, \u0022unit\u0022: \u0022inch\u0022}""}",b65fcb03-9be4-4a48-a06d-b66a4c47de76,b8936c8c-5672-43d6-92a6-66a07ea2eb6b,"The Ouroboros, Lyra Bastion (Faction Rare)","The Ouroboros, Lyra Bastion (Faction Rare)",{},"altered_beyond-the-gate_the-ouroboros,-lyra-bastion-(faction-rare)"
4d115777-fa2a-4f4f-b486-e0cff5b658c9,item,0,0,"{""obverse"": ""altered_beyond-the-gate_the-ouroboros,-lyra-bastion-(rare)"", ""reverse"": ""altered_card-back""}","{""name_printed"": ""The Ouroboros, Lyra Bastion"", ""functional_disambiguator"": ""Rare"", ""number"": ""BTG-090-R"", ""item_dimensions"": ""{\u0022height\u0022: \u00223.5\u0022, \u0022width\u0022: \u00222.5\u0022, \u0022unit\u0022: \u0022inch\u0022}""}",b65fcb03-9be4-4a48-a06d-b66a4c47de76,b8936c8c-5672-43d6-92a6-66a07ea2eb6b,"The Ouroboros, Lyra Bastion (Rare)","The Ouroboros, Lyra Bastion (Rare)",{},"altered_beyond-the-gate_the-ouroboros,-lyra-bastion-(rare)"
859c8989-e0a5-4321-9484-c22735c08614,item,0,0,"{""obverse"": ""altered_beyond-the-gate_the-sandman-(common)"", ""reverse"": ""altered_card-back""}","{""name_printed"": ""The Sandman"", ""functional_disambiguator"": ""Common"", ""number"": ""BTG-076-C"", ""item_dimensions"": ""{\u0022height\u0022: \u00223.5\u0022, \u0022width\u0022: \u00222.5\u0022, \u0022unit\u0022: \u0022inch\u0022}""}",b65fcb03-9be4-4a48-a06d-b66a4c47de76,b8936c8c-5672-43d6-92a6-66a07ea2eb6b,The Sandman (Common),The Sandman (Common),{},altered_beyond-the-gate_the-sandman-(common)
c7df195d-3aef-4c3b-9bf2-3143fe57077a,item,0,0,"{""obverse"": ""altered_beyond-the-gate_the-sandman-(faction-rare)"", ""reverse"": ""altered_card-back""}","{""name_printed"": ""The Sandman"", ""functional_disambiguator"": ""Faction Rare"", ""number"": ""BTG-076-F"", ""item_dimensions"": ""{\u0022height\u0022: \u00223.5\u0022, \u0022width\u0022: \u00222.5\u0022, \u0022unit\u0022: \u0022inch\u0022}""}",b65fcb03-9be4-4a48-a06d-b66a4c47de76,b8936c8c-5672-43d6-92a6-66a07ea2eb6b,The Sandman (Faction Rare),The Sandman (Faction Rare),{},altered_beyond-the-gate_the-sandman-(faction-rare)
c62af794-36e0-4003-98d5-02a1920ce706,item,0,0,"{""obverse"": ""altered_beyond-the-gate_the-sandman-(rare)"", ""reverse"": ""altered_card-back""}","{""name_printed"": ""The Sandman"", ""functional_disambiguator"": ""Rare"", ""number"": ""BTG-076-R"", ""item_dimensions"": ""{\u0022height\u0022: \u00223.5\u0022, \u0022width\u0022: \u00222.5\u0022, \u0022unit\u0022: \u0022inch\u0022}""}",b65fcb03-9be4-4a48-a06d-b66a4c47de76,b8936c8c-5672-43d6-92a6-66a07ea2eb6b,The Sandman (Rare),The Sandman (Rare),{},altered_beyond-the-gate_the-sandman-(rare)
77390c14-e00f-4de6-a446-b4615fd5af2c,item,0,0,"{""obverse"": ""altered_beyond-the-gate_the-spindle,-muna-bastion-(common)"", ""reverse"": ""altered_card-back""}","{""name_printed"": ""The Spindle, Muna Bastion"", ""functional_disambiguator"": ""Common"", ""number"": ""BTG-120-C"", ""item_dimensions"": ""{\u0022height\u0022: \u00223.5\u0022, \u0022width\u0022: \u00222.5\u0022, \u0022unit\u0022: \u0022inch\u0022}""}",b65fcb03-9be4-4a48-a06d-b66a4c47de76,b8936c8c-5672-43d6-92a6-66a07ea2eb6b,"The Spindle, Muna Bastion (Common)","The Spindle, Muna Bastion (Common)",{},"altered_beyond-the-gate_the-spindle,-muna-bastion-(common)"
fbe897e6-c51e-4e2d-9535-b4f4b31a11ca,item,0,0,"{""obverse"": ""altered_beyond-the-gate_the-spindle,-muna-bastion-(faction-rare)"", ""reverse"": ""altered_card-back""}","{""name_printed"": ""The Spindle, Muna Bastion"", ""functional_disambiguator"": ""Faction Rare"", ""number"": ""BTG-120-F"", ""item_dimensions"": ""{\u0022height\u0022: \u00223.5\u0022, \u0022width\u0022: \u00222.5\u0022, \u0022unit\u0022: \u0022inch\u0022}""}",b65fcb03-9be4-4a48-a06d-b66a4c47de76,b8936c8c-5672-43d6-92a6-66a07ea2eb6b,"The Spindle, Muna Bastion (Faction Rare)","The Spindle, Muna Bastion (Faction Rare)",{},"altered_beyond-the-gate_the-spindle,-muna-bastion-(faction-rare)"
0ab8fb2f-ad56-4300-a11e-c1131d12e22a,item,0,0,"{""obverse"": ""altered_beyond-the-gate_the-spindle,-muna-bastion-(rare)"", ""reverse"": ""altered_card-back""}","{""name_printed"": ""The Spindle, Muna Bastion"", ""functional_disambiguator"": ""Rare"", ""number"": ""BTG-120-R"", ""item_dimensions"": ""{\u0022height\u0022: \u00223.5\u0022, \u0022width\u0022: \u00222.5\u0022, \u0022unit\u0022: \u0022inch\u0022}""}",b65fcb03-9be4-4a48-a06d-b66a4c47de76,b8936c8c-5672-43d6-92a6-66a07ea2eb6b,"The Spindle, Muna Bastion (Rare)","The Spindle, Muna Bastion (Rare)",{},"altered_beyond-the-gate_the-spindle,-muna-bastion-(rare)"
c286501d-684c-44f4-be8d-cb55a9839315,item,0,0,"{""obverse"": ""altered_beyond-the-gate_thoth-(common)"", ""reverse"": ""altered_card-back""}","{""name_printed"": ""Thoth"", ""functional_disambiguator"": ""Common"", ""number"": ""BTG-136-C"", ""item_dimensions"": ""{\u0022height\u0022: \u00223.5\u0022, \u0022width\u0022: \u00222.5\u0022, \u0022unit\u0022: \u0022inch\u0022}""}",b65fcb03-9be4-4a48-a06d-b66a4c47de76,b8936c8c-5672-43d6-92a6-66a07ea2eb6b,Thoth (Common),Thoth (Common),{},altered_beyond-the-gate_thoth-(common)
c06de142-2152-40b9-a718-37156b3987ee,item,0,0,"{""obverse"": ""altered_beyond-the-gate_thoth-(faction-rare)"", ""reverse"": ""altered_card-back""}","{""name_printed"": ""Thoth"", ""functional_disambiguator"": ""Faction Rare"", ""number"": ""BTG-136-F"", ""item_dimensions"": ""{\u0022height\u0022: \u00223.5\u0022, \u0022width\u0022: \u00222.5\u0022, \u0022unit\u0022: \u0022inch\u0022}""}",b65fcb03-9be4-4a48-a06d-b66a4c47de76,b8936c8c-5672-43d6-92a6-66a07ea2eb6b,Thoth (Faction Rare),Thoth (Faction Rare),{},altered_beyond-the-gate_thoth-(faction-rare)
78a8fe04-aa6b-4d84-ac57-7e24bc5c8915,item,0,0,"{""obverse"": ""altered_beyond-the-gate_thoth-(rare)"", ""reverse"": ""altered_card-back""}","{""name_printed"": ""Thoth"", ""functional_disambiguator"": ""Rare"", ""number"": ""BTG-136-R"", ""item_dimensions"": ""{\u0022height\u0022: \u00223.5\u0022, \u0022width\u0022: \u00222.5\u0022, \u0022unit\u0022: \u0022inch\u0022}""}",b65fcb03-9be4-4a48-a06d-b66a4c47de76,b8936c8c-5672-43d6-92a6-66a07ea2eb6b,Thoth (Rare),Thoth (Rare),{},altered_beyond-the-gate_thoth-(rare)
4035b530-de4c-40d1-98a3-8298b111f8c0,item,0,0,"{""obverse"": ""altered_beyond-the-gate_three-little-pigs-(common)"", ""reverse"": ""altered_card-back""}","{""name_printed"": ""Three Little Pigs"", ""functional_disambiguator"": ""Common"", ""number"": ""BTG-014-C"", ""item_dimensions"": ""{\u0022height\u0022: \u00223.5\u0022, \u0022width\u0022: \u00222.5\u0022, \u0022unit\u0022: \u0022inch\u0022}""}",b65fcb03-9be4-4a48-a06d-b66a4c47de76,b8936c8c-5672-43d6-92a6-66a07ea2eb6b,Three Little Pigs (Common),Three Little Pigs (Common),{},altered_beyond-the-gate_three-little-pigs-(common)
a30e03eb-3a96-4a37-b1b8-8ff0e724ce61,item,0,0,"{""obverse"": ""altered_beyond-the-gate_three-little-pigs-(faction-rare)"", ""reverse"": ""altered_card-back""}","{""name_printed"": ""Three Little Pigs"", ""functional_disambiguator"": ""Faction Rare"", ""number"": ""BTG-014-F"", ""item_dimensions"": ""{\u0022height\u0022: \u00223.5\u0022, \u0022width\u0022: \u00222.5\u0022, \u0022unit\u0022: \u0022inch\u0022}""}",b65fcb03-9be4-4a48-a06d-b66a4c47de76,b8936c8c-5672-43d6-92a6-66a07ea2eb6b,Three Little Pigs (Faction Rare),Three Little Pigs (Faction Rare),{},altered_beyond-the-gate_three-little-pigs-(faction-rare)
ac1dca78-167b-4e30-822e-a123dafe53fd,item,0,0,"{""obverse"": ""altered_beyond-the-gate_three-little-pigs-(rare)"", ""reverse"": ""altered_card-back""}","{""name_printed"": ""Three Little Pigs"", ""functional_disambiguator"": ""Rare"", ""number"": ""BTG-014-R"", ""item_dimensions"": ""{\u0022height\u0022: \u00223.5\u0022, \u0022width\u0022: \u00222.5\u0022, \u0022unit\u0022: \u0022inch\u0022}""}",b65fcb03-9be4-4a48-a06d-b66a4c47de76,b8936c8c-5672-43d6-92a6-66a07ea2eb6b,Three Little Pigs (Rare),Three Little Pigs (Rare),{},altered_beyond-the-gate_three-little-pigs-(rare)
8320c789-769e-4642-bf54-6c0614bdc6eb,item,0,0,"{""obverse"": ""altered_beyond-the-gate_tinker-bell-(common)"", ""reverse"": ""altered_card-back""}","{""name_printed"": ""Tinker Bell"", ""functional_disambiguator"": ""Common"", ""number"": ""BTG-015-C"", ""item_dimensions"": ""{\u0022height\u0022: \u00223.5\u0022, \u0022width\u0022: \u00222.5\u0022, \u0022unit\u0022: \u0022inch\u0022}""}",b65fcb03-9be4-4a48-a06d-b66a4c47de76,b8936c8c-5672-43d6-92a6-66a07ea2eb6b,Tinker Bell (Common),Tinker Bell (Common),{},altered_beyond-the-gate_tinker-bell-(common)
daeabe6c-5818-4ef1-bbd0-091d7deeb449,item,0,0,"{""obverse"": ""altered_beyond-the-gate_tinker-bell-(faction-rare)"", ""reverse"": ""altered_card-back""}","{""name_printed"": ""Tinker Bell"", ""functional_disambiguator"": ""Faction Rare"", ""number"": ""BTG-015-F"", ""item_dimensions"": ""{\u0022height\u0022: \u00223.5\u0022, \u0022width\u0022: \u00222.5\u0022, \u0022unit\u0022: \u0022inch\u0022}""}",b65fcb03-9be4-4a48-a06d-b66a4c47de76,b8936c8c-5672-43d6-92a6-66a07ea2eb6b,Tinker Bell (Faction Rare),Tinker Bell (Faction Rare),{},altered_beyond-the-gate_tinker-bell-(faction-rare)
2bd6d5c4-5311-4b8d-bf67-1a289d934c0b,item,0,0,"{""obverse"": ""altered_beyond-the-gate_tinker-bell-(rare)"", ""reverse"": ""altered_card-back""}","{""name_printed"": ""Tinker Bell"", ""functional_disambiguator"": ""Rare"", ""number"": ""BTG-015-R"", ""item_dimensions"": ""{\u0022height\u0022: \u00223.5\u0022, \u0022width\u0022: \u00222.5\u0022, \u0022unit\u0022: \u0022inch\u0022}""}",b65fcb03-9be4-4a48-a06d-b66a4c47de76,b8936c8c-5672-43d6-92a6-66a07ea2eb6b,Tinker Bell (Rare),Tinker Bell (Rare),{},altered_beyond-the-gate_tinker-bell-(rare)
a3c88466-4b9d-402f-a1ab-128845698114,item,0,0,"{""obverse"": ""altered_beyond-the-gate_tiny-jinn-(common)"", ""reverse"": ""altered_card-back""}","{""name_printed"": ""Tiny Jinn"", ""functional_disambiguator"": ""Common"", ""number"": ""BTG-041-C"", ""item_dimensions"": ""{\u0022height\u0022: \u00223.5\u0022, \u0022width\u0022: \u00222.5\u0022, \u0022unit\u0022: \u0022inch\u0022}""}",b65fcb03-9be4-4a48-a06d-b66a4c47de76,b8936c8c-5672-43d6-92a6-66a07ea2eb6b,Tiny Jinn (Common),Tiny Jinn (Common),{},altered_beyond-the-gate_tiny-jinn-(common)
a697cc25-6e4e-40d3-a65d-5d2bbdeca800,item,0,0,"{""obverse"": ""altered_beyond-the-gate_tiny-jinn-(faction-rare)"", ""reverse"": ""altered_card-back""}","{""name_printed"": ""Tiny Jinn"", ""functional_disambiguator"": ""Faction Rare"", ""number"": ""BTG-041-F"", ""item_dimensions"": ""{\u0022height\u0022: \u00223.5\u0022, \u0022width\u0022: \u00222.5\u0022, \u0022unit\u0022: \u0022inch\u0022}""}",b65fcb03-9be4-4a48-a06d-b66a4c47de76,b8936c8c-5672-43d6-92a6-66a07ea2eb6b,Tiny Jinn (Faction Rare),Tiny Jinn (Faction Rare),{},altered_beyond-the-gate_tiny-jinn-(faction-rare)
c262320e-a970-4b9c-931d-dbc0af46b72e,item,0,0,"{""obverse"": ""altered_beyond-the-gate_tiny-jinn-(rare)"", ""reverse"": ""altered_card-back""}","{""name_printed"": ""Tiny Jinn"", ""functional_disambiguator"": ""Rare"", ""number"": ""BTG-041-R"", ""item_dimensions"": ""{\u0022height\u0022: \u00223.5\u0022, \u0022width\u0022: \u00222.5\u0022, \u0022unit\u0022: \u0022inch\u0022}""}",b65fcb03-9be4-4a48-a06d-b66a4c47de76,b8936c8c-5672-43d6-92a6-66a07ea2eb6b,Tiny Jinn (Rare),Tiny Jinn (Rare),{},altered_beyond-the-gate_tiny-jinn-(rare)
5940a720-4c15-4e7e-96dc-61c591c7672f,item,0,0,"{""obverse"": ""altered_beyond-the-gate_tomoe-gozen-(common)"", ""reverse"": ""altered_card-back""}","{""name_printed"": ""Tomoe Gozen"", ""functional_disambiguator"": ""Common"", ""number"": ""BTG-047-C"", ""item_dimensions"": ""{\u0022height\u0022: \u00223.5\u0022, \u0022width\u0022: \u00222.5\u0022, \u0022unit\u0022: \u0022inch\u0022}""}",b65fcb03-9be4-4a48-a06d-b66a4c47de76,b8936c8c-5672-43d6-92a6-66a07ea2eb6b,Tomoe Gozen (Common),Tomoe Gozen (Common),{},altered_beyond-the-gate_tomoe-gozen-(common)
3873824d-cdad-4d7b-9f01-24609688fb4c,item,0,0,"{""obverse"": ""altered_beyond-the-gate_tomoe-gozen-(faction-rare)"", ""reverse"": ""altered_card-back""}","{""name_printed"": ""Tomoe Gozen"", ""functional_disambiguator"": ""Faction Rare"", ""number"": ""BTG-047-F"", ""item_dimensions"": ""{\u0022height\u0022: \u00223.5\u0022, \u0022width\u0022: \u00222.5\u0022, \u0022unit\u0022: \u0022inch\u0022}""}",b65fcb03-9be4-4a48-a06d-b66a4c47de76,b8936c8c-5672-43d6-92a6-66a07ea2eb6b,Tomoe Gozen (Faction Rare),Tomoe Gozen (Faction Rare),{},altered_beyond-the-gate_tomoe-gozen-(faction-rare)
f4b498b8-d98a-4fa0-9b74-957b1e4415a5,item,0,0,"{""obverse"": ""altered_beyond-the-gate_tomoe-gozen-(rare)"", ""reverse"": ""altered_card-back""}","{""name_printed"": ""Tomoe Gozen"", ""functional_disambiguator"": ""Rare"", ""number"": ""BTG-047-R"", ""item_dimensions"": ""{\u0022height\u0022: \u00223.5\u0022, \u0022width\u0022: \u00222.5\u0022, \u0022unit\u0022: \u0022inch\u0022}""}",b65fcb03-9be4-4a48-a06d-b66a4c47de76,b8936c8c-5672-43d6-92a6-66a07ea2eb6b,Tomoe Gozen (Rare),Tomoe Gozen (Rare),{},altered_beyond-the-gate_tomoe-gozen-(rare)
b86bd3e6-c7b7-47d6-a430-434d5fe57636,item,0,0,"{""obverse"": ""altered_beyond-the-gate_tooth-fairy-(common)"", ""reverse"": ""altered_card-back""}","{""name_printed"": ""Tooth Fairy"", ""functional_disambiguator"": ""Common"", ""number"": ""BTG-159-C"", ""item_dimensions"": ""{\u0022height\u0022: \u00223.5\u0022, \u0022width\u0022: \u00222.5\u0022, \u0022unit\u0022: \u0022inch\u0022}""}",b65fcb03-9be4-4a48-a06d-b66a4c47de76,b8936c8c-5672-43d6-92a6-66a07ea2eb6b,Tooth Fairy (Common),Tooth Fairy (Common),{},altered_beyond-the-gate_tooth-fairy-(common)
69fd926f-8f6a-4c4a-8e14-bef4dac9fca3,item,0,0,"{""obverse"": ""altered_beyond-the-gate_tooth-fairy-(faction-rare)"", ""reverse"": ""altered_card-back""}","{""name_printed"": ""Tooth Fairy"", ""functional_disambiguator"": ""Faction Rare"", ""number"": ""BTG-159-F"", ""item_dimensions"": ""{\u0022height\u0022: \u00223.5\u0022, \u0022width\u0022: \u00222.5\u0022, \u0022unit\u0022: \u0022inch\u0022}""}",b65fcb03-9be4-4a48-a06d-b66a4c47de76,b8936c8c-5672-43d6-92a6-66a07ea2eb6b,Tooth Fairy (Faction Rare),Tooth Fairy (Faction Rare),{},altered_beyond-the-gate_tooth-fairy-(faction-rare)
587c9f88-a56a-4139-a9a3-cb740de1bf29,item,0,0,"{""obverse"": ""altered_beyond-the-gate_tooth-fairy-(rare)"", ""reverse"": ""altered_card-back""}","{""name_printed"": ""Tooth Fairy"", ""functional_disambiguator"": ""Rare"", ""number"": ""BTG-159-R"", ""item_dimensions"": ""{\u0022height\u0022: \u00223.5\u0022, \u0022width\u0022: \u00222.5\u0022, \u0022unit\u0022: \u0022inch\u0022}""}",b65fcb03-9be4-4a48-a06d-b66a4c47de76,b8936c8c-5672-43d6-92a6-66a07ea2eb6b,Tooth Fairy (Rare),Tooth Fairy (Rare),{},altered_beyond-the-gate_tooth-fairy-(rare)
4b96a138-e49a-4b27-a9a0-034d1aa9cbf8,item,0,0,"{""obverse"": ""altered_beyond-the-gate_treyst-&-rossum"", ""reverse"": ""altered_card-back""}","{""name_printed"": ""Treyst & Rossum"", ""number"": ""BTG-003-H"", ""item_dimensions"": ""{\u0022height\u0022: \u00223.5\u0022, \u0022width\u0022: \u00222.5\u0022, \u0022unit\u0022: \u0022inch\u0022}""}",b65fcb03-9be4-4a48-a06d-b66a4c47de76,b8936c8c-5672-43d6-92a6-66a07ea2eb6b,Treyst & Rossum,Treyst & Rossum,{},altered_beyond-the-gate_treyst-&-rossum
0f3ac2e1-559e-48e1-b44e-8b1f2544ecb0,item,0,0,"{""obverse"": ""altered_beyond-the-gate_twinkle-twinkle-(common)"", ""reverse"": ""altered_card-back""}","{""name_printed"": ""Twinkle Twinkle"", ""functional_disambiguator"": ""Common"", ""number"": ""BTG-084-C"", ""item_dimensions"": ""{\u0022height\u0022: \u00223.5\u0022, \u0022width\u0022: \u00222.5\u0022, \u0022unit\u0022: \u0022inch\u0022}""}",b65fcb03-9be4-4a48-a06d-b66a4c47de76,b8936c8c-5672-43d6-92a6-66a07ea2eb6b,Twinkle Twinkle (Common),Twinkle Twinkle (Common),{},altered_beyond-the-gate_twinkle-twinkle-(common)
21e5717e-78d3-4e4d-a161-70e2fa6a361d,item,0,0,"{""obverse"": ""altered_beyond-the-gate_twinkle-twinkle-(faction-rare)"", ""reverse"": ""altered_card-back""}","{""name_printed"": ""Twinkle Twinkle"", ""functional_disambiguator"": ""Faction Rare"", ""number"": ""BTG-084-F"", ""item_dimensions"": ""{\u0022height\u0022: \u00223.5\u0022, \u0022width\u0022: \u00222.5\u0022, \u0022unit\u0022: \u0022inch\u0022}""}",b65fcb03-9be4-4a48-a06d-b66a4c47de76,b8936c8c-5672-43d6-92a6-66a07ea2eb6b,Twinkle Twinkle (Faction Rare),Twinkle Twinkle (Faction Rare),{},altered_beyond-the-gate_twinkle-twinkle-(faction-rare)
b2e74cc9-cda2-427c-965c-fad711f5b081,item,0,0,"{""obverse"": ""altered_beyond-the-gate_twinkle-twinkle-(rare)"", ""reverse"": ""altered_card-back""}","{""name_printed"": ""Twinkle Twinkle"", ""functional_disambiguator"": ""Rare"", ""number"": ""BTG-084-R"", ""item_dimensions"": ""{\u0022height\u0022: \u00223.5\u0022, \u0022width\u0022: \u00222.5\u0022, \u0022unit\u0022: \u0022inch\u0022}""}",b65fcb03-9be4-4a48-a06d-b66a4c47de76,b8936c8c-5672-43d6-92a6-66a07ea2eb6b,Twinkle Twinkle (Rare),Twinkle Twinkle (Rare),{},altered_beyond-the-gate_twinkle-twinkle-(rare)
38187f66-2636-44a7-84ef-103481624c8b,item,0,0,"{""obverse"": ""altered_beyond-the-gate_unique-foiler"", ""reverse"": ""altered_card-back""}","{""name_printed"": ""Unique Foiler"", ""item_dimensions"": ""{\u0022height\u0022: \u00223.5\u0022, \u0022width\u0022: \u00222.5\u0022, \u0022unit\u0022: \u0022inch\u0022}""}",b65fcb03-9be4-4a48-a06d-b66a4c47de76,b8936c8c-5672-43d6-92a6-66a07ea2eb6b,Unique Foiler,Unique Foiler,{},altered_beyond-the-gate_unique-foiler
f2e07018-dda9-411b-bb7b-113b8d4c95f7,item,0,0,"{""obverse"": ""altered_beyond-the-gate_verdantback-(common)"", ""reverse"": ""altered_card-back""}","{""name_printed"": ""Verdantback"", ""functional_disambiguator"": ""Common"", ""number"": ""BTG-110-C"", ""item_dimensions"": ""{\u0022height\u0022: \u00223.5\u0022, \u0022width\u0022: \u00222.5\u0022, \u0022unit\u0022: \u0022inch\u0022}""}",b65fcb03-9be4-4a48-a06d-b66a4c47de76,b8936c8c-5672-43d6-92a6-66a07ea2eb6b,Verdantback (Common),Verdantback (Common),{},altered_beyond-the-gate_verdantback-(common)
3249b1f2-89fe-4365-9a03-8f29d16f41b3,item,0,0,"{""obverse"": ""altered_beyond-the-gate_verdantback-(faction-rare)"", ""reverse"": ""altered_card-back""}","{""name_printed"": ""Verdantback"", ""functional_disambiguator"": ""Faction Rare"", ""number"": ""BTG-110-F"", ""item_dimensions"": ""{\u0022height\u0022: \u00223.5\u0022, \u0022width\u0022: \u00222.5\u0022, \u0022unit\u0022: \u0022inch\u0022}""}",b65fcb03-9be4-4a48-a06d-b66a4c47de76,b8936c8c-5672-43d6-92a6-66a07ea2eb6b,Verdantback (Faction Rare),Verdantback (Faction Rare),{},altered_beyond-the-gate_verdantback-(faction-rare)
c5c94af2-d255-480e-9781-6a08f6eb7954,item,0,0,"{""obverse"": ""altered_beyond-the-gate_verdantback-(rare)"", ""reverse"": ""altered_card-back""}","{""name_printed"": ""Verdantback"", ""functional_disambiguator"": ""Rare"", ""number"": ""BTG-110-R"", ""item_dimensions"": ""{\u0022height\u0022: \u00223.5\u0022, \u0022width\u0022: \u00222.5\u0022, \u0022unit\u0022: \u0022inch\u0022}""}",b65fcb03-9be4-4a48-a06d-b66a4c47de76,b8936c8c-5672-43d6-92a6-66a07ea2eb6b,Verdantback (Rare),Verdantback (Rare),{},altered_beyond-the-gate_verdantback-(rare)
65f88d5f-7ea3-4db7-a05a-8fa305f276d6,item,0,0,"{""obverse"": ""altered_beyond-the-gate_waru-&-mack"", ""reverse"": ""altered_card-back""}","{""name_printed"": ""Waru & Mack"", ""number"": ""BTG-123-H"", ""item_dimensions"": ""{\u0022height\u0022: \u00223.5\u0022, \u0022width\u0022: \u00222.5\u0022, \u0022unit\u0022: \u0022inch\u0022}""}",b65fcb03-9be4-4a48-a06d-b66a4c47de76,b8936c8c-5672-43d6-92a6-66a07ea2eb6b,Waru & Mack,Waru & Mack,{},altered_beyond-the-gate_waru-&-mack
07cec845-889c-4165-b33f-a1c1deb49343,item,0,0,"{""obverse"": ""altered_beyond-the-gate_yong-su,-verdant-weaver-(common)"", ""reverse"": ""altered_card-back""}","{""name_printed"": ""Yong-Su, Verdant Weaver"", ""functional_disambiguator"": ""Common"", ""number"": ""BTG-106-C"", ""item_dimensions"": ""{\u0022height\u0022: \u00223.5\u0022, \u0022width\u0022: \u00222.5\u0022, \u0022unit\u0022: \u0022inch\u0022}""}",b65fcb03-9be4-4a48-a06d-b66a4c47de76,b8936c8c-5672-43d6-92a6-66a07ea2eb6b,"Yong-Su, Verdant Weaver (Common)","Yong-Su, Verdant Weaver (Common)",{},"altered_beyond-the-gate_yong-su,-verdant-weaver-(common)"
1210cee2-82e1-4342-9777-2895288e1317,item,0,0,"{""obverse"": ""altered_beyond-the-gate_yong-su,-verdant-weaver-(faction-rare)"", ""reverse"": ""altered_card-back""}","{""name_printed"": ""Yong-Su, Verdant Weaver"", ""functional_disambiguator"": ""Faction Rare"", ""number"": ""BTG-106-F"", ""item_dimensions"": ""{\u0022height\u0022: \u00223.5\u0022, \u0022width\u0022: \u00222.5\u0022, \u0022unit\u0022: \u0022inch\u0022}""}",b65fcb03-9be4-4a48-a06d-b66a4c47de76,b8936c8c-5672-43d6-92a6-66a07ea2eb6b,"Yong-Su, Verdant Weaver (Faction Rare)","Yong-Su, Verdant Weaver (Faction Rare)",{},"altered_beyond-the-gate_yong-su,-verdant-weaver-(faction-rare)"
353f921d-7ccc-4e35-b1dd-45f1c2dd2461,item,0,0,"{""obverse"": ""altered_beyond-the-gate_yong-su,-verdant-weaver-(rare)"", ""reverse"": ""altered_card-back""}","{""name_printed"": ""Yong-Su, Verdant Weaver"", ""functional_disambiguator"": ""Rare"", ""number"": ""BTG-106-R"", ""item_dimensions"": ""{\u0022height\u0022: \u00223.5\u0022, \u0022width\u0022: \u00222.5\u0022, \u0022unit\u0022: \u0022inch\u0022}""}",b65fcb03-9be4-4a48-a06d-b66a4c47de76,b8936c8c-5672-43d6-92a6-66a07ea2eb6b,"Yong-Su, Verdant Weaver (Rare)","Yong-Su, Verdant Weaver (Rare)",{},"altered_beyond-the-gate_yong-su,-verdant-weaver-(rare)"
6bb77438-1cc4-4f2a-b6a3-f6e98f43322c,item,0,0,"{""obverse"": ""altered_beyond-the-gate_yzmir-stargazer-(common)"", ""reverse"": ""altered_card-back""}","{""name_printed"": ""Yzmir Stargazer"", ""functional_disambiguator"": ""Common"", ""number"": ""BTG-157-C"", ""item_dimensions"": ""{\u0022height\u0022: \u00223.5\u0022, \u0022width\u0022: \u00222.5\u0022, \u0022unit\u0022: \u0022inch\u0022}""}",b65fcb03-9be4-4a48-a06d-b66a4c47de76,b8936c8c-5672-43d6-92a6-66a07ea2eb6b,Yzmir Stargazer (Common),Yzmir Stargazer (Common),{},altered_beyond-the-gate_yzmir-stargazer-(common)
79b69fc8-f6eb-432f-9460-0bb901d6c4e5,item,0,0,"{""obverse"": ""altered_beyond-the-gate_yzmir-stargazer-(faction-rare)"", ""reverse"": ""altered_card-back""}","{""name_printed"": ""Yzmir Stargazer"", ""functional_disambiguator"": ""Faction Rare"", ""number"": ""BTG-157-F"", ""item_dimensions"": ""{\u0022height\u0022: \u00223.5\u0022, \u0022width\u0022: \u00222.5\u0022, \u0022unit\u0022: \u0022inch\u0022}""}",b65fcb03-9be4-4a48-a06d-b66a4c47de76,b8936c8c-5672-43d6-92a6-66a07ea2eb6b,Yzmir Stargazer (Faction Rare),Yzmir Stargazer (Faction Rare),{},altered_beyond-the-gate_yzmir-stargazer-(faction-rare)
65bc56f2-1609-42c3-9fb8-ee2b17560f00,item,0,0,"{""obverse"": ""altered_beyond-the-gate_yzmir-stargazer-(rare)"", ""reverse"": ""altered_card-back""}","{""name_printed"": ""Yzmir Stargazer"", ""functional_disambiguator"": ""Rare"", ""number"": ""BTG-157-R"", ""item_dimensions"": ""{\u0022height\u0022: \u00223.5\u0022, \u0022width\u0022: \u00222.5\u0022, \u0022unit\u0022: \u0022inch\u0022}""}",b65fcb03-9be4-4a48-a06d-b66a4c47de76,b8936c8c-5672-43d6-92a6-66a07ea2eb6b,Yzmir Stargazer (Rare),Yzmir Stargazer (Rare),{},altered_beyond-the-gate_yzmir-stargazer-(rare)
8c1b4490-10ce-404d-8017-af5bc6a8b645,item,0,0,"{""obverse"": ""altered_beyond-the-gate_new-player--protect-your-collection-(yzmir)"", ""reverse"": ""altered_card-back""}","{""name_printed"": ""New Player? Protect Your Collection"", ""functional_disambiguator"": ""Yzmir"", ""item_dimensions"": ""{\u0022height\u0022: \u00223.5\u0022, \u0022width\u0022: \u00222.5\u0022, \u0022unit\u0022: \u0022inch\u0022}""}",b65fcb03-9be4-4a48-a06d-b66a4c47de76,b8936c8c-5672-43d6-92a6-66a07ea2eb6b,New Player? Protect Your Collection (Yzmir),New Player? Protect Your Collection (Yzmir),{},altered_beyond-the-gate_new-player--protect-your-collection-(yzmir)
6c64c54a-6009-4382-ab46-66b8a63c30dc,item,0,0,"{""obverse"": ""altered_beyond-the-gate_new-player--protect-your-collection-(ordis)"", ""reverse"": ""altered_card-back""}","{""name_printed"": ""New Player? Protect Your Collection"", ""functional_disambiguator"": ""Ordis"", ""item_dimensions"": ""{\u0022height\u0022: \u00223.5\u0022, \u0022width\u0022: \u00222.5\u0022, \u0022unit\u0022: \u0022inch\u0022}""}",b65fcb03-9be4-4a48-a06d-b66a4c47de76,b8936c8c-5672-43d6-92a6-66a07ea2eb6b,New Player? Protect Your Collection (Ordis),New Player? Protect Your Collection (Ordis),{},altered_beyond-the-gate_new-player--protect-your-collection-(ordis)
e9b23d1d-22bb-42a0-9213-3ab8d8eac945,item,0,0,"{""obverse"": ""altered_beyond-the-gate_new-player--protect-your-collection-(lyra)"", ""reverse"": ""altered_card-back""}","{""name_printed"": ""New Player? Protect Your Collection"", ""functional_disambiguator"": ""Lyra"", ""item_dimensions"": ""{\u0022height\u0022: \u00223.5\u0022, \u0022width\u0022: \u00222.5\u0022, \u0022unit\u0022: \u0022inch\u0022}""}",b65fcb03-9be4-4a48-a06d-b66a4c47de76,b8936c8c-5672-43d6-92a6-66a07ea2eb6b,New Player? Protect Your Collection (Lyra),New Player? Protect Your Collection (Lyra),{},altered_beyond-the-gate_new-player--protect-your-collection-(lyra)
f5d1a0f6-a753-460a-bbb9-cf31b397c416,item,0,0,"{""obverse"": ""altered_beyond-the-gate_new-player--protect-your-collection-(bravos)"", ""reverse"": ""altered_card-back""}","{""name_printed"": ""New Player? Protect Your Collection"", ""functional_disambiguator"": ""Bravos"", ""item_dimensions"": ""{\u0022height\u0022: \u00223.5\u0022, \u0022width\u0022: \u00222.5\u0022, \u0022unit\u0022: \u0022inch\u0022}""}",b65fcb03-9be4-4a48-a06d-b66a4c47de76,b8936c8c-5672-43d6-92a6-66a07ea2eb6b,New Player? Protect Your Collection (Bravos),New Player? Protect Your Collection (Bravos),{},altered_beyond-the-gate_new-player--protect-your-collection-(bravos)
75a1adf2-f42d-4133-9e1f-50d5e255d541,item,0,0,"{""obverse"": ""altered_beyond-the-gate_new-player--protect-your-collection-(axiom)"", ""reverse"": ""altered_card-back""}","{""name_printed"": ""New Player? Protect Your Collection"", ""functional_disambiguator"": ""Axiom"", ""item_dimensions"": ""{\u0022height\u0022: \u00223.5\u0022, \u0022width\u0022: \u00222.5\u0022, \u0022unit\u0022: \u0022inch\u0022}""}",b65fcb03-9be4-4a48-a06d-b66a4c47de76,b8936c8c-5672-43d6-92a6-66a07ea2eb6b,New Player? Protect Your Collection (Axiom),New Player? Protect Your Collection (Axiom),{},altered_beyond-the-gate_new-player--protect-your-collection-(axiom)
64ade2b3-35fe-424d-9c1b-94ea7a5513ab,inference,0,0,"{""obverse"": ""altered_beyond-the-gate_new-player--protect-your-collection-(muna)"", ""reverse"": ""altered_card-back""}","{""name_printed"": ""New Player? Protect Your Collection"", ""functional_disambiguator"": ""Muna"", ""item_dimensions"": ""{\u0022height\u0022: \u00223.5\u0022, \u0022width\u0022: \u00222.5\u0022, \u0022unit\u0022: \u0022inch\u0022}""}",b65fcb03-9be4-4a48-a06d-b66a4c47de76,b8936c8c-5672-43d6-92a6-66a07ea2eb6b,New Player? Protect Your Collection (Muna),New Player? Protect Your Collection (Muna),{},altered_beyond-the-gate_new-player--protect-your-collection-(muna)
49dbb179-4aa6-4e40-a121-2b32963a3d3a,item,0,0,"{""obverse"": ""altered_beyond-the-gate_companion-region-card"", ""reverse"": ""altered_card-back""}","{""name_printed"": ""Companion Region Card"", ""item_dimensions"": ""{\u0022height\u0022: \u00223.5\u0022, \u0022width\u0022: \u00222.5\u0022, \u0022unit\u0022: \u0022inch\u0022}""}",b65fcb03-9be4-4a48-a06d-b66a4c47de76,b8936c8c-5672-43d6-92a6-66a07ea2eb6b,Companion Region Card,Companion Region Card,{},altered_beyond-the-gate_companion-region-card
434375fa-13f6-4d6a-8c5e-d7e4f741cfc7,item,0,0,"{""obverse"": ""altered_beyond-the-gate_hero-region-card"", ""reverse"": ""altered_card-back""}","{""name_printed"": ""Hero Region Card"", ""item_dimensions"": ""{\u0022height\u0022: \u00223.5\u0022, \u0022width\u0022: \u00222.5\u0022, \u0022unit\u0022: \u0022inch\u0022}""}",b65fcb03-9be4-4a48-a06d-b66a4c47de76,b8936c8c-5672-43d6-92a6-66a07ea2eb6b,Hero Region Card,Hero Region Card,{},altered_beyond-the-gate_hero-region-card
26f042f6-56cf-4dce-be62-bb28e667d0c3,item,0,0,"{""obverse"": ""altered_beyond-the-gate_tumult-(mountain---forest-&-water)"", ""reverse"": ""altered_card-back""}","{""name_printed"": ""Tumult"", ""functional_disambiguator"": ""Mountain / Forest & Water"", ""item_dimensions"": ""{\u0022height\u0022: \u00223.5\u0022, \u0022width\u0022: \u00222.5\u0022, \u0022unit\u0022: \u0022inch\u0022}""}",b65fcb03-9be4-4a48-a06d-b66a4c47de76,b8936c8c-5672-43d6-92a6-66a07ea2eb6b,Tumult (Mountain / Forest & Water),Tumult (Mountain / Forest & Water),{},altered_beyond-the-gate_tumult-(mountain---forest-&-water)
95ba8155-7c51-436f-a747-6c95e7a57405,item,0,0,"{""obverse"": ""altered_beyond-the-gate_tumult-(water---forest-&-mountain)"", ""reverse"": ""altered_card-back""}","{""name_printed"": ""Tumult"", ""functional_disambiguator"": ""Water / Forest & Mountain"", ""item_dimensions"": ""{\u0022height\u0022: \u00223.5\u0022, \u0022width\u0022: \u00222.5\u0022, \u0022unit\u0022: \u0022inch\u0022}""}",b65fcb03-9be4-4a48-a06d-b66a4c47de76,b8936c8c-5672-43d6-92a6-66a07ea2eb6b,Tumult (Water / Forest & Mountain),Tumult (Water / Forest & Mountain),{},altered_beyond-the-gate_tumult-(water---forest-&-mountain)
3916b4c2-8348-443f-a15e-c6ff069cc51b,item,0,0,"{""obverse"": ""altered_beyond-the-gate_tumult-(forest---mountain-&-water)"", ""reverse"": ""altered_card-back""}","{""name_printed"": ""Tumult"", ""functional_disambiguator"": ""Forest / Mountain & Water"", ""item_dimensions"": ""{\u0022height\u0022: \u00223.5\u0022, \u0022width\u0022: \u00222.5\u0022, \u0022unit\u0022: \u0022inch\u0022}""}",b65fcb03-9be4-4a48-a06d-b66a4c47de76,b8936c8c-5672-43d6-92a6-66a07ea2eb6b,Tumult (Forest / Mountain & Water),Tumult (Forest / Mountain & Water),{},altered_beyond-the-gate_tumult-(forest---mountain-&-water)
5a1bc028-c171-4fd0-88ef-2293625a3862,item,0,0,"{""obverse"": ""altered_beyond-the-gate_phases-of-the-day"", ""reverse"": ""altered_card-back""}","{""name_printed"": ""Phases of the Day"", ""item_dimensions"": ""{\u0022height\u0022: \u00223.5\u0022, \u0022width\u0022: \u00222.5\u0022, \u0022unit\u0022: \u0022inch\u0022}""}",b65fcb03-9be4-4a48-a06d-b66a4c47de76,b8936c8c-5672-43d6-92a6-66a07ea2eb6b,Phases of the Day,Phases of the Day,{},altered_beyond-the-gate_phases-of-the-day
f32cf7c4-f07f-4544-a66e-c0759f0c84a8,item,0,0,"{""obverse"": ""altered_beyond-the-gate_icons"", ""reverse"": ""altered_card-back""}","{""name_printed"": ""Icons"", ""item_dimensions"": ""{\u0022height\u0022: \u00223.5\u0022, \u0022width\u0022: \u00222.5\u0022, \u0022unit\u0022: \u0022inch\u0022}""}",b65fcb03-9be4-4a48-a06d-b66a4c47de76,b8936c8c-5672-43d6-92a6-66a07ea2eb6b,Icons,Icons,{},altered_beyond-the-gate_icons