id,source,imaged,documented,images,attributes,game_id,set_id,functional_name,item_name,source_notes,game_set_item_slug
bee67bed-9612-47a1-9c37-6848cd75fe0f,item,1,0,"{""obverse"": ""xena--warrior-princess_1st-edition_acrobatic-ninjas"", ""reverse"": ""xena--warrior-princess_card-back""}","{""name_printed"": ""Acrobatic Ninjas"", ""rarity"": ""Uncommon"", ""number"": ""93"", ""type"": ""Character"", ""color"": ""Green"", ""item_dimensions"": ""{\u0022height\u0022: \u00223.5\u0022, \u0022width\u0022: \u00222.5\u0022, \u0022unit\u0022: \u0022inch\u0022}""}",593ea211-b214-41fe-bcbb-2fd86eb1216e,6ac625a8-ce88-4c18-8e2b-93f5a7a1915b,Acrobatic Ninjas,Acrobatic Ninjas,{},xena--warrior-princess_1st-edition_acrobatic-ninjas
eb57c27a-8141-4e8c-b09c-ffc06479d9f7,item,1,0,"{""obverse"": ""xena--warrior-princess_1st-edition_aid-from-autolycus"", ""reverse"": ""xena--warrior-princess_card-back""}","{""name_printed"": ""Aid from Autolycus"", ""rarity"": ""Uncommon"", ""number"": ""155"", ""type"": ""Combat"", ""color"": ""Red"", ""item_dimensions"": ""{\u0022height\u0022: \u00223.5\u0022, \u0022width\u0022: \u00222.5\u0022, \u0022unit\u0022: \u0022inch\u0022}""}",593ea211-b214-41fe-bcbb-2fd86eb1216e,6ac625a8-ce88-4c18-8e2b-93f5a7a1915b,Aid from Autolycus,Aid from Autolycus,{},xena--warrior-princess_1st-edition_aid-from-autolycus
8cc6c3c1-63c9-4412-9f97-129732d0ff38,item,1,0,"{""obverse"": ""xena--warrior-princess_1st-edition_aid-from-gabrielle"", ""reverse"": ""xena--warrior-princess_card-back""}","{""name_printed"": ""Aid from Gabrielle"", ""rarity"": ""Uncommon"", ""number"": ""85"", ""type"": ""Action"", ""color"": ""Green"", ""item_dimensions"": ""{\u0022height\u0022: \u00223.5\u0022, \u0022width\u0022: \u00222.5\u0022, \u0022unit\u0022: \u0022inch\u0022}""}",593ea211-b214-41fe-bcbb-2fd86eb1216e,6ac625a8-ce88-4c18-8e2b-93f5a7a1915b,Aid from Gabrielle,Aid from Gabrielle,{},xena--warrior-princess_1st-edition_aid-from-gabrielle
d93d9e45-b7cd-42bd-8f28-38ae2df41c59,item,1,0,"{""obverse"": ""xena--warrior-princess_1st-edition_alert-longbow-squad"", ""reverse"": ""xena--warrior-princess_card-back""}","{""name_printed"": ""Alert Longbow Squad"", ""rarity"": ""Uncommon"", ""number"": ""157"", ""type"": ""Character"", ""color"": ""Red"", ""item_dimensions"": ""{\u0022height\u0022: \u00223.5\u0022, \u0022width\u0022: \u00222.5\u0022, \u0022unit\u0022: \u0022inch\u0022}""}",593ea211-b214-41fe-bcbb-2fd86eb1216e,6ac625a8-ce88-4c18-8e2b-93f5a7a1915b,Alert Longbow Squad,Alert Longbow Squad,{},xena--warrior-princess_1st-edition_alert-longbow-squad
0463001b-13ce-4c97-b3fa-25812f9f2f37,item,1,0,"{""obverse"": ""xena--warrior-princess_1st-edition_altar-of-ares"", ""reverse"": ""xena--warrior-princess_card-back""}","{""name_printed"": ""Altar of Ares"", ""rarity"": ""Fixed"", ""number"": ""58"", ""type"": ""Resource"", ""color"": ""Blue"", ""item_dimensions"": ""{\u0022height\u0022: \u00223.5\u0022, \u0022width\u0022: \u00222.5\u0022, \u0022unit\u0022: \u0022inch\u0022}""}",593ea211-b214-41fe-bcbb-2fd86eb1216e,6ac625a8-ce88-4c18-8e2b-93f5a7a1915b,Altar of Ares,Altar of Ares,{},xena--warrior-princess_1st-edition_altar-of-ares
d8d83b75-1058-4f12-8b47-5a0954cc81cb,item,1,0,"{""obverse"": ""xena--warrior-princess_1st-edition_altar-sacrifice"", ""reverse"": ""xena--warrior-princess_card-back""}","{""name_printed"": ""Altar Sacrifice"", ""rarity"": ""Uncommon"", ""number"": ""22"", ""type"": ""Action"", ""color"": ""Blue"", ""item_dimensions"": ""{\u0022height\u0022: \u00223.5\u0022, \u0022width\u0022: \u00222.5\u0022, \u0022unit\u0022: \u0022inch\u0022}""}",593ea211-b214-41fe-bcbb-2fd86eb1216e,6ac625a8-ce88-4c18-8e2b-93f5a7a1915b,Altar Sacrifice,Altar Sacrifice,{},xena--warrior-princess_1st-edition_altar-sacrifice
5da33087-fdc1-4fcd-b451-ae56f987faa5,item,1,0,"{""obverse"": ""xena--warrior-princess_1st-edition_amazon-village"", ""reverse"": ""xena--warrior-princess_card-back""}","{""name_printed"": ""Amazon Village"", ""rarity"": ""Fixed"", ""number"": ""120"", ""type"": ""Resource"", ""color"": ""Green"", ""item_dimensions"": ""{\u0022height\u0022: \u00223.5\u0022, \u0022width\u0022: \u00222.5\u0022, \u0022unit\u0022: \u0022inch\u0022}""}",593ea211-b214-41fe-bcbb-2fd86eb1216e,6ac625a8-ce88-4c18-8e2b-93f5a7a1915b,Amazon Village,Amazon Village,{},xena--warrior-princess_1st-edition_amazon-village
d09e66b1-c5e8-4ad2-8466-9a255bcf9616,item,1,0,"{""obverse"": ""xena--warrior-princess_1st-edition_angered-giant"", ""reverse"": ""xena--warrior-princess_card-back""}","{""name_printed"": ""Angered Giant"", ""rarity"": ""Uncommon"", ""number"": ""94"", ""type"": ""Character"", ""color"": ""Green"", ""item_dimensions"": ""{\u0022height\u0022: \u00223.5\u0022, \u0022width\u0022: \u00222.5\u0022, \u0022unit\u0022: \u0022inch\u0022}""}",593ea211-b214-41fe-bcbb-2fd86eb1216e,6ac625a8-ce88-4c18-8e2b-93f5a7a1915b,Angered Giant,Angered Giant,{},xena--warrior-princess_1st-edition_angered-giant
70b44b44-ae7e-453b-9fed-9277b049a28e,item,1,0,"{""obverse"": ""xena--warrior-princess_1st-edition_angered-titan"", ""reverse"": ""xena--warrior-princess_card-back""}","{""name_printed"": ""Angered Titan"", ""rarity"": ""Rare"", ""number"": ""51"", ""type"": ""Character"", ""color"": ""Blue"", ""item_dimensions"": ""{\u0022height\u0022: \u00223.5\u0022, \u0022width\u0022: \u00222.5\u0022, \u0022unit\u0022: \u0022inch\u0022}""}",593ea211-b214-41fe-bcbb-2fd86eb1216e,6ac625a8-ce88-4c18-8e2b-93f5a7a1915b,Angered Titan,Angered Titan,{},xena--warrior-princess_1st-edition_angered-titan
3a3943ba-a9c5-4742-92aa-b723f2c5d33e,item,1,0,"{""obverse"": ""xena--warrior-princess_1st-edition_aphrodite"", ""reverse"": ""xena--warrior-princess_card-back""}","{""name_printed"": ""Aphrodite"", ""rarity"": ""Rare"", ""number"": ""46"", ""type"": ""Character"", ""color"": ""Blue"", ""item_dimensions"": ""{\u0022height\u0022: \u00223.5\u0022, \u0022width\u0022: \u00222.5\u0022, \u0022unit\u0022: \u0022inch\u0022}""}",593ea211-b214-41fe-bcbb-2fd86eb1216e,6ac625a8-ce88-4c18-8e2b-93f5a7a1915b,Aphrodite,Aphrodite,{},xena--warrior-princess_1st-edition_aphrodite
f3c165b5-8d49-4183-b909-521494f84997,item,1,0,"{""obverse"": ""xena--warrior-princess_1st-edition_aphrodite's-bell"", ""reverse"": ""xena--warrior-princess_card-back""}","{""name_printed"": ""Aphrodite's Bell"", ""rarity"": ""Uncommon"", ""number"": ""38"", ""type"": ""Combat"", ""color"": ""Blue"", ""item_dimensions"": ""{\u0022height\u0022: \u00223.5\u0022, \u0022width\u0022: \u00222.5\u0022, \u0022unit\u0022: \u0022inch\u0022}""}",593ea211-b214-41fe-bcbb-2fd86eb1216e,6ac625a8-ce88-4c18-8e2b-93f5a7a1915b,Aphrodite's Bell,Aphrodite's Bell,{},xena--warrior-princess_1st-edition_aphrodite's-bell
d87875cf-d848-4d12-aa66-f05060a3324b,item,1,0,"{""obverse"": ""xena--warrior-princess_1st-edition_apprentice-swordsman"", ""reverse"": ""xena--warrior-princess_card-back""}","{""name_printed"": ""Apprentice Swordsman"", ""rarity"": ""Common"", ""number"": ""69"", ""type"": ""Character"", ""color"": ""Green"", ""item_dimensions"": ""{\u0022height\u0022: \u00223.5\u0022, \u0022width\u0022: \u00222.5\u0022, \u0022unit\u0022: \u0022inch\u0022}""}",593ea211-b214-41fe-bcbb-2fd86eb1216e,6ac625a8-ce88-4c18-8e2b-93f5a7a1915b,Apprentice Swordsman,Apprentice Swordsman,{},xena--warrior-princess_1st-edition_apprentice-swordsman
5c1aa97f-3285-4369-bc88-27c0f9d41a89,item,1,0,"{""obverse"": ""xena--warrior-princess_1st-edition_ares"", ""reverse"": ""xena--warrior-princess_card-back""}","{""name_printed"": ""Ares"", ""rarity"": ""Rare"", ""number"": ""52"", ""type"": ""Character"", ""color"": ""Blue"", ""item_dimensions"": ""{\u0022height\u0022: \u00223.5\u0022, \u0022width\u0022: \u00222.5\u0022, \u0022unit\u0022: \u0022inch\u0022}""}",593ea211-b214-41fe-bcbb-2fd86eb1216e,6ac625a8-ce88-4c18-8e2b-93f5a7a1915b,Ares,Ares,{},xena--warrior-princess_1st-edition_ares
d28a5120-eff0-4d80-ad12-c6068bae62fb,item,1,0,"{""obverse"": ""xena--warrior-princess_1st-edition_ares-dethroned"", ""reverse"": ""xena--warrior-princess_card-back""}","{""name_printed"": ""Ares Dethroned"", ""rarity"": ""Rare"", ""number"": ""55"", ""type"": ""Combat"", ""color"": ""Blue"", ""item_dimensions"": ""{\u0022height\u0022: \u00223.5\u0022, \u0022width\u0022: \u00222.5\u0022, \u0022unit\u0022: \u0022inch\u0022}""}",593ea211-b214-41fe-bcbb-2fd86eb1216e,6ac625a8-ce88-4c18-8e2b-93f5a7a1915b,Ares Dethroned,Ares Dethroned,{},xena--warrior-princess_1st-edition_ares-dethroned
5672b348-14fa-4852-8fca-af1bfed92c50,item,1,0,"{""obverse"": ""xena--warrior-princess_1st-edition_ares's-soldiers"", ""reverse"": ""xena--warrior-princess_card-back""}","{""name_printed"": ""Ares's Soldiers"", ""rarity"": ""Common"", ""number"": ""17"", ""type"": ""Character"", ""color"": ""Blue"", ""item_dimensions"": ""{\u0022height\u0022: \u00223.5\u0022, \u0022width\u0022: \u00222.5\u0022, \u0022unit\u0022: \u0022inch\u0022}""}",593ea211-b214-41fe-bcbb-2fd86eb1216e,6ac625a8-ce88-4c18-8e2b-93f5a7a1915b,Ares's Soldiers,Ares's Soldiers,{},xena--warrior-princess_1st-edition_ares's-soldiers
e4e2d949-679f-4430-a72a-94ff102a2e95,item,1,0,"{""obverse"": ""xena--warrior-princess_1st-edition_ares's-wrath"", ""reverse"": ""xena--warrior-princess_card-back""}","{""name_printed"": ""Ares's Wrath"", ""rarity"": ""Common"", ""number"": ""6"", ""type"": ""Action"", ""color"": ""Blue"", ""item_dimensions"": ""{\u0022height\u0022: \u00223.5\u0022, \u0022width\u0022: \u00222.5\u0022, \u0022unit\u0022: \u0022inch\u0022}""}",593ea211-b214-41fe-bcbb-2fd86eb1216e,6ac625a8-ce88-4c18-8e2b-93f5a7a1915b,Ares's Wrath,Ares's Wrath,{},xena--warrior-princess_1st-edition_ares's-wrath
7976d24a-9729-4e32-98e0-cc5d5183f562,third-party,0,0,"{""obverse"": ""xena--warrior-princess_1st-edition_argo"", ""reverse"": ""xena--warrior-princess_card-back""}","{""name_printed"": ""Argo"", ""rarity"": ""Rare"", ""number"": ""102"", ""type"": ""Character"", ""color"": ""Green"", ""item_dimensions"": ""{\u0022height\u0022: \u00223.5\u0022, \u0022width\u0022: \u00222.5\u0022, \u0022unit\u0022: \u0022inch\u0022}""}",593ea211-b214-41fe-bcbb-2fd86eb1216e,6ac625a8-ce88-4c18-8e2b-93f5a7a1915b,Argo,Argo,{},xena--warrior-princess_1st-edition_argo
cffdb9e0-c82d-4707-9053-9788210f6f88,item,1,0,"{""obverse"": ""xena--warrior-princess_1st-edition_army-of-ares"", ""reverse"": ""xena--warrior-princess_card-back""}","{""name_printed"": ""Army of Ares"", ""rarity"": ""Rare"", ""number"": ""166"", ""type"": ""Action"", ""color"": ""Red"", ""item_dimensions"": ""{\u0022height\u0022: \u00223.5\u0022, \u0022width\u0022: \u00222.5\u0022, \u0022unit\u0022: \u0022inch\u0022}""}",593ea211-b214-41fe-bcbb-2fd86eb1216e,6ac625a8-ce88-4c18-8e2b-93f5a7a1915b,Army of Ares,Army of Ares,{},xena--warrior-princess_1st-edition_army-of-ares
894c7c65-2a5f-4aa8-9f72-035f76bd8f54,item,1,0,"{""obverse"": ""xena--warrior-princess_1st-edition_autolycus,-king-of-thieves"", ""reverse"": ""xena--warrior-princess_card-back""}","{""name_printed"": ""Autolycus, King of Thieves"", ""rarity"": ""Rare"", ""number"": ""172"", ""type"": ""Character"", ""color"": ""Red"", ""item_dimensions"": ""{\u0022height\u0022: \u00223.5\u0022, \u0022width\u0022: \u00222.5\u0022, \u0022unit\u0022: \u0022inch\u0022}""}",593ea211-b214-41fe-bcbb-2fd86eb1216e,6ac625a8-ce88-4c18-8e2b-93f5a7a1915b,"Autolycus, King of Thieves","Autolycus, King of Thieves",{},"xena--warrior-princess_1st-edition_autolycus,-king-of-thieves"
cd22599d-9f95-4d2c-a602-738a298dc660,item,1,0,"{""obverse"": ""xena--warrior-princess_1st-edition_autolycus's-boast"", ""reverse"": ""xena--warrior-princess_card-back""}","{""name_printed"": ""Autolycus's Boast"", ""rarity"": ""Uncommon"", ""number"": ""154"", ""type"": ""Combat"", ""color"": ""Red"", ""item_dimensions"": ""{\u0022height\u0022: \u00223.5\u0022, \u0022width\u0022: \u00222.5\u0022, \u0022unit\u0022: \u0022inch\u0022}""}",593ea211-b214-41fe-bcbb-2fd86eb1216e,6ac625a8-ce88-4c18-8e2b-93f5a7a1915b,Autolycus's Boast,Autolycus's Boast,{},xena--warrior-princess_1st-edition_autolycus's-boast
95b65622-6df4-4bc4-8372-f41707860f64,item,1,0,"{""obverse"": ""xena--warrior-princess_1st-edition_banshees"", ""reverse"": ""xena--warrior-princess_card-back""}","{""name_printed"": ""Banshees"", ""rarity"": ""Uncommon"", ""number"": ""35"", ""type"": ""Character"", ""color"": ""Blue"", ""item_dimensions"": ""{\u0022height\u0022: \u00223.5\u0022, \u0022width\u0022: \u00222.5\u0022, \u0022unit\u0022: \u0022inch\u0022}""}",593ea211-b214-41fe-bcbb-2fd86eb1216e,6ac625a8-ce88-4c18-8e2b-93f5a7a1915b,Banshees,Banshees,{},xena--warrior-princess_1st-edition_banshees
90c5044c-c8d1-488f-b8a5-b73717c7d95b,item,1,0,"{""obverse"": ""xena--warrior-princess_1st-edition_bath-house"", ""reverse"": ""xena--warrior-princess_card-back""}","{""name_printed"": ""Bath House"", ""rarity"": ""Fixed"", ""number"": ""178"", ""type"": ""Resource"", ""color"": ""Red"", ""item_dimensions"": ""{\u0022height\u0022: \u00223.5\u0022, \u0022width\u0022: \u00222.5\u0022, \u0022unit\u0022: \u0022inch\u0022}""}",593ea211-b214-41fe-bcbb-2fd86eb1216e,6ac625a8-ce88-4c18-8e2b-93f5a7a1915b,Bath House,Bath House,{},xena--warrior-princess_1st-edition_bath-house
ae6b2755-9976-464f-b70d-e8af3b4f2dc9,item,1,0,"{""obverse"": ""xena--warrior-princess_1st-edition_beauty-contest"", ""reverse"": ""xena--warrior-princess_card-back""}","{""name_printed"": ""Beauty Contest"", ""rarity"": ""Uncommon"", ""number"": ""151"", ""type"": ""Action"", ""color"": ""Red"", ""item_dimensions"": ""{\u0022height\u0022: \u00223.5\u0022, \u0022width\u0022: \u00222.5\u0022, \u0022unit\u0022: \u0022inch\u0022}""}",593ea211-b214-41fe-bcbb-2fd86eb1216e,6ac625a8-ce88-4c18-8e2b-93f5a7a1915b,Beauty Contest,Beauty Contest,{},xena--warrior-princess_1st-edition_beauty-contest
97db09eb-a14f-4385-a090-39d902dd77e4,item,1,0,"{""obverse"": ""xena--warrior-princess_1st-edition_behind-bars"", ""reverse"": ""xena--warrior-princess_card-back""}","{""name_printed"": ""Behind Bars"", ""rarity"": ""Uncommon"", ""number"": ""148"", ""type"": ""Action"", ""color"": ""Red"", ""item_dimensions"": ""{\u0022height\u0022: \u00223.5\u0022, \u0022width\u0022: \u00222.5\u0022, \u0022unit\u0022: \u0022inch\u0022}""}",593ea211-b214-41fe-bcbb-2fd86eb1216e,6ac625a8-ce88-4c18-8e2b-93f5a7a1915b,Behind Bars,Behind Bars,{},xena--warrior-princess_1st-edition_behind-bars
f1e26e27-d15c-4ebf-aee1-49446f00318f,item,1,0,"{""obverse"": ""xena--warrior-princess_1st-edition_beloved-king"", ""reverse"": ""xena--warrior-princess_card-back""}","{""name_printed"": ""Beloved King"", ""rarity"": ""Rare"", ""number"": ""106"", ""type"": ""Character"", ""color"": ""Green"", ""item_dimensions"": ""{\u0022height\u0022: \u00223.5\u0022, \u0022width\u0022: \u00222.5\u0022, \u0022unit\u0022: \u0022inch\u0022}""}",593ea211-b214-41fe-bcbb-2fd86eb1216e,6ac625a8-ce88-4c18-8e2b-93f5a7a1915b,Beloved King,Beloved King,{},xena--warrior-princess_1st-edition_beloved-king
0ee5baba-efdb-45ec-94b6-40cd0c7efe5d,item,1,0,"{""obverse"": ""xena--warrior-princess_1st-edition_bevy-of-virgins"", ""reverse"": ""xena--warrior-princess_card-back""}","{""name_printed"": ""Bevy of Virgins"", ""rarity"": ""Common"", ""number"": ""10"", ""type"": ""Character"", ""color"": ""Blue"", ""item_dimensions"": ""{\u0022height\u0022: \u00223.5\u0022, \u0022width\u0022: \u00222.5\u0022, \u0022unit\u0022: \u0022inch\u0022}""}",593ea211-b214-41fe-bcbb-2fd86eb1216e,6ac625a8-ce88-4c18-8e2b-93f5a7a1915b,Bevy of Virgins,Bevy of Virgins,{},xena--warrior-princess_1st-edition_bevy-of-virgins
b81a2d87-b119-4217-9621-905722688fd9,item,1,0,"{""obverse"": ""xena--warrior-princess_1st-edition_big-ballista"", ""reverse"": ""xena--warrior-princess_card-back""}","{""name_printed"": ""Big Ballista"", ""rarity"": ""Rare"", ""number"": ""174"", ""type"": ""Character"", ""color"": ""Red"", ""item_dimensions"": ""{\u0022height\u0022: \u00223.5\u0022, \u0022width\u0022: \u00222.5\u0022, \u0022unit\u0022: \u0022inch\u0022}""}",593ea211-b214-41fe-bcbb-2fd86eb1216e,6ac625a8-ce88-4c18-8e2b-93f5a7a1915b,Big Ballista,Big Ballista,{},xena--warrior-princess_1st-edition_big-ballista
65bd576a-b84f-42d7-8f27-6647255755d5,item,1,0,"{""obverse"": ""xena--warrior-princess_1st-edition_black-wolves"", ""reverse"": ""xena--warrior-princess_card-back""}","{""name_printed"": ""Black Wolves"", ""rarity"": ""Uncommon"", ""number"": ""88"", ""type"": ""Character"", ""color"": ""Green"", ""item_dimensions"": ""{\u0022height\u0022: \u00223.5\u0022, \u0022width\u0022: \u00222.5\u0022, \u0022unit\u0022: \u0022inch\u0022}""}",593ea211-b214-41fe-bcbb-2fd86eb1216e,6ac625a8-ce88-4c18-8e2b-93f5a7a1915b,Black Wolves,Black Wolves,{},xena--warrior-princess_1st-edition_black-wolves
1f5cf3f3-00ee-4f39-b254-71a9ff16ca4c,item,1,0,"{""obverse"": ""xena--warrior-princess_1st-edition_border-dispute"", ""reverse"": ""xena--warrior-princess_card-back""}","{""name_printed"": ""Border Dispute"", ""rarity"": ""Uncommon"", ""number"": ""143"", ""type"": ""Action"", ""color"": ""Red"", ""item_dimensions"": ""{\u0022height\u0022: \u00223.5\u0022, \u0022width\u0022: \u00222.5\u0022, \u0022unit\u0022: \u0022inch\u0022}""}",593ea211-b214-41fe-bcbb-2fd86eb1216e,6ac625a8-ce88-4c18-8e2b-93f5a7a1915b,Border Dispute,Border Dispute,{},xena--warrior-princess_1st-edition_border-dispute
8354d119-e41a-44a0-9213-dc728483555e,item,1,0,"{""obverse"": ""xena--warrior-princess_1st-edition_burned-to-the-ground"", ""reverse"": ""xena--warrior-princess_card-back""}","{""name_printed"": ""Burned to the Ground"", ""rarity"": ""Common"", ""number"": ""124"", ""type"": ""Action"", ""color"": ""Red"", ""item_dimensions"": ""{\u0022height\u0022: \u00223.5\u0022, \u0022width\u0022: \u00222.5\u0022, \u0022unit\u0022: \u0022inch\u0022}""}",593ea211-b214-41fe-bcbb-2fd86eb1216e,6ac625a8-ce88-4c18-8e2b-93f5a7a1915b,Burned to the Ground,Burned to the Ground,{},xena--warrior-princess_1st-edition_burned-to-the-ground
a75cb17d-255d-4872-876f-12590b3114a9,item,1,0,"{""obverse"": ""xena--warrior-princess_1st-edition_caesar's-banner"", ""reverse"": ""xena--warrior-princess_card-back""}","{""name_printed"": ""Caesar's Banner"", ""rarity"": ""Common"", ""number"": ""140"", ""type"": ""Combat"", ""color"": ""Red"", ""item_dimensions"": ""{\u0022height\u0022: \u00223.5\u0022, \u0022width\u0022: \u00222.5\u0022, \u0022unit\u0022: \u0022inch\u0022}""}",593ea211-b214-41fe-bcbb-2fd86eb1216e,6ac625a8-ce88-4c18-8e2b-93f5a7a1915b,Caesar's Banner,Caesar's Banner,{},xena--warrior-princess_1st-edition_caesar's-banner
75952669-2446-497c-8611-dfd94487ef04,item,1,0,"{""obverse"": ""xena--warrior-princess_1st-edition_call-the-horde"", ""reverse"": ""xena--warrior-princess_card-back""}","{""name_printed"": ""Call the Horde"", ""rarity"": ""Uncommon"", ""number"": ""149"", ""type"": ""Action"", ""color"": ""Red"", ""item_dimensions"": ""{\u0022height\u0022: \u00223.5\u0022, \u0022width\u0022: \u00222.5\u0022, \u0022unit\u0022: \u0022inch\u0022}""}",593ea211-b214-41fe-bcbb-2fd86eb1216e,6ac625a8-ce88-4c18-8e2b-93f5a7a1915b,Call the Horde,Call the Horde,{},xena--warrior-princess_1st-edition_call-the-horde
d008ab72-63f1-45b8-ae47-17e6711e91d6,item,1,0,"{""obverse"": ""xena--warrior-princess_1st-edition_captured"", ""reverse"": ""xena--warrior-princess_card-back""}","{""name_printed"": ""Captured"", ""rarity"": ""Common"", ""number"": ""63"", ""type"": ""Action"", ""color"": ""Green"", ""item_dimensions"": ""{\u0022height\u0022: \u00223.5\u0022, \u0022width\u0022: \u00222.5\u0022, \u0022unit\u0022: \u0022inch\u0022}""}",593ea211-b214-41fe-bcbb-2fd86eb1216e,6ac625a8-ce88-4c18-8e2b-93f5a7a1915b,Captured,Captured,{},xena--warrior-princess_1st-edition_captured
01053579-ec4d-4079-a5b4-2bccefe047b1,item,1,0,"{""obverse"": ""xena--warrior-princess_1st-edition_castle"", ""reverse"": ""xena--warrior-princess_card-back""}","{""name_printed"": ""Castle"", ""rarity"": ""Fixed"", ""number"": ""177"", ""type"": ""Resource"", ""color"": ""Red"", ""item_dimensions"": ""{\u0022height\u0022: \u00223.5\u0022, \u0022width\u0022: \u00222.5\u0022, \u0022unit\u0022: \u0022inch\u0022}""}",593ea211-b214-41fe-bcbb-2fd86eb1216e,6ac625a8-ce88-4c18-8e2b-93f5a7a1915b,Castle,Castle,{},xena--warrior-princess_1st-edition_castle
9658069c-54c3-4957-85b5-1187bead8af2,item,1,0,"{""obverse"": ""xena--warrior-princess_1st-edition_catapult-siege"", ""reverse"": ""xena--warrior-princess_card-back""}","{""name_printed"": ""Catapult Siege"", ""rarity"": ""Common"", ""number"": ""127"", ""type"": ""Action"", ""color"": ""Red"", ""item_dimensions"": ""{\u0022height\u0022: \u00223.5\u0022, \u0022width\u0022: \u00222.5\u0022, \u0022unit\u0022: \u0022inch\u0022}""}",593ea211-b214-41fe-bcbb-2fd86eb1216e,6ac625a8-ce88-4c18-8e2b-93f5a7a1915b,Catapult Siege,Catapult Siege,{},xena--warrior-princess_1st-edition_catapult-siege
b85aa3d8-3cd8-4eee-80b9-34d343705191,item,1,0,"{""obverse"": ""xena--warrior-princess_1st-edition_cavalry-strike"", ""reverse"": ""xena--warrior-princess_card-back""}","{""name_printed"": ""Cavalry Strike"", ""rarity"": ""Common"", ""number"": ""125"", ""type"": ""Action"", ""color"": ""Red"", ""item_dimensions"": ""{\u0022height\u0022: \u00223.5\u0022, \u0022width\u0022: \u00222.5\u0022, \u0022unit\u0022: \u0022inch\u0022}""}",593ea211-b214-41fe-bcbb-2fd86eb1216e,6ac625a8-ce88-4c18-8e2b-93f5a7a1915b,Cavalry Strike,Cavalry Strike,{},xena--warrior-princess_1st-edition_cavalry-strike
561c03ad-cfe9-4617-8376-063c4004c262,item,1,0,"{""obverse"": ""xena--warrior-princess_1st-edition_celtic-queen"", ""reverse"": ""xena--warrior-princess_card-back""}","{""name_printed"": ""Celtic Queen"", ""rarity"": ""Uncommon"", ""number"": ""92"", ""type"": ""Character"", ""color"": ""Green"", ""item_dimensions"": ""{\u0022height\u0022: \u00223.5\u0022, \u0022width\u0022: \u00222.5\u0022, \u0022unit\u0022: \u0022inch\u0022}""}",593ea211-b214-41fe-bcbb-2fd86eb1216e,6ac625a8-ce88-4c18-8e2b-93f5a7a1915b,Celtic Queen,Celtic Queen,{},xena--warrior-princess_1st-edition_celtic-queen
0db4d372-7676-4171-92a5-ee60f39a3a04,item,1,0,"{""obverse"": ""xena--warrior-princess_1st-edition_celtic-soldiers"", ""reverse"": ""xena--warrior-princess_card-back""}","{""name_printed"": ""Celtic Soldiers"", ""rarity"": ""Common"", ""number"": ""72"", ""type"": ""Character"", ""color"": ""Green"", ""item_dimensions"": ""{\u0022height\u0022: \u00223.5\u0022, \u0022width\u0022: \u00222.5\u0022, \u0022unit\u0022: \u0022inch\u0022}""}",593ea211-b214-41fe-bcbb-2fd86eb1216e,6ac625a8-ce88-4c18-8e2b-93f5a7a1915b,Celtic Soldiers,Celtic Soldiers,{},xena--warrior-princess_1st-edition_celtic-soldiers
7f7be7ac-b539-48ee-8b40-5beec5ad36be,item,1,0,"{""obverse"": ""xena--warrior-princess_1st-edition_celtic-warrior"", ""reverse"": ""xena--warrior-princess_card-back""}","{""name_printed"": ""Celtic Warrior"", ""rarity"": ""Common"", ""number"": ""73"", ""type"": ""Character"", ""color"": ""Green"", ""item_dimensions"": ""{\u0022height\u0022: \u00223.5\u0022, \u0022width\u0022: \u00222.5\u0022, \u0022unit\u0022: \u0022inch\u0022}""}",593ea211-b214-41fe-bcbb-2fd86eb1216e,6ac625a8-ce88-4c18-8e2b-93f5a7a1915b,Celtic Warrior,Celtic Warrior,{},xena--warrior-princess_1st-edition_celtic-warrior
5b556b95-8030-4b3f-8eeb-2f117578ca51,item,1,0,"{""obverse"": ""xena--warrior-princess_1st-edition_chakram-strike"", ""reverse"": ""xena--warrior-princess_card-back""}","{""name_printed"": ""Chakram Strike"", ""rarity"": ""Common"", ""number"": ""80"", ""type"": ""Combat"", ""color"": ""Green"", ""item_dimensions"": ""{\u0022height\u0022: \u00223.5\u0022, \u0022width\u0022: \u00222.5\u0022, \u0022unit\u0022: \u0022inch\u0022}""}",593ea211-b214-41fe-bcbb-2fd86eb1216e,6ac625a8-ce88-4c18-8e2b-93f5a7a1915b,Chakram Strike,Chakram Strike,{},xena--warrior-princess_1st-edition_chakram-strike
8ff16bcb-070b-40d1-ae1e-fd6a1f67f6fb,item,1,0,"{""obverse"": ""xena--warrior-princess_1st-edition_charismatic-fighter"", ""reverse"": ""xena--warrior-princess_card-back""}","{""name_printed"": ""Charismatic Fighter"", ""rarity"": ""Common"", ""number"": ""136"", ""type"": ""Character"", ""color"": ""Red"", ""item_dimensions"": ""{\u0022height\u0022: \u00223.5\u0022, \u0022width\u0022: \u00222.5\u0022, \u0022unit\u0022: \u0022inch\u0022}""}",593ea211-b214-41fe-bcbb-2fd86eb1216e,6ac625a8-ce88-4c18-8e2b-93f5a7a1915b,Charismatic Fighter,Charismatic Fighter,{},xena--warrior-princess_1st-edition_charismatic-fighter
14e841af-54a2-4249-8726-bad52669db85,item,1,0,"{""obverse"": ""xena--warrior-princess_1st-edition_charon's-tour"", ""reverse"": ""xena--warrior-princess_card-back""}","{""name_printed"": ""Charon's Tour"", ""rarity"": ""Uncommon"", ""number"": ""27"", ""type"": ""Action"", ""color"": ""Blue"", ""item_dimensions"": ""{\u0022height\u0022: \u00223.5\u0022, \u0022width\u0022: \u00222.5\u0022, \u0022unit\u0022: \u0022inch\u0022}""}",593ea211-b214-41fe-bcbb-2fd86eb1216e,6ac625a8-ce88-4c18-8e2b-93f5a7a1915b,Charon's Tour,Charon's Tour,{},xena--warrior-princess_1st-edition_charon's-tour
0d062113-bf64-4896-8980-0303d8da43e9,item,1,0,"{""obverse"": ""xena--warrior-princess_1st-edition_chin-mercenary"", ""reverse"": ""xena--warrior-princess_card-back""}","{""name_printed"": ""Chin Mercenary"", ""rarity"": ""Common"", ""number"": ""134"", ""type"": ""Character"", ""color"": ""Red"", ""item_dimensions"": ""{\u0022height\u0022: \u00223.5\u0022, \u0022width\u0022: \u00222.5\u0022, \u0022unit\u0022: \u0022inch\u0022}""}",593ea211-b214-41fe-bcbb-2fd86eb1216e,6ac625a8-ce88-4c18-8e2b-93f5a7a1915b,Chin Mercenary,Chin Mercenary,{},xena--warrior-princess_1st-edition_chin-mercenary
b17aadb0-8407-4646-ae2b-ac1ae7c051c5,item,1,0,"{""obverse"": ""xena--warrior-princess_1st-edition_clever-defense"", ""reverse"": ""xena--warrior-princess_card-back""}","{""name_printed"": ""Clever Defense"", ""rarity"": ""Rare"", ""number"": ""112"", ""type"": ""Combat"", ""color"": ""Green"", ""item_dimensions"": ""{\u0022height\u0022: \u00223.5\u0022, \u0022width\u0022: \u00222.5\u0022, \u0022unit\u0022: \u0022inch\u0022}""}",593ea211-b214-41fe-bcbb-2fd86eb1216e,6ac625a8-ce88-4c18-8e2b-93f5a7a1915b,Clever Defense,Clever Defense,{},xena--warrior-princess_1st-edition_clever-defense
7a3a03be-697b-498a-9740-b76a1da7d13c,item,1,0,"{""obverse"": ""xena--warrior-princess_1st-edition_confession"", ""reverse"": ""xena--warrior-princess_card-back""}","{""name_printed"": ""Confession"", ""rarity"": ""Rare"", ""number"": ""39"", ""type"": ""Action"", ""color"": ""Blue"", ""item_dimensions"": ""{\u0022height\u0022: \u00223.5\u0022, \u0022width\u0022: \u00222.5\u0022, \u0022unit\u0022: \u0022inch\u0022}""}",593ea211-b214-41fe-bcbb-2fd86eb1216e,6ac625a8-ce88-4c18-8e2b-93f5a7a1915b,Confession,Confession,{},xena--warrior-princess_1st-edition_confession
9189bd4a-1271-408c-bc4b-f6dd12e3d3d2,item,1,0,"{""obverse"": ""xena--warrior-princess_1st-edition_corrupt-judge"", ""reverse"": ""xena--warrior-princess_card-back""}","{""name_printed"": ""Corrupt Judge"", ""rarity"": ""Rare"", ""number"": ""101"", ""type"": ""Character"", ""color"": ""Green"", ""item_dimensions"": ""{\u0022height\u0022: \u00223.5\u0022, \u0022width\u0022: \u00222.5\u0022, \u0022unit\u0022: \u0022inch\u0022}""}",593ea211-b214-41fe-bcbb-2fd86eb1216e,6ac625a8-ce88-4c18-8e2b-93f5a7a1915b,Corrupt Judge,Corrupt Judge,{},xena--warrior-princess_1st-edition_corrupt-judge
8ff48b4a-69a1-43ad-bb27-c2594cab8d83,item,1,0,"{""obverse"": ""xena--warrior-princess_1st-edition_crossbow-archers"", ""reverse"": ""xena--warrior-princess_card-back""}","{""name_printed"": ""Crossbow Archers"", ""rarity"": ""Uncommon"", ""number"": ""152"", ""type"": ""Character"", ""color"": ""Red"", ""item_dimensions"": ""{\u0022height\u0022: \u00223.5\u0022, \u0022width\u0022: \u00222.5\u0022, \u0022unit\u0022: \u0022inch\u0022}""}",593ea211-b214-41fe-bcbb-2fd86eb1216e,6ac625a8-ce88-4c18-8e2b-93f5a7a1915b,Crossbow Archers,Crossbow Archers,{},xena--warrior-princess_1st-edition_crossbow-archers
761bc32e-3362-4d0d-aa5d-b6323a2a0ec7,third-party,0,0,"{""obverse"": ""xena--warrior-princess_1st-edition_cupid"", ""reverse"": ""xena--warrior-princess_card-back""}","{""name_printed"": ""Cupid"", ""rarity"": ""Rare"", ""number"": ""49"", ""type"": ""Character"", ""color"": ""Blue"", ""item_dimensions"": ""{\u0022height\u0022: \u00223.5\u0022, \u0022width\u0022: \u00222.5\u0022, \u0022unit\u0022: \u0022inch\u0022}""}",593ea211-b214-41fe-bcbb-2fd86eb1216e,6ac625a8-ce88-4c18-8e2b-93f5a7a1915b,Cupid,Cupid,{},xena--warrior-princess_1st-edition_cupid
73fbdae6-49b9-48fc-942d-56b9787b92e4,item,1,0,"{""obverse"": ""xena--warrior-princess_1st-edition_cupid's-arrows"", ""reverse"": ""xena--warrior-princess_card-back""}","{""name_printed"": ""Cupid's Arrows"", ""rarity"": ""Uncommon"", ""number"": ""26"", ""type"": ""Action"", ""color"": ""Blue"", ""item_dimensions"": ""{\u0022height\u0022: \u00223.5\u0022, \u0022width\u0022: \u00222.5\u0022, \u0022unit\u0022: \u0022inch\u0022}""}",593ea211-b214-41fe-bcbb-2fd86eb1216e,6ac625a8-ce88-4c18-8e2b-93f5a7a1915b,Cupid's Arrows,Cupid's Arrows,{},xena--warrior-princess_1st-edition_cupid's-arrows
269e0413-5d17-48d4-b093-9130a753347a,item,1,0,"{""obverse"": ""xena--warrior-princess_1st-edition_cursed-to-wander"", ""reverse"": ""xena--warrior-princess_card-back""}","{""name_printed"": ""Cursed to Wander"", ""rarity"": ""Uncommon"", ""number"": ""24"", ""type"": ""Action"", ""color"": ""Blue"", ""item_dimensions"": ""{\u0022height\u0022: \u00223.5\u0022, \u0022width\u0022: \u00222.5\u0022, \u0022unit\u0022: \u0022inch\u0022}""}",593ea211-b214-41fe-bcbb-2fd86eb1216e,6ac625a8-ce88-4c18-8e2b-93f5a7a1915b,Cursed to Wander,Cursed to Wander,{},xena--warrior-princess_1st-edition_cursed-to-wander
a56cfe85-8341-4dc8-ad0a-d6a9b0798ef3,item,1,0,"{""obverse"": ""xena--warrior-princess_1st-edition_cyclops-bully"", ""reverse"": ""xena--warrior-princess_card-back""}","{""name_printed"": ""Cyclops Bully"", ""rarity"": ""Uncommon"", ""number"": ""84"", ""type"": ""Character"", ""color"": ""Green"", ""item_dimensions"": ""{\u0022height\u0022: \u00223.5\u0022, \u0022width\u0022: \u00222.5\u0022, \u0022unit\u0022: \u0022inch\u0022}""}",593ea211-b214-41fe-bcbb-2fd86eb1216e,6ac625a8-ce88-4c18-8e2b-93f5a7a1915b,Cyclops Bully,Cyclops Bully,{},xena--warrior-princess_1st-edition_cyclops-bully
2129d032-6c19-4464-acfc-4a6073f09e84,item,1,0,"{""obverse"": ""xena--warrior-princess_1st-edition_dagger-of-helios"", ""reverse"": ""xena--warrior-princess_card-back""}","{""name_printed"": ""Dagger of Helios"", ""rarity"": ""Common"", ""number"": ""7"", ""type"": ""Action"", ""color"": ""Blue"", ""item_dimensions"": ""{\u0022height\u0022: \u00223.5\u0022, \u0022width\u0022: \u00222.5\u0022, \u0022unit\u0022: \u0022inch\u0022}""}",593ea211-b214-41fe-bcbb-2fd86eb1216e,6ac625a8-ce88-4c18-8e2b-93f5a7a1915b,Dagger of Helios,Dagger of Helios,{},xena--warrior-princess_1st-edition_dagger-of-helios
c307232e-351e-4328-8381-c03b8951b87e,item,1,0,"{""obverse"": ""xena--warrior-princess_1st-edition_dahak's-demon"", ""reverse"": ""xena--warrior-princess_card-back""}","{""name_printed"": ""Dahak's Demon"", ""rarity"": ""Rare"", ""number"": ""50"", ""type"": ""Character"", ""color"": ""Blue"", ""item_dimensions"": ""{\u0022height\u0022: \u00223.5\u0022, \u0022width\u0022: \u00222.5\u0022, \u0022unit\u0022: \u0022inch\u0022}""}",593ea211-b214-41fe-bcbb-2fd86eb1216e,6ac625a8-ce88-4c18-8e2b-93f5a7a1915b,Dahak's Demon,Dahak's Demon,{},xena--warrior-princess_1st-edition_dahak's-demon
248886af-e1d5-4362-8d44-8f6042851b70,item,1,0,"{""obverse"": ""xena--warrior-princess_1st-edition_dastardly-assassin"", ""reverse"": ""xena--warrior-princess_card-back""}","{""name_printed"": ""Dastardly Assassin"", ""rarity"": ""Common"", ""number"": ""5"", ""type"": ""Character"", ""color"": ""Blue"", ""item_dimensions"": ""{\u0022height\u0022: \u00223.5\u0022, \u0022width\u0022: \u00222.5\u0022, \u0022unit\u0022: \u0022inch\u0022}""}",593ea211-b214-41fe-bcbb-2fd86eb1216e,6ac625a8-ce88-4c18-8e2b-93f5a7a1915b,Dastardly Assassin,Dastardly Assassin,{},xena--warrior-princess_1st-edition_dastardly-assassin
54be0e07-9413-4f1e-b61d-2a7d0c823dc2,item,1,0,"{""obverse"": ""xena--warrior-princess_1st-edition_delphian-seer"", ""reverse"": ""xena--warrior-princess_card-back""}","{""name_printed"": ""Delphian Seer"", ""rarity"": ""Common"", ""number"": ""12"", ""type"": ""Character"", ""color"": ""Blue"", ""item_dimensions"": ""{\u0022height\u0022: \u00223.5\u0022, \u0022width\u0022: \u00222.5\u0022, \u0022unit\u0022: \u0022inch\u0022}""}",593ea211-b214-41fe-bcbb-2fd86eb1216e,6ac625a8-ce88-4c18-8e2b-93f5a7a1915b,Delphian Seer,Delphian Seer,{},xena--warrior-princess_1st-edition_delphian-seer
0124caca-e449-48ab-913b-804c61d7c1b0,item,1,0,"{""obverse"": ""xena--warrior-princess_1st-edition_diversionary-tactics"", ""reverse"": ""xena--warrior-princess_card-back""}","{""name_printed"": ""Diversionary Tactics"", ""rarity"": ""Uncommon"", ""number"": ""145"", ""type"": ""Action"", ""color"": ""Red"", ""item_dimensions"": ""{\u0022height\u0022: \u00223.5\u0022, \u0022width\u0022: \u00222.5\u0022, \u0022unit\u0022: \u0022inch\u0022}""}",593ea211-b214-41fe-bcbb-2fd86eb1216e,6ac625a8-ce88-4c18-8e2b-93f5a7a1915b,Diversionary Tactics,Diversionary Tactics,{},xena--warrior-princess_1st-edition_diversionary-tactics
bc8a4f4c-9857-46ff-85ea-d7c498df1274,item,1,0,"{""obverse"": ""xena--warrior-princess_1st-edition_divination"", ""reverse"": ""xena--warrior-princess_card-back""}","{""name_printed"": ""Divination"", ""rarity"": ""Common"", ""number"": ""3"", ""type"": ""Action"", ""color"": ""Blue"", ""item_dimensions"": ""{\u0022height\u0022: \u00223.5\u0022, \u0022width\u0022: \u00222.5\u0022, \u0022unit\u0022: \u0022inch\u0022}""}",593ea211-b214-41fe-bcbb-2fd86eb1216e,6ac625a8-ce88-4c18-8e2b-93f5a7a1915b,Divination,Divination,{},xena--warrior-princess_1st-edition_divination
eb9bb128-e051-4ef8-825d-64a1cd0319a7,item,1,0,"{""obverse"": ""xena--warrior-princess_1st-edition_draco"", ""reverse"": ""xena--warrior-princess_card-back""}","{""name_printed"": ""Draco"", ""rarity"": ""Rare"", ""number"": ""173"", ""type"": ""Character"", ""color"": ""Red"", ""item_dimensions"": ""{\u0022height\u0022: \u00223.5\u0022, \u0022width\u0022: \u00222.5\u0022, \u0022unit\u0022: \u0022inch\u0022}""}",593ea211-b214-41fe-bcbb-2fd86eb1216e,6ac625a8-ce88-4c18-8e2b-93f5a7a1915b,Draco,Draco,{},xena--warrior-princess_1st-edition_draco
382b444d-3b05-4170-b62b-11dc8e659bcc,item,1,0,"{""obverse"": ""xena--warrior-princess_1st-edition_driven-hard-by-the-furies"", ""reverse"": ""xena--warrior-princess_card-back""}","{""name_printed"": ""Driven Hard by the Furies"", ""rarity"": ""Uncommon"", ""number"": ""32"", ""type"": ""Action"", ""color"": ""Blue"", ""item_dimensions"": ""{\u0022height\u0022: \u00223.5\u0022, \u0022width\u0022: \u00222.5\u0022, \u0022unit\u0022: \u0022inch\u0022}""}",593ea211-b214-41fe-bcbb-2fd86eb1216e,6ac625a8-ce88-4c18-8e2b-93f5a7a1915b,Driven Hard by the Furies,Driven Hard by the Furies,{},xena--warrior-princess_1st-edition_driven-hard-by-the-furies
f0e21fc9-32fa-4f45-b968-ca502c4a02a0,item,1,0,"{""obverse"": ""xena--warrior-princess_1st-edition_eastern-healer"", ""reverse"": ""xena--warrior-princess_card-back""}","{""name_printed"": ""Eastern Healer"", ""rarity"": ""Common"", ""number"": ""70"", ""type"": ""Character"", ""color"": ""Green"", ""item_dimensions"": ""{\u0022height\u0022: \u00223.5\u0022, \u0022width\u0022: \u00222.5\u0022, \u0022unit\u0022: \u0022inch\u0022}""}",593ea211-b214-41fe-bcbb-2fd86eb1216e,6ac625a8-ce88-4c18-8e2b-93f5a7a1915b,Eastern Healer,Eastern Healer,{},xena--warrior-princess_1st-edition_eastern-healer
0d9a0f56-1eaf-412d-a3b5-79fcfd7aae1b,item,1,0,"{""obverse"": ""xena--warrior-princess_1st-edition_eastern-village"", ""reverse"": ""xena--warrior-princess_card-back""}","{""name_printed"": ""Eastern Village"", ""rarity"": ""Fixed"", ""number"": ""117"", ""type"": ""Resource"", ""color"": ""Green"", ""item_dimensions"": ""{\u0022height\u0022: \u00223.5\u0022, \u0022width\u0022: \u00222.5\u0022, \u0022unit\u0022: \u0022inch\u0022}""}",593ea211-b214-41fe-bcbb-2fd86eb1216e,6ac625a8-ce88-4c18-8e2b-93f5a7a1915b,Eastern Village,Eastern Village,{},xena--warrior-princess_1st-edition_eastern-village
f4341e1f-bf5e-410d-a6b3-b4e7d6072f70,item,1,0,"{""obverse"": ""xena--warrior-princess_1st-edition_elite-temple-guard"", ""reverse"": ""xena--warrior-princess_card-back""}","{""name_printed"": ""Elite Temple Guard"", ""rarity"": ""Rare"", ""number"": ""47"", ""type"": ""Character"", ""color"": ""Blue"", ""item_dimensions"": ""{\u0022height\u0022: \u00223.5\u0022, \u0022width\u0022: \u00222.5\u0022, \u0022unit\u0022: \u0022inch\u0022}""}",593ea211-b214-41fe-bcbb-2fd86eb1216e,6ac625a8-ce88-4c18-8e2b-93f5a7a1915b,Elite Temple Guard,Elite Temple Guard,{},xena--warrior-princess_1st-edition_elite-temple-guard
db406b78-5239-43a9-bc53-6068140a4350,item,1,0,"{""obverse"": ""xena--warrior-princess_1st-edition_enforced-peace"", ""reverse"": ""xena--warrior-princess_card-back""}","{""name_printed"": ""Enforced Peace"", ""rarity"": ""Uncommon"", ""number"": ""28"", ""type"": ""Action"", ""color"": ""Blue"", ""item_dimensions"": ""{\u0022height\u0022: \u00223.5\u0022, \u0022width\u0022: \u00222.5\u0022, \u0022unit\u0022: \u0022inch\u0022}""}",593ea211-b214-41fe-bcbb-2fd86eb1216e,6ac625a8-ce88-4c18-8e2b-93f5a7a1915b,Enforced Peace,Enforced Peace,{},xena--warrior-princess_1st-edition_enforced-peace
a7de770d-8d67-4812-954b-248fff501479,item,1,0,"{""obverse"": ""xena--warrior-princess_1st-edition_entrance-to-the-underworld"", ""reverse"": ""xena--warrior-princess_card-back""}","{""name_printed"": ""Entrance to the Underworld"", ""rarity"": ""Fixed"", ""number"": ""57"", ""type"": ""Resource"", ""color"": ""Blue"", ""item_dimensions"": ""{\u0022height\u0022: \u00223.5\u0022, \u0022width\u0022: \u00222.5\u0022, \u0022unit\u0022: \u0022inch\u0022}""}",593ea211-b214-41fe-bcbb-2fd86eb1216e,6ac625a8-ce88-4c18-8e2b-93f5a7a1915b,Entrance to the Underworld,Entrance to the Underworld,{},xena--warrior-princess_1st-edition_entrance-to-the-underworld
69a15b4c-3348-4f63-bbb4-7e55cdc627ac,item,1,0,"{""obverse"": ""xena--warrior-princess_1st-edition_expert-swordsman"", ""reverse"": ""xena--warrior-princess_card-back""}","{""name_printed"": ""Expert Swordsman"", ""rarity"": ""Uncommon"", ""number"": ""90"", ""type"": ""Character"", ""color"": ""Green"", ""item_dimensions"": ""{\u0022height\u0022: \u00223.5\u0022, \u0022width\u0022: \u00222.5\u0022, \u0022unit\u0022: \u0022inch\u0022}""}",593ea211-b214-41fe-bcbb-2fd86eb1216e,6ac625a8-ce88-4c18-8e2b-93f5a7a1915b,Expert Swordsman,Expert Swordsman,{},xena--warrior-princess_1st-edition_expert-swordsman
e8c5c186-3fea-4533-8d1e-8392f2d95829,item,1,0,"{""obverse"": ""xena--warrior-princess_1st-edition_extortionist"", ""reverse"": ""xena--warrior-princess_card-back""}","{""name_printed"": ""Extortionist"", ""rarity"": ""Uncommon"", ""number"": ""153"", ""type"": ""Character"", ""color"": ""Red"", ""item_dimensions"": ""{\u0022height\u0022: \u00223.5\u0022, \u0022width\u0022: \u00222.5\u0022, \u0022unit\u0022: \u0022inch\u0022}""}",593ea211-b214-41fe-bcbb-2fd86eb1216e,6ac625a8-ce88-4c18-8e2b-93f5a7a1915b,Extortionist,Extortionist,{},xena--warrior-princess_1st-edition_extortionist
e4e573ab-5fda-441f-aa4c-1c228171fa90,third-party,0,0,"{""obverse"": ""xena--warrior-princess_1st-edition_fake-chakram"", ""reverse"": ""xena--warrior-princess_card-back""}","{""name_printed"": ""Fake Chakram"", ""rarity"": ""Rare"", ""number"": ""99"", ""type"": ""Action"", ""color"": ""Green"", ""item_dimensions"": ""{\u0022height\u0022: \u00223.5\u0022, \u0022width\u0022: \u00222.5\u0022, \u0022unit\u0022: \u0022inch\u0022}""}",593ea211-b214-41fe-bcbb-2fd86eb1216e,6ac625a8-ce88-4c18-8e2b-93f5a7a1915b,Fake Chakram,Fake Chakram,{},xena--warrior-princess_1st-edition_fake-chakram
6ad0dfc9-0233-4f6d-b297-07815fe2cd33,item,1,0,"{""obverse"": ""xena--warrior-princess_1st-edition_fervent-warrior"", ""reverse"": ""xena--warrior-princess_card-back""}","{""name_printed"": ""Fervent Warrior"", ""rarity"": ""Uncommon"", ""number"": ""89"", ""type"": ""Character"", ""color"": ""Green"", ""item_dimensions"": ""{\u0022height\u0022: \u00223.5\u0022, \u0022width\u0022: \u00222.5\u0022, \u0022unit\u0022: \u0022inch\u0022}""}",593ea211-b214-41fe-bcbb-2fd86eb1216e,6ac625a8-ce88-4c18-8e2b-93f5a7a1915b,Fervent Warrior,Fervent Warrior,{},xena--warrior-princess_1st-edition_fervent-warrior
9b5bf345-7d76-4958-ad1f-109d0f1351f4,item,1,0,"{""obverse"": ""xena--warrior-princess_1st-edition_fighter-for-hire"", ""reverse"": ""xena--warrior-princess_card-back""}","{""name_printed"": ""Fighter-for-Hire"", ""rarity"": ""Common"", ""number"": ""130"", ""type"": ""Character"", ""color"": ""Red"", ""item_dimensions"": ""{\u0022height\u0022: \u00223.5\u0022, \u0022width\u0022: \u00222.5\u0022, \u0022unit\u0022: \u0022inch\u0022}""}",593ea211-b214-41fe-bcbb-2fd86eb1216e,6ac625a8-ce88-4c18-8e2b-93f5a7a1915b,Fighter-for-Hire,Fighter-for-Hire,{},xena--warrior-princess_1st-edition_fighter-for-hire
ada0cbe8-04ef-4b92-a270-1bf19682f1be,item,1,0,"{""obverse"": ""xena--warrior-princess_1st-edition_flaming-arrows"", ""reverse"": ""xena--warrior-princess_card-back""}","{""name_printed"": ""Flaming Arrows"", ""rarity"": ""Common"", ""number"": ""128"", ""type"": ""Action"", ""color"": ""Red"", ""item_dimensions"": ""{\u0022height\u0022: \u00223.5\u0022, \u0022width\u0022: \u00222.5\u0022, \u0022unit\u0022: \u0022inch\u0022}""}",593ea211-b214-41fe-bcbb-2fd86eb1216e,6ac625a8-ce88-4c18-8e2b-93f5a7a1915b,Flaming Arrows,Flaming Arrows,{},xena--warrior-princess_1st-edition_flaming-arrows
0b32b5c4-13be-41cd-9999-cf0bc58f0f6a,item,1,0,"{""obverse"": ""xena--warrior-princess_1st-edition_flying-daggers"", ""reverse"": ""xena--warrior-princess_card-back""}","{""name_printed"": ""Flying Daggers"", ""rarity"": ""Common"", ""number"": ""141"", ""type"": ""Combat"", ""color"": ""Red"", ""item_dimensions"": ""{\u0022height\u0022: \u00223.5\u0022, \u0022width\u0022: \u00222.5\u0022, \u0022unit\u0022: \u0022inch\u0022}""}",593ea211-b214-41fe-bcbb-2fd86eb1216e,6ac625a8-ce88-4c18-8e2b-93f5a7a1915b,Flying Daggers,Flying Daggers,{},xena--warrior-princess_1st-edition_flying-daggers
1bcc5f64-a2df-4c3b-a999-31c3234475d5,item,1,0,"{""obverse"": ""xena--warrior-princess_1st-edition_forgotten-temple"", ""reverse"": ""xena--warrior-princess_card-back""}","{""name_printed"": ""Forgotten Temple"", ""rarity"": ""Fixed"", ""number"": ""56"", ""type"": ""Resource"", ""color"": ""Blue"", ""item_dimensions"": ""{\u0022height\u0022: \u00223.5\u0022, \u0022width\u0022: \u00222.5\u0022, \u0022unit\u0022: \u0022inch\u0022}""}",593ea211-b214-41fe-bcbb-2fd86eb1216e,6ac625a8-ce88-4c18-8e2b-93f5a7a1915b,Forgotten Temple,Forgotten Temple,{},xena--warrior-princess_1st-edition_forgotten-temple
2bccf8b4-78c1-4c95-aada-dff53a1b999f,item,1,0,"{""obverse"": ""xena--warrior-princess_1st-edition_frying-pan-assault"", ""reverse"": ""xena--warrior-princess_card-back""}","{""name_printed"": ""Frying Pan Assault"", ""rarity"": ""Common"", ""number"": ""78"", ""type"": ""Combat"", ""color"": ""Green"", ""item_dimensions"": ""{\u0022height\u0022: \u00223.5\u0022, \u0022width\u0022: \u00222.5\u0022, \u0022unit\u0022: \u0022inch\u0022}""}",593ea211-b214-41fe-bcbb-2fd86eb1216e,6ac625a8-ce88-4c18-8e2b-93f5a7a1915b,Frying Pan Assault,Frying Pan Assault,{},xena--warrior-princess_1st-edition_frying-pan-assault
0684b3dd-e1f2-4923-8f96-f87b589a8ce7,item,1,0,"{""obverse"": ""xena--warrior-princess_1st-edition_furies'-madness"", ""reverse"": ""xena--warrior-princess_card-back""}","{""name_printed"": ""Furies' Madness"", ""rarity"": ""Common"", ""number"": ""8"", ""type"": ""Action"", ""color"": ""Blue"", ""item_dimensions"": ""{\u0022height\u0022: \u00223.5\u0022, \u0022width\u0022: \u00222.5\u0022, \u0022unit\u0022: \u0022inch\u0022}""}",593ea211-b214-41fe-bcbb-2fd86eb1216e,6ac625a8-ce88-4c18-8e2b-93f5a7a1915b,Furies' Madness,Furies' Madness,{},xena--warrior-princess_1st-edition_furies'-madness
f7352fd2-56bc-4b27-9047-84f8bd3baaf9,item,1,0,"{""obverse"": ""xena--warrior-princess_1st-edition_gabby's-little-stick"", ""reverse"": ""xena--warrior-princess_card-back""}","{""name_printed"": ""Gabby's Little Stick"", ""rarity"": ""Common"", ""number"": ""77"", ""type"": ""Combat"", ""color"": ""Green"", ""item_dimensions"": ""{\u0022height\u0022: \u00223.5\u0022, \u0022width\u0022: \u00222.5\u0022, \u0022unit\u0022: \u0022inch\u0022}""}",593ea211-b214-41fe-bcbb-2fd86eb1216e,6ac625a8-ce88-4c18-8e2b-93f5a7a1915b,Gabby's Little Stick,Gabby's Little Stick,{},xena--warrior-princess_1st-edition_gabby's-little-stick
d6afe0e7-fa33-444b-bbf8-bbe077c0da94,third-party,0,0,"{""obverse"": ""xena--warrior-princess_1st-edition_gabrielle"", ""reverse"": ""xena--warrior-princess_card-back""}","{""name_printed"": ""Gabrielle"", ""rarity"": ""Rare"", ""number"": ""107"", ""type"": ""Character"", ""color"": ""Green"", ""item_dimensions"": ""{\u0022height\u0022: \u00223.5\u0022, \u0022width\u0022: \u00222.5\u0022, \u0022unit\u0022: \u0022inch\u0022}""}",593ea211-b214-41fe-bcbb-2fd86eb1216e,6ac625a8-ce88-4c18-8e2b-93f5a7a1915b,Gabrielle,Gabrielle,{},xena--warrior-princess_1st-edition_gabrielle
08caf113-c145-4abf-a2ba-313b698bdd90,item,1,0,"{""obverse"": ""xena--warrior-princess_1st-edition_gabrielle-misleads"", ""reverse"": ""xena--warrior-princess_card-back""}","{""name_printed"": ""Gabrielle Misleads"", ""rarity"": ""Uncommon"", ""number"": ""83"", ""type"": ""Action"", ""color"": ""Green"", ""item_dimensions"": ""{\u0022height\u0022: \u00223.5\u0022, \u0022width\u0022: \u00222.5\u0022, \u0022unit\u0022: \u0022inch\u0022}""}",593ea211-b214-41fe-bcbb-2fd86eb1216e,6ac625a8-ce88-4c18-8e2b-93f5a7a1915b,Gabrielle Misleads,Gabrielle Misleads,{},xena--warrior-princess_1st-edition_gabrielle-misleads
f20c04b8-cafe-4972-8ef9-927de73ba79e,item,1,0,"{""obverse"": ""xena--warrior-princess_1st-edition_gabrielle's-orders"", ""reverse"": ""xena--warrior-princess_card-back""}","{""name_printed"": ""Gabrielle's Orders"", ""rarity"": ""Uncommon"", ""number"": ""96"", ""type"": ""Combat"", ""color"": ""Green"", ""item_dimensions"": ""{\u0022height\u0022: \u00223.5\u0022, \u0022width\u0022: \u00222.5\u0022, \u0022unit\u0022: \u0022inch\u0022}""}",593ea211-b214-41fe-bcbb-2fd86eb1216e,6ac625a8-ce88-4c18-8e2b-93f5a7a1915b,Gabrielle's Orders,Gabrielle's Orders,{},xena--warrior-princess_1st-edition_gabrielle's-orders
8e008fad-1893-412a-ac6f-cf6503cf32f6,item,1,0,"{""obverse"": ""xena--warrior-princess_1st-edition_gallic-slave"", ""reverse"": ""xena--warrior-princess_card-back""}","{""name_printed"": ""Gallic Slave"", ""rarity"": ""Common"", ""number"": ""76"", ""type"": ""Character"", ""color"": ""Green"", ""item_dimensions"": ""{\u0022height\u0022: \u00223.5\u0022, \u0022width\u0022: \u00222.5\u0022, \u0022unit\u0022: \u0022inch\u0022}""}",593ea211-b214-41fe-bcbb-2fd86eb1216e,6ac625a8-ce88-4c18-8e2b-93f5a7a1915b,Gallic Slave,Gallic Slave,{},xena--warrior-princess_1st-edition_gallic-slave
8f1108fa-fad2-434b-8d18-70ca45f5029b,item,1,0,"{""obverse"": ""xena--warrior-princess_1st-edition_gate-guard"", ""reverse"": ""xena--warrior-princess_card-back""}","{""name_printed"": ""Gate Guard"", ""rarity"": ""Common"", ""number"": ""9"", ""type"": ""Character"", ""color"": ""Blue"", ""item_dimensions"": ""{\u0022height\u0022: \u00223.5\u0022, \u0022width\u0022: \u00222.5\u0022, \u0022unit\u0022: \u0022inch\u0022}""}",593ea211-b214-41fe-bcbb-2fd86eb1216e,6ac625a8-ce88-4c18-8e2b-93f5a7a1915b,Gate Guard,Gate Guard,{},xena--warrior-princess_1st-edition_gate-guard
db4590f7-57b0-47d2-9ade-ed66b84b4754,item,1,0,"{""obverse"": ""xena--warrior-princess_1st-edition_ghostly-messenger"", ""reverse"": ""xena--warrior-princess_card-back""}","{""name_printed"": ""Ghostly Messenger"", ""rarity"": ""Rare"", ""number"": ""45"", ""type"": ""Character"", ""color"": ""Blue"", ""item_dimensions"": ""{\u0022height\u0022: \u00223.5\u0022, \u0022width\u0022: \u00222.5\u0022, \u0022unit\u0022: \u0022inch\u0022}""}",593ea211-b214-41fe-bcbb-2fd86eb1216e,6ac625a8-ce88-4c18-8e2b-93f5a7a1915b,Ghostly Messenger,Ghostly Messenger,{},xena--warrior-princess_1st-edition_ghostly-messenger
dc3dbda3-0383-472a-913c-7e98b758b5bb,item,1,0,"{""obverse"": ""xena--warrior-princess_1st-edition_giants'-burial-ground"", ""reverse"": ""xena--warrior-princess_card-back""}","{""name_printed"": ""Giants' Burial Ground"", ""rarity"": ""Fixed"", ""number"": ""60"", ""type"": ""Resource"", ""color"": ""Blue"", ""item_dimensions"": ""{\u0022height\u0022: \u00223.5\u0022, \u0022width\u0022: \u00222.5\u0022, \u0022unit\u0022: \u0022inch\u0022}""}",593ea211-b214-41fe-bcbb-2fd86eb1216e,6ac625a8-ce88-4c18-8e2b-93f5a7a1915b,Giants' Burial Ground,Giants' Burial Ground,{},xena--warrior-princess_1st-edition_giants'-burial-ground
4dc8b8f3-2f7d-4e5d-8af9-315661869c00,item,1,0,"{""obverse"": ""xena--warrior-princess_1st-edition_gift-of-the-gods"", ""reverse"": ""xena--warrior-princess_card-back""}","{""name_printed"": ""Gift of the Gods"", ""rarity"": ""Common"", ""number"": ""1"", ""type"": ""Action"", ""color"": ""Blue"", ""item_dimensions"": ""{\u0022height\u0022: \u00223.5\u0022, \u0022width\u0022: \u00222.5\u0022, \u0022unit\u0022: \u0022inch\u0022}""}",593ea211-b214-41fe-bcbb-2fd86eb1216e,6ac625a8-ce88-4c18-8e2b-93f5a7a1915b,Gift of the Gods,Gift of the Gods,{},xena--warrior-princess_1st-edition_gift-of-the-gods
10627cc9-10d7-4950-b162-98940b54dc6b,item,1,0,"{""obverse"": ""xena--warrior-princess_1st-edition_grand-bazaar"", ""reverse"": ""xena--warrior-princess_card-back""}","{""name_printed"": ""Grand Bazaar"", ""rarity"": ""Fixed"", ""number"": ""179"", ""type"": ""Resource"", ""color"": ""Red"", ""item_dimensions"": ""{\u0022height\u0022: \u00223.5\u0022, \u0022width\u0022: \u00222.5\u0022, \u0022unit\u0022: \u0022inch\u0022}""}",593ea211-b214-41fe-bcbb-2fd86eb1216e,6ac625a8-ce88-4c18-8e2b-93f5a7a1915b,Grand Bazaar,Grand Bazaar,{},xena--warrior-princess_1st-edition_grand-bazaar
448ad51c-dd08-4f98-98ba-57d2428b1d7e,item,1,0,"{""obverse"": ""xena--warrior-princess_1st-edition_greek-fighter"", ""reverse"": ""xena--warrior-princess_card-back""}","{""name_printed"": ""Greek Fighter"", ""rarity"": ""Common"", ""number"": ""66"", ""type"": ""Character"", ""color"": ""Green"", ""item_dimensions"": ""{\u0022height\u0022: \u00223.5\u0022, \u0022width\u0022: \u00222.5\u0022, \u0022unit\u0022: \u0022inch\u0022}""}",593ea211-b214-41fe-bcbb-2fd86eb1216e,6ac625a8-ce88-4c18-8e2b-93f5a7a1915b,Greek Fighter,Greek Fighter,{},xena--warrior-princess_1st-edition_greek-fighter
9399debe-1f3b-4a62-ac9d-ee166ce715ef,item,1,0,"{""obverse"": ""xena--warrior-princess_1st-edition_greek-forest"", ""reverse"": ""xena--warrior-princess_card-back""}","{""name_printed"": ""Greek Forest"", ""rarity"": ""Fixed"", ""number"": ""119"", ""type"": ""Resource"", ""color"": ""Green"", ""item_dimensions"": ""{\u0022height\u0022: \u00223.5\u0022, \u0022width\u0022: \u00222.5\u0022, \u0022unit\u0022: \u0022inch\u0022}""}",593ea211-b214-41fe-bcbb-2fd86eb1216e,6ac625a8-ce88-4c18-8e2b-93f5a7a1915b,Greek Forest,Greek Forest,{},xena--warrior-princess_1st-edition_greek-forest
682e7121-98cb-45c4-ae4e-66fa1a9f32e6,item,1,0,"{""obverse"": ""xena--warrior-princess_1st-edition_hammer-lock"", ""reverse"": ""xena--warrior-princess_card-back""}","{""name_printed"": ""Hammer Lock"", ""rarity"": ""Uncommon"", ""number"": ""82"", ""type"": ""Action"", ""color"": ""Green"", ""item_dimensions"": ""{\u0022height\u0022: \u00223.5\u0022, \u0022width\u0022: \u00222.5\u0022, \u0022unit\u0022: \u0022inch\u0022}""}",593ea211-b214-41fe-bcbb-2fd86eb1216e,6ac625a8-ce88-4c18-8e2b-93f5a7a1915b,Hammer Lock,Hammer Lock,{},xena--warrior-princess_1st-edition_hammer-lock
5b38123c-d0ad-475b-a171-e8b3176c5baf,third-party,0,0,"{""obverse"": ""xena--warrior-princess_1st-edition_helen-of-troy"", ""reverse"": ""xena--warrior-princess_card-back""}","{""name_printed"": ""Helen of Troy"", ""rarity"": ""Rare"", ""number"": ""105"", ""type"": ""Character"", ""color"": ""Green"", ""item_dimensions"": ""{\u0022height\u0022: \u00223.5\u0022, \u0022width\u0022: \u00222.5\u0022, \u0022unit\u0022: \u0022inch\u0022}""}",593ea211-b214-41fe-bcbb-2fd86eb1216e,6ac625a8-ce88-4c18-8e2b-93f5a7a1915b,Helen of Troy,Helen of Troy,{},xena--warrior-princess_1st-edition_helen-of-troy
dcdfeb97-e839-4404-8f8f-aed3a5335164,item,1,0,"{""obverse"": ""xena--warrior-princess_1st-edition_hired-giant"", ""reverse"": ""xena--warrior-princess_card-back""}","{""name_printed"": ""Hired Giant"", ""rarity"": ""Uncommon"", ""number"": ""158"", ""type"": ""Character"", ""color"": ""Red"", ""item_dimensions"": ""{\u0022height\u0022: \u00223.5\u0022, \u0022width\u0022: \u00222.5\u0022, \u0022unit\u0022: \u0022inch\u0022}""}",593ea211-b214-41fe-bcbb-2fd86eb1216e,6ac625a8-ce88-4c18-8e2b-93f5a7a1915b,Hired Giant,Hired Giant,{},xena--warrior-princess_1st-edition_hired-giant
cba9709f-f2d3-4acc-80ec-3aab98050371,item,1,0,"{""obverse"": ""xena--warrior-princess_1st-edition_horde-leader"", ""reverse"": ""xena--warrior-princess_card-back""}","{""name_printed"": ""Horde Leader"", ""rarity"": ""Common"", ""number"": ""75"", ""type"": ""Character"", ""color"": ""Green"", ""item_dimensions"": ""{\u0022height\u0022: \u00223.5\u0022, \u0022width\u0022: \u00222.5\u0022, \u0022unit\u0022: \u0022inch\u0022}""}",593ea211-b214-41fe-bcbb-2fd86eb1216e,6ac625a8-ce88-4c18-8e2b-93f5a7a1915b,Horde Leader,Horde Leader,{},xena--warrior-princess_1st-edition_horde-leader
f5176fc6-a7d2-435a-b991-d696b62c2994,item,1,0,"{""obverse"": ""xena--warrior-princess_1st-edition_horde-squad"", ""reverse"": ""xena--warrior-princess_card-back""}","{""name_printed"": ""Horde Squad"", ""rarity"": ""Common"", ""number"": ""139"", ""type"": ""Character"", ""color"": ""Red"", ""item_dimensions"": ""{\u0022height\u0022: \u00223.5\u0022, \u0022width\u0022: \u00222.5\u0022, \u0022unit\u0022: \u0022inch\u0022}""}",593ea211-b214-41fe-bcbb-2fd86eb1216e,6ac625a8-ce88-4c18-8e2b-93f5a7a1915b,Horde Squad,Horde Squad,{},xena--warrior-princess_1st-edition_horde-squad
9579e586-38f9-4fd6-a69a-96815372ae38,item,1,0,"{""obverse"": ""xena--warrior-princess_1st-edition_inside-man"", ""reverse"": ""xena--warrior-princess_card-back""}","{""name_printed"": ""Inside Man"", ""rarity"": ""Rare"", ""number"": ""104"", ""type"": ""Character"", ""color"": ""Green"", ""item_dimensions"": ""{\u0022height\u0022: \u00223.5\u0022, \u0022width\u0022: \u00222.5\u0022, \u0022unit\u0022: \u0022inch\u0022}""}",593ea211-b214-41fe-bcbb-2fd86eb1216e,6ac625a8-ce88-4c18-8e2b-93f5a7a1915b,Inside Man,Inside Man,{},xena--warrior-princess_1st-edition_inside-man
577ec2f3-bf11-424d-9f98-9e454bdd2fac,item,1,0,"{""obverse"": ""xena--warrior-princess_1st-edition_interior-desecrators"", ""reverse"": ""xena--warrior-princess_card-back""}","{""name_printed"": ""Interior Desecrators"", ""rarity"": ""Rare"", ""number"": ""168"", ""type"": ""Character"", ""color"": ""Red"", ""item_dimensions"": ""{\u0022height\u0022: \u00223.5\u0022, \u0022width\u0022: \u00222.5\u0022, \u0022unit\u0022: \u0022inch\u0022}""}",593ea211-b214-41fe-bcbb-2fd86eb1216e,6ac625a8-ce88-4c18-8e2b-93f5a7a1915b,Interior Desecrators,Interior Desecrators,{},xena--warrior-princess_1st-edition_interior-desecrators
1d39b1c5-012d-4294-b109-bd9d03d08abd,item,1,0,"{""obverse"": ""xena--warrior-princess_1st-edition_jolly-ol'-toymaker"", ""reverse"": ""xena--warrior-princess_card-back""}","{""name_printed"": ""Jolly Ol' Toymaker"", ""rarity"": ""Uncommon"", ""number"": ""87"", ""type"": ""Character"", ""color"": ""Green"", ""item_dimensions"": ""{\u0022height\u0022: \u00223.5\u0022, \u0022width\u0022: \u00222.5\u0022, \u0022unit\u0022: \u0022inch\u0022}""}",593ea211-b214-41fe-bcbb-2fd86eb1216e,6ac625a8-ce88-4c18-8e2b-93f5a7a1915b,Jolly Ol' Toymaker,Jolly Ol' Toymaker,{},xena--warrior-princess_1st-edition_jolly-ol'-toymaker
dd8be413-0521-466d-9d43-f6b0a5d315e1,item,1,0,"{""obverse"": ""xena--warrior-princess_1st-edition_knight-of-the-pierced-heart"", ""reverse"": ""xena--warrior-princess_card-back""}","{""name_printed"": ""Knight of the Pierced Heart"", ""rarity"": ""Common"", ""number"": ""138"", ""type"": ""Character"", ""color"": ""Red"", ""item_dimensions"": ""{\u0022height\u0022: \u00223.5\u0022, \u0022width\u0022: \u00222.5\u0022, \u0022unit\u0022: \u0022inch\u0022}""}",593ea211-b214-41fe-bcbb-2fd86eb1216e,6ac625a8-ce88-4c18-8e2b-93f5a7a1915b,Knight of the Pierced Heart,Knight of the Pierced Heart,{},xena--warrior-princess_1st-edition_knight-of-the-pierced-heart
b98f4637-3edb-4f32-9638-a96ae4ebce93,item,1,0,"{""obverse"": ""xena--warrior-princess_1st-edition_left-for-dead"", ""reverse"": ""xena--warrior-princess_card-back""}","{""name_printed"": ""Left for Dead"", ""rarity"": ""Common"", ""number"": ""61"", ""type"": ""Action"", ""color"": ""Green"", ""item_dimensions"": ""{\u0022height\u0022: \u00223.5\u0022, \u0022width\u0022: \u00222.5\u0022, \u0022unit\u0022: \u0022inch\u0022}""}",593ea211-b214-41fe-bcbb-2fd86eb1216e,6ac625a8-ce88-4c18-8e2b-93f5a7a1915b,Left for Dead,Left for Dead,{},xena--warrior-princess_1st-edition_left-for-dead
8d5c695f-238b-4e12-ac5e-9d78471b5fd9,item,1,0,"{""obverse"": ""xena--warrior-princess_1st-edition_legbreaker"", ""reverse"": ""xena--warrior-princess_card-back""}","{""name_printed"": ""Legbreaker"", ""rarity"": ""Common"", ""number"": ""67"", ""type"": ""Character"", ""color"": ""Green"", ""item_dimensions"": ""{\u0022height\u0022: \u00223.5\u0022, \u0022width\u0022: \u00222.5\u0022, \u0022unit\u0022: \u0022inch\u0022}""}",593ea211-b214-41fe-bcbb-2fd86eb1216e,6ac625a8-ce88-4c18-8e2b-93f5a7a1915b,Legbreaker,Legbreaker,{},xena--warrior-princess_1st-edition_legbreaker
7dc3b2a7-504d-47be-8669-6b07c00634db,item,1,0,"{""obverse"": ""xena--warrior-princess_1st-edition_liaison-with-ares"", ""reverse"": ""xena--warrior-princess_card-back""}","{""name_printed"": ""Liaison with Ares"", ""rarity"": ""Uncommon"", ""number"": ""23"", ""type"": ""Action"", ""color"": ""Blue"", ""item_dimensions"": ""{\u0022height\u0022: \u00223.5\u0022, \u0022width\u0022: \u00222.5\u0022, \u0022unit\u0022: \u0022inch\u0022}""}",593ea211-b214-41fe-bcbb-2fd86eb1216e,6ac625a8-ce88-4c18-8e2b-93f5a7a1915b,Liaison with Ares,Liaison with Ares,{},xena--warrior-princess_1st-edition_liaison-with-ares
9a2cd2f1-6abc-4cd4-9b69-2c9641482236,item,1,0,"{""obverse"": ""xena--warrior-princess_1st-edition_liquor-and-flame!"", ""reverse"": ""xena--warrior-princess_card-back""}","{""name_printed"": ""Liquor and Flame!"", ""rarity"": ""Uncommon"", ""number"": ""144"", ""type"": ""Action"", ""color"": ""Red"", ""item_dimensions"": ""{\u0022height\u0022: \u00223.5\u0022, \u0022width\u0022: \u00222.5\u0022, \u0022unit\u0022: \u0022inch\u0022}""}",593ea211-b214-41fe-bcbb-2fd86eb1216e,6ac625a8-ce88-4c18-8e2b-93f5a7a1915b,Liquor and Flame!,Liquor and Flame!,{},xena--warrior-princess_1st-edition_liquor-and-flame!
afad12b8-e6c1-479a-b79e-7c97dabbcca6,item,1,0,"{""obverse"": ""xena--warrior-princess_1st-edition_little-baby-godling"", ""reverse"": ""xena--warrior-princess_card-back""}","{""name_printed"": ""Little Baby Godling"", ""rarity"": ""Common"", ""number"": ""16"", ""type"": ""Character"", ""color"": ""Blue"", ""item_dimensions"": ""{\u0022height\u0022: \u00223.5\u0022, \u0022width\u0022: \u00222.5\u0022, \u0022unit\u0022: \u0022inch\u0022}""}",593ea211-b214-41fe-bcbb-2fd86eb1216e,6ac625a8-ce88-4c18-8e2b-93f5a7a1915b,Little Baby Godling,Little Baby Godling,{},xena--warrior-princess_1st-edition_little-baby-godling
901f6a99-a11d-450b-8cc4-05d29a561799,item,1,0,"{""obverse"": ""xena--warrior-princess_1st-edition_lizard-warriors"", ""reverse"": ""xena--warrior-princess_card-back""}","{""name_printed"": ""Lizard Warriors"", ""rarity"": ""Common"", ""number"": ""4"", ""type"": ""Character"", ""color"": ""Blue"", ""item_dimensions"": ""{\u0022height\u0022: \u00223.5\u0022, \u0022width\u0022: \u00222.5\u0022, \u0022unit\u0022: \u0022inch\u0022}""}",593ea211-b214-41fe-bcbb-2fd86eb1216e,6ac625a8-ce88-4c18-8e2b-93f5a7a1915b,Lizard Warriors,Lizard Warriors,{},xena--warrior-princess_1st-edition_lizard-warriors
eddc176f-9cdb-4671-9436-c029000b1533,item,1,0,"{""obverse"": ""xena--warrior-princess_1st-edition_longbow-archers"", ""reverse"": ""xena--warrior-princess_card-back""}","{""name_printed"": ""Longbow Archers"", ""rarity"": ""Common"", ""number"": ""133"", ""type"": ""Character"", ""color"": ""Red"", ""item_dimensions"": ""{\u0022height\u0022: \u00223.5\u0022, \u0022width\u0022: \u00222.5\u0022, \u0022unit\u0022: \u0022inch\u0022}""}",593ea211-b214-41fe-bcbb-2fd86eb1216e,6ac625a8-ce88-4c18-8e2b-93f5a7a1915b,Longbow Archers,Longbow Archers,{},xena--warrior-princess_1st-edition_longbow-archers
050ac548-6657-4b91-af60-16e80702ed75,item,1,0,"{""obverse"": ""xena--warrior-princess_1st-edition_looking-for-wounds"", ""reverse"": ""xena--warrior-princess_card-back""}","{""name_printed"": ""Looking for Wounds"", ""rarity"": ""Common"", ""number"": ""2"", ""type"": ""Action"", ""color"": ""Blue"", ""item_dimensions"": ""{\u0022height\u0022: \u00223.5\u0022, \u0022width\u0022: \u00222.5\u0022, \u0022unit\u0022: \u0022inch\u0022}""}",593ea211-b214-41fe-bcbb-2fd86eb1216e,6ac625a8-ce88-4c18-8e2b-93f5a7a1915b,Looking for Wounds,Looking for Wounds,{},xena--warrior-princess_1st-edition_looking-for-wounds
1c67086b-41be-4f90-8ff9-9a8ad9359452,item,1,0,"{""obverse"": ""xena--warrior-princess_1st-edition_lynch-mob"", ""reverse"": ""xena--warrior-princess_card-back""}","{""name_printed"": ""Lynch Mob"", ""rarity"": ""Common"", ""number"": ""74"", ""type"": ""Character"", ""color"": ""Green"", ""item_dimensions"": ""{\u0022height\u0022: \u00223.5\u0022, \u0022width\u0022: \u00222.5\u0022, \u0022unit\u0022: \u0022inch\u0022}""}",593ea211-b214-41fe-bcbb-2fd86eb1216e,6ac625a8-ce88-4c18-8e2b-93f5a7a1915b,Lynch Mob,Lynch Mob,{},xena--warrior-princess_1st-edition_lynch-mob
c6a6e0ed-aa94-4ee4-9552-93a4830fae28,item,1,0,"{""obverse"": ""xena--warrior-princess_1st-edition_major-jealousy-rage"", ""reverse"": ""xena--warrior-princess_card-back""}","{""name_printed"": ""Major Jealousy Rage"", ""rarity"": ""Common"", ""number"": ""19"", ""type"": ""Combat"", ""color"": ""Blue"", ""item_dimensions"": ""{\u0022height\u0022: \u00223.5\u0022, \u0022width\u0022: \u00222.5\u0022, \u0022unit\u0022: \u0022inch\u0022}""}",593ea211-b214-41fe-bcbb-2fd86eb1216e,6ac625a8-ce88-4c18-8e2b-93f5a7a1915b,Major Jealousy Rage,Major Jealousy Rage,{},xena--warrior-princess_1st-edition_major-jealousy-rage
61e7c735-ef4e-43a7-b2d9-f9ba44313ad1,item,1,0,"{""obverse"": ""xena--warrior-princess_1st-edition_meleager-the-mighty"", ""reverse"": ""xena--warrior-princess_card-back""}","{""name_printed"": ""Meleager the Mighty"", ""rarity"": ""Rare"", ""number"": ""171"", ""type"": ""Character"", ""color"": ""Red"", ""item_dimensions"": ""{\u0022height\u0022: \u00223.5\u0022, \u0022width\u0022: \u00222.5\u0022, \u0022unit\u0022: \u0022inch\u0022}""}",593ea211-b214-41fe-bcbb-2fd86eb1216e,6ac625a8-ce88-4c18-8e2b-93f5a7a1915b,Meleager the Mighty,Meleager the Mighty,{},xena--warrior-princess_1st-edition_meleager-the-mighty
a9a731aa-03d8-4cf2-b05e-ac6c087ec500,item,1,0,"{""obverse"": ""xena--warrior-princess_1st-edition_merchant-port"", ""reverse"": ""xena--warrior-princess_card-back""}","{""name_printed"": ""Merchant Port"", ""rarity"": ""Fixed"", ""number"": ""176"", ""type"": ""Resource"", ""color"": ""Red"", ""item_dimensions"": ""{\u0022height\u0022: \u00223.5\u0022, \u0022width\u0022: \u00222.5\u0022, \u0022unit\u0022: \u0022inch\u0022}""}",593ea211-b214-41fe-bcbb-2fd86eb1216e,6ac625a8-ce88-4c18-8e2b-93f5a7a1915b,Merchant Port,Merchant Port,{},xena--warrior-princess_1st-edition_merchant-port
c051cb6d-ab85-4c37-95ce-83aab0935883,item,1,0,"{""obverse"": ""xena--warrior-princess_1st-edition_mischief"", ""reverse"": ""xena--warrior-princess_card-back""}","{""name_printed"": ""Mischief"", ""rarity"": ""Common"", ""number"": ""20"", ""type"": ""Combat"", ""color"": ""Blue"", ""item_dimensions"": ""{\u0022height\u0022: \u00223.5\u0022, \u0022width\u0022: \u00222.5\u0022, \u0022unit\u0022: \u0022inch\u0022}""}",593ea211-b214-41fe-bcbb-2fd86eb1216e,6ac625a8-ce88-4c18-8e2b-93f5a7a1915b,Mischief,Mischief,{},xena--warrior-princess_1st-edition_mischief
1673c557-ba8c-4d05-b235-d1aa43d1b5ff,item,1,0,"{""obverse"": ""xena--warrior-princess_1st-edition_mystic-priest"", ""reverse"": ""xena--warrior-princess_card-back""}","{""name_printed"": ""Mystic Priest"", ""rarity"": ""Uncommon"", ""number"": ""33"", ""type"": ""Character"", ""color"": ""Blue"", ""item_dimensions"": ""{\u0022height\u0022: \u00223.5\u0022, \u0022width\u0022: \u00222.5\u0022, \u0022unit\u0022: \u0022inch\u0022}""}",593ea211-b214-41fe-bcbb-2fd86eb1216e,6ac625a8-ce88-4c18-8e2b-93f5a7a1915b,Mystic Priest,Mystic Priest,{},xena--warrior-princess_1st-edition_mystic-priest
5df55f3a-ff54-4d25-8bf3-9c41563b3c3b,item,1,0,"{""obverse"": ""xena--warrior-princess_1st-edition_mystic-tutor"", ""reverse"": ""xena--warrior-princess_card-back""}","{""name_printed"": ""Mystic Tutor"", ""rarity"": ""Rare"", ""number"": ""108"", ""type"": ""Character"", ""color"": ""Green"", ""item_dimensions"": ""{\u0022height\u0022: \u00223.5\u0022, \u0022width\u0022: \u00222.5\u0022, \u0022unit\u0022: \u0022inch\u0022}""}",593ea211-b214-41fe-bcbb-2fd86eb1216e,6ac625a8-ce88-4c18-8e2b-93f5a7a1915b,Mystic Tutor,Mystic Tutor,{},xena--warrior-princess_1st-edition_mystic-tutor
6afdd63a-2e1a-4f10-9936-ae259c904ff0,item,1,0,"{""obverse"": ""xena--warrior-princess_1st-edition_nothing-is-impossible"", ""reverse"": ""xena--warrior-princess_card-back""}","{""name_printed"": ""Nothing Is Impossible"", ""rarity"": ""Rare"", ""number"": ""115"", ""type"": ""Combat"", ""color"": ""Green"", ""item_dimensions"": ""{\u0022height\u0022: \u00223.5\u0022, \u0022width\u0022: \u00222.5\u0022, \u0022unit\u0022: \u0022inch\u0022}""}",593ea211-b214-41fe-bcbb-2fd86eb1216e,6ac625a8-ce88-4c18-8e2b-93f5a7a1915b,Nothing Is Impossible,Nothing Is Impossible,{},xena--warrior-princess_1st-edition_nothing-is-impossible
b541c508-ebe9-468c-9471-36060d7b22d4,item,1,0,"{""obverse"": ""xena--warrior-princess_1st-edition_outlying-village"", ""reverse"": ""xena--warrior-princess_card-back""}","{""name_printed"": ""Outlying Village"", ""rarity"": ""Fixed"", ""number"": ""118"", ""type"": ""Resource"", ""color"": ""Green"", ""item_dimensions"": ""{\u0022height\u0022: \u00223.5\u0022, \u0022width\u0022: \u00222.5\u0022, \u0022unit\u0022: \u0022inch\u0022}""}",593ea211-b214-41fe-bcbb-2fd86eb1216e,6ac625a8-ce88-4c18-8e2b-93f5a7a1915b,Outlying Village,Outlying Village,{},xena--warrior-princess_1st-edition_outlying-village
7c44c7b4-a36b-463f-8070-a7c9c522df1b,item,1,0,"{""obverse"": ""xena--warrior-princess_1st-edition_overprotective-father"", ""reverse"": ""xena--warrior-princess_card-back""}","{""name_printed"": ""Overprotective Father"", ""rarity"": ""Common"", ""number"": ""135"", ""type"": ""Character"", ""color"": ""Red"", ""item_dimensions"": ""{\u0022height\u0022: \u00223.5\u0022, \u0022width\u0022: \u00222.5\u0022, \u0022unit\u0022: \u0022inch\u0022}""}",593ea211-b214-41fe-bcbb-2fd86eb1216e,6ac625a8-ce88-4c18-8e2b-93f5a7a1915b,Overprotective Father,Overprotective Father,{},xena--warrior-princess_1st-edition_overprotective-father
fc1e93f4-3d30-4f36-9316-8619a5b68763,third-party,0,0,"{""obverse"": ""xena--warrior-princess_1st-edition_pacified"", ""reverse"": ""xena--warrior-princess_card-back""}","{""name_printed"": ""Pacified"", ""rarity"": ""Rare"", ""number"": ""53"", ""type"": ""Combat"", ""color"": ""Blue"", ""item_dimensions"": ""{\u0022height\u0022: \u00223.5\u0022, \u0022width\u0022: \u00222.5\u0022, \u0022unit\u0022: \u0022inch\u0022}""}",593ea211-b214-41fe-bcbb-2fd86eb1216e,6ac625a8-ce88-4c18-8e2b-93f5a7a1915b,Pacified,Pacified,{},xena--warrior-princess_1st-edition_pacified
5d8ca02e-46be-42f8-828c-627f54e23855,item,1,0,"{""obverse"": ""xena--warrior-princess_1st-edition_path-of-morpheus"", ""reverse"": ""xena--warrior-princess_card-back""}","{""name_printed"": ""Path of Morpheus"", ""rarity"": ""Uncommon"", ""number"": ""25"", ""type"": ""Action"", ""color"": ""Blue"", ""item_dimensions"": ""{\u0022height\u0022: \u00223.5\u0022, \u0022width\u0022: \u00222.5\u0022, \u0022unit\u0022: \u0022inch\u0022}""}",593ea211-b214-41fe-bcbb-2fd86eb1216e,6ac625a8-ce88-4c18-8e2b-93f5a7a1915b,Path of Morpheus,Path of Morpheus,{},xena--warrior-princess_1st-edition_path-of-morpheus
6b1352a7-1d33-4442-8499-acc55c7b5e62,item,1,0,"{""obverse"": ""xena--warrior-princess_1st-edition_peasant-village"", ""reverse"": ""xena--warrior-princess_card-back""}","{""name_printed"": ""Peasant Village"", ""rarity"": ""Fixed"", ""number"": ""116"", ""type"": ""Resource"", ""color"": ""Green"", ""item_dimensions"": ""{\u0022height\u0022: \u00223.5\u0022, \u0022width\u0022: \u00222.5\u0022, \u0022unit\u0022: \u0022inch\u0022}""}",593ea211-b214-41fe-bcbb-2fd86eb1216e,6ac625a8-ce88-4c18-8e2b-93f5a7a1915b,Peasant Village,Peasant Village,{},xena--warrior-princess_1st-edition_peasant-village
8c5450ff-e7aa-44f8-a614-80100b0cdd06,item,1,0,"{""obverse"": ""xena--warrior-princess_1st-edition_poseidon's-offer"", ""reverse"": ""xena--warrior-princess_card-back""}","{""name_printed"": ""Poseidon's Offer"", ""rarity"": ""Rare"", ""number"": ""41"", ""type"": ""Action"", ""color"": ""Blue"", ""item_dimensions"": ""{\u0022height\u0022: \u00223.5\u0022, \u0022width\u0022: \u00222.5\u0022, \u0022unit\u0022: \u0022inch\u0022}""}",593ea211-b214-41fe-bcbb-2fd86eb1216e,6ac625a8-ce88-4c18-8e2b-93f5a7a1915b,Poseidon's Offer,Poseidon's Offer,{},xena--warrior-princess_1st-edition_poseidon's-offer
3c227a43-be8e-4ebd-846e-89436dbfdefc,item,1,0,"{""obverse"": ""xena--warrior-princess_1st-edition_poseidon's-whirlpool"", ""reverse"": ""xena--warrior-princess_card-back""}","{""name_printed"": ""Poseidon's Whirlpool"", ""rarity"": ""Uncommon"", ""number"": ""29"", ""type"": ""Action"", ""color"": ""Blue"", ""item_dimensions"": ""{\u0022height\u0022: \u00223.5\u0022, \u0022width\u0022: \u00222.5\u0022, \u0022unit\u0022: \u0022inch\u0022}""}",593ea211-b214-41fe-bcbb-2fd86eb1216e,6ac625a8-ce88-4c18-8e2b-93f5a7a1915b,Poseidon's Whirlpool,Poseidon's Whirlpool,{},xena--warrior-princess_1st-edition_poseidon's-whirlpool
6b6c6f61-2eeb-49d2-ae2f-4226f15bea65,third-party,0,0,"{""obverse"": ""xena--warrior-princess_1st-edition_possession"", ""reverse"": ""xena--warrior-princess_card-back""}","{""name_printed"": ""Possession"", ""rarity"": ""Rare"", ""number"": ""42"", ""type"": ""Action"", ""color"": ""Blue"", ""item_dimensions"": ""{\u0022height\u0022: \u00223.5\u0022, \u0022width\u0022: \u00222.5\u0022, \u0022unit\u0022: \u0022inch\u0022}""}",593ea211-b214-41fe-bcbb-2fd86eb1216e,6ac625a8-ce88-4c18-8e2b-93f5a7a1915b,Possession,Possession,{},xena--warrior-princess_1st-edition_possession
e539078a-696b-4548-89cd-5092920df026,item,1,0,"{""obverse"": ""xena--warrior-princess_1st-edition_priest-of-asclepius"", ""reverse"": ""xena--warrior-princess_card-back""}","{""name_printed"": ""Priest of Asclepius"", ""rarity"": ""Uncommon"", ""number"": ""30"", ""type"": ""Character"", ""color"": ""Blue"", ""item_dimensions"": ""{\u0022height\u0022: \u00223.5\u0022, \u0022width\u0022: \u00222.5\u0022, \u0022unit\u0022: \u0022inch\u0022}""}",593ea211-b214-41fe-bcbb-2fd86eb1216e,6ac625a8-ce88-4c18-8e2b-93f5a7a1915b,Priest of Asclepius,Priest of Asclepius,{},xena--warrior-princess_1st-edition_priest-of-asclepius
d62fc762-e67b-4d83-972a-d5d1846dbb52,item,1,0,"{""obverse"": ""xena--warrior-princess_1st-edition_priest-of-morpheus"", ""reverse"": ""xena--warrior-princess_card-back""}","{""name_printed"": ""Priest of Morpheus"", ""rarity"": ""Common"", ""number"": ""11"", ""type"": ""Character"", ""color"": ""Blue"", ""item_dimensions"": ""{\u0022height\u0022: \u00223.5\u0022, \u0022width\u0022: \u00222.5\u0022, \u0022unit\u0022: \u0022inch\u0022}""}",593ea211-b214-41fe-bcbb-2fd86eb1216e,6ac625a8-ce88-4c18-8e2b-93f5a7a1915b,Priest of Morpheus,Priest of Morpheus,{},xena--warrior-princess_1st-edition_priest-of-morpheus
b422af47-74cc-412c-8a07-4a6433303f68,item,1,0,"{""obverse"": ""xena--warrior-princess_1st-edition_priest-of-the-furies"", ""reverse"": ""xena--warrior-princess_card-back""}","{""name_printed"": ""Priest of the Furies"", ""rarity"": ""Common"", ""number"": ""18"", ""type"": ""Character"", ""color"": ""Blue"", ""item_dimensions"": ""{\u0022height\u0022: \u00223.5\u0022, \u0022width\u0022: \u00222.5\u0022, \u0022unit\u0022: \u0022inch\u0022}""}",593ea211-b214-41fe-bcbb-2fd86eb1216e,6ac625a8-ce88-4c18-8e2b-93f5a7a1915b,Priest of the Furies,Priest of the Furies,{},xena--warrior-princess_1st-edition_priest-of-the-furies
e9c26f84-cf87-47a0-8587-4f4d5124a6cf,item,1,0,"{""obverse"": ""xena--warrior-princess_1st-edition_priests-of-dahak"", ""reverse"": ""xena--warrior-princess_card-back""}","{""name_printed"": ""Priests of Dahak"", ""rarity"": ""Uncommon"", ""number"": ""37"", ""type"": ""Character"", ""color"": ""Blue"", ""item_dimensions"": ""{\u0022height\u0022: \u00223.5\u0022, \u0022width\u0022: \u00222.5\u0022, \u0022unit\u0022: \u0022inch\u0022}""}",593ea211-b214-41fe-bcbb-2fd86eb1216e,6ac625a8-ce88-4c18-8e2b-93f5a7a1915b,Priests of Dahak,Priests of Dahak,{},xena--warrior-princess_1st-edition_priests-of-dahak
9ef37b94-80da-423a-87ec-c9b7f4fec879,item,1,0,"{""obverse"": ""xena--warrior-princess_1st-edition_prometheus-bound"", ""reverse"": ""xena--warrior-princess_card-back""}","{""name_printed"": ""Prometheus Bound"", ""rarity"": ""Uncommon"", ""number"": ""31"", ""type"": ""Action"", ""color"": ""Blue"", ""item_dimensions"": ""{\u0022height\u0022: \u00223.5\u0022, \u0022width\u0022: \u00222.5\u0022, \u0022unit\u0022: \u0022inch\u0022}""}",593ea211-b214-41fe-bcbb-2fd86eb1216e,6ac625a8-ce88-4c18-8e2b-93f5a7a1915b,Prometheus Bound,Prometheus Bound,{},xena--warrior-princess_1st-edition_prometheus-bound
616dbbee-cca8-41a7-87b9-f1a8b8d89652,item,1,0,"{""obverse"": ""xena--warrior-princess_1st-edition_protege-of-ares"", ""reverse"": ""xena--warrior-princess_card-back""}","{""name_printed"": ""Protege of Ares"", ""rarity"": ""Uncommon"", ""number"": ""36"", ""type"": ""Character"", ""color"": ""Blue"", ""item_dimensions"": ""{\u0022height\u0022: \u00223.5\u0022, \u0022width\u0022: \u00222.5\u0022, \u0022unit\u0022: \u0022inch\u0022}""}",593ea211-b214-41fe-bcbb-2fd86eb1216e,6ac625a8-ce88-4c18-8e2b-93f5a7a1915b,Protege of Ares,Protege of Ares,{},xena--warrior-princess_1st-edition_protege-of-ares
7acd79bf-2279-4bcc-a544-85e4e2b8fc4b,item,1,0,"{""obverse"": ""xena--warrior-princess_1st-edition_rampaging-giant"", ""reverse"": ""xena--warrior-princess_card-back""}","{""name_printed"": ""Rampaging Giant"", ""rarity"": ""Rare"", ""number"": ""103"", ""type"": ""Character"", ""color"": ""Green"", ""item_dimensions"": ""{\u0022height\u0022: \u00223.5\u0022, \u0022width\u0022: \u00222.5\u0022, \u0022unit\u0022: \u0022inch\u0022}""}",593ea211-b214-41fe-bcbb-2fd86eb1216e,6ac625a8-ce88-4c18-8e2b-93f5a7a1915b,Rampaging Giant,Rampaging Giant,{},xena--warrior-princess_1st-edition_rampaging-giant
e6183e66-383b-49cb-92e4-83967c4a3b00,item,1,0,"{""obverse"": ""xena--warrior-princess_1st-edition_rapid-fire"", ""reverse"": ""xena--warrior-princess_card-back""}","{""name_printed"": ""Rapid Fire"", ""rarity"": ""Common"", ""number"": ""123"", ""type"": ""Action"", ""color"": ""Red"", ""item_dimensions"": ""{\u0022height\u0022: \u00223.5\u0022, \u0022width\u0022: \u00222.5\u0022, \u0022unit\u0022: \u0022inch\u0022}""}",593ea211-b214-41fe-bcbb-2fd86eb1216e,6ac625a8-ce88-4c18-8e2b-93f5a7a1915b,Rapid Fire,Rapid Fire,{},xena--warrior-princess_1st-edition_rapid-fire
c9b22af5-2363-4009-af04-50502a6865f0,item,1,0,"{""obverse"": ""xena--warrior-princess_1st-edition_raw-squid"", ""reverse"": ""xena--warrior-princess_card-back""}","{""name_printed"": ""Raw Squid"", ""rarity"": ""Uncommon"", ""number"": ""95"", ""type"": ""Combat"", ""color"": ""Green"", ""item_dimensions"": ""{\u0022height\u0022: \u00223.5\u0022, \u0022width\u0022: \u00222.5\u0022, \u0022unit\u0022: \u0022inch\u0022}""}",593ea211-b214-41fe-bcbb-2fd86eb1216e,6ac625a8-ce88-4c18-8e2b-93f5a7a1915b,Raw Squid,Raw Squid,{},xena--warrior-princess_1st-edition_raw-squid
1bdb2d48-2b2c-4fb6-a642-0e8bbbd1dfec,item,1,0,"{""obverse"": ""xena--warrior-princess_1st-edition_relaxing-before-battle"", ""reverse"": ""xena--warrior-princess_card-back""}","{""name_printed"": ""Relaxing Before Battle"", ""rarity"": ""Rare"", ""number"": ""100"", ""type"": ""Action"", ""color"": ""Green"", ""item_dimensions"": ""{\u0022height\u0022: \u00223.5\u0022, \u0022width\u0022: \u00222.5\u0022, \u0022unit\u0022: \u0022inch\u0022}""}",593ea211-b214-41fe-bcbb-2fd86eb1216e,6ac625a8-ce88-4c18-8e2b-93f5a7a1915b,Relaxing Before Battle,Relaxing Before Battle,{},xena--warrior-princess_1st-edition_relaxing-before-battle
005a52b5-ee82-4090-98eb-28b5833e27ab,item,1,0,"{""obverse"": ""xena--warrior-princess_1st-edition_releasing-the-titans"", ""reverse"": ""xena--warrior-princess_card-back""}","{""name_printed"": ""Releasing the Titans"", ""rarity"": ""Rare"", ""number"": ""44"", ""type"": ""Action"", ""color"": ""Blue"", ""item_dimensions"": ""{\u0022height\u0022: \u00223.5\u0022, \u0022width\u0022: \u00222.5\u0022, \u0022unit\u0022: \u0022inch\u0022}""}",593ea211-b214-41fe-bcbb-2fd86eb1216e,6ac625a8-ce88-4c18-8e2b-93f5a7a1915b,Releasing the Titans,Releasing the Titans,{},xena--warrior-princess_1st-edition_releasing-the-titans
5298f6ce-c530-45e7-b0f5-ad9487cdacbc,third-party,0,0,"{""obverse"": ""xena--warrior-princess_1st-edition_safety-in-numbers"", ""reverse"": ""xena--warrior-princess_card-back""}","{""name_printed"": ""Safety in Numbers"", ""rarity"": ""Rare"", ""number"": ""111"", ""type"": ""Combat"", ""color"": ""Green"", ""item_dimensions"": ""{\u0022height\u0022: \u00223.5\u0022, \u0022width\u0022: \u00222.5\u0022, \u0022unit\u0022: \u0022inch\u0022}""}",593ea211-b214-41fe-bcbb-2fd86eb1216e,6ac625a8-ce88-4c18-8e2b-93f5a7a1915b,Safety in Numbers,Safety in Numbers,{},xena--warrior-princess_1st-edition_safety-in-numbers
4eea2338-9bb1-441c-bd9c-e4602ee5787b,item,1,0,"{""obverse"": ""xena--warrior-princess_1st-edition_salmoneus"", ""reverse"": ""xena--warrior-princess_card-back""}","{""name_printed"": ""Salmoneus"", ""rarity"": ""Rare"", ""number"": ""170"", ""type"": ""Character"", ""color"": ""Red"", ""item_dimensions"": ""{\u0022height\u0022: \u00223.5\u0022, \u0022width\u0022: \u00222.5\u0022, \u0022unit\u0022: \u0022inch\u0022}""}",593ea211-b214-41fe-bcbb-2fd86eb1216e,6ac625a8-ce88-4c18-8e2b-93f5a7a1915b,Salmoneus,Salmoneus,{},xena--warrior-princess_1st-edition_salmoneus
803b56ed-55bf-4864-b503-0011f9851330,item,1,0,"{""obverse"": ""xena--warrior-princess_1st-edition_shortbow-archers"", ""reverse"": ""xena--warrior-princess_card-back""}","{""name_printed"": ""Shortbow Archers"", ""rarity"": ""Uncommon"", ""number"": ""156"", ""type"": ""Character"", ""color"": ""Red"", ""item_dimensions"": ""{\u0022height\u0022: \u00223.5\u0022, \u0022width\u0022: \u00222.5\u0022, \u0022unit\u0022: \u0022inch\u0022}""}",593ea211-b214-41fe-bcbb-2fd86eb1216e,6ac625a8-ce88-4c18-8e2b-93f5a7a1915b,Shortbow Archers,Shortbow Archers,{},xena--warrior-princess_1st-edition_shortbow-archers
13e48459-8b11-42b3-a101-104d246b0255,third-party,0,0,"{""obverse"": ""xena--warrior-princess_1st-edition_spartan-javelin"", ""reverse"": ""xena--warrior-princess_card-back""}","{""name_printed"": ""Spartan Javelin"", ""rarity"": ""Rare"", ""number"": ""164"", ""type"": ""Action"", ""color"": ""Red"", ""item_dimensions"": ""{\u0022height\u0022: \u00223.5\u0022, \u0022width\u0022: \u00222.5\u0022, \u0022unit\u0022: \u0022inch\u0022}""}",593ea211-b214-41fe-bcbb-2fd86eb1216e,6ac625a8-ce88-4c18-8e2b-93f5a7a1915b,Spartan Javelin,Spartan Javelin,{},xena--warrior-princess_1st-edition_spartan-javelin
c1a89098-4217-4164-a7c8-587843e63767,item,1,0,"{""obverse"": ""xena--warrior-princess_1st-edition_spike-trap"", ""reverse"": ""xena--warrior-princess_card-back""}","{""name_printed"": ""Spike Trap"", ""rarity"": ""Uncommon"", ""number"": ""150"", ""type"": ""Character"", ""color"": ""Red"", ""item_dimensions"": ""{\u0022height\u0022: \u00223.5\u0022, \u0022width\u0022: \u00222.5\u0022, \u0022unit\u0022: \u0022inch\u0022}""}",593ea211-b214-41fe-bcbb-2fd86eb1216e,6ac625a8-ce88-4c18-8e2b-93f5a7a1915b,Spike Trap,Spike Trap,{},xena--warrior-princess_1st-edition_spike-trap
5120a810-cc54-4e0f-82c1-c0a541ef9e05,item,1,0,"{""obverse"": ""xena--warrior-princess_1st-edition_sponsorship"", ""reverse"": ""xena--warrior-princess_card-back""}","{""name_printed"": ""Sponsorship"", ""rarity"": ""Rare"", ""number"": ""161"", ""type"": ""Action"", ""color"": ""Red"", ""item_dimensions"": ""{\u0022height\u0022: \u00223.5\u0022, \u0022width\u0022: \u00222.5\u0022, \u0022unit\u0022: \u0022inch\u0022}""}",593ea211-b214-41fe-bcbb-2fd86eb1216e,6ac625a8-ce88-4c18-8e2b-93f5a7a1915b,Sponsorship,Sponsorship,{},xena--warrior-princess_1st-edition_sponsorship
dca2f60e-0168-4c8b-9058-af60871be99f,item,1,0,"{""obverse"": ""xena--warrior-princess_1st-edition_spring-loaded-dagger"", ""reverse"": ""xena--warrior-princess_card-back""}","{""name_printed"": ""Spring-Loaded Dagger"", ""rarity"": ""Uncommon"", ""number"": ""146"", ""type"": ""Action"", ""color"": ""Red"", ""item_dimensions"": ""{\u0022height\u0022: \u00223.5\u0022, \u0022width\u0022: \u00222.5\u0022, \u0022unit\u0022: \u0022inch\u0022}""}",593ea211-b214-41fe-bcbb-2fd86eb1216e,6ac625a8-ce88-4c18-8e2b-93f5a7a1915b,Spring-Loaded Dagger,Spring-Loaded Dagger,{},xena--warrior-princess_1st-edition_spring-loaded-dagger
456d6c0f-342c-41b8-8300-c07a08124801,item,1,0,"{""obverse"": ""xena--warrior-princess_1st-edition_straight-from-the-harp"", ""reverse"": ""xena--warrior-princess_card-back""}","{""name_printed"": ""Straight from the Harp"", ""rarity"": ""Rare"", ""number"": ""113"", ""type"": ""Combat"", ""color"": ""Green"", ""item_dimensions"": ""{\u0022height\u0022: \u00223.5\u0022, \u0022width\u0022: \u00222.5\u0022, \u0022unit\u0022: \u0022inch\u0022}""}",593ea211-b214-41fe-bcbb-2fd86eb1216e,6ac625a8-ce88-4c18-8e2b-93f5a7a1915b,Straight from the Harp,Straight from the Harp,{},xena--warrior-princess_1st-edition_straight-from-the-harp
937a0958-7383-4519-9a27-9660b7223f11,item,1,0,"{""obverse"": ""xena--warrior-princess_1st-edition_strike-team"", ""reverse"": ""xena--warrior-princess_card-back""}","{""name_printed"": ""Strike Team"", ""rarity"": ""Rare"", ""number"": ""110"", ""type"": ""Character"", ""color"": ""Green"", ""item_dimensions"": ""{\u0022height\u0022: \u00223.5\u0022, \u0022width\u0022: \u00222.5\u0022, \u0022unit\u0022: \u0022inch\u0022}""}",593ea211-b214-41fe-bcbb-2fd86eb1216e,6ac625a8-ce88-4c18-8e2b-93f5a7a1915b,Strike Team,Strike Team,{},xena--warrior-princess_1st-edition_strike-team
5e438971-4e49-4253-a53e-a1d56b86c714,item,1,0,"{""obverse"": ""xena--warrior-princess_1st-edition_surrounded!"", ""reverse"": ""xena--warrior-princess_card-back""}","{""name_printed"": ""Surrounded!"", ""rarity"": ""Rare"", ""number"": ""165"", ""type"": ""Action"", ""color"": ""Red"", ""item_dimensions"": ""{\u0022height\u0022: \u00223.5\u0022, \u0022width\u0022: \u00222.5\u0022, \u0022unit\u0022: \u0022inch\u0022}""}",593ea211-b214-41fe-bcbb-2fd86eb1216e,6ac625a8-ce88-4c18-8e2b-93f5a7a1915b,Surrounded!,Surrounded!,{},xena--warrior-princess_1st-edition_surrounded!
3beb9d64-f3fb-44a3-b123-e2527e3747f8,item,1,0,"{""obverse"": ""xena--warrior-princess_1st-edition_swashbuckling-swordsman"", ""reverse"": ""xena--warrior-princess_card-back""}","{""name_printed"": ""Swashbuckling Swordsman"", ""rarity"": ""Uncommon"", ""number"": ""91"", ""type"": ""Character"", ""color"": ""Green"", ""item_dimensions"": ""{\u0022height\u0022: \u00223.5\u0022, \u0022width\u0022: \u00222.5\u0022, \u0022unit\u0022: \u0022inch\u0022}""}",593ea211-b214-41fe-bcbb-2fd86eb1216e,6ac625a8-ce88-4c18-8e2b-93f5a7a1915b,Swashbuckling Swordsman,Swashbuckling Swordsman,{},xena--warrior-princess_1st-edition_swashbuckling-swordsman
d17b6a0c-6c7d-4ea6-81cb-8d6765d25490,item,1,0,"{""obverse"": ""xena--warrior-princess_1st-edition_swing-kick"", ""reverse"": ""xena--warrior-princess_card-back""}","{""name_printed"": ""Swing-Kick"", ""rarity"": ""Uncommon"", ""number"": ""147"", ""type"": ""Combat"", ""color"": ""Red"", ""item_dimensions"": ""{\u0022height\u0022: \u00223.5\u0022, \u0022width\u0022: \u00222.5\u0022, \u0022unit\u0022: \u0022inch\u0022}""}",593ea211-b214-41fe-bcbb-2fd86eb1216e,6ac625a8-ce88-4c18-8e2b-93f5a7a1915b,Swing-Kick,Swing-Kick,{},xena--warrior-princess_1st-edition_swing-kick
acc70225-5930-4ff2-beac-17a2283cc8aa,item,1,0,"{""obverse"": ""xena--warrior-princess_1st-edition_swordsman-in-training"", ""reverse"": ""xena--warrior-princess_card-back""}","{""name_printed"": ""Swordsman in Training"", ""rarity"": ""Common"", ""number"": ""68"", ""type"": ""Character"", ""color"": ""Green"", ""item_dimensions"": ""{\u0022height\u0022: \u00223.5\u0022, \u0022width\u0022: \u00222.5\u0022, \u0022unit\u0022: \u0022inch\u0022}""}",593ea211-b214-41fe-bcbb-2fd86eb1216e,6ac625a8-ce88-4c18-8e2b-93f5a7a1915b,Swordsman in Training,Swordsman in Training,{},xena--warrior-princess_1st-edition_swordsman-in-training
ba9850fa-58a8-4b60-be37-bed9fe029b3a,item,1,0,"{""obverse"": ""xena--warrior-princess_1st-edition_take-prisoners"", ""reverse"": ""xena--warrior-princess_card-back""}","{""name_printed"": ""Take Prisoners"", ""rarity"": ""Rare"", ""number"": ""163"", ""type"": ""Action"", ""color"": ""Red"", ""item_dimensions"": ""{\u0022height\u0022: \u00223.5\u0022, \u0022width\u0022: \u00222.5\u0022, \u0022unit\u0022: \u0022inch\u0022}""}",593ea211-b214-41fe-bcbb-2fd86eb1216e,6ac625a8-ce88-4c18-8e2b-93f5a7a1915b,Take Prisoners,Take Prisoners,{},xena--warrior-princess_1st-edition_take-prisoners
3261dea6-229b-4dbb-8756-3da6d16f709e,item,1,0,"{""obverse"": ""xena--warrior-princess_1st-edition_talented-physician"", ""reverse"": ""xena--warrior-princess_card-back""}","{""name_printed"": ""Talented Physician"", ""rarity"": ""Common"", ""number"": ""62"", ""type"": ""Character"", ""color"": ""Green"", ""item_dimensions"": ""{\u0022height\u0022: \u00223.5\u0022, \u0022width\u0022: \u00222.5\u0022, \u0022unit\u0022: \u0022inch\u0022}""}",593ea211-b214-41fe-bcbb-2fd86eb1216e,6ac625a8-ce88-4c18-8e2b-93f5a7a1915b,Talented Physician,Talented Physician,{},xena--warrior-princess_1st-edition_talented-physician
80e40b5d-b58d-4b70-8e63-e647945905bb,item,1,0,"{""obverse"": ""xena--warrior-princess_1st-edition_tattooed-fighter"", ""reverse"": ""xena--warrior-princess_card-back""}","{""name_printed"": ""Tattooed Fighter"", ""rarity"": ""Common"", ""number"": ""65"", ""type"": ""Character"", ""color"": ""Green"", ""item_dimensions"": ""{\u0022height\u0022: \u00223.5\u0022, \u0022width\u0022: \u00222.5\u0022, \u0022unit\u0022: \u0022inch\u0022}""}",593ea211-b214-41fe-bcbb-2fd86eb1216e,6ac625a8-ce88-4c18-8e2b-93f5a7a1915b,Tattooed Fighter,Tattooed Fighter,{},xena--warrior-princess_1st-edition_tattooed-fighter
88ed248d-a22e-4515-9d86-af816cf83103,item,1,0,"{""obverse"": ""xena--warrior-princess_1st-edition_temple-guards"", ""reverse"": ""xena--warrior-princess_card-back""}","{""name_printed"": ""Temple Guards"", ""rarity"": ""Common"", ""number"": ""15"", ""type"": ""Character"", ""color"": ""Blue"", ""item_dimensions"": ""{\u0022height\u0022: \u00223.5\u0022, \u0022width\u0022: \u00222.5\u0022, \u0022unit\u0022: \u0022inch\u0022}""}",593ea211-b214-41fe-bcbb-2fd86eb1216e,6ac625a8-ce88-4c18-8e2b-93f5a7a1915b,Temple Guards,Temple Guards,{},xena--warrior-princess_1st-edition_temple-guards
c23e74ce-6ca2-4f8d-88e2-e91c1e4cc258,item,1,0,"{""obverse"": ""xena--warrior-princess_1st-edition_temple-infiltrator"", ""reverse"": ""xena--warrior-princess_card-back""}","{""name_printed"": ""Temple Infiltrator"", ""rarity"": ""Common"", ""number"": ""13"", ""type"": ""Character"", ""color"": ""Blue"", ""item_dimensions"": ""{\u0022height\u0022: \u00223.5\u0022, \u0022width\u0022: \u00222.5\u0022, \u0022unit\u0022: \u0022inch\u0022}""}",593ea211-b214-41fe-bcbb-2fd86eb1216e,6ac625a8-ce88-4c18-8e2b-93f5a7a1915b,Temple Infiltrator,Temple Infiltrator,{},xena--warrior-princess_1st-edition_temple-infiltrator
a411044e-04cf-4dc1-952c-cd30c1352b96,item,1,0,"{""obverse"": ""xena--warrior-princess_1st-edition_temple-of-ares"", ""reverse"": ""xena--warrior-princess_card-back""}","{""name_printed"": ""Temple of Ares"", ""rarity"": ""Fixed"", ""number"": ""59"", ""type"": ""Resource"", ""color"": ""Blue"", ""item_dimensions"": ""{\u0022height\u0022: \u00223.5\u0022, \u0022width\u0022: \u00222.5\u0022, \u0022unit\u0022: \u0022inch\u0022}""}",593ea211-b214-41fe-bcbb-2fd86eb1216e,6ac625a8-ce88-4c18-8e2b-93f5a7a1915b,Temple of Ares,Temple of Ares,{},xena--warrior-princess_1st-edition_temple-of-ares
4b8b5500-ba22-453d-9107-3c2a74a3bda7,item,1,0,"{""obverse"": ""xena--warrior-princess_1st-edition_the-furies"", ""reverse"": ""xena--warrior-princess_card-back""}","{""name_printed"": ""The Furies"", ""rarity"": ""Rare"", ""number"": ""48"", ""type"": ""Character"", ""color"": ""Blue"", ""item_dimensions"": ""{\u0022height\u0022: \u00223.5\u0022, \u0022width\u0022: \u00222.5\u0022, \u0022unit\u0022: \u0022inch\u0022}""}",593ea211-b214-41fe-bcbb-2fd86eb1216e,6ac625a8-ce88-4c18-8e2b-93f5a7a1915b,The Furies,The Furies,{},xena--warrior-princess_1st-edition_the-furies
feb4f096-7826-4674-94aa-1ac7886c5888,item,1,0,"{""obverse"": ""xena--warrior-princess_1st-edition_the-horde-attacks!"", ""reverse"": ""xena--warrior-princess_card-back""}","{""name_printed"": ""The Horde Attacks!"", ""rarity"": ""Rare"", ""number"": ""175"", ""type"": ""Action"", ""color"": ""Red"", ""item_dimensions"": ""{\u0022height\u0022: \u00223.5\u0022, \u0022width\u0022: \u00222.5\u0022, \u0022unit\u0022: \u0022inch\u0022}""}",593ea211-b214-41fe-bcbb-2fd86eb1216e,6ac625a8-ce88-4c18-8e2b-93f5a7a1915b,The Horde Attacks!,The Horde Attacks!,{},xena--warrior-princess_1st-edition_the-horde-attacks!
d67b8e46-9cbe-47e3-ab7e-856b1301d9f8,item,1,0,"{""obverse"": ""xena--warrior-princess_1st-edition_tied-to-the-altar"", ""reverse"": ""xena--warrior-princess_card-back""}","{""name_printed"": ""Tied to the Altar"", ""rarity"": ""Common"", ""number"": ""21"", ""type"": ""Combat"", ""color"": ""Blue"", ""item_dimensions"": ""{\u0022height\u0022: \u00223.5\u0022, \u0022width\u0022: \u00222.5\u0022, \u0022unit\u0022: \u0022inch\u0022}""}",593ea211-b214-41fe-bcbb-2fd86eb1216e,6ac625a8-ce88-4c18-8e2b-93f5a7a1915b,Tied to the Altar,Tied to the Altar,{},xena--warrior-princess_1st-edition_tied-to-the-altar
51851683-1310-408d-8ac0-2cb944c57de6,item,1,0,"{""obverse"": ""xena--warrior-princess_1st-edition_to-the-last-breath"", ""reverse"": ""xena--warrior-princess_card-back""}","{""name_printed"": ""To the Last Breath"", ""rarity"": ""Rare"", ""number"": ""114"", ""type"": ""Combat"", ""color"": ""Green"", ""item_dimensions"": ""{\u0022height\u0022: \u00223.5\u0022, \u0022width\u0022: \u00222.5\u0022, \u0022unit\u0022: \u0022inch\u0022}""}",593ea211-b214-41fe-bcbb-2fd86eb1216e,6ac625a8-ce88-4c18-8e2b-93f5a7a1915b,To the Last Breath,To the Last Breath,{},xena--warrior-princess_1st-edition_to-the-last-breath
f8915433-75c9-4c7e-b3f2-8e88fdef6b0c,item,1,0,"{""obverse"": ""xena--warrior-princess_1st-edition_tossed-in-xerxes's-dungeon!"", ""reverse"": ""xena--warrior-princess_card-back""}","{""name_printed"": ""Tossed in Xerxes's Dungeon!"", ""rarity"": ""Rare"", ""number"": ""162"", ""type"": ""Action"", ""color"": ""Red"", ""item_dimensions"": ""{\u0022height\u0022: \u00223.5\u0022, \u0022width\u0022: \u00222.5\u0022, \u0022unit\u0022: \u0022inch\u0022}""}",593ea211-b214-41fe-bcbb-2fd86eb1216e,6ac625a8-ce88-4c18-8e2b-93f5a7a1915b,Tossed in Xerxes's Dungeon!,Tossed in Xerxes's Dungeon!,{},xena--warrior-princess_1st-edition_tossed-in-xerxes's-dungeon!
18b35101-e640-4afd-bd83-7271189e45f5,item,1,0,"{""obverse"": ""xena--warrior-princess_1st-edition_town-judge"", ""reverse"": ""xena--warrior-princess_card-back""}","{""name_printed"": ""Town Judge"", ""rarity"": ""Common"", ""number"": ""126"", ""type"": ""Character"", ""color"": ""Red"", ""item_dimensions"": ""{\u0022height\u0022: \u00223.5\u0022, \u0022width\u0022: \u00222.5\u0022, \u0022unit\u0022: \u0022inch\u0022}""}",593ea211-b214-41fe-bcbb-2fd86eb1216e,6ac625a8-ce88-4c18-8e2b-93f5a7a1915b,Town Judge,Town Judge,{},xena--warrior-princess_1st-edition_town-judge
1530e4a8-2b06-407c-b14a-0664ab0911de,item,1,0,"{""obverse"": ""xena--warrior-princess_1st-edition_trap-in-the-woods"", ""reverse"": ""xena--warrior-princess_card-back""}","{""name_printed"": ""Trap in the Woods"", ""rarity"": ""Common"", ""number"": ""122"", ""type"": ""Action"", ""color"": ""Red"", ""item_dimensions"": ""{\u0022height\u0022: \u00223.5\u0022, \u0022width\u0022: \u00222.5\u0022, \u0022unit\u0022: \u0022inch\u0022}""}",593ea211-b214-41fe-bcbb-2fd86eb1216e,6ac625a8-ce88-4c18-8e2b-93f5a7a1915b,Trap in the Woods,Trap in the Woods,{},xena--warrior-princess_1st-edition_trap-in-the-woods
1de58f1d-3b98-4f6e-aa97-2f565ce98ec3,item,1,0,"{""obverse"": ""xena--warrior-princess_1st-edition_traveling-priest"", ""reverse"": ""xena--warrior-princess_card-back""}","{""name_printed"": ""Traveling Priest"", ""rarity"": ""Common"", ""number"": ""14"", ""type"": ""Character"", ""color"": ""Blue"", ""item_dimensions"": ""{\u0022height\u0022: \u00223.5\u0022, \u0022width\u0022: \u00222.5\u0022, \u0022unit\u0022: \u0022inch\u0022}""}",593ea211-b214-41fe-bcbb-2fd86eb1216e,6ac625a8-ce88-4c18-8e2b-93f5a7a1915b,Traveling Priest,Traveling Priest,{},xena--warrior-princess_1st-edition_traveling-priest
c085ba19-d00e-41cb-8313-592843564b86,item,1,0,"{""obverse"": ""xena--warrior-princess_1st-edition_treasure-trove"", ""reverse"": ""xena--warrior-princess_card-back""}","{""name_printed"": ""Treasure Trove"", ""rarity"": ""Fixed"", ""number"": ""180"", ""type"": ""Resource"", ""color"": ""Red"", ""item_dimensions"": ""{\u0022height\u0022: \u00223.5\u0022, \u0022width\u0022: \u00222.5\u0022, \u0022unit\u0022: \u0022inch\u0022}""}",593ea211-b214-41fe-bcbb-2fd86eb1216e,6ac625a8-ce88-4c18-8e2b-93f5a7a1915b,Treasure Trove,Treasure Trove,{},xena--warrior-princess_1st-edition_treasure-trove
8f67c664-8392-4981-97ae-e7657a764b01,item,1,0,"{""obverse"": ""xena--warrior-princess_1st-edition_trojan-prince"", ""reverse"": ""xena--warrior-princess_card-back""}","{""name_printed"": ""Trojan Prince"", ""rarity"": ""Rare"", ""number"": ""167"", ""type"": ""Character"", ""color"": ""Red"", ""item_dimensions"": ""{\u0022height\u0022: \u00223.5\u0022, \u0022width\u0022: \u00222.5\u0022, \u0022unit\u0022: \u0022inch\u0022}""}",593ea211-b214-41fe-bcbb-2fd86eb1216e,6ac625a8-ce88-4c18-8e2b-93f5a7a1915b,Trojan Prince,Trojan Prince,{},xena--warrior-princess_1st-edition_trojan-prince
b34afa0b-1fcd-4884-a8aa-d44f69fa920c,item,1,0,"{""obverse"": ""xena--warrior-princess_1st-edition_trojan-sergeant"", ""reverse"": ""xena--warrior-princess_card-back""}","{""name_printed"": ""Trojan Sergeant"", ""rarity"": ""Rare"", ""number"": ""169"", ""type"": ""Character"", ""color"": ""Red"", ""item_dimensions"": ""{\u0022height\u0022: \u00223.5\u0022, \u0022width\u0022: \u00222.5\u0022, \u0022unit\u0022: \u0022inch\u0022}""}",593ea211-b214-41fe-bcbb-2fd86eb1216e,6ac625a8-ce88-4c18-8e2b-93f5a7a1915b,Trojan Sergeant,Trojan Sergeant,{},xena--warrior-princess_1st-edition_trojan-sergeant
94a9a564-e29b-4899-b695-3c544b9da650,item,1,0,"{""obverse"": ""xena--warrior-princess_1st-edition_undead-warrior"", ""reverse"": ""xena--warrior-princess_card-back""}","{""name_printed"": ""Undead Warrior"", ""rarity"": ""Uncommon"", ""number"": ""34"", ""type"": ""Character"", ""color"": ""Blue"", ""item_dimensions"": ""{\u0022height\u0022: \u00223.5\u0022, \u0022width\u0022: \u00222.5\u0022, \u0022unit\u0022: \u0022inch\u0022}""}",593ea211-b214-41fe-bcbb-2fd86eb1216e,6ac625a8-ce88-4c18-8e2b-93f5a7a1915b,Undead Warrior,Undead Warrior,{},xena--warrior-princess_1st-edition_undead-warrior
e6ebfdc6-ff6c-4b55-8221-cc72912485b6,item,1,0,"{""obverse"": ""xena--warrior-princess_1st-edition_unstoppable-attack"", ""reverse"": ""xena--warrior-princess_card-back""}","{""name_printed"": ""Unstoppable Attack"", ""rarity"": ""Uncommon"", ""number"": ""98"", ""type"": ""Combat"", ""color"": ""Green"", ""item_dimensions"": ""{\u0022height\u0022: \u00223.5\u0022, \u0022width\u0022: \u00222.5\u0022, \u0022unit\u0022: \u0022inch\u0022}""}",593ea211-b214-41fe-bcbb-2fd86eb1216e,6ac625a8-ce88-4c18-8e2b-93f5a7a1915b,Unstoppable Attack,Unstoppable Attack,{},xena--warrior-princess_1st-edition_unstoppable-attack
50c2455c-553d-4953-b49d-eed265fc1f7f,item,1,0,"{""obverse"": ""xena--warrior-princess_1st-edition_untrained-fighter"", ""reverse"": ""xena--warrior-princess_card-back""}","{""name_printed"": ""Untrained Fighter"", ""rarity"": ""Common"", ""number"": ""131"", ""type"": ""Character"", ""color"": ""Red"", ""item_dimensions"": ""{\u0022height\u0022: \u00223.5\u0022, \u0022width\u0022: \u00222.5\u0022, \u0022unit\u0022: \u0022inch\u0022}""}",593ea211-b214-41fe-bcbb-2fd86eb1216e,6ac625a8-ce88-4c18-8e2b-93f5a7a1915b,Untrained Fighter,Untrained Fighter,{},xena--warrior-princess_1st-edition_untrained-fighter
bf97d342-6830-4c00-93c1-44343e2028a5,third-party,0,0,"{""obverse"": ""xena--warrior-princess_1st-edition_vengeance"", ""reverse"": ""xena--warrior-princess_card-back""}","{""name_printed"": ""Vengeance"", ""rarity"": ""Rare"", ""number"": ""54"", ""type"": ""Combat"", ""color"": ""Blue"", ""item_dimensions"": ""{\u0022height\u0022: \u00223.5\u0022, \u0022width\u0022: \u00222.5\u0022, \u0022unit\u0022: \u0022inch\u0022}""}",593ea211-b214-41fe-bcbb-2fd86eb1216e,6ac625a8-ce88-4c18-8e2b-93f5a7a1915b,Vengeance,Vengeance,{},xena--warrior-princess_1st-edition_vengeance
70f6eb0d-fa24-4dc1-aace-4d32d842b8f6,item,1,0,"{""obverse"": ""xena--warrior-princess_1st-edition_veteran-longbow-archers"", ""reverse"": ""xena--warrior-princess_card-back""}","{""name_printed"": ""Veteran Longbow Archers"", ""rarity"": ""Common"", ""number"": ""137"", ""type"": ""Character"", ""color"": ""Red"", ""item_dimensions"": ""{\u0022height\u0022: \u00223.5\u0022, \u0022width\u0022: \u00222.5\u0022, \u0022unit\u0022: \u0022inch\u0022}""}",593ea211-b214-41fe-bcbb-2fd86eb1216e,6ac625a8-ce88-4c18-8e2b-93f5a7a1915b,Veteran Longbow Archers,Veteran Longbow Archers,{},xena--warrior-princess_1st-edition_veteran-longbow-archers
ba57661a-b604-486e-b394-6f1a33cb5ea1,item,1,0,"{""obverse"": ""xena--warrior-princess_1st-edition_vigilant-sentries"", ""reverse"": ""xena--warrior-princess_card-back""}","{""name_printed"": ""Vigilant Sentries"", ""rarity"": ""Common"", ""number"": ""129"", ""type"": ""Character"", ""color"": ""Red"", ""item_dimensions"": ""{\u0022height\u0022: \u00223.5\u0022, \u0022width\u0022: \u00222.5\u0022, \u0022unit\u0022: \u0022inch\u0022}""}",593ea211-b214-41fe-bcbb-2fd86eb1216e,6ac625a8-ce88-4c18-8e2b-93f5a7a1915b,Vigilant Sentries,Vigilant Sentries,{},xena--warrior-princess_1st-edition_vigilant-sentries
6197427c-a295-41d5-8669-45af7ffa8b69,item,1,0,"{""obverse"": ""xena--warrior-princess_1st-edition_village-tough"", ""reverse"": ""xena--warrior-princess_card-back""}","{""name_printed"": ""Village Tough"", ""rarity"": ""Common"", ""number"": ""64"", ""type"": ""Character"", ""color"": ""Green"", ""item_dimensions"": ""{\u0022height\u0022: \u00223.5\u0022, \u0022width\u0022: \u00222.5\u0022, \u0022unit\u0022: \u0022inch\u0022}""}",593ea211-b214-41fe-bcbb-2fd86eb1216e,6ac625a8-ce88-4c18-8e2b-93f5a7a1915b,Village Tough,Village Tough,{},xena--warrior-princess_1st-edition_village-tough
c5e1aba5-1f50-40db-a37a-b51f092a43eb,item,1,0,"{""obverse"": ""xena--warrior-princess_1st-edition_wall-guards"", ""reverse"": ""xena--warrior-princess_card-back""}","{""name_printed"": ""Wall Guards"", ""rarity"": ""Common"", ""number"": ""132"", ""type"": ""Character"", ""color"": ""Red"", ""item_dimensions"": ""{\u0022height\u0022: \u00223.5\u0022, \u0022width\u0022: \u00222.5\u0022, \u0022unit\u0022: \u0022inch\u0022}""}",593ea211-b214-41fe-bcbb-2fd86eb1216e,6ac625a8-ce88-4c18-8e2b-93f5a7a1915b,Wall Guards,Wall Guards,{},xena--warrior-princess_1st-edition_wall-guards
96318ee1-313b-446c-8d35-570fd6a94665,item,1,0,"{""obverse"": ""xena--warrior-princess_1st-edition_war"", ""reverse"": ""xena--warrior-princess_card-back""}","{""name_printed"": ""War"", ""rarity"": ""Rare"", ""number"": ""160"", ""type"": ""Action"", ""color"": ""Red"", ""item_dimensions"": ""{\u0022height\u0022: \u00223.5\u0022, \u0022width\u0022: \u00222.5\u0022, \u0022unit\u0022: \u0022inch\u0022}""}",593ea211-b214-41fe-bcbb-2fd86eb1216e,6ac625a8-ce88-4c18-8e2b-93f5a7a1915b,War,War,{},xena--warrior-princess_1st-edition_war
954b3db6-132f-457d-9744-c203a49c5a22,item,1,0,"{""obverse"": ""xena--warrior-princess_1st-edition_weapon-of-the-gods"", ""reverse"": ""xena--warrior-princess_card-back""}","{""name_printed"": ""Weapon of the Gods"", ""rarity"": ""Rare"", ""number"": ""43"", ""type"": ""Action"", ""color"": ""Blue"", ""item_dimensions"": ""{\u0022height\u0022: \u00223.5\u0022, \u0022width\u0022: \u00222.5\u0022, \u0022unit\u0022: \u0022inch\u0022}""}",593ea211-b214-41fe-bcbb-2fd86eb1216e,6ac625a8-ce88-4c18-8e2b-93f5a7a1915b,Weapon of the Gods,Weapon of the Gods,{},xena--warrior-princess_1st-edition_weapon-of-the-gods
91a2064c-7ea0-4f8d-9d41-b6ef0e99c5fe,item,1,0,"{""obverse"": ""xena--warrior-princess_1st-edition_whim-of-the-fates"", ""reverse"": ""xena--warrior-princess_card-back""}","{""name_printed"": ""Whim of the Fates"", ""rarity"": ""Rare"", ""number"": ""40"", ""type"": ""Action"", ""color"": ""Blue"", ""item_dimensions"": ""{\u0022height\u0022: \u00223.5\u0022, \u0022width\u0022: \u00222.5\u0022, \u0022unit\u0022: \u0022inch\u0022}""}",593ea211-b214-41fe-bcbb-2fd86eb1216e,6ac625a8-ce88-4c18-8e2b-93f5a7a1915b,Whim of the Fates,Whim of the Fates,{},xena--warrior-princess_1st-edition_whim-of-the-fates
e68ee4b6-cc6a-413c-be38-fdb18276b766,item,1,0,"{""obverse"": ""xena--warrior-princess_1st-edition_whip-the-slaves"", ""reverse"": ""xena--warrior-princess_card-back""}","{""name_printed"": ""Whip the Slaves"", ""rarity"": ""Rare"", ""number"": ""159"", ""type"": ""Action"", ""color"": ""Red"", ""item_dimensions"": ""{\u0022height\u0022: \u00223.5\u0022, \u0022width\u0022: \u00222.5\u0022, \u0022unit\u0022: \u0022inch\u0022}""}",593ea211-b214-41fe-bcbb-2fd86eb1216e,6ac625a8-ce88-4c18-8e2b-93f5a7a1915b,Whip the Slaves,Whip the Slaves,{},xena--warrior-princess_1st-edition_whip-the-slaves
d3fe0d25-161c-485a-96ff-039da1a7c506,item,1,0,"{""obverse"": ""xena--warrior-princess_1st-edition_witch-hunters"", ""reverse"": ""xena--warrior-princess_card-back""}","{""name_printed"": ""Witch Hunters"", ""rarity"": ""Common"", ""number"": ""71"", ""type"": ""Character"", ""color"": ""Green"", ""item_dimensions"": ""{\u0022height\u0022: \u00223.5\u0022, \u0022width\u0022: \u00222.5\u0022, \u0022unit\u0022: \u0022inch\u0022}""}",593ea211-b214-41fe-bcbb-2fd86eb1216e,6ac625a8-ce88-4c18-8e2b-93f5a7a1915b,Witch Hunters,Witch Hunters,{},xena--warrior-princess_1st-edition_witch-hunters
aa0b7036-7dea-4f76-8ac4-3c6adc429ee1,item,1,0,"{""obverse"": ""xena--warrior-princess_1st-edition_wounded-in-battle"", ""reverse"": ""xena--warrior-princess_card-back""}","{""name_printed"": ""Wounded in Battle"", ""rarity"": ""Common"", ""number"": ""121"", ""type"": ""Action"", ""color"": ""Red"", ""item_dimensions"": ""{\u0022height\u0022: \u00223.5\u0022, \u0022width\u0022: \u00222.5\u0022, \u0022unit\u0022: \u0022inch\u0022}""}",593ea211-b214-41fe-bcbb-2fd86eb1216e,6ac625a8-ce88-4c18-8e2b-93f5a7a1915b,Wounded in Battle,Wounded in Battle,{},xena--warrior-princess_1st-edition_wounded-in-battle
9bd71745-8b92-4bc5-b107-4cc731d94c35,item,1,0,"{""obverse"": ""xena--warrior-princess_1st-edition_xena-brings-'em-home"", ""reverse"": ""xena--warrior-princess_card-back""}","{""name_printed"": ""Xena Brings 'Em Home"", ""rarity"": ""Uncommon"", ""number"": ""97"", ""type"": ""Combat"", ""color"": ""Green"", ""item_dimensions"": ""{\u0022height\u0022: \u00223.5\u0022, \u0022width\u0022: \u00222.5\u0022, \u0022unit\u0022: \u0022inch\u0022}""}",593ea211-b214-41fe-bcbb-2fd86eb1216e,6ac625a8-ce88-4c18-8e2b-93f5a7a1915b,Xena Brings 'Em Home,Xena Brings 'Em Home,{},xena--warrior-princess_1st-edition_xena-brings-'em-home
df16ab9f-da53-44a1-8e5f-10af42708ef9,item,1,0,"{""obverse"": ""xena--warrior-princess_1st-edition_xena-leads-the-troops"", ""reverse"": ""xena--warrior-princess_card-back""}","{""name_printed"": ""Xena Leads the Troops"", ""rarity"": ""Common"", ""number"": ""81"", ""type"": ""Combat"", ""color"": ""Green"", ""item_dimensions"": ""{\u0022height\u0022: \u00223.5\u0022, \u0022width\u0022: \u00222.5\u0022, \u0022unit\u0022: \u0022inch\u0022}""}",593ea211-b214-41fe-bcbb-2fd86eb1216e,6ac625a8-ce88-4c18-8e2b-93f5a7a1915b,Xena Leads the Troops,Xena Leads the Troops,{},xena--warrior-princess_1st-edition_xena-leads-the-troops
f0a8e3de-3d1d-4567-9075-353317580d1c,item,1,0,"{""obverse"": ""xena--warrior-princess_1st-edition_xena,-warrior-princess"", ""reverse"": ""xena--warrior-princess_card-back""}","{""name_printed"": ""Xena, Warrior Princess"", ""rarity"": ""Rare"", ""number"": ""109"", ""type"": ""Character"", ""color"": ""Green"", ""item_dimensions"": ""{\u0022height\u0022: \u00223.5\u0022, \u0022width\u0022: \u00222.5\u0022, \u0022unit\u0022: \u0022inch\u0022}""}",593ea211-b214-41fe-bcbb-2fd86eb1216e,6ac625a8-ce88-4c18-8e2b-93f5a7a1915b,"Xena, Warrior Princess","Xena, Warrior Princess",{},"xena--warrior-princess_1st-edition_xena,-warrior-princess"
d1defa81-387b-4786-bd4e-33d4509d6a06,item,1,0,"{""obverse"": ""xena--warrior-princess_1st-edition_xena's-bluff"", ""reverse"": ""xena--warrior-princess_card-back""}","{""name_printed"": ""Xena's Bluff"", ""rarity"": ""Uncommon"", ""number"": ""86"", ""type"": ""Combat"", ""color"": ""Green"", ""item_dimensions"": ""{\u0022height\u0022: \u00223.5\u0022, \u0022width\u0022: \u00222.5\u0022, \u0022unit\u0022: \u0022inch\u0022}""}",593ea211-b214-41fe-bcbb-2fd86eb1216e,6ac625a8-ce88-4c18-8e2b-93f5a7a1915b,Xena's Bluff,Xena's Bluff,{},xena--warrior-princess_1st-edition_xena's-bluff
e3df27c4-6784-4b0b-a33d-8288e88ff473,item,1,0,"{""obverse"": ""xena--warrior-princess_1st-edition_xena's-wrath"", ""reverse"": ""xena--warrior-princess_card-back""}","{""name_printed"": ""Xena's Wrath"", ""rarity"": ""Uncommon"", ""number"": ""142"", ""type"": ""Action"", ""color"": ""Red"", ""item_dimensions"": ""{\u0022height\u0022: \u00223.5\u0022, \u0022width\u0022: \u00222.5\u0022, \u0022unit\u0022: \u0022inch\u0022}""}",593ea211-b214-41fe-bcbb-2fd86eb1216e,6ac625a8-ce88-4c18-8e2b-93f5a7a1915b,Xena's Wrath,Xena's Wrath,{},xena--warrior-princess_1st-edition_xena's-wrath
4e131a3b-d503-4a12-912c-0834a70515e1,item,1,0,"{""obverse"": ""xena--warrior-princess_1st-edition_young-prince"", ""reverse"": ""xena--warrior-princess_card-back""}","{""name_printed"": ""Young Prince"", ""rarity"": ""Common"", ""number"": ""79"", ""type"": ""Character"", ""color"": ""Green"", ""item_dimensions"": ""{\u0022height\u0022: \u00223.5\u0022, \u0022width\u0022: \u00222.5\u0022, \u0022unit\u0022: \u0022inch\u0022}""}",593ea211-b214-41fe-bcbb-2fd86eb1216e,6ac625a8-ce88-4c18-8e2b-93f5a7a1915b,Young Prince,Young Prince,{},xena--warrior-princess_1st-edition_young-prince
34be28c9-dcd6-4587-b0ba-cbae01b9c74d,third-party,0,0,"{""obverse"": ""xena--warrior-princess_battle-cry_amazon-princess"", ""reverse"": ""xena--warrior-princess_card-back""}","{""name_printed"": ""Amazon Princess"", ""rarity"": ""Uncommon"", ""number"": ""38"", ""type"": ""Character"", ""color"": ""Green"", ""item_dimensions"": ""{\u0022height\u0022: \u00223.5\u0022, \u0022width\u0022: \u00222.5\u0022, \u0022unit\u0022: \u0022inch\u0022}""}",593ea211-b214-41fe-bcbb-2fd86eb1216e,b81d54ba-0974-4dea-b3a0-8e909957de31,Amazon Princess,Amazon Princess,{},xena--warrior-princess_battle-cry_amazon-princess
66533374-f812-416d-a326-b45808d0e693,third-party,0,0,"{""obverse"": ""xena--warrior-princess_battle-cry_amazon-queen"", ""reverse"": ""xena--warrior-princess_card-back""}","{""name_printed"": ""Amazon Queen"", ""rarity"": ""Rare"", ""number"": ""46"", ""type"": ""Character"", ""color"": ""Green"", ""item_dimensions"": ""{\u0022height\u0022: \u00223.5\u0022, \u0022width\u0022: \u00222.5\u0022, \u0022unit\u0022: \u0022inch\u0022}""}",593ea211-b214-41fe-bcbb-2fd86eb1216e,b81d54ba-0974-4dea-b3a0-8e909957de31,Amazon Queen,Amazon Queen,{},xena--warrior-princess_battle-cry_amazon-queen
2a9a6431-fa48-47ab-b136-aef178a0d531,third-party,0,0,"{""obverse"": ""xena--warrior-princess_battle-cry_amazon-trainer"", ""reverse"": ""xena--warrior-princess_card-back""}","{""name_printed"": ""Amazon Trainer"", ""rarity"": ""Common"", ""number"": ""31"", ""type"": ""Character"", ""color"": ""Green"", ""item_dimensions"": ""{\u0022height\u0022: \u00223.5\u0022, \u0022width\u0022: \u00222.5\u0022, \u0022unit\u0022: \u0022inch\u0022}""}",593ea211-b214-41fe-bcbb-2fd86eb1216e,b81d54ba-0974-4dea-b3a0-8e909957de31,Amazon Trainer,Amazon Trainer,{},xena--warrior-princess_battle-cry_amazon-trainer
3f282964-cb09-4d5e-9509-7fbf5a4f5b16,third-party,0,0,"{""obverse"": ""xena--warrior-princess_battle-cry_archer-attack"", ""reverse"": ""xena--warrior-princess_card-back""}","{""name_printed"": ""Archer Attack"", ""rarity"": ""Common"", ""number"": ""52"", ""type"": ""Action"", ""color"": ""Red"", ""item_dimensions"": ""{\u0022height\u0022: \u00223.5\u0022, \u0022width\u0022: \u00222.5\u0022, \u0022unit\u0022: \u0022inch\u0022}""}",593ea211-b214-41fe-bcbb-2fd86eb1216e,b81d54ba-0974-4dea-b3a0-8e909957de31,Archer Attack,Archer Attack,{},xena--warrior-princess_battle-cry_archer-attack
ac7fd594-6030-489c-957b-bd6fbb07df0b,third-party,0,0,"{""obverse"": ""xena--warrior-princess_battle-cry_arm-wrestling-contest"", ""reverse"": ""xena--warrior-princess_card-back""}","{""name_printed"": ""Arm-Wrestling Contest"", ""rarity"": ""Common"", ""number"": ""33"", ""type"": ""Combat"", ""color"": ""Green"", ""item_dimensions"": ""{\u0022height\u0022: \u00223.5\u0022, \u0022width\u0022: \u00222.5\u0022, \u0022unit\u0022: \u0022inch\u0022}""}",593ea211-b214-41fe-bcbb-2fd86eb1216e,b81d54ba-0974-4dea-b3a0-8e909957de31,Arm-Wrestling Contest,Arm-Wrestling Contest,{},xena--warrior-princess_battle-cry_arm-wrestling-contest
be3be0de-09f2-4d5e-958f-0b49cca7b2e8,third-party,0,0,"{""obverse"": ""xena--warrior-princess_battle-cry_arrows-from-the-woods"", ""reverse"": ""xena--warrior-princess_card-back""}","{""name_printed"": ""Arrows from the Woods"", ""rarity"": ""Common"", ""number"": ""51"", ""type"": ""Action"", ""color"": ""Red"", ""item_dimensions"": ""{\u0022height\u0022: \u00223.5\u0022, \u0022width\u0022: \u00222.5\u0022, \u0022unit\u0022: \u0022inch\u0022}""}",593ea211-b214-41fe-bcbb-2fd86eb1216e,b81d54ba-0974-4dea-b3a0-8e909957de31,Arrows from the Woods,Arrows from the Woods,{},xena--warrior-princess_battle-cry_arrows-from-the-woods
c483db06-b581-4caa-88fd-106ca1bb2511,third-party,0,0,"{""obverse"": ""xena--warrior-princess_battle-cry_bacchae-bite"", ""reverse"": ""xena--warrior-princess_card-back""}","{""name_printed"": ""Bacchae Bite"", ""rarity"": ""Rare"", ""number"": ""24"", ""type"": ""Combat"", ""color"": ""Blue"", ""item_dimensions"": ""{\u0022height\u0022: \u00223.5\u0022, \u0022width\u0022: \u00222.5\u0022, \u0022unit\u0022: \u0022inch\u0022}""}",593ea211-b214-41fe-bcbb-2fd86eb1216e,b81d54ba-0974-4dea-b3a0-8e909957de31,Bacchae Bite,Bacchae Bite,{},xena--warrior-princess_battle-cry_bacchae-bite
7db653dd-fef3-40d9-af83-bb30e5541b0e,third-party,0,0,"{""obverse"": ""xena--warrior-princess_battle-cry_bacchae-horde"", ""reverse"": ""xena--warrior-princess_card-back""}","{""name_printed"": ""Bacchae Horde"", ""rarity"": ""Common"", ""number"": ""9"", ""type"": ""Character"", ""color"": ""Blue"", ""item_dimensions"": ""{\u0022height\u0022: \u00223.5\u0022, \u0022width\u0022: \u00222.5\u0022, \u0022unit\u0022: \u0022inch\u0022}""}",593ea211-b214-41fe-bcbb-2fd86eb1216e,b81d54ba-0974-4dea-b3a0-8e909957de31,Bacchae Horde,Bacchae Horde,{},xena--warrior-princess_battle-cry_bacchae-horde
d3f6ed33-5a6f-4b1e-9f26-6890fa2ce93f,third-party,0,0,"{""obverse"": ""xena--warrior-princess_battle-cry_bacchus"", ""reverse"": ""xena--warrior-princess_card-back""}","{""name_printed"": ""Bacchus"", ""rarity"": ""Rare"", ""number"": ""20"", ""type"": ""Character"", ""color"": ""Blue"", ""item_dimensions"": ""{\u0022height\u0022: \u00223.5\u0022, \u0022width\u0022: \u00222.5\u0022, \u0022unit\u0022: \u0022inch\u0022}""}",593ea211-b214-41fe-bcbb-2fd86eb1216e,b81d54ba-0974-4dea-b3a0-8e909957de31,Bacchus,Bacchus,{},xena--warrior-princess_battle-cry_bacchus
2ffd7f5c-ef88-4d81-8e32-3b350dac2295,third-party,0,0,"{""obverse"": ""xena--warrior-princess_battle-cry_backstabber"", ""reverse"": ""xena--warrior-princess_card-back""}","{""name_printed"": ""Backstabber"", ""rarity"": ""Uncommon"", ""number"": ""63"", ""type"": ""Character"", ""color"": ""Red"", ""item_dimensions"": ""{\u0022height\u0022: \u00223.5\u0022, \u0022width\u0022: \u00222.5\u0022, \u0022unit\u0022: \u0022inch\u0022}""}",593ea211-b214-41fe-bcbb-2fd86eb1216e,b81d54ba-0974-4dea-b3a0-8e909957de31,Backstabber,Backstabber,{},xena--warrior-princess_battle-cry_backstabber
f84c0adc-e54c-4fd7-9da1-b6e64345eebd,third-party,0,0,"{""obverse"": ""xena--warrior-princess_battle-cry_bone-dryad"", ""reverse"": ""xena--warrior-princess_card-back""}","{""name_printed"": ""Bone Dryad"", ""rarity"": ""Uncommon"", ""number"": ""12"", ""type"": ""Character"", ""color"": ""Blue"", ""item_dimensions"": ""{\u0022height\u0022: \u00223.5\u0022, \u0022width\u0022: \u00222.5\u0022, \u0022unit\u0022: \u0022inch\u0022}""}",593ea211-b214-41fe-bcbb-2fd86eb1216e,b81d54ba-0974-4dea-b3a0-8e909957de31,Bone Dryad,Bone Dryad,{},xena--warrior-princess_battle-cry_bone-dryad
27136866-2d2a-43a1-bb56-abd192e6fbc3,third-party,0,0,"{""obverse"": ""xena--warrior-princess_battle-cry_callisto"", ""reverse"": ""xena--warrior-princess_card-back""}","{""name_printed"": ""Callisto"", ""rarity"": ""Rare"", ""number"": ""73"", ""type"": ""Character"", ""color"": ""Red"", ""item_dimensions"": ""{\u0022height\u0022: \u00223.5\u0022, \u0022width\u0022: \u00222.5\u0022, \u0022unit\u0022: \u0022inch\u0022}""}",593ea211-b214-41fe-bcbb-2fd86eb1216e,b81d54ba-0974-4dea-b3a0-8e909957de31,Callisto,Callisto,{},xena--warrior-princess_battle-cry_callisto
61ec5963-e8f9-484a-b4b5-c4c725e2f148,third-party,0,0,"{""obverse"": ""xena--warrior-princess_battle-cry_callisto-goes-overboard"", ""reverse"": ""xena--warrior-princess_card-back""}","{""name_printed"": ""Callisto Goes Overboard"", ""rarity"": ""Rare"", ""number"": ""75"", ""type"": ""Combat"", ""color"": ""Red"", ""item_dimensions"": ""{\u0022height\u0022: \u00223.5\u0022, \u0022width\u0022: \u00222.5\u0022, \u0022unit\u0022: \u0022inch\u0022}""}",593ea211-b214-41fe-bcbb-2fd86eb1216e,b81d54ba-0974-4dea-b3a0-8e909957de31,Callisto Goes Overboard,Callisto Goes Overboard,{},xena--warrior-princess_battle-cry_callisto-goes-overboard
a83dfda7-413d-4825-b776-a576b58e16ca,third-party,0,0,"{""obverse"": ""xena--warrior-princess_battle-cry_callisto-strike"", ""reverse"": ""xena--warrior-princess_card-back""}","{""name_printed"": ""Callisto Strike"", ""rarity"": ""Uncommon"", ""number"": ""61"", ""type"": ""Action"", ""color"": ""Red"", ""item_dimensions"": ""{\u0022height\u0022: \u00223.5\u0022, \u0022width\u0022: \u00222.5\u0022, \u0022unit\u0022: \u0022inch\u0022}""}",593ea211-b214-41fe-bcbb-2fd86eb1216e,b81d54ba-0974-4dea-b3a0-8e909957de31,Callisto Strike,Callisto Strike,{},xena--warrior-princess_battle-cry_callisto-strike
20f830e6-e78d-4610-ab47-88f2edce178d,third-party,0,0,"{""obverse"": ""xena--warrior-princess_battle-cry_callisto's-master-plan"", ""reverse"": ""xena--warrior-princess_card-back""}","{""name_printed"": ""Callisto's Master Plan"", ""rarity"": ""Rare"", ""number"": ""25"", ""type"": ""Combat"", ""color"": ""Blue"", ""item_dimensions"": ""{\u0022height\u0022: \u00223.5\u0022, \u0022width\u0022: \u00222.5\u0022, \u0022unit\u0022: \u0022inch\u0022}""}",593ea211-b214-41fe-bcbb-2fd86eb1216e,b81d54ba-0974-4dea-b3a0-8e909957de31,Callisto's Master Plan,Callisto's Master Plan,{},xena--warrior-princess_battle-cry_callisto's-master-plan
a1146b72-d7d1-44bb-8a73-62eadf80468c,third-party,0,0,"{""obverse"": ""xena--warrior-princess_battle-cry_callisto's-revenge"", ""reverse"": ""xena--warrior-princess_card-back""}","{""name_printed"": ""Callisto's Revenge"", ""rarity"": ""Uncommon"", ""number"": ""60"", ""type"": ""Action"", ""color"": ""Red"", ""item_dimensions"": ""{\u0022height\u0022: \u00223.5\u0022, \u0022width\u0022: \u00222.5\u0022, \u0022unit\u0022: \u0022inch\u0022}""}",593ea211-b214-41fe-bcbb-2fd86eb1216e,b81d54ba-0974-4dea-b3a0-8e909957de31,Callisto's Revenge,Callisto's Revenge,{},xena--warrior-princess_battle-cry_callisto's-revenge
afbd03ff-f803-4be9-96e0-283dab1edf38,third-party,0,0,"{""obverse"": ""xena--warrior-princess_battle-cry_callisto's-wrath"", ""reverse"": ""xena--warrior-princess_card-back""}","{""name_printed"": ""Callisto's Wrath"", ""rarity"": ""Common"", ""number"": ""1"", ""type"": ""Action"", ""color"": ""Blue"", ""item_dimensions"": ""{\u0022height\u0022: \u00223.5\u0022, \u0022width\u0022: \u00222.5\u0022, \u0022unit\u0022: \u0022inch\u0022}""}",593ea211-b214-41fe-bcbb-2fd86eb1216e,b81d54ba-0974-4dea-b3a0-8e909957de31,Callisto's Wrath,Callisto's Wrath,{},xena--warrior-princess_battle-cry_callisto's-wrath
c38fea87-00ca-4fc4-9045-f5b0eb969810,third-party,0,0,"{""obverse"": ""xena--warrior-princess_battle-cry_castle-guard"", ""reverse"": ""xena--warrior-princess_card-back""}","{""name_printed"": ""Castle Guard"", ""rarity"": ""Common"", ""number"": ""54"", ""type"": ""Character"", ""color"": ""Red"", ""item_dimensions"": ""{\u0022height\u0022: \u00223.5\u0022, \u0022width\u0022: \u00222.5\u0022, \u0022unit\u0022: \u0022inch\u0022}""}",593ea211-b214-41fe-bcbb-2fd86eb1216e,b81d54ba-0974-4dea-b3a0-8e909957de31,Castle Guard,Castle Guard,{},xena--warrior-princess_battle-cry_castle-guard
53d68b46-33fc-449c-b587-0c3c1948155b,third-party,0,0,"{""obverse"": ""xena--warrior-princess_battle-cry_cecrop's-crew"", ""reverse"": ""xena--warrior-princess_card-back""}","{""name_printed"": ""Cecrop's Crew"", ""rarity"": ""Uncommon"", ""number"": ""37"", ""type"": ""Character"", ""color"": ""Green"", ""item_dimensions"": ""{\u0022height\u0022: \u00223.5\u0022, \u0022width\u0022: \u00222.5\u0022, \u0022unit\u0022: \u0022inch\u0022}""}",593ea211-b214-41fe-bcbb-2fd86eb1216e,b81d54ba-0974-4dea-b3a0-8e909957de31,Cecrop's Crew,Cecrop's Crew,{},xena--warrior-princess_battle-cry_cecrop's-crew
c68368ce-5016-4123-b564-d78ce4ff134c,third-party,0,0,"{""obverse"": ""xena--warrior-princess_battle-cry_cecrops"", ""reverse"": ""xena--warrior-princess_card-back""}","{""name_printed"": ""Cecrops"", ""rarity"": ""Rare"", ""number"": ""71"", ""type"": ""Character"", ""color"": ""Red"", ""item_dimensions"": ""{\u0022height\u0022: \u00223.5\u0022, \u0022width\u0022: \u00222.5\u0022, \u0022unit\u0022: \u0022inch\u0022}""}",593ea211-b214-41fe-bcbb-2fd86eb1216e,b81d54ba-0974-4dea-b3a0-8e909957de31,Cecrops,Cecrops,{},xena--warrior-princess_battle-cry_cecrops
3a71b47a-1eaa-4951-9497-c0bce35e123a,third-party,0,0,"{""obverse"": ""xena--warrior-princess_battle-cry_centaur-charger"", ""reverse"": ""xena--warrior-princess_card-back""}","{""name_printed"": ""Centaur Charger"", ""rarity"": ""Common"", ""number"": ""32"", ""type"": ""Character"", ""color"": ""Green"", ""item_dimensions"": ""{\u0022height\u0022: \u00223.5\u0022, \u0022width\u0022: \u00222.5\u0022, \u0022unit\u0022: \u0022inch\u0022}""}",593ea211-b214-41fe-bcbb-2fd86eb1216e,b81d54ba-0974-4dea-b3a0-8e909957de31,Centaur Charger,Centaur Charger,{},xena--warrior-princess_battle-cry_centaur-charger
3607fb92-8ae7-463c-b7ca-235929142947,third-party,0,0,"{""obverse"": ""xena--warrior-princess_battle-cry_centaur-longbow-archers"", ""reverse"": ""xena--warrior-princess_card-back""}","{""name_printed"": ""Centaur Longbow Archers"", ""rarity"": ""Common"", ""number"": ""57"", ""type"": ""Character"", ""color"": ""Red"", ""item_dimensions"": ""{\u0022height\u0022: \u00223.5\u0022, \u0022width\u0022: \u00222.5\u0022, \u0022unit\u0022: \u0022inch\u0022}""}",593ea211-b214-41fe-bcbb-2fd86eb1216e,b81d54ba-0974-4dea-b3a0-8e909957de31,Centaur Longbow Archers,Centaur Longbow Archers,{},xena--warrior-princess_battle-cry_centaur-longbow-archers
55052ee6-2d3d-4864-adfb-5707dd2a10c6,third-party,0,0,"{""obverse"": ""xena--warrior-princess_battle-cry_centaur-veteran"", ""reverse"": ""xena--warrior-princess_card-back""}","{""name_printed"": ""Centaur Veteran"", ""rarity"": ""Uncommon"", ""number"": ""39"", ""type"": ""Character"", ""color"": ""Green"", ""item_dimensions"": ""{\u0022height\u0022: \u00223.5\u0022, \u0022width\u0022: \u00222.5\u0022, \u0022unit\u0022: \u0022inch\u0022}""}",593ea211-b214-41fe-bcbb-2fd86eb1216e,b81d54ba-0974-4dea-b3a0-8e909957de31,Centaur Veteran,Centaur Veteran,{},xena--warrior-princess_battle-cry_centaur-veteran
b4c6acb9-5e59-4292-8118-5025c5e5d257,third-party,0,0,"{""obverse"": ""xena--warrior-princess_battle-cry_chariot-warrior"", ""reverse"": ""xena--warrior-princess_card-back""}","{""name_printed"": ""Chariot Warrior"", ""rarity"": ""Common"", ""number"": ""28"", ""type"": ""Character"", ""color"": ""Green"", ""item_dimensions"": ""{\u0022height\u0022: \u00223.5\u0022, \u0022width\u0022: \u00222.5\u0022, \u0022unit\u0022: \u0022inch\u0022}""}",593ea211-b214-41fe-bcbb-2fd86eb1216e,b81d54ba-0974-4dea-b3a0-8e909957de31,Chariot Warrior,Chariot Warrior,{},xena--warrior-princess_battle-cry_chariot-warrior
24bf2b53-bc88-47e6-8c66-66b71d47e7db,third-party,0,0,"{""obverse"": ""xena--warrior-princess_battle-cry_cortese's-soldiers"", ""reverse"": ""xena--warrior-princess_card-back""}","{""name_printed"": ""Cortese's Soldiers"", ""rarity"": ""Uncommon"", ""number"": ""65"", ""type"": ""Character"", ""color"": ""Red"", ""item_dimensions"": ""{\u0022height\u0022: \u00223.5\u0022, \u0022width\u0022: \u00222.5\u0022, \u0022unit\u0022: \u0022inch\u0022}""}",593ea211-b214-41fe-bcbb-2fd86eb1216e,b81d54ba-0974-4dea-b3a0-8e909957de31,Cortese's Soldiers,Cortese's Soldiers,{},xena--warrior-princess_battle-cry_cortese's-soldiers
6d06b1c8-9b5d-483f-b261-b6daadee1d02,third-party,0,0,"{""obverse"": ""xena--warrior-princess_battle-cry_devious-warrior"", ""reverse"": ""xena--warrior-princess_card-back""}","{""name_printed"": ""Devious Warrior"", ""rarity"": ""Common"", ""number"": ""55"", ""type"": ""Character"", ""color"": ""Red"", ""item_dimensions"": ""{\u0022height\u0022: \u00223.5\u0022, \u0022width\u0022: \u00222.5\u0022, \u0022unit\u0022: \u0022inch\u0022}""}",593ea211-b214-41fe-bcbb-2fd86eb1216e,b81d54ba-0974-4dea-b3a0-8e909957de31,Devious Warrior,Devious Warrior,{},xena--warrior-princess_battle-cry_devious-warrior
7287f52e-af14-43b5-9404-899d74ffcbd0,third-party,0,0,"{""obverse"": ""xena--warrior-princess_battle-cry_ephiny,-amazon-warrior"", ""reverse"": ""xena--warrior-princess_card-back""}","{""name_printed"": ""Ephiny, Amazon Warrior"", ""rarity"": ""Rare"", ""number"": ""45"", ""type"": ""Character"", ""color"": ""Green"", ""item_dimensions"": ""{\u0022height\u0022: \u00223.5\u0022, \u0022width\u0022: \u00222.5\u0022, \u0022unit\u0022: \u0022inch\u0022}""}",593ea211-b214-41fe-bcbb-2fd86eb1216e,b81d54ba-0974-4dea-b3a0-8e909957de31,"Ephiny, Amazon Warrior","Ephiny, Amazon Warrior",{},"xena--warrior-princess_battle-cry_ephiny,-amazon-warrior"
57974b67-e835-4104-b00f-8bbf61e5c5b3,third-party,0,0,"{""obverse"": ""xena--warrior-princess_battle-cry_everybody-sing!"", ""reverse"": ""xena--warrior-princess_card-back""}","{""name_printed"": ""Everybody Sing!"", ""rarity"": ""Common"", ""number"": ""59"", ""type"": ""Combat"", ""color"": ""Red"", ""item_dimensions"": ""{\u0022height\u0022: \u00223.5\u0022, \u0022width\u0022: \u00222.5\u0022, \u0022unit\u0022: \u0022inch\u0022}""}",593ea211-b214-41fe-bcbb-2fd86eb1216e,b81d54ba-0974-4dea-b3a0-8e909957de31,Everybody Sing!,Everybody Sing!,{},xena--warrior-princess_battle-cry_everybody-sing!
57ece84e-2bcc-44b3-9cbd-be0762d758d7,third-party,0,0,"{""obverse"": ""xena--warrior-princess_battle-cry_executioner"", ""reverse"": ""xena--warrior-princess_card-back""}","{""name_printed"": ""Executioner"", ""rarity"": ""Common"", ""number"": ""53"", ""type"": ""Character"", ""color"": ""Red"", ""item_dimensions"": ""{\u0022height\u0022: \u00223.5\u0022, \u0022width\u0022: \u00222.5\u0022, \u0022unit\u0022: \u0022inch\u0022}""}",593ea211-b214-41fe-bcbb-2fd86eb1216e,b81d54ba-0974-4dea-b3a0-8e909957de31,Executioner,Executioner,{},xena--warrior-princess_battle-cry_executioner
8eee523a-3369-45f7-8de6-88946eeee8d9,third-party,0,0,"{""obverse"": ""xena--warrior-princess_battle-cry_famous-duelist"", ""reverse"": ""xena--warrior-princess_card-back""}","{""name_printed"": ""Famous Duelist"", ""rarity"": ""Common"", ""number"": ""27"", ""type"": ""Character"", ""color"": ""Green"", ""item_dimensions"": ""{\u0022height\u0022: \u00223.5\u0022, \u0022width\u0022: \u00222.5\u0022, \u0022unit\u0022: \u0022inch\u0022}""}",593ea211-b214-41fe-bcbb-2fd86eb1216e,b81d54ba-0974-4dea-b3a0-8e909957de31,Famous Duelist,Famous Duelist,{},xena--warrior-princess_battle-cry_famous-duelist
b58ee550-446f-447d-967a-31fd10393fc5,third-party,0,0,"{""obverse"": ""xena--warrior-princess_battle-cry_gabby's-scrolls"", ""reverse"": ""xena--warrior-princess_card-back""}","{""name_printed"": ""Gabby's Scrolls"", ""rarity"": ""Common"", ""number"": ""26"", ""type"": ""Action"", ""color"": ""Green"", ""item_dimensions"": ""{\u0022height\u0022: \u00223.5\u0022, \u0022width\u0022: \u00222.5\u0022, \u0022unit\u0022: \u0022inch\u0022}""}",593ea211-b214-41fe-bcbb-2fd86eb1216e,b81d54ba-0974-4dea-b3a0-8e909957de31,Gabby's Scrolls,Gabby's Scrolls,{},xena--warrior-princess_battle-cry_gabby's-scrolls
b9382062-7ca4-4719-9fe8-eff044f96f74,third-party,0,0,"{""obverse"": ""xena--warrior-princess_battle-cry_gabrielle"", ""reverse"": ""xena--warrior-princess_card-back""}","{""name_printed"": ""Gabrielle"", ""rarity"": ""Rare"", ""number"": ""47"", ""type"": ""Character"", ""color"": ""Green"", ""item_dimensions"": ""{\u0022height\u0022: \u00223.5\u0022, \u0022width\u0022: \u00222.5\u0022, \u0022unit\u0022: \u0022inch\u0022}""}",593ea211-b214-41fe-bcbb-2fd86eb1216e,b81d54ba-0974-4dea-b3a0-8e909957de31,Gabrielle,Gabrielle,{},xena--warrior-princess_battle-cry_gabrielle
b6425420-c136-477b-b7e5-4afee056c295,third-party,0,0,"{""obverse"": ""xena--warrior-princess_battle-cry_gabrielle-clears-the-way"", ""reverse"": ""xena--warrior-princess_card-back""}","{""name_printed"": ""Gabrielle Clears the Way"", ""rarity"": ""Rare"", ""number"": ""43"", ""type"": ""Action"", ""color"": ""Green"", ""item_dimensions"": ""{\u0022height\u0022: \u00223.5\u0022, \u0022width\u0022: \u00222.5\u0022, \u0022unit\u0022: \u0022inch\u0022}""}",593ea211-b214-41fe-bcbb-2fd86eb1216e,b81d54ba-0974-4dea-b3a0-8e909957de31,Gabrielle Clears the Way,Gabrielle Clears the Way,{},xena--warrior-princess_battle-cry_gabrielle-clears-the-way
91dafeac-dbae-4400-b73c-a65106e3401e,third-party,0,0,"{""obverse"": ""xena--warrior-princess_battle-cry_gabrielle's-sacrifice"", ""reverse"": ""xena--warrior-princess_card-back""}","{""name_printed"": ""Gabrielle's Sacrifice"", ""rarity"": ""Rare"", ""number"": ""50"", ""type"": ""Combat"", ""color"": ""Green"", ""item_dimensions"": ""{\u0022height\u0022: \u00223.5\u0022, \u0022width\u0022: \u00222.5\u0022, \u0022unit\u0022: \u0022inch\u0022}""}",593ea211-b214-41fe-bcbb-2fd86eb1216e,b81d54ba-0974-4dea-b3a0-8e909957de31,Gabrielle's Sacrifice,Gabrielle's Sacrifice,{},xena--warrior-princess_battle-cry_gabrielle's-sacrifice
c5b1a2ac-3091-4561-a0eb-ccf0dd5592fd,third-party,0,0,"{""obverse"": ""xena--warrior-princess_battle-cry_greedy-pirates"", ""reverse"": ""xena--warrior-princess_card-back""}","{""name_printed"": ""Greedy Pirates"", ""rarity"": ""Uncommon"", ""number"": ""36"", ""type"": ""Character"", ""color"": ""Green"", ""item_dimensions"": ""{\u0022height\u0022: \u00223.5\u0022, \u0022width\u0022: \u00222.5\u0022, \u0022unit\u0022: \u0022inch\u0022}""}",593ea211-b214-41fe-bcbb-2fd86eb1216e,b81d54ba-0974-4dea-b3a0-8e909957de31,Greedy Pirates,Greedy Pirates,{},xena--warrior-princess_battle-cry_greedy-pirates
20f45669-753c-4d05-aaf1-6f5ff484bc46,third-party,0,0,"{""obverse"": ""xena--warrior-princess_battle-cry_hades"", ""reverse"": ""xena--warrior-princess_card-back""}","{""name_printed"": ""Hades"", ""rarity"": ""Rare"", ""number"": ""22"", ""type"": ""Character"", ""color"": ""Blue"", ""item_dimensions"": ""{\u0022height\u0022: \u00223.5\u0022, \u0022width\u0022: \u00222.5\u0022, \u0022unit\u0022: \u0022inch\u0022}""}",593ea211-b214-41fe-bcbb-2fd86eb1216e,b81d54ba-0974-4dea-b3a0-8e909957de31,Hades,Hades,{},xena--warrior-princess_battle-cry_hades
feba07e7-790a-41ed-b13c-2c200ab4a77c,third-party,0,0,"{""obverse"": ""xena--warrior-princess_battle-cry_harpies"", ""reverse"": ""xena--warrior-princess_card-back""}","{""name_printed"": ""Harpies"", ""rarity"": ""Uncommon"", ""number"": ""13"", ""type"": ""Character"", ""color"": ""Blue"", ""item_dimensions"": ""{\u0022height\u0022: \u00223.5\u0022, \u0022width\u0022: \u00222.5\u0022, \u0022unit\u0022: \u0022inch\u0022}""}",593ea211-b214-41fe-bcbb-2fd86eb1216e,b81d54ba-0974-4dea-b3a0-8e909957de31,Harpies,Harpies,{},xena--warrior-princess_battle-cry_harpies
f35c8358-a1fc-4438-b827-642f3cc3d9d6,third-party,0,0,"{""obverse"": ""xena--warrior-princess_battle-cry_harpy"", ""reverse"": ""xena--warrior-princess_card-back""}","{""name_printed"": ""Harpy"", ""rarity"": ""Uncommon"", ""number"": ""11"", ""type"": ""Character"", ""color"": ""Blue"", ""item_dimensions"": ""{\u0022height\u0022: \u00223.5\u0022, \u0022width\u0022: \u00222.5\u0022, \u0022unit\u0022: \u0022inch\u0022}""}",593ea211-b214-41fe-bcbb-2fd86eb1216e,b81d54ba-0974-4dea-b3a0-8e909957de31,Harpy,Harpy,{},xena--warrior-princess_battle-cry_harpy
84fb3e3b-c29c-443a-be79-b278d7f3998f,third-party,0,0,"{""obverse"": ""xena--warrior-princess_battle-cry_hestian-stones"", ""reverse"": ""xena--warrior-princess_card-back""}","{""name_printed"": ""Hestian Stones"", ""rarity"": ""Common"", ""number"": ""4"", ""type"": ""Action"", ""color"": ""Blue"", ""item_dimensions"": ""{\u0022height\u0022: \u00223.5\u0022, \u0022width\u0022: \u00222.5\u0022, \u0022unit\u0022: \u0022inch\u0022}""}",593ea211-b214-41fe-bcbb-2fd86eb1216e,b81d54ba-0974-4dea-b3a0-8e909957de31,Hestian Stones,Hestian Stones,{},xena--warrior-princess_battle-cry_hestian-stones
f6530208-03c7-466e-947c-00cec356cd99,third-party,0,0,"{""obverse"": ""xena--warrior-princess_battle-cry_improvised-escape-tool"", ""reverse"": ""xena--warrior-princess_card-back""}","{""name_printed"": ""Improvised Escape Tool"", ""rarity"": ""Rare"", ""number"": ""44"", ""type"": ""Action"", ""color"": ""Green"", ""item_dimensions"": ""{\u0022height\u0022: \u00223.5\u0022, \u0022width\u0022: \u00222.5\u0022, \u0022unit\u0022: \u0022inch\u0022}""}",593ea211-b214-41fe-bcbb-2fd86eb1216e,b81d54ba-0974-4dea-b3a0-8e909957de31,Improvised Escape Tool,Improvised Escape Tool,{},xena--warrior-princess_battle-cry_improvised-escape-tool
72723f5a-5d43-4fb2-8ded-66dff3fc85a6,third-party,0,0,"{""obverse"": ""xena--warrior-princess_battle-cry_ixion-centaur"", ""reverse"": ""xena--warrior-princess_card-back""}","{""name_printed"": ""Ixion Centaur"", ""rarity"": ""Rare"", ""number"": ""72"", ""type"": ""Character"", ""color"": ""Red"", ""item_dimensions"": ""{\u0022height\u0022: \u00223.5\u0022, \u0022width\u0022: \u00222.5\u0022, \u0022unit\u0022: \u0022inch\u0022}""}",593ea211-b214-41fe-bcbb-2fd86eb1216e,b81d54ba-0974-4dea-b3a0-8e909957de31,Ixion Centaur,Ixion Centaur,{},xena--warrior-princess_battle-cry_ixion-centaur
cd453a5b-d061-4a76-a364-f2ff4c130949,third-party,0,0,"{""obverse"": ""xena--warrior-princess_battle-cry_jewel-of-demeter"", ""reverse"": ""xena--warrior-princess_card-back""}","{""name_printed"": ""Jewel of Demeter"", ""rarity"": ""Rare"", ""number"": ""17"", ""type"": ""Action"", ""color"": ""Blue"", ""item_dimensions"": ""{\u0022height\u0022: \u00223.5\u0022, \u0022width\u0022: \u00222.5\u0022, \u0022unit\u0022: \u0022inch\u0022}""}",593ea211-b214-41fe-bcbb-2fd86eb1216e,b81d54ba-0974-4dea-b3a0-8e909957de31,Jewel of Demeter,Jewel of Demeter,{},xena--warrior-princess_battle-cry_jewel-of-demeter
e37c6b97-302e-4d42-a4a5-2700320d4400,third-party,0,0,"{""obverse"": ""xena--warrior-princess_battle-cry_joxer-is-prepared"", ""reverse"": ""xena--warrior-princess_card-back""}","{""name_printed"": ""Joxer is Prepared"", ""rarity"": ""Uncommon"", ""number"": ""40"", ""type"": ""Combat"", ""color"": ""Green"", ""item_dimensions"": ""{\u0022height\u0022: \u00223.5\u0022, \u0022width\u0022: \u00222.5\u0022, \u0022unit\u0022: \u0022inch\u0022}""}",593ea211-b214-41fe-bcbb-2fd86eb1216e,b81d54ba-0974-4dea-b3a0-8e909957de31,Joxer is Prepared,Joxer is Prepared,{},xena--warrior-princess_battle-cry_joxer-is-prepared
15a8f24a-961c-4114-9e12-728760d957cf,third-party,0,0,"{""obverse"": ""xena--warrior-princess_battle-cry_joxer-the-mighty"", ""reverse"": ""xena--warrior-princess_card-back""}","{""name_printed"": ""Joxer the Mighty"", ""rarity"": ""Rare"", ""number"": ""69"", ""type"": ""Character"", ""color"": ""Red"", ""item_dimensions"": ""{\u0022height\u0022: \u00223.5\u0022, \u0022width\u0022: \u00222.5\u0022, \u0022unit\u0022: \u0022inch\u0022}""}",593ea211-b214-41fe-bcbb-2fd86eb1216e,b81d54ba-0974-4dea-b3a0-8e909957de31,Joxer the Mighty,Joxer the Mighty,{},xena--warrior-princess_battle-cry_joxer-the-mighty
85b9242f-ab9a-4410-b9cf-5e9a92535581,third-party,0,0,"{""obverse"": ""xena--warrior-princess_battle-cry_king-sisyphus"", ""reverse"": ""xena--warrior-princess_card-back""}","{""name_printed"": ""King Sisyphus"", ""rarity"": ""Rare"", ""number"": ""21"", ""type"": ""Character"", ""color"": ""Blue"", ""item_dimensions"": ""{\u0022height\u0022: \u00223.5\u0022, \u0022width\u0022: \u00222.5\u0022, \u0022unit\u0022: \u0022inch\u0022}""}",593ea211-b214-41fe-bcbb-2fd86eb1216e,b81d54ba-0974-4dea-b3a0-8e909957de31,King Sisyphus,King Sisyphus,{},xena--warrior-princess_battle-cry_king-sisyphus
69263132-4729-4e35-83b9-962d92da49b2,third-party,0,0,"{""obverse"": ""xena--warrior-princess_battle-cry_many-skills"", ""reverse"": ""xena--warrior-princess_card-back""}","{""name_printed"": ""Many Skills"", ""rarity"": ""Uncommon"", ""number"": ""35"", ""type"": ""Action"", ""color"": ""Green"", ""item_dimensions"": ""{\u0022height\u0022: \u00223.5\u0022, \u0022width\u0022: \u00222.5\u0022, \u0022unit\u0022: \u0022inch\u0022}""}",593ea211-b214-41fe-bcbb-2fd86eb1216e,b81d54ba-0974-4dea-b3a0-8e909957de31,Many Skills,Many Skills,{},xena--warrior-princess_battle-cry_many-skills
4d32c118-8929-47c6-8b15-5ad468bc046a,third-party,0,0,"{""obverse"": ""xena--warrior-princess_battle-cry_massacre"", ""reverse"": ""xena--warrior-princess_card-back""}","{""name_printed"": ""Massacre"", ""rarity"": ""Uncommon"", ""number"": ""62"", ""type"": ""Action"", ""color"": ""Red"", ""item_dimensions"": ""{\u0022height\u0022: \u00223.5\u0022, \u0022width\u0022: \u00222.5\u0022, \u0022unit\u0022: \u0022inch\u0022}""}",593ea211-b214-41fe-bcbb-2fd86eb1216e,b81d54ba-0974-4dea-b3a0-8e909957de31,Massacre,Massacre,{},xena--warrior-princess_battle-cry_massacre
73a3b56e-28ff-4933-9ba0-21bdae03f49d,third-party,0,0,"{""obverse"": ""xena--warrior-princess_battle-cry_meeting-of-the-warlords"", ""reverse"": ""xena--warrior-princess_card-back""}","{""name_printed"": ""Meeting of the Warlords"", ""rarity"": ""Rare"", ""number"": ""68"", ""type"": ""Action"", ""color"": ""Red"", ""item_dimensions"": ""{\u0022height\u0022: \u00223.5\u0022, \u0022width\u0022: \u00222.5\u0022, \u0022unit\u0022: \u0022inch\u0022}""}",593ea211-b214-41fe-bcbb-2fd86eb1216e,b81d54ba-0974-4dea-b3a0-8e909957de31,Meeting of the Warlords,Meeting of the Warlords,{},xena--warrior-princess_battle-cry_meeting-of-the-warlords
74535502-426c-4f49-81b1-a6d51146adee,third-party,0,0,"{""obverse"": ""xena--warrior-princess_battle-cry_mounted-warrior"", ""reverse"": ""xena--warrior-princess_card-back""}","{""name_printed"": ""Mounted Warrior"", ""rarity"": ""Common"", ""number"": ""56"", ""type"": ""Character"", ""color"": ""Red"", ""item_dimensions"": ""{\u0022height\u0022: \u00223.5\u0022, \u0022width\u0022: \u00222.5\u0022, \u0022unit\u0022: \u0022inch\u0022}""}",593ea211-b214-41fe-bcbb-2fd86eb1216e,b81d54ba-0974-4dea-b3a0-8e909957de31,Mounted Warrior,Mounted Warrior,{},xena--warrior-princess_battle-cry_mounted-warrior
45d9e6ed-8e22-4018-a664-64c07e562e38,third-party,0,0,"{""obverse"": ""xena--warrior-princess_battle-cry_promethean-bird"", ""reverse"": ""xena--warrior-princess_card-back""}","{""name_printed"": ""Promethean Bird"", ""rarity"": ""Common"", ""number"": ""8"", ""type"": ""Character"", ""color"": ""Blue"", ""item_dimensions"": ""{\u0022height\u0022: \u00223.5\u0022, \u0022width\u0022: \u00222.5\u0022, \u0022unit\u0022: \u0022inch\u0022}""}",593ea211-b214-41fe-bcbb-2fd86eb1216e,b81d54ba-0974-4dea-b3a0-8e909957de31,Promethean Bird,Promethean Bird,{},xena--warrior-princess_battle-cry_promethean-bird
bfd9cd5b-85b3-4cf2-8a15-a5faae4fd0ae,third-party,0,0,"{""obverse"": ""xena--warrior-princess_battle-cry_ready-for-a-fight"", ""reverse"": ""xena--warrior-princess_card-back""}","{""name_printed"": ""Ready for a Fight"", ""rarity"": ""Common"", ""number"": ""34"", ""type"": ""Combat"", ""color"": ""Green"", ""item_dimensions"": ""{\u0022height\u0022: \u00223.5\u0022, \u0022width\u0022: \u00222.5\u0022, \u0022unit\u0022: \u0022inch\u0022}""}",593ea211-b214-41fe-bcbb-2fd86eb1216e,b81d54ba-0974-4dea-b3a0-8e909957de31,Ready for a Fight,Ready for a Fight,{},xena--warrior-princess_battle-cry_ready-for-a-fight
aaa01d12-fffc-4ce7-a6f1-a6651dc5b4e5,third-party,0,0,"{""obverse"": ""xena--warrior-princess_battle-cry_roman-centurion"", ""reverse"": ""xena--warrior-princess_card-back""}","{""name_printed"": ""Roman Centurion"", ""rarity"": ""Common"", ""number"": ""58"", ""type"": ""Character"", ""color"": ""Red"", ""item_dimensions"": ""{\u0022height\u0022: \u00223.5\u0022, \u0022width\u0022: \u00222.5\u0022, \u0022unit\u0022: \u0022inch\u0022}""}",593ea211-b214-41fe-bcbb-2fd86eb1216e,b81d54ba-0974-4dea-b3a0-8e909957de31,Roman Centurion,Roman Centurion,{},xena--warrior-princess_battle-cry_roman-centurion
ae34960c-7b2c-4f06-8e2e-46912d6d586e,third-party,0,0,"{""obverse"": ""xena--warrior-princess_battle-cry_sintare's-tricks"", ""reverse"": ""xena--warrior-princess_card-back""}","{""name_printed"": ""Sintare's Tricks"", ""rarity"": ""Uncommon"", ""number"": ""66"", ""type"": ""Combat"", ""color"": ""Red"", ""item_dimensions"": ""{\u0022height\u0022: \u00223.5\u0022, \u0022width\u0022: \u00222.5\u0022, \u0022unit\u0022: \u0022inch\u0022}""}",593ea211-b214-41fe-bcbb-2fd86eb1216e,b81d54ba-0974-4dea-b3a0-8e909957de31,Sintare's Tricks,Sintare's Tricks,{},xena--warrior-princess_battle-cry_sintare's-tricks
f752c23d-b426-400c-ac4b-971aca30379b,third-party,0,0,"{""obverse"": ""xena--warrior-princess_battle-cry_sintares"", ""reverse"": ""xena--warrior-princess_card-back""}","{""name_printed"": ""Sintares"", ""rarity"": ""Rare"", ""number"": ""70"", ""type"": ""Character"", ""color"": ""Red"", ""item_dimensions"": ""{\u0022height\u0022: \u00223.5\u0022, \u0022width\u0022: \u00222.5\u0022, \u0022unit\u0022: \u0022inch\u0022}""}",593ea211-b214-41fe-bcbb-2fd86eb1216e,b81d54ba-0974-4dea-b3a0-8e909957de31,Sintares,Sintares,{},xena--warrior-princess_battle-cry_sintares
622814c3-61b9-4514-a26e-55902da9bfdf,third-party,0,0,"{""obverse"": ""xena--warrior-princess_battle-cry_siren's-call"", ""reverse"": ""xena--warrior-princess_card-back""}","{""name_printed"": ""Siren's Call"", ""rarity"": ""Uncommon"", ""number"": ""15"", ""type"": ""Combat"", ""color"": ""Blue"", ""item_dimensions"": ""{\u0022height\u0022: \u00223.5\u0022, \u0022width\u0022: \u00222.5\u0022, \u0022unit\u0022: \u0022inch\u0022}""}",593ea211-b214-41fe-bcbb-2fd86eb1216e,b81d54ba-0974-4dea-b3a0-8e909957de31,Siren's Call,Siren's Call,{},xena--warrior-princess_battle-cry_siren's-call
ea0eae79-6d46-4e5e-ac2e-5c9732ca5eda,third-party,0,0,"{""obverse"": ""xena--warrior-princess_battle-cry_solstice-spirit"", ""reverse"": ""xena--warrior-princess_card-back""}","{""name_printed"": ""Solstice Spirit"", ""rarity"": ""Common"", ""number"": ""7"", ""type"": ""Character"", ""color"": ""Blue"", ""item_dimensions"": ""{\u0022height\u0022: \u00223.5\u0022, \u0022width\u0022: \u00222.5\u0022, \u0022unit\u0022: \u0022inch\u0022}""}",593ea211-b214-41fe-bcbb-2fd86eb1216e,b81d54ba-0974-4dea-b3a0-8e909957de31,Solstice Spirit,Solstice Spirit,{},xena--warrior-princess_battle-cry_solstice-spirit
c7e596dd-4e18-485d-bfe8-149209793208,third-party,0,0,"{""obverse"": ""xena--warrior-princess_battle-cry_song-of-orpheus"", ""reverse"": ""xena--warrior-princess_card-back""}","{""name_printed"": ""Song of Orpheus"", ""rarity"": ""Uncommon"", ""number"": ""16"", ""type"": ""Combat"", ""color"": ""Blue"", ""item_dimensions"": ""{\u0022height\u0022: \u00223.5\u0022, \u0022width\u0022: \u00222.5\u0022, \u0022unit\u0022: \u0022inch\u0022}""}",593ea211-b214-41fe-bcbb-2fd86eb1216e,b81d54ba-0974-4dea-b3a0-8e909957de31,Song of Orpheus,Song of Orpheus,{},xena--warrior-princess_battle-cry_song-of-orpheus
7826af3f-7a0f-4124-b778-2f1f74b761f4,third-party,0,0,"{""obverse"": ""xena--warrior-princess_battle-cry_talmadeus's-raiders"", ""reverse"": ""xena--warrior-princess_card-back""}","{""name_printed"": ""Talmadeus's Raiders"", ""rarity"": ""Uncommon"", ""number"": ""64"", ""type"": ""Character"", ""color"": ""Red"", ""item_dimensions"": ""{\u0022height\u0022: \u00223.5\u0022, \u0022width\u0022: \u00222.5\u0022, \u0022unit\u0022: \u0022inch\u0022}""}",593ea211-b214-41fe-bcbb-2fd86eb1216e,b81d54ba-0974-4dea-b3a0-8e909957de31,Talmadeus's Raiders,Talmadeus's Raiders,{},xena--warrior-princess_battle-cry_talmadeus's-raiders
45a45eaa-17fa-40d5-899e-7c69f32ca240,third-party,0,0,"{""obverse"": ""xena--warrior-princess_battle-cry_total-eclipse"", ""reverse"": ""xena--warrior-princess_card-back""}","{""name_printed"": ""Total Eclipse"", ""rarity"": ""Rare"", ""number"": ""19"", ""type"": ""Action"", ""color"": ""Blue"", ""item_dimensions"": ""{\u0022height\u0022: \u00223.5\u0022, \u0022width\u0022: \u00222.5\u0022, \u0022unit\u0022: \u0022inch\u0022}""}",593ea211-b214-41fe-bcbb-2fd86eb1216e,b81d54ba-0974-4dea-b3a0-8e909957de31,Total Eclipse,Total Eclipse,{},xena--warrior-princess_battle-cry_total-eclipse
38769763-50a6-476f-97a5-fe6b0b94a35f,third-party,0,0,"{""obverse"": ""xena--warrior-princess_battle-cry_transformed-bacchae"", ""reverse"": ""xena--warrior-princess_card-back""}","{""name_printed"": ""Transformed Bacchae"", ""rarity"": ""Common"", ""number"": ""6"", ""type"": ""Character"", ""color"": ""Blue"", ""item_dimensions"": ""{\u0022height\u0022: \u00223.5\u0022, \u0022width\u0022: \u00222.5\u0022, \u0022unit\u0022: \u0022inch\u0022}""}",593ea211-b214-41fe-bcbb-2fd86eb1216e,b81d54ba-0974-4dea-b3a0-8e909957de31,Transformed Bacchae,Transformed Bacchae,{},xena--warrior-princess_battle-cry_transformed-bacchae
a5132910-984d-465e-9cfc-f12ec9fae71f,third-party,0,0,"{""obverse"": ""xena--warrior-princess_battle-cry_trapped-in-tartarus"", ""reverse"": ""xena--warrior-princess_card-back""}","{""name_printed"": ""Trapped in Tartarus"", ""rarity"": ""Rare"", ""number"": ""18"", ""type"": ""Action"", ""color"": ""Blue"", ""item_dimensions"": ""{\u0022height\u0022: \u00223.5\u0022, \u0022width\u0022: \u00222.5\u0022, \u0022unit\u0022: \u0022inch\u0022}""}",593ea211-b214-41fe-bcbb-2fd86eb1216e,b81d54ba-0974-4dea-b3a0-8e909957de31,Trapped in Tartarus,Trapped in Tartarus,{},xena--warrior-princess_battle-cry_trapped-in-tartarus
5a8ec7f4-2839-49cc-b60a-dafcf4bda68a,third-party,0,0,"{""obverse"": ""xena--warrior-princess_battle-cry_treachery"", ""reverse"": ""xena--warrior-princess_card-back""}","{""name_printed"": ""Treachery"", ""rarity"": ""Rare"", ""number"": ""67"", ""type"": ""Action"", ""color"": ""Red"", ""item_dimensions"": ""{\u0022height\u0022: \u00223.5\u0022, \u0022width\u0022: \u00222.5\u0022, \u0022unit\u0022: \u0022inch\u0022}""}",593ea211-b214-41fe-bcbb-2fd86eb1216e,b81d54ba-0974-4dea-b3a0-8e909957de31,Treachery,Treachery,{},xena--warrior-princess_battle-cry_treachery
dd1330db-4c1c-4cdd-87a9-ae500fe1572e,third-party,0,0,"{""obverse"": ""xena--warrior-princess_battle-cry_underworld-escapee"", ""reverse"": ""xena--warrior-princess_card-back""}","{""name_printed"": ""Underworld Escapee"", ""rarity"": ""Uncommon"", ""number"": ""14"", ""type"": ""Character"", ""color"": ""Blue"", ""item_dimensions"": ""{\u0022height\u0022: \u00223.5\u0022, \u0022width\u0022: \u00222.5\u0022, \u0022unit\u0022: \u0022inch\u0022}""}",593ea211-b214-41fe-bcbb-2fd86eb1216e,b81d54ba-0974-4dea-b3a0-8e909957de31,Underworld Escapee,Underworld Escapee,{},xena--warrior-princess_battle-cry_underworld-escapee
6e13b021-5585-427f-bfb6-a4dc31b34cf4,third-party,0,0,"{""obverse"": ""xena--warrior-princess_battle-cry_untrained-amazon"", ""reverse"": ""xena--warrior-princess_card-back""}","{""name_printed"": ""Untrained Amazon"", ""rarity"": ""Common"", ""number"": ""29"", ""type"": ""Character"", ""color"": ""Green"", ""item_dimensions"": ""{\u0022height\u0022: \u00223.5\u0022, \u0022width\u0022: \u00222.5\u0022, \u0022unit\u0022: \u0022inch\u0022}""}",593ea211-b214-41fe-bcbb-2fd86eb1216e,b81d54ba-0974-4dea-b3a0-8e909957de31,Untrained Amazon,Untrained Amazon,{},xena--warrior-princess_battle-cry_untrained-amazon
9b2f1359-97b1-4038-a31b-032b9ebeedbb,third-party,0,0,"{""obverse"": ""xena--warrior-princess_battle-cry_velasca"", ""reverse"": ""xena--warrior-princess_card-back""}","{""name_printed"": ""Velasca"", ""rarity"": ""Rare"", ""number"": ""23"", ""type"": ""Character"", ""color"": ""Blue"", ""item_dimensions"": ""{\u0022height\u0022: \u00223.5\u0022, \u0022width\u0022: \u00222.5\u0022, \u0022unit\u0022: \u0022inch\u0022}""}",593ea211-b214-41fe-bcbb-2fd86eb1216e,b81d54ba-0974-4dea-b3a0-8e909957de31,Velasca,Velasca,{},xena--warrior-princess_battle-cry_velasca
afae5230-f089-4fb2-bcd5-8ef2df8ae318,third-party,0,0,"{""obverse"": ""xena--warrior-princess_battle-cry_velasca-attacks"", ""reverse"": ""xena--warrior-princess_card-back""}","{""name_printed"": ""Velasca Attacks"", ""rarity"": ""Uncommon"", ""number"": ""10"", ""type"": ""Action"", ""color"": ""Blue"", ""item_dimensions"": ""{\u0022height\u0022: \u00223.5\u0022, \u0022width\u0022: \u00222.5\u0022, \u0022unit\u0022: \u0022inch\u0022}""}",593ea211-b214-41fe-bcbb-2fd86eb1216e,b81d54ba-0974-4dea-b3a0-8e909957de31,Velasca Attacks,Velasca Attacks,{},xena--warrior-princess_battle-cry_velasca-attacks
967dbd17-0e95-4d54-b071-fef76825c4a7,third-party,0,0,"{""obverse"": ""xena--warrior-princess_battle-cry_velasca's-wrath"", ""reverse"": ""xena--warrior-princess_card-back""}","{""name_printed"": ""Velasca's Wrath"", ""rarity"": ""Common"", ""number"": ""2"", ""type"": ""Action"", ""color"": ""Blue"", ""item_dimensions"": ""{\u0022height\u0022: \u00223.5\u0022, \u0022width\u0022: \u00222.5\u0022, \u0022unit\u0022: \u0022inch\u0022}""}",593ea211-b214-41fe-bcbb-2fd86eb1216e,b81d54ba-0974-4dea-b3a0-8e909957de31,Velasca's Wrath,Velasca's Wrath,{},xena--warrior-princess_battle-cry_velasca's-wrath
5975032f-d854-46a9-a54d-a3e8b6c7eacb,third-party,0,0,"{""obverse"": ""xena--warrior-princess_battle-cry_war-chariot"", ""reverse"": ""xena--warrior-princess_card-back""}","{""name_printed"": ""War Chariot"", ""rarity"": ""Rare"", ""number"": ""74"", ""type"": ""Character"", ""color"": ""Red"", ""item_dimensions"": ""{\u0022height\u0022: \u00223.5\u0022, \u0022width\u0022: \u00222.5\u0022, \u0022unit\u0022: \u0022inch\u0022}""}",593ea211-b214-41fe-bcbb-2fd86eb1216e,b81d54ba-0974-4dea-b3a0-8e909957de31,War Chariot,War Chariot,{},xena--warrior-princess_battle-cry_war-chariot
ff71cf8e-5b34-4345-9a89-de1c54e6cfd4,third-party,0,0,"{""obverse"": ""xena--warrior-princess_battle-cry_xena-puts-on-the-pinch"", ""reverse"": ""xena--warrior-princess_card-back""}","{""name_printed"": ""Xena Puts on the Pinch"", ""rarity"": ""Rare"", ""number"": ""49"", ""type"": ""Combat"", ""color"": ""Green"", ""item_dimensions"": ""{\u0022height\u0022: \u00223.5\u0022, \u0022width\u0022: \u00222.5\u0022, \u0022unit\u0022: \u0022inch\u0022}""}",593ea211-b214-41fe-bcbb-2fd86eb1216e,b81d54ba-0974-4dea-b3a0-8e909957de31,Xena Puts on the Pinch,Xena Puts on the Pinch,{},xena--warrior-princess_battle-cry_xena-puts-on-the-pinch
030b22f9-26de-4a14-9e73-3be05b2f3316,third-party,0,0,"{""obverse"": ""xena--warrior-princess_battle-cry_xena,-warrior-princess"", ""reverse"": ""xena--warrior-princess_card-back""}","{""name_printed"": ""Xena, Warrior Princess"", ""rarity"": ""Rare"", ""number"": ""48"", ""type"": ""Character"", ""color"": ""Green"", ""item_dimensions"": ""{\u0022height\u0022: \u00223.5\u0022, \u0022width\u0022: \u00222.5\u0022, \u0022unit\u0022: \u0022inch\u0022}""}",593ea211-b214-41fe-bcbb-2fd86eb1216e,b81d54ba-0974-4dea-b3a0-8e909957de31,"Xena, Warrior Princess","Xena, Warrior Princess",{},"xena--warrior-princess_battle-cry_xena,-warrior-princess"
87182bdf-1b6a-4b09-95b1-3aceaa87cb3d,third-party,0,0,"{""obverse"": ""xena--warrior-princess_battle-cry_xena's-discovery"", ""reverse"": ""xena--warrior-princess_card-back""}","{""name_printed"": ""Xena's Discovery"", ""rarity"": ""Rare"", ""number"": ""42"", ""type"": ""Action"", ""color"": ""Green"", ""item_dimensions"": ""{\u0022height\u0022: \u00223.5\u0022, \u0022width\u0022: \u00222.5\u0022, \u0022unit\u0022: \u0022inch\u0022}""}",593ea211-b214-41fe-bcbb-2fd86eb1216e,b81d54ba-0974-4dea-b3a0-8e909957de31,Xena's Discovery,Xena's Discovery,{},xena--warrior-princess_battle-cry_xena's-discovery
7b9b9b52-a8a2-4677-9122-3d92b79dbf63,third-party,0,0,"{""obverse"": ""xena--warrior-princess_battle-cry_xena's-graveyard-search"", ""reverse"": ""xena--warrior-princess_card-back""}","{""name_printed"": ""Xena's Graveyard Search"", ""rarity"": ""Common"", ""number"": ""3"", ""type"": ""Action"", ""color"": ""Blue"", ""item_dimensions"": ""{\u0022height\u0022: \u00223.5\u0022, \u0022width\u0022: \u00222.5\u0022, \u0022unit\u0022: \u0022inch\u0022}""}",593ea211-b214-41fe-bcbb-2fd86eb1216e,b81d54ba-0974-4dea-b3a0-8e909957de31,Xena's Graveyard Search,Xena's Graveyard Search,{},xena--warrior-princess_battle-cry_xena's-graveyard-search
a5951de6-35fd-4dcc-bdfd-00ad52cb8946,third-party,0,0,"{""obverse"": ""xena--warrior-princess_battle-cry_yii-yii-yii-yii-yii-yii-yii!"", ""reverse"": ""xena--warrior-princess_card-back""}","{""name_printed"": ""YII-YII-YII-YII-YII-YII-YII!"", ""rarity"": ""Uncommon"", ""number"": ""41"", ""type"": ""Combat"", ""color"": ""Green"", ""item_dimensions"": ""{\u0022height\u0022: \u00223.5\u0022, \u0022width\u0022: \u00222.5\u0022, \u0022unit\u0022: \u0022inch\u0022}""}",593ea211-b214-41fe-bcbb-2fd86eb1216e,b81d54ba-0974-4dea-b3a0-8e909957de31,YII-YII-YII-YII-YII-YII-YII!,YII-YII-YII-YII-YII-YII-YII!,{},xena--warrior-princess_battle-cry_yii-yii-yii-yii-yii-yii-yii!
2183390c-a6f1-448a-929d-e05b3b52d3c5,third-party,0,0,"{""obverse"": ""xena--warrior-princess_battle-cry_young-centaur"", ""reverse"": ""xena--warrior-princess_card-back""}","{""name_printed"": ""Young Centaur"", ""rarity"": ""Common"", ""number"": ""30"", ""type"": ""Character"", ""color"": ""Green"", ""item_dimensions"": ""{\u0022height\u0022: \u00223.5\u0022, \u0022width\u0022: \u00222.5\u0022, \u0022unit\u0022: \u0022inch\u0022}""}",593ea211-b214-41fe-bcbb-2fd86eb1216e,b81d54ba-0974-4dea-b3a0-8e909957de31,Young Centaur,Young Centaur,{},xena--warrior-princess_battle-cry_young-centaur
1d6c94ca-436b-4d0d-be86-46dd21f235dc,third-party,0,0,"{""obverse"": ""xena--warrior-princess_battle-cry_young-priest"", ""reverse"": ""xena--warrior-princess_card-back""}","{""name_printed"": ""Young Priest"", ""rarity"": ""Common"", ""number"": ""5"", ""type"": ""Character"", ""color"": ""Blue"", ""item_dimensions"": ""{\u0022height\u0022: \u00223.5\u0022, \u0022width\u0022: \u00222.5\u0022, \u0022unit\u0022: \u0022inch\u0022}""}",593ea211-b214-41fe-bcbb-2fd86eb1216e,b81d54ba-0974-4dea-b3a0-8e909957de31,Young Priest,Young Priest,{},xena--warrior-princess_battle-cry_young-priest