id,source,imaged,documented,images,attributes,game_id,set_id,functional_name,item_name,source_notes,game_set_item_slug
4177698a-910b-4948-9194-b44add2ce62b,item,1,0,"{""obverse"": ""vampire-the-masquerade-rivals_core-set_-38-special"", ""reverse"": """"}","{""name_printed"": "".38 Special"", ""item_dimensions"": ""{\u0022height\u0022: \u00223.5\u0022, \u0022width\u0022: \u00222.5\u0022, \u0022unit\u0022: \u0022inch\u0022}""}",431688b2-9751-4d84-8a04-98318044ba92,0de5b303-55bf-48ca-a844-b5498c4bfbfa,.38 Special,.38 Special,{},vampire-the-masquerade-rivals_core-set_-38-special
35dd23ab-e1a1-45e0-a70a-4eaedc60e3d4,item,1,0,"{""obverse"": ""vampire-the-masquerade-rivals_core-set_a-biting-comment"", ""reverse"": """"}","{""name_printed"": ""A Biting Comment"", ""item_dimensions"": ""{\u0022height\u0022: \u00223.5\u0022, \u0022width\u0022: \u00222.5\u0022, \u0022unit\u0022: \u0022inch\u0022}""}",431688b2-9751-4d84-8a04-98318044ba92,0de5b303-55bf-48ca-a844-b5498c4bfbfa,A Biting Comment,A Biting Comment,{},vampire-the-masquerade-rivals_core-set_a-biting-comment
f5fbf456-76ff-413a-9dbf-11918338853c,item,1,0,"{""obverse"": ""vampire-the-masquerade-rivals_core-set_addict"", ""reverse"": ""vampire-the-masquerade-rivals_card-back_city-deck""}","{""name_printed"": ""Addict"", ""deck"": ""City Deck"", ""item_dimensions"": ""{\u0022height\u0022: \u00223.5\u0022, \u0022width\u0022: \u00222.5\u0022, \u0022unit\u0022: \u0022inch\u0022}""}",431688b2-9751-4d84-8a04-98318044ba92,0de5b303-55bf-48ca-a844-b5498c4bfbfa,Addict,Addict,{},vampire-the-masquerade-rivals_core-set_addict
3cd8a76f-a403-4d3b-b028-3fa82e2c3828,item,1,0,"{""obverse"": ""vampire-the-masquerade-rivals_core-set_all-tied-up"", ""reverse"": """"}","{""name_printed"": ""All Tied Up"", ""item_dimensions"": ""{\u0022height\u0022: \u00223.5\u0022, \u0022width\u0022: \u00222.5\u0022, \u0022unit\u0022: \u0022inch\u0022}""}",431688b2-9751-4d84-8a04-98318044ba92,0de5b303-55bf-48ca-a844-b5498c4bfbfa,All Tied Up,All Tied Up,{},vampire-the-masquerade-rivals_core-set_all-tied-up
d598de8f-62a3-403c-881c-becd0e6d3641,item,1,0,"{""obverse"": ""vampire-the-masquerade-rivals_core-set_artist-lofts"", ""reverse"": ""vampire-the-masquerade-rivals_card-back_haven""}","{""name_printed"": ""Artist Lofts"", ""deck"": ""Haven"", ""item_dimensions"": ""{\u0022height\u0022: \u00223.5\u0022, \u0022width\u0022: \u00222.5\u0022, \u0022unit\u0022: \u0022inch\u0022}""}",431688b2-9751-4d84-8a04-98318044ba92,0de5b303-55bf-48ca-a844-b5498c4bfbfa,Artist Lofts,Artist Lofts,{},vampire-the-masquerade-rivals_core-set_artist-lofts
426fc046-5c64-4723-b094-714f899b1101,item,1,0,"{""obverse"": ""vampire-the-masquerade-rivals_core-set_assert-authority"", ""reverse"": """"}","{""name_printed"": ""Assert Authority"", ""item_dimensions"": ""{\u0022height\u0022: \u00223.5\u0022, \u0022width\u0022: \u00222.5\u0022, \u0022unit\u0022: \u0022inch\u0022}""}",431688b2-9751-4d84-8a04-98318044ba92,0de5b303-55bf-48ca-a844-b5498c4bfbfa,Assert Authority,Assert Authority,{},vampire-the-masquerade-rivals_core-set_assert-authority
0e2f2f1e-fcdd-4153-ac32-e12fb128ef62,item,1,0,"{""obverse"": ""vampire-the-masquerade-rivals_core-set_athlete"", ""reverse"": ""vampire-the-masquerade-rivals_card-back_city-deck""}","{""name_printed"": ""Athlete"", ""deck"": ""City Deck"", ""item_dimensions"": ""{\u0022height\u0022: \u00223.5\u0022, \u0022width\u0022: \u00222.5\u0022, \u0022unit\u0022: \u0022inch\u0022}""}",431688b2-9751-4d84-8a04-98318044ba92,0de5b303-55bf-48ca-a844-b5498c4bfbfa,Athlete,Athlete,{},vampire-the-masquerade-rivals_core-set_athlete
14b978d3-aaaa-4e01-a404-3858b7a2ddcf,item,1,0,"{""obverse"": ""vampire-the-masquerade-rivals_core-set_backhanded-compliment"", ""reverse"": """"}","{""name_printed"": ""Backhanded Compliment"", ""item_dimensions"": ""{\u0022height\u0022: \u00223.5\u0022, \u0022width\u0022: \u00222.5\u0022, \u0022unit\u0022: \u0022inch\u0022}""}",431688b2-9751-4d84-8a04-98318044ba92,0de5b303-55bf-48ca-a844-b5498c4bfbfa,Backhanded Compliment,Backhanded Compliment,{},vampire-the-masquerade-rivals_core-set_backhanded-compliment
59c6d36d-7f96-44c5-9cd7-0d4df351eefd,item,1,0,"{""obverse"": ""vampire-the-masquerade-rivals_core-set_bad-penny"", ""reverse"": ""vampire-the-masquerade-rivals_card-back_faction-deck""}","{""name_printed"": ""Bad Penny"", ""deck"": ""Faction Deck"", ""item_dimensions"": ""{\u0022height\u0022: \u00223.5\u0022, \u0022width\u0022: \u00222.5\u0022, \u0022unit\u0022: \u0022inch\u0022}""}",431688b2-9751-4d84-8a04-98318044ba92,0de5b303-55bf-48ca-a844-b5498c4bfbfa,Bad Penny,Bad Penny,{},vampire-the-masquerade-rivals_core-set_bad-penny
acfd1b69-f1e0-4eb4-a1f2-4226907cd5cf,item,1,0,"{""obverse"": ""vampire-the-masquerade-rivals_core-set_balance-of-power"", ""reverse"": """"}","{""name_printed"": ""Balance of Power"", ""item_dimensions"": ""{\u0022height\u0022: \u00223.5\u0022, \u0022width\u0022: \u00222.5\u0022, \u0022unit\u0022: \u0022inch\u0022}""}",431688b2-9751-4d84-8a04-98318044ba92,0de5b303-55bf-48ca-a844-b5498c4bfbfa,Balance of Power,Balance of Power,{},vampire-the-masquerade-rivals_core-set_balance-of-power
80cb266c-6c27-45f4-84ce-bf86c8881121,item,1,0,"{""obverse"": ""vampire-the-masquerade-rivals_core-set_base-of-power"", ""reverse"": ""vampire-the-masquerade-rivals_card-back_agenda""}","{""name_printed"": ""Base of Power"", ""deck"": ""Agenda"", ""item_dimensions"": ""{\u0022height\u0022: \u00223.5\u0022, \u0022width\u0022: \u00222.5\u0022, \u0022unit\u0022: \u0022inch\u0022}""}",431688b2-9751-4d84-8a04-98318044ba92,0de5b303-55bf-48ca-a844-b5498c4bfbfa,Base of Power,Base of Power,{},vampire-the-masquerade-rivals_core-set_base-of-power
6dc6ce45-fd73-421a-ac54-45bde0c83d5f,item,1,0,"{""obverse"": ""vampire-the-masquerade-rivals_core-set_baseball-bat"", ""reverse"": """"}","{""name_printed"": ""Baseball Bat"", ""item_dimensions"": ""{\u0022height\u0022: \u00223.5\u0022, \u0022width\u0022: \u00222.5\u0022, \u0022unit\u0022: \u0022inch\u0022}""}",431688b2-9751-4d84-8a04-98318044ba92,0de5b303-55bf-48ca-a844-b5498c4bfbfa,Baseball Bat,Baseball Bat,{},vampire-the-masquerade-rivals_core-set_baseball-bat
3465d868-e0ff-4dab-9902-2b6672c52773,item,1,0,"{""obverse"": ""vampire-the-masquerade-rivals_core-set_beauty-is-a-beast"", ""reverse"": """"}","{""name_printed"": ""Beauty is a Beast"", ""item_dimensions"": ""{\u0022height\u0022: \u00223.5\u0022, \u0022width\u0022: \u00222.5\u0022, \u0022unit\u0022: \u0022inch\u0022}""}",431688b2-9751-4d84-8a04-98318044ba92,0de5b303-55bf-48ca-a844-b5498c4bfbfa,Beauty is a Beast,Beauty is a Beast,{},vampire-the-masquerade-rivals_core-set_beauty-is-a-beast
6a6b4eec-691c-4762-b04f-d3142a88824e,item,1,0,"{""obverse"": ""vampire-the-masquerade-rivals_core-set_bella-forte"", ""reverse"": ""vampire-the-masquerade-rivals_card-back_faction-deck""}","{""name_printed"": ""Bella Forte"", ""deck"": ""Faction Deck"", ""item_dimensions"": ""{\u0022height\u0022: \u00223.5\u0022, \u0022width\u0022: \u00222.5\u0022, \u0022unit\u0022: \u0022inch\u0022}""}",431688b2-9751-4d84-8a04-98318044ba92,0de5b303-55bf-48ca-a844-b5498c4bfbfa,Bella Forte,Bella Forte,{},vampire-the-masquerade-rivals_core-set_bella-forte
e2dbfe4a-9e6e-4277-8a20-6383d88c132c,item,1,0,"{""obverse"": ""vampire-the-masquerade-rivals_core-set_beretta"", ""reverse"": ""vampire-the-masquerade-rivals_card-back_faction-deck""}","{""name_printed"": ""Beretta"", ""deck"": ""Faction Deck"", ""item_dimensions"": ""{\u0022height\u0022: \u00223.5\u0022, \u0022width\u0022: \u00222.5\u0022, \u0022unit\u0022: \u0022inch\u0022}""}",431688b2-9751-4d84-8a04-98318044ba92,0de5b303-55bf-48ca-a844-b5498c4bfbfa,Beretta,Beretta,{},vampire-the-masquerade-rivals_core-set_beretta
11723b98-900c-442a-a72f-9e4826e0b701,item,1,0,"{""obverse"": ""vampire-the-masquerade-rivals_core-set_blood-for-blood"", ""reverse"": """"}","{""name_printed"": ""Blood for Blood"", ""item_dimensions"": ""{\u0022height\u0022: \u00223.5\u0022, \u0022width\u0022: \u00222.5\u0022, \u0022unit\u0022: \u0022inch\u0022}""}",431688b2-9751-4d84-8a04-98318044ba92,0de5b303-55bf-48ca-a844-b5498c4bfbfa,Blood for Blood,Blood for Blood,{},vampire-the-masquerade-rivals_core-set_blood-for-blood
fb2d8ffd-af2a-4519-bc9d-e36b32c8d62f,item,1,0,"{""obverse"": ""vampire-the-masquerade-rivals_core-set_bong-cha-park"", ""reverse"": ""vampire-the-masquerade-rivals_card-back_faction-deck""}","{""name_printed"": ""Bong-Cha Park"", ""deck"": ""Faction Deck"", ""item_dimensions"": ""{\u0022height\u0022: \u00223.5\u0022, \u0022width\u0022: \u00222.5\u0022, \u0022unit\u0022: \u0022inch\u0022}""}",431688b2-9751-4d84-8a04-98318044ba92,0de5b303-55bf-48ca-a844-b5498c4bfbfa,Bong-Cha Park,Bong-Cha Park,{},vampire-the-masquerade-rivals_core-set_bong-cha-park
f6e5d962-5166-43e6-8aed-005dd075cbda,item,1,0,"{""obverse"": ""vampire-the-masquerade-rivals_core-set_brother"", ""reverse"": ""vampire-the-masquerade-rivals_card-back_faction-deck""}","{""name_printed"": ""Brother"", ""deck"": ""Faction Deck"", ""item_dimensions"": ""{\u0022height\u0022: \u00223.5\u0022, \u0022width\u0022: \u00222.5\u0022, \u0022unit\u0022: \u0022inch\u0022}""}",431688b2-9751-4d84-8a04-98318044ba92,0de5b303-55bf-48ca-a844-b5498c4bfbfa,Brother,Brother,{},vampire-the-masquerade-rivals_core-set_brother
84a03ac0-0dfc-4d7e-bbf6-0700b92253bc,item,1,0,"{""obverse"": ""vampire-the-masquerade-rivals_core-set_bruno-wagner"", ""reverse"": ""vampire-the-masquerade-rivals_card-back_faction-deck""}","{""name_printed"": ""Bruno Wagner"", ""deck"": ""Faction Deck"", ""item_dimensions"": ""{\u0022height\u0022: \u00223.5\u0022, \u0022width\u0022: \u00222.5\u0022, \u0022unit\u0022: \u0022inch\u0022}""}",431688b2-9751-4d84-8a04-98318044ba92,0de5b303-55bf-48ca-a844-b5498c4bfbfa,Bruno Wagner,Bruno Wagner,{},vampire-the-masquerade-rivals_core-set_bruno-wagner
ae957af1-a2ca-4a9a-98ce-b252f067a39a,item,1,0,"{""obverse"": ""vampire-the-masquerade-rivals_core-set_bunny-benitez"", ""reverse"": ""vampire-the-masquerade-rivals_card-back_faction-deck""}","{""name_printed"": ""Bunny Benitez"", ""deck"": ""Faction Deck"", ""item_dimensions"": ""{\u0022height\u0022: \u00223.5\u0022, \u0022width\u0022: \u00222.5\u0022, \u0022unit\u0022: \u0022inch\u0022}""}",431688b2-9751-4d84-8a04-98318044ba92,0de5b303-55bf-48ca-a844-b5498c4bfbfa,Bunny Benitez,Bunny Benitez,{},vampire-the-masquerade-rivals_core-set_bunny-benitez
0fc47236-23c7-440e-9ccb-c7c69ded9fed,item,1,0,"{""obverse"": ""vampire-the-masquerade-rivals_core-set_burning-down-the-house"", ""reverse"": ""vampire-the-masquerade-rivals_card-back_library""}","{""name_printed"": ""Burning Down the House"", ""deck"": ""Library"", ""item_dimensions"": ""{\u0022height\u0022: \u00223.5\u0022, \u0022width\u0022: \u00222.5\u0022, \u0022unit\u0022: \u0022inch\u0022}""}",431688b2-9751-4d84-8a04-98318044ba92,0de5b303-55bf-48ca-a844-b5498c4bfbfa,Burning Down the House,Burning Down the House,{},vampire-the-masquerade-rivals_core-set_burning-down-the-house
78e8cf83-7d38-4339-9ed9-c04f00e06ac2,item,1,0,"{""obverse"": ""vampire-the-masquerade-rivals_core-set_cable-car-accident"", ""reverse"": ""vampire-the-masquerade-rivals_card-back_city-deck""}","{""name_printed"": ""Cable Car Accident"", ""deck"": ""City Deck"", ""item_dimensions"": ""{\u0022height\u0022: \u00223.5\u0022, \u0022width\u0022: \u00222.5\u0022, \u0022unit\u0022: \u0022inch\u0022}""}",431688b2-9751-4d84-8a04-98318044ba92,0de5b303-55bf-48ca-a844-b5498c4bfbfa,Cable Car Accident,Cable Car Accident,{},vampire-the-masquerade-rivals_core-set_cable-car-accident
9686f949-e959-4456-b48a-71a13dc7edad,item,1,0,"{""obverse"": ""vampire-the-masquerade-rivals_core-set_castro-street-party"", ""reverse"": ""vampire-the-masquerade-rivals_card-back_city-deck""}","{""name_printed"": ""Castro Street Party"", ""deck"": ""City Deck"", ""item_dimensions"": ""{\u0022height\u0022: \u00223.5\u0022, \u0022width\u0022: \u00222.5\u0022, \u0022unit\u0022: \u0022inch\u0022}""}",431688b2-9751-4d84-8a04-98318044ba92,0de5b303-55bf-48ca-a844-b5498c4bfbfa,Castro Street Party,Castro Street Party,{},vampire-the-masquerade-rivals_core-set_castro-street-party
0e681d9e-437d-4879-87e8-e96b49a406a6,item,1,0,"{""obverse"": ""vampire-the-masquerade-rivals_core-set_chef"", ""reverse"": ""vampire-the-masquerade-rivals_card-back_city-deck""}","{""name_printed"": ""Chef"", ""deck"": ""City Deck"", ""item_dimensions"": ""{\u0022height\u0022: \u00223.5\u0022, \u0022width\u0022: \u00222.5\u0022, \u0022unit\u0022: \u0022inch\u0022}""}",431688b2-9751-4d84-8a04-98318044ba92,0de5b303-55bf-48ca-a844-b5498c4bfbfa,Chef,Chef,{},vampire-the-masquerade-rivals_core-set_chef
1bbf02d9-4a76-4d60-b626-8c2279833eaf,item,1,0,"{""obverse"": ""vampire-the-masquerade-rivals_core-set_chinese-new-year"", ""reverse"": ""vampire-the-masquerade-rivals_card-back_city-deck""}","{""name_printed"": ""Chinese New Year"", ""deck"": ""City Deck"", ""item_dimensions"": ""{\u0022height\u0022: \u00223.5\u0022, \u0022width\u0022: \u00222.5\u0022, \u0022unit\u0022: \u0022inch\u0022}""}",431688b2-9751-4d84-8a04-98318044ba92,0de5b303-55bf-48ca-a844-b5498c4bfbfa,Chinese New Year,Chinese New Year,{},vampire-the-masquerade-rivals_core-set_chinese-new-year
5d3719ce-3d5e-4120-a33e-8146ca5c5d9f,item,1,0,"{""obverse"": ""vampire-the-masquerade-rivals_core-set_city-on-the-brink"", ""reverse"": ""vampire-the-masquerade-rivals_card-back_city-deck""}","{""name_printed"": ""City on the Brink"", ""deck"": ""City Deck"", ""item_dimensions"": ""{\u0022height\u0022: \u00223.5\u0022, \u0022width\u0022: \u00222.5\u0022, \u0022unit\u0022: \u0022inch\u0022}""}",431688b2-9751-4d84-8a04-98318044ba92,0de5b303-55bf-48ca-a844-b5498c4bfbfa,City on the Brink,City on the Brink,{},vampire-the-masquerade-rivals_core-set_city-on-the-brink
cac9d6e4-d1f0-474d-8c3e-5fd998ec6b24,item,1,0,"{""obverse"": ""vampire-the-masquerade-rivals_core-set_cloak-of-shadows"", ""reverse"": """"}","{""name_printed"": ""Cloak of Shadows"", ""item_dimensions"": ""{\u0022height\u0022: \u00223.5\u0022, \u0022width\u0022: \u00222.5\u0022, \u0022unit\u0022: \u0022inch\u0022}""}",431688b2-9751-4d84-8a04-98318044ba92,0de5b303-55bf-48ca-a844-b5498c4bfbfa,Cloak of Shadows,Cloak of Shadows,{},vampire-the-masquerade-rivals_core-set_cloak-of-shadows
53f12df7-4966-4fb9-b4af-7e20e15b4150,item,1,0,"{""obverse"": ""vampire-the-masquerade-rivals_core-set_cop"", ""reverse"": ""vampire-the-masquerade-rivals_card-back_city-deck""}","{""name_printed"": ""Cop"", ""deck"": ""City Deck"", ""item_dimensions"": ""{\u0022height\u0022: \u00223.5\u0022, \u0022width\u0022: \u00222.5\u0022, \u0022unit\u0022: \u0022inch\u0022}""}",431688b2-9751-4d84-8a04-98318044ba92,0de5b303-55bf-48ca-a844-b5498c4bfbfa,Cop,Cop,{},vampire-the-masquerade-rivals_core-set_cop
5c9c4b95-800f-4651-a402-17f9153c9717,item,1,0,"{""obverse"": ""vampire-the-masquerade-rivals_core-set_coup-de-grâce"", ""reverse"": ""vampire-the-masquerade-rivals_card-back_library""}","{""name_printed"": ""Coup de Grâce"", ""deck"": ""Library"", ""item_dimensions"": ""{\u0022height\u0022: \u00223.5\u0022, \u0022width\u0022: \u00222.5\u0022, \u0022unit\u0022: \u0022inch\u0022}""}",431688b2-9751-4d84-8a04-98318044ba92,0de5b303-55bf-48ca-a844-b5498c4bfbfa,Coup de Grâce,Coup de Grâce,{},vampire-the-masquerade-rivals_core-set_coup-de-grâce
fd790148-f196-48fc-92e2-52c01d640f18,item,1,0,"{""obverse"": ""vampire-the-masquerade-rivals_core-set_demand-obedience"", ""reverse"": """"}","{""name_printed"": ""Demand Obedience"", ""item_dimensions"": ""{\u0022height\u0022: \u00223.5\u0022, \u0022width\u0022: \u00222.5\u0022, \u0022unit\u0022: \u0022inch\u0022}""}",431688b2-9751-4d84-8a04-98318044ba92,0de5b303-55bf-48ca-a844-b5498c4bfbfa,Demand Obedience,Demand Obedience,{},vampire-the-masquerade-rivals_core-set_demand-obedience
94f6d6de-3746-4120-afb4-9233f4cb73a6,item,1,0,"{""obverse"": ""vampire-the-masquerade-rivals_core-set_destroy-the-plans"", ""reverse"": ""vampire-the-masquerade-rivals_card-back_library""}","{""name_printed"": ""Destroy the Plans"", ""deck"": ""Library"", ""item_dimensions"": ""{\u0022height\u0022: \u00223.5\u0022, \u0022width\u0022: \u00222.5\u0022, \u0022unit\u0022: \u0022inch\u0022}""}",431688b2-9751-4d84-8a04-98318044ba92,0de5b303-55bf-48ca-a844-b5498c4bfbfa,Destroy the Plans,Destroy the Plans,{},vampire-the-masquerade-rivals_core-set_destroy-the-plans
279b501c-a05f-4381-b1de-3aeccfb3dfbe,item,1,0,"{""obverse"": ""vampire-the-masquerade-rivals_core-set_dignity-of-the-office"", ""reverse"": """"}","{""name_printed"": ""Dignity of the Office"", ""item_dimensions"": ""{\u0022height\u0022: \u00223.5\u0022, \u0022width\u0022: \u00222.5\u0022, \u0022unit\u0022: \u0022inch\u0022}""}",431688b2-9751-4d84-8a04-98318044ba92,0de5b303-55bf-48ca-a844-b5498c4bfbfa,Dignity of the Office,Dignity of the Office,{},vampire-the-masquerade-rivals_core-set_dignity-of-the-office
4fb38bf6-de29-43e4-b5a1-e4e6fa0cc2ab,item,1,0,"{""obverse"": ""vampire-the-masquerade-rivals_core-set_distraction"", ""reverse"": """"}","{""name_printed"": ""Distraction"", ""item_dimensions"": ""{\u0022height\u0022: \u00223.5\u0022, \u0022width\u0022: \u00222.5\u0022, \u0022unit\u0022: \u0022inch\u0022}""}",431688b2-9751-4d84-8a04-98318044ba92,0de5b303-55bf-48ca-a844-b5498c4bfbfa,Distraction,Distraction,{},vampire-the-masquerade-rivals_core-set_distraction
aeb8a784-676f-4154-978f-d76a134b263e,item,1,0,"{""obverse"": ""vampire-the-masquerade-rivals_core-set_doc"", ""reverse"": ""vampire-the-masquerade-rivals_card-back_faction-deck""}","{""name_printed"": ""Doc"", ""deck"": ""Faction Deck"", ""item_dimensions"": ""{\u0022height\u0022: \u00223.5\u0022, \u0022width\u0022: \u00222.5\u0022, \u0022unit\u0022: \u0022inch\u0022}""}",431688b2-9751-4d84-8a04-98318044ba92,0de5b303-55bf-48ca-a844-b5498c4bfbfa,Doc,Doc,{},vampire-the-masquerade-rivals_core-set_doc
57cbd288-937c-4fee-97f7-943b937fd8dd,item,1,0,"{""obverse"": ""vampire-the-masquerade-rivals_core-set_dragon's-roost"", ""reverse"": ""vampire-the-masquerade-rivals_card-back_haven""}","{""name_printed"": ""Dragon's Roost"", ""deck"": ""Haven"", ""item_dimensions"": ""{\u0022height\u0022: \u00223.5\u0022, \u0022width\u0022: \u00222.5\u0022, \u0022unit\u0022: \u0022inch\u0022}""}",431688b2-9751-4d84-8a04-98318044ba92,0de5b303-55bf-48ca-a844-b5498c4bfbfa,Dragon's Roost,Dragon's Roost,{},vampire-the-masquerade-rivals_core-set_dragon's-roost
22d290f5-c207-47db-81d3-5a2191138446,item,1,0,"{""obverse"": ""vampire-the-masquerade-rivals_core-set_drain-them-slowly"", ""reverse"": ""vampire-the-masquerade-rivals_card-back_agenda""}","{""name_printed"": ""Drain Them Slowly"", ""deck"": ""Agenda"", ""item_dimensions"": ""{\u0022height\u0022: \u00223.5\u0022, \u0022width\u0022: \u00222.5\u0022, \u0022unit\u0022: \u0022inch\u0022}""}",431688b2-9751-4d84-8a04-98318044ba92,0de5b303-55bf-48ca-a844-b5498c4bfbfa,Drain Them Slowly,Drain Them Slowly,{},vampire-the-masquerade-rivals_core-set_drain-them-slowly
9105f3b5-9814-4e6e-8e50-474a67a0f6f2,item,1,0,"{""obverse"": ""vampire-the-masquerade-rivals_core-set_drive-by"", ""reverse"": """"}","{""name_printed"": ""Drive-By"", ""item_dimensions"": ""{\u0022height\u0022: \u00223.5\u0022, \u0022width\u0022: \u00222.5\u0022, \u0022unit\u0022: \u0022inch\u0022}""}",431688b2-9751-4d84-8a04-98318044ba92,0de5b303-55bf-48ca-a844-b5498c4bfbfa,Drive-By,Drive-By,{},vampire-the-masquerade-rivals_core-set_drive-by
db1f617e-aecb-4807-8973-9e845169f14a,item,1,0,"{""obverse"": ""vampire-the-masquerade-rivals_core-set_dumpster-dive"", ""reverse"": """"}","{""name_printed"": ""Dumpster Dive"", ""item_dimensions"": ""{\u0022height\u0022: \u00223.5\u0022, \u0022width\u0022: \u00222.5\u0022, \u0022unit\u0022: \u0022inch\u0022}""}",431688b2-9751-4d84-8a04-98318044ba92,0de5b303-55bf-48ca-a844-b5498c4bfbfa,Dumpster Dive,Dumpster Dive,{},vampire-the-masquerade-rivals_core-set_dumpster-dive
528d2b69-1fe3-44c3-8f78-8dc3e8e1c25a,item,1,0,"{""obverse"": ""vampire-the-masquerade-rivals_core-set_emergency-bloodbag"", ""reverse"": ""vampire-the-masquerade-rivals_card-back_library""}","{""name_printed"": ""Emergency Bloodbag"", ""deck"": ""Library"", ""item_dimensions"": ""{\u0022height\u0022: \u00223.5\u0022, \u0022width\u0022: \u00222.5\u0022, \u0022unit\u0022: \u0022inch\u0022}""}",431688b2-9751-4d84-8a04-98318044ba92,0de5b303-55bf-48ca-a844-b5498c4bfbfa,Emergency Bloodbag,Emergency Bloodbag,{},vampire-the-masquerade-rivals_core-set_emergency-bloodbag
8ef58973-fbac-44c2-86bd-78c660696d97,item,1,0,"{""obverse"": ""vampire-the-masquerade-rivals_core-set_everything-is-connected"", ""reverse"": ""vampire-the-masquerade-rivals_card-back_library""}","{""name_printed"": ""Everything is Connected"", ""deck"": ""Library"", ""item_dimensions"": ""{\u0022height\u0022: \u00223.5\u0022, \u0022width\u0022: \u00222.5\u0022, \u0022unit\u0022: \u0022inch\u0022}""}",431688b2-9751-4d84-8a04-98318044ba92,0de5b303-55bf-48ca-a844-b5498c4bfbfa,Everything is Connected,Everything is Connected,{},vampire-the-masquerade-rivals_core-set_everything-is-connected
799ce42b-768a-4d80-861d-4fac5a8d09fb,item,1,0,"{""obverse"": ""vampire-the-masquerade-rivals_core-set_fame-&-fortune"", ""reverse"": """"}","{""name_printed"": ""Fame & Fortune"", ""item_dimensions"": ""{\u0022height\u0022: \u00223.5\u0022, \u0022width\u0022: \u00222.5\u0022, \u0022unit\u0022: \u0022inch\u0022}""}",431688b2-9751-4d84-8a04-98318044ba92,0de5b303-55bf-48ca-a844-b5498c4bfbfa,Fame & Fortune,Fame & Fortune,{},vampire-the-masquerade-rivals_core-set_fame-&-fortune
2b0a46cf-5195-467a-82c9-870844c498f0,item,1,0,"{""obverse"": ""vampire-the-masquerade-rivals_core-set_faulty-logic"", ""reverse"": """"}","{""name_printed"": ""Faulty Logic"", ""item_dimensions"": ""{\u0022height\u0022: \u00223.5\u0022, \u0022width\u0022: \u00222.5\u0022, \u0022unit\u0022: \u0022inch\u0022}""}",431688b2-9751-4d84-8a04-98318044ba92,0de5b303-55bf-48ca-a844-b5498c4bfbfa,Faulty Logic,Faulty Logic,{},vampire-the-masquerade-rivals_core-set_faulty-logic
b74004e6-8ae3-42e2-8930-ee6525cda44b,item,1,0,"{""obverse"": ""vampire-the-masquerade-rivals_core-set_first-tradition--the-masquerade"", ""reverse"": ""vampire-the-masquerade-rivals_card-back_library""}","{""name_printed"": ""First Tradition: The Masquerade"", ""deck"": ""Library"", ""item_dimensions"": ""{\u0022height\u0022: \u00223.5\u0022, \u0022width\u0022: \u00222.5\u0022, \u0022unit\u0022: \u0022inch\u0022}""}",431688b2-9751-4d84-8a04-98318044ba92,0de5b303-55bf-48ca-a844-b5498c4bfbfa,First Tradition: The Masquerade,First Tradition: The Masquerade,{},vampire-the-masquerade-rivals_core-set_first-tradition--the-masquerade
938f9208-c858-4dcb-9446-2e01db4554c1,item,1,0,"{""obverse"": ""vampire-the-masquerade-rivals_core-set_fleetness"", ""reverse"": """"}","{""name_printed"": ""Fleetness"", ""item_dimensions"": ""{\u0022height\u0022: \u00223.5\u0022, \u0022width\u0022: \u00222.5\u0022, \u0022unit\u0022: \u0022inch\u0022}""}",431688b2-9751-4d84-8a04-98318044ba92,0de5b303-55bf-48ca-a844-b5498c4bfbfa,Fleetness,Fleetness,{},vampire-the-masquerade-rivals_core-set_fleetness
69b96d52-2148-4e4d-b7c8-ea0daaf27ebc,item,1,0,"{""obverse"": ""vampire-the-masquerade-rivals_core-set_flick"", ""reverse"": ""vampire-the-masquerade-rivals_card-back_faction-deck""}","{""name_printed"": ""Flick"", ""deck"": ""Faction Deck"", ""item_dimensions"": ""{\u0022height\u0022: \u00223.5\u0022, \u0022width\u0022: \u00222.5\u0022, \u0022unit\u0022: \u0022inch\u0022}""}",431688b2-9751-4d84-8a04-98318044ba92,0de5b303-55bf-48ca-a844-b5498c4bfbfa,Flick,Flick,{},vampire-the-masquerade-rivals_core-set_flick
d706e7bd-c92b-43e4-99c8-2a1d2bb4dd0e,item,1,0,"{""obverse"": ""vampire-the-masquerade-rivals_core-set_fragmented-mind"", ""reverse"": """"}","{""name_printed"": ""Fragmented Mind"", ""item_dimensions"": ""{\u0022height\u0022: \u00223.5\u0022, \u0022width\u0022: \u00222.5\u0022, \u0022unit\u0022: \u0022inch\u0022}""}",431688b2-9751-4d84-8a04-98318044ba92,0de5b303-55bf-48ca-a844-b5498c4bfbfa,Fragmented Mind,Fragmented Mind,{},vampire-the-masquerade-rivals_core-set_fragmented-mind
823aaaeb-13d2-4409-824c-5464f0c8b50e,item,1,0,"{""obverse"": ""vampire-the-masquerade-rivals_core-set_free-money"", ""reverse"": ""vampire-the-masquerade-rivals_card-back_library""}","{""name_printed"": ""Free Money"", ""deck"": ""Library"", ""item_dimensions"": ""{\u0022height\u0022: \u00223.5\u0022, \u0022width\u0022: \u00222.5\u0022, \u0022unit\u0022: \u0022inch\u0022}""}",431688b2-9751-4d84-8a04-98318044ba92,0de5b303-55bf-48ca-a844-b5498c4bfbfa,Free Money,Free Money,{},vampire-the-masquerade-rivals_core-set_free-money
3bc0cfd1-766e-4099-a4f1-cc1aaa5c3b7c,item,1,0,"{""obverse"": ""vampire-the-masquerade-rivals_core-set_gallery-opening"", ""reverse"": ""vampire-the-masquerade-rivals_card-back_city-deck""}","{""name_printed"": ""Gallery Opening"", ""deck"": ""City Deck"", ""item_dimensions"": ""{\u0022height\u0022: \u00223.5\u0022, \u0022width\u0022: \u00222.5\u0022, \u0022unit\u0022: \u0022inch\u0022}""}",431688b2-9751-4d84-8a04-98318044ba92,0de5b303-55bf-48ca-a844-b5498c4bfbfa,Gallery Opening,Gallery Opening,{},vampire-the-masquerade-rivals_core-set_gallery-opening
f2585fc1-6fbe-430a-97ad-b45aa4c59051,item,1,0,"{""obverse"": ""vampire-the-masquerade-rivals_core-set_gang-up"", ""reverse"": """"}","{""name_printed"": ""Gang Up"", ""item_dimensions"": ""{\u0022height\u0022: \u00223.5\u0022, \u0022width\u0022: \u00222.5\u0022, \u0022unit\u0022: \u0022inch\u0022}""}",431688b2-9751-4d84-8a04-98318044ba92,0de5b303-55bf-48ca-a844-b5498c4bfbfa,Gang Up,Gang Up,{},vampire-the-masquerade-rivals_core-set_gang-up
58b595cb-d884-4155-91fa-5895ba44843a,item,1,0,"{""obverse"": ""vampire-the-masquerade-rivals_core-set_greed"", ""reverse"": """"}","{""name_printed"": ""Greed"", ""item_dimensions"": ""{\u0022height\u0022: \u00223.5\u0022, \u0022width\u0022: \u00222.5\u0022, \u0022unit\u0022: \u0022inch\u0022}""}",431688b2-9751-4d84-8a04-98318044ba92,0de5b303-55bf-48ca-a844-b5498c4bfbfa,Greed,Greed,{},vampire-the-masquerade-rivals_core-set_greed
11fc12da-c8f3-4bca-92bc-28db79ce3f56,item,1,0,"{""obverse"": ""vampire-the-masquerade-rivals_core-set_guv'nah"", ""reverse"": ""vampire-the-masquerade-rivals_card-back_faction-deck""}","{""name_printed"": ""Guv'nah"", ""deck"": ""Faction Deck"", ""item_dimensions"": ""{\u0022height\u0022: \u00223.5\u0022, \u0022width\u0022: \u00222.5\u0022, \u0022unit\u0022: \u0022inch\u0022}""}",431688b2-9751-4d84-8a04-98318044ba92,0de5b303-55bf-48ca-a844-b5498c4bfbfa,Guv'nah,Guv'nah,{},vampire-the-masquerade-rivals_core-set_guv'nah
c2e208d7-0f0a-4332-8af3-ef81bc97e3db,item,1,0,"{""obverse"": ""vampire-the-masquerade-rivals_core-set_hedge-your-bets"", ""reverse"": """"}","{""name_printed"": ""Hedge Your Bets"", ""item_dimensions"": ""{\u0022height\u0022: \u00223.5\u0022, \u0022width\u0022: \u00222.5\u0022, \u0022unit\u0022: \u0022inch\u0022}""}",431688b2-9751-4d84-8a04-98318044ba92,0de5b303-55bf-48ca-a844-b5498c4bfbfa,Hedge Your Bets,Hedge Your Bets,{},vampire-the-masquerade-rivals_core-set_hedge-your-bets
f6ee7983-4533-4631-8e00-e588cbe3edb7,item,1,0,"{""obverse"": ""vampire-the-masquerade-rivals_core-set_herald"", ""reverse"": ""vampire-the-masquerade-rivals_card-back_library""}","{""name_printed"": ""Herald"", ""deck"": ""Library"", ""item_dimensions"": ""{\u0022height\u0022: \u00223.5\u0022, \u0022width\u0022: \u00222.5\u0022, \u0022unit\u0022: \u0022inch\u0022}""}",431688b2-9751-4d84-8a04-98318044ba92,0de5b303-55bf-48ca-a844-b5498c4bfbfa,Herald,Herald,{},vampire-the-masquerade-rivals_core-set_herald
19eca374-a784-455a-b9be-da97d1f1e82c,item,1,0,"{""obverse"": ""vampire-the-masquerade-rivals_core-set_holdout-dagger"", ""reverse"": """"}","{""name_printed"": ""Holdout Dagger"", ""item_dimensions"": ""{\u0022height\u0022: \u00223.5\u0022, \u0022width\u0022: \u00222.5\u0022, \u0022unit\u0022: \u0022inch\u0022}""}",431688b2-9751-4d84-8a04-98318044ba92,0de5b303-55bf-48ca-a844-b5498c4bfbfa,Holdout Dagger,Holdout Dagger,{},vampire-the-masquerade-rivals_core-set_holdout-dagger
95d56605-502d-4dde-9fa3-0b8c517b28ab,item,1,0,"{""obverse"": ""vampire-the-masquerade-rivals_core-set_house-of-pain"", ""reverse"": ""vampire-the-masquerade-rivals_card-back_haven""}","{""name_printed"": ""House of Pain"", ""deck"": ""Haven"", ""item_dimensions"": ""{\u0022height\u0022: \u00223.5\u0022, \u0022width\u0022: \u00222.5\u0022, \u0022unit\u0022: \u0022inch\u0022}""}",431688b2-9751-4d84-8a04-98318044ba92,0de5b303-55bf-48ca-a844-b5498c4bfbfa,House of Pain,House of Pain,{},vampire-the-masquerade-rivals_core-set_house-of-pain
6eaffb33-b7df-4ef6-ae76-890df1813147,item,1,0,"{""obverse"": ""vampire-the-masquerade-rivals_core-set_humberto-garcia"", ""reverse"": ""vampire-the-masquerade-rivals_card-back_faction-deck""}","{""name_printed"": ""Humberto Garcia"", ""deck"": ""Faction Deck"", ""item_dimensions"": ""{\u0022height\u0022: \u00223.5\u0022, \u0022width\u0022: \u00222.5\u0022, \u0022unit\u0022: \u0022inch\u0022}""}",431688b2-9751-4d84-8a04-98318044ba92,0de5b303-55bf-48ca-a844-b5498c4bfbfa,Humberto Garcia,Humberto Garcia,{},vampire-the-masquerade-rivals_core-set_humberto-garcia
e6c0449d-7846-43e4-8346-bc7e400c5209,item,1,0,"{""obverse"": ""vampire-the-masquerade-rivals_core-set_humiliate"", ""reverse"": """"}","{""name_printed"": ""Humiliate"", ""item_dimensions"": ""{\u0022height\u0022: \u00223.5\u0022, \u0022width\u0022: \u00222.5\u0022, \u0022unit\u0022: \u0022inch\u0022}""}",431688b2-9751-4d84-8a04-98318044ba92,0de5b303-55bf-48ca-a844-b5498c4bfbfa,Humiliate,Humiliate,{},vampire-the-masquerade-rivals_core-set_humiliate
73400f89-b4d7-4e92-8ccf-969506d2a360,item,1,0,"{""obverse"": ""vampire-the-masquerade-rivals_core-set_hunt-the-hunters"", ""reverse"": ""vampire-the-masquerade-rivals_card-back_agenda""}","{""name_printed"": ""Hunt the Hunters"", ""deck"": ""Agenda"", ""item_dimensions"": ""{\u0022height\u0022: \u00223.5\u0022, \u0022width\u0022: \u00222.5\u0022, \u0022unit\u0022: \u0022inch\u0022}""}",431688b2-9751-4d84-8a04-98318044ba92,0de5b303-55bf-48ca-a844-b5498c4bfbfa,Hunt the Hunters,Hunt the Hunters,{},vampire-the-masquerade-rivals_core-set_hunt-the-hunters
b54bdbc5-d7f3-4607-8af7-f9e48e17d0ec,item,1,0,"{""obverse"": ""vampire-the-masquerade-rivals_core-set_hydra"", ""reverse"": ""vampire-the-masquerade-rivals_card-back_faction-deck""}","{""name_printed"": ""Hydra"", ""deck"": ""Faction Deck"", ""item_dimensions"": ""{\u0022height\u0022: \u00223.5\u0022, \u0022width\u0022: \u00222.5\u0022, \u0022unit\u0022: \u0022inch\u0022}""}",431688b2-9751-4d84-8a04-98318044ba92,0de5b303-55bf-48ca-a844-b5498c4bfbfa,Hydra,Hydra,{},vampire-the-masquerade-rivals_core-set_hydra
f77b6b02-c6a0-4184-835d-971703e38006,item,1,0,"{""obverse"": ""vampire-the-masquerade-rivals_core-set_incite-rebellion"", ""reverse"": """"}","{""name_printed"": ""Incite Rebellion"", ""item_dimensions"": ""{\u0022height\u0022: \u00223.5\u0022, \u0022width\u0022: \u00222.5\u0022, \u0022unit\u0022: \u0022inch\u0022}""}",431688b2-9751-4d84-8a04-98318044ba92,0de5b303-55bf-48ca-a844-b5498c4bfbfa,Incite Rebellion,Incite Rebellion,{},vampire-the-masquerade-rivals_core-set_incite-rebellion
b30cb39a-8f2a-448a-8d4f-711cdc0f783a,item,1,0,"{""obverse"": ""vampire-the-masquerade-rivals_core-set_influencer"", ""reverse"": ""vampire-the-masquerade-rivals_card-back_library""}","{""name_printed"": ""Influencer"", ""deck"": ""Library"", ""item_dimensions"": ""{\u0022height\u0022: \u00223.5\u0022, \u0022width\u0022: \u00222.5\u0022, \u0022unit\u0022: \u0022inch\u0022}""}",431688b2-9751-4d84-8a04-98318044ba92,0de5b303-55bf-48ca-a844-b5498c4bfbfa,Influencer,Influencer,{},vampire-the-masquerade-rivals_core-set_influencer
1150b7d0-450d-4c56-9ca0-000b17bdfcb3,item,1,0,"{""obverse"": ""vampire-the-masquerade-rivals_core-set_inmate-#745943"", ""reverse"": ""vampire-the-masquerade-rivals_card-back_faction-deck""}","{""name_printed"": ""Inmate #745943"", ""deck"": ""Faction Deck"", ""item_dimensions"": ""{\u0022height\u0022: \u00223.5\u0022, \u0022width\u0022: \u00222.5\u0022, \u0022unit\u0022: \u0022inch\u0022}""}",431688b2-9751-4d84-8a04-98318044ba92,0de5b303-55bf-48ca-a844-b5498c4bfbfa,Inmate #745943,Inmate #745943,{},vampire-the-masquerade-rivals_core-set_inmate-#745943
60645e27-1778-4b93-90a5-80e0da08b4c6,item,1,0,"{""obverse"": ""vampire-the-masquerade-rivals_core-set_insanity-defense"", ""reverse"": """"}","{""name_printed"": ""Insanity Defense"", ""item_dimensions"": ""{\u0022height\u0022: \u00223.5\u0022, \u0022width\u0022: \u00222.5\u0022, \u0022unit\u0022: \u0022inch\u0022}""}",431688b2-9751-4d84-8a04-98318044ba92,0de5b303-55bf-48ca-a844-b5498c4bfbfa,Insanity Defense,Insanity Defense,{},vampire-the-masquerade-rivals_core-set_insanity-defense
43a19d10-246e-4fcb-a3f4-78a3d55caf3e,item,1,0,"{""obverse"": ""vampire-the-masquerade-rivals_core-set_iris-lokken"", ""reverse"": ""vampire-the-masquerade-rivals_card-back_faction-deck""}","{""name_printed"": ""Iris Lokken"", ""deck"": ""Faction Deck"", ""item_dimensions"": ""{\u0022height\u0022: \u00223.5\u0022, \u0022width\u0022: \u00222.5\u0022, \u0022unit\u0022: \u0022inch\u0022}""}",431688b2-9751-4d84-8a04-98318044ba92,0de5b303-55bf-48ca-a844-b5498c4bfbfa,Iris Lokken,Iris Lokken,{},vampire-the-masquerade-rivals_core-set_iris-lokken
c54e3681-0014-49e6-be84-40fbd799ddfc,item,1,0,"{""obverse"": ""vampire-the-masquerade-rivals_core-set_irresistible-voice"", ""reverse"": """"}","{""name_printed"": ""Irresistible Voice"", ""item_dimensions"": ""{\u0022height\u0022: \u00223.5\u0022, \u0022width\u0022: \u00222.5\u0022, \u0022unit\u0022: \u0022inch\u0022}""}",431688b2-9751-4d84-8a04-98318044ba92,0de5b303-55bf-48ca-a844-b5498c4bfbfa,Irresistible Voice,Irresistible Voice,{},vampire-the-masquerade-rivals_core-set_irresistible-voice
37911f37-4642-47b5-a357-a6cbae99958b,item,1,0,"{""obverse"": ""vampire-the-masquerade-rivals_core-set_jesús"", ""reverse"": ""vampire-the-masquerade-rivals_card-back_faction-deck""}","{""name_printed"": ""Jesús"", ""deck"": ""Faction Deck"", ""item_dimensions"": ""{\u0022height\u0022: \u00223.5\u0022, \u0022width\u0022: \u00222.5\u0022, \u0022unit\u0022: \u0022inch\u0022}""}",431688b2-9751-4d84-8a04-98318044ba92,0de5b303-55bf-48ca-a844-b5498c4bfbfa,Jesús,Jesús,{},vampire-the-masquerade-rivals_core-set_jesús
98c1c40e-642a-48b7-aa82-c9e397d71d97,item,1,0,"{""obverse"": ""vampire-the-masquerade-rivals_core-set_john-kartunen"", ""reverse"": ""vampire-the-masquerade-rivals_card-back_faction-deck""}","{""name_printed"": ""John Kartunen"", ""deck"": ""Faction Deck"", ""item_dimensions"": ""{\u0022height\u0022: \u00223.5\u0022, \u0022width\u0022: \u00222.5\u0022, \u0022unit\u0022: \u0022inch\u0022}""}",431688b2-9751-4d84-8a04-98318044ba92,0de5b303-55bf-48ca-a844-b5498c4bfbfa,John Kartunen,John Kartunen,{},vampire-the-masquerade-rivals_core-set_john-kartunen
e70d4673-a285-4bd7-ba40-4cde575453f1,item,1,0,"{""obverse"": ""vampire-the-masquerade-rivals_core-set_johnny"", ""reverse"": ""vampire-the-masquerade-rivals_card-back_faction-deck""}","{""name_printed"": ""Johnny"", ""deck"": ""Faction Deck"", ""item_dimensions"": ""{\u0022height\u0022: \u00223.5\u0022, \u0022width\u0022: \u00222.5\u0022, \u0022unit\u0022: \u0022inch\u0022}""}",431688b2-9751-4d84-8a04-98318044ba92,0de5b303-55bf-48ca-a844-b5498c4bfbfa,Johnny,Johnny,{},vampire-the-masquerade-rivals_core-set_johnny
41f92607-6504-4443-8339-a6b60bd63b46,item,1,0,"{""obverse"": ""vampire-the-masquerade-rivals_core-set_june-bryant"", ""reverse"": ""vampire-the-masquerade-rivals_card-back_faction-deck""}","{""name_printed"": ""June Bryant"", ""deck"": ""Faction Deck"", ""item_dimensions"": ""{\u0022height\u0022: \u00223.5\u0022, \u0022width\u0022: \u00222.5\u0022, \u0022unit\u0022: \u0022inch\u0022}""}",431688b2-9751-4d84-8a04-98318044ba92,0de5b303-55bf-48ca-a844-b5498c4bfbfa,June Bryant,June Bryant,{},vampire-the-masquerade-rivals_core-set_june-bryant
3f3acbc8-2269-412a-a064-ecc741d58ffc,item,1,0,"{""obverse"": ""vampire-the-masquerade-rivals_core-set_karma"", ""reverse"": ""vampire-the-masquerade-rivals_card-back_faction-deck""}","{""name_printed"": ""Karma"", ""deck"": ""Faction Deck"", ""item_dimensions"": ""{\u0022height\u0022: \u00223.5\u0022, \u0022width\u0022: \u00222.5\u0022, \u0022unit\u0022: \u0022inch\u0022}""}",431688b2-9751-4d84-8a04-98318044ba92,0de5b303-55bf-48ca-a844-b5498c4bfbfa,Karma,Karma,{},vampire-the-masquerade-rivals_core-set_karma
17136d33-8a52-4152-8df4-90c42cc208ae,item,1,0,"{""obverse"": ""vampire-the-masquerade-rivals_core-set_keeper-of-elysium"", ""reverse"": ""vampire-the-masquerade-rivals_card-back_library""}","{""name_printed"": ""Keeper of Elysium"", ""deck"": ""Library"", ""item_dimensions"": ""{\u0022height\u0022: \u00223.5\u0022, \u0022width\u0022: \u00222.5\u0022, \u0022unit\u0022: \u0022inch\u0022}""}",431688b2-9751-4d84-8a04-98318044ba92,0de5b303-55bf-48ca-a844-b5498c4bfbfa,Keeper of Elysium,Keeper of Elysium,{},vampire-the-masquerade-rivals_core-set_keeper-of-elysium
3a3615dc-825c-492a-8a25-e54ebeb86857,item,1,0,"{""obverse"": ""vampire-the-masquerade-rivals_core-set_kneecapped"", ""reverse"": """"}","{""name_printed"": ""Kneecapped"", ""item_dimensions"": ""{\u0022height\u0022: \u00223.5\u0022, \u0022width\u0022: \u00222.5\u0022, \u0022unit\u0022: \u0022inch\u0022}""}",431688b2-9751-4d84-8a04-98318044ba92,0de5b303-55bf-48ca-a844-b5498c4bfbfa,Kneecapped,Kneecapped,{},vampire-the-masquerade-rivals_core-set_kneecapped
561d505d-bee6-4fc7-8512-3e949dc68ced,item,1,0,"{""obverse"": ""vampire-the-masquerade-rivals_core-set_know-your-place"", ""reverse"": """"}","{""name_printed"": ""Know Your Place"", ""item_dimensions"": ""{\u0022height\u0022: \u00223.5\u0022, \u0022width\u0022: \u00222.5\u0022, \u0022unit\u0022: \u0022inch\u0022}""}",431688b2-9751-4d84-8a04-98318044ba92,0de5b303-55bf-48ca-a844-b5498c4bfbfa,Know Your Place,Know Your Place,{},vampire-the-masquerade-rivals_core-set_know-your-place
06ca45af-6343-456a-b7d0-60d67d832f6f,item,1,0,"{""obverse"": ""vampire-the-masquerade-rivals_core-set_late-night-snack"", ""reverse"": ""vampire-the-masquerade-rivals_card-back_library""}","{""name_printed"": ""Late-Night Snack"", ""deck"": ""Library"", ""item_dimensions"": ""{\u0022height\u0022: \u00223.5\u0022, \u0022width\u0022: \u00222.5\u0022, \u0022unit\u0022: \u0022inch\u0022}""}",431688b2-9751-4d84-8a04-98318044ba92,0de5b303-55bf-48ca-a844-b5498c4bfbfa,Late-Night Snack,Late-Night Snack,{},vampire-the-masquerade-rivals_core-set_late-night-snack
cd691247-f24e-44ff-a412-d04c5569d574,item,1,0,"{""obverse"": ""vampire-the-masquerade-rivals_core-set_lightning-strike"", ""reverse"": """"}","{""name_printed"": ""Lightning Strike"", ""item_dimensions"": ""{\u0022height\u0022: \u00223.5\u0022, \u0022width\u0022: \u00222.5\u0022, \u0022unit\u0022: \u0022inch\u0022}""}",431688b2-9751-4d84-8a04-98318044ba92,0de5b303-55bf-48ca-a844-b5498c4bfbfa,Lightning Strike,Lightning Strike,{},vampire-the-masquerade-rivals_core-set_lightning-strike
15d7581b-b535-4d3a-87e0-5d5d4aa1c39d,item,1,0,"{""obverse"": ""vampire-the-masquerade-rivals_core-set_lixue-chen"", ""reverse"": ""vampire-the-masquerade-rivals_card-back_faction-deck""}","{""name_printed"": ""Lixue Chen"", ""deck"": ""Faction Deck"", ""item_dimensions"": ""{\u0022height\u0022: \u00223.5\u0022, \u0022width\u0022: \u00222.5\u0022, \u0022unit\u0022: \u0022inch\u0022}""}",431688b2-9751-4d84-8a04-98318044ba92,0de5b303-55bf-48ca-a844-b5498c4bfbfa,Lixue Chen,Lixue Chen,{},vampire-the-masquerade-rivals_core-set_lixue-chen
ae83a6c5-ee63-49b9-8c1b-a4e2bf6b6f8b,item,1,0,"{""obverse"": ""vampire-the-masquerade-rivals_core-set_liza-holt"", ""reverse"": ""vampire-the-masquerade-rivals_card-back_faction-deck""}","{""name_printed"": ""Liza Holt"", ""deck"": ""Faction Deck"", ""item_dimensions"": ""{\u0022height\u0022: \u00223.5\u0022, \u0022width\u0022: \u00222.5\u0022, \u0022unit\u0022: \u0022inch\u0022}""}",431688b2-9751-4d84-8a04-98318044ba92,0de5b303-55bf-48ca-a844-b5498c4bfbfa,Liza Holt,Liza Holt,{},vampire-the-masquerade-rivals_core-set_liza-holt
e1130c23-0c9d-400e-b575-029bb74d21e8,item,1,0,"{""obverse"": ""vampire-the-masquerade-rivals_core-set_lolita"", ""reverse"": ""vampire-the-masquerade-rivals_card-back_faction-deck""}","{""name_printed"": ""Lolita"", ""deck"": ""Faction Deck"", ""item_dimensions"": ""{\u0022height\u0022: \u00223.5\u0022, \u0022width\u0022: \u00222.5\u0022, \u0022unit\u0022: \u0022inch\u0022}""}",431688b2-9751-4d84-8a04-98318044ba92,0de5b303-55bf-48ca-a844-b5498c4bfbfa,Lolita,Lolita,{},vampire-the-masquerade-rivals_core-set_lolita
f9c5404b-7dd1-42f5-9b06-7b67afe8f173,item,1,0,"{""obverse"": ""vampire-the-masquerade-rivals_core-set_long-term-investment"", ""reverse"": """"}","{""name_printed"": ""Long-Term Investment"", ""item_dimensions"": ""{\u0022height\u0022: \u00223.5\u0022, \u0022width\u0022: \u00222.5\u0022, \u0022unit\u0022: \u0022inch\u0022}""}",431688b2-9751-4d84-8a04-98318044ba92,0de5b303-55bf-48ca-a844-b5498c4bfbfa,Long-Term Investment,Long-Term Investment,{},vampire-the-masquerade-rivals_core-set_long-term-investment
019cd1b8-3670-42fa-80a0-7fef97112052,item,1,0,"{""obverse"": ""vampire-the-masquerade-rivals_core-set_lost-glory"", ""reverse"": ""vampire-the-masquerade-rivals_card-back_library""}","{""name_printed"": ""Lost Glory"", ""deck"": ""Library"", ""item_dimensions"": ""{\u0022height\u0022: \u00223.5\u0022, \u0022width\u0022: \u00222.5\u0022, \u0022unit\u0022: \u0022inch\u0022}""}",431688b2-9751-4d84-8a04-98318044ba92,0de5b303-55bf-48ca-a844-b5498c4bfbfa,Lost Glory,Lost Glory,{},vampire-the-masquerade-rivals_core-set_lost-glory
a5409404-b0e2-4208-91da-37d9950c364f,item,1,0,"{""obverse"": ""vampire-the-masquerade-rivals_core-set_manipulate-the-masses"", ""reverse"": ""vampire-the-masquerade-rivals_card-back_agenda""}","{""name_printed"": ""Manipulate the Masses"", ""deck"": ""Agenda"", ""item_dimensions"": ""{\u0022height\u0022: \u00223.5\u0022, \u0022width\u0022: \u00222.5\u0022, \u0022unit\u0022: \u0022inch\u0022}""}",431688b2-9751-4d84-8a04-98318044ba92,0de5b303-55bf-48ca-a844-b5498c4bfbfa,Manipulate the Masses,Manipulate the Masses,{},vampire-the-masquerade-rivals_core-set_manipulate-the-masses
5351badc-129d-4b23-8cc9-1fa3b53c2c50,item,1,0,"{""obverse"": ""vampire-the-masquerade-rivals_core-set_marked-man"", ""reverse"": """"}","{""name_printed"": ""Marked Man"", ""item_dimensions"": ""{\u0022height\u0022: \u00223.5\u0022, \u0022width\u0022: \u00222.5\u0022, \u0022unit\u0022: \u0022inch\u0022}""}",431688b2-9751-4d84-8a04-98318044ba92,0de5b303-55bf-48ca-a844-b5498c4bfbfa,Marked Man,Marked Man,{},vampire-the-masquerade-rivals_core-set_marked-man
53900b96-2ff6-4464-8bb8-86a745d04e87,item,1,0,"{""obverse"": ""vampire-the-masquerade-rivals_core-set_meeting-at-alcatraz"", ""reverse"": ""vampire-the-masquerade-rivals_card-back_city-deck""}","{""name_printed"": ""Meeting at Alcatraz"", ""deck"": ""City Deck"", ""item_dimensions"": ""{\u0022height\u0022: \u00223.5\u0022, \u0022width\u0022: \u00222.5\u0022, \u0022unit\u0022: \u0022inch\u0022}""}",431688b2-9751-4d84-8a04-98318044ba92,0de5b303-55bf-48ca-a844-b5498c4bfbfa,Meeting at Alcatraz,Meeting at Alcatraz,{},vampire-the-masquerade-rivals_core-set_meeting-at-alcatraz
9ed03186-8633-4698-9d73-b01a8cb54efc,item,1,0,"{""obverse"": ""vampire-the-masquerade-rivals_core-set_mercy"", ""reverse"": ""vampire-the-masquerade-rivals_card-back_library""}","{""name_printed"": ""Mercy"", ""deck"": ""Library"", ""item_dimensions"": ""{\u0022height\u0022: \u00223.5\u0022, \u0022width\u0022: \u00222.5\u0022, \u0022unit\u0022: \u0022inch\u0022}""}",431688b2-9751-4d84-8a04-98318044ba92,0de5b303-55bf-48ca-a844-b5498c4bfbfa,Mercy,Mercy,{},vampire-the-masquerade-rivals_core-set_mercy
29f5feb0-0b8d-4bd4-9f03-2d88c013562f,item,1,0,"{""obverse"": ""vampire-the-masquerade-rivals_core-set_molotov-cocktail"", ""reverse"": """"}","{""name_printed"": ""Molotov Cocktail"", ""item_dimensions"": ""{\u0022height\u0022: \u00223.5\u0022, \u0022width\u0022: \u00222.5\u0022, \u0022unit\u0022: \u0022inch\u0022}""}",431688b2-9751-4d84-8a04-98318044ba92,0de5b303-55bf-48ca-a844-b5498c4bfbfa,Molotov Cocktail,Molotov Cocktail,{},vampire-the-masquerade-rivals_core-set_molotov-cocktail
f6389472-70ec-428c-8733-b06131718a3c,item,1,0,"{""obverse"": ""vampire-the-masquerade-rivals_core-set_montgomery-white"", ""reverse"": ""vampire-the-masquerade-rivals_card-back_faction-deck""}","{""name_printed"": ""Montgomery White"", ""deck"": ""Faction Deck"", ""item_dimensions"": ""{\u0022height\u0022: \u00223.5\u0022, \u0022width\u0022: \u00222.5\u0022, \u0022unit\u0022: \u0022inch\u0022}""}",431688b2-9751-4d84-8a04-98318044ba92,0de5b303-55bf-48ca-a844-b5498c4bfbfa,Montgomery White,Montgomery White,{},vampire-the-masquerade-rivals_core-set_montgomery-white
8d6575b7-e697-4dd9-927e-996d54b6a4ab,item,1,0,"{""obverse"": ""vampire-the-masquerade-rivals_core-set_muhammad-zadeh"", ""reverse"": ""vampire-the-masquerade-rivals_card-back_faction-deck""}","{""name_printed"": ""Muhammad Zadeh"", ""deck"": ""Faction Deck"", ""item_dimensions"": ""{\u0022height\u0022: \u00223.5\u0022, \u0022width\u0022: \u00222.5\u0022, \u0022unit\u0022: \u0022inch\u0022}""}",431688b2-9751-4d84-8a04-98318044ba92,0de5b303-55bf-48ca-a844-b5498c4bfbfa,Muhammad Zadeh,Muhammad Zadeh,{},vampire-the-masquerade-rivals_core-set_muhammad-zadeh
6115e224-e2a6-46de-90e9-486cd057f951,item,1,0,"{""obverse"": ""vampire-the-masquerade-rivals_core-set_nancy-witt"", ""reverse"": ""vampire-the-masquerade-rivals_card-back_faction-deck""}","{""name_printed"": ""Nancy Witt"", ""deck"": ""Faction Deck"", ""item_dimensions"": ""{\u0022height\u0022: \u00223.5\u0022, \u0022width\u0022: \u00222.5\u0022, \u0022unit\u0022: \u0022inch\u0022}""}",431688b2-9751-4d84-8a04-98318044ba92,0de5b303-55bf-48ca-a844-b5498c4bfbfa,Nancy Witt,Nancy Witt,{},vampire-the-masquerade-rivals_core-set_nancy-witt
f6912719-9cd7-4092-8136-37fc81fde9f4,item,1,0,"{""obverse"": ""vampire-the-masquerade-rivals_core-set_old-post-office"", ""reverse"": ""vampire-the-masquerade-rivals_card-back_haven""}","{""name_printed"": ""Old Post Office"", ""deck"": ""Haven"", ""item_dimensions"": ""{\u0022height\u0022: \u00223.5\u0022, \u0022width\u0022: \u00222.5\u0022, \u0022unit\u0022: \u0022inch\u0022}""}",431688b2-9751-4d84-8a04-98318044ba92,0de5b303-55bf-48ca-a844-b5498c4bfbfa,Old Post Office,Old Post Office,{},vampire-the-masquerade-rivals_core-set_old-post-office
4da72731-885e-4d2c-8bdd-aadb858c51f7,item,1,0,"{""obverse"": ""vampire-the-masquerade-rivals_core-set_playthings"", ""reverse"": ""vampire-the-masquerade-rivals_card-back_agenda""}","{""name_printed"": ""Playthings"", ""deck"": ""Agenda"", ""item_dimensions"": ""{\u0022height\u0022: \u00223.5\u0022, \u0022width\u0022: \u00222.5\u0022, \u0022unit\u0022: \u0022inch\u0022}""}",431688b2-9751-4d84-8a04-98318044ba92,0de5b303-55bf-48ca-a844-b5498c4bfbfa,Playthings,Playthings,{},vampire-the-masquerade-rivals_core-set_playthings
b0f8942c-43b1-4c9e-a4b5-4ee351fa1b93,item,1,0,"{""obverse"": ""vampire-the-masquerade-rivals_core-set_power-play"", ""reverse"": """"}","{""name_printed"": ""Power Play"", ""item_dimensions"": ""{\u0022height\u0022: \u00223.5\u0022, \u0022width\u0022: \u00222.5\u0022, \u0022unit\u0022: \u0022inch\u0022}""}",431688b2-9751-4d84-8a04-98318044ba92,0de5b303-55bf-48ca-a844-b5498c4bfbfa,Power Play,Power Play,{},vampire-the-masquerade-rivals_core-set_power-play
db0659fb-c21c-4452-9c93-a7f71b6ad5f0,item,1,0,"{""obverse"": ""vampire-the-masquerade-rivals_core-set_pr-firm"", ""reverse"": """"}","{""name_printed"": ""PR Firm"", ""item_dimensions"": ""{\u0022height\u0022: \u00223.5\u0022, \u0022width\u0022: \u00222.5\u0022, \u0022unit\u0022: \u0022inch\u0022}""}",431688b2-9751-4d84-8a04-98318044ba92,0de5b303-55bf-48ca-a844-b5498c4bfbfa,PR Firm,PR Firm,{},vampire-the-masquerade-rivals_core-set_pr-firm
aa71279b-828c-481d-b4a3-c495ad5065eb,item,1,0,"{""obverse"": ""vampire-the-masquerade-rivals_core-set_primogen"", ""reverse"": ""vampire-the-masquerade-rivals_card-back_library""}","{""name_printed"": ""Primogen"", ""deck"": ""Library"", ""item_dimensions"": ""{\u0022height\u0022: \u00223.5\u0022, \u0022width\u0022: \u00222.5\u0022, \u0022unit\u0022: \u0022inch\u0022}""}",431688b2-9751-4d84-8a04-98318044ba92,0de5b303-55bf-48ca-a844-b5498c4bfbfa,Primogen,Primogen,{},vampire-the-masquerade-rivals_core-set_primogen
8c7c4b22-52c7-47df-b5cd-cf17988872c7,item,1,0,"{""obverse"": ""vampire-the-masquerade-rivals_core-set_prince-of-the-city"", ""reverse"": ""vampire-the-masquerade-rivals_card-back_city-deck""}","{""name_printed"": ""Prince of the City"", ""deck"": ""City Deck"", ""item_dimensions"": ""{\u0022height\u0022: \u00223.5\u0022, \u0022width\u0022: \u00222.5\u0022, \u0022unit\u0022: \u0022inch\u0022}""}",431688b2-9751-4d84-8a04-98318044ba92,0de5b303-55bf-48ca-a844-b5498c4bfbfa,Prince of the City,Prince of the City,{},vampire-the-masquerade-rivals_core-set_prince-of-the-city
d6191c9d-70c5-4684-b247-bb3460c963e6,item,1,0,"{""obverse"": ""vampire-the-masquerade-rivals_core-set_protests-in-the-streets"", ""reverse"": ""vampire-the-masquerade-rivals_card-back_city-deck""}","{""name_printed"": ""Protests in the Streets"", ""deck"": ""City Deck"", ""item_dimensions"": ""{\u0022height\u0022: \u00223.5\u0022, \u0022width\u0022: \u00222.5\u0022, \u0022unit\u0022: \u0022inch\u0022}""}",431688b2-9751-4d84-8a04-98318044ba92,0de5b303-55bf-48ca-a844-b5498c4bfbfa,Protests in the Streets,Protests in the Streets,{},vampire-the-masquerade-rivals_core-set_protests-in-the-streets
fe7af369-bbff-4762-aabd-783cc6a2e06a,item,1,0,"{""obverse"": ""vampire-the-masquerade-rivals_core-set_rain-on-your-parade"", ""reverse"": """"}","{""name_printed"": ""Rain on Your Parade"", ""item_dimensions"": ""{\u0022height\u0022: \u00223.5\u0022, \u0022width\u0022: \u00222.5\u0022, \u0022unit\u0022: \u0022inch\u0022}""}",431688b2-9751-4d84-8a04-98318044ba92,0de5b303-55bf-48ca-a844-b5498c4bfbfa,Rain on Your Parade,Rain on Your Parade,{},vampire-the-masquerade-rivals_core-set_rain-on-your-parade
f5d21025-cd78-4a64-82a0-b90f41ce2eb9,item,1,0,"{""obverse"": ""vampire-the-masquerade-rivals_core-set_randolph-marz"", ""reverse"": ""vampire-the-masquerade-rivals_card-back_faction-deck""}","{""name_printed"": ""Randolph Marz"", ""deck"": ""Faction Deck"", ""item_dimensions"": ""{\u0022height\u0022: \u00223.5\u0022, \u0022width\u0022: \u00222.5\u0022, \u0022unit\u0022: \u0022inch\u0022}""}",431688b2-9751-4d84-8a04-98318044ba92,0de5b303-55bf-48ca-a844-b5498c4bfbfa,Randolph Marz,Randolph Marz,{},vampire-the-masquerade-rivals_core-set_randolph-marz
35ff2800-dca8-465f-bd43-7ee010ac5884,item,1,0,"{""obverse"": ""vampire-the-masquerade-rivals_core-set_royal-retreat"", ""reverse"": ""vampire-the-masquerade-rivals_card-back_haven""}","{""name_printed"": ""Royal Retreat"", ""deck"": ""Haven"", ""item_dimensions"": ""{\u0022height\u0022: \u00223.5\u0022, \u0022width\u0022: \u00222.5\u0022, \u0022unit\u0022: \u0022inch\u0022}""}",431688b2-9751-4d84-8a04-98318044ba92,0de5b303-55bf-48ca-a844-b5498c4bfbfa,Royal Retreat,Royal Retreat,{},vampire-the-masquerade-rivals_core-set_royal-retreat
8c45a979-f70e-4cca-adb2-a8a6618db65e,item,1,0,"{""obverse"": ""vampire-the-masquerade-rivals_core-set_royal-review"", ""reverse"": """"}","{""name_printed"": ""Royal Review"", ""item_dimensions"": ""{\u0022height\u0022: \u00223.5\u0022, \u0022width\u0022: \u00222.5\u0022, \u0022unit\u0022: \u0022inch\u0022}""}",431688b2-9751-4d84-8a04-98318044ba92,0de5b303-55bf-48ca-a844-b5498c4bfbfa,Royal Review,Royal Review,{},vampire-the-masquerade-rivals_core-set_royal-review
2374e389-82c2-453a-9622-a9870e83cba1,item,1,0,"{""obverse"": ""vampire-the-masquerade-rivals_core-set_san-francisco-fog"", ""reverse"": ""vampire-the-masquerade-rivals_card-back_city-deck""}","{""name_printed"": ""San Francisco Fog"", ""deck"": ""City Deck"", ""item_dimensions"": ""{\u0022height\u0022: \u00223.5\u0022, \u0022width\u0022: \u00222.5\u0022, \u0022unit\u0022: \u0022inch\u0022}""}",431688b2-9751-4d84-8a04-98318044ba92,0de5b303-55bf-48ca-a844-b5498c4bfbfa,San Francisco Fog,San Francisco Fog,{},vampire-the-masquerade-rivals_core-set_san-francisco-fog
4939ea33-95a0-4f15-b8e6-064cc3b46d23,item,1,0,"{""obverse"": ""vampire-the-masquerade-rivals_core-set_scoped--30-06"", ""reverse"": """"}","{""name_printed"": ""Scoped .30-06"", ""item_dimensions"": ""{\u0022height\u0022: \u00223.5\u0022, \u0022width\u0022: \u00222.5\u0022, \u0022unit\u0022: \u0022inch\u0022}""}",431688b2-9751-4d84-8a04-98318044ba92,0de5b303-55bf-48ca-a844-b5498c4bfbfa,Scoped .30-06,Scoped .30-06,{},vampire-the-masquerade-rivals_core-set_scoped--30-06
72af35bd-2310-42ce-8959-52782a416cbd,item,1,0,"{""obverse"": ""vampire-the-masquerade-rivals_core-set_scry-the-soul"", ""reverse"": """"}","{""name_printed"": ""Scry the Soul"", ""item_dimensions"": ""{\u0022height\u0022: \u00223.5\u0022, \u0022width\u0022: \u00222.5\u0022, \u0022unit\u0022: \u0022inch\u0022}""}",431688b2-9751-4d84-8a04-98318044ba92,0de5b303-55bf-48ca-a844-b5498c4bfbfa,Scry the Soul,Scry the Soul,{},vampire-the-masquerade-rivals_core-set_scry-the-soul
efafbbc7-721c-4faf-af9c-efd0b41ad837,item,1,0,"{""obverse"": ""vampire-the-masquerade-rivals_core-set_search-engine"", ""reverse"": ""vampire-the-masquerade-rivals_card-back_library""}","{""name_printed"": ""Search Engine"", ""deck"": ""Library"", ""item_dimensions"": ""{\u0022height\u0022: \u00223.5\u0022, \u0022width\u0022: \u00222.5\u0022, \u0022unit\u0022: \u0022inch\u0022}""}",431688b2-9751-4d84-8a04-98318044ba92,0de5b303-55bf-48ca-a844-b5498c4bfbfa,Search Engine,Search Engine,{},vampire-the-masquerade-rivals_core-set_search-engine
7411cdd2-762b-4e0d-8fe4-dd3e3eb7990f,item,1,0,"{""obverse"": ""vampire-the-masquerade-rivals_core-set_seduction"", ""reverse"": """"}","{""name_printed"": ""Seduction"", ""item_dimensions"": ""{\u0022height\u0022: \u00223.5\u0022, \u0022width\u0022: \u00222.5\u0022, \u0022unit\u0022: \u0022inch\u0022}""}",431688b2-9751-4d84-8a04-98318044ba92,0de5b303-55bf-48ca-a844-b5498c4bfbfa,Seduction,Seduction,{},vampire-the-masquerade-rivals_core-set_seduction
97524961-8fb7-41f1-a006-2f014596d633,item,1,0,"{""obverse"": ""vampire-the-masquerade-rivals_core-set_seneschal"", ""reverse"": ""vampire-the-masquerade-rivals_card-back_library""}","{""name_printed"": ""Seneschal"", ""deck"": ""Library"", ""item_dimensions"": ""{\u0022height\u0022: \u00223.5\u0022, \u0022width\u0022: \u00222.5\u0022, \u0022unit\u0022: \u0022inch\u0022}""}",431688b2-9751-4d84-8a04-98318044ba92,0de5b303-55bf-48ca-a844-b5498c4bfbfa,Seneschal,Seneschal,{},vampire-the-masquerade-rivals_core-set_seneschal
efdc324b-333d-41f6-a7ed-41183ca7dc60,item,1,0,"{""obverse"": ""vampire-the-masquerade-rivals_core-set_shades"", ""reverse"": ""vampire-the-masquerade-rivals_card-back_faction-deck""}","{""name_printed"": ""Shades"", ""deck"": ""Faction Deck"", ""item_dimensions"": ""{\u0022height\u0022: \u00223.5\u0022, \u0022width\u0022: \u00222.5\u0022, \u0022unit\u0022: \u0022inch\u0022}""}",431688b2-9751-4d84-8a04-98318044ba92,0de5b303-55bf-48ca-a844-b5498c4bfbfa,Shades,Shades,{},vampire-the-masquerade-rivals_core-set_shades
d4a35376-ec61-42aa-93c1-d5d0eb1b7158,item,1,0,"{""obverse"": ""vampire-the-masquerade-rivals_core-set_sheriff"", ""reverse"": ""vampire-the-masquerade-rivals_card-back_library""}","{""name_printed"": ""Sheriff"", ""deck"": ""Library"", ""item_dimensions"": ""{\u0022height\u0022: \u00223.5\u0022, \u0022width\u0022: \u00222.5\u0022, \u0022unit\u0022: \u0022inch\u0022}""}",431688b2-9751-4d84-8a04-98318044ba92,0de5b303-55bf-48ca-a844-b5498c4bfbfa,Sheriff,Sheriff,{},vampire-the-masquerade-rivals_core-set_sheriff
0fa22da7-6b80-456d-b390-d1297a3e3af7,item,1,0,"{""obverse"": ""vampire-the-masquerade-rivals_core-set_skateboarder"", ""reverse"": ""vampire-the-masquerade-rivals_card-back_city-deck""}","{""name_printed"": ""Skateboarder"", ""deck"": ""City Deck"", ""item_dimensions"": ""{\u0022height\u0022: \u00223.5\u0022, \u0022width\u0022: \u00222.5\u0022, \u0022unit\u0022: \u0022inch\u0022}""}",431688b2-9751-4d84-8a04-98318044ba92,0de5b303-55bf-48ca-a844-b5498c4bfbfa,Skateboarder,Skateboarder,{},vampire-the-masquerade-rivals_core-set_skateboarder
c66cce0b-ae8c-4f38-80d4-977b32440d8d,item,1,0,"{""obverse"": ""vampire-the-masquerade-rivals_core-set_skunk"", ""reverse"": ""vampire-the-masquerade-rivals_card-back_faction-deck""}","{""name_printed"": ""Skunk"", ""deck"": ""Faction Deck"", ""item_dimensions"": ""{\u0022height\u0022: \u00223.5\u0022, \u0022width\u0022: \u00222.5\u0022, \u0022unit\u0022: \u0022inch\u0022}""}",431688b2-9751-4d84-8a04-98318044ba92,0de5b303-55bf-48ca-a844-b5498c4bfbfa,Skunk,Skunk,{},vampire-the-masquerade-rivals_core-set_skunk
434a64b0-a917-4d33-9548-a0a6d3cc19b6,item,1,0,"{""obverse"": ""vampire-the-masquerade-rivals_core-set_slap-in-the-face"", ""reverse"": """"}","{""name_printed"": ""Slap in the Face"", ""item_dimensions"": ""{\u0022height\u0022: \u00223.5\u0022, \u0022width\u0022: \u00222.5\u0022, \u0022unit\u0022: \u0022inch\u0022}""}",431688b2-9751-4d84-8a04-98318044ba92,0de5b303-55bf-48ca-a844-b5498c4bfbfa,Slap in the Face,Slap in the Face,{},vampire-the-masquerade-rivals_core-set_slap-in-the-face
997c8924-9c09-4de8-b18b-a318bd28bf60,item,1,0,"{""obverse"": ""vampire-the-masquerade-rivals_core-set_smoke-'em-out"", ""reverse"": """"}","{""name_printed"": ""Smoke 'Em Out"", ""item_dimensions"": ""{\u0022height\u0022: \u00223.5\u0022, \u0022width\u0022: \u00222.5\u0022, \u0022unit\u0022: \u0022inch\u0022}""}",431688b2-9751-4d84-8a04-98318044ba92,0de5b303-55bf-48ca-a844-b5498c4bfbfa,Smoke 'Em Out,Smoke 'Em Out,{},vampire-the-masquerade-rivals_core-set_smoke-'em-out
7aefa3d4-3a7f-4c9f-b58a-3ae677d770d5,item,1,0,"{""obverse"": ""vampire-the-masquerade-rivals_core-set_special-affairs-division"", ""reverse"": ""vampire-the-masquerade-rivals_card-back_city-deck""}","{""name_printed"": ""Special Affairs Division"", ""deck"": ""City Deck"", ""item_dimensions"": ""{\u0022height\u0022: \u00223.5\u0022, \u0022width\u0022: \u00222.5\u0022, \u0022unit\u0022: \u0022inch\u0022}""}",431688b2-9751-4d84-8a04-98318044ba92,0de5b303-55bf-48ca-a844-b5498c4bfbfa,Special Affairs Division,Special Affairs Division,{},vampire-the-masquerade-rivals_core-set_special-affairs-division
41bf5a52-08b3-4127-87b4-5a820ef84da9,item,1,0,"{""obverse"": ""vampire-the-masquerade-rivals_core-set_steal-the-spotlight"", ""reverse"": """"}","{""name_printed"": ""Steal the Spotlight"", ""item_dimensions"": ""{\u0022height\u0022: \u00223.5\u0022, \u0022width\u0022: \u00222.5\u0022, \u0022unit\u0022: \u0022inch\u0022}""}",431688b2-9751-4d84-8a04-98318044ba92,0de5b303-55bf-48ca-a844-b5498c4bfbfa,Steal the Spotlight,Steal the Spotlight,{},vampire-the-masquerade-rivals_core-set_steal-the-spotlight
b8fb1f28-c597-4db5-8120-467c8c05f554,item,1,0,"{""obverse"": ""vampire-the-masquerade-rivals_core-set_stevie-osborn"", ""reverse"": ""vampire-the-masquerade-rivals_card-back_faction-deck""}","{""name_printed"": ""Stevie Osborn"", ""deck"": ""Faction Deck"", ""item_dimensions"": ""{\u0022height\u0022: \u00223.5\u0022, \u0022width\u0022: \u00222.5\u0022, \u0022unit\u0022: \u0022inch\u0022}""}",431688b2-9751-4d84-8a04-98318044ba92,0de5b303-55bf-48ca-a844-b5498c4bfbfa,Stevie Osborn,Stevie Osborn,{},vampire-the-masquerade-rivals_core-set_stevie-osborn
2659d238-3448-4635-baa1-b7c03510259d,item,1,0,"{""obverse"": ""vampire-the-masquerade-rivals_core-set_street-preacher"", ""reverse"": ""vampire-the-masquerade-rivals_card-back_faction-deck""}","{""name_printed"": ""Street Preacher"", ""deck"": ""Faction Deck"", ""item_dimensions"": ""{\u0022height\u0022: \u00223.5\u0022, \u0022width\u0022: \u00222.5\u0022, \u0022unit\u0022: \u0022inch\u0022}""}",431688b2-9751-4d84-8a04-98318044ba92,0de5b303-55bf-48ca-a844-b5498c4bfbfa,Street Preacher,Street Preacher,{},vampire-the-masquerade-rivals_core-set_street-preacher
36b215f2-da92-49d2-8033-5d4512c234c8,item,1,0,"{""obverse"": ""vampire-the-masquerade-rivals_core-set_strength-in-numbers"", ""reverse"": ""vampire-the-masquerade-rivals_card-back_agenda""}","{""name_printed"": ""Strength in Numbers"", ""deck"": ""Agenda"", ""item_dimensions"": ""{\u0022height\u0022: \u00223.5\u0022, \u0022width\u0022: \u00222.5\u0022, \u0022unit\u0022: \u0022inch\u0022}""}",431688b2-9751-4d84-8a04-98318044ba92,0de5b303-55bf-48ca-a844-b5498c4bfbfa,Strength in Numbers,Strength in Numbers,{},vampire-the-masquerade-rivals_core-set_strength-in-numbers
ccfccbb4-623b-47e5-b2fe-b7dd5090f3e2,item,1,0,"{""obverse"": ""vampire-the-masquerade-rivals_core-set_student"", ""reverse"": ""vampire-the-masquerade-rivals_card-back_city-deck""}","{""name_printed"": ""Student"", ""deck"": ""City Deck"", ""item_dimensions"": ""{\u0022height\u0022: \u00223.5\u0022, \u0022width\u0022: \u00222.5\u0022, \u0022unit\u0022: \u0022inch\u0022}""}",431688b2-9751-4d84-8a04-98318044ba92,0de5b303-55bf-48ca-a844-b5498c4bfbfa,Student,Student,{},vampire-the-masquerade-rivals_core-set_student
a1e978c0-6cc4-438b-838d-9f0f67b1daca,item,1,0,"{""obverse"": ""vampire-the-masquerade-rivals_core-set_sucker-punch-(damage-1)"", ""reverse"": """"}","{""name_printed"": ""Sucker Punch"", ""functional_disambiguator"": ""Damage 1"", ""item_dimensions"": ""{\u0022height\u0022: \u00223.5\u0022, \u0022width\u0022: \u00222.5\u0022, \u0022unit\u0022: \u0022inch\u0022}""}",431688b2-9751-4d84-8a04-98318044ba92,0de5b303-55bf-48ca-a844-b5498c4bfbfa,Sucker Punch (Damage 1),Sucker Punch (Damage 1),{},vampire-the-masquerade-rivals_core-set_sucker-punch-(damage-1)
602012b2-dee2-4634-815b-92e1ccd01326,item,1,0,"{""obverse"": ""vampire-the-masquerade-rivals_core-set_sucker-punch-(damage-2)"", ""reverse"": """"}","{""name_printed"": ""Sucker Punch"", ""functional_disambiguator"": ""Damage 2"", ""item_dimensions"": ""{\u0022height\u0022: \u00223.5\u0022, \u0022width\u0022: \u00222.5\u0022, \u0022unit\u0022: \u0022inch\u0022}""}",431688b2-9751-4d84-8a04-98318044ba92,0de5b303-55bf-48ca-a844-b5498c4bfbfa,Sucker Punch (Damage 2),Sucker Punch (Damage 2),{},vampire-the-masquerade-rivals_core-set_sucker-punch-(damage-2)
1cb58f34-2579-4487-99ea-9dd3a1258a2d,item,1,0,"{""obverse"": ""vampire-the-masquerade-rivals_core-set_sweetums"", ""reverse"": ""vampire-the-masquerade-rivals_card-back_faction-deck""}","{""name_printed"": ""Sweetums"", ""deck"": ""Faction Deck"", ""item_dimensions"": ""{\u0022height\u0022: \u00223.5\u0022, \u0022width\u0022: \u00222.5\u0022, \u0022unit\u0022: \u0022inch\u0022}""}",431688b2-9751-4d84-8a04-98318044ba92,0de5b303-55bf-48ca-a844-b5498c4bfbfa,Sweetums,Sweetums,{},vampire-the-masquerade-rivals_core-set_sweetums
d95f65a9-4c18-4709-ac0a-c2528882c06e,item,1,0,"{""obverse"": ""vampire-the-masquerade-rivals_core-set_terrorize"", ""reverse"": """"}","{""name_printed"": ""Terrorize"", ""item_dimensions"": ""{\u0022height\u0022: \u00223.5\u0022, \u0022width\u0022: \u00222.5\u0022, \u0022unit\u0022: \u0022inch\u0022}""}",431688b2-9751-4d84-8a04-98318044ba92,0de5b303-55bf-48ca-a844-b5498c4bfbfa,Terrorize,Terrorize,{},vampire-the-masquerade-rivals_core-set_terrorize
1dce0d01-6b19-4682-af4a-b833a0270627,item,1,0,"{""obverse"": ""vampire-the-masquerade-rivals_core-set_the-cossack"", ""reverse"": ""vampire-the-masquerade-rivals_card-back_faction-deck""}","{""name_printed"": ""The Cossack"", ""deck"": ""Faction Deck"", ""item_dimensions"": ""{\u0022height\u0022: \u00223.5\u0022, \u0022width\u0022: \u00222.5\u0022, \u0022unit\u0022: \u0022inch\u0022}""}",431688b2-9751-4d84-8a04-98318044ba92,0de5b303-55bf-48ca-a844-b5498c4bfbfa,The Cossack,The Cossack,{},vampire-the-masquerade-rivals_core-set_the-cossack
226c95e4-f224-4276-b2ea-a40b90fe2fdc,item,1,0,"{""obverse"": ""vampire-the-masquerade-rivals_core-set_the-dockyards"", ""reverse"": ""vampire-the-masquerade-rivals_card-back_haven""}","{""name_printed"": ""The Dockyards"", ""deck"": ""Haven"", ""item_dimensions"": ""{\u0022height\u0022: \u00223.5\u0022, \u0022width\u0022: \u00222.5\u0022, \u0022unit\u0022: \u0022inch\u0022}""}",431688b2-9751-4d84-8a04-98318044ba92,0de5b303-55bf-48ca-a844-b5498c4bfbfa,The Dockyards,The Dockyards,{},vampire-the-masquerade-rivals_core-set_the-dockyards
2094a9dd-0bf1-4894-b9d2-f0c317b06e76,item,1,0,"{""obverse"": ""vampire-the-masquerade-rivals_core-set_the-end-is-nigh"", ""reverse"": ""vampire-the-masquerade-rivals_card-back_agenda""}","{""name_printed"": ""The End is Nigh"", ""deck"": ""Agenda"", ""item_dimensions"": ""{\u0022height\u0022: \u00223.5\u0022, \u0022width\u0022: \u00222.5\u0022, \u0022unit\u0022: \u0022inch\u0022}""}",431688b2-9751-4d84-8a04-98318044ba92,0de5b303-55bf-48ca-a844-b5498c4bfbfa,The End is Nigh,The End is Nigh,{},vampire-the-masquerade-rivals_core-set_the-end-is-nigh
f7f91ab0-9193-4dbf-a635-9799380adf95,item,1,0,"{""obverse"": ""vampire-the-masquerade-rivals_core-set_the-hunger"", ""reverse"": ""vampire-the-masquerade-rivals_card-back_city-deck""}","{""name_printed"": ""The Hunger"", ""deck"": ""City Deck"", ""item_dimensions"": ""{\u0022height\u0022: \u00223.5\u0022, \u0022width\u0022: \u00222.5\u0022, \u0022unit\u0022: \u0022inch\u0022}""}",431688b2-9751-4d84-8a04-98318044ba92,0de5b303-55bf-48ca-a844-b5498c4bfbfa,The Hunger,The Hunger,{},vampire-the-masquerade-rivals_core-set_the-hunger
e9637458-1660-4b5b-ae8d-3cd623ed3e97,item,1,0,"{""obverse"": ""vampire-the-masquerade-rivals_core-set_the-last-word"", ""reverse"": """"}","{""name_printed"": ""The Last Word"", ""item_dimensions"": ""{\u0022height\u0022: \u00223.5\u0022, \u0022width\u0022: \u00222.5\u0022, \u0022unit\u0022: \u0022inch\u0022}""}",431688b2-9751-4d84-8a04-98318044ba92,0de5b303-55bf-48ca-a844-b5498c4bfbfa,The Last Word,The Last Word,{},vampire-the-masquerade-rivals_core-set_the-last-word
e314fcb3-a798-4c07-8edf-537384ea19ae,item,1,0,"{""obverse"": ""vampire-the-masquerade-rivals_core-set_the-madhouse"", ""reverse"": ""vampire-the-masquerade-rivals_card-back_haven""}","{""name_printed"": ""The Madhouse"", ""deck"": ""Haven"", ""item_dimensions"": ""{\u0022height\u0022: \u00223.5\u0022, \u0022width\u0022: \u00222.5\u0022, \u0022unit\u0022: \u0022inch\u0022}""}",431688b2-9751-4d84-8a04-98318044ba92,0de5b303-55bf-48ca-a844-b5498c4bfbfa,The Madhouse,The Madhouse,{},vampire-the-masquerade-rivals_core-set_the-madhouse
f0c26826-a559-48e6-863f-744d136e8d38,item,1,0,"{""obverse"": ""vampire-the-masquerade-rivals_core-set_the-mighty-fall"", ""reverse"": """"}","{""name_printed"": ""The Mighty Fall"", ""item_dimensions"": ""{\u0022height\u0022: \u00223.5\u0022, \u0022width\u0022: \u00222.5\u0022, \u0022unit\u0022: \u0022inch\u0022}""}",431688b2-9751-4d84-8a04-98318044ba92,0de5b303-55bf-48ca-a844-b5498c4bfbfa,The Mighty Fall,The Mighty Fall,{},vampire-the-masquerade-rivals_core-set_the-mighty-fall
6cc5e898-795e-4299-88ad-8fab52d69b96,item,1,0,"{""obverse"": ""vampire-the-masquerade-rivals_core-set_the-penthouse"", ""reverse"": ""vampire-the-masquerade-rivals_card-back_haven""}","{""name_printed"": ""The Penthouse"", ""deck"": ""Haven"", ""item_dimensions"": ""{\u0022height\u0022: \u00223.5\u0022, \u0022width\u0022: \u00222.5\u0022, \u0022unit\u0022: \u0022inch\u0022}""}",431688b2-9751-4d84-8a04-98318044ba92,0de5b303-55bf-48ca-a844-b5498c4bfbfa,The Penthouse,The Penthouse,{},vampire-the-masquerade-rivals_core-set_the-penthouse
0202ff45-9684-41e6-82c8-07e214d6f262,item,1,0,"{""obverse"": ""vampire-the-masquerade-rivals_core-set_the-spoils"", ""reverse"": """"}","{""name_printed"": ""The Spoils"", ""item_dimensions"": ""{\u0022height\u0022: \u00223.5\u0022, \u0022width\u0022: \u00222.5\u0022, \u0022unit\u0022: \u0022inch\u0022}""}",431688b2-9751-4d84-8a04-98318044ba92,0de5b303-55bf-48ca-a844-b5498c4bfbfa,The Spoils,The Spoils,{},vampire-the-masquerade-rivals_core-set_the-spoils
98248f8d-75b0-4df6-9e5b-529e1facc895,item,1,0,"{""obverse"": ""vampire-the-masquerade-rivals_core-set_throat-rip"", ""reverse"": """"}","{""name_printed"": ""Throat Rip"", ""item_dimensions"": ""{\u0022height\u0022: \u00223.5\u0022, \u0022width\u0022: \u00222.5\u0022, \u0022unit\u0022: \u0022inch\u0022}""}",431688b2-9751-4d84-8a04-98318044ba92,0de5b303-55bf-48ca-a844-b5498c4bfbfa,Throat Rip,Throat Rip,{},vampire-the-masquerade-rivals_core-set_throat-rip
26289cdc-dace-4bae-9e92-8709680100e8,item,1,0,"{""obverse"": ""vampire-the-masquerade-rivals_core-set_tour-guide"", ""reverse"": ""vampire-the-masquerade-rivals_card-back_city-deck""}","{""name_printed"": ""Tour Guide"", ""deck"": ""City Deck"", ""item_dimensions"": ""{\u0022height\u0022: \u00223.5\u0022, \u0022width\u0022: \u00222.5\u0022, \u0022unit\u0022: \u0022inch\u0022}""}",431688b2-9751-4d84-8a04-98318044ba92,0de5b303-55bf-48ca-a844-b5498c4bfbfa,Tour Guide,Tour Guide,{},vampire-the-masquerade-rivals_core-set_tour-guide
f6a40aaf-2335-482b-bf11-0b1e7b103208,item,1,0,"{""obverse"": ""vampire-the-masquerade-rivals_core-set_turf-war"", ""reverse"": ""vampire-the-masquerade-rivals_card-back_agenda""}","{""name_printed"": ""Turf War"", ""deck"": ""Agenda"", ""item_dimensions"": ""{\u0022height\u0022: \u00223.5\u0022, \u0022width\u0022: \u00222.5\u0022, \u0022unit\u0022: \u0022inch\u0022}""}",431688b2-9751-4d84-8a04-98318044ba92,0de5b303-55bf-48ca-a844-b5498c4bfbfa,Turf War,Turf War,{},vampire-the-masquerade-rivals_core-set_turf-war
016c668e-cd35-4174-8bf0-c75b749292fd,item,1,0,"{""obverse"": ""vampire-the-masquerade-rivals_core-set_ty-smith"", ""reverse"": ""vampire-the-masquerade-rivals_card-back_faction-deck""}","{""name_printed"": ""Ty Smith"", ""deck"": ""Faction Deck"", ""item_dimensions"": ""{\u0022height\u0022: \u00223.5\u0022, \u0022width\u0022: \u00222.5\u0022, \u0022unit\u0022: \u0022inch\u0022}""}",431688b2-9751-4d84-8a04-98318044ba92,0de5b303-55bf-48ca-a844-b5498c4bfbfa,Ty Smith,Ty Smith,{},vampire-the-masquerade-rivals_core-set_ty-smith
645d74ab-5a6d-44e4-b9ce-f5f90a805208,item,1,0,"{""obverse"": ""vampire-the-masquerade-rivals_core-set_unhinged"", ""reverse"": """"}","{""name_printed"": ""Unhinged"", ""item_dimensions"": ""{\u0022height\u0022: \u00223.5\u0022, \u0022width\u0022: \u00222.5\u0022, \u0022unit\u0022: \u0022inch\u0022}""}",431688b2-9751-4d84-8a04-98318044ba92,0de5b303-55bf-48ca-a844-b5498c4bfbfa,Unhinged,Unhinged,{},vampire-the-masquerade-rivals_core-set_unhinged
f8a87232-2c3d-4758-9459-e08e3784e43a,item,1,0,"{""obverse"": ""vampire-the-masquerade-rivals_core-set_unswayable-mind"", ""reverse"": """"}","{""name_printed"": ""Unswayable Mind"", ""item_dimensions"": ""{\u0022height\u0022: \u00223.5\u0022, \u0022width\u0022: \u00222.5\u0022, \u0022unit\u0022: \u0022inch\u0022}""}",431688b2-9751-4d84-8a04-98318044ba92,0de5b303-55bf-48ca-a844-b5498c4bfbfa,Unswayable Mind,Unswayable Mind,{},vampire-the-masquerade-rivals_core-set_unswayable-mind
87ceab2a-0b6c-4903-891e-578a408ee9bb,item,1,0,"{""obverse"": ""vampire-the-masquerade-rivals_core-set_vagrant"", ""reverse"": ""vampire-the-masquerade-rivals_card-back_city-deck""}","{""name_printed"": ""Vagrant"", ""deck"": ""City Deck"", ""item_dimensions"": ""{\u0022height\u0022: \u00223.5\u0022, \u0022width\u0022: \u00222.5\u0022, \u0022unit\u0022: \u0022inch\u0022}""}",431688b2-9751-4d84-8a04-98318044ba92,0de5b303-55bf-48ca-a844-b5498c4bfbfa,Vagrant,Vagrant,{},vampire-the-masquerade-rivals_core-set_vagrant
73628fda-bee6-453e-afcd-bd7713fef7bb,item,1,0,"{""obverse"": ""vampire-the-masquerade-rivals_core-set_velvet"", ""reverse"": ""vampire-the-masquerade-rivals_card-back_faction-deck""}","{""name_printed"": ""Velvet"", ""deck"": ""Faction Deck"", ""item_dimensions"": ""{\u0022height\u0022: \u00223.5\u0022, \u0022width\u0022: \u00222.5\u0022, \u0022unit\u0022: \u0022inch\u0022}""}",431688b2-9751-4d84-8a04-98318044ba92,0de5b303-55bf-48ca-a844-b5498c4bfbfa,Velvet,Velvet,{},vampire-the-masquerade-rivals_core-set_velvet
cf7c4062-1d0c-4f06-b210-9daf155d647a,item,1,0,"{""obverse"": ""vampire-the-masquerade-rivals_core-set_wandering-the-bart-tunnels"", ""reverse"": ""vampire-the-masquerade-rivals_card-back_city-deck""}","{""name_printed"": ""Wandering the BART Tunnels"", ""deck"": ""City Deck"", ""item_dimensions"": ""{\u0022height\u0022: \u00223.5\u0022, \u0022width\u0022: \u00222.5\u0022, \u0022unit\u0022: \u0022inch\u0022}""}",431688b2-9751-4d84-8a04-98318044ba92,0de5b303-55bf-48ca-a844-b5498c4bfbfa,Wandering the BART Tunnels,Wandering the BART Tunnels,{},vampire-the-masquerade-rivals_core-set_wandering-the-bart-tunnels
9cacd2e8-c182-4964-9306-1b8879f80ecd,item,1,0,"{""obverse"": ""vampire-the-masquerade-rivals_core-set_whispering-campaign"", ""reverse"": ""vampire-the-masquerade-rivals_card-back_library""}","{""name_printed"": ""Whispering Campaign"", ""deck"": ""Library"", ""item_dimensions"": ""{\u0022height\u0022: \u00223.5\u0022, \u0022width\u0022: \u00222.5\u0022, \u0022unit\u0022: \u0022inch\u0022}""}",431688b2-9751-4d84-8a04-98318044ba92,0de5b303-55bf-48ca-a844-b5498c4bfbfa,Whispering Campaign,Whispering Campaign,{},vampire-the-masquerade-rivals_core-set_whispering-campaign
0a258ed0-0068-4b23-b658-37a8ac7b2c31,item,1,0,"{""obverse"": ""vampire-the-masquerade-rivals_core-set_yusef-kaya"", ""reverse"": ""vampire-the-masquerade-rivals_card-back_faction-deck""}","{""name_printed"": ""Yusef Kaya"", ""deck"": ""Faction Deck"", ""item_dimensions"": ""{\u0022height\u0022: \u00223.5\u0022, \u0022width\u0022: \u00222.5\u0022, \u0022unit\u0022: \u0022inch\u0022}""}",431688b2-9751-4d84-8a04-98318044ba92,0de5b303-55bf-48ca-a844-b5498c4bfbfa,Yusef Kaya,Yusef Kaya,{},vampire-the-masquerade-rivals_core-set_yusef-kaya
e8459f40-8987-4614-9f40-c579ec4bd6fc,item,1,0,"{""obverse"": ""vampire-the-masquerade-rivals_core-set_zhang-wei"", ""reverse"": ""vampire-the-masquerade-rivals_card-back_faction-deck""}","{""name_printed"": ""Zhang Wei"", ""deck"": ""Faction Deck"", ""item_dimensions"": ""{\u0022height\u0022: \u00223.5\u0022, \u0022width\u0022: \u00222.5\u0022, \u0022unit\u0022: \u0022inch\u0022}""}",431688b2-9751-4d84-8a04-98318044ba92,0de5b303-55bf-48ca-a844-b5498c4bfbfa,Zhang Wei,Zhang Wei,{},vampire-the-masquerade-rivals_core-set_zhang-wei
aabe551d-fe7c-4a11-9b98-c8d18020bb45,item,1,0,"{""obverse"": ""vampire-the-masquerade-rivals_shadows-and-shrouds_adrian-beltza"", ""reverse"": ""vampire-the-masquerade-rivals_card-back_faction-deck""}","{""name_printed"": ""Adrian Beltza"", ""deck"": ""Faction Deck"", ""item_dimensions"": ""{\u0022height\u0022: \u00223.5\u0022, \u0022width\u0022: \u00222.5\u0022, \u0022unit\u0022: \u0022inch\u0022}""}",431688b2-9751-4d84-8a04-98318044ba92,5b534d82-634e-4eae-83a1-1217c5d6c5a4,Adrian Beltza,Adrian Beltza,{},vampire-the-masquerade-rivals_shadows-and-shrouds_adrian-beltza
9bfa30a9-b702-447e-bd86-773cd0ee4da8,item,1,0,"{""obverse"": ""vampire-the-masquerade-rivals_shadows-and-shrouds_annika"", ""reverse"": ""vampire-the-masquerade-rivals_card-back_faction-deck""}","{""name_printed"": ""Annika"", ""deck"": ""Faction Deck"", ""item_dimensions"": ""{\u0022height\u0022: \u00223.5\u0022, \u0022width\u0022: \u00222.5\u0022, \u0022unit\u0022: \u0022inch\u0022}""}",431688b2-9751-4d84-8a04-98318044ba92,5b534d82-634e-4eae-83a1-1217c5d6c5a4,Annika,Annika,{},vampire-the-masquerade-rivals_shadows-and-shrouds_annika
48757815-94d4-4359-8081-0b0e2dfa2db0,item,1,0,"{""obverse"": ""vampire-the-masquerade-rivals_shadows-and-shrouds_arms-of-ahriman"", ""reverse"": ""vampire-the-masquerade-rivals_card-back_library""}","{""name_printed"": ""Arms of Ahriman"", ""deck"": ""Library"", ""item_dimensions"": ""{\u0022height\u0022: \u00223.5\u0022, \u0022width\u0022: \u00222.5\u0022, \u0022unit\u0022: \u0022inch\u0022}""}",431688b2-9751-4d84-8a04-98318044ba92,5b534d82-634e-4eae-83a1-1217c5d6c5a4,Arms of Ahriman,Arms of Ahriman,{},vampire-the-masquerade-rivals_shadows-and-shrouds_arms-of-ahriman
e550c732-b09f-4df0-a86c-c70c306f4463,item,1,0,"{""obverse"": ""vampire-the-masquerade-rivals_shadows-and-shrouds_astrid-malhela"", ""reverse"": ""vampire-the-masquerade-rivals_card-back_faction-deck""}","{""name_printed"": ""Astrid Malhela"", ""deck"": ""Faction Deck"", ""item_dimensions"": ""{\u0022height\u0022: \u00223.5\u0022, \u0022width\u0022: \u00222.5\u0022, \u0022unit\u0022: \u0022inch\u0022}""}",431688b2-9751-4d84-8a04-98318044ba92,5b534d82-634e-4eae-83a1-1217c5d6c5a4,Astrid Malhela,Astrid Malhela,{},vampire-the-masquerade-rivals_shadows-and-shrouds_astrid-malhela
3007d3de-754c-4722-8b3c-a59c4707339f,item,1,0,"{""obverse"": ""vampire-the-masquerade-rivals_shadows-and-shrouds_bianca-giovanni"", ""reverse"": ""vampire-the-masquerade-rivals_card-back_faction-deck""}","{""name_printed"": ""Bianca Giovanni"", ""deck"": ""Faction Deck"", ""item_dimensions"": ""{\u0022height\u0022: \u00223.5\u0022, \u0022width\u0022: \u00222.5\u0022, \u0022unit\u0022: \u0022inch\u0022}""}",431688b2-9751-4d84-8a04-98318044ba92,5b534d82-634e-4eae-83a1-1217c5d6c5a4,Bianca Giovanni,Bianca Giovanni,{},vampire-the-masquerade-rivals_shadows-and-shrouds_bianca-giovanni
7ee8b396-d8b5-4b0c-ae10-2435a1bf548c,item,1,0,"{""obverse"": ""vampire-the-masquerade-rivals_shadows-and-shrouds_bind-the-spirit"", ""reverse"": ""vampire-the-masquerade-rivals_card-back_library""}","{""name_printed"": ""Bind the Spirit"", ""deck"": ""Library"", ""item_dimensions"": ""{\u0022height\u0022: \u00223.5\u0022, \u0022width\u0022: \u00222.5\u0022, \u0022unit\u0022: \u0022inch\u0022}""}",431688b2-9751-4d84-8a04-98318044ba92,5b534d82-634e-4eae-83a1-1217c5d6c5a4,Bind the Spirit,Bind the Spirit,{},vampire-the-masquerade-rivals_shadows-and-shrouds_bind-the-spirit
c9a38aed-c4f1-43bf-a398-b7904e069de8,item,1,0,"{""obverse"": ""vampire-the-masquerade-rivals_shadows-and-shrouds_clairvoyance"", ""reverse"": ""vampire-the-masquerade-rivals_card-back_library""}","{""name_printed"": ""Clairvoyance"", ""deck"": ""Library"", ""item_dimensions"": ""{\u0022height\u0022: \u00223.5\u0022, \u0022width\u0022: \u00222.5\u0022, \u0022unit\u0022: \u0022inch\u0022}""}",431688b2-9751-4d84-8a04-98318044ba92,5b534d82-634e-4eae-83a1-1217c5d6c5a4,Clairvoyance,Clairvoyance,{},vampire-the-masquerade-rivals_shadows-and-shrouds_clairvoyance
35df1836-9fa5-443b-a593-a20ba5481bc8,item,1,0,"{""obverse"": ""vampire-the-masquerade-rivals_shadows-and-shrouds_cloud-memory"", ""reverse"": ""vampire-the-masquerade-rivals_card-back_library""}","{""name_printed"": ""Cloud Memory"", ""deck"": ""Library"", ""item_dimensions"": ""{\u0022height\u0022: \u00223.5\u0022, \u0022width\u0022: \u00222.5\u0022, \u0022unit\u0022: \u0022inch\u0022}""}",431688b2-9751-4d84-8a04-98318044ba92,5b534d82-634e-4eae-83a1-1217c5d6c5a4,Cloud Memory,Cloud Memory,{},vampire-the-masquerade-rivals_shadows-and-shrouds_cloud-memory
f39617c0-d476-47c6-b402-18b9427849c4,item,1,0,"{""obverse"": ""vampire-the-masquerade-rivals_shadows-and-shrouds_court-of-blood"", ""reverse"": ""vampire-the-masquerade-rivals_card-back_library""}","{""name_printed"": ""Court of Blood"", ""deck"": ""Library"", ""item_dimensions"": ""{\u0022height\u0022: \u00223.5\u0022, \u0022width\u0022: \u00222.5\u0022, \u0022unit\u0022: \u0022inch\u0022}""}",431688b2-9751-4d84-8a04-98318044ba92,5b534d82-634e-4eae-83a1-1217c5d6c5a4,Court of Blood,Court of Blood,{},vampire-the-masquerade-rivals_shadows-and-shrouds_court-of-blood
05ccc44a-4aec-4bd6-bdf5-fc594114aa41,item,1,0,"{""obverse"": ""vampire-the-masquerade-rivals_shadows-and-shrouds_death-is-only-the-beginning"", ""reverse"": ""vampire-the-masquerade-rivals_card-back_agenda""}","{""name_printed"": ""Death is Only the Beginning"", ""deck"": ""Agenda"", ""item_dimensions"": ""{\u0022height\u0022: \u00223.5\u0022, \u0022width\u0022: \u00222.5\u0022, \u0022unit\u0022: \u0022inch\u0022}""}",431688b2-9751-4d84-8a04-98318044ba92,5b534d82-634e-4eae-83a1-1217c5d6c5a4,Death is Only the Beginning,Death is Only the Beginning,{},vampire-the-masquerade-rivals_shadows-and-shrouds_death-is-only-the-beginning
e6e69dd5-faff-449e-a224-39300037d722,item,1,0,"{""obverse"": ""vampire-the-masquerade-rivals_shadows-and-shrouds_diminish"", ""reverse"": ""vampire-the-masquerade-rivals_card-back_library""}","{""name_printed"": ""Diminish"", ""deck"": ""Library"", ""item_dimensions"": ""{\u0022height\u0022: \u00223.5\u0022, \u0022width\u0022: \u00222.5\u0022, \u0022unit\u0022: \u0022inch\u0022}""}",431688b2-9751-4d84-8a04-98318044ba92,5b534d82-634e-4eae-83a1-1217c5d6c5a4,Diminish,Diminish,{},vampire-the-masquerade-rivals_shadows-and-shrouds_diminish
6ce9bd02-192a-4444-a541-182c3ad98b31,item,1,0,"{""obverse"": ""vampire-the-masquerade-rivals_shadows-and-shrouds_early-grave"", ""reverse"": ""vampire-the-masquerade-rivals_card-back_library""}","{""name_printed"": ""Early Grave"", ""deck"": ""Library"", ""item_dimensions"": ""{\u0022height\u0022: \u00223.5\u0022, \u0022width\u0022: \u00222.5\u0022, \u0022unit\u0022: \u0022inch\u0022}""}",431688b2-9751-4d84-8a04-98318044ba92,5b534d82-634e-4eae-83a1-1217c5d6c5a4,Early Grave,Early Grave,{},vampire-the-masquerade-rivals_shadows-and-shrouds_early-grave
420de253-6d5c-41b6-8236-1cdd76cf728c,item,1,0,"{""obverse"": ""vampire-the-masquerade-rivals_shadows-and-shrouds_enzo-cappa"", ""reverse"": ""vampire-the-masquerade-rivals_card-back_faction-deck""}","{""name_printed"": ""Enzo Cappa"", ""deck"": ""Faction Deck"", ""item_dimensions"": ""{\u0022height\u0022: \u00223.5\u0022, \u0022width\u0022: \u00222.5\u0022, \u0022unit\u0022: \u0022inch\u0022}""}",431688b2-9751-4d84-8a04-98318044ba92,5b534d82-634e-4eae-83a1-1217c5d6c5a4,Enzo Cappa,Enzo Cappa,{},vampire-the-masquerade-rivals_shadows-and-shrouds_enzo-cappa
e23a6ca6-286b-4cb7-b5e0-76930b12f490,item,1,0,"{""obverse"": ""vampire-the-masquerade-rivals_shadows-and-shrouds_eternal-life-mortuary"", ""reverse"": ""vampire-the-masquerade-rivals_card-back_haven""}","{""name_printed"": ""Eternal Life Mortuary"", ""deck"": ""Haven"", ""item_dimensions"": ""{\u0022height\u0022: \u00223.5\u0022, \u0022width\u0022: \u00222.5\u0022, \u0022unit\u0022: \u0022inch\u0022}""}",431688b2-9751-4d84-8a04-98318044ba92,5b534d82-634e-4eae-83a1-1217c5d6c5a4,Eternal Life Mortuary,Eternal Life Mortuary,{},vampire-the-masquerade-rivals_shadows-and-shrouds_eternal-life-mortuary
1c893dba-79fb-4fd5-a066-f0d6a60f46ef,item,1,0,"{""obverse"": ""vampire-the-masquerade-rivals_shadows-and-shrouds_fight-makes-right"", ""reverse"": ""vampire-the-masquerade-rivals_card-back_library""}","{""name_printed"": ""Fight Makes Right"", ""deck"": ""Library"", ""item_dimensions"": ""{\u0022height\u0022: \u00223.5\u0022, \u0022width\u0022: \u00222.5\u0022, \u0022unit\u0022: \u0022inch\u0022}""}",431688b2-9751-4d84-8a04-98318044ba92,5b534d82-634e-4eae-83a1-1217c5d6c5a4,Fight Makes Right,Fight Makes Right,{},vampire-the-masquerade-rivals_shadows-and-shrouds_fight-makes-right
3e72c314-5eed-412c-8648-de039e7eaaf5,item,1,0,"{""obverse"": ""vampire-the-masquerade-rivals_shadows-and-shrouds_flesh-of-marble"", ""reverse"": ""vampire-the-masquerade-rivals_card-back_library""}","{""name_printed"": ""Flesh of Marble"", ""deck"": ""Library"", ""item_dimensions"": ""{\u0022height\u0022: \u00223.5\u0022, \u0022width\u0022: \u00222.5\u0022, \u0022unit\u0022: \u0022inch\u0022}""}",431688b2-9751-4d84-8a04-98318044ba92,5b534d82-634e-4eae-83a1-1217c5d6c5a4,Flesh of Marble,Flesh of Marble,{},vampire-the-masquerade-rivals_shadows-and-shrouds_flesh-of-marble
70070846-b084-4f55-b349-70e5ec47926f,item,1,0,"{""obverse"": ""vampire-the-masquerade-rivals_shadows-and-shrouds_gia-de-emparan"", ""reverse"": ""vampire-the-masquerade-rivals_card-back_faction-deck""}","{""name_printed"": ""Gia de Emparan"", ""deck"": ""Faction Deck"", ""item_dimensions"": ""{\u0022height\u0022: \u00223.5\u0022, \u0022width\u0022: \u00222.5\u0022, \u0022unit\u0022: \u0022inch\u0022}""}",431688b2-9751-4d84-8a04-98318044ba92,5b534d82-634e-4eae-83a1-1217c5d6c5a4,Gia de Emparan,Gia de Emparan,{},vampire-the-masquerade-rivals_shadows-and-shrouds_gia-de-emparan
5aa6b441-7124-4018-a043-72964e1d40c3,item,1,0,"{""obverse"": ""vampire-the-masquerade-rivals_shadows-and-shrouds_grave-robbing"", ""reverse"": ""vampire-the-masquerade-rivals_card-back_library""}","{""name_printed"": ""Grave Robbing"", ""deck"": ""Library"", ""item_dimensions"": ""{\u0022height\u0022: \u00223.5\u0022, \u0022width\u0022: \u00222.5\u0022, \u0022unit\u0022: \u0022inch\u0022}""}",431688b2-9751-4d84-8a04-98318044ba92,5b534d82-634e-4eae-83a1-1217c5d6c5a4,Grave Robbing,Grave Robbing,{},vampire-the-masquerade-rivals_shadows-and-shrouds_grave-robbing
f59cf5da-f6e0-46bb-b398-d9775df47ca8,item,1,0,"{""obverse"": ""vampire-the-masquerade-rivals_shadows-and-shrouds_graveyard-smash"", ""reverse"": ""vampire-the-masquerade-rivals_card-back_library""}","{""name_printed"": ""Graveyard Smash"", ""deck"": ""Library"", ""item_dimensions"": ""{\u0022height\u0022: \u00223.5\u0022, \u0022width\u0022: \u00222.5\u0022, \u0022unit\u0022: \u0022inch\u0022}""}",431688b2-9751-4d84-8a04-98318044ba92,5b534d82-634e-4eae-83a1-1217c5d6c5a4,Graveyard Smash,Graveyard Smash,{},vampire-the-masquerade-rivals_shadows-and-shrouds_graveyard-smash
2e5f74b6-779f-4bd1-bc53-6b856501bf02,item,1,0,"{""obverse"": ""vampire-the-masquerade-rivals_shadows-and-shrouds_high-stakes"", ""reverse"": ""vampire-the-masquerade-rivals_card-back_library""}","{""name_printed"": ""High Stakes"", ""deck"": ""Library"", ""item_dimensions"": ""{\u0022height\u0022: \u00223.5\u0022, \u0022width\u0022: \u00222.5\u0022, \u0022unit\u0022: \u0022inch\u0022}""}",431688b2-9751-4d84-8a04-98318044ba92,5b534d82-634e-4eae-83a1-1217c5d6c5a4,High Stakes,High Stakes,{},vampire-the-masquerade-rivals_shadows-and-shrouds_high-stakes
bb762b10-51c5-4882-86ed-64185cba9a51,item,1,0,"{""obverse"": ""vampire-the-masquerade-rivals_shadows-and-shrouds_interrogation"", ""reverse"": ""vampire-the-masquerade-rivals_card-back_library""}","{""name_printed"": ""Interrogation"", ""deck"": ""Library"", ""item_dimensions"": ""{\u0022height\u0022: \u00223.5\u0022, \u0022width\u0022: \u00222.5\u0022, \u0022unit\u0022: \u0022inch\u0022}""}",431688b2-9751-4d84-8a04-98318044ba92,5b534d82-634e-4eae-83a1-1217c5d6c5a4,Interrogation,Interrogation,{},vampire-the-masquerade-rivals_shadows-and-shrouds_interrogation
0c327582-b7b4-42dd-9d47-46b89b8dd656,item,1,0,"{""obverse"": ""vampire-the-masquerade-rivals_shadows-and-shrouds_it's-your-funeral"", ""reverse"": ""vampire-the-masquerade-rivals_card-back_library""}","{""name_printed"": ""It's Your Funeral"", ""deck"": ""Library"", ""item_dimensions"": ""{\u0022height\u0022: \u00223.5\u0022, \u0022width\u0022: \u00222.5\u0022, \u0022unit\u0022: \u0022inch\u0022}""}",431688b2-9751-4d84-8a04-98318044ba92,5b534d82-634e-4eae-83a1-1217c5d6c5a4,It's Your Funeral,It's Your Funeral,{},vampire-the-masquerade-rivals_shadows-and-shrouds_it's-your-funeral
f3516d84-cb5a-4fe7-9eb0-83247c5a8fd6,item,1,0,"{""obverse"": ""vampire-the-masquerade-rivals_shadows-and-shrouds_juan-carlos-diaz"", ""reverse"": ""vampire-the-masquerade-rivals_card-back_faction-deck""}","{""name_printed"": ""Juan Carlos Diaz"", ""deck"": ""Faction Deck"", ""item_dimensions"": ""{\u0022height\u0022: \u00223.5\u0022, \u0022width\u0022: \u00222.5\u0022, \u0022unit\u0022: \u0022inch\u0022}""}",431688b2-9751-4d84-8a04-98318044ba92,5b534d82-634e-4eae-83a1-1217c5d6c5a4,Juan Carlos Diaz,Juan Carlos Diaz,{},vampire-the-masquerade-rivals_shadows-and-shrouds_juan-carlos-diaz
f25c1926-8eec-470f-bc6e-0250c96ec417,item,1,0,"{""obverse"": ""vampire-the-masquerade-rivals_shadows-and-shrouds_kristin"", ""reverse"": ""vampire-the-masquerade-rivals_card-back_faction-deck""}","{""name_printed"": ""Kristin"", ""deck"": ""Faction Deck"", ""item_dimensions"": ""{\u0022height\u0022: \u00223.5\u0022, \u0022width\u0022: \u00222.5\u0022, \u0022unit\u0022: \u0022inch\u0022}""}",431688b2-9751-4d84-8a04-98318044ba92,5b534d82-634e-4eae-83a1-1217c5d6c5a4,Kristin,Kristin,{},vampire-the-masquerade-rivals_shadows-and-shrouds_kristin
079fc355-3942-485a-aa79-188d390ad763,item,1,0,"{""obverse"": ""vampire-the-masquerade-rivals_shadows-and-shrouds_kwame"", ""reverse"": ""vampire-the-masquerade-rivals_card-back_faction-deck""}","{""name_printed"": ""Kwame"", ""deck"": ""Faction Deck"", ""item_dimensions"": ""{\u0022height\u0022: \u00223.5\u0022, \u0022width\u0022: \u00222.5\u0022, \u0022unit\u0022: \u0022inch\u0022}""}",431688b2-9751-4d84-8a04-98318044ba92,5b534d82-634e-4eae-83a1-1217c5d6c5a4,Kwame,Kwame,{},vampire-the-masquerade-rivals_shadows-and-shrouds_kwame
303efdb2-3b81-4b5a-85f6-815978efbebe,item,1,0,"{""obverse"": ""vampire-the-masquerade-rivals_shadows-and-shrouds_legate"", ""reverse"": ""vampire-the-masquerade-rivals_card-back_library""}","{""name_printed"": ""Legate"", ""deck"": ""Library"", ""item_dimensions"": ""{\u0022height\u0022: \u00223.5\u0022, \u0022width\u0022: \u00222.5\u0022, \u0022unit\u0022: \u0022inch\u0022}""}",431688b2-9751-4d84-8a04-98318044ba92,5b534d82-634e-4eae-83a1-1217c5d6c5a4,Legate,Legate,{},vampire-the-masquerade-rivals_shadows-and-shrouds_legate
58a7df31-7f49-4507-ac5a-0742092f4b4a,item,1,0,"{""obverse"": ""vampire-the-masquerade-rivals_shadows-and-shrouds_living-shadow"", ""reverse"": ""vampire-the-masquerade-rivals_card-back_library""}","{""name_printed"": ""Living Shadow"", ""deck"": ""Library"", ""item_dimensions"": ""{\u0022height\u0022: \u00223.5\u0022, \u0022width\u0022: \u00222.5\u0022, \u0022unit\u0022: \u0022inch\u0022}""}",431688b2-9751-4d84-8a04-98318044ba92,5b534d82-634e-4eae-83a1-1217c5d6c5a4,Living Shadow,Living Shadow,{},vampire-the-masquerade-rivals_shadows-and-shrouds_living-shadow
6e2d1c21-2706-4b86-87a8-041a56c7d252,item,1,0,"{""obverse"": ""vampire-the-masquerade-rivals_shadows-and-shrouds_markus-kumnyama"", ""reverse"": ""vampire-the-masquerade-rivals_card-back_faction-deck""}","{""name_printed"": ""Markus Kumnyama"", ""deck"": ""Faction Deck"", ""item_dimensions"": ""{\u0022height\u0022: \u00223.5\u0022, \u0022width\u0022: \u00222.5\u0022, \u0022unit\u0022: \u0022inch\u0022}""}",431688b2-9751-4d84-8a04-98318044ba92,5b534d82-634e-4eae-83a1-1217c5d6c5a4,Markus Kumnyama,Markus Kumnyama,{},vampire-the-masquerade-rivals_shadows-and-shrouds_markus-kumnyama
07baeadb-aa3f-49de-8755-8ddec8f6807f,item,1,0,"{""obverse"": ""vampire-the-masquerade-rivals_shadows-and-shrouds_mei-yinying"", ""reverse"": ""vampire-the-masquerade-rivals_card-back_faction-deck""}","{""name_printed"": ""Mei Yinying"", ""deck"": ""Faction Deck"", ""item_dimensions"": ""{\u0022height\u0022: \u00223.5\u0022, \u0022width\u0022: \u00222.5\u0022, \u0022unit\u0022: \u0022inch\u0022}""}",431688b2-9751-4d84-8a04-98318044ba92,5b534d82-634e-4eae-83a1-1217c5d6c5a4,Mei Yinying,Mei Yinying,{},vampire-the-masquerade-rivals_shadows-and-shrouds_mei-yinying
2b34e37e-872d-4dc7-b34a-aee4dcff12a7,item,1,0,"{""obverse"": ""vampire-the-masquerade-rivals_shadows-and-shrouds_mental-block"", ""reverse"": ""vampire-the-masquerade-rivals_card-back_library""}","{""name_printed"": ""Mental Block"", ""deck"": ""Library"", ""item_dimensions"": ""{\u0022height\u0022: \u00223.5\u0022, \u0022width\u0022: \u00222.5\u0022, \u0022unit\u0022: \u0022inch\u0022}""}",431688b2-9751-4d84-8a04-98318044ba92,5b534d82-634e-4eae-83a1-1217c5d6c5a4,Mental Block,Mental Block,{},vampire-the-masquerade-rivals_shadows-and-shrouds_mental-block
3b00a8f6-1159-4fb9-a323-854547990ec0,item,1,0,"{""obverse"": ""vampire-the-masquerade-rivals_shadows-and-shrouds_mission-cemetery"", ""reverse"": ""vampire-the-masquerade-rivals_card-back_haven""}","{""name_printed"": ""Mission Cemetery"", ""deck"": ""Haven"", ""item_dimensions"": ""{\u0022height\u0022: \u00223.5\u0022, \u0022width\u0022: \u00222.5\u0022, \u0022unit\u0022: \u0022inch\u0022}""}",431688b2-9751-4d84-8a04-98318044ba92,5b534d82-634e-4eae-83a1-1217c5d6c5a4,Mission Cemetery,Mission Cemetery,{},vampire-the-masquerade-rivals_shadows-and-shrouds_mission-cemetery
0697b3b3-4636-4548-aa8e-d6f118368aea,item,1,0,"{""obverse"": ""vampire-the-masquerade-rivals_shadows-and-shrouds_money-shot"", ""reverse"": ""vampire-the-masquerade-rivals_card-back_library""}","{""name_printed"": ""Money Shot"", ""deck"": ""Library"", ""item_dimensions"": ""{\u0022height\u0022: \u00223.5\u0022, \u0022width\u0022: \u00222.5\u0022, \u0022unit\u0022: \u0022inch\u0022}""}",431688b2-9751-4d84-8a04-98318044ba92,5b534d82-634e-4eae-83a1-1217c5d6c5a4,Money Shot,Money Shot,{},vampire-the-masquerade-rivals_shadows-and-shrouds_money-shot
6af5b14f-9a20-4825-abd6-d71a425f7587,item,1,0,"{""obverse"": ""vampire-the-masquerade-rivals_shadows-and-shrouds_most-impressive"", ""reverse"": ""vampire-the-masquerade-rivals_card-back_agenda""}","{""name_printed"": ""Most Impressive"", ""deck"": ""Agenda"", ""item_dimensions"": ""{\u0022height\u0022: \u00223.5\u0022, \u0022width\u0022: \u00222.5\u0022, \u0022unit\u0022: \u0022inch\u0022}""}",431688b2-9751-4d84-8a04-98318044ba92,5b534d82-634e-4eae-83a1-1217c5d6c5a4,Most Impressive,Most Impressive,{},vampire-the-masquerade-rivals_shadows-and-shrouds_most-impressive
803e0ede-5d74-4912-8dd5-b80f189db419,item,1,0,"{""obverse"": ""vampire-the-masquerade-rivals_shadows-and-shrouds_nathaniel"", ""reverse"": ""vampire-the-masquerade-rivals_card-back_faction-deck""}","{""name_printed"": ""Nathaniel"", ""deck"": ""Faction Deck"", ""item_dimensions"": ""{\u0022height\u0022: \u00223.5\u0022, \u0022width\u0022: \u00222.5\u0022, \u0022unit\u0022: \u0022inch\u0022}""}",431688b2-9751-4d84-8a04-98318044ba92,5b534d82-634e-4eae-83a1-1217c5d6c5a4,Nathaniel,Nathaniel,{},vampire-the-masquerade-rivals_shadows-and-shrouds_nathaniel
3cc903d0-c162-4368-a661-f5b2b33a2a5d,item,1,0,"{""obverse"": ""vampire-the-masquerade-rivals_shadows-and-shrouds_necromancy"", ""reverse"": ""vampire-the-masquerade-rivals_card-back_library""}","{""name_printed"": ""Necromancy"", ""deck"": ""Library"", ""item_dimensions"": ""{\u0022height\u0022: \u00223.5\u0022, \u0022width\u0022: \u00222.5\u0022, \u0022unit\u0022: \u0022inch\u0022}""}",431688b2-9751-4d84-8a04-98318044ba92,5b534d82-634e-4eae-83a1-1217c5d6c5a4,Necromancy,Necromancy,{},vampire-the-masquerade-rivals_shadows-and-shrouds_necromancy
2e4a4b85-bc62-4b77-948b-642ea5113315,item,1,0,"{""obverse"": ""vampire-the-masquerade-rivals_shadows-and-shrouds_piero-calderón"", ""reverse"": ""vampire-the-masquerade-rivals_card-back_faction-deck""}","{""name_printed"": ""Piero Calderón"", ""deck"": ""Faction Deck"", ""item_dimensions"": ""{\u0022height\u0022: \u00223.5\u0022, \u0022width\u0022: \u00222.5\u0022, \u0022unit\u0022: \u0022inch\u0022}""}",431688b2-9751-4d84-8a04-98318044ba92,5b534d82-634e-4eae-83a1-1217c5d6c5a4,Piero Calderón,Piero Calderón,{},vampire-the-masquerade-rivals_shadows-and-shrouds_piero-calderón
7e4e6f0c-6599-44d8-9230-5cdc02d9eade,item,1,0,"{""obverse"": ""vampire-the-masquerade-rivals_shadows-and-shrouds_prizefighter"", ""reverse"": ""vampire-the-masquerade-rivals_card-back_agenda""}","{""name_printed"": ""Prizefighter"", ""deck"": ""Agenda"", ""item_dimensions"": ""{\u0022height\u0022: \u00223.5\u0022, \u0022width\u0022: \u00222.5\u0022, \u0022unit\u0022: \u0022inch\u0022}""}",431688b2-9751-4d84-8a04-98318044ba92,5b534d82-634e-4eae-83a1-1217c5d6c5a4,Prizefighter,Prizefighter,{},vampire-the-masquerade-rivals_shadows-and-shrouds_prizefighter
d0565489-4637-4cc6-a84e-7e5fce58cdc1,item,1,0,"{""obverse"": ""vampire-the-masquerade-rivals_shadows-and-shrouds_prowess-from-pain"", ""reverse"": ""vampire-the-masquerade-rivals_card-back_library""}","{""name_printed"": ""Prowess From Pain"", ""deck"": ""Library"", ""item_dimensions"": ""{\u0022height\u0022: \u00223.5\u0022, \u0022width\u0022: \u00222.5\u0022, \u0022unit\u0022: \u0022inch\u0022}""}",431688b2-9751-4d84-8a04-98318044ba92,5b534d82-634e-4eae-83a1-1217c5d6c5a4,Prowess From Pain,Prowess From Pain,{},vampire-the-masquerade-rivals_shadows-and-shrouds_prowess-from-pain
8f05c65a-0083-4a65-86a9-03e85906681f,item,1,0,"{""obverse"": ""vampire-the-masquerade-rivals_shadows-and-shrouds_rachany-sok"", ""reverse"": ""vampire-the-masquerade-rivals_card-back_faction-deck""}","{""name_printed"": ""Rachany Sok"", ""deck"": ""Faction Deck"", ""item_dimensions"": ""{\u0022height\u0022: \u00223.5\u0022, \u0022width\u0022: \u00222.5\u0022, \u0022unit\u0022: \u0022inch\u0022}""}",431688b2-9751-4d84-8a04-98318044ba92,5b534d82-634e-4eae-83a1-1217c5d6c5a4,Rachany Sok,Rachany Sok,{},vampire-the-masquerade-rivals_shadows-and-shrouds_rachany-sok
03c01a37-19a8-4219-b50a-0b416ecd5d18,item,1,0,"{""obverse"": ""vampire-the-masquerade-rivals_shadows-and-shrouds_raven-smith"", ""reverse"": ""vampire-the-masquerade-rivals_card-back_faction-deck""}","{""name_printed"": ""Raven Smith"", ""deck"": ""Faction Deck"", ""item_dimensions"": ""{\u0022height\u0022: \u00223.5\u0022, \u0022width\u0022: \u00222.5\u0022, \u0022unit\u0022: \u0022inch\u0022}""}",431688b2-9751-4d84-8a04-98318044ba92,5b534d82-634e-4eae-83a1-1217c5d6c5a4,Raven Smith,Raven Smith,{},vampire-the-masquerade-rivals_shadows-and-shrouds_raven-smith
f32c56c4-70cb-4338-aedf-5326ef3ca46a,item,1,0,"{""obverse"": ""vampire-the-masquerade-rivals_shadows-and-shrouds_scott"", ""reverse"": ""vampire-the-masquerade-rivals_card-back_faction-deck""}","{""name_printed"": ""Scott"", ""deck"": ""Faction Deck"", ""item_dimensions"": ""{\u0022height\u0022: \u00223.5\u0022, \u0022width\u0022: \u00222.5\u0022, \u0022unit\u0022: \u0022inch\u0022}""}",431688b2-9751-4d84-8a04-98318044ba92,5b534d82-634e-4eae-83a1-1217c5d6c5a4,Scott,Scott,{},vampire-the-masquerade-rivals_shadows-and-shrouds_scott
288f304f-b92f-4b84-8ac6-9f9e09655945,item,1,0,"{""obverse"": ""vampire-the-masquerade-rivals_shadows-and-shrouds_shadow-boxing"", ""reverse"": ""vampire-the-masquerade-rivals_card-back_library""}","{""name_printed"": ""Shadow Boxing"", ""deck"": ""Library"", ""item_dimensions"": ""{\u0022height\u0022: \u00223.5\u0022, \u0022width\u0022: \u00222.5\u0022, \u0022unit\u0022: \u0022inch\u0022}""}",431688b2-9751-4d84-8a04-98318044ba92,5b534d82-634e-4eae-83a1-1217c5d6c5a4,Shadow Boxing,Shadow Boxing,{},vampire-the-masquerade-rivals_shadows-and-shrouds_shadow-boxing
83fccac4-b2ee-4759-ac16-fc86c1e83fed,item,1,0,"{""obverse"": ""vampire-the-masquerade-rivals_shadows-and-shrouds_shadow-cloak"", ""reverse"": ""vampire-the-masquerade-rivals_card-back_library""}","{""name_printed"": ""Shadow Cloak"", ""deck"": ""Library"", ""item_dimensions"": ""{\u0022height\u0022: \u00223.5\u0022, \u0022width\u0022: \u00222.5\u0022, \u0022unit\u0022: \u0022inch\u0022}""}",431688b2-9751-4d84-8a04-98318044ba92,5b534d82-634e-4eae-83a1-1217c5d6c5a4,Shadow Cloak,Shadow Cloak,{},vampire-the-masquerade-rivals_shadows-and-shrouds_shadow-cloak
fd39f4b7-2d9b-45f4-95d3-07636d43c570,item,1,0,"{""obverse"": ""vampire-the-masquerade-rivals_shadows-and-shrouds_sixth-tradition--destruction"", ""reverse"": ""vampire-the-masquerade-rivals_card-back_library""}","{""name_printed"": ""Sixth Tradition: Destruction"", ""deck"": ""Library"", ""item_dimensions"": ""{\u0022height\u0022: \u00223.5\u0022, \u0022width\u0022: \u00222.5\u0022, \u0022unit\u0022: \u0022inch\u0022}""}",431688b2-9751-4d84-8a04-98318044ba92,5b534d82-634e-4eae-83a1-1217c5d6c5a4,Sixth Tradition: Destruction,Sixth Tradition: Destruction,{},vampire-the-masquerade-rivals_shadows-and-shrouds_sixth-tradition--destruction
8fd871b3-8f4c-4f44-a511-6c21593ef1b0,item,1,0,"{""obverse"": ""vampire-the-masquerade-rivals_shadows-and-shrouds_sophia-giovanni"", ""reverse"": ""vampire-the-masquerade-rivals_card-back_faction-deck""}","{""name_printed"": ""Sophia Giovanni"", ""deck"": ""Faction Deck"", ""item_dimensions"": ""{\u0022height\u0022: \u00223.5\u0022, \u0022width\u0022: \u00222.5\u0022, \u0022unit\u0022: \u0022inch\u0022}""}",431688b2-9751-4d84-8a04-98318044ba92,5b534d82-634e-4eae-83a1-1217c5d6c5a4,Sophia Giovanni,Sophia Giovanni,{},vampire-the-masquerade-rivals_shadows-and-shrouds_sophia-giovanni
37445978-f03e-4985-bea9-6bc70572589c,item,1,0,"{""obverse"": ""vampire-the-masquerade-rivals_shadows-and-shrouds_soul-crushing"", ""reverse"": ""vampire-the-masquerade-rivals_card-back_library""}","{""name_printed"": ""Soul Crushing"", ""deck"": ""Library"", ""item_dimensions"": ""{\u0022height\u0022: \u00223.5\u0022, \u0022width\u0022: \u00222.5\u0022, \u0022unit\u0022: \u0022inch\u0022}""}",431688b2-9751-4d84-8a04-98318044ba92,5b534d82-634e-4eae-83a1-1217c5d6c5a4,Soul Crushing,Soul Crushing,{},vampire-the-masquerade-rivals_shadows-and-shrouds_soul-crushing
81f179f8-b989-4b39-b8e1-7f65215351b2,item,1,0,"{""obverse"": ""vampire-the-masquerade-rivals_shadows-and-shrouds_spectral-possession"", ""reverse"": ""vampire-the-masquerade-rivals_card-back_library""}","{""name_printed"": ""Spectral Possession"", ""deck"": ""Library"", ""item_dimensions"": ""{\u0022height\u0022: \u00223.5\u0022, \u0022width\u0022: \u00222.5\u0022, \u0022unit\u0022: \u0022inch\u0022}""}",431688b2-9751-4d84-8a04-98318044ba92,5b534d82-634e-4eae-83a1-1217c5d6c5a4,Spectral Possession,Spectral Possession,{},vampire-the-masquerade-rivals_shadows-and-shrouds_spectral-possession
a55992c1-474c-432b-bf48-49afb2ae585d,item,1,0,"{""obverse"": ""vampire-the-masquerade-rivals_shadows-and-shrouds_spirit's-touch"", ""reverse"": ""vampire-the-masquerade-rivals_card-back_library""}","{""name_printed"": ""Spirit's Touch"", ""deck"": ""Library"", ""item_dimensions"": ""{\u0022height\u0022: \u00223.5\u0022, \u0022width\u0022: \u00222.5\u0022, \u0022unit\u0022: \u0022inch\u0022}""}",431688b2-9751-4d84-8a04-98318044ba92,5b534d82-634e-4eae-83a1-1217c5d6c5a4,Spirit's Touch,Spirit's Touch,{},vampire-the-masquerade-rivals_shadows-and-shrouds_spirit's-touch
f171856f-4a66-46d8-af8b-2da7f0f78091,item,1,0,"{""obverse"": ""vampire-the-masquerade-rivals_shadows-and-shrouds_summon-spirit"", ""reverse"": ""vampire-the-masquerade-rivals_card-back_library""}","{""name_printed"": ""Summon Spirit"", ""deck"": ""Library"", ""item_dimensions"": ""{\u0022height\u0022: \u00223.5\u0022, \u0022width\u0022: \u00222.5\u0022, \u0022unit\u0022: \u0022inch\u0022}""}",431688b2-9751-4d84-8a04-98318044ba92,5b534d82-634e-4eae-83a1-1217c5d6c5a4,Summon Spirit,Summon Spirit,{},vampire-the-masquerade-rivals_shadows-and-shrouds_summon-spirit
5aa0fa58-b10b-400a-8ede-161583fa6738,item,1,0,"{""obverse"": ""vampire-the-masquerade-rivals_shadows-and-shrouds_tenebrous-avatar"", ""reverse"": ""vampire-the-masquerade-rivals_card-back_library""}","{""name_printed"": ""Tenebrous Avatar"", ""deck"": ""Library"", ""item_dimensions"": ""{\u0022height\u0022: \u00223.5\u0022, \u0022width\u0022: \u00222.5\u0022, \u0022unit\u0022: \u0022inch\u0022}""}",431688b2-9751-4d84-8a04-98318044ba92,5b534d82-634e-4eae-83a1-1217c5d6c5a4,Tenebrous Avatar,Tenebrous Avatar,{},vampire-the-masquerade-rivals_shadows-and-shrouds_tenebrous-avatar
0e793314-14a2-4a1a-8f49-f3c4bba254c2,item,1,0,"{""obverse"": ""vampire-the-masquerade-rivals_shadows-and-shrouds_the-big-house"", ""reverse"": ""vampire-the-masquerade-rivals_card-back_haven""}","{""name_printed"": ""The Big House"", ""deck"": ""Haven"", ""item_dimensions"": ""{\u0022height\u0022: \u00223.5\u0022, \u0022width\u0022: \u00222.5\u0022, \u0022unit\u0022: \u0022inch\u0022}""}",431688b2-9751-4d84-8a04-98318044ba92,5b534d82-634e-4eae-83a1-1217c5d6c5a4,The Big House,The Big House,{},vampire-the-masquerade-rivals_shadows-and-shrouds_the-big-house
168d7904-7ec7-4a1f-b859-c845b4c0b40c,item,1,0,"{""obverse"": ""vampire-the-masquerade-rivals_shadows-and-shrouds_the-gift-of-false-life"", ""reverse"": ""vampire-the-masquerade-rivals_card-back_library""}","{""name_printed"": ""The Gift of False Life"", ""deck"": ""Library"", ""item_dimensions"": ""{\u0022height\u0022: \u00223.5\u0022, \u0022width\u0022: \u00222.5\u0022, \u0022unit\u0022: \u0022inch\u0022}""}",431688b2-9751-4d84-8a04-98318044ba92,5b534d82-634e-4eae-83a1-1217c5d6c5a4,The Gift of False Life,The Gift of False Life,{},vampire-the-masquerade-rivals_shadows-and-shrouds_the-gift-of-false-life
356b5d12-f636-4512-b445-1208cb3b10cc,item,1,0,"{""obverse"": ""vampire-the-masquerade-rivals_shadows-and-shrouds_the-scent-of-death"", ""reverse"": ""vampire-the-masquerade-rivals_card-back_library""}","{""name_printed"": ""The Scent of Death"", ""deck"": ""Library"", ""item_dimensions"": ""{\u0022height\u0022: \u00223.5\u0022, \u0022width\u0022: \u00222.5\u0022, \u0022unit\u0022: \u0022inch\u0022}""}",431688b2-9751-4d84-8a04-98318044ba92,5b534d82-634e-4eae-83a1-1217c5d6c5a4,The Scent of Death,The Scent of Death,{},vampire-the-masquerade-rivals_shadows-and-shrouds_the-scent-of-death
703a4130-782b-48c0-a87e-6d027469b7d6,item,1,0,"{""obverse"": ""vampire-the-masquerade-rivals_shadows-and-shrouds_the-tenderloin"", ""reverse"": ""vampire-the-masquerade-rivals_card-back_haven""}","{""name_printed"": ""The Tenderloin"", ""deck"": ""Haven"", ""item_dimensions"": ""{\u0022height\u0022: \u00223.5\u0022, \u0022width\u0022: \u00222.5\u0022, \u0022unit\u0022: \u0022inch\u0022}""}",431688b2-9751-4d84-8a04-98318044ba92,5b534d82-634e-4eae-83a1-1217c5d6c5a4,The Tenderloin,The Tenderloin,{},vampire-the-masquerade-rivals_shadows-and-shrouds_the-tenderloin
6a502d73-9567-40b8-ad8f-fe205ea254f1,item,1,0,"{""obverse"": ""vampire-the-masquerade-rivals_shadows-and-shrouds_throwing-shade"", ""reverse"": ""vampire-the-masquerade-rivals_card-back_library""}","{""name_printed"": ""Throwing Shade"", ""deck"": ""Library"", ""item_dimensions"": ""{\u0022height\u0022: \u00223.5\u0022, \u0022width\u0022: \u00222.5\u0022, \u0022unit\u0022: \u0022inch\u0022}""}",431688b2-9751-4d84-8a04-98318044ba92,5b534d82-634e-4eae-83a1-1217c5d6c5a4,Throwing Shade,Throwing Shade,{},vampire-the-masquerade-rivals_shadows-and-shrouds_throwing-shade
3a9b5576-0ae2-4962-95bc-265b6adf4e7b,item,1,0,"{""obverse"": ""vampire-the-masquerade-rivals_shadows-and-shrouds_utter-darkness"", ""reverse"": ""vampire-the-masquerade-rivals_card-back_library""}","{""name_printed"": ""Utter Darkness"", ""deck"": ""Library"", ""item_dimensions"": ""{\u0022height\u0022: \u00223.5\u0022, \u0022width\u0022: \u00222.5\u0022, \u0022unit\u0022: \u0022inch\u0022}""}",431688b2-9751-4d84-8a04-98318044ba92,5b534d82-634e-4eae-83a1-1217c5d6c5a4,Utter Darkness,Utter Darkness,{},vampire-the-masquerade-rivals_shadows-and-shrouds_utter-darkness
b6f56960-7850-4002-829d-7b476a567b25,item,1,0,"{""obverse"": ""vampire-the-masquerade-rivals_shadows-and-shrouds_wake-the-dead"", ""reverse"": ""vampire-the-masquerade-rivals_card-back_agenda""}","{""name_printed"": ""Wake the Dead"", ""deck"": ""Agenda"", ""item_dimensions"": ""{\u0022height\u0022: \u00223.5\u0022, \u0022width\u0022: \u00222.5\u0022, \u0022unit\u0022: \u0022inch\u0022}""}",431688b2-9751-4d84-8a04-98318044ba92,5b534d82-634e-4eae-83a1-1217c5d6c5a4,Wake the Dead,Wake the Dead,{},vampire-the-masquerade-rivals_shadows-and-shrouds_wake-the-dead
5ec08aae-4223-4846-92f2-dd446ec8daf1,item,1,0,"{""obverse"": ""vampire-the-masquerade-rivals_shadows-and-shrouds_what's-yours-is-mine"", ""reverse"": ""vampire-the-masquerade-rivals_card-back_library""}","{""name_printed"": ""What's Yours is Mine"", ""deck"": ""Library"", ""item_dimensions"": ""{\u0022height\u0022: \u00223.5\u0022, \u0022width\u0022: \u00222.5\u0022, \u0022unit\u0022: \u0022inch\u0022}""}",431688b2-9751-4d84-8a04-98318044ba92,5b534d82-634e-4eae-83a1-1217c5d6c5a4,What's Yours is Mine,What's Yours is Mine,{},vampire-the-masquerade-rivals_shadows-and-shrouds_what's-yours-is-mine
45243e93-388e-40f4-a995-8f2c27b6652d,item,1,0,"{""obverse"": ""vampire-the-masquerade-rivals_shadows-and-shrouds_winning"", ""reverse"": ""vampire-the-masquerade-rivals_card-back_library""}","{""name_printed"": ""Winning"", ""deck"": ""Library"", ""item_dimensions"": ""{\u0022height\u0022: \u00223.5\u0022, \u0022width\u0022: \u00222.5\u0022, \u0022unit\u0022: \u0022inch\u0022}""}",431688b2-9751-4d84-8a04-98318044ba92,5b534d82-634e-4eae-83a1-1217c5d6c5a4,Winning,Winning,{},vampire-the-masquerade-rivals_shadows-and-shrouds_winning
b2a69ebe-aad0-4838-a23f-7806d130242b,item,1,0,"{""obverse"": ""vampire-the-masquerade-rivals_shadows-and-shrouds_zahara"", ""reverse"": ""vampire-the-masquerade-rivals_card-back_faction-deck""}","{""name_printed"": ""Zahara"", ""deck"": ""Faction Deck"", ""item_dimensions"": ""{\u0022height\u0022: \u00223.5\u0022, \u0022width\u0022: \u00222.5\u0022, \u0022unit\u0022: \u0022inch\u0022}""}",431688b2-9751-4d84-8a04-98318044ba92,5b534d82-634e-4eae-83a1-1217c5d6c5a4,Zahara,Zahara,{},vampire-the-masquerade-rivals_shadows-and-shrouds_zahara
9fa3bfe5-54c9-4160-97b5-75150326cbd6,item,1,0,"{""obverse"": ""vampire-the-masquerade-rivals_the-heart-of-europe_a-house-divided"", ""reverse"": ""vampire-the-masquerade-rivals_card-back_city-deck""}","{""name_printed"": ""A House Divided"", ""deck"": ""City Deck"", ""item_dimensions"": ""{\u0022height\u0022: \u00223.5\u0022, \u0022width\u0022: \u00222.5\u0022, \u0022unit\u0022: \u0022inch\u0022}""}",431688b2-9751-4d84-8a04-98318044ba92,0e52de95-a452-499f-9607-fca0435ee50e,A House Divided,A House Divided,{},vampire-the-masquerade-rivals_the-heart-of-europe_a-house-divided
1332ecff-5d00-46ec-aab9-ade7f650a8c6,item,1,0,"{""obverse"": ""vampire-the-masquerade-rivals_the-heart-of-europe_aleister"", ""reverse"": ""vampire-the-masquerade-rivals_card-back_faction-deck""}","{""name_printed"": ""Aleister"", ""deck"": ""Faction Deck"", ""item_dimensions"": ""{\u0022height\u0022: \u00223.5\u0022, \u0022width\u0022: \u00222.5\u0022, \u0022unit\u0022: \u0022inch\u0022}""}",431688b2-9751-4d84-8a04-98318044ba92,0e52de95-a452-499f-9607-fca0435ee50e,Aleister,Aleister,{},vampire-the-masquerade-rivals_the-heart-of-europe_aleister
54bdcc00-1026-4a16-ab63-2a5a9b004f41,item,1,0,"{""obverse"": ""vampire-the-masquerade-rivals_the-heart-of-europe_anjali-the-samedi"", ""reverse"": ""vampire-the-masquerade-rivals_card-back_faction-deck""}","{""name_printed"": ""Anjali the Samedi"", ""deck"": ""Faction Deck"", ""item_dimensions"": ""{\u0022height\u0022: \u00223.5\u0022, \u0022width\u0022: \u00222.5\u0022, \u0022unit\u0022: \u0022inch\u0022}""}",431688b2-9751-4d84-8a04-98318044ba92,0e52de95-a452-499f-9607-fca0435ee50e,Anjali the Samedi,Anjali the Samedi,{},vampire-the-masquerade-rivals_the-heart-of-europe_anjali-the-samedi
a57403cd-4275-4e68-8b0c-6a5b1c9c2617,item,1,0,"{""obverse"": ""vampire-the-masquerade-rivals_the-heart-of-europe_austerity-measures"", ""reverse"": ""vampire-the-masquerade-rivals_card-back_city-deck""}","{""name_printed"": ""Austerity Measures"", ""deck"": ""City Deck"", ""item_dimensions"": ""{\u0022height\u0022: \u00223.5\u0022, \u0022width\u0022: \u00222.5\u0022, \u0022unit\u0022: \u0022inch\u0022}""}",431688b2-9751-4d84-8a04-98318044ba92,0e52de95-a452-499f-9607-fca0435ee50e,Austerity Measures,Austerity Measures,{},vampire-the-masquerade-rivals_the-heart-of-europe_austerity-measures
9e11d21a-03f1-43f4-a6a6-020848241a02,item,1,0,"{""obverse"": ""vampire-the-masquerade-rivals_the-heart-of-europe_bad-optics"", ""reverse"": ""vampire-the-masquerade-rivals_card-back_library""}","{""name_printed"": ""Bad Optics"", ""deck"": ""Library"", ""item_dimensions"": ""{\u0022height\u0022: \u00223.5\u0022, \u0022width\u0022: \u00222.5\u0022, \u0022unit\u0022: \u0022inch\u0022}""}",431688b2-9751-4d84-8a04-98318044ba92,0e52de95-a452-499f-9607-fca0435ee50e,Bad Optics,Bad Optics,{},vampire-the-masquerade-rivals_the-heart-of-europe_bad-optics
1c082564-dd53-4a5f-aa24-710094d76b6c,item,1,0,"{""obverse"": ""vampire-the-masquerade-rivals_the-heart-of-europe_bank-error-in-your-favor"", ""reverse"": ""vampire-the-masquerade-rivals_card-back_library""}","{""name_printed"": ""Bank Error in Your Favor"", ""deck"": ""Library"", ""item_dimensions"": ""{\u0022height\u0022: \u00223.5\u0022, \u0022width\u0022: \u00222.5\u0022, \u0022unit\u0022: \u0022inch\u0022}""}",431688b2-9751-4d84-8a04-98318044ba92,0e52de95-a452-499f-9607-fca0435ee50e,Bank Error in Your Favor,Bank Error in Your Favor,{},vampire-the-masquerade-rivals_the-heart-of-europe_bank-error-in-your-favor
864111ab-86a2-4782-9c11-ff06da3243b1,item,1,0,"{""obverse"": ""vampire-the-masquerade-rivals_the-heart-of-europe_bartender"", ""reverse"": ""vampire-the-masquerade-rivals_card-back_city-deck""}","{""name_printed"": ""Bartender"", ""deck"": ""City Deck"", ""item_dimensions"": ""{\u0022height\u0022: \u00223.5\u0022, \u0022width\u0022: \u00222.5\u0022, \u0022unit\u0022: \u0022inch\u0022}""}",431688b2-9751-4d84-8a04-98318044ba92,0e52de95-a452-499f-9607-fca0435ee50e,Bartender,Bartender,{},vampire-the-masquerade-rivals_the-heart-of-europe_bartender
26187182-325f-4226-a875-3212072c07c9,item,1,0,"{""obverse"": ""vampire-the-masquerade-rivals_the-heart-of-europe_blood-poisoning"", ""reverse"": ""vampire-the-masquerade-rivals_card-back_library""}","{""name_printed"": ""Blood Poisoning"", ""deck"": ""Library"", ""item_dimensions"": ""{\u0022height\u0022: \u00223.5\u0022, \u0022width\u0022: \u00222.5\u0022, \u0022unit\u0022: \u0022inch\u0022}""}",431688b2-9751-4d84-8a04-98318044ba92,0e52de95-a452-499f-9607-fca0435ee50e,Blood Poisoning,Blood Poisoning,{},vampire-the-masquerade-rivals_the-heart-of-europe_blood-poisoning
c801c9dd-f0b2-4fd3-b427-80234f8c52f2,item,1,0,"{""obverse"": ""vampire-the-masquerade-rivals_the-heart-of-europe_blood-transfusion"", ""reverse"": ""vampire-the-masquerade-rivals_card-back_library""}","{""name_printed"": ""Blood Transfusion"", ""deck"": ""Library"", ""item_dimensions"": ""{\u0022height\u0022: \u00223.5\u0022, \u0022width\u0022: \u00222.5\u0022, \u0022unit\u0022: \u0022inch\u0022}""}",431688b2-9751-4d84-8a04-98318044ba92,0e52de95-a452-499f-9607-fca0435ee50e,Blood Transfusion,Blood Transfusion,{},vampire-the-masquerade-rivals_the-heart-of-europe_blood-transfusion
b2f3aa64-59ee-4417-a747-1ce93fb5b6e3,item,1,0,"{""obverse"": ""vampire-the-masquerade-rivals_the-heart-of-europe_bohemian-carnevale"", ""reverse"": ""vampire-the-masquerade-rivals_card-back_city-deck""}","{""name_printed"": ""Bohemian Carnevale"", ""deck"": ""City Deck"", ""item_dimensions"": ""{\u0022height\u0022: \u00223.5\u0022, \u0022width\u0022: \u00222.5\u0022, \u0022unit\u0022: \u0022inch\u0022}""}",431688b2-9751-4d84-8a04-98318044ba92,0e52de95-a452-499f-9607-fca0435ee50e,Bohemian Carnevale,Bohemian Carnevale,{},vampire-the-masquerade-rivals_the-heart-of-europe_bohemian-carnevale
24f95a89-ab31-456d-bb4c-f530e6b003f7,item,1,0,"{""obverse"": ""vampire-the-masquerade-rivals_the-heart-of-europe_borek-wagner"", ""reverse"": ""vampire-the-masquerade-rivals_card-back_faction-deck""}","{""name_printed"": ""Borek Wagner"", ""deck"": ""Faction Deck"", ""item_dimensions"": ""{\u0022height\u0022: \u00223.5\u0022, \u0022width\u0022: \u00222.5\u0022, \u0022unit\u0022: \u0022inch\u0022}""}",431688b2-9751-4d84-8a04-98318044ba92,0e52de95-a452-499f-9607-fca0435ee50e,Borek Wagner,Borek Wagner,{},vampire-the-masquerade-rivals_the-heart-of-europe_borek-wagner
6fe14d86-6be9-4eb7-8da4-89f32a9ccee7,item,1,0,"{""obverse"": ""vampire-the-masquerade-rivals_the-heart-of-europe_bread-and-circuses"", ""reverse"": ""vampire-the-masquerade-rivals_card-back_library""}","{""name_printed"": ""Bread and Circuses"", ""deck"": ""Library"", ""item_dimensions"": ""{\u0022height\u0022: \u00223.5\u0022, \u0022width\u0022: \u00222.5\u0022, \u0022unit\u0022: \u0022inch\u0022}""}",431688b2-9751-4d84-8a04-98318044ba92,0e52de95-a452-499f-9607-fca0435ee50e,Bread and Circuses,Bread and Circuses,{},vampire-the-masquerade-rivals_the-heart-of-europe_bread-and-circuses
3a77152e-1c6c-4aa6-8d45-03a4fe2ac4db,item,1,0,"{""obverse"": ""vampire-the-masquerade-rivals_the-heart-of-europe_butcher"", ""reverse"": ""vampire-the-masquerade-rivals_card-back_city-deck""}","{""name_printed"": ""Butcher"", ""deck"": ""City Deck"", ""item_dimensions"": ""{\u0022height\u0022: \u00223.5\u0022, \u0022width\u0022: \u00222.5\u0022, \u0022unit\u0022: \u0022inch\u0022}""}",431688b2-9751-4d84-8a04-98318044ba92,0e52de95-a452-499f-9607-fca0435ee50e,Butcher,Butcher,{},vampire-the-masquerade-rivals_the-heart-of-europe_butcher
c319e26b-2868-4f15-948f-9a12335724e0,item,1,0,"{""obverse"": ""vampire-the-masquerade-rivals_the-heart-of-europe_camila"", ""reverse"": ""vampire-the-masquerade-rivals_card-back_faction-deck""}","{""name_printed"": ""Camila"", ""deck"": ""Faction Deck"", ""item_dimensions"": ""{\u0022height\u0022: \u00223.5\u0022, \u0022width\u0022: \u00222.5\u0022, \u0022unit\u0022: \u0022inch\u0022}""}",431688b2-9751-4d84-8a04-98318044ba92,0e52de95-a452-499f-9607-fca0435ee50e,Camila,Camila,{},vampire-the-masquerade-rivals_the-heart-of-europe_camila
595f909c-57fc-4880-975b-547304ac8efb,item,1,0,"{""obverse"": ""vampire-the-masquerade-rivals_the-heart-of-europe_cover-charge"", ""reverse"": ""vampire-the-masquerade-rivals_card-back_library""}","{""name_printed"": ""Cover Charge"", ""deck"": ""Library"", ""item_dimensions"": ""{\u0022height\u0022: \u00223.5\u0022, \u0022width\u0022: \u00222.5\u0022, \u0022unit\u0022: \u0022inch\u0022}""}",431688b2-9751-4d84-8a04-98318044ba92,0e52de95-a452-499f-9607-fca0435ee50e,Cover Charge,Cover Charge,{},vampire-the-masquerade-rivals_the-heart-of-europe_cover-charge
3380da4d-d482-4d20-8efc-bc56cd2c3fc0,item,1,0,"{""obverse"": ""vampire-the-masquerade-rivals_the-heart-of-europe_dien"", ""reverse"": ""vampire-the-masquerade-rivals_card-back_faction-deck""}","{""name_printed"": ""Dien"", ""deck"": ""Faction Deck"", ""item_dimensions"": ""{\u0022height\u0022: \u00223.5\u0022, \u0022width\u0022: \u00222.5\u0022, \u0022unit\u0022: \u0022inch\u0022}""}",431688b2-9751-4d84-8a04-98318044ba92,0e52de95-a452-499f-9607-fca0435ee50e,Dien,Dien,{},vampire-the-masquerade-rivals_the-heart-of-europe_dien
84e3482b-c7a0-4b76-a3f8-5cd72248c050,item,1,0,"{""obverse"": ""vampire-the-masquerade-rivals_the-heart-of-europe_disheveled-shelves"", ""reverse"": ""vampire-the-masquerade-rivals_card-back_agenda""}","{""name_printed"": ""Disheveled Shelves"", ""deck"": ""Agenda"", ""item_dimensions"": ""{\u0022height\u0022: \u00223.5\u0022, \u0022width\u0022: \u00222.5\u0022, \u0022unit\u0022: \u0022inch\u0022}""}",431688b2-9751-4d84-8a04-98318044ba92,0e52de95-a452-499f-9607-fca0435ee50e,Disheveled Shelves,Disheveled Shelves,{},vampire-the-masquerade-rivals_the-heart-of-europe_disheveled-shelves
408d0d44-1981-4c89-8e19-66f8b30dd4a7,item,1,0,"{""obverse"": ""vampire-the-masquerade-rivals_the-heart-of-europe_ekene"", ""reverse"": ""vampire-the-masquerade-rivals_card-back_faction-deck""}","{""name_printed"": ""Ekene"", ""deck"": ""Faction Deck"", ""item_dimensions"": ""{\u0022height\u0022: \u00223.5\u0022, \u0022width\u0022: \u00222.5\u0022, \u0022unit\u0022: \u0022inch\u0022}""}",431688b2-9751-4d84-8a04-98318044ba92,0e52de95-a452-499f-9607-fca0435ee50e,Ekene,Ekene,{},vampire-the-masquerade-rivals_the-heart-of-europe_ekene
2212eb45-57a8-4151-b5a5-9598f7b945d6,item,1,0,"{""obverse"": ""vampire-the-masquerade-rivals_the-heart-of-europe_em"", ""reverse"": ""vampire-the-masquerade-rivals_card-back_faction-deck""}","{""name_printed"": ""Em"", ""deck"": ""Faction Deck"", ""item_dimensions"": ""{\u0022height\u0022: \u00223.5\u0022, \u0022width\u0022: \u00222.5\u0022, \u0022unit\u0022: \u0022inch\u0022}""}",431688b2-9751-4d84-8a04-98318044ba92,0e52de95-a452-499f-9607-fca0435ee50e,Em,Em,{},vampire-the-masquerade-rivals_the-heart-of-europe_em
bccb5a2e-d767-4537-9236-39c31cfec721,item,1,0,"{""obverse"": ""vampire-the-masquerade-rivals_the-heart-of-europe_emil-hruza"", ""reverse"": ""vampire-the-masquerade-rivals_card-back_faction-deck""}","{""name_printed"": ""Emil Hruza"", ""deck"": ""Faction Deck"", ""item_dimensions"": ""{\u0022height\u0022: \u00223.5\u0022, \u0022width\u0022: \u00222.5\u0022, \u0022unit\u0022: \u0022inch\u0022}""}",431688b2-9751-4d84-8a04-98318044ba92,0e52de95-a452-499f-9607-fca0435ee50e,Emil Hruza,Emil Hruza,{},vampire-the-masquerade-rivals_the-heart-of-europe_emil-hruza
7f5f3257-32cd-4c34-a9cf-d505eba21de2,item,1,0,"{""obverse"": ""vampire-the-masquerade-rivals_the-heart-of-europe_entrancement"", ""reverse"": ""vampire-the-masquerade-rivals_card-back_library""}","{""name_printed"": ""Entrancement"", ""deck"": ""Library"", ""item_dimensions"": ""{\u0022height\u0022: \u00223.5\u0022, \u0022width\u0022: \u00222.5\u0022, \u0022unit\u0022: \u0022inch\u0022}""}",431688b2-9751-4d84-8a04-98318044ba92,0e52de95-a452-499f-9607-fca0435ee50e,Entrancement,Entrancement,{},vampire-the-masquerade-rivals_the-heart-of-europe_entrancement
ab1292ab-c418-4ebf-92ad-8dc2317c03d6,item,1,0,"{""obverse"": ""vampire-the-masquerade-rivals_the-heart-of-europe_fortify-the-inner-facade"", ""reverse"": ""vampire-the-masquerade-rivals_card-back_library""}","{""name_printed"": ""Fortify the Inner Facade"", ""deck"": ""Library"", ""item_dimensions"": ""{\u0022height\u0022: \u00223.5\u0022, \u0022width\u0022: \u00222.5\u0022, \u0022unit\u0022: \u0022inch\u0022}""}",431688b2-9751-4d84-8a04-98318044ba92,0e52de95-a452-499f-9607-fca0435ee50e,Fortify the Inner Facade,Fortify the Inner Facade,{},vampire-the-masquerade-rivals_the-heart-of-europe_fortify-the-inner-facade
370ad094-0372-45d4-b544-9f8f4154fcca,item,1,0,"{""obverse"": ""vampire-the-masquerade-rivals_the-heart-of-europe_fourth-tradition--the-accounting"", ""reverse"": ""vampire-the-masquerade-rivals_card-back_library""}","{""name_printed"": ""Fourth Tradition: The Accounting"", ""deck"": ""Library"", ""item_dimensions"": ""{\u0022height\u0022: \u00223.5\u0022, \u0022width\u0022: \u00222.5\u0022, \u0022unit\u0022: \u0022inch\u0022}""}",431688b2-9751-4d84-8a04-98318044ba92,0e52de95-a452-499f-9607-fca0435ee50e,Fourth Tradition: The Accounting,Fourth Tradition: The Accounting,{},vampire-the-masquerade-rivals_the-heart-of-europe_fourth-tradition--the-accounting
08c6f0cc-29f1-4ee5-bbd7-13e0b72fcbfe,item,1,0,"{""obverse"": ""vampire-the-masquerade-rivals_the-heart-of-europe_full-of-surprises"", ""reverse"": ""vampire-the-masquerade-rivals_card-back_agenda""}","{""name_printed"": ""Full of Surprises"", ""deck"": ""Agenda"", ""item_dimensions"": ""{\u0022height\u0022: \u00223.5\u0022, \u0022width\u0022: \u00222.5\u0022, \u0022unit\u0022: \u0022inch\u0022}""}",431688b2-9751-4d84-8a04-98318044ba92,0e52de95-a452-499f-9607-fca0435ee50e,Full of Surprises,Full of Surprises,{},vampire-the-masquerade-rivals_the-heart-of-europe_full-of-surprises
cf9c3e60-226a-40a4-9d2d-24d6a68f7752,item,1,0,"{""obverse"": ""vampire-the-masquerade-rivals_the-heart-of-europe_graffiti-artist"", ""reverse"": ""vampire-the-masquerade-rivals_card-back_city-deck""}","{""name_printed"": ""Graffiti Artist"", ""deck"": ""City Deck"", ""item_dimensions"": ""{\u0022height\u0022: \u00223.5\u0022, \u0022width\u0022: \u00222.5\u0022, \u0022unit\u0022: \u0022inch\u0022}""}",431688b2-9751-4d84-8a04-98318044ba92,0e52de95-a452-499f-9607-fca0435ee50e,Graffiti Artist,Graffiti Artist,{},vampire-the-masquerade-rivals_the-heart-of-europe_graffiti-artist
7af0a4d1-8965-4c2a-abe9-b245dc782f33,item,1,0,"{""obverse"": ""vampire-the-masquerade-rivals_the-heart-of-europe_hidden-stash"", ""reverse"": ""vampire-the-masquerade-rivals_card-back_library""}","{""name_printed"": ""Hidden Stash"", ""deck"": ""Library"", ""item_dimensions"": ""{\u0022height\u0022: \u00223.5\u0022, \u0022width\u0022: \u00222.5\u0022, \u0022unit\u0022: \u0022inch\u0022}""}",431688b2-9751-4d84-8a04-98318044ba92,0e52de95-a452-499f-9607-fca0435ee50e,Hidden Stash,Hidden Stash,{},vampire-the-masquerade-rivals_the-heart-of-europe_hidden-stash
275c54cd-62cd-41db-9e1d-3f375d7105a7,item,1,0,"{""obverse"": ""vampire-the-masquerade-rivals_the-heart-of-europe_jan-zoubek"", ""reverse"": ""vampire-the-masquerade-rivals_card-back_faction-deck""}","{""name_printed"": ""Jan Zoubek"", ""deck"": ""Faction Deck"", ""item_dimensions"": ""{\u0022height\u0022: \u00223.5\u0022, \u0022width\u0022: \u00222.5\u0022, \u0022unit\u0022: \u0022inch\u0022}""}",431688b2-9751-4d84-8a04-98318044ba92,0e52de95-a452-499f-9607-fca0435ee50e,Jan Zoubek,Jan Zoubek,{},vampire-the-masquerade-rivals_the-heart-of-europe_jan-zoubek
7478f602-e953-4af8-a978-4e975efee6a3,item,1,0,"{""obverse"": ""vampire-the-masquerade-rivals_the-heart-of-europe_kiril"", ""reverse"": ""vampire-the-masquerade-rivals_card-back_faction-deck""}","{""name_printed"": ""Kiril"", ""deck"": ""Faction Deck"", ""item_dimensions"": ""{\u0022height\u0022: \u00223.5\u0022, \u0022width\u0022: \u00222.5\u0022, \u0022unit\u0022: \u0022inch\u0022}""}",431688b2-9751-4d84-8a04-98318044ba92,0e52de95-a452-499f-9607-fca0435ee50e,Kiril,Kiril,{},vampire-the-masquerade-rivals_the-heart-of-europe_kiril
0e242714-32d2-48b6-b224-fd5ee6dc5e13,item,1,0,"{""obverse"": ""vampire-the-masquerade-rivals_the-heart-of-europe_liberate"", ""reverse"": ""vampire-the-masquerade-rivals_card-back_city-deck""}","{""name_printed"": ""Liberate"", ""deck"": ""City Deck"", ""item_dimensions"": ""{\u0022height\u0022: \u00223.5\u0022, \u0022width\u0022: \u00222.5\u0022, \u0022unit\u0022: \u0022inch\u0022}""}",431688b2-9751-4d84-8a04-98318044ba92,0e52de95-a452-499f-9607-fca0435ee50e,Liberate,Liberate,{},vampire-the-masquerade-rivals_the-heart-of-europe_liberate
1b530fb2-efeb-417f-919e-4f6fb08300a5,item,1,0,"{""obverse"": ""vampire-the-masquerade-rivals_the-heart-of-europe_lone-wolf"", ""reverse"": ""vampire-the-masquerade-rivals_card-back_library""}","{""name_printed"": ""Lone Wolf"", ""deck"": ""Library"", ""item_dimensions"": ""{\u0022height\u0022: \u00223.5\u0022, \u0022width\u0022: \u00222.5\u0022, \u0022unit\u0022: \u0022inch\u0022}""}",431688b2-9751-4d84-8a04-98318044ba92,0e52de95-a452-499f-9607-fca0435ee50e,Lone Wolf,Lone Wolf,{},vampire-the-masquerade-rivals_the-heart-of-europe_lone-wolf
00cd7b20-581e-4945-ad34-8377992fbf41,item,1,0,"{""obverse"": ""vampire-the-masquerade-rivals_the-heart-of-europe_maia"", ""reverse"": ""vampire-the-masquerade-rivals_card-back_faction-deck""}","{""name_printed"": ""Maia"", ""deck"": ""Faction Deck"", ""item_dimensions"": ""{\u0022height\u0022: \u00223.5\u0022, \u0022width\u0022: \u00222.5\u0022, \u0022unit\u0022: \u0022inch\u0022}""}",431688b2-9751-4d84-8a04-98318044ba92,0e52de95-a452-499f-9607-fca0435ee50e,Maia,Maia,{},vampire-the-masquerade-rivals_the-heart-of-europe_maia
7d7fc2b4-8021-4786-bf92-0e1a91f0117a,item,1,0,"{""obverse"": ""vampire-the-masquerade-rivals_the-heart-of-europe_medium"", ""reverse"": ""vampire-the-masquerade-rivals_card-back_city-deck""}","{""name_printed"": ""Medium"", ""deck"": ""City Deck"", ""item_dimensions"": ""{\u0022height\u0022: \u00223.5\u0022, \u0022width\u0022: \u00222.5\u0022, \u0022unit\u0022: \u0022inch\u0022}""}",431688b2-9751-4d84-8a04-98318044ba92,0e52de95-a452-499f-9607-fca0435ee50e,Medium,Medium,{},vampire-the-masquerade-rivals_the-heart-of-europe_medium
f6e2c072-c1bf-4ec8-b791-9eb721461127,item,1,0,"{""obverse"": ""vampire-the-masquerade-rivals_the-heart-of-europe_midnight-curfew"", ""reverse"": ""vampire-the-masquerade-rivals_card-back_city-deck""}","{""name_printed"": ""Midnight Curfew"", ""deck"": ""City Deck"", ""item_dimensions"": ""{\u0022height\u0022: \u00223.5\u0022, \u0022width\u0022: \u00222.5\u0022, \u0022unit\u0022: \u0022inch\u0022}""}",431688b2-9751-4d84-8a04-98318044ba92,0e52de95-a452-499f-9607-fca0435ee50e,Midnight Curfew,Midnight Curfew,{},vampire-the-masquerade-rivals_the-heart-of-europe_midnight-curfew
feae3899-991d-4ef2-b0ce-a0b74177503c,item,1,0,"{""obverse"": ""vampire-the-masquerade-rivals_the-heart-of-europe_monika"", ""reverse"": ""vampire-the-masquerade-rivals_card-back_faction-deck""}","{""name_printed"": ""Monika"", ""deck"": ""Faction Deck"", ""item_dimensions"": ""{\u0022height\u0022: \u00223.5\u0022, \u0022width\u0022: \u00222.5\u0022, \u0022unit\u0022: \u0022inch\u0022}""}",431688b2-9751-4d84-8a04-98318044ba92,0e52de95-a452-499f-9607-fca0435ee50e,Monika,Monika,{},vampire-the-masquerade-rivals_the-heart-of-europe_monika
af158976-fbd8-4a52-8d58-748b5322ec9b,item,1,0,"{""obverse"": ""vampire-the-masquerade-rivals_the-heart-of-europe_nun"", ""reverse"": ""vampire-the-masquerade-rivals_card-back_city-deck""}","{""name_printed"": ""Nun"", ""deck"": ""City Deck"", ""item_dimensions"": ""{\u0022height\u0022: \u00223.5\u0022, \u0022width\u0022: \u00222.5\u0022, \u0022unit\u0022: \u0022inch\u0022}""}",431688b2-9751-4d84-8a04-98318044ba92,0e52de95-a452-499f-9607-fca0435ee50e,Nun,Nun,{},vampire-the-masquerade-rivals_the-heart-of-europe_nun
71e4c0c2-27c1-410a-b7fb-36cf4a7724d3,item,1,0,"{""obverse"": ""vampire-the-masquerade-rivals_the-heart-of-europe_off-limits"", ""reverse"": ""vampire-the-masquerade-rivals_card-back_library""}","{""name_printed"": ""Off Limits"", ""deck"": ""Library"", ""item_dimensions"": ""{\u0022height\u0022: \u00223.5\u0022, \u0022width\u0022: \u00222.5\u0022, \u0022unit\u0022: \u0022inch\u0022}""}",431688b2-9751-4d84-8a04-98318044ba92,0e52de95-a452-499f-9607-fca0435ee50e,Off Limits,Off Limits,{},vampire-the-masquerade-rivals_the-heart-of-europe_off-limits
f48b6648-7961-41b5-b5ff-eca1fff97f15,item,1,0,"{""obverse"": ""vampire-the-masquerade-rivals_the-heart-of-europe_old-rail-station"", ""reverse"": ""vampire-the-masquerade-rivals_card-back_haven""}","{""name_printed"": ""Old Rail Station"", ""deck"": ""Haven"", ""item_dimensions"": ""{\u0022height\u0022: \u00223.5\u0022, \u0022width\u0022: \u00222.5\u0022, \u0022unit\u0022: \u0022inch\u0022}""}",431688b2-9751-4d84-8a04-98318044ba92,0e52de95-a452-499f-9607-fca0435ee50e,Old Rail Station,Old Rail Station,{},vampire-the-masquerade-rivals_the-heart-of-europe_old-rail-station
d0af1720-e3f5-4471-a0a0-a1a815d8d162,item,1,0,"{""obverse"": ""vampire-the-masquerade-rivals_the-heart-of-europe_omnis"", ""reverse"": ""vampire-the-masquerade-rivals_card-back_faction-deck""}","{""name_printed"": ""Omnis"", ""deck"": ""Faction Deck"", ""item_dimensions"": ""{\u0022height\u0022: \u00223.5\u0022, \u0022width\u0022: \u00222.5\u0022, \u0022unit\u0022: \u0022inch\u0022}""}",431688b2-9751-4d84-8a04-98318044ba92,0e52de95-a452-499f-9607-fca0435ee50e,Omnis,Omnis,{},vampire-the-masquerade-rivals_the-heart-of-europe_omnis
30b6202e-6987-4a66-8377-d3f0660f2708,item,1,0,"{""obverse"": ""vampire-the-masquerade-rivals_the-heart-of-europe_perseus"", ""reverse"": ""vampire-the-masquerade-rivals_card-back_faction-deck""}","{""name_printed"": ""Perseus"", ""deck"": ""Faction Deck"", ""item_dimensions"": ""{\u0022height\u0022: \u00223.5\u0022, \u0022width\u0022: \u00222.5\u0022, \u0022unit\u0022: \u0022inch\u0022}""}",431688b2-9751-4d84-8a04-98318044ba92,0e52de95-a452-499f-9607-fca0435ee50e,Perseus,Perseus,{},vampire-the-masquerade-rivals_the-heart-of-europe_perseus
86b5b571-faca-4cee-9a4f-39ef7e5cf22e,item,1,0,"{""obverse"": ""vampire-the-masquerade-rivals_the-heart-of-europe_prince-of-the-city"", ""reverse"": ""vampire-the-masquerade-rivals_card-back_city-deck""}","{""name_printed"": ""Prince of the City"", ""deck"": ""City Deck"", ""item_dimensions"": ""{\u0022height\u0022: \u00223.5\u0022, \u0022width\u0022: \u00222.5\u0022, \u0022unit\u0022: \u0022inch\u0022}""}",431688b2-9751-4d84-8a04-98318044ba92,0e52de95-a452-499f-9607-fca0435ee50e,Prince of the City,Prince of the City,{},vampire-the-masquerade-rivals_the-heart-of-europe_prince-of-the-city
3d66bf9d-0b5b-4001-bfcd-821ccf89f04b,item,1,0,"{""obverse"": ""vampire-the-masquerade-rivals_the-heart-of-europe_property-developer"", ""reverse"": ""vampire-the-masquerade-rivals_card-back_library""}","{""name_printed"": ""Property Developer"", ""deck"": ""Library"", ""item_dimensions"": ""{\u0022height\u0022: \u00223.5\u0022, \u0022width\u0022: \u00222.5\u0022, \u0022unit\u0022: \u0022inch\u0022}""}",431688b2-9751-4d84-8a04-98318044ba92,0e52de95-a452-499f-9607-fca0435ee50e,Property Developer,Property Developer,{},vampire-the-masquerade-rivals_the-heart-of-europe_property-developer
6af62a4a-4e77-49eb-91ca-ce3e7778be07,item,1,0,"{""obverse"": ""vampire-the-masquerade-rivals_the-heart-of-europe_prosperity"", ""reverse"": ""vampire-the-masquerade-rivals_card-back_library""}","{""name_printed"": ""Prosperity"", ""deck"": ""Library"", ""item_dimensions"": ""{\u0022height\u0022: \u00223.5\u0022, \u0022width\u0022: \u00222.5\u0022, \u0022unit\u0022: \u0022inch\u0022}""}",431688b2-9751-4d84-8a04-98318044ba92,0e52de95-a452-499f-9607-fca0435ee50e,Prosperity,Prosperity,{},vampire-the-masquerade-rivals_the-heart-of-europe_prosperity
eb893077-86fa-4f54-9eec-58240445e876,item,1,0,"{""obverse"": ""vampire-the-masquerade-rivals_the-heart-of-europe_psychic-assault"", ""reverse"": ""vampire-the-masquerade-rivals_card-back_library""}","{""name_printed"": ""Psychic Assault"", ""deck"": ""Library"", ""item_dimensions"": ""{\u0022height\u0022: \u00223.5\u0022, \u0022width\u0022: \u00222.5\u0022, \u0022unit\u0022: \u0022inch\u0022}""}",431688b2-9751-4d84-8a04-98318044ba92,0e52de95-a452-499f-9607-fca0435ee50e,Psychic Assault,Psychic Assault,{},vampire-the-masquerade-rivals_the-heart-of-europe_psychic-assault
c08ee839-f4f5-4875-ac5f-689ca238017f,item,1,0,"{""obverse"": ""vampire-the-masquerade-rivals_the-heart-of-europe_racing-the-clock"", ""reverse"": ""vampire-the-masquerade-rivals_card-back_city-deck""}","{""name_printed"": ""Racing the Clock"", ""deck"": ""City Deck"", ""item_dimensions"": ""{\u0022height\u0022: \u00223.5\u0022, \u0022width\u0022: \u00222.5\u0022, \u0022unit\u0022: \u0022inch\u0022}""}",431688b2-9751-4d84-8a04-98318044ba92,0e52de95-a452-499f-9607-fca0435ee50e,Racing the Clock,Racing the Clock,{},vampire-the-masquerade-rivals_the-heart-of-europe_racing-the-clock
dd1733ec-2525-4c58-a635-b6d75b5aa850,item,1,0,"{""obverse"": ""vampire-the-masquerade-rivals_the-heart-of-europe_rapid-reflexes"", ""reverse"": ""vampire-the-masquerade-rivals_card-back_library""}","{""name_printed"": ""Rapid Reflexes"", ""deck"": ""Library"", ""item_dimensions"": ""{\u0022height\u0022: \u00223.5\u0022, \u0022width\u0022: \u00222.5\u0022, \u0022unit\u0022: \u0022inch\u0022}""}",431688b2-9751-4d84-8a04-98318044ba92,0e52de95-a452-499f-9607-fca0435ee50e,Rapid Reflexes,Rapid Reflexes,{},vampire-the-masquerade-rivals_the-heart-of-europe_rapid-reflexes
09e6f352-87d9-48b9-bb3e-371c495b0846,item,1,0,"{""obverse"": ""vampire-the-masquerade-rivals_the-heart-of-europe_rené-koba"", ""reverse"": ""vampire-the-masquerade-rivals_card-back_faction-deck""}","{""name_printed"": ""René Koba"", ""deck"": ""Faction Deck"", ""item_dimensions"": ""{\u0022height\u0022: \u00223.5\u0022, \u0022width\u0022: \u00222.5\u0022, \u0022unit\u0022: \u0022inch\u0022}""}",431688b2-9751-4d84-8a04-98318044ba92,0e52de95-a452-499f-9607-fca0435ee50e,René Koba,René Koba,{},vampire-the-masquerade-rivals_the-heart-of-europe_rené-koba
d584ff2d-45e9-4244-8b40-b9877d837b58,item,1,0,"{""obverse"": ""vampire-the-masquerade-rivals_the-heart-of-europe_roman-monstrum"", ""reverse"": ""vampire-the-masquerade-rivals_card-back_faction-deck""}","{""name_printed"": ""Roman Monstrum"", ""deck"": ""Faction Deck"", ""item_dimensions"": ""{\u0022height\u0022: \u00223.5\u0022, \u0022width\u0022: \u00222.5\u0022, \u0022unit\u0022: \u0022inch\u0022}""}",431688b2-9751-4d84-8a04-98318044ba92,0e52de95-a452-499f-9607-fca0435ee50e,Roman Monstrum,Roman Monstrum,{},vampire-the-masquerade-rivals_the-heart-of-europe_roman-monstrum
803f2f0d-92df-4581-a6f8-f5b4226ee268,item,1,0,"{""obverse"": ""vampire-the-masquerade-rivals_the-heart-of-europe_royal-bling"", ""reverse"": ""vampire-the-masquerade-rivals_card-back_library""}","{""name_printed"": ""Royal Bling"", ""deck"": ""Library"", ""item_dimensions"": ""{\u0022height\u0022: \u00223.5\u0022, \u0022width\u0022: \u00222.5\u0022, \u0022unit\u0022: \u0022inch\u0022}""}",431688b2-9751-4d84-8a04-98318044ba92,0e52de95-a452-499f-9607-fca0435ee50e,Royal Bling,Royal Bling,{},vampire-the-masquerade-rivals_the-heart-of-europe_royal-bling
8128bb47-9dd3-4946-8bf4-c834bb52f9cc,item,1,0,"{""obverse"": ""vampire-the-masquerade-rivals_the-heart-of-europe_šárka"", ""reverse"": ""vampire-the-masquerade-rivals_card-back_faction-deck""}","{""name_printed"": ""Šárka"", ""deck"": ""Faction Deck"", ""item_dimensions"": ""{\u0022height\u0022: \u00223.5\u0022, \u0022width\u0022: \u00222.5\u0022, \u0022unit\u0022: \u0022inch\u0022}""}",431688b2-9751-4d84-8a04-98318044ba92,0e52de95-a452-499f-9607-fca0435ee50e,Šárka,Šárka,{},vampire-the-masquerade-rivals_the-heart-of-europe_šárka
b3547e33-5af6-43a8-8ac6-4967979783a9,item,1,0,"{""obverse"": ""vampire-the-masquerade-rivals_the-heart-of-europe_sebastian"", ""reverse"": ""vampire-the-masquerade-rivals_card-back_faction-deck""}","{""name_printed"": ""Sebastian"", ""deck"": ""Faction Deck"", ""item_dimensions"": ""{\u0022height\u0022: \u00223.5\u0022, \u0022width\u0022: \u00222.5\u0022, \u0022unit\u0022: \u0022inch\u0022}""}",431688b2-9751-4d84-8a04-98318044ba92,0e52de95-a452-499f-9607-fca0435ee50e,Sebastian,Sebastian,{},vampire-the-masquerade-rivals_the-heart-of-europe_sebastian
dd0e68c0-0018-45ef-884d-ba1215911e58,item,1,0,"{""obverse"": ""vampire-the-masquerade-rivals_the-heart-of-europe_spiders"", ""reverse"": ""vampire-the-masquerade-rivals_card-back_library""}","{""name_printed"": ""Spiders"", ""deck"": ""Library"", ""item_dimensions"": ""{\u0022height\u0022: \u00223.5\u0022, \u0022width\u0022: \u00222.5\u0022, \u0022unit\u0022: \u0022inch\u0022}""}",431688b2-9751-4d84-8a04-98318044ba92,0e52de95-a452-499f-9607-fca0435ee50e,Spiders,Spiders,{},vampire-the-masquerade-rivals_the-heart-of-europe_spiders
387c01d2-fe75-417d-bfdd-c512d87d968d,item,1,0,"{""obverse"": ""vampire-the-masquerade-rivals_the-heart-of-europe_streetwalker"", ""reverse"": ""vampire-the-masquerade-rivals_card-back_city-deck""}","{""name_printed"": ""Streetwalker"", ""deck"": ""City Deck"", ""item_dimensions"": ""{\u0022height\u0022: \u00223.5\u0022, \u0022width\u0022: \u00222.5\u0022, \u0022unit\u0022: \u0022inch\u0022}""}",431688b2-9751-4d84-8a04-98318044ba92,0e52de95-a452-499f-9607-fca0435ee50e,Streetwalker,Streetwalker,{},vampire-the-masquerade-rivals_the-heart-of-europe_streetwalker
63bed205-1187-4daf-b819-2f57c4b69cff,item,1,0,"{""obverse"": ""vampire-the-masquerade-rivals_the-heart-of-europe_sword-of-god"", ""reverse"": ""vampire-the-masquerade-rivals_card-back_city-deck""}","{""name_printed"": ""Sword of God"", ""deck"": ""City Deck"", ""item_dimensions"": ""{\u0022height\u0022: \u00223.5\u0022, \u0022width\u0022: \u00222.5\u0022, \u0022unit\u0022: \u0022inch\u0022}""}",431688b2-9751-4d84-8a04-98318044ba92,0e52de95-a452-499f-9607-fca0435ee50e,Sword of God,Sword of God,{},vampire-the-masquerade-rivals_the-heart-of-europe_sword-of-god
54728843-61f3-4e88-8ab0-3f660b0a2cb2,item,1,0,"{""obverse"": ""vampire-the-masquerade-rivals_the-heart-of-europe_taxi-driver"", ""reverse"": ""vampire-the-masquerade-rivals_card-back_city-deck""}","{""name_printed"": ""Taxi Driver"", ""deck"": ""City Deck"", ""item_dimensions"": ""{\u0022height\u0022: \u00223.5\u0022, \u0022width\u0022: \u00222.5\u0022, \u0022unit\u0022: \u0022inch\u0022}""}",431688b2-9751-4d84-8a04-98318044ba92,0e52de95-a452-499f-9607-fca0435ee50e,Taxi Driver,Taxi Driver,{},vampire-the-masquerade-rivals_the-heart-of-europe_taxi-driver
a1b0d6e9-6354-4c02-b83c-a80eab207749,item,1,0,"{""obverse"": ""vampire-the-masquerade-rivals_the-heart-of-europe_team-x-operative"", ""reverse"": ""vampire-the-masquerade-rivals_card-back_city-deck""}","{""name_printed"": ""Team X Operative"", ""deck"": ""City Deck"", ""item_dimensions"": ""{\u0022height\u0022: \u00223.5\u0022, \u0022width\u0022: \u00222.5\u0022, \u0022unit\u0022: \u0022inch\u0022}""}",431688b2-9751-4d84-8a04-98318044ba92,0e52de95-a452-499f-9607-fca0435ee50e,Team X Operative,Team X Operative,{},vampire-the-masquerade-rivals_the-heart-of-europe_team-x-operative
c60fbce0-ceb1-4b5f-b854-57a444181b74,item,1,0,"{""obverse"": ""vampire-the-masquerade-rivals_the-heart-of-europe_temporary-truce"", ""reverse"": ""vampire-the-masquerade-rivals_card-back_city-deck""}","{""name_printed"": ""Temporary Truce"", ""deck"": ""City Deck"", ""item_dimensions"": ""{\u0022height\u0022: \u00223.5\u0022, \u0022width\u0022: \u00222.5\u0022, \u0022unit\u0022: \u0022inch\u0022}""}",431688b2-9751-4d84-8a04-98318044ba92,0e52de95-a452-499f-9607-fca0435ee50e,Temporary Truce,Temporary Truce,{},vampire-the-masquerade-rivals_the-heart-of-europe_temporary-truce
0f568675-90d9-40ab-870f-100fda3d9224,item,1,0,"{""obverse"": ""vampire-the-masquerade-rivals_the-heart-of-europe_the-guard-tower"", ""reverse"": ""vampire-the-masquerade-rivals_card-back_haven""}","{""name_printed"": ""The Guard Tower"", ""deck"": ""Haven"", ""item_dimensions"": ""{\u0022height\u0022: \u00223.5\u0022, \u0022width\u0022: \u00222.5\u0022, \u0022unit\u0022: \u0022inch\u0022}""}",431688b2-9751-4d84-8a04-98318044ba92,0e52de95-a452-499f-9607-fca0435ee50e,The Guard Tower,The Guard Tower,{},vampire-the-masquerade-rivals_the-heart-of-europe_the-guard-tower
41f61e23-77b1-44b9-81da-6fe5ac4b5efb,item,1,0,"{""obverse"": ""vampire-the-masquerade-rivals_the-heart-of-europe_thora"", ""reverse"": ""vampire-the-masquerade-rivals_card-back_faction-deck""}","{""name_printed"": ""Thora"", ""deck"": ""Faction Deck"", ""item_dimensions"": ""{\u0022height\u0022: \u00223.5\u0022, \u0022width\u0022: \u00222.5\u0022, \u0022unit\u0022: \u0022inch\u0022}""}",431688b2-9751-4d84-8a04-98318044ba92,0e52de95-a452-499f-9607-fca0435ee50e,Thora,Thora,{},vampire-the-masquerade-rivals_the-heart-of-europe_thora
0a6bf6fe-5dd3-4b02-80eb-e8f2725b16d7,item,1,0,"{""obverse"": ""vampire-the-masquerade-rivals_the-heart-of-europe_tipped-off"", ""reverse"": ""vampire-the-masquerade-rivals_card-back_city-deck""}","{""name_printed"": ""Tipped Off"", ""deck"": ""City Deck"", ""item_dimensions"": ""{\u0022height\u0022: \u00223.5\u0022, \u0022width\u0022: \u00222.5\u0022, \u0022unit\u0022: \u0022inch\u0022}""}",431688b2-9751-4d84-8a04-98318044ba92,0e52de95-a452-499f-9607-fca0435ee50e,Tipped Off,Tipped Off,{},vampire-the-masquerade-rivals_the-heart-of-europe_tipped-off
207999e7-52cf-4f59-b51e-93cb6164fd3a,item,1,0,"{""obverse"": ""vampire-the-masquerade-rivals_the-heart-of-europe_title-fight"", ""reverse"": ""vampire-the-masquerade-rivals_card-back_library""}","{""name_printed"": ""Title Fight"", ""deck"": ""Library"", ""item_dimensions"": ""{\u0022height\u0022: \u00223.5\u0022, \u0022width\u0022: \u00222.5\u0022, \u0022unit\u0022: \u0022inch\u0022}""}",431688b2-9751-4d84-8a04-98318044ba92,0e52de95-a452-499f-9607-fca0435ee50e,Title Fight,Title Fight,{},vampire-the-masquerade-rivals_the-heart-of-europe_title-fight
65a3e996-425f-4623-85d1-5de2d2dffb66,item,1,0,"{""obverse"": ""vampire-the-masquerade-rivals_the-heart-of-europe_vagrant"", ""reverse"": ""vampire-the-masquerade-rivals_card-back_city-deck""}","{""name_printed"": ""Vagrant"", ""deck"": ""City Deck"", ""item_dimensions"": ""{\u0022height\u0022: \u00223.5\u0022, \u0022width\u0022: \u00222.5\u0022, \u0022unit\u0022: \u0022inch\u0022}""}",431688b2-9751-4d84-8a04-98318044ba92,0e52de95-a452-499f-9607-fca0435ee50e,Vagrant,Vagrant,{},vampire-the-masquerade-rivals_the-heart-of-europe_vagrant
bd49e9b7-3675-44dc-9e82-b8e73eda7a2f,item,1,0,"{""obverse"": ""vampire-the-masquerade-rivals_the-heart-of-europe_voter-suppression"", ""reverse"": ""vampire-the-masquerade-rivals_card-back_library""}","{""name_printed"": ""Voter Suppression"", ""deck"": ""Library"", ""item_dimensions"": ""{\u0022height\u0022: \u00223.5\u0022, \u0022width\u0022: \u00222.5\u0022, \u0022unit\u0022: \u0022inch\u0022}""}",431688b2-9751-4d84-8a04-98318044ba92,0e52de95-a452-499f-9607-fca0435ee50e,Voter Suppression,Voter Suppression,{},vampire-the-masquerade-rivals_the-heart-of-europe_voter-suppression
19da4370-32d9-4bde-b814-9383988c3e96,item,1,0,"{""obverse"": ""vampire-the-masquerade-rivals_the-heart-of-europe_wake-with-evening's-freshness"", ""reverse"": ""vampire-the-masquerade-rivals_card-back_library""}","{""name_printed"": ""Wake With Evening's Freshness"", ""deck"": ""Library"", ""item_dimensions"": ""{\u0022height\u0022: \u00223.5\u0022, \u0022width\u0022: \u00222.5\u0022, \u0022unit\u0022: \u0022inch\u0022}""}",431688b2-9751-4d84-8a04-98318044ba92,0e52de95-a452-499f-9607-fca0435ee50e,Wake With Evening's Freshness,Wake With Evening's Freshness,{},vampire-the-masquerade-rivals_the-heart-of-europe_wake-with-evening's-freshness
f2e7a371-8022-47f4-be01-e7bb1a7c538f,item,1,0,"{""obverse"": ""vampire-the-masquerade-rivals_the-heart-of-europe_walpurgis-night"", ""reverse"": ""vampire-the-masquerade-rivals_card-back_city-deck""}","{""name_printed"": ""Walpurgis Night"", ""deck"": ""City Deck"", ""item_dimensions"": ""{\u0022height\u0022: \u00223.5\u0022, \u0022width\u0022: \u00222.5\u0022, \u0022unit\u0022: \u0022inch\u0022}""}",431688b2-9751-4d84-8a04-98318044ba92,0e52de95-a452-499f-9607-fca0435ee50e,Walpurgis Night,Walpurgis Night,{},vampire-the-masquerade-rivals_the-heart-of-europe_walpurgis-night
a5e759ce-eb54-492e-a54f-386dc3280a46,item,1,0,"{""obverse"": ""vampire-the-masquerade-rivals_the-heart-of-europe_whip-of-the-primogen"", ""reverse"": ""vampire-the-masquerade-rivals_card-back_library""}","{""name_printed"": ""Whip of the Primogen"", ""deck"": ""Library"", ""item_dimensions"": ""{\u0022height\u0022: \u00223.5\u0022, \u0022width\u0022: \u00222.5\u0022, \u0022unit\u0022: \u0022inch\u0022}""}",431688b2-9751-4d84-8a04-98318044ba92,0e52de95-a452-499f-9607-fca0435ee50e,Whip of the Primogen,Whip of the Primogen,{},vampire-the-masquerade-rivals_the-heart-of-europe_whip-of-the-primogen
99ba3344-fa5c-4d21-ae4e-6778f3be9c00,item,1,0,"{""obverse"": ""vampire-the-masquerade-rivals_the-heart-of-europe_wild-ranting"", ""reverse"": ""vampire-the-masquerade-rivals_card-back_library""}","{""name_printed"": ""Wild Ranting"", ""deck"": ""Library"", ""item_dimensions"": ""{\u0022height\u0022: \u00223.5\u0022, \u0022width\u0022: \u00222.5\u0022, \u0022unit\u0022: \u0022inch\u0022}""}",431688b2-9751-4d84-8a04-98318044ba92,0e52de95-a452-499f-9607-fca0435ee50e,Wild Ranting,Wild Ranting,{},vampire-the-masquerade-rivals_the-heart-of-europe_wild-ranting
324ed477-a524-445d-ad43-29adb67a68c4,item,1,0,"{""obverse"": ""vampire-the-masquerade-rivals_the-heart-of-europe_withering-spirit"", ""reverse"": ""vampire-the-masquerade-rivals_card-back_library""}","{""name_printed"": ""Withering Spirit"", ""deck"": ""Library"", ""item_dimensions"": ""{\u0022height\u0022: \u00223.5\u0022, \u0022width\u0022: \u00222.5\u0022, \u0022unit\u0022: \u0022inch\u0022}""}",431688b2-9751-4d84-8a04-98318044ba92,0e52de95-a452-499f-9607-fca0435ee50e,Withering Spirit,Withering Spirit,{},vampire-the-masquerade-rivals_the-heart-of-europe_withering-spirit
fcc44778-b3d8-4b56-9ced-0069d4fd1188,item,1,0,"{""obverse"": ""vampire-the-masquerade-rivals_the-heart-of-europe_zuzana"", ""reverse"": ""vampire-the-masquerade-rivals_card-back_faction-deck""}","{""name_printed"": ""Zuzana"", ""deck"": ""Faction Deck"", ""item_dimensions"": ""{\u0022height\u0022: \u00223.5\u0022, \u0022width\u0022: \u00222.5\u0022, \u0022unit\u0022: \u0022inch\u0022}""}",431688b2-9751-4d84-8a04-98318044ba92,0e52de95-a452-499f-9607-fca0435ee50e,Zuzana,Zuzana,{},vampire-the-masquerade-rivals_the-heart-of-europe_zuzana