id,source,imaged,documented,images,attributes,game_id,set_id,functional_name,item_name,source_notes,game_set_item_slug
3c85c41b-c4ef-4789-bf9f-4a98f30f8a10,first-party-document,0,0,"{""obverse"": ""shadow-era_call-of-the-crystals_boris-skullcrusher"", ""reverse"": ""shadow-era_card-back""}","{""name_printed"": ""Boris Skullcrusher"", ""rarity"": ""H"", ""number"": ""1"", ""type"": ""Hero"", ""Faction"": ""Human"", ""Class"": ""Warrior"", ""hp"": ""30"", ""rule_text"": ""4SE: Target opposing ally with cost 4 or less is killed."", ""item_dimensions"": ""{\u0022height\u0022: \u00223.5\u0022, \u0022width\u0022: \u00222.5\u0022, \u0022unit\u0022: \u0022inch\u0022}""}",d8327757-6eec-4e1a-b7dc-7fb962f9b10c,d4039eda-661c-4085-8257-fb531ec61436,Boris Skullcrusher,Boris Skullcrusher,"{""source_notes"": ""https://www.shadowera.com/cards.php""}",shadow-era_call-of-the-crystals_boris-skullcrusher
6ca702d9-f049-4200-9029-5ab4e3855e6d,item,1,0,"{""obverse"": ""shadow-era_call-of-the-crystals_amber-rain"", ""reverse"": ""shadow-era_card-back""}","{""name_printed"": ""Amber Rain"", ""rarity"": ""H"", ""number"": ""2"", ""type"": ""Hero"", ""Faction"": ""Human"", ""Class"": ""Warrior"", ""hp"": ""30"", ""rule_text"": ""3SE: Target weapon you control gains +2 base attack, but may not gain any other bonus."", ""item_dimensions"": ""{\u0022height\u0022: \u00223.5\u0022, \u0022width\u0022: \u00222.5\u0022, \u0022unit\u0022: \u0022inch\u0022}""}",d8327757-6eec-4e1a-b7dc-7fb962f9b10c,d4039eda-661c-4085-8257-fb531ec61436,Amber Rain,Amber Rain,"{""source_notes"": ""https://www.shadowera.com/cards.php""}",shadow-era_call-of-the-crystals_amber-rain
55990886-f00c-4478-b6f4-e84b504aafea,item,1,0,"{""obverse"": ""shadow-era_call-of-the-crystals_victor-heartstriker-[foil]"", ""reverse"": ""shadow-era_card-back""}","{""name_printed"": ""Victor Heartstriker"", ""variant_disambiguator"": ""Foil"", ""rarity"": ""H"", ""number"": ""3"", ""print_finish"": ""Foil"", ""type"": ""Hero"", ""Faction"": ""Human"", ""Class"": ""Hunter"", ""hp"": ""28"", ""rule_text"": ""4SE: Target opposing ally is reduced to 1 health. Return the top Hunter card from your graveyard to your hand."", ""item_dimensions"": ""{\u0022height\u0022: \u00223.5\u0022, \u0022width\u0022: \u00222.5\u0022, \u0022unit\u0022: \u0022inch\u0022}""}",d8327757-6eec-4e1a-b7dc-7fb962f9b10c,d4039eda-661c-4085-8257-fb531ec61436,Victor Heartstriker,Victor Heartstriker [Foil],"{""source_notes"": ""https://www.shadowera.com/cards.php""}",shadow-era_call-of-the-crystals_victor-heartstriker-[foil]
b98edb27-d91a-4092-b1e7-f247265300c1,item,1,0,"{""obverse"": ""shadow-era_call-of-the-crystals_gwenneth-truesight"", ""reverse"": ""shadow-era_card-back""}","{""name_printed"": ""Gwenneth Truesight"", ""rarity"": ""H"", ""number"": ""4"", ""type"": ""Hero"", ""Faction"": ""Human"", ""Class"": ""Hunter"", ""hp"": ""28"", ""rule_text"": ""3SE: Target weapon you control gains +2 durability and has +2 attack until the start of your next turn."", ""item_dimensions"": ""{\u0022height\u0022: \u00223.5\u0022, \u0022width\u0022: \u00222.5\u0022, \u0022unit\u0022: \u0022inch\u0022}""}",d8327757-6eec-4e1a-b7dc-7fb962f9b10c,d4039eda-661c-4085-8257-fb531ec61436,Gwenneth Truesight,Gwenneth Truesight,"{""source_notes"": ""https://www.shadowera.com/cards.php""}",shadow-era_call-of-the-crystals_gwenneth-truesight
ada95af3-f2a7-4f2e-ad0d-2775ed90cea5,item,1,0,"{""obverse"": ""shadow-era_call-of-the-crystals_nishaven"", ""reverse"": ""shadow-era_card-back""}","{""name_printed"": ""Nishaven"", ""rarity"": ""H"", ""number"": ""5"", ""type"": ""Hero"", ""Faction"": ""Human"", ""Class"": ""Mage"", ""hp"": ""26"", ""rule_text"": ""5SE: All opposing allies take 3 electrical damage; if an ally was killed this way, all opposing allies take 2 electrical damage."", ""item_dimensions"": ""{\u0022height\u0022: \u00223.5\u0022, \u0022width\u0022: \u00222.5\u0022, \u0022unit\u0022: \u0022inch\u0022}""}",d8327757-6eec-4e1a-b7dc-7fb962f9b10c,d4039eda-661c-4085-8257-fb531ec61436,Nishaven,Nishaven,"{""source_notes"": ""https://www.shadowera.com/cards.php""}",shadow-era_call-of-the-crystals_nishaven
a5f6eb6f-e5b1-4809-a4cc-227150ec2556,item,1,0,"{""obverse"": ""shadow-era_call-of-the-crystals_eladwen-frostmire"", ""reverse"": ""shadow-era_card-back""}","{""name_printed"": ""Eladwen Frostmire"", ""rarity"": ""H"", ""number"": ""6"", ""type"": ""Hero"", ""Faction"": ""Human"", ""Class"": ""Mage"", ""hp"": ""26"", ""rule_text"": ""3SE: Target opposing ally takes 3 ice damage and is frozen (it can't attack, defend or use abilities) for 1 turn."", ""item_dimensions"": ""{\u0022height\u0022: \u00223.5\u0022, \u0022width\u0022: \u00222.5\u0022, \u0022unit\u0022: \u0022inch\u0022}""}",d8327757-6eec-4e1a-b7dc-7fb962f9b10c,d4039eda-661c-4085-8257-fb531ec61436,Eladwen Frostmire,Eladwen Frostmire,"{""source_notes"": ""https://www.shadowera.com/cards.php""}",shadow-era_call-of-the-crystals_eladwen-frostmire
b79e3b15-4fa6-496c-9e72-b2d8f5b4277c,item,1,0,"{""obverse"": ""shadow-era_call-of-the-crystals_jericho-spellbane"", ""reverse"": ""shadow-era_card-back""}","{""name_printed"": ""Jericho Spellbane"", ""rarity"": ""H"", ""number"": ""7"", ""type"": ""Hero"", ""Faction"": ""Human"", ""Class"": ""Priest"", ""hp"": ""26"", ""rule_text"": ""4SE: Target friendly hero or ally has all enemy attachments and negative effects removed, or target attachment is removed."", ""item_dimensions"": ""{\u0022height\u0022: \u00223.5\u0022, \u0022width\u0022: \u00222.5\u0022, \u0022unit\u0022: \u0022inch\u0022}""}",d8327757-6eec-4e1a-b7dc-7fb962f9b10c,d4039eda-661c-4085-8257-fb531ec61436,Jericho Spellbane,Jericho Spellbane,"{""source_notes"": ""https://www.shadowera.com/cards.php""}",shadow-era_call-of-the-crystals_jericho-spellbane
fd049083-2011-45e4-bbee-82f5a04a7856,item,1,0,"{""obverse"": ""shadow-era_call-of-the-crystals_zhanna-mist"", ""reverse"": ""shadow-era_card-back""}","{""name_printed"": ""Zhanna Mist"", ""rarity"": ""H"", ""number"": ""8"", ""type"": ""Hero"", ""Faction"": ""Human"", ""Class"": ""Priest"", ""hp"": ""26"", ""rule_text"": ""3SE: Target friendly hero or ally heals 3 damage."", ""item_dimensions"": ""{\u0022height\u0022: \u00223.5\u0022, \u0022width\u0022: \u00222.5\u0022, \u0022unit\u0022: \u0022inch\u0022}""}",d8327757-6eec-4e1a-b7dc-7fb962f9b10c,d4039eda-661c-4085-8257-fb531ec61436,Zhanna Mist,Zhanna Mist,"{""source_notes"": ""https://www.shadowera.com/cards.php""}",shadow-era_call-of-the-crystals_zhanna-mist
73a0dfd1-3f93-4df0-8613-b235b25e9028,first-party-document,0,0,"{""obverse"": ""shadow-era_call-of-the-crystals_lance-shadowstalker"", ""reverse"": ""shadow-era_card-back""}","{""name_printed"": ""Lance Shadowstalker"", ""rarity"": ""H"", ""number"": ""9"", ""type"": ""Hero"", ""Faction"": ""Human"", ""Class"": ""Rogue"", ""hp"": ""27"", ""rule_text"": ""4SE: Target friendly ally has ambush, stealth and haste until the start of your next turn."", ""item_dimensions"": ""{\u0022height\u0022: \u00223.5\u0022, \u0022width\u0022: \u00222.5\u0022, \u0022unit\u0022: \u0022inch\u0022}""}",d8327757-6eec-4e1a-b7dc-7fb962f9b10c,d4039eda-661c-4085-8257-fb531ec61436,Lance Shadowstalker,Lance Shadowstalker,"{""source_notes"": ""https://www.shadowera.com/cards.php""}",shadow-era_call-of-the-crystals_lance-shadowstalker
fcf49f96-5091-4a6a-b31b-a25c27425154,first-party-document,0,0,"{""obverse"": ""shadow-era_call-of-the-crystals_serena-thoughtripper"", ""reverse"": ""shadow-era_card-back""}","{""name_printed"": ""Serena Thoughtripper"", ""rarity"": ""H"", ""number"": ""10"", ""type"": ""Hero"", ""Faction"": ""Human"", ""Class"": ""Rogue"", ""hp"": ""27"", ""rule_text"": ""3SE: Until the end of your turn, your weapons have +2 attack, and if Serena deals combat damage to a hero, that hero's owner discards a card at random."", ""item_dimensions"": ""{\u0022height\u0022: \u00223.5\u0022, \u0022width\u0022: \u00222.5\u0022, \u0022unit\u0022: \u0022inch\u0022}""}",d8327757-6eec-4e1a-b7dc-7fb962f9b10c,d4039eda-661c-4085-8257-fb531ec61436,Serena Thoughtripper,Serena Thoughtripper,"{""source_notes"": ""https://www.shadowera.com/cards.php""}",shadow-era_call-of-the-crystals_serena-thoughtripper
50aa6854-3ea9-4fe4-9d10-47e87477f6aa,item,1,0,"{""obverse"": ""shadow-era_call-of-the-crystals_ter-adun"", ""reverse"": ""shadow-era_card-back""}","{""name_printed"": ""Ter Adun"", ""rarity"": ""H"", ""number"": ""11"", ""type"": ""Hero"", ""Faction"": ""Shadow"", ""Class"": ""Warrior"", ""hp"": ""30"", ""rule_text"": ""4SE: Target item or support ability is destroyed."", ""item_dimensions"": ""{\u0022height\u0022: \u00223.5\u0022, \u0022width\u0022: \u00222.5\u0022, \u0022unit\u0022: \u0022inch\u0022}""}",d8327757-6eec-4e1a-b7dc-7fb962f9b10c,d4039eda-661c-4085-8257-fb531ec61436,Ter Adun,Ter Adun,"{""source_notes"": ""https://www.shadowera.com/cards.php""}",shadow-era_call-of-the-crystals_ter-adun
765445aa-73fe-4576-9415-ca82c42ebbdf,item,1,0,"{""obverse"": ""shadow-era_call-of-the-crystals_logan-stonebreaker"", ""reverse"": ""shadow-era_card-back""}","{""name_printed"": ""Logan Stonebreaker"", ""rarity"": ""H"", ""number"": ""12"", ""type"": ""Hero"", ""Faction"": ""Shadow"", ""Class"": ""Warrior"", ""hp"": ""30"", ""rule_text"": ""4SE: Target weapon you control gains +1 base attack. Until the end of your turn, when Logan deals combat damage to an ally, that ally is killed."", ""item_dimensions"": ""{\u0022height\u0022: \u00223.5\u0022, \u0022width\u0022: \u00222.5\u0022, \u0022unit\u0022: \u0022inch\u0022}""}",d8327757-6eec-4e1a-b7dc-7fb962f9b10c,d4039eda-661c-4085-8257-fb531ec61436,Logan Stonebreaker,Logan Stonebreaker,"{""source_notes"": ""https://www.shadowera.com/cards.php""}",shadow-era_call-of-the-crystals_logan-stonebreaker
64c1508d-3daa-4770-b893-c6514303c89b,first-party-document,0,0,"{""obverse"": ""shadow-era_call-of-the-crystals_banebow"", ""reverse"": ""shadow-era_card-back""}","{""name_printed"": ""Banebow"", ""rarity"": ""H"", ""number"": ""13"", ""type"": ""Hero"", ""Faction"": ""Shadow"", ""Class"": ""Hunter"", ""hp"": ""28"", ""rule_text"": ""3SE: Up to 2 different target opposing heroes or allies take 2 damage. This damage can't be prevented by ally or armor abilities."", ""item_dimensions"": ""{\u0022height\u0022: \u00223.5\u0022, \u0022width\u0022: \u00222.5\u0022, \u0022unit\u0022: \u0022inch\u0022}""}",d8327757-6eec-4e1a-b7dc-7fb962f9b10c,d4039eda-661c-4085-8257-fb531ec61436,Banebow,Banebow,"{""source_notes"": ""https://www.shadowera.com/cards.php""}",shadow-era_call-of-the-crystals_banebow
78ddf5f3-662e-4163-8b9b-356ce9c9ca86,item,1,0,"{""obverse"": ""shadow-era_call-of-the-crystals_baduruu"", ""reverse"": ""shadow-era_card-back""}","{""name_printed"": ""Baduruu"", ""rarity"": ""H"", ""number"": ""14"", ""type"": ""Hero"", ""Faction"": ""Shadow"", ""Class"": ""Hunter"", ""hp"": ""28"", ""rule_text"": ""4SE: Target weapon in your hand is summoned at no cost and gains +1 base attack."", ""item_dimensions"": ""{\u0022height\u0022: \u00223.5\u0022, \u0022width\u0022: \u00222.5\u0022, \u0022unit\u0022: \u0022inch\u0022}""}",d8327757-6eec-4e1a-b7dc-7fb962f9b10c,d4039eda-661c-4085-8257-fb531ec61436,Baduruu,Baduruu,"{""source_notes"": ""https://www.shadowera.com/cards.php""}",shadow-era_call-of-the-crystals_baduruu
14283b12-5e24-4b91-b0c9-98670a98e36b,item,1,0,"{""obverse"": ""shadow-era_call-of-the-crystals_majiya"", ""reverse"": ""shadow-era_card-back""}","{""name_printed"": ""Majiya"", ""rarity"": ""H"", ""number"": ""15"", ""type"": ""Hero"", ""Faction"": ""Shadow"", ""Class"": ""Mage"", ""hp"": ""26"", ""rule_text"": ""4SE: Target opposing ally takes 4 fire damage. Draw a card."", ""item_dimensions"": ""{\u0022height\u0022: \u00223.5\u0022, \u0022width\u0022: \u00222.5\u0022, \u0022unit\u0022: \u0022inch\u0022}""}",d8327757-6eec-4e1a-b7dc-7fb962f9b10c,d4039eda-661c-4085-8257-fb531ec61436,Majiya,Majiya,"{""source_notes"": ""https://www.shadowera.com/cards.php""}",shadow-era_call-of-the-crystals_majiya
6dfd7d7c-047d-4b92-808d-dc9db1c8e789,item,1,0,"{""obverse"": ""shadow-era_call-of-the-crystals_gravebone"", ""reverse"": ""shadow-era_card-back""}","{""name_printed"": ""Gravebone"", ""rarity"": ""H"", ""number"": ""16"", ""type"": ""Hero"", ""Faction"": ""Shadow"", ""Class"": ""Mage"", ""hp"": ""26"", ""rule_text"": ""4SE: Target ally in your graveyard is returned to play."", ""item_dimensions"": ""{\u0022height\u0022: \u00223.5\u0022, \u0022width\u0022: \u00222.5\u0022, \u0022unit\u0022: \u0022inch\u0022}""}",d8327757-6eec-4e1a-b7dc-7fb962f9b10c,d4039eda-661c-4085-8257-fb531ec61436,Gravebone,Gravebone,"{""source_notes"": ""https://www.shadowera.com/cards.php""}",shadow-era_call-of-the-crystals_gravebone
19c2f1cb-0095-4f8f-92fd-07d83dffcb14,item,1,0,"{""obverse"": ""shadow-era_call-of-the-crystals_darkclaw"", ""reverse"": ""shadow-era_card-back""}","{""name_printed"": ""Darkclaw"", ""rarity"": ""H"", ""number"": ""17"", ""type"": ""Hero"", ""Faction"": ""Shadow"", ""Class"": ""Wulven"", ""hp"": ""28"", ""rule_text"": ""3SE: Until the start of your next turn, your weapons have +2 attack and Darkclaw has ambush (his attacks can't be defended)."", ""item_dimensions"": ""{\u0022height\u0022: \u00223.5\u0022, \u0022width\u0022: \u00222.5\u0022, \u0022unit\u0022: \u0022inch\u0022}""}",d8327757-6eec-4e1a-b7dc-7fb962f9b10c,d4039eda-661c-4085-8257-fb531ec61436,Darkclaw,Darkclaw,"{""source_notes"": ""https://www.shadowera.com/cards.php""}",shadow-era_call-of-the-crystals_darkclaw
73c087c6-0654-4bd3-bdf8-583e94f8fea7,item,1,0,"{""obverse"": ""shadow-era_call-of-the-crystals_moonstalker"", ""reverse"": ""shadow-era_card-back""}","{""name_printed"": ""Moonstalker"", ""rarity"": ""H"", ""number"": ""18"", ""type"": ""Hero"", ""Faction"": ""Shadow"", ""Class"": ""Wulven"", ""hp"": ""28"", ""rule_text"": ""3SE: Moonstalker and all friendly allies have stealth (they can't be attacked) until the start of your next turn."", ""item_dimensions"": ""{\u0022height\u0022: \u00223.5\u0022, \u0022width\u0022: \u00222.5\u0022, \u0022unit\u0022: \u0022inch\u0022}""}",d8327757-6eec-4e1a-b7dc-7fb962f9b10c,d4039eda-661c-4085-8257-fb531ec61436,Moonstalker,Moonstalker,"{""source_notes"": ""https://www.shadowera.com/cards.php""}",shadow-era_call-of-the-crystals_moonstalker
dddcccf3-3824-4563-840b-36454ae3a6de,item,1,0,"{""obverse"": ""shadow-era_call-of-the-crystals_elementalis"", ""reverse"": ""shadow-era_card-back""}","{""name_printed"": ""Elementalis"", ""rarity"": ""H"", ""number"": ""19"", ""type"": ""Hero"", ""Faction"": ""Shadow"", ""Class"": ""Elemental"", ""hp"": ""28"", ""rule_text"": ""3SE: Target friendly ally gains +1 base attack and +3 health."", ""item_dimensions"": ""{\u0022height\u0022: \u00223.5\u0022, \u0022width\u0022: \u00222.5\u0022, \u0022unit\u0022: \u0022inch\u0022}""}",d8327757-6eec-4e1a-b7dc-7fb962f9b10c,d4039eda-661c-4085-8257-fb531ec61436,Elementalis,Elementalis,"{""source_notes"": ""https://www.shadowera.com/cards.php""}",shadow-era_call-of-the-crystals_elementalis
b5bfead3-a586-4ea2-8ccc-ca8f2db25275,item,1,0,"{""obverse"": ""shadow-era_call-of-the-crystals_zaladar"", ""reverse"": ""shadow-era_card-back""}","{""name_printed"": ""Zaladar"", ""rarity"": ""H"", ""number"": ""20"", ""type"": ""Hero"", ""Faction"": ""Shadow"", ""Class"": ""Elemental"", ""hp"": ""28"", ""rule_text"": ""4SE: Up to 2 different target opposing heroes or allies take 3 electrical damage."", ""item_dimensions"": ""{\u0022height\u0022: \u00223.5\u0022, \u0022width\u0022: \u00222.5\u0022, \u0022unit\u0022: \u0022inch\u0022}""}",d8327757-6eec-4e1a-b7dc-7fb962f9b10c,d4039eda-661c-4085-8257-fb531ec61436,Zaladar,Zaladar,"{""source_notes"": ""https://www.shadowera.com/cards.php""}",shadow-era_call-of-the-crystals_zaladar
156c378d-4f7c-421b-af1f-afaad7294d3e,item,1,0,"{""obverse"": ""shadow-era_call-of-the-crystals_jasmine-rosecult"", ""reverse"": ""shadow-era_card-back""}","{""name_printed"": ""Jasmine Rosecult"", ""rarity"": ""U"", ""number"": ""21"", ""type"": ""Ally"", ""Faction"": ""Human"", ""cost"": ""3"", ""attack"": ""3"", ""hp"": ""4"", ""rule_text"": ""1: Target opposing ally can't attack until the end of its controller's next turn."", ""item_dimensions"": ""{\u0022height\u0022: \u00223.5\u0022, \u0022width\u0022: \u00222.5\u0022, \u0022unit\u0022: \u0022inch\u0022}""}",d8327757-6eec-4e1a-b7dc-7fb962f9b10c,d4039eda-661c-4085-8257-fb531ec61436,Jasmine Rosecult,Jasmine Rosecult,"{""source_notes"": ""https://www.shadowera.com/cards.php""}",shadow-era_call-of-the-crystals_jasmine-rosecult
66d4094d-30bc-4e93-9f58-c47c714182cd,item,1,0,"{""obverse"": ""shadow-era_call-of-the-crystals_dirk-saber"", ""reverse"": ""shadow-era_card-back""}","{""name_printed"": ""Dirk Saber"", ""number"": ""22"", ""type"": ""Ally"", ""Faction"": ""Human"", ""cost"": ""2"", ""attack"": ""2"", ""hp"": ""3"", ""rule_text"": ""Ambush (Attacks by this ally can't be defended.)"", ""item_dimensions"": ""{\u0022height\u0022: \u00223.5\u0022, \u0022width\u0022: \u00222.5\u0022, \u0022unit\u0022: \u0022inch\u0022}""}",d8327757-6eec-4e1a-b7dc-7fb962f9b10c,d4039eda-661c-4085-8257-fb531ec61436,Dirk Saber,Dirk Saber,"{""source_notes"": ""https://www.shadowera.com/cards.php""}",shadow-era_call-of-the-crystals_dirk-saber
09aa2d34-8068-4cfe-95d2-573ae03886e5,item,1,0,"{""obverse"": ""shadow-era_call-of-the-crystals_sandra-trueblade"", ""reverse"": ""shadow-era_card-back""}","{""name_printed"": ""Sandra Trueblade"", ""number"": ""23"", ""type"": ""Ally"", ""Faction"": ""Human"", ""cost"": ""4"", ""attack"": ""3"", ""hp"": ""4"", ""rule_text"": ""When Sandra is summoned, target player removes one of their resources from play if their resources are greater than or equal to yours."", ""item_dimensions"": ""{\u0022height\u0022: \u00223.5\u0022, \u0022width\u0022: \u00222.5\u0022, \u0022unit\u0022: \u0022inch\u0022}""}",d8327757-6eec-4e1a-b7dc-7fb962f9b10c,d4039eda-661c-4085-8257-fb531ec61436,Sandra Trueblade,Sandra Trueblade,"{""source_notes"": ""https://www.shadowera.com/cards.php""}",shadow-era_call-of-the-crystals_sandra-trueblade
65dc9368-ce9c-4f90-b5d6-cd3acd20e6fd,first-party-document,0,0,"{""obverse"": ""shadow-era_call-of-the-crystals_lily-rosecult"", ""reverse"": ""shadow-era_card-back""}","{""name_printed"": ""Lily Rosecult"", ""rarity"": ""U"", ""number"": ""24"", ""type"": ""Ally"", ""Faction"": ""Human"", ""cost"": ""4"", ""attack"": ""3"", ""hp"": ""4"", ""rule_text"": ""When Lily is summoned, return the top item from your graveyard to your hand."", ""item_dimensions"": ""{\u0022height\u0022: \u00223.5\u0022, \u0022width\u0022: \u00222.5\u0022, \u0022unit\u0022: \u0022inch\u0022}""}",d8327757-6eec-4e1a-b7dc-7fb962f9b10c,d4039eda-661c-4085-8257-fb531ec61436,Lily Rosecult,Lily Rosecult,"{""source_notes"": ""https://www.shadowera.com/cards.php""}",shadow-era_call-of-the-crystals_lily-rosecult
6bca2547-c3a1-447a-9723-7a5b6ca9c42c,item,1,0,"{""obverse"": ""shadow-era_call-of-the-crystals_kristoffer-wyld"", ""reverse"": ""shadow-era_card-back""}","{""name_printed"": ""Kristoffer Wyld"", ""number"": ""25"", ""type"": ""Ally"", ""Faction"": ""Human"", ""cost"": ""1"", ""attack"": ""1"", ""hp"": ""1"", ""rule_text"": ""Haste (This ally can attack and use abilities in the turn he is summoned.)"", ""item_dimensions"": ""{\u0022height\u0022: \u00223.5\u0022, \u0022width\u0022: \u00222.5\u0022, \u0022unit\u0022: \u0022inch\u0022}""}",d8327757-6eec-4e1a-b7dc-7fb962f9b10c,d4039eda-661c-4085-8257-fb531ec61436,Kristoffer Wyld,Kristoffer Wyld,"{""source_notes"": ""https://www.shadowera.com/cards.php""}",shadow-era_call-of-the-crystals_kristoffer-wyld
72fbfb11-8d65-4e61-876c-5281aa3242ad,item,1,0,"{""obverse"": ""shadow-era_call-of-the-crystals_puwen-bloodhelm"", ""reverse"": ""shadow-era_card-back""}","{""name_printed"": ""Puwen Bloodhelm"", ""number"": ""26"", ""type"": ""Ally"", ""Faction"": ""Human"", ""cost"": ""2"", ""attack"": ""2"", ""hp"": ""3"", ""rule_text"": ""Puwen has +1 attack while any opposing player controls more allies than you."", ""item_dimensions"": ""{\u0022height\u0022: \u00223.5\u0022, \u0022width\u0022: \u00222.5\u0022, \u0022unit\u0022: \u0022inch\u0022}""}",d8327757-6eec-4e1a-b7dc-7fb962f9b10c,d4039eda-661c-4085-8257-fb531ec61436,Puwen Bloodhelm,Puwen Bloodhelm,"{""source_notes"": ""https://www.shadowera.com/cards.php""}",shadow-era_call-of-the-crystals_puwen-bloodhelm
a693d895-4e74-4907-8e02-43dc1098eea9,item,1,0,"{""obverse"": ""shadow-era_call-of-the-crystals_birgitte-skullborn"", ""reverse"": ""shadow-era_card-back""}","{""name_printed"": ""Birgitte Skullborn"", ""number"": ""27"", ""type"": ""Ally"", ""Faction"": ""Human"", ""cost"": ""1"", ""attack"": ""0"", ""hp"": ""2"", ""rule_text"": ""Protector (Allies without protector can't be targeted.)"", ""item_dimensions"": ""{\u0022height\u0022: \u00223.5\u0022, \u0022width\u0022: \u00222.5\u0022, \u0022unit\u0022: \u0022inch\u0022}""}",d8327757-6eec-4e1a-b7dc-7fb962f9b10c,d4039eda-661c-4085-8257-fb531ec61436,Birgitte Skullborn,Birgitte Skullborn,"{""source_notes"": ""https://www.shadowera.com/cards.php""}",shadow-era_call-of-the-crystals_birgitte-skullborn
076b3205-7669-4027-bef3-77eb7a970505,item,1,0,"{""obverse"": ""shadow-era_call-of-the-crystals_kurt-whitehelm"", ""reverse"": ""shadow-era_card-back""}","{""name_printed"": ""Kurt Whitehelm"", ""rarity"": ""U"", ""number"": ""28"", ""type"": ""Ally"", ""Faction"": ""Human"", ""cost"": ""4"", ""attack"": ""2"", ""hp"": ""6"", ""rule_text"": ""Ability damage to other friendly allies is reduced by 1. Kurt has +2 attack while you control at least 3 allies."", ""item_dimensions"": ""{\u0022height\u0022: \u00223.5\u0022, \u0022width\u0022: \u00222.5\u0022, \u0022unit\u0022: \u0022inch\u0022}""}",d8327757-6eec-4e1a-b7dc-7fb962f9b10c,d4039eda-661c-4085-8257-fb531ec61436,Kurt Whitehelm,Kurt Whitehelm,"{""source_notes"": ""https://www.shadowera.com/cards.php""}",shadow-era_call-of-the-crystals_kurt-whitehelm
a1e9b388-1d92-4c69-8798-982c247a6d0e,item,1,0,"{""obverse"": ""shadow-era_call-of-the-crystals_erika-shadowhunter"", ""reverse"": ""shadow-era_card-back""}","{""name_printed"": ""Erika Shadowhunter"", ""rarity"": ""U"", ""number"": ""29"", ""type"": ""Ally"", ""Faction"": ""Human"", ""cost"": ""5"", ""attack"": ""4"", ""hp"": ""3"", ""rule_text"": ""Stealth (This ally can't be attacked.)"", ""item_dimensions"": ""{\u0022height\u0022: \u00223.5\u0022, \u0022width\u0022: \u00222.5\u0022, \u0022unit\u0022: \u0022inch\u0022}""}",d8327757-6eec-4e1a-b7dc-7fb962f9b10c,d4039eda-661c-4085-8257-fb531ec61436,Erika Shadowhunter,Erika Shadowhunter,"{""source_notes"": ""https://www.shadowera.com/cards.php""}",shadow-era_call-of-the-crystals_erika-shadowhunter
6108a290-f615-4b8a-b670-69597e365801,item,1,0,"{""obverse"": ""shadow-era_call-of-the-crystals_blake-windrunner"", ""reverse"": ""shadow-era_card-back""}","{""name_printed"": ""Blake Windrunner"", ""number"": ""30"", ""type"": ""Ally"", ""Faction"": ""Human"", ""cost"": ""2"", ""attack"": ""3"", ""hp"": ""1"", ""rule_text"": ""When Blake is summoned, your weapons have +1 attack until the end of your turn."", ""item_dimensions"": ""{\u0022height\u0022: \u00223.5\u0022, \u0022width\u0022: \u00222.5\u0022, \u0022unit\u0022: \u0022inch\u0022}""}",d8327757-6eec-4e1a-b7dc-7fb962f9b10c,d4039eda-661c-4085-8257-fb531ec61436,Blake Windrunner,Blake Windrunner,"{""source_notes"": ""https://www.shadowera.com/cards.php""}",shadow-era_call-of-the-crystals_blake-windrunner
63cfd4b5-aab1-4392-9c99-b4622a516928,item,1,0,"{""obverse"": ""shadow-era_call-of-the-crystals_raven-wildheart"", ""reverse"": ""shadow-era_card-back""}","{""name_printed"": ""Raven Wildheart"", ""rarity"": ""U"", ""number"": ""31"", ""type"": ""Ally"", ""Faction"": ""Human"", ""cost"": ""5"", ""attack"": ""3"", ""hp"": ""6"", ""rule_text"": ""When an ally is damaged by Raven in combat, that ally's base attack is reduced to 0."", ""item_dimensions"": ""{\u0022height\u0022: \u00223.5\u0022, \u0022width\u0022: \u00222.5\u0022, \u0022unit\u0022: \u0022inch\u0022}""}",d8327757-6eec-4e1a-b7dc-7fb962f9b10c,d4039eda-661c-4085-8257-fb531ec61436,Raven Wildheart,Raven Wildheart,"{""source_notes"": ""https://www.shadowera.com/cards.php""}",shadow-era_call-of-the-crystals_raven-wildheart
c4fabd12-3b40-421b-b7c0-519144e25bc7,item,1,0,"{""obverse"": ""shadow-era_call-of-the-crystals_aldon-the-brave"", ""reverse"": ""shadow-era_card-back""}","{""name_printed"": ""Aldon the Brave"", ""rarity"": ""U"", ""number"": ""32"", ""type"": ""Ally"", ""Faction"": ""Human"", ""is_unique"": ""Unique"", ""cost"": ""3"", ""attack"": ""2"", ""hp"": ""4"", ""rule_text"": ""Friendly allies have +1 attack on your turn."", ""item_dimensions"": ""{\u0022height\u0022: \u00223.5\u0022, \u0022width\u0022: \u00222.5\u0022, \u0022unit\u0022: \u0022inch\u0022}""}",d8327757-6eec-4e1a-b7dc-7fb962f9b10c,d4039eda-661c-4085-8257-fb531ec61436,Aldon the Brave,Aldon the Brave,"{""source_notes"": ""https://www.shadowera.com/cards.php""}",shadow-era_call-of-the-crystals_aldon-the-brave
38095722-0c58-4762-a0a9-df22b0a568cc,item,1,0,"{""obverse"": ""shadow-era_call-of-the-crystals_zoe-silversmith"", ""reverse"": ""shadow-era_card-back""}","{""name_printed"": ""Zoe Silversmith"", ""number"": ""33"", ""type"": ""Ally"", ""Faction"": ""Human"", ""cost"": ""3"", ""attack"": ""2"", ""hp"": ""5"", ""rule_text"": ""2: Target weapon you control gains +1 durability."", ""item_dimensions"": ""{\u0022height\u0022: \u00223.5\u0022, \u0022width\u0022: \u00222.5\u0022, \u0022unit\u0022: \u0022inch\u0022}""}",d8327757-6eec-4e1a-b7dc-7fb962f9b10c,d4039eda-661c-4085-8257-fb531ec61436,Zoe Silversmith,Zoe Silversmith,"{""source_notes"": ""https://www.shadowera.com/cards.php""}",shadow-era_call-of-the-crystals_zoe-silversmith
d6dd14a0-b887-4d72-9dfe-11046e6aae2d,item,1,0,"{""obverse"": ""shadow-era_call-of-the-crystals_katrin-the-shieldmaiden"", ""reverse"": ""shadow-era_card-back""}","{""name_printed"": ""Katrin the Shieldmaiden"", ""rarity"": ""U"", ""number"": ""34"", ""type"": ""Ally"", ""Faction"": ""Human"", ""cost"": ""2"", ""attack"": ""1"", ""hp"": ""4"", ""rule_text"": ""1: Target friendly ally gains +2 health."", ""item_dimensions"": ""{\u0022height\u0022: \u00223.5\u0022, \u0022width\u0022: \u00222.5\u0022, \u0022unit\u0022: \u0022inch\u0022}""}",d8327757-6eec-4e1a-b7dc-7fb962f9b10c,d4039eda-661c-4085-8257-fb531ec61436,Katrin the Shieldmaiden,Katrin the Shieldmaiden,"{""source_notes"": ""https://www.shadowera.com/cards.php""}",shadow-era_call-of-the-crystals_katrin-the-shieldmaiden
df91a016-abf0-4b17-a156-f3275f97994d,first-party-document,0,0,"{""obverse"": ""shadow-era_call-of-the-crystals_priest-of-the-light"", ""reverse"": ""shadow-era_card-back""}","{""name_printed"": ""Priest of the Light"", ""rarity"": ""R"", ""number"": ""35"", ""type"": ""Ally"", ""Faction"": ""Human"", ""cost"": ""3"", ""attack"": ""3"", ""hp"": ""3"", ""rule_text"": ""When Priest of the Light is summoned, opposing heroes lose 1 shadow energy, and your hero gains +1 health."", ""item_dimensions"": ""{\u0022height\u0022: \u00223.5\u0022, \u0022width\u0022: \u00222.5\u0022, \u0022unit\u0022: \u0022inch\u0022}""}",d8327757-6eec-4e1a-b7dc-7fb962f9b10c,d4039eda-661c-4085-8257-fb531ec61436,Priest of the Light,Priest of the Light,"{""source_notes"": ""https://www.shadowera.com/cards.php""}",shadow-era_call-of-the-crystals_priest-of-the-light
1a275e57-d3ee-40f1-9c41-876daaac775e,item,1,0,"{""obverse"": ""shadow-era_call-of-the-crystals_armored-sandworm"", ""reverse"": ""shadow-era_card-back""}","{""name_printed"": ""Armored Sandworm"", ""rarity"": ""U"", ""number"": ""36"", ""type"": ""Ally"", ""Faction"": ""Human"", ""subtype"": ""Homunculus"", ""attack_type"": ""Claw"", ""cost"": ""5"", ""attack"": ""2"", ""hp"": ""5"", ""rule_text"": ""All damage to Armored Sandworm is reduced by 2."", ""item_dimensions"": ""{\u0022height\u0022: \u00223.5\u0022, \u0022width\u0022: \u00222.5\u0022, \u0022unit\u0022: \u0022inch\u0022}""}",d8327757-6eec-4e1a-b7dc-7fb962f9b10c,d4039eda-661c-4085-8257-fb531ec61436,Armored Sandworm,Armored Sandworm,"{""source_notes"": ""https://www.shadowera.com/cards.php""}",shadow-era_call-of-the-crystals_armored-sandworm
988704a1-195a-49ab-9d29-e0a23ebba904,item,1,0,"{""obverse"": ""shadow-era_call-of-the-crystals_marshland-sentinel"", ""reverse"": ""shadow-era_card-back""}","{""name_printed"": ""Marshland Sentinel"", ""rarity"": ""U"", ""number"": ""37"", ""type"": ""Ally"", ""Faction"": ""Human"", ""subtype"": ""Homunculus"", ""attack_type"": ""Claw"", ""cost"": ""4"", ""attack"": ""2"", ""hp"": ""4"", ""rule_text"": ""1SE: Target opposing ally is reduced to 0 base attack."", ""item_dimensions"": ""{\u0022height\u0022: \u00223.5\u0022, \u0022width\u0022: \u00222.5\u0022, \u0022unit\u0022: \u0022inch\u0022}""}",d8327757-6eec-4e1a-b7dc-7fb962f9b10c,d4039eda-661c-4085-8257-fb531ec61436,Marshland Sentinel,Marshland Sentinel,"{""source_notes"": ""https://www.shadowera.com/cards.php""}",shadow-era_call-of-the-crystals_marshland-sentinel
84cec78b-dadd-4b6b-a735-c1c8ca04c67f,item,1,0,"{""obverse"": ""shadow-era_call-of-the-crystals_tainted-oracle-[foil]"", ""reverse"": ""shadow-era_card-back""}","{""name_printed"": ""Tainted Oracle"", ""variant_disambiguator"": ""Foil"", ""rarity"": ""R"", ""number"": ""38"", ""print_finish"": ""Foil"", ""type"": ""Ally"", ""Faction"": ""Human"", ""cost"": ""4"", ""attack"": ""2"", ""hp"": ""2"", ""rule_text"": ""When Tainted Oracle is killed, draw 2 cards."", ""item_dimensions"": ""{\u0022height\u0022: \u00223.5\u0022, \u0022width\u0022: \u00222.5\u0022, \u0022unit\u0022: \u0022inch\u0022}""}",d8327757-6eec-4e1a-b7dc-7fb962f9b10c,d4039eda-661c-4085-8257-fb531ec61436,Tainted Oracle,Tainted Oracle [Foil],"{""source_notes"": ""https://www.shadowera.com/cards.php""}",shadow-era_call-of-the-crystals_tainted-oracle-[foil]
ba901b05-24be-4a60-aa32-9da4fd5e282b,first-party-document,0,0,"{""obverse"": ""shadow-era_call-of-the-crystals_earthen-protector"", ""reverse"": ""shadow-era_card-back""}","{""name_printed"": ""Earthen Protector"", ""rarity"": ""R"", ""number"": ""39"", ""type"": ""Ally"", ""Faction"": ""Human"", ""subtype"": ""Homunculus"", ""attack_type"": ""Claw"", ""is_unique"": ""Unique"", ""cost"": ""5"", ""attack"": ""4"", ""hp"": ""5"", ""rule_text"": ""When a friendly ally is killed while Earthen Protector is alive, Earthen Protector is killed: that ally is returned to play with +2 base attack and +2 health."", ""item_dimensions"": ""{\u0022height\u0022: \u00223.5\u0022, \u0022width\u0022: \u00222.5\u0022, \u0022unit\u0022: \u0022inch\u0022}""}",d8327757-6eec-4e1a-b7dc-7fb962f9b10c,d4039eda-661c-4085-8257-fb531ec61436,Earthen Protector,Earthen Protector,"{""source_notes"": ""https://www.shadowera.com/cards.php""}",shadow-era_call-of-the-crystals_earthen-protector
2989e8a4-cd54-4dff-afe0-0cecbf535e0c,first-party-document,0,0,"{""obverse"": ""shadow-era_call-of-the-crystals_aeon-stormcaller"", ""reverse"": ""shadow-era_card-back""}","{""name_printed"": ""Aeon Stormcaller"", ""rarity"": ""E"", ""number"": ""40"", ""type"": ""Ally"", ""Faction"": ""Human"", ""is_unique"": ""Unique"", ""cost"": ""6"", ""attack"": ""3"", ""hp"": ""8"", ""rule_text"": ""Protector (Allies without protector can't be targeted.) 3: Target other friendly ally gains +1 base attack and +1 health."", ""item_dimensions"": ""{\u0022height\u0022: \u00223.5\u0022, \u0022width\u0022: \u00222.5\u0022, \u0022unit\u0022: \u0022inch\u0022}""}",d8327757-6eec-4e1a-b7dc-7fb962f9b10c,d4039eda-661c-4085-8257-fb531ec61436,Aeon Stormcaller,Aeon Stormcaller,"{""source_notes"": ""https://www.shadowera.com/cards.php""}",shadow-era_call-of-the-crystals_aeon-stormcaller
5f4a13b4-93d5-46d3-b818-d61e1d0599b3,item,1,0,"{""obverse"": ""shadow-era_call-of-the-crystals_deathbone"", ""reverse"": ""shadow-era_card-back""}","{""name_printed"": ""Deathbone"", ""number"": ""41"", ""type"": ""Ally"", ""Faction"": ""Shadow"", ""subtype"": ""Undead"", ""cost"": ""2"", ""attack"": ""2"", ""hp"": ""2"", ""rule_text"": ""When Deathbone is killed, its killer takes 1 damage, or 2 damage if it's an opposing player's turn."", ""item_dimensions"": ""{\u0022height\u0022: \u00223.5\u0022, \u0022width\u0022: \u00222.5\u0022, \u0022unit\u0022: \u0022inch\u0022}""}",d8327757-6eec-4e1a-b7dc-7fb962f9b10c,d4039eda-661c-4085-8257-fb531ec61436,Deathbone,Deathbone,"{""source_notes"": ""https://www.shadowera.com/cards.php""}",shadow-era_call-of-the-crystals_deathbone
1fe5e6e3-9aac-46a6-bf14-f02805526eca,item,1,0,"{""obverse"": ""shadow-era_call-of-the-crystals_keldor"", ""reverse"": ""shadow-era_card-back""}","{""name_printed"": ""Keldor"", ""number"": ""42"", ""type"": ""Ally"", ""Faction"": ""Shadow"", ""subtype"": ""Undead"", ""cost"": ""3"", ""attack"": ""2"", ""hp"": ""5"", ""rule_text"": ""2: Keldor has +2 attack until the start of your next turn."", ""item_dimensions"": ""{\u0022height\u0022: \u00223.5\u0022, \u0022width\u0022: \u00222.5\u0022, \u0022unit\u0022: \u0022inch\u0022}""}",d8327757-6eec-4e1a-b7dc-7fb962f9b10c,d4039eda-661c-4085-8257-fb531ec61436,Keldor,Keldor,"{""source_notes"": ""https://www.shadowera.com/cards.php""}",shadow-era_call-of-the-crystals_keldor
bb477a53-b7f0-4e2e-a7f7-7501f0e2315b,item,1,0,"{""obverse"": ""shadow-era_call-of-the-crystals_infernal-gargoyle"", ""reverse"": ""shadow-era_card-back""}","{""name_printed"": ""Infernal Gargoyle"", ""number"": ""43"", ""type"": ""Ally"", ""Faction"": ""Shadow"", ""attack_type"": ""Claw"", ""cost"": ""3"", ""attack"": ""2"", ""hp"": ""4"", ""rule_text"": ""All damage to Infernal Gargoyle is reduced by 1."", ""item_dimensions"": ""{\u0022height\u0022: \u00223.5\u0022, \u0022width\u0022: \u00222.5\u0022, \u0022unit\u0022: \u0022inch\u0022}""}",d8327757-6eec-4e1a-b7dc-7fb962f9b10c,d4039eda-661c-4085-8257-fb531ec61436,Infernal Gargoyle,Infernal Gargoyle,"{""source_notes"": ""https://www.shadowera.com/cards.php""}",shadow-era_call-of-the-crystals_infernal-gargoyle
3dc47999-c1ec-4545-aa34-6e1925087ab1,item,1,0,"{""obverse"": ""shadow-era_call-of-the-crystals_brutalis"", ""reverse"": ""shadow-era_card-back""}","{""name_printed"": ""Brutalis"", ""number"": ""44"", ""type"": ""Ally"", ""Faction"": ""Shadow"", ""cost"": ""2"", ""attack"": ""1"", ""hp"": ""4"", ""rule_text"": ""While there is an opposing damaged ally in play, Brutalis has +1 attack."", ""item_dimensions"": ""{\u0022height\u0022: \u00223.5\u0022, \u0022width\u0022: \u00222.5\u0022, \u0022unit\u0022: \u0022inch\u0022}""}",d8327757-6eec-4e1a-b7dc-7fb962f9b10c,d4039eda-661c-4085-8257-fb531ec61436,Brutalis,Brutalis,"{""source_notes"": ""https://www.shadowera.com/cards.php""}",shadow-era_call-of-the-crystals_brutalis
e9a04b8c-c1b4-41e8-ab7f-c45ec149e589,item,1,0,"{""obverse"": ""shadow-era_call-of-the-crystals_plasma-behemoth"", ""reverse"": ""shadow-era_card-back""}","{""name_printed"": ""Plasma Behemoth"", ""rarity"": ""U"", ""number"": ""45"", ""type"": ""Ally"", ""Faction"": ""Shadow"", ""attack_type"": ""Fire"", ""cost"": ""5"", ""attack"": ""3"", ""hp"": ""6"", ""rule_text"": ""3: Target opposing hero or ally takes 4 fire damage."", ""item_dimensions"": ""{\u0022height\u0022: \u00223.5\u0022, \u0022width\u0022: \u00222.5\u0022, \u0022unit\u0022: \u0022inch\u0022}""}",d8327757-6eec-4e1a-b7dc-7fb962f9b10c,d4039eda-661c-4085-8257-fb531ec61436,Plasma Behemoth,Plasma Behemoth,"{""source_notes"": ""https://www.shadowera.com/cards.php""}",shadow-era_call-of-the-crystals_plasma-behemoth
17f96acc-4837-455c-a28c-eb1aca6e272d,item,1,0,"{""obverse"": ""shadow-era_call-of-the-crystals_chimera"", ""reverse"": ""shadow-era_card-back""}","{""name_printed"": ""Chimera"", ""rarity"": ""U"", ""number"": ""46"", ""type"": ""Ally"", ""Faction"": ""Shadow"", ""attack_type"": ""Claw"", ""cost"": ""4"", ""attack"": ""2"", ""hp"": ""6"", ""rule_text"": ""1: Chimera has +3 attack and is reduced by 3 health until the start of your next turn."", ""item_dimensions"": ""{\u0022height\u0022: \u00223.5\u0022, \u0022width\u0022: \u00222.5\u0022, \u0022unit\u0022: \u0022inch\u0022}""}",d8327757-6eec-4e1a-b7dc-7fb962f9b10c,d4039eda-661c-4085-8257-fb531ec61436,Chimera,Chimera,"{""source_notes"": ""https://www.shadowera.com/cards.php""}",shadow-era_call-of-the-crystals_chimera
b0d697d1-b57f-4719-a8ea-4270553866c6,item,1,0,"{""obverse"": ""shadow-era_call-of-the-crystals_fire-snake"", ""reverse"": ""shadow-era_card-back""}","{""name_printed"": ""Fire Snake"", ""number"": ""47"", ""type"": ""Ally"", ""Faction"": ""Shadow"", ""attack_type"": ""Fire"", ""cost"": ""1"", ""attack"": ""1"", ""hp"": ""2"", ""rule_text"": ""When Fire Snake is killed, all opposing heroes take 1 fire damage."", ""item_dimensions"": ""{\u0022height\u0022: \u00223.5\u0022, \u0022width\u0022: \u00222.5\u0022, \u0022unit\u0022: \u0022inch\u0022}""}",d8327757-6eec-4e1a-b7dc-7fb962f9b10c,d4039eda-661c-4085-8257-fb531ec61436,Fire Snake,Fire Snake,"{""source_notes"": ""https://www.shadowera.com/cards.php""}",shadow-era_call-of-the-crystals_fire-snake
9638cf28-d75a-4232-9066-9004c3bad7db,item,1,0,"{""obverse"": ""shadow-era_call-of-the-crystals_belladonna"", ""reverse"": ""shadow-era_card-back""}","{""name_printed"": ""Belladonna"", ""number"": ""48"", ""type"": ""Ally"", ""Faction"": ""Shadow"", ""cost"": ""4"", ""attack"": ""4"", ""hp"": ""3"", ""rule_text"": ""When Belladonna is summoned, draw a card."", ""item_dimensions"": ""{\u0022height\u0022: \u00223.5\u0022, \u0022width\u0022: \u00222.5\u0022, \u0022unit\u0022: \u0022inch\u0022}""}",d8327757-6eec-4e1a-b7dc-7fb962f9b10c,d4039eda-661c-4085-8257-fb531ec61436,Belladonna,Belladonna,"{""source_notes"": ""https://www.shadowera.com/cards.php""}",shadow-era_call-of-the-crystals_belladonna
9ad9aae5-45d5-4658-af20-22e2ff36091d,item,1,0,"{""obverse"": ""shadow-era_call-of-the-crystals_bad-wolf"", ""reverse"": ""shadow-era_card-back""}","{""name_printed"": ""Bad Wolf"", ""rarity"": ""U"", ""number"": ""49"", ""type"": ""Ally"", ""Faction"": ""Shadow"", ""subtype"": ""Wulven"", ""attack_type"": ""Claw"", ""cost"": ""3"", ""attack"": ""3"", ""hp"": ""4"", ""rule_text"": ""Bad Wolf heals 1 damage at the start of each of its controller's turns."", ""item_dimensions"": ""{\u0022height\u0022: \u00223.5\u0022, \u0022width\u0022: \u00222.5\u0022, \u0022unit\u0022: \u0022inch\u0022}""}",d8327757-6eec-4e1a-b7dc-7fb962f9b10c,d4039eda-661c-4085-8257-fb531ec61436,Bad Wolf,Bad Wolf,"{""source_notes"": ""https://www.shadowera.com/cards.php""}",shadow-era_call-of-the-crystals_bad-wolf
d518b45c-a2f2-44c5-a40b-45017d3a5f4e,item,1,0,"{""obverse"": ""shadow-era_call-of-the-crystals_medusil"", ""reverse"": ""shadow-era_card-back""}","{""name_printed"": ""Medusil"", ""rarity"": ""U"", ""number"": ""50"", ""type"": ""Ally"", ""Faction"": ""Shadow"", ""attack_type"": ""Claw"", ""cost"": ""3"", ""attack"": ""3"", ""hp"": ""4"", ""rule_text"": ""1: Target opposing ally can't defend until the end of your turn."", ""item_dimensions"": ""{\u0022height\u0022: \u00223.5\u0022, \u0022width\u0022: \u00222.5\u0022, \u0022unit\u0022: \u0022inch\u0022}""}",d8327757-6eec-4e1a-b7dc-7fb962f9b10c,d4039eda-661c-4085-8257-fb531ec61436,Medusil,Medusil,"{""source_notes"": ""https://www.shadowera.com/cards.php""}",shadow-era_call-of-the-crystals_medusil
0fc81f4e-56c6-4d50-8f61-1ffa046e8919,item,1,0,"{""obverse"": ""shadow-era_call-of-the-crystals_hellsteed"", ""reverse"": ""shadow-era_card-back""}","{""name_printed"": ""Hellsteed"", ""number"": ""51"", ""type"": ""Ally"", ""Faction"": ""Shadow"", ""attack_type"": ""Claw"", ""cost"": ""1"", ""attack"": ""1"", ""hp"": ""1"", ""rule_text"": ""The first other friendly ally to attack during your turn does +1 damage."", ""item_dimensions"": ""{\u0022height\u0022: \u00223.5\u0022, \u0022width\u0022: \u00222.5\u0022, \u0022unit\u0022: \u0022inch\u0022}""}",d8327757-6eec-4e1a-b7dc-7fb962f9b10c,d4039eda-661c-4085-8257-fb531ec61436,Hellsteed,Hellsteed,"{""source_notes"": ""https://www.shadowera.com/cards.php""}",shadow-era_call-of-the-crystals_hellsteed
ba48ad4a-782f-48a7-99c9-9a1a2dc0b04a,item,1,0,"{""obverse"": ""shadow-era_call-of-the-crystals_dark-flayer"", ""reverse"": ""shadow-era_card-back""}","{""name_printed"": ""Dark Flayer"", ""rarity"": ""U"", ""number"": ""52"", ""type"": ""Ally"", ""Faction"": ""Shadow"", ""cost"": ""2"", ""attack"": ""2"", ""hp"": ""2"", ""rule_text"": ""Defender (This ally attacks first when defending.)"", ""item_dimensions"": ""{\u0022height\u0022: \u00223.5\u0022, \u0022width\u0022: \u00222.5\u0022, \u0022unit\u0022: \u0022inch\u0022}""}",d8327757-6eec-4e1a-b7dc-7fb962f9b10c,d4039eda-661c-4085-8257-fb531ec61436,Dark Flayer,Dark Flayer,"{""source_notes"": ""https://www.shadowera.com/cards.php""}",shadow-era_call-of-the-crystals_dark-flayer
b45271ae-69cb-4be0-b9f9-c18847a0973c,item,1,0,"{""obverse"": ""shadow-era_call-of-the-crystals_death-mage-thaddeus"", ""reverse"": ""shadow-era_card-back""}","{""name_printed"": ""Death Mage Thaddeus"", ""rarity"": ""U"", ""number"": ""53"", ""type"": ""Ally"", ""Faction"": ""Shadow"", ""subtype"": ""Undead"", ""is_unique"": ""Unique"", ""cost"": ""3"", ""attack"": ""0"", ""hp"": ""4"", ""rule_text"": ""When Thaddeus is summoned, target opposing hero or ally takes 1 damage. 0: Target opposing hero or ally takes 2 damage."", ""item_dimensions"": ""{\u0022height\u0022: \u00223.5\u0022, \u0022width\u0022: \u00222.5\u0022, \u0022unit\u0022: \u0022inch\u0022}""}",d8327757-6eec-4e1a-b7dc-7fb962f9b10c,d4039eda-661c-4085-8257-fb531ec61436,Death Mage Thaddeus,Death Mage Thaddeus,"{""source_notes"": ""https://www.shadowera.com/cards.php""}",shadow-era_call-of-the-crystals_death-mage-thaddeus
70c32b37-85d7-42c5-af8a-44a7a055fe71,item,1,0,"{""obverse"": ""shadow-era_call-of-the-crystals_carniboar"", ""reverse"": ""shadow-era_card-back""}","{""name_printed"": ""Carniboar"", ""rarity"": ""U"", ""number"": ""54"", ""type"": ""Ally"", ""Faction"": ""Shadow"", ""attack_type"": ""Claw"", ""cost"": ""2"", ""attack"": ""2"", ""hp"": ""2"", ""rule_text"": ""When Carniboar kills an ally in combat, it gains +1 base attack and +1 health."", ""item_dimensions"": ""{\u0022height\u0022: \u00223.5\u0022, \u0022width\u0022: \u00222.5\u0022, \u0022unit\u0022: \u0022inch\u0022}""}",d8327757-6eec-4e1a-b7dc-7fb962f9b10c,d4039eda-661c-4085-8257-fb531ec61436,Carniboar,Carniboar,"{""source_notes"": ""https://www.shadowera.com/cards.php""}",shadow-era_call-of-the-crystals_carniboar
1bcd3afb-a924-4a3d-92bd-cc883475df9f,item,1,0,"{""obverse"": ""shadow-era_call-of-the-crystals_shadow-knight"", ""reverse"": ""shadow-era_card-back""}","{""name_printed"": ""Shadow Knight"", ""rarity"": ""U"", ""number"": ""55"", ""type"": ""Ally"", ""Faction"": ""Shadow"", ""subtype"": ""Undead"", ""cost"": ""5"", ""attack"": ""5"", ""hp"": ""4"", ""rule_text"": ""When Shadow Knight is summoned, the top ally in your graveyard is returned to your hand."", ""item_dimensions"": ""{\u0022height\u0022: \u00223.5\u0022, \u0022width\u0022: \u00222.5\u0022, \u0022unit\u0022: \u0022inch\u0022}""}",d8327757-6eec-4e1a-b7dc-7fb962f9b10c,d4039eda-661c-4085-8257-fb531ec61436,Shadow Knight,Shadow Knight,"{""source_notes"": ""https://www.shadowera.com/cards.php""}",shadow-era_call-of-the-crystals_shadow-knight
e3a252a7-cb5c-4edb-a1c0-ede1829e7643,item,1,0,"{""obverse"": ""shadow-era_call-of-the-crystals_cobra-demon"", ""reverse"": ""shadow-era_card-back""}","{""name_printed"": ""Cobra Demon"", ""rarity"": ""U"", ""number"": ""56"", ""type"": ""Ally"", ""Faction"": ""Shadow"", ""attack_type"": ""Claw"", ""cost"": ""4"", ""attack"": ""1"", ""hp"": ""6"", ""rule_text"": ""Defender. Allies damaged by Cobra Demon are poisoned. 1SE: Target opposing ally takes 1 damage."", ""item_dimensions"": ""{\u0022height\u0022: \u00223.5\u0022, \u0022width\u0022: \u00222.5\u0022, \u0022unit\u0022: \u0022inch\u0022}""}",d8327757-6eec-4e1a-b7dc-7fb962f9b10c,d4039eda-661c-4085-8257-fb531ec61436,Cobra Demon,Cobra Demon,"{""source_notes"": ""https://www.shadowera.com/cards.php""}",shadow-era_call-of-the-crystals_cobra-demon
27e77ec0-2438-48c7-bc3c-b1fc4ad44e1f,item,1,0,"{""obverse"": ""shadow-era_call-of-the-crystals_molten-destroyer"", ""reverse"": ""shadow-era_card-back""}","{""name_printed"": ""Molten Destroyer"", ""rarity"": ""R"", ""number"": ""57"", ""type"": ""Ally"", ""Faction"": ""Shadow"", ""attack_type"": ""Fire"", ""cost"": ""5"", ""attack"": ""4"", ""hp"": ""5"", ""rule_text"": ""When an opposing hero or ally deals damage to Molten Destroyer, that hero or ally takes 1 fire damage. Allies that enter combat with Molten Destroyer are set ablaze."", ""item_dimensions"": ""{\u0022height\u0022: \u00223.5\u0022, \u0022width\u0022: \u00222.5\u0022, \u0022unit\u0022: \u0022inch\u0022}""}",d8327757-6eec-4e1a-b7dc-7fb962f9b10c,d4039eda-661c-4085-8257-fb531ec61436,Molten Destroyer,Molten Destroyer,"{""source_notes"": ""https://www.shadowera.com/cards.php""}",shadow-era_call-of-the-crystals_molten-destroyer
1f364320-d537-4749-8a6a-4745abb8f80f,first-party-document,0,0,"{""obverse"": ""shadow-era_call-of-the-crystals_brutal-minotaur"", ""reverse"": ""shadow-era_card-back""}","{""name_printed"": ""Brutal Minotaur"", ""rarity"": ""R"", ""number"": ""58"", ""type"": ""Ally"", ""Faction"": ""Shadow"", ""cost"": ""5"", ""attack"": ""6"", ""hp"": ""6"", ""rule_text"": ""When Brutal Minotaur is killed, its controller takes 2 damage."", ""item_dimensions"": ""{\u0022height\u0022: \u00223.5\u0022, \u0022width\u0022: \u00222.5\u0022, \u0022unit\u0022: \u0022inch\u0022}""}",d8327757-6eec-4e1a-b7dc-7fb962f9b10c,d4039eda-661c-4085-8257-fb531ec61436,Brutal Minotaur,Brutal Minotaur,"{""source_notes"": ""https://www.shadowera.com/cards.php""}",shadow-era_call-of-the-crystals_brutal-minotaur
26dcb43e-c687-446e-bfe0-85b3831b8466,item,1,0,"{""obverse"": ""shadow-era_call-of-the-crystals_wulven-tracker"", ""reverse"": ""shadow-era_card-back""}","{""name_printed"": ""Wulven Tracker"", ""rarity"": ""R"", ""number"": ""59"", ""type"": ""Ally"", ""Faction"": ""Shadow"", ""subtype"": ""Wulven"", ""attack_type"": ""Claw"", ""cost"": ""4"", ""attack"": ""2"", ""hp"": ""5"", ""rule_text"": ""When Wulven Tracker deals combat damage, draw a card."", ""item_dimensions"": ""{\u0022height\u0022: \u00223.5\u0022, \u0022width\u0022: \u00222.5\u0022, \u0022unit\u0022: \u0022inch\u0022}""}",d8327757-6eec-4e1a-b7dc-7fb962f9b10c,d4039eda-661c-4085-8257-fb531ec61436,Wulven Tracker,Wulven Tracker,"{""source_notes"": ""https://www.shadowera.com/cards.php""}",shadow-era_call-of-the-crystals_wulven-tracker
5e780b0f-f74e-4983-a713-d01c98f6e6df,item,1,0,"{""obverse"": ""shadow-era_call-of-the-crystals_ogloth-the-glutton"", ""reverse"": ""shadow-era_card-back""}","{""name_printed"": ""Ogloth the Glutton"", ""rarity"": ""E"", ""number"": ""60"", ""type"": ""Ally"", ""Faction"": ""Shadow"", ""attack_type"": ""Claw"", ""is_unique"": ""Unique"", ""cost"": ""6"", ""attack"": ""4"", ""hp"": ""6"", ""rule_text"": ""When an ally is killed, Ogloth gains +1 base attack and +1 health. 3: Target other ally with cost less than Ogloth's current attack is killed."", ""item_dimensions"": ""{\u0022height\u0022: \u00223.5\u0022, \u0022width\u0022: \u00222.5\u0022, \u0022unit\u0022: \u0022inch\u0022}""}",d8327757-6eec-4e1a-b7dc-7fb962f9b10c,d4039eda-661c-4085-8257-fb531ec61436,Ogloth the Glutton,Ogloth the Glutton,"{""source_notes"": ""https://www.shadowera.com/cards.php""}",shadow-era_call-of-the-crystals_ogloth-the-glutton
a6724ae8-26fd-409a-898b-0b561335c507,item,1,0,"{""obverse"": ""shadow-era_call-of-the-crystals_valiant-defender"", ""reverse"": ""shadow-era_card-back""}","{""name_printed"": ""Valiant Defender"", ""number"": ""61"", ""type"": ""Ability"", ""Class"": ""Warrior"", ""subtype"": ""Support"", ""cost"": ""2"", ""rule_text"": ""Duration 2. Friendly allies can't be attacked."", ""item_dimensions"": ""{\u0022height\u0022: \u00223.5\u0022, \u0022width\u0022: \u00222.5\u0022, \u0022unit\u0022: \u0022inch\u0022}""}",d8327757-6eec-4e1a-b7dc-7fb962f9b10c,d4039eda-661c-4085-8257-fb531ec61436,Valiant Defender,Valiant Defender,"{""source_notes"": ""https://www.shadowera.com/cards.php""}",shadow-era_call-of-the-crystals_valiant-defender
7dd29fbb-329d-4058-a298-26ddff5463f7,item,1,0,"{""obverse"": ""shadow-era_call-of-the-crystals_reserve-weapon"", ""reverse"": ""shadow-era_card-back""}","{""name_printed"": ""Reserve Weapon"", ""rarity"": ""U"", ""number"": ""62"", ""type"": ""Item"", ""Class"": ""Warrior"", ""subtype"": ""Artifact"", ""cost"": ""5"", ""rule_text"": ""Weapons you control have +1 attack. 0: Target weapon in your graveyard is returned to play with +1 base attack, and Reserve Weapon is destroyed."", ""item_dimensions"": ""{\u0022height\u0022: \u00223.5\u0022, \u0022width\u0022: \u00222.5\u0022, \u0022unit\u0022: \u0022inch\u0022}""}",d8327757-6eec-4e1a-b7dc-7fb962f9b10c,d4039eda-661c-4085-8257-fb531ec61436,Reserve Weapon,Reserve Weapon,"{""source_notes"": ""https://www.shadowera.com/cards.php""}",shadow-era_call-of-the-crystals_reserve-weapon
44d2e426-c437-4a89-8268-60c3699a6572,item,1,0,"{""obverse"": ""shadow-era_call-of-the-crystals_war-banner"", ""reverse"": ""shadow-era_card-back""}","{""name_printed"": ""War Banner"", ""number"": ""63"", ""type"": ""Item"", ""Class"": ""Warrior"", ""subtype"": ""Artifact"", ""cost"": ""3"", ""rule_text"": ""Friendly allies have +1 attack. When War Banner is summoned while you control no allies, draw a card."", ""item_dimensions"": ""{\u0022height\u0022: \u00223.5\u0022, \u0022width\u0022: \u00222.5\u0022, \u0022unit\u0022: \u0022inch\u0022}""}",d8327757-6eec-4e1a-b7dc-7fb962f9b10c,d4039eda-661c-4085-8257-fb531ec61436,War Banner,War Banner,"{""source_notes"": ""https://www.shadowera.com/cards.php""}",shadow-era_call-of-the-crystals_war-banner
db54e80c-a22e-4de4-9a8a-06783dea5b26,item,1,0,"{""obverse"": ""shadow-era_call-of-the-crystals_smashing-blow"", ""reverse"": ""shadow-era_card-back""}","{""name_printed"": ""Smashing Blow"", ""number"": ""64"", ""type"": ""Ability"", ""Class"": ""Warrior"", ""cost"": ""3"", ""rule_text"": ""Target enemy weapon or armor is destroyed."", ""item_dimensions"": ""{\u0022height\u0022: \u00223.5\u0022, \u0022width\u0022: \u00222.5\u0022, \u0022unit\u0022: \u0022inch\u0022}""}",d8327757-6eec-4e1a-b7dc-7fb962f9b10c,d4039eda-661c-4085-8257-fb531ec61436,Smashing Blow,Smashing Blow,"{""source_notes"": ""https://www.shadowera.com/cards.php""}",shadow-era_call-of-the-crystals_smashing-blow
6fd2bf1b-bb80-4949-a1c3-3aa5edb78b77,item,1,0,"{""obverse"": ""shadow-era_call-of-the-crystals_enrage"", ""reverse"": ""shadow-era_card-back""}","{""name_printed"": ""Enrage"", ""number"": ""65"", ""type"": ""Ability"", ""Class"": ""Warrior"", ""subtype"": ""Attachment"", ""cost"": ""4"", ""rule_text"": ""Attach to your hero. Your hero has +10 health."", ""item_dimensions"": ""{\u0022height\u0022: \u00223.5\u0022, \u0022width\u0022: \u00222.5\u0022, \u0022unit\u0022: \u0022inch\u0022}""}",d8327757-6eec-4e1a-b7dc-7fb962f9b10c,d4039eda-661c-4085-8257-fb531ec61436,Enrage,Enrage,"{""source_notes"": ""https://www.shadowera.com/cards.php""}",shadow-era_call-of-the-crystals_enrage
f3c5e32f-0579-44f9-8051-6aecfe35e88b,item,1,0,"{""obverse"": ""shadow-era_call-of-the-crystals_warrior-training"", ""reverse"": ""shadow-era_card-back""}","{""name_printed"": ""Warrior Training"", ""number"": ""66"", ""type"": ""Ability"", ""Class"": ""Warrior"", ""subtype"": ""Attachment"", ""cost"": ""2"", ""rule_text"": ""Attach to target friendly ally. That ally has protector (allies without protector can't be targeted), +1 attack and +1 health."", ""item_dimensions"": ""{\u0022height\u0022: \u00223.5\u0022, \u0022width\u0022: \u00222.5\u0022, \u0022unit\u0022: \u0022inch\u0022}""}",d8327757-6eec-4e1a-b7dc-7fb962f9b10c,d4039eda-661c-4085-8257-fb531ec61436,Warrior Training,Warrior Training,"{""source_notes"": ""https://www.shadowera.com/cards.php""}",shadow-era_call-of-the-crystals_warrior-training
8f01c29f-159b-470d-9a6a-4ed89e956500,item,1,0,"{""obverse"": ""shadow-era_call-of-the-crystals_crippling-blow"", ""reverse"": ""shadow-era_card-back""}","{""name_printed"": ""Crippling Blow"", ""number"": ""67"", ""type"": ""Ability"", ""Class"": ""Warrior"", ""subtype"": ""Attachment"", ""cost"": ""2"", ""rule_text"": ""Attach to target opposing ally. That ally has a maximum attack of 0."", ""item_dimensions"": ""{\u0022height\u0022: \u00223.5\u0022, \u0022width\u0022: \u00222.5\u0022, \u0022unit\u0022: \u0022inch\u0022}""}",d8327757-6eec-4e1a-b7dc-7fb962f9b10c,d4039eda-661c-4085-8257-fb531ec61436,Crippling Blow,Crippling Blow,"{""source_notes"": ""https://www.shadowera.com/cards.php""}",shadow-era_call-of-the-crystals_crippling-blow
f090ac94-61a1-4e0d-b728-addb70b0b8c0,item,1,0,"{""obverse"": ""shadow-era_call-of-the-crystals_rampage"", ""reverse"": ""shadow-era_card-back""}","{""name_printed"": ""Rampage"", ""rarity"": ""U"", ""number"": ""68"", ""type"": ""Ability"", ""Class"": ""Warrior"", ""subtype"": ""Attachment"", ""cost"": ""4"", ""rule_text"": ""Attach to your hero. When an opposing ally is killed, your hero heals 2 damage. When 12 or more damage has been healed this way, Rampage is destroyed."", ""item_dimensions"": ""{\u0022height\u0022: \u00223.5\u0022, \u0022width\u0022: \u00222.5\u0022, \u0022unit\u0022: \u0022inch\u0022}""}",d8327757-6eec-4e1a-b7dc-7fb962f9b10c,d4039eda-661c-4085-8257-fb531ec61436,Rampage,Rampage,"{""source_notes"": ""https://www.shadowera.com/cards.php""}",shadow-era_call-of-the-crystals_rampage
6ca2a6fe-2138-4f75-8d29-0fd3861ee7b7,item,1,0,"{""obverse"": ""shadow-era_call-of-the-crystals_shield-bash"", ""reverse"": ""shadow-era_card-back""}","{""name_printed"": ""Shield Bash"", ""number"": ""69"", ""type"": ""Ability"", ""Class"": ""Warrior"", ""cost"": ""3"", ""rule_text"": ""Target opposing ally takes 3 damage or 5 damage if you control an armor."", ""item_dimensions"": ""{\u0022height\u0022: \u00223.5\u0022, \u0022width\u0022: \u00222.5\u0022, \u0022unit\u0022: \u0022inch\u0022}""}",d8327757-6eec-4e1a-b7dc-7fb962f9b10c,d4039eda-661c-4085-8257-fb531ec61436,Shield Bash,Shield Bash,"{""source_notes"": ""https://www.shadowera.com/cards.php""}",shadow-era_call-of-the-crystals_shield-bash
ccef283f-6301-4e69-ae4c-53757af10f7b,item,1,0,"{""obverse"": ""shadow-era_call-of-the-crystals_blood-frenzy"", ""reverse"": ""shadow-era_card-back""}","{""name_printed"": ""Blood Frenzy"", ""number"": ""70"", ""type"": ""Ability"", ""Class"": ""Warrior"", ""subtype"": ""Attachment"", ""cost"": ""3"", ""rule_text"": ""Attach to your hero. At the start of each of your turns, your hero takes 1 damage and you draw a card."", ""item_dimensions"": ""{\u0022height\u0022: \u00223.5\u0022, \u0022width\u0022: \u00222.5\u0022, \u0022unit\u0022: \u0022inch\u0022}""}",d8327757-6eec-4e1a-b7dc-7fb962f9b10c,d4039eda-661c-4085-8257-fb531ec61436,Blood Frenzy,Blood Frenzy,"{""source_notes"": ""https://www.shadowera.com/cards.php""}",shadow-era_call-of-the-crystals_blood-frenzy
5699adff-8dc1-4c8b-971a-4c70544ba610,item,1,0,"{""obverse"": ""shadow-era_call-of-the-crystals_fireball"", ""reverse"": ""shadow-era_card-back""}","{""name_printed"": ""Fireball"", ""number"": ""71"", ""type"": ""Ability"", ""Class"": ""Mage"", ""cost"": ""3"", ""rule_text"": ""Target opposing hero or ally takes 4 fire damage."", ""item_dimensions"": ""{\u0022height\u0022: \u00223.5\u0022, \u0022width\u0022: \u00222.5\u0022, \u0022unit\u0022: \u0022inch\u0022}""}",d8327757-6eec-4e1a-b7dc-7fb962f9b10c,d4039eda-661c-4085-8257-fb531ec61436,Fireball,Fireball,"{""source_notes"": ""https://www.shadowera.com/cards.php""}",shadow-era_call-of-the-crystals_fireball
ec1451e9-1c6e-490d-984f-e63def214479,item,1,0,"{""obverse"": ""shadow-era_call-of-the-crystals_freezing-grip"", ""reverse"": ""shadow-era_card-back""}","{""name_printed"": ""Freezing Grip"", ""number"": ""72"", ""type"": ""Ability"", ""Class"": ""Mage"", ""cost"": ""3"", ""rule_text"": ""Target opposing ally is frozen for 3 turns and takes 5 ice damage if it was already frozen."", ""item_dimensions"": ""{\u0022height\u0022: \u00223.5\u0022, \u0022width\u0022: \u00222.5\u0022, \u0022unit\u0022: \u0022inch\u0022}""}",d8327757-6eec-4e1a-b7dc-7fb962f9b10c,d4039eda-661c-4085-8257-fb531ec61436,Freezing Grip,Freezing Grip,"{""source_notes"": ""https://www.shadowera.com/cards.php""}",shadow-era_call-of-the-crystals_freezing-grip
77bc4da0-383a-4056-b5e7-aee147d4327e,item,1,0,"{""obverse"": ""shadow-era_call-of-the-crystals_poison-gas"", ""reverse"": ""shadow-era_card-back""}","{""name_printed"": ""Poison Gas"", ""number"": ""73"", ""type"": ""Ability"", ""Class"": ""Mage"", ""cost"": ""4"", ""rule_text"": ""Target opposing hero or ally is poisoned (it takes 1 poison damage at the start of each of its controller's turns)."", ""item_dimensions"": ""{\u0022height\u0022: \u00223.5\u0022, \u0022width\u0022: \u00222.5\u0022, \u0022unit\u0022: \u0022inch\u0022}""}",d8327757-6eec-4e1a-b7dc-7fb962f9b10c,d4039eda-661c-4085-8257-fb531ec61436,Poison Gas,Poison Gas,"{""source_notes"": ""https://www.shadowera.com/cards.php""}",shadow-era_call-of-the-crystals_poison-gas
71e80461-dd71-41d3-970a-24b7fb9039f0,item,1,0,"{""obverse"": ""shadow-era_call-of-the-crystals_lightning-strike"", ""reverse"": ""shadow-era_card-back""}","{""name_printed"": ""Lightning Strike"", ""number"": ""74"", ""type"": ""Ability"", ""Class"": ""Mage"", ""cost"": ""4"", ""rule_text"": ""Up to 2 different target opposing heroes or allies take 3 electrical damage."", ""item_dimensions"": ""{\u0022height\u0022: \u00223.5\u0022, \u0022width\u0022: \u00222.5\u0022, \u0022unit\u0022: \u0022inch\u0022}""}",d8327757-6eec-4e1a-b7dc-7fb962f9b10c,d4039eda-661c-4085-8257-fb531ec61436,Lightning Strike,Lightning Strike,"{""source_notes"": ""https://www.shadowera.com/cards.php""}",shadow-era_call-of-the-crystals_lightning-strike
228321b7-9deb-4110-bcc8-2e81b5fa14f2,item,1,0,"{""obverse"": ""shadow-era_call-of-the-crystals_engulfing-flames"", ""reverse"": ""shadow-era_card-back""}","{""name_printed"": ""Engulfing Flames"", ""number"": ""75"", ""type"": ""Ability"", ""Class"": ""Mage"", ""cost"": ""4"", ""rule_text"": ""Target opposing hero or ally is set ablaze (it takes 1 fire damage at the start of each of its controller's turns)."", ""item_dimensions"": ""{\u0022height\u0022: \u00223.5\u0022, \u0022width\u0022: \u00222.5\u0022, \u0022unit\u0022: \u0022inch\u0022}""}",d8327757-6eec-4e1a-b7dc-7fb962f9b10c,d4039eda-661c-4085-8257-fb531ec61436,Engulfing Flames,Engulfing Flames,"{""source_notes"": ""https://www.shadowera.com/cards.php""}",shadow-era_call-of-the-crystals_engulfing-flames
1edffa17-aa6d-4964-93be-d1a352b59ba9,item,1,0,"{""obverse"": ""shadow-era_call-of-the-crystals_tome-of-knowledge"", ""reverse"": ""shadow-era_card-back""}","{""name_printed"": ""Tome of Knowledge"", ""number"": ""76"", ""type"": ""Item"", ""Class"": ""Mage"", ""subtype"": ""Artifact"", ""cost"": ""1"", ""rule_text"": ""2: Draw a card."", ""item_dimensions"": ""{\u0022height\u0022: \u00223.5\u0022, \u0022width\u0022: \u00222.5\u0022, \u0022unit\u0022: \u0022inch\u0022}""}",d8327757-6eec-4e1a-b7dc-7fb962f9b10c,d4039eda-661c-4085-8257-fb531ec61436,Tome of Knowledge,Tome of Knowledge,"{""source_notes"": ""https://www.shadowera.com/cards.php""}",shadow-era_call-of-the-crystals_tome-of-knowledge
71817632-7d71-4c43-8cfc-41d94db05abe,first-party-document,0,0,"{""obverse"": ""shadow-era_call-of-the-crystals_portal"", ""reverse"": ""shadow-era_card-back""}","{""name_printed"": ""Portal"", ""rarity"": ""U"", ""number"": ""77"", ""type"": ""Ability"", ""Class"": ""Mage"", ""subtype"": ""Support"", ""cost"": ""4"", ""rule_text"": ""Duration 3. Allies you summon have haste (they can attack and use abilities in the turn they are summoned)."", ""item_dimensions"": ""{\u0022height\u0022: \u00223.5\u0022, \u0022width\u0022: \u00222.5\u0022, \u0022unit\u0022: \u0022inch\u0022}""}",d8327757-6eec-4e1a-b7dc-7fb962f9b10c,d4039eda-661c-4085-8257-fb531ec61436,Portal,Portal,"{""source_notes"": ""https://www.shadowera.com/cards.php""}",shadow-era_call-of-the-crystals_portal
48ba8578-a719-4380-8b82-4a5066231670,first-party-document,0,0,"{""obverse"": ""shadow-era_call-of-the-crystals_supernova"", ""reverse"": ""shadow-era_card-back""}","{""name_printed"": ""Supernova"", ""rarity"": ""U"", ""number"": ""78"", ""type"": ""Ability"", ""Class"": ""Mage"", ""cost"": ""5"", ""rule_text"": ""All heroes and allies take 5 fire damage."", ""item_dimensions"": ""{\u0022height\u0022: \u00223.5\u0022, \u0022width\u0022: \u00222.5\u0022, \u0022unit\u0022: \u0022inch\u0022}""}",d8327757-6eec-4e1a-b7dc-7fb962f9b10c,d4039eda-661c-4085-8257-fb531ec61436,Supernova,Supernova,"{""source_notes"": ""https://www.shadowera.com/cards.php""}",shadow-era_call-of-the-crystals_supernova
15a1aa2b-d5e4-44c5-ab94-b55a0853e190,item,1,0,"{""obverse"": ""shadow-era_call-of-the-crystals_arcane-burst"", ""reverse"": ""shadow-era_card-back""}","{""name_printed"": ""Arcane Burst"", ""number"": ""79"", ""type"": ""Ability"", ""Class"": ""Mage"", ""cost"": ""4"", ""rule_text"": ""Up to 4 different target opposing heroes or allies take 2 arcane damage."", ""item_dimensions"": ""{\u0022height\u0022: \u00223.5\u0022, \u0022width\u0022: \u00222.5\u0022, \u0022unit\u0022: \u0022inch\u0022}""}",d8327757-6eec-4e1a-b7dc-7fb962f9b10c,d4039eda-661c-4085-8257-fb531ec61436,Arcane Burst,Arcane Burst,"{""source_notes"": ""https://www.shadowera.com/cards.php""}",shadow-era_call-of-the-crystals_arcane-burst
30e5317f-bcc5-4783-aca7-d4dc64e1ea99,item,1,0,"{""obverse"": ""shadow-era_call-of-the-crystals_clinging-webs"", ""reverse"": ""shadow-era_card-back""}","{""name_printed"": ""Clinging Webs"", ""number"": ""80"", ""type"": ""Ability"", ""Class"": ""Mage"", ""cost"": ""2"", ""rule_text"": ""Target opposing ally is disabled (it can't attack, defend or use abilities) for 2 turns."", ""item_dimensions"": ""{\u0022height\u0022: \u00223.5\u0022, \u0022width\u0022: \u00222.5\u0022, \u0022unit\u0022: \u0022inch\u0022}""}",d8327757-6eec-4e1a-b7dc-7fb962f9b10c,d4039eda-661c-4085-8257-fb531ec61436,Clinging Webs,Clinging Webs,"{""source_notes"": ""https://www.shadowera.com/cards.php""}",shadow-era_call-of-the-crystals_clinging-webs
141e2387-66fa-4b40-9305-db2f9f1bb453,item,1,0,"{""obverse"": ""shadow-era_call-of-the-crystals_aimed-shot"", ""reverse"": ""shadow-era_card-back""}","{""name_printed"": ""Aimed Shot"", ""number"": ""81"", ""type"": ""Ability"", ""Class"": ""Hunter"", ""subtype"": ""Attachment"", ""cost"": ""2"", ""rule_text"": ""Attach to target bow you control. That bow has +1 attack and your hero has ambush."", ""item_dimensions"": ""{\u0022height\u0022: \u00223.5\u0022, \u0022width\u0022: \u00222.5\u0022, \u0022unit\u0022: \u0022inch\u0022}""}",d8327757-6eec-4e1a-b7dc-7fb962f9b10c,d4039eda-661c-4085-8257-fb531ec61436,Aimed Shot,Aimed Shot,"{""source_notes"": ""https://www.shadowera.com/cards.php""}",shadow-era_call-of-the-crystals_aimed-shot
bceb5345-d101-4a34-9aef-613b0b689503,item,1,0,"{""obverse"": ""shadow-era_call-of-the-crystals_poison-arrow"", ""reverse"": ""shadow-era_card-back""}","{""name_printed"": ""Poison Arrow"", ""number"": ""82"", ""type"": ""Ability"", ""Class"": ""Hunter"", ""cost"": ""2"", ""rule_text"": ""Target opposing ally is poisoned and is disabled for 1 turn."", ""item_dimensions"": ""{\u0022height\u0022: \u00223.5\u0022, \u0022width\u0022: \u00222.5\u0022, \u0022unit\u0022: \u0022inch\u0022}""}",d8327757-6eec-4e1a-b7dc-7fb962f9b10c,d4039eda-661c-4085-8257-fb531ec61436,Poison Arrow,Poison Arrow,"{""source_notes"": ""https://www.shadowera.com/cards.php""}",shadow-era_call-of-the-crystals_poison-arrow
03a11a20-b38c-4e12-8a49-d5e78483b154,item,1,0,"{""obverse"": ""shadow-era_call-of-the-crystals_flaming-arrow"", ""reverse"": ""shadow-era_card-back""}","{""name_printed"": ""Flaming Arrow"", ""number"": ""83"", ""type"": ""Ability"", ""Class"": ""Hunter"", ""cost"": ""3"", ""rule_text"": ""Target opposing ally takes 2 fire damage that can't be reduced by ally or armor abilities, and is set ablaze."", ""item_dimensions"": ""{\u0022height\u0022: \u00223.5\u0022, \u0022width\u0022: \u00222.5\u0022, \u0022unit\u0022: \u0022inch\u0022}""}",d8327757-6eec-4e1a-b7dc-7fb962f9b10c,d4039eda-661c-4085-8257-fb531ec61436,Flaming Arrow,Flaming Arrow,"{""source_notes"": ""https://www.shadowera.com/cards.php""}",shadow-era_call-of-the-crystals_flaming-arrow
771935ae-cb36-4305-ad43-698209066843,item,1,0,"{""obverse"": ""shadow-era_call-of-the-crystals_rapid-fire"", ""reverse"": ""shadow-era_card-back""}","{""name_printed"": ""Rapid Fire"", ""rarity"": ""U"", ""number"": ""84"", ""type"": ""Ability"", ""Class"": ""Hunter"", ""subtype"": ""Attachment"", ""cost"": ""5"", ""rule_text"": ""Attach to your hero. Your hero may attack 2 times on each of your turns."", ""item_dimensions"": ""{\u0022height\u0022: \u00223.5\u0022, \u0022width\u0022: \u00222.5\u0022, \u0022unit\u0022: \u0022inch\u0022}""}",d8327757-6eec-4e1a-b7dc-7fb962f9b10c,d4039eda-661c-4085-8257-fb531ec61436,Rapid Fire,Rapid Fire,"{""source_notes"": ""https://www.shadowera.com/cards.php""}",shadow-era_call-of-the-crystals_rapid-fire
e4f3b295-89ff-4d81-bda4-864d530a44c2,item,1,0,"{""obverse"": ""shadow-era_call-of-the-crystals_death-trap"", ""reverse"": ""shadow-era_card-back""}","{""name_printed"": ""Death Trap"", ""rarity"": ""U"", ""number"": ""85"", ""type"": ""Item"", ""Class"": ""Hunter"", ""subtype"": ""Trap"", ""cost"": ""3"", ""rule_text"": ""Play face down. The next opposing ally to be summoned is killed."", ""item_dimensions"": ""{\u0022height\u0022: \u00223.5\u0022, \u0022width\u0022: \u00222.5\u0022, \u0022unit\u0022: \u0022inch\u0022}""}",d8327757-6eec-4e1a-b7dc-7fb962f9b10c,d4039eda-661c-4085-8257-fb531ec61436,Death Trap,Death Trap,"{""source_notes"": ""https://www.shadowera.com/cards.php""}",shadow-era_call-of-the-crystals_death-trap
160d4c62-8b29-45ea-8689-0b959af37a37,item,1,0,"{""obverse"": ""shadow-era_call-of-the-crystals_into-the-forest"", ""reverse"": ""shadow-era_card-back""}","{""name_printed"": ""Into the Forest"", ""number"": ""86"", ""type"": ""Ability"", ""Class"": ""Hunter"", ""subtype"": ""Attachment"", ""cost"": ""1"", ""rule_text"": ""Attach to target friendly ally until the start of your next turn. That ally has stealth and ambush, and +1 attack if it is the only ally you control."", ""item_dimensions"": ""{\u0022height\u0022: \u00223.5\u0022, \u0022width\u0022: \u00222.5\u0022, \u0022unit\u0022: \u0022inch\u0022}""}",d8327757-6eec-4e1a-b7dc-7fb962f9b10c,d4039eda-661c-4085-8257-fb531ec61436,Into the Forest,Into the Forest,"{""source_notes"": ""https://www.shadowera.com/cards.php""}",shadow-era_call-of-the-crystals_into-the-forest
e4d368b2-db49-4f67-84c5-5b8cabd8a7af,item,1,0,"{""obverse"": ""shadow-era_call-of-the-crystals_battle-plans"", ""reverse"": ""shadow-era_card-back""}","{""name_printed"": ""Battle Plans"", ""number"": ""87"", ""type"": ""Item"", ""Class"": ""Hunter"", ""subtype"": ""Artifact"", ""cost"": ""1"", ""rule_text"": ""You can view the top card of your deck. 1: Move the top card of your deck to the bottom."", ""item_dimensions"": ""{\u0022height\u0022: \u00223.5\u0022, \u0022width\u0022: \u00222.5\u0022, \u0022unit\u0022: \u0022inch\u0022}""}",d8327757-6eec-4e1a-b7dc-7fb962f9b10c,d4039eda-661c-4085-8257-fb531ec61436,Battle Plans,Battle Plans,"{""source_notes"": ""https://www.shadowera.com/cards.php""}",shadow-era_call-of-the-crystals_battle-plans
a65545d7-e62c-4d01-b8d0-c8c165a81585,item,1,0,"{""obverse"": ""shadow-era_call-of-the-crystals_surprise-attack"", ""reverse"": ""shadow-era_card-back""}","{""name_printed"": ""Surprise Attack"", ""number"": ""88"", ""type"": ""Ability"", ""Class"": ""Hunter"", ""subtype"": ""Attachment"", ""cost"": ""2"", ""rule_text"": ""Attach to target friendly ally. That ally has ambush. When that ally deals combat damage, draw a card."", ""item_dimensions"": ""{\u0022height\u0022: \u00223.5\u0022, \u0022width\u0022: \u00222.5\u0022, \u0022unit\u0022: \u0022inch\u0022}""}",d8327757-6eec-4e1a-b7dc-7fb962f9b10c,d4039eda-661c-4085-8257-fb531ec61436,Surprise Attack,Surprise Attack,"{""source_notes"": ""https://www.shadowera.com/cards.php""}",shadow-era_call-of-the-crystals_surprise-attack
5b8b23e3-06b8-4765-893e-3444d24f3045,item,1,0,"{""obverse"": ""shadow-era_call-of-the-crystals_net-trap"", ""reverse"": ""shadow-era_card-back""}","{""name_printed"": ""Net Trap"", ""number"": ""89"", ""type"": ""Item"", ""Class"": ""Hunter"", ""subtype"": ""Trap"", ""cost"": ""2"", ""rule_text"": ""Play face down. The next opposing ally to be summoned is disabled (it can't attack, defend or use abilities) for 3 turns."", ""item_dimensions"": ""{\u0022height\u0022: \u00223.5\u0022, \u0022width\u0022: \u00222.5\u0022, \u0022unit\u0022: \u0022inch\u0022}""}",d8327757-6eec-4e1a-b7dc-7fb962f9b10c,d4039eda-661c-4085-8257-fb531ec61436,Net Trap,Net Trap,"{""source_notes"": ""https://www.shadowera.com/cards.php""}",shadow-era_call-of-the-crystals_net-trap
fc006bd4-a59a-4f7a-a601-fa92a90e0325,item,1,0,"{""obverse"": ""shadow-era_call-of-the-crystals_tracking-gear"", ""reverse"": ""shadow-era_card-back""}","{""name_printed"": ""Tracking Gear"", ""number"": ""90"", ""type"": ""Item"", ""Class"": ""Hunter"", ""subtype"": ""Artifact"", ""cost"": ""2"", ""rule_text"": ""You can view the hands of opposing players. Traps with cost 3 cost you 1 less resource to summon."", ""item_dimensions"": ""{\u0022height\u0022: \u00223.5\u0022, \u0022width\u0022: \u00222.5\u0022, \u0022unit\u0022: \u0022inch\u0022}""}",d8327757-6eec-4e1a-b7dc-7fb962f9b10c,d4039eda-661c-4085-8257-fb531ec61436,Tracking Gear,Tracking Gear,"{""source_notes"": ""https://www.shadowera.com/cards.php""}",shadow-era_call-of-the-crystals_tracking-gear
7a2703c0-0b12-4afb-829b-b5bc13ff3a6d,item,1,0,"{""obverse"": ""shadow-era_call-of-the-crystals_healing-touch"", ""reverse"": ""shadow-era_card-back""}","{""name_printed"": ""Healing Touch"", ""number"": ""91"", ""type"": ""Ability"", ""Class"": ""Priest"", ""cost"": ""3"", ""rule_text"": ""Target friendly hero or ally heals 4 damage and has all enemy attachments and negative effects removed."", ""item_dimensions"": ""{\u0022height\u0022: \u00223.5\u0022, \u0022width\u0022: \u00222.5\u0022, \u0022unit\u0022: \u0022inch\u0022}""}",d8327757-6eec-4e1a-b7dc-7fb962f9b10c,d4039eda-661c-4085-8257-fb531ec61436,Healing Touch,Healing Touch,"{""source_notes"": ""https://www.shadowera.com/cards.php""}",shadow-era_call-of-the-crystals_healing-touch
e54ce847-8460-45e2-9cb0-c430b0a69a96,item,1,0,"{""obverse"": ""shadow-era_call-of-the-crystals_inner-strength"", ""reverse"": ""shadow-era_card-back""}","{""name_printed"": ""Inner Strength"", ""number"": ""92"", ""type"": ""Ability"", ""Class"": ""Priest"", ""subtype"": ""Attachment"", ""cost"": ""2"", ""rule_text"": ""Attach to target friendly ally. That ally has +2 attack and +1 health."", ""item_dimensions"": ""{\u0022height\u0022: \u00223.5\u0022, \u0022width\u0022: \u00222.5\u0022, \u0022unit\u0022: \u0022inch\u0022}""}",d8327757-6eec-4e1a-b7dc-7fb962f9b10c,d4039eda-661c-4085-8257-fb531ec61436,Inner Strength,Inner Strength,"{""source_notes"": ""https://www.shadowera.com/cards.php""}",shadow-era_call-of-the-crystals_inner-strength
d9ff7ba8-d1c7-4abc-bdea-5635066fc249,item,1,0,"{""obverse"": ""shadow-era_call-of-the-crystals_tidal-wave"", ""reverse"": ""shadow-era_card-back""}","{""name_printed"": ""Tidal Wave"", ""rarity"": ""U"", ""number"": ""93"", ""type"": ""Ability"", ""Class"": ""Priest"", ""cost"": ""5"", ""rule_text"": ""All allies are killed."", ""item_dimensions"": ""{\u0022height\u0022: \u00223.5\u0022, \u0022width\u0022: \u00222.5\u0022, \u0022unit\u0022: \u0022inch\u0022}""}",d8327757-6eec-4e1a-b7dc-7fb962f9b10c,d4039eda-661c-4085-8257-fb531ec61436,Tidal Wave,Tidal Wave,"{""source_notes"": ""https://www.shadowera.com/cards.php""}",shadow-era_call-of-the-crystals_tidal-wave
bc99d2f4-c41d-4155-aa96-651abd613a7a,item,1,0,"{""obverse"": ""shadow-era_call-of-the-crystals_ice-storm"", ""reverse"": ""shadow-era_card-back""}","{""name_printed"": ""Ice Storm"", ""number"": ""94"", ""type"": ""Ability"", ""Class"": ""Priest"", ""cost"": ""3"", ""rule_text"": ""All opposing allies take 2 ice damage."", ""item_dimensions"": ""{\u0022height\u0022: \u00223.5\u0022, \u0022width\u0022: \u00222.5\u0022, \u0022unit\u0022: \u0022inch\u0022}""}",d8327757-6eec-4e1a-b7dc-7fb962f9b10c,d4039eda-661c-4085-8257-fb531ec61436,Ice Storm,Ice Storm,"{""source_notes"": ""https://www.shadowera.com/cards.php""}",shadow-era_call-of-the-crystals_ice-storm
00db97e6-100c-416e-a628-9e907812dc6e,item,1,0,"{""obverse"": ""shadow-era_call-of-the-crystals_focused-prayer"", ""reverse"": ""shadow-era_card-back""}","{""name_printed"": ""Focused Prayer"", ""number"": ""95"", ""type"": ""Ability"", ""Class"": ""Priest"", ""cost"": ""3"", ""rule_text"": ""Target enemy item or support ability is destroyed."", ""item_dimensions"": ""{\u0022height\u0022: \u00223.5\u0022, \u0022width\u0022: \u00222.5\u0022, \u0022unit\u0022: \u0022inch\u0022}""}",d8327757-6eec-4e1a-b7dc-7fb962f9b10c,d4039eda-661c-4085-8257-fb531ec61436,Focused Prayer,Focused Prayer,"{""source_notes"": ""https://www.shadowera.com/cards.php""}",shadow-era_call-of-the-crystals_focused-prayer
5286d213-2685-4ca2-8439-9e126bdf7def,item,1,0,"{""obverse"": ""shadow-era_call-of-the-crystals_resurrection"", ""reverse"": ""shadow-era_card-back""}","{""name_printed"": ""Resurrection"", ""number"": ""96"", ""type"": ""Ability"", ""Class"": ""Priest"", ""cost"": ""3"", ""rule_text"": ""All allies in your graveyard are returned to the top of your deck."", ""item_dimensions"": ""{\u0022height\u0022: \u00223.5\u0022, \u0022width\u0022: \u00222.5\u0022, \u0022unit\u0022: \u0022inch\u0022}""}",d8327757-6eec-4e1a-b7dc-7fb962f9b10c,d4039eda-661c-4085-8257-fb531ec61436,Resurrection,Resurrection,"{""source_notes"": ""https://www.shadowera.com/cards.php""}",shadow-era_call-of-the-crystals_resurrection
c61d6835-ad3d-44e6-9515-fc9ce0915124,item,1,0,"{""obverse"": ""shadow-era_call-of-the-crystals_holy-shield"", ""reverse"": ""shadow-era_card-back""}","{""name_printed"": ""Holy Shield"", ""number"": ""97"", ""type"": ""Ability"", ""Class"": ""Priest"", ""subtype"": ""Attachment"", ""cost"": ""2"", ""rule_text"": ""Attach to target friendly hero or ally. When that hero or ally is dealt damage, that damage is reduced to 0 and Holy Shield is destroyed."", ""item_dimensions"": ""{\u0022height\u0022: \u00223.5\u0022, \u0022width\u0022: \u00222.5\u0022, \u0022unit\u0022: \u0022inch\u0022}""}",d8327757-6eec-4e1a-b7dc-7fb962f9b10c,d4039eda-661c-4085-8257-fb531ec61436,Holy Shield,Holy Shield,"{""source_notes"": ""https://www.shadowera.com/cards.php""}",shadow-era_call-of-the-crystals_holy-shield
58545b85-087f-4eb4-bf06-190df1814fd8,item,1,0,"{""obverse"": ""shadow-era_call-of-the-crystals_plague"", ""reverse"": ""shadow-era_card-back""}","{""name_printed"": ""Plague"", ""rarity"": ""U"", ""number"": ""98"", ""type"": ""Ability"", ""Class"": ""Priest"", ""cost"": ""4"", ""rule_text"": ""Target opposing player removes 2 resources from play, leaving a minimum of 2. Remove one of your resources from play."", ""item_dimensions"": ""{\u0022height\u0022: \u00223.5\u0022, \u0022width\u0022: \u00222.5\u0022, \u0022unit\u0022: \u0022inch\u0022}""}",d8327757-6eec-4e1a-b7dc-7fb962f9b10c,d4039eda-661c-4085-8257-fb531ec61436,Plague,Plague,"{""source_notes"": ""https://www.shadowera.com/cards.php""}",shadow-era_call-of-the-crystals_plague
a0b8d8a3-c8cd-49dc-97eb-13095c34c54c,item,1,0,"{""obverse"": ""shadow-era_call-of-the-crystals_smite"", ""reverse"": ""shadow-era_card-back""}","{""name_printed"": ""Smite"", ""number"": ""99"", ""type"": ""Ability"", ""Class"": ""Priest"", ""cost"": ""3"", ""rule_text"": ""Target opposing hero or ally takes 3 arcane damage."", ""item_dimensions"": ""{\u0022height\u0022: \u00223.5\u0022, \u0022width\u0022: \u00222.5\u0022, \u0022unit\u0022: \u0022inch\u0022}""}",d8327757-6eec-4e1a-b7dc-7fb962f9b10c,d4039eda-661c-4085-8257-fb531ec61436,Smite,Smite,"{""source_notes"": ""https://www.shadowera.com/cards.php""}",shadow-era_call-of-the-crystals_smite
8480b044-95c6-4bd3-8f4a-03fc44b15dbf,item,1,0,"{""obverse"": ""shadow-era_call-of-the-crystals_book-of-curses"", ""reverse"": ""shadow-era_card-back""}","{""name_printed"": ""Book of Curses"", ""number"": ""100"", ""type"": ""Item"", ""Class"": ""Priest"", ""subtype"": ""Artifact"", ""cost"": ""3"", ""rule_text"": ""Opposing allies have -1 attack."", ""item_dimensions"": ""{\u0022height\u0022: \u00223.5\u0022, \u0022width\u0022: \u00222.5\u0022, \u0022unit\u0022: \u0022inch\u0022}""}",d8327757-6eec-4e1a-b7dc-7fb962f9b10c,d4039eda-661c-4085-8257-fb531ec61436,Book of Curses,Book of Curses,"{""source_notes"": ""https://www.shadowera.com/cards.php""}",shadow-era_call-of-the-crystals_book-of-curses
0e56d069-3500-4a15-816b-a860a98fc106,item,1,0,"{""obverse"": ""shadow-era_call-of-the-crystals_assassination"", ""reverse"": ""shadow-era_card-back""}","{""name_printed"": ""Assassination"", ""number"": ""101"", ""type"": ""Ability"", ""Class"": ""Rogue"", ""cost"": ""3"", ""rule_text"": ""Target friendly ally that is not exhausted, disabled or frozen kills target opposing ally and is then exhausted."", ""item_dimensions"": ""{\u0022height\u0022: \u00223.5\u0022, \u0022width\u0022: \u00222.5\u0022, \u0022unit\u0022: \u0022inch\u0022}""}",d8327757-6eec-4e1a-b7dc-7fb962f9b10c,d4039eda-661c-4085-8257-fb531ec61436,Assassination,Assassination,"{""source_notes"": ""https://www.shadowera.com/cards.php""}",shadow-era_call-of-the-crystals_assassination
47781ec7-988a-43c9-9a81-3d4aa3ce7848,item,1,0,"{""obverse"": ""shadow-era_call-of-the-crystals_reconnaissance"", ""reverse"": ""shadow-era_card-back""}","{""name_printed"": ""Reconnaissance"", ""number"": ""102"", ""type"": ""Ability"", ""Class"": ""Rogue"", ""subtype"": ""Support"", ""cost"": ""2"", ""rule_text"": ""Look at target opponent's hand. Draw a card. Your allies have +1 attack until the end of your turn."", ""item_dimensions"": ""{\u0022height\u0022: \u00223.5\u0022, \u0022width\u0022: \u00222.5\u0022, \u0022unit\u0022: \u0022inch\u0022}""}",d8327757-6eec-4e1a-b7dc-7fb962f9b10c,d4039eda-661c-4085-8257-fb531ec61436,Reconnaissance,Reconnaissance,"{""source_notes"": ""https://www.shadowera.com/cards.php""}",shadow-era_call-of-the-crystals_reconnaissance
779e4849-50e9-423a-ab43-063180d14f0d,item,1,0,"{""obverse"": ""shadow-era_call-of-the-crystals_throwing-knife"", ""reverse"": ""shadow-era_card-back""}","{""name_printed"": ""Throwing Knife"", ""number"": ""103"", ""type"": ""Item"", ""Class"": ""Rogue"", ""subtype"": ""Weapon"", ""cost"": ""2"", ""attack"": ""2"", ""hp"": ""2"", ""rule_text"": ""Ambush (Attacks by your hero with this weapon can't be defended.)"", ""item_dimensions"": ""{\u0022height\u0022: \u00223.5\u0022, \u0022width\u0022: \u00222.5\u0022, \u0022unit\u0022: \u0022inch\u0022}""}",d8327757-6eec-4e1a-b7dc-7fb962f9b10c,d4039eda-661c-4085-8257-fb531ec61436,Throwing Knife,Throwing Knife,"{""source_notes"": ""https://www.shadowera.com/cards.php""}",shadow-era_call-of-the-crystals_throwing-knife
4580c57d-7bcb-478d-b566-044a17a20f3f,item,1,0,"{""obverse"": ""shadow-era_call-of-the-crystals_sorcerous-poison"", ""reverse"": ""shadow-era_card-back""}","{""name_printed"": ""Sorcerous Poison"", ""number"": ""104"", ""type"": ""Ability"", ""Class"": ""Rogue"", ""subtype"": ""Attachment"", ""cost"": ""2"", ""rule_text"": ""Attach to target weapon you control. Heroes and allies damaged in combat by your hero are poisoned."", ""item_dimensions"": ""{\u0022height\u0022: \u00223.5\u0022, \u0022width\u0022: \u00222.5\u0022, \u0022unit\u0022: \u0022inch\u0022}""}",d8327757-6eec-4e1a-b7dc-7fb962f9b10c,d4039eda-661c-4085-8257-fb531ec61436,Sorcerous Poison,Sorcerous Poison,"{""source_notes"": ""https://www.shadowera.com/cards.php""}",shadow-era_call-of-the-crystals_sorcerous-poison
4e3fd1b4-c1f7-478e-991f-a796048aaf6b,item,1,0,"{""obverse"": ""shadow-era_call-of-the-crystals_stop,-thief!"", ""reverse"": ""shadow-era_card-back""}","{""name_printed"": ""Stop, Thief!"", ""rarity"": ""U"", ""number"": ""105"", ""type"": ""Ability"", ""Class"": ""Rogue"", ""cost"": ""4"", ""rule_text"": ""Target enemy item is destroyed, and Stop, Thief! is placed on top of your resources."", ""item_dimensions"": ""{\u0022height\u0022: \u00223.5\u0022, \u0022width\u0022: \u00222.5\u0022, \u0022unit\u0022: \u0022inch\u0022}""}",d8327757-6eec-4e1a-b7dc-7fb962f9b10c,d4039eda-661c-4085-8257-fb531ec61436,"Stop, Thief!","Stop, Thief!","{""source_notes"": ""https://www.shadowera.com/cards.php""}","shadow-era_call-of-the-crystals_stop,-thief!"
28cf1067-343c-4a23-bb50-93b6993a1594,item,1,0,"{""obverse"": ""shadow-era_call-of-the-crystals_assassin's-cloak"", ""reverse"": ""shadow-era_card-back""}","{""name_printed"": ""Assassin's Cloak"", ""number"": ""106"", ""type"": ""Item"", ""Class"": ""Rogue"", ""subtype"": ""Artifact"", ""cost"": ""2"", ""rule_text"": ""0: Friendly allies have ambush (their attacks can't be defended) until the end of your turn."", ""item_dimensions"": ""{\u0022height\u0022: \u00223.5\u0022, \u0022width\u0022: \u00222.5\u0022, \u0022unit\u0022: \u0022inch\u0022}""}",d8327757-6eec-4e1a-b7dc-7fb962f9b10c,d4039eda-661c-4085-8257-fb531ec61436,Assassin's Cloak,Assassin's Cloak,"{""source_notes"": ""https://www.shadowera.com/cards.php""}",shadow-era_call-of-the-crystals_assassin's-cloak
65ae8d13-6aca-4544-b150-e12fd6fb45ba,item,1,0,"{""obverse"": ""shadow-era_call-of-the-crystals_ill-gotten-gains"", ""reverse"": ""shadow-era_card-back""}","{""name_printed"": ""Ill-Gotten Gains"", ""rarity"": ""U"", ""number"": ""107"", ""type"": ""Item"", ""Class"": ""Rogue"", ""subtype"": ""Artifact"", ""cost"": ""4"", ""rule_text"": ""When an opposing ally is killed or enemy item is destroyed, draw a card."", ""item_dimensions"": ""{\u0022height\u0022: \u00223.5\u0022, \u0022width\u0022: \u00222.5\u0022, \u0022unit\u0022: \u0022inch\u0022}""}",d8327757-6eec-4e1a-b7dc-7fb962f9b10c,d4039eda-661c-4085-8257-fb531ec61436,Ill-Gotten Gains,Ill-Gotten Gains,"{""source_notes"": ""https://www.shadowera.com/cards.php""}",shadow-era_call-of-the-crystals_ill-gotten-gains
e9ae9a68-daaf-4a47-8290-ac1145d4456b,item,1,0,"{""obverse"": ""shadow-era_call-of-the-crystals_lay-low"", ""reverse"": ""shadow-era_card-back""}","{""name_printed"": ""Lay Low"", ""number"": ""108"", ""type"": ""Ability"", ""Class"": ""Rogue"", ""subtype"": ""Support"", ""cost"": ""2"", ""rule_text"": ""Duration 1. Friendly allies have +1 attack, ambush and stealth."", ""item_dimensions"": ""{\u0022height\u0022: \u00223.5\u0022, \u0022width\u0022: \u00222.5\u0022, \u0022unit\u0022: \u0022inch\u0022}""}",d8327757-6eec-4e1a-b7dc-7fb962f9b10c,d4039eda-661c-4085-8257-fb531ec61436,Lay Low,Lay Low,"{""source_notes"": ""https://www.shadowera.com/cards.php""}",shadow-era_call-of-the-crystals_lay-low
e8d4efd8-7255-48c9-8cd4-917f5625b285,item,1,0,"{""obverse"": ""shadow-era_call-of-the-crystals_mugged!"", ""reverse"": ""shadow-era_card-back""}","{""name_printed"": ""Mugged!"", ""number"": ""109"", ""type"": ""Ability"", ""Class"": ""Rogue"", ""cost"": ""2"", ""rule_text"": ""Target opposing ally is disabled (it can't attack, defend or use abilities) for 1 turn. Draw a card."", ""item_dimensions"": ""{\u0022height\u0022: \u00223.5\u0022, \u0022width\u0022: \u00222.5\u0022, \u0022unit\u0022: \u0022inch\u0022}""}",d8327757-6eec-4e1a-b7dc-7fb962f9b10c,d4039eda-661c-4085-8257-fb531ec61436,Mugged!,Mugged!,"{""source_notes"": ""https://www.shadowera.com/cards.php""}",shadow-era_call-of-the-crystals_mugged!
61b49ed7-40a0-4501-8aa6-38d98c439240,item,1,0,"{""obverse"": ""shadow-era_call-of-the-crystals_nightshade"", ""reverse"": ""shadow-era_card-back""}","{""name_printed"": ""Nightshade"", ""number"": ""110"", ""type"": ""Ally"", ""Class"": ""Rogue"", ""cost"": ""2"", ""attack"": ""1"", ""hp"": ""2"", ""rule_text"": ""Ambush (Attacks by this ally can't be defended.) Stealth (This ally can't be attacked.)"", ""item_dimensions"": ""{\u0022height\u0022: \u00223.5\u0022, \u0022width\u0022: \u00222.5\u0022, \u0022unit\u0022: \u0022inch\u0022}""}",d8327757-6eec-4e1a-b7dc-7fb962f9b10c,d4039eda-661c-4085-8257-fb531ec61436,Nightshade,Nightshade,"{""source_notes"": ""https://www.shadowera.com/cards.php""}",shadow-era_call-of-the-crystals_nightshade
7e09efef-3c48-4b39-b1f9-e18dbaa2328e,item,1,0,"{""obverse"": ""shadow-era_call-of-the-crystals_captured-prey"", ""reverse"": ""shadow-era_card-back""}","{""name_printed"": ""Captured Prey"", ""number"": ""111"", ""type"": ""Ability"", ""Class"": ""Wulven"", ""subtype"": ""Attachment"", ""cost"": ""3"", ""rule_text"": ""Attach to target opposing ally. That ally is disabled (it can't attack, defend or use abilities)."", ""item_dimensions"": ""{\u0022height\u0022: \u00223.5\u0022, \u0022width\u0022: \u00222.5\u0022, \u0022unit\u0022: \u0022inch\u0022}""}",d8327757-6eec-4e1a-b7dc-7fb962f9b10c,d4039eda-661c-4085-8257-fb531ec61436,Captured Prey,Captured Prey,"{""source_notes"": ""https://www.shadowera.com/cards.php""}",shadow-era_call-of-the-crystals_captured-prey
1faa9e0e-5cd7-42af-9c91-e73dad4a7d7b,item,1,0,"{""obverse"": ""shadow-era_call-of-the-crystals_pack-wolf"", ""reverse"": ""shadow-era_card-back""}","{""name_printed"": ""Pack Wolf"", ""number"": ""112"", ""type"": ""Ally"", ""Class"": ""Wulven"", ""subtype"": ""Wulven"", ""attack_type"": ""Claw"", ""cost"": ""2"", ""attack"": ""2"", ""hp"": ""3"", ""rule_text"": ""Pack Wolf has +1 attack for every other friendly Wulven ally with cost 2 or less."", ""item_dimensions"": ""{\u0022height\u0022: \u00223.5\u0022, \u0022width\u0022: \u00222.5\u0022, \u0022unit\u0022: \u0022inch\u0022}""}",d8327757-6eec-4e1a-b7dc-7fb962f9b10c,d4039eda-661c-4085-8257-fb531ec61436,Pack Wolf,Pack Wolf,"{""source_notes"": ""https://www.shadowera.com/cards.php""}",shadow-era_call-of-the-crystals_pack-wolf
8de5622f-3d96-42c6-ab94-3f4a6749202e,item,1,0,"{""obverse"": ""shadow-era_call-of-the-crystals_now-you're-mine"", ""reverse"": ""shadow-era_card-back""}","{""name_printed"": ""Now You're Mine"", ""number"": ""113"", ""type"": ""Ability"", ""Class"": ""Wulven"", ""cost"": ""2"", ""rule_text"": ""Target opposing ally with cost 3 or less is killed."", ""item_dimensions"": ""{\u0022height\u0022: \u00223.5\u0022, \u0022width\u0022: \u00222.5\u0022, \u0022unit\u0022: \u0022inch\u0022}""}",d8327757-6eec-4e1a-b7dc-7fb962f9b10c,d4039eda-661c-4085-8257-fb531ec61436,Now You're Mine,Now You're Mine,"{""source_notes"": ""https://www.shadowera.com/cards.php""}",shadow-era_call-of-the-crystals_now-you're-mine
0dd71eba-c3ba-469f-ae10-9b9da5edb772,item,1,0,"{""obverse"": ""shadow-era_call-of-the-crystals_speedstrike"", ""reverse"": ""shadow-era_card-back""}","{""name_printed"": ""Speedstrike"", ""number"": ""114"", ""type"": ""Ability"", ""Class"": ""Wulven"", ""subtype"": ""Attachment"", ""cost"": ""3"", ""rule_text"": ""Attach to your hero. Your hero may attack 2 times on each of your turns."", ""item_dimensions"": ""{\u0022height\u0022: \u00223.5\u0022, \u0022width\u0022: \u00222.5\u0022, \u0022unit\u0022: \u0022inch\u0022}""}",d8327757-6eec-4e1a-b7dc-7fb962f9b10c,d4039eda-661c-4085-8257-fb531ec61436,Speedstrike,Speedstrike,"{""source_notes"": ""https://www.shadowera.com/cards.php""}",shadow-era_call-of-the-crystals_speedstrike
c0a9acce-47fb-4d2d-acc6-4cc3dc11e924,item,1,0,"{""obverse"": ""shadow-era_call-of-the-crystals_what-big-teeth"", ""reverse"": ""shadow-era_card-back""}","{""name_printed"": ""What Big Teeth"", ""number"": ""115"", ""type"": ""Item"", ""Class"": ""Wulven"", ""subtype"": ""Weapon"", ""attack_type"": ""Claw"", ""cost"": ""3"", ""attack"": ""1"", ""item_dimensions"": ""{\u0022height\u0022: \u00223.5\u0022, \u0022width\u0022: \u00222.5\u0022, \u0022unit\u0022: \u0022inch\u0022}""}",d8327757-6eec-4e1a-b7dc-7fb962f9b10c,d4039eda-661c-4085-8257-fb531ec61436,What Big Teeth,What Big Teeth,"{""source_notes"": ""https://www.shadowera.com/cards.php""}",shadow-era_call-of-the-crystals_what-big-teeth
ca47f6c7-fd78-4b11-9906-a5db69855a7c,item,1,0,"{""obverse"": ""shadow-era_call-of-the-crystals_regeneration"", ""reverse"": ""shadow-era_card-back""}","{""name_printed"": ""Regeneration"", ""number"": ""116"", ""type"": ""Ability"", ""Class"": ""Wulven"", ""cost"": ""3"", ""rule_text"": ""Your hero heals 4 damage and has all enemy attachments and negative effects removed."", ""item_dimensions"": ""{\u0022height\u0022: \u00223.5\u0022, \u0022width\u0022: \u00222.5\u0022, \u0022unit\u0022: \u0022inch\u0022}""}",d8327757-6eec-4e1a-b7dc-7fb962f9b10c,d4039eda-661c-4085-8257-fb531ec61436,Regeneration,Regeneration,"{""source_notes"": ""https://www.shadowera.com/cards.php""}",shadow-era_call-of-the-crystals_regeneration
4fdd314a-39d2-44e7-9311-c2aee1e5523a,item,1,0,"{""obverse"": ""shadow-era_call-of-the-crystals_full-moon"", ""reverse"": ""shadow-era_card-back""}","{""name_printed"": ""Full Moon"", ""rarity"": ""U"", ""number"": ""117"", ""type"": ""Ability"", ""Class"": ""Wulven"", ""subtype"": ""Support"", ""cost"": ""4"", ""rule_text"": ""Duration 1. Friendly allies have +2 attack. All damage to your hero is reduced by 2."", ""item_dimensions"": ""{\u0022height\u0022: \u00223.5\u0022, \u0022width\u0022: \u00222.5\u0022, \u0022unit\u0022: \u0022inch\u0022}""}",d8327757-6eec-4e1a-b7dc-7fb962f9b10c,d4039eda-661c-4085-8257-fb531ec61436,Full Moon,Full Moon,"{""source_notes"": ""https://www.shadowera.com/cards.php""}",shadow-era_call-of-the-crystals_full-moon
e030f451-953e-40da-a3e6-6c839420b56a,item,1,0,"{""obverse"": ""shadow-era_call-of-the-crystals_rabid-bite"", ""reverse"": ""shadow-era_card-back""}","{""name_printed"": ""Rabid Bite"", ""rarity"": ""U"", ""number"": ""118"", ""type"": ""Ability"", ""Class"": ""Wulven"", ""cost"": ""4"", ""rule_text"": ""Target opposing ally attacks a random opposing hero or ally if it is able to, and is disabled (can't attack, defend or use abilities) for 1 turn."", ""item_dimensions"": ""{\u0022height\u0022: \u00223.5\u0022, \u0022width\u0022: \u00222.5\u0022, \u0022unit\u0022: \u0022inch\u0022}""}",d8327757-6eec-4e1a-b7dc-7fb962f9b10c,d4039eda-661c-4085-8257-fb531ec61436,Rabid Bite,Rabid Bite,"{""source_notes"": ""https://www.shadowera.com/cards.php""}",shadow-era_call-of-the-crystals_rabid-bite
d66a6485-849c-4d4b-abd1-a97524583a98,item,1,0,"{""obverse"": ""shadow-era_call-of-the-crystals_lone-wolf"", ""reverse"": ""shadow-era_card-back""}","{""name_printed"": ""Lone Wolf"", ""number"": ""119"", ""type"": ""Ability"", ""Class"": ""Wulven"", ""subtype"": ""Attachment"", ""cost"": ""4"", ""rule_text"": ""Attach to your hero. When you start your turn while you control no allies, your hero heals 2 damage. When 12 or more damage has been healed this way, Lone Wolf is destroyed."", ""item_dimensions"": ""{\u0022height\u0022: \u00223.5\u0022, \u0022width\u0022: \u00222.5\u0022, \u0022unit\u0022: \u0022inch\u0022}""}",d8327757-6eec-4e1a-b7dc-7fb962f9b10c,d4039eda-661c-4085-8257-fb531ec61436,Lone Wolf,Lone Wolf,"{""source_notes"": ""https://www.shadowera.com/cards.php""}",shadow-era_call-of-the-crystals_lone-wolf
494fb0fe-860a-47ec-90d4-a1cfcc3a43f6,item,1,0,"{""obverse"": ""shadow-era_call-of-the-crystals_pack-alpha"", ""reverse"": ""shadow-era_card-back""}","{""name_printed"": ""Pack Alpha"", ""number"": ""120"", ""type"": ""Ability"", ""Class"": ""Wulven"", ""subtype"": ""Attachment"", ""cost"": ""4"", ""rule_text"": ""Attach to target friendly Wulven ally. That ally has +2 attack and +3 health. When Pack Alpha is destroyed, allies you control gain +1 health."", ""item_dimensions"": ""{\u0022height\u0022: \u00223.5\u0022, \u0022width\u0022: \u00222.5\u0022, \u0022unit\u0022: \u0022inch\u0022}""}",d8327757-6eec-4e1a-b7dc-7fb962f9b10c,d4039eda-661c-4085-8257-fb531ec61436,Pack Alpha,Pack Alpha,"{""source_notes"": ""https://www.shadowera.com/cards.php""}",shadow-era_call-of-the-crystals_pack-alpha
16c306b5-d97d-417e-b8d7-07705b5854a9,item,1,0,"{""obverse"": ""shadow-era_call-of-the-crystals_energy-discharge"", ""reverse"": ""shadow-era_card-back""}","{""name_printed"": ""Energy Discharge"", ""rarity"": ""U"", ""number"": ""121"", ""type"": ""Ability"", ""Class"": ""Elemental"", ""cost"": ""5"", ""rule_text"": ""Target friendly ally that can be damaged is killed. All opposing allies are killed, and your hero takes 5 damage."", ""item_dimensions"": ""{\u0022height\u0022: \u00223.5\u0022, \u0022width\u0022: \u00222.5\u0022, \u0022unit\u0022: \u0022inch\u0022}""}",d8327757-6eec-4e1a-b7dc-7fb962f9b10c,d4039eda-661c-4085-8257-fb531ec61436,Energy Discharge,Energy Discharge,"{""source_notes"": ""https://www.shadowera.com/cards.php""}",shadow-era_call-of-the-crystals_energy-discharge
8a917bc4-2d12-4eee-948b-4ac276b7256b,item,1,0,"{""obverse"": ""shadow-era_call-of-the-crystals_conversion"", ""reverse"": ""shadow-era_card-back""}","{""name_printed"": ""Conversion"", ""number"": ""122"", ""type"": ""Ability"", ""Class"": ""Elemental"", ""cost"": ""1"", ""rule_text"": ""Target friendly ally that can be damaged is killed, and your hero heals damage equal to that ally's health."", ""item_dimensions"": ""{\u0022height\u0022: \u00223.5\u0022, \u0022width\u0022: \u00222.5\u0022, \u0022unit\u0022: \u0022inch\u0022}""}",d8327757-6eec-4e1a-b7dc-7fb962f9b10c,d4039eda-661c-4085-8257-fb531ec61436,Conversion,Conversion,"{""source_notes"": ""https://www.shadowera.com/cards.php""}",shadow-era_call-of-the-crystals_conversion
687e30bc-1246-455e-ad1b-d67cc8ff159e,item,1,0,"{""obverse"": ""shadow-era_call-of-the-crystals_soul-reaper"", ""reverse"": ""shadow-era_card-back""}","{""name_printed"": ""Soul Reaper"", ""number"": ""123"", ""type"": ""Ability"", ""Class"": ""Elemental"", ""cost"": ""3"", ""rule_text"": ""The bottom 5 allies in your graveyard are exiled. Your hero heals 2 damage for each ally exiled this way. Soul Reaper is exiled."", ""item_dimensions"": ""{\u0022height\u0022: \u00223.5\u0022, \u0022width\u0022: \u00222.5\u0022, \u0022unit\u0022: \u0022inch\u0022}""}",d8327757-6eec-4e1a-b7dc-7fb962f9b10c,d4039eda-661c-4085-8257-fb531ec61436,Soul Reaper,Soul Reaper,"{""source_notes"": ""https://www.shadowera.com/cards.php""}",shadow-era_call-of-the-crystals_soul-reaper
a4db85c2-dce6-451f-994c-98c83370129a,item,1,0,"{""obverse"": ""shadow-era_call-of-the-crystals_spark"", ""reverse"": ""shadow-era_card-back""}","{""name_printed"": ""Spark"", ""number"": ""124"", ""type"": ""Ally"", ""Class"": ""Elemental"", ""attack_type"": ""Electric"", ""cost"": ""1"", ""attack"": ""1"", ""hp"": ""1"", ""rule_text"": ""Spark has +1 attack and +1 health for every other friendly Spark in play."", ""item_dimensions"": ""{\u0022height\u0022: \u00223.5\u0022, \u0022width\u0022: \u00222.5\u0022, \u0022unit\u0022: \u0022inch\u0022}""}",d8327757-6eec-4e1a-b7dc-7fb962f9b10c,d4039eda-661c-4085-8257-fb531ec61436,Spark,Spark,"{""source_notes"": ""https://www.shadowera.com/cards.php""}",shadow-era_call-of-the-crystals_spark
96e4c952-474b-410c-ae66-36c9a213b1ff,item,1,0,"{""obverse"": ""shadow-era_call-of-the-crystals_transference"", ""reverse"": ""shadow-era_card-back""}","{""name_printed"": ""Transference"", ""number"": ""125"", ""type"": ""Ability"", ""Class"": ""Elemental"", ""cost"": ""1"", ""rule_text"": ""Draw a card from target opponent's deck."", ""item_dimensions"": ""{\u0022height\u0022: \u00223.5\u0022, \u0022width\u0022: \u00222.5\u0022, \u0022unit\u0022: \u0022inch\u0022}""}",d8327757-6eec-4e1a-b7dc-7fb962f9b10c,d4039eda-661c-4085-8257-fb531ec61436,Transference,Transference,"{""source_notes"": ""https://www.shadowera.com/cards.php""}",shadow-era_call-of-the-crystals_transference
b5bebe7b-f5a7-495b-bfbb-489fa55e3d94,item,1,0,"{""obverse"": ""shadow-era_call-of-the-crystals_mind-control"", ""reverse"": ""shadow-era_card-back""}","{""name_printed"": ""Mind Control"", ""rarity"": ""U"", ""number"": ""126"", ""type"": ""Ability"", ""Class"": ""Elemental"", ""cost"": ""5"", ""rule_text"": ""Target opposing ally attacks its hero if it is able to, and then is killed."", ""item_dimensions"": ""{\u0022height\u0022: \u00223.5\u0022, \u0022width\u0022: \u00222.5\u0022, \u0022unit\u0022: \u0022inch\u0022}""}",d8327757-6eec-4e1a-b7dc-7fb962f9b10c,d4039eda-661c-4085-8257-fb531ec61436,Mind Control,Mind Control,"{""source_notes"": ""https://www.shadowera.com/cards.php""}",shadow-era_call-of-the-crystals_mind-control
d263ab39-5c37-4d84-81cd-7e7c282df4e2,item,1,0,"{""obverse"": ""shadow-era_call-of-the-crystals_feedback"", ""reverse"": ""shadow-era_card-back""}","{""name_printed"": ""Feedback"", ""number"": ""127"", ""type"": ""Ability"", ""Class"": ""Elemental"", ""cost"": ""3"", ""rule_text"": ""All of your used resources are renewed."", ""item_dimensions"": ""{\u0022height\u0022: \u00223.5\u0022, \u0022width\u0022: \u00222.5\u0022, \u0022unit\u0022: \u0022inch\u0022}""}",d8327757-6eec-4e1a-b7dc-7fb962f9b10c,d4039eda-661c-4085-8257-fb531ec61436,Feedback,Feedback,"{""source_notes"": ""https://www.shadowera.com/cards.php""}",shadow-era_call-of-the-crystals_feedback
51a2e6d1-0bb5-4d31-ac3e-0168db2f9efe,item,1,0,"{""obverse"": ""shadow-era_call-of-the-crystals_shard-of-power"", ""reverse"": ""shadow-era_card-back""}","{""name_printed"": ""Shard of Power"", ""number"": ""128"", ""type"": ""Item"", ""Class"": ""Elemental"", ""subtype"": ""Artifact"", ""cost"": ""3"", ""rule_text"": ""Friendly allies have +2 attack. When a friendly ally is dealt damage, it is killed."", ""item_dimensions"": ""{\u0022height\u0022: \u00223.5\u0022, \u0022width\u0022: \u00222.5\u0022, \u0022unit\u0022: \u0022inch\u0022}""}",d8327757-6eec-4e1a-b7dc-7fb962f9b10c,d4039eda-661c-4085-8257-fb531ec61436,Shard of Power,Shard of Power,"{""source_notes"": ""https://www.shadowera.com/cards.php""}",shadow-era_call-of-the-crystals_shard-of-power
ecd6e293-1aaf-46ff-923f-450e543168d3,item,1,0,"{""obverse"": ""shadow-era_call-of-the-crystals_life-infusion"", ""reverse"": ""shadow-era_card-back""}","{""name_printed"": ""Life Infusion"", ""number"": ""129"", ""type"": ""Ability"", ""Class"": ""Elemental"", ""subtype"": ""Attachment"", ""cost"": ""2"", ""rule_text"": ""Attach to target friendly ally. That ally has +5 health."", ""item_dimensions"": ""{\u0022height\u0022: \u00223.5\u0022, \u0022width\u0022: \u00222.5\u0022, \u0022unit\u0022: \u0022inch\u0022}""}",d8327757-6eec-4e1a-b7dc-7fb962f9b10c,d4039eda-661c-4085-8257-fb531ec61436,Life Infusion,Life Infusion,"{""source_notes"": ""https://www.shadowera.com/cards.php""}",shadow-era_call-of-the-crystals_life-infusion
9c8a84f6-fddf-4c06-94a1-2c6f1a56b57d,item,1,0,"{""obverse"": ""shadow-era_call-of-the-crystals_eternal-renewal"", ""reverse"": ""shadow-era_card-back""}","{""name_printed"": ""Eternal Renewal"", ""number"": ""130"", ""type"": ""Ability"", ""Class"": ""Elemental"", ""cost"": ""5"", ""rule_text"": ""Shuffle the cards in your graveyard into your deck. Eternal Renewal is exiled."", ""item_dimensions"": ""{\u0022height\u0022: \u00223.5\u0022, \u0022width\u0022: \u00222.5\u0022, \u0022unit\u0022: \u0022inch\u0022}""}",d8327757-6eec-4e1a-b7dc-7fb962f9b10c,d4039eda-661c-4085-8257-fb531ec61436,Eternal Renewal,Eternal Renewal,"{""source_notes"": ""https://www.shadowera.com/cards.php""}",shadow-era_call-of-the-crystals_eternal-renewal
fbf4e442-d490-46f2-bc9a-f2d418d49030,item,1,0,"{""obverse"": ""shadow-era_call-of-the-crystals_cover-of-night"", ""reverse"": ""shadow-era_card-back""}","{""name_printed"": ""Cover of Night"", ""number"": ""131"", ""type"": ""Ability"", ""Faction"": ""Human"", ""subtype"": ""Support"", ""cost"": ""3"", ""rule_text"": ""Duration 2. Friendly allies have stealth (they can't be attacked)."", ""item_dimensions"": ""{\u0022height\u0022: \u00223.5\u0022, \u0022width\u0022: \u00222.5\u0022, \u0022unit\u0022: \u0022inch\u0022}""}",d8327757-6eec-4e1a-b7dc-7fb962f9b10c,d4039eda-661c-4085-8257-fb531ec61436,Cover of Night,Cover of Night,"{""source_notes"": ""https://www.shadowera.com/cards.php""}",shadow-era_call-of-the-crystals_cover-of-night
f2b16a96-076e-4703-b357-ce3859082d98,item,1,0,"{""obverse"": ""shadow-era_call-of-the-crystals_retreat!"", ""reverse"": ""shadow-era_card-back""}","{""name_printed"": ""Retreat!"", ""number"": ""132"", ""type"": ""Ability"", ""Faction"": ""Human"", ""cost"": ""2"", ""rule_text"": ""Target ally is returned to its owner's hand."", ""item_dimensions"": ""{\u0022height\u0022: \u00223.5\u0022, \u0022width\u0022: \u00222.5\u0022, \u0022unit\u0022: \u0022inch\u0022}""}",d8327757-6eec-4e1a-b7dc-7fb962f9b10c,d4039eda-661c-4085-8257-fb531ec61436,Retreat!,Retreat!,"{""source_notes"": ""https://www.shadowera.com/cards.php""}",shadow-era_call-of-the-crystals_retreat!
7b2bb70a-875b-4b24-a0df-536dfb2f1f63,item,1,0,"{""obverse"": ""shadow-era_call-of-the-crystals_reinforced-armor"", ""reverse"": ""shadow-era_card-back""}","{""name_printed"": ""Reinforced Armor"", ""number"": ""133"", ""type"": ""Ability"", ""Faction"": ""Human"", ""subtype"": ""Attachment"", ""cost"": ""1"", ""rule_text"": ""Attach to target friendly ally. All damage to that ally is reduced by 1."", ""item_dimensions"": ""{\u0022height\u0022: \u00223.5\u0022, \u0022width\u0022: \u00222.5\u0022, \u0022unit\u0022: \u0022inch\u0022}""}",d8327757-6eec-4e1a-b7dc-7fb962f9b10c,d4039eda-661c-4085-8257-fb531ec61436,Reinforced Armor,Reinforced Armor,"{""source_notes"": ""https://www.shadowera.com/cards.php""}",shadow-era_call-of-the-crystals_reinforced-armor
c53cdff0-2f85-44f7-83dc-487ebdf2aa18,item,1,0,"{""obverse"": ""shadow-era_call-of-the-crystals_special-delivery"", ""reverse"": ""shadow-era_card-back""}","{""name_printed"": ""Special Delivery"", ""number"": ""134"", ""type"": ""Ability"", ""Faction"": ""Human"", ""cost"": ""4"", ""rule_text"": ""Target opposing hero or ally takes 3 damage."", ""item_dimensions"": ""{\u0022height\u0022: \u00223.5\u0022, \u0022width\u0022: \u00222.5\u0022, \u0022unit\u0022: \u0022inch\u0022}""}",d8327757-6eec-4e1a-b7dc-7fb962f9b10c,d4039eda-661c-4085-8257-fb531ec61436,Special Delivery,Special Delivery,"{""source_notes"": ""https://www.shadowera.com/cards.php""}",shadow-era_call-of-the-crystals_special-delivery
edbfc503-2d9c-4850-8e7b-00fba5ebcadd,item,1,0,"{""obverse"": ""shadow-era_call-of-the-crystals_campfire-stories"", ""reverse"": ""shadow-era_card-back""}","{""name_printed"": ""Campfire Stories"", ""number"": ""135"", ""type"": ""Ability"", ""Faction"": ""Human"", ""cost"": ""2"", ""rule_text"": ""All friendly allies heal 2 damage. Draw a card."", ""item_dimensions"": ""{\u0022height\u0022: \u00223.5\u0022, \u0022width\u0022: \u00222.5\u0022, \u0022unit\u0022: \u0022inch\u0022}""}",d8327757-6eec-4e1a-b7dc-7fb962f9b10c,d4039eda-661c-4085-8257-fb531ec61436,Campfire Stories,Campfire Stories,"{""source_notes"": ""https://www.shadowera.com/cards.php""}",shadow-era_call-of-the-crystals_campfire-stories
7b7adb7e-9598-4302-8a11-9ebbe87af5f1,item,1,0,"{""obverse"": ""shadow-era_call-of-the-crystals_good-ascendant"", ""reverse"": ""shadow-era_card-back""}","{""name_printed"": ""Good Ascendant"", ""number"": ""136"", ""type"": ""Item"", ""Faction"": ""Human"", ""subtype"": ""Artifact"", ""cost"": ""3"", ""rule_text"": ""At the start of each of your turns, all friendly allies heal 2 damage. 0: Target Evil Ascendant is destroyed."", ""item_dimensions"": ""{\u0022height\u0022: \u00223.5\u0022, \u0022width\u0022: \u00222.5\u0022, \u0022unit\u0022: \u0022inch\u0022}""}",d8327757-6eec-4e1a-b7dc-7fb962f9b10c,d4039eda-661c-4085-8257-fb531ec61436,Good Ascendant,Good Ascendant,"{""source_notes"": ""https://www.shadowera.com/cards.php""}",shadow-era_call-of-the-crystals_good-ascendant
3c0528be-a212-42b6-b586-2c6646c011c5,first-party-document,0,0,"{""obverse"": ""shadow-era_call-of-the-crystals_radiant-sunlight"", ""reverse"": ""shadow-era_card-back""}","{""name_printed"": ""Radiant Sunlight"", ""rarity"": ""U"", ""number"": ""137"", ""type"": ""Ability"", ""Faction"": ""Human"", ""cost"": ""2"", ""rule_text"": ""Target opposing hero loses 3 shadow energy."", ""item_dimensions"": ""{\u0022height\u0022: \u00223.5\u0022, \u0022width\u0022: \u00222.5\u0022, \u0022unit\u0022: \u0022inch\u0022}""}",d8327757-6eec-4e1a-b7dc-7fb962f9b10c,d4039eda-661c-4085-8257-fb531ec61436,Radiant Sunlight,Radiant Sunlight,"{""source_notes"": ""https://www.shadowera.com/cards.php""}",shadow-era_call-of-the-crystals_radiant-sunlight
4c9e8455-30d6-448c-8b8e-9559230902d6,first-party-document,0,0,"{""obverse"": ""shadow-era_call-of-the-crystals_shrine-of-negatia"", ""reverse"": ""shadow-era_card-back""}","{""name_printed"": ""Shrine of Negatia"", ""rarity"": ""U"", ""number"": ""138"", ""type"": ""Ability"", ""Faction"": ""Human"", ""cost"": ""1"", ""rule_text"": ""Target item or support ability with cost 4 or less is returned to its controller's hand."", ""item_dimensions"": ""{\u0022height\u0022: \u00223.5\u0022, \u0022width\u0022: \u00222.5\u0022, \u0022unit\u0022: \u0022inch\u0022}""}",d8327757-6eec-4e1a-b7dc-7fb962f9b10c,d4039eda-661c-4085-8257-fb531ec61436,Shrine of Negatia,Shrine of Negatia,"{""source_notes"": ""https://www.shadowera.com/cards.php""}",shadow-era_call-of-the-crystals_shrine-of-negatia
83020695-dd30-451d-9dd1-7fb83226cebe,item,1,0,"{""obverse"": ""shadow-era_call-of-the-crystals_poor-quality"", ""reverse"": ""shadow-era_card-back""}","{""name_printed"": ""Poor Quality"", ""number"": ""139"", ""type"": ""Ability"", ""Faction"": ""Human"", ""subtype"": ""Attachment"", ""cost"": ""2"", ""rule_text"": ""Attach to target enemy weapon or armor. That item has -2 attack or defense, and loses 1 additional durability when used in combat."", ""item_dimensions"": ""{\u0022height\u0022: \u00223.5\u0022, \u0022width\u0022: \u00222.5\u0022, \u0022unit\u0022: \u0022inch\u0022}""}",d8327757-6eec-4e1a-b7dc-7fb962f9b10c,d4039eda-661c-4085-8257-fb531ec61436,Poor Quality,Poor Quality,"{""source_notes"": ""https://www.shadowera.com/cards.php""}",shadow-era_call-of-the-crystals_poor-quality
16968e79-a0ad-4d73-89e0-d617c36c791b,first-party-document,0,0,"{""obverse"": ""shadow-era_call-of-the-crystals_honored-dead"", ""reverse"": ""shadow-era_card-back""}","{""name_printed"": ""Honored Dead"", ""rarity"": ""R"", ""number"": ""140"", ""type"": ""Ability"", ""Faction"": ""Human"", ""cost"": ""3"", ""rule_text"": ""If you have at least 2 allies in your graveyard, draw 2 cards and your hero gains +2 health."", ""item_dimensions"": ""{\u0022height\u0022: \u00223.5\u0022, \u0022width\u0022: \u00222.5\u0022, \u0022unit\u0022: \u0022inch\u0022}""}",d8327757-6eec-4e1a-b7dc-7fb962f9b10c,d4039eda-661c-4085-8257-fb531ec61436,Honored Dead,Honored Dead,"{""source_notes"": ""https://www.shadowera.com/cards.php""}",shadow-era_call-of-the-crystals_honored-dead
9b39fd15-1507-4a2d-8e9a-1e98611a287d,item,1,0,"{""obverse"": ""shadow-era_call-of-the-crystals_bloodlust"", ""reverse"": ""shadow-era_card-back""}","{""name_printed"": ""Bloodlust"", ""rarity"": ""U"", ""number"": ""141"", ""type"": ""Ability"", ""Faction"": ""Shadow"", ""subtype"": ""Support"", ""cost"": ""3"", ""rule_text"": ""All friendly allies have +2 attack until the end of your turn."", ""item_dimensions"": ""{\u0022height\u0022: \u00223.5\u0022, \u0022width\u0022: \u00222.5\u0022, \u0022unit\u0022: \u0022inch\u0022}""}",d8327757-6eec-4e1a-b7dc-7fb962f9b10c,d4039eda-661c-4085-8257-fb531ec61436,Bloodlust,Bloodlust,"{""source_notes"": ""https://www.shadowera.com/cards.php""}",shadow-era_call-of-the-crystals_bloodlust
dc7ad299-7fe0-4597-956a-a9eeac76cd59,item,1,0,"{""obverse"": ""shadow-era_call-of-the-crystals_here-be-monsters"", ""reverse"": ""shadow-era_card-back""}","{""name_printed"": ""Here Be Monsters"", ""number"": ""142"", ""type"": ""Ability"", ""Faction"": ""Shadow"", ""cost"": ""3"", ""rule_text"": ""Target player removes one of their resources from play if their resources are greater than or equal to yours. Draw a card."", ""item_dimensions"": ""{\u0022height\u0022: \u00223.5\u0022, \u0022width\u0022: \u00222.5\u0022, \u0022unit\u0022: \u0022inch\u0022}""}",d8327757-6eec-4e1a-b7dc-7fb962f9b10c,d4039eda-661c-4085-8257-fb531ec61436,Here Be Monsters,Here Be Monsters,"{""source_notes"": ""https://www.shadowera.com/cards.php""}",shadow-era_call-of-the-crystals_here-be-monsters
b8f487de-df4e-48c4-bc78-5bfe7139b05c,item,1,0,"{""obverse"": ""shadow-era_call-of-the-crystals_shadowspawn"", ""reverse"": ""shadow-era_card-back""}","{""name_printed"": ""Shadowspawn"", ""number"": ""143"", ""type"": ""Ability"", ""Faction"": ""Shadow"", ""cost"": ""4"", ""rule_text"": ""All heroes lose their stored shadow energy and take 2 damage."", ""item_dimensions"": ""{\u0022height\u0022: \u00223.5\u0022, \u0022width\u0022: \u00222.5\u0022, \u0022unit\u0022: \u0022inch\u0022}""}",d8327757-6eec-4e1a-b7dc-7fb962f9b10c,d4039eda-661c-4085-8257-fb531ec61436,Shadowspawn,Shadowspawn,"{""source_notes"": ""https://www.shadowera.com/cards.php""}",shadow-era_call-of-the-crystals_shadowspawn
ea52a8d4-a6a9-4a1e-9e8c-8ecc62ab2123,item,1,0,"{""obverse"": ""shadow-era_call-of-the-crystals_shriek-of-vengeance"", ""reverse"": ""shadow-era_card-back""}","{""name_printed"": ""Shriek of Vengeance"", ""number"": ""144"", ""type"": ""Ability"", ""Faction"": ""Shadow"", ""cost"": ""1"", ""rule_text"": ""Target enemy item or support ability with a cost of 4 or less is destroyed, and one of your resources is removed from play."", ""item_dimensions"": ""{\u0022height\u0022: \u00223.5\u0022, \u0022width\u0022: \u00222.5\u0022, \u0022unit\u0022: \u0022inch\u0022}""}",d8327757-6eec-4e1a-b7dc-7fb962f9b10c,d4039eda-661c-4085-8257-fb531ec61436,Shriek of Vengeance,Shriek of Vengeance,"{""source_notes"": ""https://www.shadowera.com/cards.php""}",shadow-era_call-of-the-crystals_shriek-of-vengeance
fb44cf90-ac37-496c-bc8e-39b9dfe4f359,item,1,0,"{""obverse"": ""shadow-era_call-of-the-crystals_evil-ascendant"", ""reverse"": ""shadow-era_card-back""}","{""name_printed"": ""Evil Ascendant"", ""number"": ""145"", ""type"": ""Item"", ""Faction"": ""Shadow"", ""subtype"": ""Artifact"", ""cost"": ""3"", ""rule_text"": ""At the start of each of your turns, all allies take 1 damage and if no ally has been dealt damage this way, Evil Ascendant is destroyed. 0: Target Good Ascendant is destroyed."", ""item_dimensions"": ""{\u0022height\u0022: \u00223.5\u0022, \u0022width\u0022: \u00222.5\u0022, \u0022unit\u0022: \u0022inch\u0022}""}",d8327757-6eec-4e1a-b7dc-7fb962f9b10c,d4039eda-661c-4085-8257-fb531ec61436,Evil Ascendant,Evil Ascendant,"{""source_notes"": ""https://www.shadowera.com/cards.php""}",shadow-era_call-of-the-crystals_evil-ascendant
af396cd1-2731-4416-ba3a-5507f34236ac,item,1,0,"{""obverse"": ""shadow-era_call-of-the-crystals_bloodstone-altar"", ""reverse"": ""shadow-era_card-back""}","{""name_printed"": ""Bloodstone Altar"", ""number"": ""146"", ""type"": ""Item"", ""Faction"": ""Shadow"", ""subtype"": ""Artifact"", ""cost"": ""1"", ""rule_text"": ""Friendly allies that are damaged have +1 attack."", ""item_dimensions"": ""{\u0022height\u0022: \u00223.5\u0022, \u0022width\u0022: \u00222.5\u0022, \u0022unit\u0022: \u0022inch\u0022}""}",d8327757-6eec-4e1a-b7dc-7fb962f9b10c,d4039eda-661c-4085-8257-fb531ec61436,Bloodstone Altar,Bloodstone Altar,"{""source_notes"": ""https://www.shadowera.com/cards.php""}",shadow-era_call-of-the-crystals_bloodstone-altar
b644cd7c-438f-449d-ae0e-f660ee78ba84,item,1,0,"{""obverse"": ""shadow-era_call-of-the-crystals_selfishness"", ""reverse"": ""shadow-era_card-back""}","{""name_printed"": ""Selfishness"", ""number"": ""147"", ""type"": ""Ability"", ""Faction"": ""Shadow"", ""subtype"": ""Attachment"", ""cost"": ""2"", ""rule_text"": ""Attach to target opposing ally. That ally loses protector and defender, and can't be targeted by its controller."", ""item_dimensions"": ""{\u0022height\u0022: \u00223.5\u0022, \u0022width\u0022: \u00222.5\u0022, \u0022unit\u0022: \u0022inch\u0022}""}",d8327757-6eec-4e1a-b7dc-7fb962f9b10c,d4039eda-661c-4085-8257-fb531ec61436,Selfishness,Selfishness,"{""source_notes"": ""https://www.shadowera.com/cards.php""}",shadow-era_call-of-the-crystals_selfishness
4c2954dd-ac2f-4f59-aec1-de207a46a530,item,1,0,"{""obverse"": ""shadow-era_call-of-the-crystals_acid-jet"", ""reverse"": ""shadow-era_card-back""}","{""name_printed"": ""Acid Jet"", ""number"": ""148"", ""type"": ""Ability"", ""Faction"": ""Shadow"", ""cost"": ""3"", ""rule_text"": ""Target enemy weapon or armor loses 3 durability."", ""item_dimensions"": ""{\u0022height\u0022: \u00223.5\u0022, \u0022width\u0022: \u00222.5\u0022, \u0022unit\u0022: \u0022inch\u0022}""}",d8327757-6eec-4e1a-b7dc-7fb962f9b10c,d4039eda-661c-4085-8257-fb531ec61436,Acid Jet,Acid Jet,"{""source_notes"": ""https://www.shadowera.com/cards.php""}",shadow-era_call-of-the-crystals_acid-jet
8de50ac0-9f80-4810-a4cc-1d216ddd449b,item,1,0,"{""obverse"": ""shadow-era_call-of-the-crystals_shadow-font"", ""reverse"": ""shadow-era_card-back""}","{""name_printed"": ""Shadow Font"", ""rarity"": ""U"", ""number"": ""149"", ""type"": ""Ability"", ""Faction"": ""Shadow"", ""cost"": ""4"", ""rule_text"": ""Your hero gains +3 shadow energy."", ""item_dimensions"": ""{\u0022height\u0022: \u00223.5\u0022, \u0022width\u0022: \u00222.5\u0022, \u0022unit\u0022: \u0022inch\u0022}""}",d8327757-6eec-4e1a-b7dc-7fb962f9b10c,d4039eda-661c-4085-8257-fb531ec61436,Shadow Font,Shadow Font,"{""source_notes"": ""https://www.shadowera.com/cards.php""}",shadow-era_call-of-the-crystals_shadow-font
b50e14d4-124e-4448-99f2-a0ebbd5e8fa3,item,1,0,"{""obverse"": ""shadow-era_call-of-the-crystals_sacrificial-lamb"", ""reverse"": ""shadow-era_card-back""}","{""name_printed"": ""Sacrificial Lamb"", ""rarity"": ""R"", ""number"": ""150"", ""print_finish"": ""Normal"", ""type"": ""Ability"", ""Faction"": ""Shadow"", ""cost"": ""2"", ""rule_text"": ""Target friendly ally that can be damaged is killed. Draw cards equal to that ally's cost, to a maximum of 3."", ""item_dimensions"": ""{\u0022height\u0022: \u00223.5\u0022, \u0022width\u0022: \u00222.5\u0022, \u0022unit\u0022: \u0022inch\u0022}""}",d8327757-6eec-4e1a-b7dc-7fb962f9b10c,d4039eda-661c-4085-8257-fb531ec61436,Sacrificial Lamb,Sacrificial Lamb,"{""source_notes"": ""https://www.shadowera.com/cards.php""}",shadow-era_call-of-the-crystals_sacrificial-lamb
37f15046-f328-42b9-a7c7-34a4b7577923,item,1,0,"{""obverse"": ""shadow-era_call-of-the-crystals_sacrificial-lamb-[foil]"", ""reverse"": ""shadow-era_card-back""}","{""name_printed"": ""Sacrificial Lamb"", ""variant_disambiguator"": ""Foil"", ""rarity"": ""R"", ""number"": ""150"", ""print_finish"": ""Foil"", ""type"": ""Ability"", ""Faction"": ""Shadow"", ""cost"": ""2"", ""rule_text"": ""Target friendly ally that can be damaged is killed. Draw cards equal to that ally's cost, to a maximum of 3."", ""item_dimensions"": ""{\u0022height\u0022: \u00223.5\u0022, \u0022width\u0022: \u00222.5\u0022, \u0022unit\u0022: \u0022inch\u0022}""}",d8327757-6eec-4e1a-b7dc-7fb962f9b10c,d4039eda-661c-4085-8257-fb531ec61436,Sacrificial Lamb,Sacrificial Lamb [Foil],"{""source_notes"": ""https://www.shadowera.com/cards.php""}",shadow-era_call-of-the-crystals_sacrificial-lamb-[foil]
a3d56920-cbfc-4e22-a75f-9e7722c26a37,item,1,0,"{""obverse"": ""shadow-era_call-of-the-crystals_rain-delay"", ""reverse"": ""shadow-era_card-back""}","{""name_printed"": ""Rain Delay"", ""number"": ""151"", ""type"": ""Ability"", ""Faction"": ""Neutral"", ""subtype"": ""Support"", ""cost"": ""2"", ""rule_text"": ""Allies can't attack until the end of your next turn."", ""item_dimensions"": ""{\u0022height\u0022: \u00223.5\u0022, \u0022width\u0022: \u00222.5\u0022, \u0022unit\u0022: \u0022inch\u0022}""}",d8327757-6eec-4e1a-b7dc-7fb962f9b10c,d4039eda-661c-4085-8257-fb531ec61436,Rain Delay,Rain Delay,"{""source_notes"": ""https://www.shadowera.com/cards.php""}",shadow-era_call-of-the-crystals_rain-delay
02d698c2-f88c-44b7-97d8-1b6ecc1f1121,item,1,0,"{""obverse"": ""shadow-era_call-of-the-crystals_drain-power"", ""reverse"": ""shadow-era_card-back""}","{""name_printed"": ""Drain Power"", ""number"": ""152"", ""type"": ""Ability"", ""Faction"": ""Neutral"", ""subtype"": ""Attachment"", ""cost"": ""1"", ""rule_text"": ""Attach to target opposing hero until the start of your next turn. That hero can't activate its hero ability. When Drain Power is summoned, that hero loses 1 shadow energy."", ""item_dimensions"": ""{\u0022height\u0022: \u00223.5\u0022, \u0022width\u0022: \u00222.5\u0022, \u0022unit\u0022: \u0022inch\u0022}""}",d8327757-6eec-4e1a-b7dc-7fb962f9b10c,d4039eda-661c-4085-8257-fb531ec61436,Drain Power,Drain Power,"{""source_notes"": ""https://www.shadowera.com/cards.php""}",shadow-era_call-of-the-crystals_drain-power
b6cf6cca-635a-47d8-a070-9a07e319a8c2,item,1,0,"{""obverse"": ""shadow-era_call-of-the-crystals_urgent-business"", ""reverse"": ""shadow-era_card-back""}","{""name_printed"": ""Urgent Business"", ""number"": ""153"", ""type"": ""Ability"", ""Faction"": ""Neutral"", ""subtype"": ""Support"", ""cost"": ""2"", ""rule_text"": ""Heroes can't attack until the end of your next turn. When Urgent Business is summoned, draw a card."", ""item_dimensions"": ""{\u0022height\u0022: \u00223.5\u0022, \u0022width\u0022: \u00222.5\u0022, \u0022unit\u0022: \u0022inch\u0022}""}",d8327757-6eec-4e1a-b7dc-7fb962f9b10c,d4039eda-661c-4085-8257-fb531ec61436,Urgent Business,Urgent Business,"{""source_notes"": ""https://www.shadowera.com/cards.php""}",shadow-era_call-of-the-crystals_urgent-business
c286793d-c5c6-4cde-a3bc-81e2ec412976,item,1,0,"{""obverse"": ""shadow-era_call-of-the-crystals_extra-sharp"", ""reverse"": ""shadow-era_card-back""}","{""name_printed"": ""Extra Sharp"", ""number"": ""154"", ""type"": ""Ability"", ""Faction"": ""Neutral"", ""subtype"": ""Attachment"", ""cost"": ""2"", ""rule_text"": ""Attach to target friendly ally until the start of your next turn. That ally has +2 attack or +3 attack if it has sword attack."", ""item_dimensions"": ""{\u0022height\u0022: \u00223.5\u0022, \u0022width\u0022: \u00222.5\u0022, \u0022unit\u0022: \u0022inch\u0022}""}",d8327757-6eec-4e1a-b7dc-7fb962f9b10c,d4039eda-661c-4085-8257-fb531ec61436,Extra Sharp,Extra Sharp,"{""source_notes"": ""https://www.shadowera.com/cards.php""}",shadow-era_call-of-the-crystals_extra-sharp
09c5e743-4718-4c3d-a3c1-647abe9bcb35,item,1,0,"{""obverse"": ""shadow-era_call-of-the-crystals_bazaar"", ""reverse"": ""shadow-era_card-back""}","{""name_printed"": ""Bazaar"", ""number"": ""155"", ""type"": ""Ability"", ""Faction"": ""Neutral"", ""subtype"": ""Support"", ""cost"": ""2"", ""rule_text"": ""Duration 3. At the end of each of your turns, all players draw a card."", ""item_dimensions"": ""{\u0022height\u0022: \u00223.5\u0022, \u0022width\u0022: \u00222.5\u0022, \u0022unit\u0022: \u0022inch\u0022}""}",d8327757-6eec-4e1a-b7dc-7fb962f9b10c,d4039eda-661c-4085-8257-fb531ec61436,Bazaar,Bazaar,"{""source_notes"": ""https://www.shadowera.com/cards.php""}",shadow-era_call-of-the-crystals_bazaar
aeaae6cd-0db0-4c47-a9a0-000bc54754bb,item,1,0,"{""obverse"": ""shadow-era_call-of-the-crystals_sever-ties"", ""reverse"": ""shadow-era_card-back""}","{""name_printed"": ""Sever Ties"", ""rarity"": ""R"", ""number"": ""156"", ""type"": ""Ability"", ""Faction"": ""Neutral"", ""cost"": ""3"", ""rule_text"": ""Target attached card is destroyed."", ""item_dimensions"": ""{\u0022height\u0022: \u00223.5\u0022, \u0022width\u0022: \u00222.5\u0022, \u0022unit\u0022: \u0022inch\u0022}""}",d8327757-6eec-4e1a-b7dc-7fb962f9b10c,d4039eda-661c-4085-8257-fb531ec61436,Sever Ties,Sever Ties,"{""source_notes"": ""https://www.shadowera.com/cards.php""}",shadow-era_call-of-the-crystals_sever-ties
75bae3ec-9a99-446a-be8c-bbd8e78e7eb9,item,1,0,"{""obverse"": ""shadow-era_call-of-the-crystals_bad-santa"", ""reverse"": ""shadow-era_card-back""}","{""name_printed"": ""Bad Santa"", ""rarity"": ""R"", ""number"": ""157"", ""type"": ""Ability"", ""Faction"": ""Neutral"", ""cost"": ""2"", ""rule_text"": ""Each player draws 3 cards."", ""item_dimensions"": ""{\u0022height\u0022: \u00223.5\u0022, \u0022width\u0022: \u00222.5\u0022, \u0022unit\u0022: \u0022inch\u0022}""}",d8327757-6eec-4e1a-b7dc-7fb962f9b10c,d4039eda-661c-4085-8257-fb531ec61436,Bad Santa,Bad Santa,"{""source_notes"": ""https://www.shadowera.com/cards.php""}",shadow-era_call-of-the-crystals_bad-santa
b9e38706-59a8-4db2-856c-421f074c3331,item,1,0,"{""obverse"": ""shadow-era_call-of-the-crystals_master-smith"", ""reverse"": ""shadow-era_card-back""}","{""name_printed"": ""Master Smith"", ""rarity"": ""U"", ""number"": ""158"", ""type"": ""Ability"", ""Faction"": ""Neutral"", ""cost"": ""3"", ""rule_text"": ""Target weapon or armor in your graveyard is returned to your hand."", ""item_dimensions"": ""{\u0022height\u0022: \u00223.5\u0022, \u0022width\u0022: \u00222.5\u0022, \u0022unit\u0022: \u0022inch\u0022}""}",d8327757-6eec-4e1a-b7dc-7fb962f9b10c,d4039eda-661c-4085-8257-fb531ec61436,Master Smith,Master Smith,"{""source_notes"": ""https://www.shadowera.com/cards.php""}",shadow-era_call-of-the-crystals_master-smith
95daa2a3-eace-4a09-b6a5-152be8ac47cf,item,1,0,"{""obverse"": ""shadow-era_call-of-the-crystals_melt-down"", ""reverse"": ""shadow-era_card-back""}","{""name_printed"": ""Melt Down"", ""number"": ""159"", ""type"": ""Ability"", ""Faction"": ""Neutral"", ""cost"": ""2"", ""rule_text"": ""Target item you control is destroyed. Draw two cards, or three cards if the item has cost 5 or greater."", ""item_dimensions"": ""{\u0022height\u0022: \u00223.5\u0022, \u0022width\u0022: \u00222.5\u0022, \u0022unit\u0022: \u0022inch\u0022}""}",d8327757-6eec-4e1a-b7dc-7fb962f9b10c,d4039eda-661c-4085-8257-fb531ec61436,Melt Down,Melt Down,"{""source_notes"": ""https://www.shadowera.com/cards.php""}",shadow-era_call-of-the-crystals_melt-down
2d726d61-665d-4ed5-a4ea-840c25ebf7e8,item,1,0,"{""obverse"": ""shadow-era_call-of-the-crystals_ley-line-nexus"", ""reverse"": ""shadow-era_card-back""}","{""name_printed"": ""Ley Line Nexus"", ""rarity"": ""R"", ""number"": ""160"", ""type"": ""Ability"", ""Faction"": ""Neutral"", ""cost"": ""5"", ""rule_text"": ""Target enemy item with cost of 5 or greater is destroyed. Draw a card."", ""item_dimensions"": ""{\u0022height\u0022: \u00223.5\u0022, \u0022width\u0022: \u00222.5\u0022, \u0022unit\u0022: \u0022inch\u0022}""}",d8327757-6eec-4e1a-b7dc-7fb962f9b10c,d4039eda-661c-4085-8257-fb531ec61436,Ley Line Nexus,Ley Line Nexus,"{""source_notes"": ""https://www.shadowera.com/cards.php""}",shadow-era_call-of-the-crystals_ley-line-nexus
6dc4fee6-b570-43cd-ac5c-75a67285dd43,item,1,0,"{""obverse"": ""shadow-era_call-of-the-crystals_nova-infusion-[foil]"", ""reverse"": ""shadow-era_card-back""}","{""name_printed"": ""Nova Infusion"", ""variant_disambiguator"": ""Foil"", ""rarity"": ""R"", ""number"": ""161"", ""print_finish"": ""Foil"", ""type"": ""Item"", ""Class"": ""Warrior, Elemental"", ""subtype"": ""Armor"", ""cost"": ""5"", ""attack"": ""5"", ""hp"": ""3"", ""rule_text"": ""At the start of each of your turns, your hero has all enemy attachments and negative effects removed, and takes 1 fire damage."", ""item_dimensions"": ""{\u0022height\u0022: \u00223.5\u0022, \u0022width\u0022: \u00222.5\u0022, \u0022unit\u0022: \u0022inch\u0022}""}",d8327757-6eec-4e1a-b7dc-7fb962f9b10c,d4039eda-661c-4085-8257-fb531ec61436,Nova Infusion,Nova Infusion [Foil],"{""source_notes"": ""https://www.shadowera.com/cards.php""}",shadow-era_call-of-the-crystals_nova-infusion-[foil]
b2bc22f8-63cd-4c6e-95df-9b233aebb5a4,item,1,0,"{""obverse"": ""shadow-era_call-of-the-crystals_snow-sapphire"", ""reverse"": ""shadow-era_card-back""}","{""name_printed"": ""Snow Sapphire"", ""rarity"": ""R"", ""number"": ""162"", ""type"": ""Item"", ""Class"": ""Warrior, Mage"", ""subtype"": ""Armor"", ""cost"": ""6"", ""attack"": ""4"", ""hp"": ""2"", ""rule_text"": ""When a hero or ally attacks your hero, that hero or ally is frozen (it can't attack, defend or use abilities) until the end of its controller's next turn."", ""item_dimensions"": ""{\u0022height\u0022: \u00223.5\u0022, \u0022width\u0022: \u00222.5\u0022, \u0022unit\u0022: \u0022inch\u0022}""}",d8327757-6eec-4e1a-b7dc-7fb962f9b10c,d4039eda-661c-4085-8257-fb531ec61436,Snow Sapphire,Snow Sapphire,"{""source_notes"": ""https://www.shadowera.com/cards.php""}",shadow-era_call-of-the-crystals_snow-sapphire
361486fd-71db-4d31-90ee-8e6ade466a96,first-party-document,0,0,"{""obverse"": ""shadow-era_call-of-the-crystals_violet-thunderstorm"", ""reverse"": ""shadow-era_card-back""}","{""name_printed"": ""Violet Thunderstorm"", ""rarity"": ""R"", ""number"": ""163"", ""type"": ""Item"", ""Class"": ""Warrior, Mage"", ""subtype"": ""Armor"", ""cost"": ""6"", ""attack"": ""4"", ""hp"": ""2"", ""rule_text"": ""When a hero or ally attacks your hero, that hero or ally takes 1 electrical damage."", ""item_dimensions"": ""{\u0022height\u0022: \u00223.5\u0022, \u0022width\u0022: \u00222.5\u0022, \u0022unit\u0022: \u0022inch\u0022}""}",d8327757-6eec-4e1a-b7dc-7fb962f9b10c,d4039eda-661c-4085-8257-fb531ec61436,Violet Thunderstorm,Violet Thunderstorm,"{""source_notes"": ""https://www.shadowera.com/cards.php""}",shadow-era_call-of-the-crystals_violet-thunderstorm
ab539d2c-b2df-4cef-a510-57fe5b29c1a2,first-party-document,0,0,"{""obverse"": ""shadow-era_call-of-the-crystals_armor-of-ages"", ""reverse"": ""shadow-era_card-back""}","{""name_printed"": ""Armor of Ages"", ""rarity"": ""E"", ""number"": ""164"", ""type"": ""Item"", ""Class"": ""Warrior, Elemental"", ""subtype"": ""Armor"", ""cost"": ""6"", ""attack"": ""3"", ""hp"": ""6"", ""rule_text"": ""Your hero can't attack or defend."", ""item_dimensions"": ""{\u0022height\u0022: \u00223.5\u0022, \u0022width\u0022: \u00222.5\u0022, \u0022unit\u0022: \u0022inch\u0022}""}",d8327757-6eec-4e1a-b7dc-7fb962f9b10c,d4039eda-661c-4085-8257-fb531ec61436,Armor of Ages,Armor of Ages,"{""source_notes"": ""https://www.shadowera.com/cards.php""}",shadow-era_call-of-the-crystals_armor-of-ages
f330014c-1578-449b-89ce-eaa08e0052ef,item,1,0,"{""obverse"": ""shadow-era_call-of-the-crystals_the-king's-pride"", ""reverse"": ""shadow-era_card-back""}","{""name_printed"": ""The King's Pride"", ""rarity"": ""E"", ""number"": ""165"", ""type"": ""Item"", ""Class"": ""Warrior, Priest"", ""subtype"": ""Armor"", ""cost"": ""7"", ""attack"": ""5"", ""hp"": ""2"", ""rule_text"": ""Friendly allies have +2 attack and +1 health."", ""item_dimensions"": ""{\u0022height\u0022: \u00223.5\u0022, \u0022width\u0022: \u00222.5\u0022, \u0022unit\u0022: \u0022inch\u0022}""}",d8327757-6eec-4e1a-b7dc-7fb962f9b10c,d4039eda-661c-4085-8257-fb531ec61436,The King's Pride,The King's Pride,"{""source_notes"": ""https://www.shadowera.com/cards.php""}",shadow-era_call-of-the-crystals_the-king's-pride
2450a7cf-9cb3-4745-8762-a13a01a94c6b,first-party-document,0,0,"{""obverse"": ""shadow-era_call-of-the-crystals_night-prowler"", ""reverse"": ""shadow-era_card-back""}","{""name_printed"": ""Night Prowler"", ""rarity"": ""R"", ""number"": ""166"", ""type"": ""Item"", ""Class"": ""Hunter, Rogue"", ""subtype"": ""Armor"", ""cost"": ""5"", ""attack"": ""1"", ""hp"": ""1"", ""rule_text"": ""When your hero deals combat damage to an opposing hero, take 1 card from its controller's hand at random and place it in your hand."", ""item_dimensions"": ""{\u0022height\u0022: \u00223.5\u0022, \u0022width\u0022: \u00222.5\u0022, \u0022unit\u0022: \u0022inch\u0022}""}",d8327757-6eec-4e1a-b7dc-7fb962f9b10c,d4039eda-661c-4085-8257-fb531ec61436,Night Prowler,Night Prowler,"{""source_notes"": ""https://www.shadowera.com/cards.php""}",shadow-era_call-of-the-crystals_night-prowler
5aba5028-a306-4432-b1bd-7500f35600ff,first-party-document,0,0,"{""obverse"": ""shadow-era_call-of-the-crystals_wrath-of-the-forest"", ""reverse"": ""shadow-era_card-back""}","{""name_printed"": ""Wrath of the Forest"", ""rarity"": ""R"", ""number"": ""167"", ""type"": ""Item"", ""Class"": ""Hunter, Wulven"", ""subtype"": ""Armor"", ""cost"": ""4"", ""attack"": ""4"", ""hp"": ""1"", ""rule_text"": ""When a friendly ally is killed, draw a card."", ""item_dimensions"": ""{\u0022height\u0022: \u00223.5\u0022, \u0022width\u0022: \u00222.5\u0022, \u0022unit\u0022: \u0022inch\u0022}""}",d8327757-6eec-4e1a-b7dc-7fb962f9b10c,d4039eda-661c-4085-8257-fb531ec61436,Wrath of the Forest,Wrath of the Forest,"{""source_notes"": ""https://www.shadowera.com/cards.php""}",shadow-era_call-of-the-crystals_wrath-of-the-forest
c6ac06bb-ca39-47d9-b87d-76f8e05702d5,first-party-document,0,0,"{""obverse"": ""shadow-era_call-of-the-crystals_crimson-vest"", ""reverse"": ""shadow-era_card-back""}","{""name_printed"": ""Crimson Vest"", ""rarity"": ""R"", ""number"": ""168"", ""type"": ""Item"", ""Class"": ""Hunter, Rogue"", ""subtype"": ""Armor"", ""cost"": ""6"", ""attack"": ""4"", ""hp"": ""2"", ""rule_text"": ""When an opposing ally is killed, your hero heals 2 damage."", ""item_dimensions"": ""{\u0022height\u0022: \u00223.5\u0022, \u0022width\u0022: \u00222.5\u0022, \u0022unit\u0022: \u0022inch\u0022}""}",d8327757-6eec-4e1a-b7dc-7fb962f9b10c,d4039eda-661c-4085-8257-fb531ec61436,Crimson Vest,Crimson Vest,"{""source_notes"": ""https://www.shadowera.com/cards.php""}",shadow-era_call-of-the-crystals_crimson-vest
6b556cb3-7575-435e-9dcd-a4f08bff6876,first-party-document,0,0,"{""obverse"": ""shadow-era_call-of-the-crystals_gravedigger's-cloak"", ""reverse"": ""shadow-era_card-back""}","{""name_printed"": ""Gravedigger's Cloak"", ""rarity"": ""R"", ""number"": ""169"", ""type"": ""Item"", ""Class"": ""Hunter, Rogue"", ""subtype"": ""Armor"", ""cost"": ""4"", ""attack"": ""3"", ""hp"": ""1"", ""rule_text"": ""2SE: Target opposing player has a random card from their graveyard placed into your hand."", ""item_dimensions"": ""{\u0022height\u0022: \u00223.5\u0022, \u0022width\u0022: \u00222.5\u0022, \u0022unit\u0022: \u0022inch\u0022}""}",d8327757-6eec-4e1a-b7dc-7fb962f9b10c,d4039eda-661c-4085-8257-fb531ec61436,Gravedigger's Cloak,Gravedigger's Cloak,"{""source_notes"": ""https://www.shadowera.com/cards.php""}",shadow-era_call-of-the-crystals_gravedigger's-cloak
3ff0e51f-eb7e-4974-b7e9-5c0362159254,first-party-document,0,0,"{""obverse"": ""shadow-era_call-of-the-crystals_cobraskin-wraps"", ""reverse"": ""shadow-era_card-back""}","{""name_printed"": ""Cobraskin Wraps"", ""rarity"": ""R"", ""number"": ""170"", ""type"": ""Item"", ""Class"": ""Hunter, Priest"", ""subtype"": ""Armor"", ""cost"": ""4"", ""attack"": ""3"", ""hp"": ""1"", ""rule_text"": ""When Cobraskin Wraps is summoned, all players remove 1 resource from play and you draw a card."", ""item_dimensions"": ""{\u0022height\u0022: \u00223.5\u0022, \u0022width\u0022: \u00222.5\u0022, \u0022unit\u0022: \u0022inch\u0022}""}",d8327757-6eec-4e1a-b7dc-7fb962f9b10c,d4039eda-661c-4085-8257-fb531ec61436,Cobraskin Wraps,Cobraskin Wraps,"{""source_notes"": ""https://www.shadowera.com/cards.php""}",shadow-era_call-of-the-crystals_cobraskin-wraps
ef18ca0c-96de-4cf7-aa0d-e4bcd0a876b6,item,1,0,"{""obverse"": ""shadow-era_call-of-the-crystals_black-garb"", ""reverse"": ""shadow-era_card-back""}","{""name_printed"": ""Black Garb"", ""rarity"": ""U"", ""number"": ""171"", ""type"": ""Item"", ""Class"": ""Rogue"", ""subtype"": ""Armor"", ""cost"": ""3"", ""attack"": ""2"", ""hp"": ""1"", ""rule_text"": ""When an ally deals combat damage to your hero, that ally is killed."", ""item_dimensions"": ""{\u0022height\u0022: \u00223.5\u0022, \u0022width\u0022: \u00222.5\u0022, \u0022unit\u0022: \u0022inch\u0022}""}",d8327757-6eec-4e1a-b7dc-7fb962f9b10c,d4039eda-661c-4085-8257-fb531ec61436,Black Garb,Black Garb,"{""source_notes"": ""https://www.shadowera.com/cards.php""}",shadow-era_call-of-the-crystals_black-garb
2c96653a-9610-4f42-8714-daf42cdbd153,item,1,0,"{""obverse"": ""shadow-era_call-of-the-crystals_dome-of-energy"", ""reverse"": ""shadow-era_card-back""}","{""name_printed"": ""Dome of Energy"", ""rarity"": ""U"", ""number"": ""172"", ""type"": ""Item"", ""Class"": ""Mage, Elemental"", ""subtype"": ""Armor"", ""cost"": ""3"", ""attack"": ""2"", ""hp"": ""2"", ""rule_text"": ""When an ally damages your hero, that ally loses 1 base attack."", ""item_dimensions"": ""{\u0022height\u0022: \u00223.5\u0022, \u0022width\u0022: \u00222.5\u0022, \u0022unit\u0022: \u0022inch\u0022}""}",d8327757-6eec-4e1a-b7dc-7fb962f9b10c,d4039eda-661c-4085-8257-fb531ec61436,Dome of Energy,Dome of Energy,"{""source_notes"": ""https://www.shadowera.com/cards.php""}",shadow-era_call-of-the-crystals_dome-of-energy
d5ab724b-bc5f-4e11-8907-927ed078a194,first-party-document,0,0,"{""obverse"": ""shadow-era_call-of-the-crystals_plate-armor"", ""reverse"": ""shadow-era_card-back""}","{""name_printed"": ""Plate Armor"", ""rarity"": ""U"", ""number"": ""173"", ""type"": ""Item"", ""Class"": ""Warrior, Priest"", ""subtype"": ""Armor"", ""cost"": ""3"", ""attack"": ""2"", ""hp"": ""2"", ""rule_text"": ""1SE: Target friendly ally gains +1 health."", ""item_dimensions"": ""{\u0022height\u0022: \u00223.5\u0022, \u0022width\u0022: \u00222.5\u0022, \u0022unit\u0022: \u0022inch\u0022}""}",d8327757-6eec-4e1a-b7dc-7fb962f9b10c,d4039eda-661c-4085-8257-fb531ec61436,Plate Armor,Plate Armor,"{""source_notes"": ""https://www.shadowera.com/cards.php""}",shadow-era_call-of-the-crystals_plate-armor
71b18f7b-614d-4a64-a431-d545b6d92a0b,item,1,0,"{""obverse"": ""shadow-era_call-of-the-crystals_moonlight-bracers"", ""reverse"": ""shadow-era_card-back""}","{""name_printed"": ""Moonlight Bracers"", ""rarity"": ""U"", ""number"": ""174"", ""type"": ""Item"", ""Class"": ""Hunter, Wulven"", ""subtype"": ""Armor"", ""cost"": ""3"", ""attack"": ""2"", ""hp"": ""2"", ""rule_text"": ""When Moonlight Bracers is destroyed while you control a weapon, that weapon gains +2 durability."", ""item_dimensions"": ""{\u0022height\u0022: \u00223.5\u0022, \u0022width\u0022: \u00222.5\u0022, \u0022unit\u0022: \u0022inch\u0022}""}",d8327757-6eec-4e1a-b7dc-7fb962f9b10c,d4039eda-661c-4085-8257-fb531ec61436,Moonlight Bracers,Moonlight Bracers,"{""source_notes"": ""https://www.shadowera.com/cards.php""}",shadow-era_call-of-the-crystals_moonlight-bracers
a64cc4c4-9425-4cf5-81dc-d9191f03f85c,item,1,0,"{""obverse"": ""shadow-era_call-of-the-crystals_mocking-armor-[foil]"", ""reverse"": ""shadow-era_card-back""}","{""name_printed"": ""Mocking Armor"", ""variant_disambiguator"": ""Foil"", ""rarity"": ""R"", ""number"": ""175"", ""print_finish"": ""Foil"", ""type"": ""Item"", ""Class"": ""Warrior, Elemental"", ""subtype"": ""Armor"", ""cost"": ""5"", ""attack"": ""2"", ""hp"": ""4"", ""rule_text"": ""Your hero has protector (allies without protector can't be targeted)."", ""item_dimensions"": ""{\u0022height\u0022: \u00223.5\u0022, \u0022width\u0022: \u00222.5\u0022, \u0022unit\u0022: \u0022inch\u0022}""}",d8327757-6eec-4e1a-b7dc-7fb962f9b10c,d4039eda-661c-4085-8257-fb531ec61436,Mocking Armor,Mocking Armor [Foil],"{""source_notes"": ""https://www.shadowera.com/cards.php""}",shadow-era_call-of-the-crystals_mocking-armor-[foil]
cf590deb-9aef-4eec-8277-eef851cddb76,item,1,0,"{""obverse"": ""shadow-era_call-of-the-crystals_legion-united"", ""reverse"": ""shadow-era_card-back""}","{""name_printed"": ""Legion United"", ""rarity"": ""R"", ""number"": ""176"", ""type"": ""Item"", ""Class"": ""Warrior, Priest"", ""subtype"": ""Armor"", ""cost"": ""5"", ""attack"": ""3"", ""hp"": ""3"", ""rule_text"": ""Ability damage to friendly allies is reduced by 2."", ""item_dimensions"": ""{\u0022height\u0022: \u00223.5\u0022, \u0022width\u0022: \u00222.5\u0022, \u0022unit\u0022: \u0022inch\u0022}""}",d8327757-6eec-4e1a-b7dc-7fb962f9b10c,d4039eda-661c-4085-8257-fb531ec61436,Legion United,Legion United,"{""source_notes"": ""https://www.shadowera.com/cards.php""}",shadow-era_call-of-the-crystals_legion-united
6d4614de-3304-4d51-9a72-acf925c69526,first-party-document,0,0,"{""obverse"": ""shadow-era_call-of-the-crystals_twice-enchanted-robe"", ""reverse"": ""shadow-era_card-back""}","{""name_printed"": ""Twice Enchanted Robe"", ""rarity"": ""R"", ""number"": ""177"", ""type"": ""Item"", ""Class"": ""Mage, Priest"", ""subtype"": ""Armor"", ""cost"": ""4"", ""attack"": ""4"", ""hp"": ""1"", ""rule_text"": ""When your hero takes damage while your deck is not empty, draw a card."", ""item_dimensions"": ""{\u0022height\u0022: \u00223.5\u0022, \u0022width\u0022: \u00222.5\u0022, \u0022unit\u0022: \u0022inch\u0022}""}",d8327757-6eec-4e1a-b7dc-7fb962f9b10c,d4039eda-661c-4085-8257-fb531ec61436,Twice Enchanted Robe,Twice Enchanted Robe,"{""source_notes"": ""https://www.shadowera.com/cards.php""}",shadow-era_call-of-the-crystals_twice-enchanted-robe
2d2ac3b8-6720-4a56-a924-ed5718634b75,first-party-document,0,0,"{""obverse"": ""shadow-era_call-of-the-crystals_shadow-armor"", ""reverse"": ""shadow-era_card-back""}","{""name_printed"": ""Shadow Armor"", ""rarity"": ""R"", ""number"": ""178"", ""type"": ""Item"", ""Class"": ""Wulven, Elemental"", ""subtype"": ""Armor"", ""cost"": ""6"", ""attack"": ""5"", ""hp"": ""2"", ""rule_text"": ""When an opposing ally is killed, your hero gains +1 shadow energy and takes 2 damage."", ""item_dimensions"": ""{\u0022height\u0022: \u00223.5\u0022, \u0022width\u0022: \u00222.5\u0022, \u0022unit\u0022: \u0022inch\u0022}""}",d8327757-6eec-4e1a-b7dc-7fb962f9b10c,d4039eda-661c-4085-8257-fb531ec61436,Shadow Armor,Shadow Armor,"{""source_notes"": ""https://www.shadowera.com/cards.php""}",shadow-era_call-of-the-crystals_shadow-armor
496b3860-aaea-43fb-8069-d6698035d0a3,item,1,0,"{""obverse"": ""shadow-era_call-of-the-crystals_crescendo"", ""reverse"": ""shadow-era_card-back""}","{""name_printed"": ""Crescendo"", ""rarity"": ""E"", ""number"": ""179"", ""type"": ""Item"", ""Class"": ""Mage, Wulven"", ""subtype"": ""Armor"", ""cost"": ""7"", ""attack"": ""4"", ""hp"": ""1"", ""rule_text"": ""At the start of each of your turns, Crescendo gains +1 defense. At the end of your turn, if Crescendo has 5 defense, it is destroyed and all opposing allies are killed."", ""item_dimensions"": ""{\u0022height\u0022: \u00223.5\u0022, \u0022width\u0022: \u00222.5\u0022, \u0022unit\u0022: \u0022inch\u0022}""}",d8327757-6eec-4e1a-b7dc-7fb962f9b10c,d4039eda-661c-4085-8257-fb531ec61436,Crescendo,Crescendo,"{""source_notes"": ""https://www.shadowera.com/cards.php""}",shadow-era_call-of-the-crystals_crescendo
3cf206a2-8942-4f58-8e39-b0068e98062f,item,1,0,"{""obverse"": ""shadow-era_call-of-the-crystals_spelleater-bands"", ""reverse"": ""shadow-era_card-back""}","{""name_printed"": ""Spelleater Bands"", ""rarity"": ""E"", ""number"": ""180"", ""type"": ""Item"", ""Class"": ""Hunter, Rogue"", ""subtype"": ""Armor"", ""cost"": ""6"", ""attack"": ""5"", ""hp"": ""1"", ""rule_text"": ""Ability damage to your hero is reduced to 0."", ""item_dimensions"": ""{\u0022height\u0022: \u00223.5\u0022, \u0022width\u0022: \u00222.5\u0022, \u0022unit\u0022: \u0022inch\u0022}""}",d8327757-6eec-4e1a-b7dc-7fb962f9b10c,d4039eda-661c-4085-8257-fb531ec61436,Spelleater Bands,Spelleater Bands,"{""source_notes"": ""https://www.shadowera.com/cards.php""}",shadow-era_call-of-the-crystals_spelleater-bands
69d280b0-68ee-42fe-a419-83186154c424,first-party-document,0,0,"{""obverse"": ""shadow-era_call-of-the-crystals_mournblade"", ""reverse"": ""shadow-era_card-back""}","{""name_printed"": ""Mournblade"", ""rarity"": ""R"", ""number"": ""181"", ""type"": ""Item"", ""Class"": ""Warrior, Priest"", ""subtype"": ""Weapon"", ""cost"": ""5"", ""attack"": ""0"", ""hp"": ""4"", ""rule_text"": ""When an ally is killed, Mournblade gains +1 base attack up to a maximum of 5."", ""item_dimensions"": ""{\u0022height\u0022: \u00223.5\u0022, \u0022width\u0022: \u00222.5\u0022, \u0022unit\u0022: \u0022inch\u0022}""}",d8327757-6eec-4e1a-b7dc-7fb962f9b10c,d4039eda-661c-4085-8257-fb531ec61436,Mournblade,Mournblade,"{""source_notes"": ""https://www.shadowera.com/cards.php""}",shadow-era_call-of-the-crystals_mournblade
4ea4fb22-d976-452f-ae55-9434e975af35,first-party-document,0,0,"{""obverse"": ""shadow-era_call-of-the-crystals_dimension-ripper"", ""reverse"": ""shadow-era_card-back""}","{""name_printed"": ""Dimension Ripper"", ""rarity"": ""E"", ""number"": ""182"", ""type"": ""Item"", ""Class"": ""Warrior, Elemental"", ""subtype"": ""Weapon"", ""cost"": ""4"", ""attack"": ""2"", ""hp"": ""3"", ""rule_text"": ""When your hero deals combat damage, each player in combat draws a card from the other player's deck."", ""item_dimensions"": ""{\u0022height\u0022: \u00223.5\u0022, \u0022width\u0022: \u00222.5\u0022, \u0022unit\u0022: \u0022inch\u0022}""}",d8327757-6eec-4e1a-b7dc-7fb962f9b10c,d4039eda-661c-4085-8257-fb531ec61436,Dimension Ripper,Dimension Ripper,"{""source_notes"": ""https://www.shadowera.com/cards.php""}",shadow-era_call-of-the-crystals_dimension-ripper
a02ed501-92b3-49a2-9788-7ce162b97bfd,item,1,0,"{""obverse"": ""shadow-era_call-of-the-crystals_berserker's-edge"", ""reverse"": ""shadow-era_card-back""}","{""name_printed"": ""Berserker's Edge"", ""rarity"": ""R"", ""number"": ""183"", ""type"": ""Item"", ""Class"": ""Warrior"", ""subtype"": ""Weapon"", ""cost"": ""5"", ""attack"": ""1"", ""hp"": ""4"", ""rule_text"": ""When your hero deals combat damage, Berserker's Edge gains +1 base attack."", ""item_dimensions"": ""{\u0022height\u0022: \u00223.5\u0022, \u0022width\u0022: \u00222.5\u0022, \u0022unit\u0022: \u0022inch\u0022}""}",d8327757-6eec-4e1a-b7dc-7fb962f9b10c,d4039eda-661c-4085-8257-fb531ec61436,Berserker's Edge,Berserker's Edge,"{""source_notes"": ""https://www.shadowera.com/cards.php""}",shadow-era_call-of-the-crystals_berserker's-edge
3171f2f8-041f-46fa-9618-0a43f7a97f89,item,1,0,"{""obverse"": ""shadow-era_call-of-the-crystals_jeweler's-dream"", ""reverse"": ""shadow-era_card-back""}","{""name_printed"": ""Jeweler's Dream"", ""rarity"": ""R"", ""number"": ""184"", ""type"": ""Item"", ""Class"": ""Warrior, Wulven"", ""subtype"": ""Weapon"", ""cost"": ""4"", ""attack"": ""1"", ""hp"": ""4"", ""rule_text"": ""When your hero attacks, 2 used resources are renewed."", ""item_dimensions"": ""{\u0022height\u0022: \u00223.5\u0022, \u0022width\u0022: \u00222.5\u0022, \u0022unit\u0022: \u0022inch\u0022}""}",d8327757-6eec-4e1a-b7dc-7fb962f9b10c,d4039eda-661c-4085-8257-fb531ec61436,Jeweler's Dream,Jeweler's Dream,"{""source_notes"": ""https://www.shadowera.com/cards.php""}",shadow-era_call-of-the-crystals_jeweler's-dream
3a388a0f-2389-4f5e-9966-0b81d5aa06d4,first-party-document,0,0,"{""obverse"": ""shadow-era_call-of-the-crystals_soul-seeker"", ""reverse"": ""shadow-era_card-back""}","{""name_printed"": ""Soul Seeker"", ""rarity"": ""E"", ""number"": ""185"", ""type"": ""Item"", ""Class"": ""Hunter"", ""subtype"": ""Weapon"", ""attack_type"": ""Bow"", ""cost"": ""5"", ""attack"": ""2"", ""hp"": ""4"", ""rule_text"": ""When your hero kills an ally in combat, your hero heals 3 damage."", ""item_dimensions"": ""{\u0022height\u0022: \u00223.5\u0022, \u0022width\u0022: \u00222.5\u0022, \u0022unit\u0022: \u0022inch\u0022}""}",d8327757-6eec-4e1a-b7dc-7fb962f9b10c,d4039eda-661c-4085-8257-fb531ec61436,Soul Seeker,Soul Seeker,"{""source_notes"": ""https://www.shadowera.com/cards.php""}",shadow-era_call-of-the-crystals_soul-seeker
0b0cc292-9755-4625-ac71-af6c6651d4f9,first-party-document,0,0,"{""obverse"": ""shadow-era_call-of-the-crystals_guardian's-oath"", ""reverse"": ""shadow-era_card-back""}","{""name_printed"": ""Guardian's Oath"", ""rarity"": ""R"", ""number"": ""186"", ""type"": ""Item"", ""Class"": ""Hunter"", ""subtype"": ""Weapon"", ""attack_type"": ""Bow"", ""cost"": ""5"", ""attack"": ""1"", ""hp"": ""5"", ""rule_text"": ""Your hero has defender (attacks first when defending). Guardian's Oath does +1 damage when your hero defends."", ""item_dimensions"": ""{\u0022height\u0022: \u00223.5\u0022, \u0022width\u0022: \u00222.5\u0022, \u0022unit\u0022: \u0022inch\u0022}""}",d8327757-6eec-4e1a-b7dc-7fb962f9b10c,d4039eda-661c-4085-8257-fb531ec61436,Guardian's Oath,Guardian's Oath,"{""source_notes"": ""https://www.shadowera.com/cards.php""}",shadow-era_call-of-the-crystals_guardian's-oath
6c334f43-915f-4c6b-9929-e5f74eb350d0,item,1,0,"{""obverse"": ""shadow-era_call-of-the-crystals_beetle-demon-bow"", ""reverse"": ""shadow-era_card-back""}","{""name_printed"": ""Beetle Demon Bow"", ""rarity"": ""R"", ""number"": ""187"", ""type"": ""Item"", ""Class"": ""Hunter"", ""subtype"": ""Weapon"", ""attack_type"": ""Bow"", ""cost"": ""4"", ""attack"": ""2"", ""hp"": ""3"", ""rule_text"": ""1SE: Beetle Demon Bow becomes an ally with 3 base attack and 5 health."", ""item_dimensions"": ""{\u0022height\u0022: \u00223.5\u0022, \u0022width\u0022: \u00222.5\u0022, \u0022unit\u0022: \u0022inch\u0022}""}",d8327757-6eec-4e1a-b7dc-7fb962f9b10c,d4039eda-661c-4085-8257-fb531ec61436,Beetle Demon Bow,Beetle Demon Bow,"{""source_notes"": ""https://www.shadowera.com/cards.php""}",shadow-era_call-of-the-crystals_beetle-demon-bow
deac4a81-c770-47b2-bf60-50896c7716c5,item,1,0,"{""obverse"": ""shadow-era_call-of-the-crystals_rusty-longsword"", ""reverse"": ""shadow-era_card-back""}","{""name_printed"": ""Rusty Longsword"", ""rarity"": ""U"", ""number"": ""188"", ""type"": ""Item"", ""Class"": ""Warrior"", ""subtype"": ""Weapon"", ""cost"": ""3"", ""attack"": ""2"", ""hp"": ""2"", ""rule_text"": ""When Rusty Longsword is summoned, your hero takes 1 damage and Rusty Longsword has +1 attack while attacking allies until the end of your turn."", ""item_dimensions"": ""{\u0022height\u0022: \u00223.5\u0022, \u0022width\u0022: \u00222.5\u0022, \u0022unit\u0022: \u0022inch\u0022}""}",d8327757-6eec-4e1a-b7dc-7fb962f9b10c,d4039eda-661c-4085-8257-fb531ec61436,Rusty Longsword,Rusty Longsword,"{""source_notes"": ""https://www.shadowera.com/cards.php""}",shadow-era_call-of-the-crystals_rusty-longsword
086f74bb-a3fd-4a3c-a813-5c5059e66220,item,1,0,"{""obverse"": ""shadow-era_call-of-the-crystals_wrath-of-summer"", ""reverse"": ""shadow-era_card-back""}","{""name_printed"": ""Wrath of Summer"", ""rarity"": ""R"", ""number"": ""189"", ""type"": ""Item"", ""Class"": ""Mage, Priest"", ""subtype"": ""Weapon"", ""attack_type"": ""Fire"", ""cost"": ""4"", ""attack"": ""1"", ""hp"": ""4"", ""rule_text"": ""1SE: Target opposing ally takes 1 fire damage and is set ablaze."", ""item_dimensions"": ""{\u0022height\u0022: \u00223.5\u0022, \u0022width\u0022: \u00222.5\u0022, \u0022unit\u0022: \u0022inch\u0022}""}",d8327757-6eec-4e1a-b7dc-7fb962f9b10c,d4039eda-661c-4085-8257-fb531ec61436,Wrath of Summer,Wrath of Summer,"{""source_notes"": ""https://www.shadowera.com/cards.php""}",shadow-era_call-of-the-crystals_wrath-of-summer
99a2de7c-4144-49bb-ab1b-98d8dcf2b905,first-party-document,0,0,"{""obverse"": ""shadow-era_call-of-the-crystals_voice-of-winter"", ""reverse"": ""shadow-era_card-back""}","{""name_printed"": ""Voice of Winter"", ""rarity"": ""R"", ""number"": ""190"", ""type"": ""Item"", ""Class"": ""Mage, Priest"", ""subtype"": ""Weapon"", ""attack_type"": ""Ice"", ""cost"": ""5"", ""attack"": ""1"", ""hp"": ""4"", ""rule_text"": ""When an ally is summoned, it is frozen (can't attack, defend or use abilities) for 2 turns."", ""item_dimensions"": ""{\u0022height\u0022: \u00223.5\u0022, \u0022width\u0022: \u00222.5\u0022, \u0022unit\u0022: \u0022inch\u0022}""}",d8327757-6eec-4e1a-b7dc-7fb962f9b10c,d4039eda-661c-4085-8257-fb531ec61436,Voice of Winter,Voice of Winter,"{""source_notes"": ""https://www.shadowera.com/cards.php""}",shadow-era_call-of-the-crystals_voice-of-winter
a90261b3-5c51-40d7-ba30-8453b0613f8a,item,1,0,"{""obverse"": ""shadow-era_call-of-the-crystals_wooden-staff"", ""reverse"": ""shadow-era_card-back""}","{""name_printed"": ""Wooden Staff"", ""rarity"": ""U"", ""number"": ""191"", ""type"": ""Item"", ""Class"": ""Mage, Priest"", ""subtype"": ""Weapon"", ""cost"": ""3"", ""attack"": ""1"", ""hp"": ""6"", ""rule_text"": ""Your hero has defender (attacks first when defending) and can't attack."", ""item_dimensions"": ""{\u0022height\u0022: \u00223.5\u0022, \u0022width\u0022: \u00222.5\u0022, \u0022unit\u0022: \u0022inch\u0022}""}",d8327757-6eec-4e1a-b7dc-7fb962f9b10c,d4039eda-661c-4085-8257-fb531ec61436,Wooden Staff,Wooden Staff,"{""source_notes"": ""https://www.shadowera.com/cards.php""}",shadow-era_call-of-the-crystals_wooden-staff
f0590248-5979-43c4-b78b-88f7f6f08165,item,1,0,"{""obverse"": ""shadow-era_call-of-the-crystals_sliver-of-shadow"", ""reverse"": ""shadow-era_card-back""}","{""name_printed"": ""Sliver of Shadow"", ""rarity"": ""U"", ""number"": ""192"", ""type"": ""Item"", ""Class"": ""Wulven, Elemental"", ""subtype"": ""Weapon"", ""cost"": ""3"", ""attack"": ""2"", ""hp"": ""2"", ""rule_text"": ""When Sliver of Shadow is summoned while your hero has no shadow energy, your hero gains +1 shadow energy."", ""item_dimensions"": ""{\u0022height\u0022: \u00223.5\u0022, \u0022width\u0022: \u00222.5\u0022, \u0022unit\u0022: \u0022inch\u0022}""}",d8327757-6eec-4e1a-b7dc-7fb962f9b10c,d4039eda-661c-4085-8257-fb531ec61436,Sliver of Shadow,Sliver of Shadow,"{""source_notes"": ""https://www.shadowera.com/cards.php""}",shadow-era_call-of-the-crystals_sliver-of-shadow
9f11115d-2287-48c2-9c63-effb213e43c2,item,1,0,"{""obverse"": ""shadow-era_call-of-the-crystals_wizent's-staff"", ""reverse"": ""shadow-era_card-back""}","{""name_printed"": ""Wizent's Staff"", ""rarity"": ""R"", ""number"": ""193"", ""type"": ""Item"", ""Class"": ""Priest"", ""subtype"": ""Weapon"", ""cost"": ""4"", ""attack"": ""1"", ""hp"": ""4"", ""rule_text"": ""1SE: Draw a card."", ""item_dimensions"": ""{\u0022height\u0022: \u00223.5\u0022, \u0022width\u0022: \u00222.5\u0022, \u0022unit\u0022: \u0022inch\u0022}""}",d8327757-6eec-4e1a-b7dc-7fb962f9b10c,d4039eda-661c-4085-8257-fb531ec61436,Wizent's Staff,Wizent's Staff,"{""source_notes"": ""https://www.shadowera.com/cards.php""}",shadow-era_call-of-the-crystals_wizent's-staff
8c28a026-d4fb-4884-8b23-c71174ab8c95,first-party-document,0,0,"{""obverse"": ""shadow-era_call-of-the-crystals_golden-katar"", ""reverse"": ""shadow-era_card-back""}","{""name_printed"": ""Golden Katar"", ""rarity"": ""R"", ""number"": ""194"", ""type"": ""Item"", ""Class"": ""Hunter, Rogue"", ""subtype"": ""Weapon"", ""cost"": ""5"", ""attack"": ""2"", ""hp"": ""2"", ""rule_text"": ""Golden Katar doesn't lose durability when your hero defends."", ""item_dimensions"": ""{\u0022height\u0022: \u00223.5\u0022, \u0022width\u0022: \u00222.5\u0022, \u0022unit\u0022: \u0022inch\u0022}""}",d8327757-6eec-4e1a-b7dc-7fb962f9b10c,d4039eda-661c-4085-8257-fb531ec61436,Golden Katar,Golden Katar,"{""source_notes"": ""https://www.shadowera.com/cards.php""}",shadow-era_call-of-the-crystals_golden-katar
0c482767-c1fc-4f49-bcc5-684ef6ba4f74,item,1,0,"{""obverse"": ""shadow-era_call-of-the-crystals_ghostmaker"", ""reverse"": ""shadow-era_card-back""}","{""name_printed"": ""Ghostmaker"", ""rarity"": ""R"", ""number"": ""195"", ""type"": ""Item"", ""Class"": ""Priest, Elemental"", ""subtype"": ""Weapon"", ""cost"": ""6"", ""attack"": ""1"", ""hp"": ""3"", ""rule_text"": ""When your hero damages another hero in combat, the top ally from your graveyard is returned to play with its health reduced to 1."", ""item_dimensions"": ""{\u0022height\u0022: \u00223.5\u0022, \u0022width\u0022: \u00222.5\u0022, \u0022unit\u0022: \u0022inch\u0022}""}",d8327757-6eec-4e1a-b7dc-7fb962f9b10c,d4039eda-661c-4085-8257-fb531ec61436,Ghostmaker,Ghostmaker,"{""source_notes"": ""https://www.shadowera.com/cards.php""}",shadow-era_call-of-the-crystals_ghostmaker
5cbd1763-0bfb-4398-bca8-812245372fdf,item,1,0,"{""obverse"": ""shadow-era_call-of-the-crystals_old-iron-dagger"", ""reverse"": ""shadow-era_card-back""}","{""name_printed"": ""Old Iron Dagger"", ""rarity"": ""U"", ""number"": ""196"", ""type"": ""Item"", ""Class"": ""Hunter, Rogue"", ""subtype"": ""Weapon"", ""cost"": ""4"", ""attack"": ""2"", ""hp"": ""2"", ""rule_text"": ""Old Iron Dagger does +1 damage when your hero defends."", ""item_dimensions"": ""{\u0022height\u0022: \u00223.5\u0022, \u0022width\u0022: \u00222.5\u0022, \u0022unit\u0022: \u0022inch\u0022}""}",d8327757-6eec-4e1a-b7dc-7fb962f9b10c,d4039eda-661c-4085-8257-fb531ec61436,Old Iron Dagger,Old Iron Dagger,"{""source_notes"": ""https://www.shadowera.com/cards.php""}",shadow-era_call-of-the-crystals_old-iron-dagger
70b971f2-9633-46db-9307-9eae6fd7c151,item,1,0,"{""obverse"": ""shadow-era_call-of-the-crystals_uprooted-tree"", ""reverse"": ""shadow-era_card-back""}","{""name_printed"": ""Uprooted Tree"", ""rarity"": ""R"", ""number"": ""197"", ""type"": ""Item"", ""Class"": ""Warrior, Wulven"", ""subtype"": ""Weapon"", ""cost"": ""4"", ""attack"": ""1"", ""hp"": ""5"", ""rule_text"": ""Hero armor doesn't reduce the damage done in combat by your hero."", ""item_dimensions"": ""{\u0022height\u0022: \u00223.5\u0022, \u0022width\u0022: \u00222.5\u0022, \u0022unit\u0022: \u0022inch\u0022}""}",d8327757-6eec-4e1a-b7dc-7fb962f9b10c,d4039eda-661c-4085-8257-fb531ec61436,Uprooted Tree,Uprooted Tree,"{""source_notes"": ""https://www.shadowera.com/cards.php""}",shadow-era_call-of-the-crystals_uprooted-tree
3915a3a5-1c4f-4be6-9917-f90b39f38cd4,item,1,0,"{""obverse"": ""shadow-era_call-of-the-crystals_anklebreaker"", ""reverse"": ""shadow-era_card-back""}","{""name_printed"": ""Anklebreaker"", ""rarity"": ""R"", ""number"": ""198"", ""type"": ""Item"", ""Class"": ""Rogue"", ""subtype"": ""Weapon"", ""cost"": ""5"", ""attack"": ""2"", ""hp"": ""4"", ""rule_text"": ""When your hero damages an ally in combat, that ally loses 1 base attack and is disabled for 1 turn."", ""item_dimensions"": ""{\u0022height\u0022: \u00223.5\u0022, \u0022width\u0022: \u00222.5\u0022, \u0022unit\u0022: \u0022inch\u0022}""}",d8327757-6eec-4e1a-b7dc-7fb962f9b10c,d4039eda-661c-4085-8257-fb531ec61436,Anklebreaker,Anklebreaker,"{""source_notes"": ""https://www.shadowera.com/cards.php""}",shadow-era_call-of-the-crystals_anklebreaker
7a7ea438-9509-44e8-9b74-551b5a1870e2,first-party-document,0,0,"{""obverse"": ""shadow-era_call-of-the-crystals_fangs-of-the-predator"", ""reverse"": ""shadow-era_card-back""}","{""name_printed"": ""Fangs of the Predator"", ""rarity"": ""E"", ""number"": ""199"", ""type"": ""Item"", ""Class"": ""Wulven"", ""subtype"": ""Weapon"", ""attack_type"": ""Claw"", ""cost"": ""5"", ""attack"": ""2"", ""hp"": ""4"", ""rule_text"": ""When your hero kills an ally in combat, Wulven allies you control have +1 attack until the end of the turn."", ""item_dimensions"": ""{\u0022height\u0022: \u00223.5\u0022, \u0022width\u0022: \u00222.5\u0022, \u0022unit\u0022: \u0022inch\u0022}""}",d8327757-6eec-4e1a-b7dc-7fb962f9b10c,d4039eda-661c-4085-8257-fb531ec61436,Fangs of the Predator,Fangs of the Predator,"{""source_notes"": ""https://www.shadowera.com/cards.php""}",shadow-era_call-of-the-crystals_fangs-of-the-predator
58e515c3-49a9-4efb-b071-366c84219042,first-party-document,0,0,"{""obverse"": ""shadow-era_call-of-the-crystals_dagger-of-unmaking"", ""reverse"": ""shadow-era_card-back""}","{""name_printed"": ""Dagger of Unmaking"", ""rarity"": ""E"", ""number"": ""200"", ""type"": ""Item"", ""Class"": ""Mage, Rogue"", ""subtype"": ""Weapon"", ""cost"": ""5"", ""attack"": ""1"", ""hp"": ""4"", ""rule_text"": ""When your hero deals non-fatal damage to an ally in combat, that ally is returned to its owner's hand."", ""item_dimensions"": ""{\u0022height\u0022: \u00223.5\u0022, \u0022width\u0022: \u00222.5\u0022, \u0022unit\u0022: \u0022inch\u0022}""}",d8327757-6eec-4e1a-b7dc-7fb962f9b10c,d4039eda-661c-4085-8257-fb531ec61436,Dagger of Unmaking,Dagger of Unmaking,"{""source_notes"": ""https://www.shadowera.com/cards.php""}",shadow-era_call-of-the-crystals_dagger-of-unmaking
12b1bdeb-40f7-4339-89d7-9df72f73600a,first-party-document,0,0,"{""obverse"": ""shadow-era_dark-prophecies_twilight-herald"", ""reverse"": ""shadow-era_card-back""}","{""name_printed"": ""Twilight Herald"", ""number"": ""1"", ""type"": ""Ally"", ""Faction"": ""Human"", ""subtype"": ""Twilight"", ""cost"": ""1"", ""attack"": ""1"", ""hp"": ""2"", ""rule_text"": ""0: Target friendly ally gains +1 base attack and +1 health, and Twilight Herald is killed at the end of your turn."", ""item_dimensions"": ""{\u0022height\u0022: \u00223.5\u0022, \u0022width\u0022: \u00222.5\u0022, \u0022unit\u0022: \u0022inch\u0022}""}",d8327757-6eec-4e1a-b7dc-7fb962f9b10c,2edb20d5-da8d-4ac0-a0fa-4e23ee9d18fa,Twilight Herald,Twilight Herald,"{""source_notes"": ""https://www.shadowera.com/cards.php""}",shadow-era_dark-prophecies_twilight-herald
d041087d-631c-4545-b812-0e7baa2cb490,first-party-document,0,0,"{""obverse"": ""shadow-era_dark-prophecies_gaderi-barbarian"", ""reverse"": ""shadow-era_card-back""}","{""name_printed"": ""Gaderi Barbarian"", ""number"": ""2"", ""type"": ""Ally"", ""Faction"": ""Human"", ""cost"": ""3"", ""attack"": ""3"", ""hp"": ""4"", ""rule_text"": ""Gaderi Barbarian has +1 attack while attacking allies with cost 4 or greater."", ""item_dimensions"": ""{\u0022height\u0022: \u00223.5\u0022, \u0022width\u0022: \u00222.5\u0022, \u0022unit\u0022: \u0022inch\u0022}""}",d8327757-6eec-4e1a-b7dc-7fb962f9b10c,2edb20d5-da8d-4ac0-a0fa-4e23ee9d18fa,Gaderi Barbarian,Gaderi Barbarian,"{""source_notes"": ""https://www.shadowera.com/cards.php""}",shadow-era_dark-prophecies_gaderi-barbarian
ac7fcb0a-b9b4-42e0-9822-d1913a0cf64f,first-party-document,0,0,"{""obverse"": ""shadow-era_dark-prophecies_mystic-of-the-vale"", ""reverse"": ""shadow-era_card-back""}","{""name_printed"": ""Mystic of the Vale"", ""rarity"": ""U"", ""number"": ""3"", ""type"": ""Ally"", ""Faction"": ""Human"", ""cost"": ""4"", ""attack"": ""2"", ""hp"": ""6"", ""rule_text"": ""2: Target attachment is returned to its owner's hand."", ""item_dimensions"": ""{\u0022height\u0022: \u00223.5\u0022, \u0022width\u0022: \u00222.5\u0022, \u0022unit\u0022: \u0022inch\u0022}""}",d8327757-6eec-4e1a-b7dc-7fb962f9b10c,2edb20d5-da8d-4ac0-a0fa-4e23ee9d18fa,Mystic of the Vale,Mystic of the Vale,"{""source_notes"": ""https://www.shadowera.com/cards.php""}",shadow-era_dark-prophecies_mystic-of-the-vale
3e7db2bc-c15c-43a5-8543-0e3cffab7f1a,first-party-document,0,0,"{""obverse"": ""shadow-era_dark-prophecies_artful-squire"", ""reverse"": ""shadow-era_card-back""}","{""name_printed"": ""Artful Squire"", ""number"": ""4"", ""type"": ""Ally"", ""Faction"": ""Human"", ""cost"": ""4"", ""attack"": ""2"", ""hp"": ""6"", ""rule_text"": ""When Artful Squire is summoned, you may destroy target enemy item with cost 4 or less and Artful Squire is placed in the graveyard."", ""item_dimensions"": ""{\u0022height\u0022: \u00223.5\u0022, \u0022width\u0022: \u00222.5\u0022, \u0022unit\u0022: \u0022inch\u0022}""}",d8327757-6eec-4e1a-b7dc-7fb962f9b10c,2edb20d5-da8d-4ac0-a0fa-4e23ee9d18fa,Artful Squire,Artful Squire,"{""source_notes"": ""https://www.shadowera.com/cards.php""}",shadow-era_dark-prophecies_artful-squire
14bcb9eb-f234-421c-ae83-556ce52d21e5,first-party-document,0,0,"{""obverse"": ""shadow-era_dark-prophecies_braxnorian-soldier"", ""reverse"": ""shadow-era_card-back""}","{""name_printed"": ""Braxnorian Soldier"", ""number"": ""5"", ""type"": ""Ally"", ""Faction"": ""Human"", ""cost"": ""5"", ""attack"": ""3"", ""hp"": ""6"", ""rule_text"": ""Opposing allies lose haste. Allies with 3 health or less can't attack Braxnorian Soldier."", ""item_dimensions"": ""{\u0022height\u0022: \u00223.5\u0022, \u0022width\u0022: \u00222.5\u0022, \u0022unit\u0022: \u0022inch\u0022}""}",d8327757-6eec-4e1a-b7dc-7fb962f9b10c,2edb20d5-da8d-4ac0-a0fa-4e23ee9d18fa,Braxnorian Soldier,Braxnorian Soldier,"{""source_notes"": ""https://www.shadowera.com/cards.php""}",shadow-era_dark-prophecies_braxnorian-soldier
9223ac2b-88c0-4e50-9b50-c1dc44c442b0,first-party-document,0,0,"{""obverse"": ""shadow-era_dark-prophecies_layarian-diplomat"", ""reverse"": ""shadow-era_card-back""}","{""name_printed"": ""Layarian Diplomat"", ""rarity"": ""U"", ""number"": ""6"", ""type"": ""Ally"", ""Faction"": ""Human"", ""cost"": ""2"", ""attack"": ""2"", ""hp"": ""2"", ""rule_text"": ""When Layarian Diplomat is summoned, target opposing ally loses all passive abilities until the start of your next turn."", ""item_dimensions"": ""{\u0022height\u0022: \u00223.5\u0022, \u0022width\u0022: \u00222.5\u0022, \u0022unit\u0022: \u0022inch\u0022}""}",d8327757-6eec-4e1a-b7dc-7fb962f9b10c,2edb20d5-da8d-4ac0-a0fa-4e23ee9d18fa,Layarian Diplomat,Layarian Diplomat,"{""source_notes"": ""https://www.shadowera.com/cards.php""}",shadow-era_dark-prophecies_layarian-diplomat
e9107e19-4dcc-4eb8-955a-10a400937463,first-party-document,0,0,"{""obverse"": ""shadow-era_dark-prophecies_spirit-warden"", ""reverse"": ""shadow-era_card-back""}","{""name_printed"": ""Spirit Warden"", ""number"": ""7"", ""type"": ""Ally"", ""Faction"": ""Human"", ""cost"": ""3"", ""attack"": ""2"", ""hp"": ""5"", ""rule_text"": ""Steadfast. Opposing players can't return allies from their graveyard to their hand. 0: Target ally in a graveyard is exiled (removed from the game)."", ""item_dimensions"": ""{\u0022height\u0022: \u00223.5\u0022, \u0022width\u0022: \u00222.5\u0022, \u0022unit\u0022: \u0022inch\u0022}""}",d8327757-6eec-4e1a-b7dc-7fb962f9b10c,2edb20d5-da8d-4ac0-a0fa-4e23ee9d18fa,Spirit Warden,Spirit Warden,"{""source_notes"": ""https://www.shadowera.com/cards.php""}",shadow-era_dark-prophecies_spirit-warden
0ef01bae-1d42-4030-ae9e-820594af6282,first-party-document,0,0,"{""obverse"": ""shadow-era_dark-prophecies_rider-of-ellos"", ""reverse"": ""shadow-era_card-back""}","{""name_printed"": ""Rider of Ellos"", ""number"": ""8"", ""type"": ""Ally"", ""Faction"": ""Human"", ""cost"": ""4"", ""attack"": ""4"", ""hp"": ""4"", ""rule_text"": ""All combat damage to Rider of Ellos from heroes is reduced to 1. While there is another friendly Rider of Ellos in play, Rider of Ellos has +1 attack."", ""item_dimensions"": ""{\u0022height\u0022: \u00223.5\u0022, \u0022width\u0022: \u00222.5\u0022, \u0022unit\u0022: \u0022inch\u0022}""}",d8327757-6eec-4e1a-b7dc-7fb962f9b10c,2edb20d5-da8d-4ac0-a0fa-4e23ee9d18fa,Rider of Ellos,Rider of Ellos,"{""source_notes"": ""https://www.shadowera.com/cards.php""}",shadow-era_dark-prophecies_rider-of-ellos
59a1f1fe-2c66-4aa8-9c66-4818c8ac9247,first-party-document,0,0,"{""obverse"": ""shadow-era_dark-prophecies_fleet-footed-messenger"", ""reverse"": ""shadow-era_card-back""}","{""name_printed"": ""Fleet-footed Messenger"", ""rarity"": ""U"", ""number"": ""9"", ""type"": ""Ally"", ""Faction"": ""Human"", ""cost"": ""3"", ""attack"": ""1"", ""hp"": ""5"", ""rule_text"": ""Haste (This ally can attack and use abilities in the turn he is summoned.) 1: Target card in your hand is shuffled into its owner's deck and you draw a card."", ""item_dimensions"": ""{\u0022height\u0022: \u00223.5\u0022, \u0022width\u0022: \u00222.5\u0022, \u0022unit\u0022: \u0022inch\u0022}""}",d8327757-6eec-4e1a-b7dc-7fb962f9b10c,2edb20d5-da8d-4ac0-a0fa-4e23ee9d18fa,Fleet-footed Messenger,Fleet-footed Messenger,"{""source_notes"": ""https://www.shadowera.com/cards.php""}",shadow-era_dark-prophecies_fleet-footed-messenger
a26d74c8-72ce-4033-9b03-9dba21727ee2,first-party-document,0,0,"{""obverse"": ""shadow-era_dark-prophecies_radiant-wisp"", ""reverse"": ""shadow-era_card-back""}","{""name_printed"": ""Radiant Wisp"", ""rarity"": ""U"", ""number"": ""10"", ""type"": ""Ally"", ""Faction"": ""Human"", ""subtype"": ""Homunculus"", ""attack_type"": ""Electric"", ""cost"": ""3"", ""attack"": ""1"", ""hp"": ""4"", ""rule_text"": ""Radiant Wisp has +1 attack and +1 health for each attachment it has. When Radiant Wisp dies, all its attachments that you control are placed in your hand."", ""item_dimensions"": ""{\u0022height\u0022: \u00223.5\u0022, \u0022width\u0022: \u00222.5\u0022, \u0022unit\u0022: \u0022inch\u0022}""}",d8327757-6eec-4e1a-b7dc-7fb962f9b10c,2edb20d5-da8d-4ac0-a0fa-4e23ee9d18fa,Radiant Wisp,Radiant Wisp,"{""source_notes"": ""https://www.shadowera.com/cards.php""}",shadow-era_dark-prophecies_radiant-wisp
42ee855c-e512-4a08-a6f9-23b13c3cc282,first-party-document,0,0,"{""obverse"": ""shadow-era_dark-prophecies_champion-of-irum"", ""reverse"": ""shadow-era_card-back""}","{""name_printed"": ""Champion of Irum"", ""rarity"": ""R"", ""number"": ""11"", ""type"": ""Ally"", ""Faction"": ""Human"", ""cost"": ""2"", ""attack"": ""1"", ""hp"": ""3"", ""rule_text"": ""Champion of Irum has +1 attack and +1 health for each opposing ally with cost 3 or greater, for a maximum of 2 opposing allies."", ""item_dimensions"": ""{\u0022height\u0022: \u00223.5\u0022, \u0022width\u0022: \u00222.5\u0022, \u0022unit\u0022: \u0022inch\u0022}""}",d8327757-6eec-4e1a-b7dc-7fb962f9b10c,2edb20d5-da8d-4ac0-a0fa-4e23ee9d18fa,Champion of Irum,Champion of Irum,"{""source_notes"": ""https://www.shadowera.com/cards.php""}",shadow-era_dark-prophecies_champion-of-irum
ccfcdfbd-ef09-458b-a6aa-e14aea27c08d,first-party-document,0,0,"{""obverse"": ""shadow-era_dark-prophecies_layarian-seductress"", ""reverse"": ""shadow-era_card-back""}","{""name_printed"": ""Layarian Seductress"", ""rarity"": ""R"", ""number"": ""12"", ""type"": ""Ally"", ""Faction"": ""Human"", ""cost"": ""3"", ""attack"": ""2"", ""hp"": ""4"", ""rule_text"": ""When Layarian Seductress is summoned, target opposing ally is disabled for 1 turn if its controller has resources greater than or equal to yours."", ""item_dimensions"": ""{\u0022height\u0022: \u00223.5\u0022, \u0022width\u0022: \u00222.5\u0022, \u0022unit\u0022: \u0022inch\u0022}""}",d8327757-6eec-4e1a-b7dc-7fb962f9b10c,2edb20d5-da8d-4ac0-a0fa-4e23ee9d18fa,Layarian Seductress,Layarian Seductress,"{""source_notes"": ""https://www.shadowera.com/cards.php""}",shadow-era_dark-prophecies_layarian-seductress
818ae28c-9c99-4f6a-aa85-5d8e8f4d0009,first-party-document,0,0,"{""obverse"": ""shadow-era_dark-prophecies_paladin-of-unaxio"", ""reverse"": ""shadow-era_card-back""}","{""name_printed"": ""Paladin of Unaxio"", ""rarity"": ""R"", ""number"": ""13"", ""type"": ""Ally"", ""Faction"": ""Human"", ""subtype"": ""Templar"", ""cost"": ""5"", ""attack"": ""3"", ""hp"": ""6"", ""rule_text"": ""Ice and fire damage to your hero and friendly allies is reduced by 1. 2: Target friendly hero or ally has all negative effects removed."", ""item_dimensions"": ""{\u0022height\u0022: \u00223.5\u0022, \u0022width\u0022: \u00222.5\u0022, \u0022unit\u0022: \u0022inch\u0022}""}",d8327757-6eec-4e1a-b7dc-7fb962f9b10c,2edb20d5-da8d-4ac0-a0fa-4e23ee9d18fa,Paladin of Unaxio,Paladin of Unaxio,"{""source_notes"": ""https://www.shadowera.com/cards.php""}",shadow-era_dark-prophecies_paladin-of-unaxio
c328bba6-1a32-4cfe-a549-e83905f9faa2,first-party-document,0,0,"{""obverse"": ""shadow-era_dark-prophecies_wymer-the-lionheart"", ""reverse"": ""shadow-era_card-back""}","{""name_printed"": ""Wymer the Lionheart"", ""rarity"": ""R"", ""number"": ""14"", ""type"": ""Ally"", ""Faction"": ""Human"", ""is_unique"": ""Unique"", ""cost"": ""4"", ""attack"": ""3"", ""hp"": ""5"", ""rule_text"": ""Steadfast. When Wymer the Lionheart kills an opposing ally, all friendly allies gain +1 health and your hero gains +2 health."", ""item_dimensions"": ""{\u0022height\u0022: \u00223.5\u0022, \u0022width\u0022: \u00222.5\u0022, \u0022unit\u0022: \u0022inch\u0022}""}",d8327757-6eec-4e1a-b7dc-7fb962f9b10c,2edb20d5-da8d-4ac0-a0fa-4e23ee9d18fa,Wymer the Lionheart,Wymer the Lionheart,"{""source_notes"": ""https://www.shadowera.com/cards.php""}",shadow-era_dark-prophecies_wymer-the-lionheart
c8bcf8fa-6115-4d1c-88a6-9a19511468e2,first-party-document,0,0,"{""obverse"": ""shadow-era_dark-prophecies_gunther,-general-of-balor"", ""reverse"": ""shadow-era_card-back""}","{""name_printed"": ""Gunther, General of Balor"", ""rarity"": ""E"", ""number"": ""15"", ""type"": ""Ally"", ""Faction"": ""Human"", ""subtype"": ""Templar"", ""is_unique"": ""Unique"", ""cost"": ""6"", ""attack"": ""2"", ""hp"": ""9"", ""rule_text"": ""Steadfast (this ally can't leave play unless he is killed.) 1: Friendly allies have +1 attack until the start of your next turn."", ""item_dimensions"": ""{\u0022height\u0022: \u00223.5\u0022, \u0022width\u0022: \u00222.5\u0022, \u0022unit\u0022: \u0022inch\u0022}""}",d8327757-6eec-4e1a-b7dc-7fb962f9b10c,2edb20d5-da8d-4ac0-a0fa-4e23ee9d18fa,"Gunther, General of Balor","Gunther, General of Balor","{""source_notes"": ""https://www.shadowera.com/cards.php""}","shadow-era_dark-prophecies_gunther,-general-of-balor"
77ddfaa0-c3f2-4ecf-af23-31908f013147,first-party-document,0,0,"{""obverse"": ""shadow-era_dark-prophecies_rotling"", ""reverse"": ""shadow-era_card-back""}","{""name_printed"": ""Rotling"", ""number"": ""16"", ""type"": ""Ally"", ""Faction"": ""Shadow"", ""subtype"": ""Homunculus"", ""attack_type"": ""Claw"", ""cost"": ""1"", ""attack"": ""1"", ""hp"": ""2"", ""rule_text"": ""When Rotling is summoned, you may exile (remove from the game) target ally in a graveyard and Rotling gains +1 base attack."", ""item_dimensions"": ""{\u0022height\u0022: \u00223.5\u0022, \u0022width\u0022: \u00222.5\u0022, \u0022unit\u0022: \u0022inch\u0022}""}",d8327757-6eec-4e1a-b7dc-7fb962f9b10c,2edb20d5-da8d-4ac0-a0fa-4e23ee9d18fa,Rotling,Rotling,"{""source_notes"": ""https://www.shadowera.com/cards.php""}",shadow-era_dark-prophecies_rotling
72faf7f3-2d10-479b-a8ca-0329311b3c04,first-party-document,0,0,"{""obverse"": ""shadow-era_dark-prophecies_twisted-familiar"", ""reverse"": ""shadow-era_card-back""}","{""name_printed"": ""Twisted Familiar"", ""number"": ""17"", ""type"": ""Ally"", ""Faction"": ""Shadow"", ""attack_type"": ""Claw"", ""cost"": ""2"", ""attack"": ""1"", ""hp"": ""4"", ""rule_text"": ""When an opposing hero or ally deals ability damage to Twisted Familiar, they take 2 damage. 0: 2 used resources are renewed, and Twisted Familiar is killed at the end of your turn."", ""item_dimensions"": ""{\u0022height\u0022: \u00223.5\u0022, \u0022width\u0022: \u00222.5\u0022, \u0022unit\u0022: \u0022inch\u0022}""}",d8327757-6eec-4e1a-b7dc-7fb962f9b10c,2edb20d5-da8d-4ac0-a0fa-4e23ee9d18fa,Twisted Familiar,Twisted Familiar,"{""source_notes"": ""https://www.shadowera.com/cards.php""}",shadow-era_dark-prophecies_twisted-familiar
acc83a89-9ec9-42a0-97a6-e97edddd605a,first-party-document,0,0,"{""obverse"": ""shadow-era_dark-prophecies_ironhide-karash"", ""reverse"": ""shadow-era_card-back""}","{""name_printed"": ""Ironhide Karash"", ""rarity"": ""U"", ""number"": ""18"", ""type"": ""Ally"", ""Faction"": ""Shadow"", ""attack_type"": ""Claw"", ""cost"": ""2"", ""attack"": ""2"", ""hp"": ""3"", ""rule_text"": ""When a hero or ally deals combat damage of 2 or less to Ironhide Karash, that damage is reduced to 0."", ""item_dimensions"": ""{\u0022height\u0022: \u00223.5\u0022, \u0022width\u0022: \u00222.5\u0022, \u0022unit\u0022: \u0022inch\u0022}""}",d8327757-6eec-4e1a-b7dc-7fb962f9b10c,2edb20d5-da8d-4ac0-a0fa-4e23ee9d18fa,Ironhide Karash,Ironhide Karash,"{""source_notes"": ""https://www.shadowera.com/cards.php""}",shadow-era_dark-prophecies_ironhide-karash
d6b42c43-1aef-4732-b921-a64e8fd911a8,first-party-document,0,0,"{""obverse"": ""shadow-era_dark-prophecies_bloodstained-marauder"", ""reverse"": ""shadow-era_card-back""}","{""name_printed"": ""Bloodstained Marauder"", ""number"": ""19"", ""type"": ""Ally"", ""Faction"": ""Shadow"", ""subtype"": ""Ravager"", ""cost"": ""3"", ""attack"": ""3"", ""hp"": ""4"", ""rule_text"": ""Bloodstained Marauder has +X attack, where X is the difference between its current and maximum health."", ""item_dimensions"": ""{\u0022height\u0022: \u00223.5\u0022, \u0022width\u0022: \u00222.5\u0022, \u0022unit\u0022: \u0022inch\u0022}""}",d8327757-6eec-4e1a-b7dc-7fb962f9b10c,2edb20d5-da8d-4ac0-a0fa-4e23ee9d18fa,Bloodstained Marauder,Bloodstained Marauder,"{""source_notes"": ""https://www.shadowera.com/cards.php""}",shadow-era_dark-prophecies_bloodstained-marauder
9322e82b-4013-43e9-98f6-06a32d5afa04,first-party-document,0,0,"{""obverse"": ""shadow-era_dark-prophecies_wulven-predator"", ""reverse"": ""shadow-era_card-back""}","{""name_printed"": ""Wulven Predator"", ""number"": ""20"", ""type"": ""Ally"", ""Faction"": ""Shadow"", ""subtype"": ""Wulven"", ""attack_type"": ""Claw"", ""cost"": ""3"", ""attack"": ""3"", ""hp"": ""4"", ""rule_text"": ""Wulven Predator can attack opposing heroes and allies regardless of stealth or protector."", ""item_dimensions"": ""{\u0022height\u0022: \u00223.5\u0022, \u0022width\u0022: \u00222.5\u0022, \u0022unit\u0022: \u0022inch\u0022}""}",d8327757-6eec-4e1a-b7dc-7fb962f9b10c,2edb20d5-da8d-4ac0-a0fa-4e23ee9d18fa,Wulven Predator,Wulven Predator,"{""source_notes"": ""https://www.shadowera.com/cards.php""}",shadow-era_dark-prophecies_wulven-predator
d24c3d61-de97-4482-9601-31172709f49e,first-party-document,0,0,"{""obverse"": ""shadow-era_dark-prophecies_disciple-of-aldmor"", ""reverse"": ""shadow-era_card-back""}","{""name_printed"": ""Disciple of Aldmor"", ""rarity"": ""U"", ""number"": ""21"", ""type"": ""Ally"", ""Faction"": ""Shadow"", ""subtype"": ""Aldmor"", ""cost"": ""4"", ""attack"": ""2"", ""hp"": ""6"", ""rule_text"": ""Disciple of Aldmor has immunity to abilities activated with shadow energy."", ""item_dimensions"": ""{\u0022height\u0022: \u00223.5\u0022, \u0022width\u0022: \u00222.5\u0022, \u0022unit\u0022: \u0022inch\u0022}""}",d8327757-6eec-4e1a-b7dc-7fb962f9b10c,2edb20d5-da8d-4ac0-a0fa-4e23ee9d18fa,Disciple of Aldmor,Disciple of Aldmor,"{""source_notes"": ""https://www.shadowera.com/cards.php""}",shadow-era_dark-prophecies_disciple-of-aldmor
9bde504b-92f3-44a7-8906-a75ee437b0c2,first-party-document,0,0,"{""obverse"": ""shadow-era_dark-prophecies_rust-weevil"", ""reverse"": ""shadow-era_card-back""}","{""name_printed"": ""Rust Weevil"", ""number"": ""22"", ""type"": ""Ally"", ""Faction"": ""Shadow"", ""attack_type"": ""Claw"", ""cost"": ""3"", ""attack"": ""2"", ""hp"": ""5"", ""rule_text"": ""When Rust Weevil is dealt combat damage by a hero, that hero's weapon loses 1 additional durability. When Rust Weevil is killed by combat damage from a hero, that hero's weapon is exiled."", ""item_dimensions"": ""{\u0022height\u0022: \u00223.5\u0022, \u0022width\u0022: \u00222.5\u0022, \u0022unit\u0022: \u0022inch\u0022}""}",d8327757-6eec-4e1a-b7dc-7fb962f9b10c,2edb20d5-da8d-4ac0-a0fa-4e23ee9d18fa,Rust Weevil,Rust Weevil,"{""source_notes"": ""https://www.shadowera.com/cards.php""}",shadow-era_dark-prophecies_rust-weevil
2b594a1d-20e5-4bd7-ba2c-80979731ba90,first-party-document,0,0,"{""obverse"": ""shadow-era_dark-prophecies_magma-jackal"", ""reverse"": ""shadow-era_card-back""}","{""name_printed"": ""Magma Jackal"", ""number"": ""23"", ""type"": ""Ally"", ""Faction"": ""Shadow"", ""attack_type"": ""Fire"", ""cost"": ""4"", ""attack"": ""3"", ""hp"": ""4"", ""rule_text"": ""When Magma Jackal is killed by an opposing hero, that hero takes 1 fire damage. When Magma Jackal is killed by an opposing ally, that ally is killed."", ""item_dimensions"": ""{\u0022height\u0022: \u00223.5\u0022, \u0022width\u0022: \u00222.5\u0022, \u0022unit\u0022: \u0022inch\u0022}""}",d8327757-6eec-4e1a-b7dc-7fb962f9b10c,2edb20d5-da8d-4ac0-a0fa-4e23ee9d18fa,Magma Jackal,Magma Jackal,"{""source_notes"": ""https://www.shadowera.com/cards.php""}",shadow-era_dark-prophecies_magma-jackal
eb0d93e1-2519-4b72-ae44-5faa72396b87,first-party-document,0,0,"{""obverse"": ""shadow-era_dark-prophecies_morbid-acolyte"", ""reverse"": ""shadow-era_card-back""}","{""name_printed"": ""Morbid Acolyte"", ""rarity"": ""U"", ""number"": ""24"", ""type"": ""Ally"", ""Faction"": ""Shadow"", ""cost"": ""3"", ""attack"": ""2"", ""hp"": ""5"", ""rule_text"": ""2: Target opposing ally loses all passive abilities until the start of your next turn."", ""item_dimensions"": ""{\u0022height\u0022: \u00223.5\u0022, \u0022width\u0022: \u00222.5\u0022, \u0022unit\u0022: \u0022inch\u0022}""}",d8327757-6eec-4e1a-b7dc-7fb962f9b10c,2edb20d5-da8d-4ac0-a0fa-4e23ee9d18fa,Morbid Acolyte,Morbid Acolyte,"{""source_notes"": ""https://www.shadowera.com/cards.php""}",shadow-era_dark-prophecies_morbid-acolyte
672eb9f0-c737-4738-8642-ee93b1f2e4ad,first-party-document,0,0,"{""obverse"": ""shadow-era_dark-prophecies_darkwood-wraith"", ""reverse"": ""shadow-era_card-back""}","{""name_printed"": ""Darkwood Wraith"", ""rarity"": ""U"", ""number"": ""25"", ""type"": ""Ally"", ""Faction"": ""Shadow"", ""attack_type"": ""Ice"", ""cost"": ""5"", ""attack"": ""3"", ""hp"": ""6"", ""rule_text"": ""When Darkwood Wraith is summoned, you may return target ally with cost 3 or less to its owner's hand."", ""item_dimensions"": ""{\u0022height\u0022: \u00223.5\u0022, \u0022width\u0022: \u00222.5\u0022, \u0022unit\u0022: \u0022inch\u0022}""}",d8327757-6eec-4e1a-b7dc-7fb962f9b10c,2edb20d5-da8d-4ac0-a0fa-4e23ee9d18fa,Darkwood Wraith,Darkwood Wraith,"{""source_notes"": ""https://www.shadowera.com/cards.php""}",shadow-era_dark-prophecies_darkwood-wraith
50da06ff-00cc-44da-bbe5-fc3f3d35f73b,first-party-document,0,0,"{""obverse"": ""shadow-era_dark-prophecies_death-collector"", ""reverse"": ""shadow-era_card-back""}","{""name_printed"": ""Death Collector"", ""rarity"": ""R"", ""number"": ""26"", ""type"": ""Ally"", ""Faction"": ""Shadow"", ""subtype"": ""Undead"", ""attack_type"": ""Electric"", ""cost"": ""3"", ""attack"": ""3"", ""hp"": ""4"", ""rule_text"": ""2: Target ally in a graveyard is exiled (removed from the game) and Death Collector gains +1 base attack and +1 health."", ""item_dimensions"": ""{\u0022height\u0022: \u00223.5\u0022, \u0022width\u0022: \u00222.5\u0022, \u0022unit\u0022: \u0022inch\u0022}""}",d8327757-6eec-4e1a-b7dc-7fb962f9b10c,2edb20d5-da8d-4ac0-a0fa-4e23ee9d18fa,Death Collector,Death Collector,"{""source_notes"": ""https://www.shadowera.com/cards.php""}",shadow-era_dark-prophecies_death-collector
a8f8b64b-65a8-4aec-b1f6-4da0c4230223,first-party-document,0,0,"{""obverse"": ""shadow-era_dark-prophecies_wulven-savage"", ""reverse"": ""shadow-era_card-back""}","{""name_printed"": ""Wulven Savage"", ""rarity"": ""R"", ""number"": ""27"", ""type"": ""Ally"", ""Faction"": ""Shadow"", ""subtype"": ""Wulven"", ""attack_type"": ""Claw"", ""cost"": ""4"", ""attack"": ""2"", ""hp"": ""2"", ""rule_text"": ""All combat damage to Wulven Savage is reduced to 0."", ""item_dimensions"": ""{\u0022height\u0022: \u00223.5\u0022, \u0022width\u0022: \u00222.5\u0022, \u0022unit\u0022: \u0022inch\u0022}""}",d8327757-6eec-4e1a-b7dc-7fb962f9b10c,2edb20d5-da8d-4ac0-a0fa-4e23ee9d18fa,Wulven Savage,Wulven Savage,"{""source_notes"": ""https://www.shadowera.com/cards.php""}",shadow-era_dark-prophecies_wulven-savage
2e3c7d47-075e-438f-a5bf-79dee40ae14c,first-party-document,0,0,"{""obverse"": ""shadow-era_dark-prophecies_furrion-terror"", ""reverse"": ""shadow-era_card-back""}","{""name_printed"": ""Furrion Terror"", ""rarity"": ""R"", ""number"": ""28"", ""type"": ""Ally"", ""Faction"": ""Shadow"", ""attack_type"": ""Fire"", ""cost"": ""5"", ""attack"": ""4"", ""hp"": ""3"", ""rule_text"": ""When Furrion Terror is summoned, all allies take 2 fire damage. Furrion Terror has immunity to fire damage."", ""item_dimensions"": ""{\u0022height\u0022: \u00223.5\u0022, \u0022width\u0022: \u00222.5\u0022, \u0022unit\u0022: \u0022inch\u0022}""}",d8327757-6eec-4e1a-b7dc-7fb962f9b10c,2edb20d5-da8d-4ac0-a0fa-4e23ee9d18fa,Furrion Terror,Furrion Terror,"{""source_notes"": ""https://www.shadowera.com/cards.php""}",shadow-era_dark-prophecies_furrion-terror
3690b195-7768-4d49-94aa-ecff03ff0b40,first-party-document,0,0,"{""obverse"": ""shadow-era_dark-prophecies_io-void-leviathan"", ""reverse"": ""shadow-era_card-back""}","{""name_printed"": ""Io Void Leviathan"", ""rarity"": ""R"", ""number"": ""29"", ""type"": ""Ally"", ""Faction"": ""Shadow"", ""attack_type"": ""Electric"", ""cost"": ""5"", ""attack"": ""2"", ""hp"": ""5"", ""rule_text"": ""When an ability is activated with shadow energy, Io Void Leviathan gains +1 base attack and +1 health."", ""item_dimensions"": ""{\u0022height\u0022: \u00223.5\u0022, \u0022width\u0022: \u00222.5\u0022, \u0022unit\u0022: \u0022inch\u0022}""}",d8327757-6eec-4e1a-b7dc-7fb962f9b10c,2edb20d5-da8d-4ac0-a0fa-4e23ee9d18fa,Io Void Leviathan,Io Void Leviathan,"{""source_notes"": ""https://www.shadowera.com/cards.php""}",shadow-era_dark-prophecies_io-void-leviathan
817f5885-4622-43f2-b0ba-d7457f68dd05,first-party-document,0,0,"{""obverse"": ""shadow-era_dark-prophecies_kairos-doombringer"", ""reverse"": ""shadow-era_card-back""}","{""name_printed"": ""Kairos Doombringer"", ""rarity"": ""E"", ""number"": ""30"", ""type"": ""Ally"", ""Faction"": ""Shadow"", ""is_unique"": ""Unique"", ""cost"": ""6"", ""attack"": ""4"", ""hp"": ""7"", ""rule_text"": ""Steadfast. When your hero is attacked by a hero or ally, Kairos attacks that hero or ally at the end of combat with ambush and +2 attack if able."", ""item_dimensions"": ""{\u0022height\u0022: \u00223.5\u0022, \u0022width\u0022: \u00222.5\u0022, \u0022unit\u0022: \u0022inch\u0022}""}",d8327757-6eec-4e1a-b7dc-7fb962f9b10c,2edb20d5-da8d-4ac0-a0fa-4e23ee9d18fa,Kairos Doombringer,Kairos Doombringer,"{""source_notes"": ""https://www.shadowera.com/cards.php""}",shadow-era_dark-prophecies_kairos-doombringer
042321df-5afb-454d-9538-3033550a0e5c,first-party-document,0,0,"{""obverse"": ""shadow-era_dark-prophecies_alert-and-able"", ""reverse"": ""shadow-era_card-back""}","{""name_printed"": ""Alert and Able"", ""number"": ""31"", ""type"": ""Ability"", ""Class"": ""Warrior"", ""subtype"": ""Attachment"", ""cost"": ""1"", ""rule_text"": ""Attach to target friendly ally until the start of your next turn. That ally has defender and +1 attack, and an additional +1 attack while it is the only friendly ally in play."", ""item_dimensions"": ""{\u0022height\u0022: \u00223.5\u0022, \u0022width\u0022: \u00222.5\u0022, \u0022unit\u0022: \u0022inch\u0022}""}",d8327757-6eec-4e1a-b7dc-7fb962f9b10c,2edb20d5-da8d-4ac0-a0fa-4e23ee9d18fa,Alert and Able,Alert and Able,"{""source_notes"": ""https://www.shadowera.com/cards.php""}",shadow-era_dark-prophecies_alert-and-able
c3d2bed3-b1c1-4b13-9fcc-9685d12f638a,first-party-document,0,0,"{""obverse"": ""shadow-era_dark-prophecies_battle-hardened"", ""reverse"": ""shadow-era_card-back""}","{""name_printed"": ""Battle Hardened"", ""number"": ""32"", ""type"": ""Ability"", ""Class"": ""Warrior"", ""subtype"": ""Support"", ""cost"": ""1"", ""rule_text"": ""Duration 1. Friendly allies have defender and all damage to them is reduced by 1."", ""item_dimensions"": ""{\u0022height\u0022: \u00223.5\u0022, \u0022width\u0022: \u00222.5\u0022, \u0022unit\u0022: \u0022inch\u0022}""}",d8327757-6eec-4e1a-b7dc-7fb962f9b10c,2edb20d5-da8d-4ac0-a0fa-4e23ee9d18fa,Battle Hardened,Battle Hardened,"{""source_notes"": ""https://www.shadowera.com/cards.php""}",shadow-era_dark-prophecies_battle-hardened
eefac802-b3ce-411c-942b-73c3aaf030b0,first-party-document,0,0,"{""obverse"": ""shadow-era_dark-prophecies_braxnorian-veteran"", ""reverse"": ""shadow-era_card-back""}","{""name_printed"": ""Braxnorian Veteran"", ""number"": ""33"", ""type"": ""Ally"", ""Class"": ""Warrior"", ""cost"": ""4"", ""attack"": ""3"", ""hp"": ""4"", ""rule_text"": ""When Braxnorian Veteran is summoned, you may return target Warrior attachment in your graveyard to your hand."", ""item_dimensions"": ""{\u0022height\u0022: \u00223.5\u0022, \u0022width\u0022: \u00222.5\u0022, \u0022unit\u0022: \u0022inch\u0022}""}",d8327757-6eec-4e1a-b7dc-7fb962f9b10c,2edb20d5-da8d-4ac0-a0fa-4e23ee9d18fa,Braxnorian Veteran,Braxnorian Veteran,"{""source_notes"": ""https://www.shadowera.com/cards.php""}",shadow-era_dark-prophecies_braxnorian-veteran
601cb837-25e1-4d11-9c86-cc717be51f11,first-party-document,0,0,"{""obverse"": ""shadow-era_dark-prophecies_lythite-coating"", ""reverse"": ""shadow-era_card-back""}","{""name_printed"": ""Lythite Coating"", ""number"": ""34"", ""type"": ""Ability"", ""Class"": ""Warrior"", ""subtype"": ""Attachment"", ""cost"": ""3"", ""rule_text"": ""Attach to target armor. That armor has +1 durability and can't be destroyed unless its durability is 0."", ""item_dimensions"": ""{\u0022height\u0022: \u00223.5\u0022, \u0022width\u0022: \u00222.5\u0022, \u0022unit\u0022: \u0022inch\u0022}""}",d8327757-6eec-4e1a-b7dc-7fb962f9b10c,2edb20d5-da8d-4ac0-a0fa-4e23ee9d18fa,Lythite Coating,Lythite Coating,"{""source_notes"": ""https://www.shadowera.com/cards.php""}",shadow-era_dark-prophecies_lythite-coating
ee90aa72-6333-405a-9130-4011eb0ad1e6,first-party-document,0,0,"{""obverse"": ""shadow-era_dark-prophecies_smith-shop"", ""reverse"": ""shadow-era_card-back""}","{""name_printed"": ""Smith Shop"", ""number"": ""35"", ""type"": ""Item"", ""Class"": ""Warrior"", ""subtype"": ""Artifact"", ""cost"": ""2"", ""rule_text"": ""Weapons and armor cost you 1 less resource to summon."", ""item_dimensions"": ""{\u0022height\u0022: \u00223.5\u0022, \u0022width\u0022: \u00222.5\u0022, \u0022unit\u0022: \u0022inch\u0022}""}",d8327757-6eec-4e1a-b7dc-7fb962f9b10c,2edb20d5-da8d-4ac0-a0fa-4e23ee9d18fa,Smith Shop,Smith Shop,"{""source_notes"": ""https://www.shadowera.com/cards.php""}",shadow-era_dark-prophecies_smith-shop
4715486d-68f1-4f2b-9ba9-2c1d64088db7,first-party-document,0,0,"{""obverse"": ""shadow-era_dark-prophecies_braxnorian-temptress"", ""reverse"": ""shadow-era_card-back""}","{""name_printed"": ""Braxnorian Temptress"", ""rarity"": ""U"", ""number"": ""36"", ""type"": ""Ally"", ""Class"": ""Warrior"", ""cost"": ""2"", ""attack"": ""2"", ""hp"": ""2"", ""rule_text"": ""Defender. When Braxnorian Temptress deals damage to a hero, that hero's weapons are returned to its owner's hand."", ""item_dimensions"": ""{\u0022height\u0022: \u00223.5\u0022, \u0022width\u0022: \u00222.5\u0022, \u0022unit\u0022: \u0022inch\u0022}""}",d8327757-6eec-4e1a-b7dc-7fb962f9b10c,2edb20d5-da8d-4ac0-a0fa-4e23ee9d18fa,Braxnorian Temptress,Braxnorian Temptress,"{""source_notes"": ""https://www.shadowera.com/cards.php""}",shadow-era_dark-prophecies_braxnorian-temptress
d7ac9567-0e3d-4c69-bd24-2b0273bad70d,first-party-document,0,0,"{""obverse"": ""shadow-era_dark-prophecies_killing-spree"", ""reverse"": ""shadow-era_card-back""}","{""name_printed"": ""Killing Spree"", ""number"": ""37"", ""type"": ""Ability"", ""Class"": ""Warrior"", ""cost"": ""2"", ""rule_text"": ""Weapons you control gain +1 durability. If your hero killed an ally in combat this turn, your hero is readied."", ""item_dimensions"": ""{\u0022height\u0022: \u00223.5\u0022, \u0022width\u0022: \u00222.5\u0022, \u0022unit\u0022: \u0022inch\u0022}""}",d8327757-6eec-4e1a-b7dc-7fb962f9b10c,2edb20d5-da8d-4ac0-a0fa-4e23ee9d18fa,Killing Spree,Killing Spree,"{""source_notes"": ""https://www.shadowera.com/cards.php""}",shadow-era_dark-prophecies_killing-spree
93d6284e-de80-4186-a73a-362c950f449c,first-party-document,0,0,"{""obverse"": ""shadow-era_dark-prophecies_yari-spearman"", ""reverse"": ""shadow-era_card-back""}","{""name_printed"": ""Yari Spearman"", ""rarity"": ""U"", ""number"": ""38"", ""type"": ""Ally"", ""Class"": ""Warrior"", ""subtype"": ""Yari"", ""cost"": ""3"", ""attack"": ""1"", ""hp"": ""4"", ""rule_text"": ""Protector. Yari Spearman has +1 attack and +1 health for every other friendly ally with protector."", ""item_dimensions"": ""{\u0022height\u0022: \u00223.5\u0022, \u0022width\u0022: \u00222.5\u0022, \u0022unit\u0022: \u0022inch\u0022}""}",d8327757-6eec-4e1a-b7dc-7fb962f9b10c,2edb20d5-da8d-4ac0-a0fa-4e23ee9d18fa,Yari Spearman,Yari Spearman,"{""source_notes"": ""https://www.shadowera.com/cards.php""}",shadow-era_dark-prophecies_yari-spearman
3cd3ae53-e948-44a9-81e2-1bad12200a2f,first-party-document,0,0,"{""obverse"": ""shadow-era_dark-prophecies_wild-berserker"", ""reverse"": ""shadow-era_card-back""}","{""name_printed"": ""Wild Berserker"", ""rarity"": ""R"", ""number"": ""39"", ""type"": ""Ally"", ""Class"": ""Warrior"", ""cost"": ""5"", ""attack"": ""2"", ""hp"": ""4"", ""rule_text"": ""Haste. Wild Berserker has +2 attack while in combat with allies."", ""item_dimensions"": ""{\u0022height\u0022: \u00223.5\u0022, \u0022width\u0022: \u00222.5\u0022, \u0022unit\u0022: \u0022inch\u0022}""}",d8327757-6eec-4e1a-b7dc-7fb962f9b10c,2edb20d5-da8d-4ac0-a0fa-4e23ee9d18fa,Wild Berserker,Wild Berserker,"{""source_notes"": ""https://www.shadowera.com/cards.php""}",shadow-era_dark-prophecies_wild-berserker
cf0747fb-6e5a-4e92-99f0-e379a0677262,first-party-document,0,0,"{""obverse"": ""shadow-era_dark-prophecies_stalwart-battleguard"", ""reverse"": ""shadow-era_card-back""}","{""name_printed"": ""Stalwart Battleguard"", ""rarity"": ""U"", ""number"": ""40"", ""type"": ""Ally"", ""Class"": ""Warrior"", ""cost"": ""4"", ""attack"": ""3"", ""hp"": ""5"", ""rule_text"": ""While Stalwart Battleguard is adjacent to your hero, he has +2 attack and +2 health."", ""item_dimensions"": ""{\u0022height\u0022: \u00223.5\u0022, \u0022width\u0022: \u00222.5\u0022, \u0022unit\u0022: \u0022inch\u0022}""}",d8327757-6eec-4e1a-b7dc-7fb962f9b10c,2edb20d5-da8d-4ac0-a0fa-4e23ee9d18fa,Stalwart Battleguard,Stalwart Battleguard,"{""source_notes"": ""https://www.shadowera.com/cards.php""}",shadow-era_dark-prophecies_stalwart-battleguard
51d49a0b-ed0b-4d3a-b040-c7b38a5a0b8d,first-party-document,0,0,"{""obverse"": ""shadow-era_dark-prophecies_scrying-eye"", ""reverse"": ""shadow-era_card-back""}","{""name_printed"": ""Scrying Eye"", ""number"": ""41"", ""type"": ""Item"", ""Class"": ""Mage"", ""subtype"": ""Artifact"", ""cost"": ""2"", ""rule_text"": ""You can view the top card of each opposing player's deck. 1SE: Target opposing player shuffles their deck."", ""item_dimensions"": ""{\u0022height\u0022: \u00223.5\u0022, \u0022width\u0022: \u00222.5\u0022, \u0022unit\u0022: \u0022inch\u0022}""}",d8327757-6eec-4e1a-b7dc-7fb962f9b10c,2edb20d5-da8d-4ac0-a0fa-4e23ee9d18fa,Scrying Eye,Scrying Eye,"{""source_notes"": ""https://www.shadowera.com/cards.php""}",shadow-era_dark-prophecies_scrying-eye
83b7e135-cacd-4e12-8228-417af3b1a07a,first-party-document,0,0,"{""obverse"": ""shadow-era_dark-prophecies_kelvin's-charm"", ""reverse"": ""shadow-era_card-back""}","{""name_printed"": ""Kelvin's Charm"", ""number"": ""42"", ""type"": ""Ability"", ""Class"": ""Mage"", ""subtype"": ""Attachment"", ""cost"": ""3"", ""rule_text"": ""Attach to target weapon you control. When your hero deals combat damage to an ally, that ally is frozen for 2 turns and takes 2 ice damage if it was already frozen."", ""item_dimensions"": ""{\u0022height\u0022: \u00223.5\u0022, \u0022width\u0022: \u00222.5\u0022, \u0022unit\u0022: \u0022inch\u0022}""}",d8327757-6eec-4e1a-b7dc-7fb962f9b10c,2edb20d5-da8d-4ac0-a0fa-4e23ee9d18fa,Kelvin's Charm,Kelvin's Charm,"{""source_notes"": ""https://www.shadowera.com/cards.php""}",shadow-era_dark-prophecies_kelvin's-charm
6e0888c0-b3d0-4629-894e-f58328c92e56,first-party-document,0,0,"{""obverse"": ""shadow-era_dark-prophecies_meteor-shower"", ""reverse"": ""shadow-era_card-back""}","{""name_printed"": ""Meteor Shower"", ""number"": ""43"", ""type"": ""Ability"", ""Class"": ""Mage"", ""cost"": ""4"", ""rule_text"": ""Target opposing ally takes 5 fire damage and all opposing allies are set ablaze."", ""item_dimensions"": ""{\u0022height\u0022: \u00223.5\u0022, \u0022width\u0022: \u00222.5\u0022, \u0022unit\u0022: \u0022inch\u0022}""}",d8327757-6eec-4e1a-b7dc-7fb962f9b10c,2edb20d5-da8d-4ac0-a0fa-4e23ee9d18fa,Meteor Shower,Meteor Shower,"{""source_notes"": ""https://www.shadowera.com/cards.php""}",shadow-era_dark-prophecies_meteor-shower
339fdf57-c26f-4d28-a688-10cec54bab02,first-party-document,0,0,"{""obverse"": ""shadow-era_dark-prophecies_undying-bond"", ""reverse"": ""shadow-era_card-back""}","{""name_printed"": ""Undying Bond"", ""number"": ""44"", ""type"": ""Ability"", ""Class"": ""Mage"", ""subtype"": ""Support"", ""cost"": ""3"", ""rule_text"": ""Duration 1. When Undying Bond is summoned, the top 2 allies in your graveyard are returned to your hand. Friendly Undead allies have +1 attack."", ""item_dimensions"": ""{\u0022height\u0022: \u00223.5\u0022, \u0022width\u0022: \u00222.5\u0022, \u0022unit\u0022: \u0022inch\u0022}""}",d8327757-6eec-4e1a-b7dc-7fb962f9b10c,2edb20d5-da8d-4ac0-a0fa-4e23ee9d18fa,Undying Bond,Undying Bond,"{""source_notes"": ""https://www.shadowera.com/cards.php""}",shadow-era_dark-prophecies_undying-bond
435fb364-c33f-49b4-bc98-14960cef420d,first-party-document,0,0,"{""obverse"": ""shadow-era_dark-prophecies_consuming-fear"", ""reverse"": ""shadow-era_card-back""}","{""name_printed"": ""Consuming Fear"", ""rarity"": ""U"", ""number"": ""45"", ""type"": ""Ability"", ""Class"": ""Mage"", ""subtype"": ""Attachment"", ""cost"": ""2"", ""rule_text"": ""Attach to target opposing ally. When that ally attacks or activates an ability, it loses 2 base attack and is reduced by 2 health."", ""item_dimensions"": ""{\u0022height\u0022: \u00223.5\u0022, \u0022width\u0022: \u00222.5\u0022, \u0022unit\u0022: \u0022inch\u0022}""}",d8327757-6eec-4e1a-b7dc-7fb962f9b10c,2edb20d5-da8d-4ac0-a0fa-4e23ee9d18fa,Consuming Fear,Consuming Fear,"{""source_notes"": ""https://www.shadowera.com/cards.php""}",shadow-era_dark-prophecies_consuming-fear
d4ae8e0a-581a-4cfb-96f2-14eefddea9e9,first-party-document,0,0,"{""obverse"": ""shadow-era_dark-prophecies_sun-blighted-one"", ""reverse"": ""shadow-era_card-back""}","{""name_printed"": ""Sun-blighted One"", ""rarity"": ""U"", ""number"": ""46"", ""type"": ""Ally"", ""Class"": ""Mage"", ""cost"": ""3"", ""attack"": ""3"", ""hp"": ""3"", ""rule_text"": ""When Sun-blighted One enters play, your hero gains +1 shadow energy and opposing heroes take 1 damage. When Sun-blighted One enters play from a graveyard, it gains +2 base attack and +1 health."", ""item_dimensions"": ""{\u0022height\u0022: \u00223.5\u0022, \u0022width\u0022: \u00222.5\u0022, \u0022unit\u0022: \u0022inch\u0022}""}",d8327757-6eec-4e1a-b7dc-7fb962f9b10c,2edb20d5-da8d-4ac0-a0fa-4e23ee9d18fa,Sun-blighted One,Sun-blighted One,"{""source_notes"": ""https://www.shadowera.com/cards.php""}",shadow-era_dark-prophecies_sun-blighted-one
9cdddeb1-6e61-411b-806a-16f2c62f1dd2,first-party-document,0,0,"{""obverse"": ""shadow-era_dark-prophecies_static-shock"", ""reverse"": ""shadow-era_card-back""}","{""name_printed"": ""Static Shock"", ""number"": ""47"", ""type"": ""Ability"", ""Class"": ""Mage"", ""cost"": ""2"", ""rule_text"": ""Up to 3 different target opposing heroes or allies take 1 electrical damage."", ""item_dimensions"": ""{\u0022height\u0022: \u00223.5\u0022, \u0022width\u0022: \u00222.5\u0022, \u0022unit\u0022: \u0022inch\u0022}""}",d8327757-6eec-4e1a-b7dc-7fb962f9b10c,2edb20d5-da8d-4ac0-a0fa-4e23ee9d18fa,Static Shock,Static Shock,"{""source_notes"": ""https://www.shadowera.com/cards.php""}",shadow-era_dark-prophecies_static-shock
24fd41bc-cd72-4817-80f5-5e1eb2e38203,first-party-document,0,0,"{""obverse"": ""shadow-era_dark-prophecies_voltar's-ring"", ""reverse"": ""shadow-era_card-back""}","{""name_printed"": ""Voltar's Ring"", ""rarity"": ""U"", ""number"": ""48"", ""type"": ""Item"", ""Class"": ""Mage"", ""subtype"": ""Artifact"", ""cost"": ""4"", ""rule_text"": ""Electrical damage to opposing heroes and allies is increased by 1. Electrical damage to your hero and friendly allies is reduced by 1."", ""item_dimensions"": ""{\u0022height\u0022: \u00223.5\u0022, \u0022width\u0022: \u00222.5\u0022, \u0022unit\u0022: \u0022inch\u0022}""}",d8327757-6eec-4e1a-b7dc-7fb962f9b10c,2edb20d5-da8d-4ac0-a0fa-4e23ee9d18fa,Voltar's Ring,Voltar's Ring,"{""source_notes"": ""https://www.shadowera.com/cards.php""}",shadow-era_dark-prophecies_voltar's-ring
374bd414-24fc-48cb-b48e-cae5eb3db60a,first-party-document,0,0,"{""obverse"": ""shadow-era_dark-prophecies_shatter-ice"", ""reverse"": ""shadow-era_card-back""}","{""name_printed"": ""Shatter Ice"", ""number"": ""49"", ""type"": ""Ability"", ""Class"": ""Mage"", ""cost"": ""4"", ""rule_text"": ""All frozen allies are exiled (removed from the game)."", ""item_dimensions"": ""{\u0022height\u0022: \u00223.5\u0022, \u0022width\u0022: \u00222.5\u0022, \u0022unit\u0022: \u0022inch\u0022}""}",d8327757-6eec-4e1a-b7dc-7fb962f9b10c,2edb20d5-da8d-4ac0-a0fa-4e23ee9d18fa,Shatter Ice,Shatter Ice,"{""source_notes"": ""https://www.shadowera.com/cards.php""}",shadow-era_dark-prophecies_shatter-ice
b90da699-14c3-4c04-95d2-862f74adb740,first-party-document,0,0,"{""obverse"": ""shadow-era_dark-prophecies_frosted-urigon"", ""reverse"": ""shadow-era_card-back""}","{""name_printed"": ""Frosted Urigon"", ""rarity"": ""R"", ""number"": ""50"", ""type"": ""Ally"", ""Class"": ""Mage"", ""attack_type"": ""Ice"", ""cost"": ""5"", ""attack"": ""3"", ""hp"": ""6"", ""rule_text"": ""When Frosted Urigon deals combat damage to an ally, that ally is frozen for 1 turn. Frosted Urigon can't be frozen and has immunity to ice damage."", ""item_dimensions"": ""{\u0022height\u0022: \u00223.5\u0022, \u0022width\u0022: \u00222.5\u0022, \u0022unit\u0022: \u0022inch\u0022}""}",d8327757-6eec-4e1a-b7dc-7fb962f9b10c,2edb20d5-da8d-4ac0-a0fa-4e23ee9d18fa,Frosted Urigon,Frosted Urigon,"{""source_notes"": ""https://www.shadowera.com/cards.php""}",shadow-era_dark-prophecies_frosted-urigon
aafdc8db-0cbb-4098-8151-5b1b28a9550d,first-party-document,0,0,"{""obverse"": ""shadow-era_dark-prophecies_rolling-boulders"", ""reverse"": ""shadow-era_card-back""}","{""name_printed"": ""Rolling Boulders"", ""number"": ""51"", ""type"": ""Item"", ""Class"": ""Hunter"", ""subtype"": ""Trap"", ""cost"": ""3"", ""rule_text"": ""Play face down. The next opposing ally with cost 5 or greater that enters play is returned to its owner's hand regardless of steadfast: draw a card."", ""item_dimensions"": ""{\u0022height\u0022: \u00223.5\u0022, \u0022width\u0022: \u00222.5\u0022, \u0022unit\u0022: \u0022inch\u0022}""}",d8327757-6eec-4e1a-b7dc-7fb962f9b10c,2edb20d5-da8d-4ac0-a0fa-4e23ee9d18fa,Rolling Boulders,Rolling Boulders,"{""source_notes"": ""https://www.shadowera.com/cards.php""}",shadow-era_dark-prophecies_rolling-boulders
33ca6bf9-ea0b-4e14-a1ac-8a554d1a8c7f,first-party-document,0,0,"{""obverse"": ""shadow-era_dark-prophecies_snare-trap"", ""reverse"": ""shadow-era_card-back""}","{""name_printed"": ""Snare Trap"", ""number"": ""52"", ""type"": ""Item"", ""Class"": ""Hunter"", ""subtype"": ""Trap"", ""cost"": ""2"", ""rule_text"": ""Play face down. The next opposing ally with cost 3 or less that is summoned is exiled."", ""item_dimensions"": ""{\u0022height\u0022: \u00223.5\u0022, \u0022width\u0022: \u00222.5\u0022, \u0022unit\u0022: \u0022inch\u0022}""}",d8327757-6eec-4e1a-b7dc-7fb962f9b10c,2edb20d5-da8d-4ac0-a0fa-4e23ee9d18fa,Snare Trap,Snare Trap,"{""source_notes"": ""https://www.shadowera.com/cards.php""}",shadow-era_dark-prophecies_snare-trap
17cbfc7a-ef80-4224-911c-47d2f86c804a,first-party-document,0,0,"{""obverse"": ""shadow-era_dark-prophecies_bounty-hunter"", ""reverse"": ""shadow-era_card-back""}","{""name_printed"": ""Bounty Hunter"", ""number"": ""53"", ""type"": ""Ability"", ""Class"": ""Hunter"", ""subtype"": ""Attachment"", ""cost"": ""2"", ""rule_text"": ""Attach to your hero. When an opposing disabled or poisoned ally is killed on your turn, it is placed on top of your resources."", ""item_dimensions"": ""{\u0022height\u0022: \u00223.5\u0022, \u0022width\u0022: \u00222.5\u0022, \u0022unit\u0022: \u0022inch\u0022}""}",d8327757-6eec-4e1a-b7dc-7fb962f9b10c,2edb20d5-da8d-4ac0-a0fa-4e23ee9d18fa,Bounty Hunter,Bounty Hunter,"{""source_notes"": ""https://www.shadowera.com/cards.php""}",shadow-era_dark-prophecies_bounty-hunter
1fbe4b72-a049-4703-88ea-c54ee7097eda,first-party-document,0,0,"{""obverse"": ""shadow-era_dark-prophecies_change-of-plans"", ""reverse"": ""shadow-era_card-back""}","{""name_printed"": ""Change of Plans"", ""number"": ""54"", ""type"": ""Ability"", ""Class"": ""Hunter"", ""cost"": ""2"", ""rule_text"": ""Target player has each card in their hand shuffled into its owner's deck and draws an equal number of cards. If you target yourself, draw a card."", ""item_dimensions"": ""{\u0022height\u0022: \u00223.5\u0022, \u0022width\u0022: \u00222.5\u0022, \u0022unit\u0022: \u0022inch\u0022}""}",d8327757-6eec-4e1a-b7dc-7fb962f9b10c,2edb20d5-da8d-4ac0-a0fa-4e23ee9d18fa,Change of Plans,Change of Plans,"{""source_notes"": ""https://www.shadowera.com/cards.php""}",shadow-era_dark-prophecies_change-of-plans
1371be9d-b62c-4dff-bbf7-c3972b19695c,first-party-document,0,0,"{""obverse"": ""shadow-era_dark-prophecies_survivalist"", ""reverse"": ""shadow-era_card-back""}","{""name_printed"": ""Survivalist"", ""number"": ""55"", ""type"": ""Ability"", ""Class"": ""Hunter"", ""subtype"": ""Attachment"", ""cost"": ""4"", ""rule_text"": ""Attach to your hero. When an item you control is destroyed, draw a card."", ""item_dimensions"": ""{\u0022height\u0022: \u00223.5\u0022, \u0022width\u0022: \u00222.5\u0022, \u0022unit\u0022: \u0022inch\u0022}""}",d8327757-6eec-4e1a-b7dc-7fb962f9b10c,2edb20d5-da8d-4ac0-a0fa-4e23ee9d18fa,Survivalist,Survivalist,"{""source_notes"": ""https://www.shadowera.com/cards.php""}",shadow-era_dark-prophecies_survivalist
ff91a28f-f2f3-4a08-9ca8-f87a97e35e37,first-party-document,0,0,"{""obverse"": ""shadow-era_dark-prophecies_enchanted-oak"", ""reverse"": ""shadow-era_card-back""}","{""name_printed"": ""Enchanted Oak"", ""number"": ""56"", ""type"": ""Item"", ""Class"": ""Hunter"", ""subtype"": ""Trap"", ""cost"": ""2"", ""rule_text"": ""Play face down. The next opposing ability to be summoned has no effect and is returned to its owner's hand."", ""item_dimensions"": ""{\u0022height\u0022: \u00223.5\u0022, \u0022width\u0022: \u00222.5\u0022, \u0022unit\u0022: \u0022inch\u0022}""}",d8327757-6eec-4e1a-b7dc-7fb962f9b10c,2edb20d5-da8d-4ac0-a0fa-4e23ee9d18fa,Enchanted Oak,Enchanted Oak,"{""source_notes"": ""https://www.shadowera.com/cards.php""}",shadow-era_dark-prophecies_enchanted-oak
9dfe5d5c-8cec-4594-bd84-cccef618682d,first-party-document,0,0,"{""obverse"": ""shadow-era_dark-prophecies_jade-of-the-forest"", ""reverse"": ""shadow-era_card-back""}","{""name_printed"": ""Jade of the Forest"", ""rarity"": ""U"", ""number"": ""57"", ""type"": ""Ally"", ""Class"": ""Hunter"", ""attack_type"": ""Bow"", ""is_unique"": ""Unique"", ""cost"": ""3"", ""attack"": ""3"", ""hp"": ""4"", ""rule_text"": ""2SE: Until the start of your next turn, Jade of the Forest and her attachments can't be targeted and she has +2 attack."", ""item_dimensions"": ""{\u0022height\u0022: \u00223.5\u0022, \u0022width\u0022: \u00222.5\u0022, \u0022unit\u0022: \u0022inch\u0022}""}",d8327757-6eec-4e1a-b7dc-7fb962f9b10c,2edb20d5-da8d-4ac0-a0fa-4e23ee9d18fa,Jade of the Forest,Jade of the Forest,"{""source_notes"": ""https://www.shadowera.com/cards.php""}",shadow-era_dark-prophecies_jade-of-the-forest
aaf2da14-465f-49a0-9871-d1b919ee216e,first-party-document,0,0,"{""obverse"": ""shadow-era_dark-prophecies_wendith-eagle-eye"", ""reverse"": ""shadow-era_card-back""}","{""name_printed"": ""Wendith Eagle-eye"", ""rarity"": ""R"", ""number"": ""58"", ""type"": ""Ally"", ""Class"": ""Hunter"", ""attack_type"": ""Bow"", ""is_unique"": ""Unique"", ""cost"": ""5"", ""attack"": ""3"", ""hp"": ""6"", ""rule_text"": ""Ambush (Attacks by this ally can't be defended.) Weapons you control have +1 attack while in combat with allies."", ""item_dimensions"": ""{\u0022height\u0022: \u00223.5\u0022, \u0022width\u0022: \u00222.5\u0022, \u0022unit\u0022: \u0022inch\u0022}""}",d8327757-6eec-4e1a-b7dc-7fb962f9b10c,2edb20d5-da8d-4ac0-a0fa-4e23ee9d18fa,Wendith Eagle-eye,Wendith Eagle-eye,"{""source_notes"": ""https://www.shadowera.com/cards.php""}",shadow-era_dark-prophecies_wendith-eagle-eye
50594a73-f5bb-4c41-bf47-ca262716261e,first-party-document,0,0,"{""obverse"": ""shadow-era_dark-prophecies_the-perfect-shot"", ""reverse"": ""shadow-era_card-back""}","{""name_printed"": ""The Perfect Shot"", ""rarity"": ""U"", ""number"": ""59"", ""type"": ""Ability"", ""Class"": ""Hunter"", ""cost"": ""4"", ""rule_text"": ""Target opposing ally is reduced to 1 health."", ""item_dimensions"": ""{\u0022height\u0022: \u00223.5\u0022, \u0022width\u0022: \u00222.5\u0022, \u0022unit\u0022: \u0022inch\u0022}""}",d8327757-6eec-4e1a-b7dc-7fb962f9b10c,2edb20d5-da8d-4ac0-a0fa-4e23ee9d18fa,The Perfect Shot,The Perfect Shot,"{""source_notes"": ""https://www.shadowera.com/cards.php""}",shadow-era_dark-prophecies_the-perfect-shot
2658e69e-ba9e-4199-93c9-b57dfc2de340,first-party-document,0,0,"{""obverse"": ""shadow-era_dark-prophecies_master-trapsetter"", ""reverse"": ""shadow-era_card-back""}","{""name_printed"": ""Master Trapsetter"", ""rarity"": ""U"", ""number"": ""60"", ""type"": ""Ally"", ""Class"": ""Hunter"", ""cost"": ""1"", ""attack"": ""1"", ""hp"": ""2"", ""rule_text"": ""Defender. Master Trapsetter has +1 attack while you control a trap. 2: Until the end of your turn, the next trap you summon costs 3 less resources."", ""item_dimensions"": ""{\u0022height\u0022: \u00223.5\u0022, \u0022width\u0022: \u00222.5\u0022, \u0022unit\u0022: \u0022inch\u0022}""}",d8327757-6eec-4e1a-b7dc-7fb962f9b10c,2edb20d5-da8d-4ac0-a0fa-4e23ee9d18fa,Master Trapsetter,Master Trapsetter,"{""source_notes"": ""https://www.shadowera.com/cards.php""}",shadow-era_dark-prophecies_master-trapsetter
7fbde5c9-43c0-44ba-9a00-df5312b35659,first-party-document,0,0,"{""obverse"": ""shadow-era_dark-prophecies_sacred-fire-walker"", ""reverse"": ""shadow-era_card-back""}","{""name_printed"": ""Sacred Fire Walker"", ""number"": ""61"", ""type"": ""Ability"", ""Class"": ""Priest"", ""subtype"": ""Attachment"", ""cost"": ""2"", ""rule_text"": ""Attach to target friendly ally. That ally has immunity to fire damage. When that ally enters combat with an opposing hero or ally, it deals 1 arcane damage and 1 fire damage to them."", ""item_dimensions"": ""{\u0022height\u0022: \u00223.5\u0022, \u0022width\u0022: \u00222.5\u0022, \u0022unit\u0022: \u0022inch\u0022}""}",d8327757-6eec-4e1a-b7dc-7fb962f9b10c,2edb20d5-da8d-4ac0-a0fa-4e23ee9d18fa,Sacred Fire Walker,Sacred Fire Walker,"{""source_notes"": ""https://www.shadowera.com/cards.php""}",shadow-era_dark-prophecies_sacred-fire-walker
1c43c8ea-6890-4c91-8be3-c19539ed591a,first-party-document,0,0,"{""obverse"": ""shadow-era_dark-prophecies_forgiveness"", ""reverse"": ""shadow-era_card-back""}","{""name_printed"": ""Forgiveness"", ""number"": ""62"", ""type"": ""Ability"", ""Class"": ""Priest"", ""cost"": ""2"", ""rule_text"": ""The bottom card in your resource pile is returned to your hand. Your hero gains +1 shadow energy and Forgiveness is placed on top of your resources."", ""item_dimensions"": ""{\u0022height\u0022: \u00223.5\u0022, \u0022width\u0022: \u00222.5\u0022, \u0022unit\u0022: \u0022inch\u0022}""}",d8327757-6eec-4e1a-b7dc-7fb962f9b10c,2edb20d5-da8d-4ac0-a0fa-4e23ee9d18fa,Forgiveness,Forgiveness,"{""source_notes"": ""https://www.shadowera.com/cards.php""}",shadow-era_dark-prophecies_forgiveness
47165626-c0fb-4545-a602-1c4eb1a2028d,first-party-document,0,0,"{""obverse"": ""shadow-era_dark-prophecies_devoted-lightbearer"", ""reverse"": ""shadow-era_card-back""}","{""name_printed"": ""Devoted Lightbearer"", ""number"": ""63"", ""type"": ""Ally"", ""Class"": ""Priest"", ""cost"": ""3"", ""attack"": ""2"", ""hp"": ""5"", ""rule_text"": ""Allies with cost 5 or greater cost you 1 less resource to summon. While Devoted Lightbearer has an attachment, he has steadfast and +1 attack."", ""item_dimensions"": ""{\u0022height\u0022: \u00223.5\u0022, \u0022width\u0022: \u00222.5\u0022, \u0022unit\u0022: \u0022inch\u0022}""}",d8327757-6eec-4e1a-b7dc-7fb962f9b10c,2edb20d5-da8d-4ac0-a0fa-4e23ee9d18fa,Devoted Lightbearer,Devoted Lightbearer,"{""source_notes"": ""https://www.shadowera.com/cards.php""}",shadow-era_dark-prophecies_devoted-lightbearer
ff158472-be45-4f00-8d9d-9d44144f7ab4,first-party-document,0,0,"{""obverse"": ""shadow-era_dark-prophecies_banish"", ""reverse"": ""shadow-era_card-back""}","{""name_printed"": ""Banish"", ""rarity"": ""U"", ""number"": ""64"", ""type"": ""Ability"", ""Class"": ""Priest"", ""cost"": ""3"", ""rule_text"": ""Target ally is shuffled into its owner's deck."", ""item_dimensions"": ""{\u0022height\u0022: \u00223.5\u0022, \u0022width\u0022: \u00222.5\u0022, \u0022unit\u0022: \u0022inch\u0022}""}",d8327757-6eec-4e1a-b7dc-7fb962f9b10c,2edb20d5-da8d-4ac0-a0fa-4e23ee9d18fa,Banish,Banish,"{""source_notes"": ""https://www.shadowera.com/cards.php""}",shadow-era_dark-prophecies_banish
ffdd70fe-a942-4bed-8eb0-416073078745,first-party-document,0,0,"{""obverse"": ""shadow-era_dark-prophecies_mass-purification"", ""reverse"": ""shadow-era_card-back""}","{""name_printed"": ""Mass Purification"", ""number"": ""65"", ""type"": ""Ability"", ""Class"": ""Priest"", ""cost"": ""5"", ""rule_text"": ""All attachments are destroyed."", ""item_dimensions"": ""{\u0022height\u0022: \u00223.5\u0022, \u0022width\u0022: \u00222.5\u0022, \u0022unit\u0022: \u0022inch\u0022}""}",d8327757-6eec-4e1a-b7dc-7fb962f9b10c,2edb20d5-da8d-4ac0-a0fa-4e23ee9d18fa,Mass Purification,Mass Purification,"{""source_notes"": ""https://www.shadowera.com/cards.php""}",shadow-era_dark-prophecies_mass-purification
0acaed4f-66b7-40da-909a-c8d18c0ea090,first-party-document,0,0,"{""obverse"": ""shadow-era_dark-prophecies_incense-of-atonement"", ""reverse"": ""shadow-era_card-back""}","{""name_printed"": ""Incense of Atonement"", ""number"": ""66"", ""type"": ""Item"", ""Class"": ""Priest"", ""subtype"": ""Artifact"", ""cost"": ""2"", ""rule_text"": ""When an attachment is summoned, all opposing heroes take 1 arcane damage."", ""item_dimensions"": ""{\u0022height\u0022: \u00223.5\u0022, \u0022width\u0022: \u00222.5\u0022, \u0022unit\u0022: \u0022inch\u0022}""}",d8327757-6eec-4e1a-b7dc-7fb962f9b10c,2edb20d5-da8d-4ac0-a0fa-4e23ee9d18fa,Incense of Atonement,Incense of Atonement,"{""source_notes"": ""https://www.shadowera.com/cards.php""}",shadow-era_dark-prophecies_incense-of-atonement
42db48fa-7f97-4424-8eae-62687e69ccc7,first-party-document,0,0,"{""obverse"": ""shadow-era_dark-prophecies_divine-connection"", ""reverse"": ""shadow-era_card-back""}","{""name_printed"": ""Divine Connection"", ""rarity"": ""U"", ""number"": ""67"", ""type"": ""Ability"", ""Class"": ""Priest"", ""subtype"": ""Attachment"", ""cost"": ""2"", ""rule_text"": ""Attach to your hero. Attachments cost you 1 less resource to summon. When attachments you control on friendly allies are destroyed, those attachments are shuffled into their owner's deck."", ""item_dimensions"": ""{\u0022height\u0022: \u00223.5\u0022, \u0022width\u0022: \u00222.5\u0022, \u0022unit\u0022: \u0022inch\u0022}""}",d8327757-6eec-4e1a-b7dc-7fb962f9b10c,2edb20d5-da8d-4ac0-a0fa-4e23ee9d18fa,Divine Connection,Divine Connection,"{""source_notes"": ""https://www.shadowera.com/cards.php""}",shadow-era_dark-prophecies_divine-connection
4d38cb61-79e7-46ef-b286-9b015253ae81,first-party-document,0,0,"{""obverse"": ""shadow-era_dark-prophecies_lingering-essence"", ""reverse"": ""shadow-era_card-back""}","{""name_printed"": ""Lingering Essence"", ""number"": ""68"", ""type"": ""Ability"", ""Class"": ""Priest"", ""subtype"": ""Attachment"", ""cost"": ""2"", ""rule_text"": ""Attach to your hero. When you target and destroy an attachment, your hero gains +1 shadow energy and heals 3 damage."", ""item_dimensions"": ""{\u0022height\u0022: \u00223.5\u0022, \u0022width\u0022: \u00222.5\u0022, \u0022unit\u0022: \u0022inch\u0022}""}",d8327757-6eec-4e1a-b7dc-7fb962f9b10c,2edb20d5-da8d-4ac0-a0fa-4e23ee9d18fa,Lingering Essence,Lingering Essence,"{""source_notes"": ""https://www.shadowera.com/cards.php""}",shadow-era_dark-prophecies_lingering-essence
ad74f338-4785-4a76-9b00-7cfe53375527,first-party-document,0,0,"{""obverse"": ""shadow-era_dark-prophecies_elizabeth-winterborn"", ""reverse"": ""shadow-era_card-back""}","{""name_printed"": ""Elizabeth Winterborn"", ""rarity"": ""R"", ""number"": ""69"", ""type"": ""Ally"", ""Class"": ""Priest"", ""is_unique"": ""Unique"", ""cost"": ""4"", ""attack"": ""1"", ""hp"": ""5"", ""rule_text"": ""Elizabeth has +2 attack while damaged. When you end your turn while Elizabeth is undamaged, draw a card."", ""item_dimensions"": ""{\u0022height\u0022: \u00223.5\u0022, \u0022width\u0022: \u00222.5\u0022, \u0022unit\u0022: \u0022inch\u0022}""}",d8327757-6eec-4e1a-b7dc-7fb962f9b10c,2edb20d5-da8d-4ac0-a0fa-4e23ee9d18fa,Elizabeth Winterborn,Elizabeth Winterborn,"{""source_notes"": ""https://www.shadowera.com/cards.php""}",shadow-era_dark-prophecies_elizabeth-winterborn
2b4b2cac-d8e1-49ac-9278-9a6b521d9c96,first-party-document,0,0,"{""obverse"": ""shadow-era_dark-prophecies_knight-of-the-golden-dawn"", ""reverse"": ""shadow-era_card-back""}","{""name_printed"": ""Knight of the Golden Dawn"", ""rarity"": ""U"", ""number"": ""70"", ""type"": ""Ally"", ""Class"": ""Priest"", ""cost"": ""5"", ""attack"": ""4"", ""hp"": ""6"", ""rule_text"": ""When Knight of the Golden Dawn is healed, your hero heals an equal amount. Knight of the Golden Dawn has +1 attack for each attachment it has."", ""item_dimensions"": ""{\u0022height\u0022: \u00223.5\u0022, \u0022width\u0022: \u00222.5\u0022, \u0022unit\u0022: \u0022inch\u0022}""}",d8327757-6eec-4e1a-b7dc-7fb962f9b10c,2edb20d5-da8d-4ac0-a0fa-4e23ee9d18fa,Knight of the Golden Dawn,Knight of the Golden Dawn,"{""source_notes"": ""https://www.shadowera.com/cards.php""}",shadow-era_dark-prophecies_knight-of-the-golden-dawn
0dc3d8f1-b2a6-48bb-be38-f29fe86f3209,first-party-document,0,0,"{""obverse"": ""shadow-era_dark-prophecies_night-owl"", ""reverse"": ""shadow-era_card-back""}","{""name_printed"": ""Night Owl"", ""number"": ""71"", ""type"": ""Ally"", ""Class"": ""Rogue"", ""cost"": ""3"", ""attack"": ""3"", ""hp"": ""2"", ""rule_text"": ""While any opposing player controls allies greater than or equal to the number you control, Night Owl has stealth. When Night Owl is killed, draw a card."", ""item_dimensions"": ""{\u0022height\u0022: \u00223.5\u0022, \u0022width\u0022: \u00222.5\u0022, \u0022unit\u0022: \u0022inch\u0022}""}",d8327757-6eec-4e1a-b7dc-7fb962f9b10c,2edb20d5-da8d-4ac0-a0fa-4e23ee9d18fa,Night Owl,Night Owl,"{""source_notes"": ""https://www.shadowera.com/cards.php""}",shadow-era_dark-prophecies_night-owl
1e366043-468e-45fb-a951-6f0b415ba325,first-party-document,0,0,"{""obverse"": ""shadow-era_dark-prophecies_silent-strike"", ""reverse"": ""shadow-era_card-back""}","{""name_printed"": ""Silent Strike"", ""number"": ""72"", ""type"": ""Ability"", ""Class"": ""Rogue"", ""subtype"": ""Attachment"", ""cost"": ""2"", ""rule_text"": ""Attach to target friendly ally until the start of your next turn. That ally has stealth and ambush. When Silent Strike is summoned, draw a card."", ""item_dimensions"": ""{\u0022height\u0022: \u00223.5\u0022, \u0022width\u0022: \u00222.5\u0022, \u0022unit\u0022: \u0022inch\u0022}""}",d8327757-6eec-4e1a-b7dc-7fb962f9b10c,2edb20d5-da8d-4ac0-a0fa-4e23ee9d18fa,Silent Strike,Silent Strike,"{""source_notes"": ""https://www.shadowera.com/cards.php""}",shadow-era_dark-prophecies_silent-strike
cd29b0f2-38ca-4822-8ae1-8bbdb51dea86,first-party-document,0,0,"{""obverse"": ""shadow-era_dark-prophecies_elicit-information"", ""reverse"": ""shadow-era_card-back""}","{""name_printed"": ""Elicit Information"", ""number"": ""73"", ""type"": ""Ability"", ""Class"": ""Rogue"", ""subtype"": ""Attachment"", ""cost"": ""4"", ""rule_text"": ""Attach to your hero. When an opposing player discards a card from their hand, draw a card."", ""item_dimensions"": ""{\u0022height\u0022: \u00223.5\u0022, \u0022width\u0022: \u00222.5\u0022, \u0022unit\u0022: \u0022inch\u0022}""}",d8327757-6eec-4e1a-b7dc-7fb962f9b10c,2edb20d5-da8d-4ac0-a0fa-4e23ee9d18fa,Elicit Information,Elicit Information,"{""source_notes"": ""https://www.shadowera.com/cards.php""}",shadow-era_dark-prophecies_elicit-information
686b1e53-1545-4e73-8720-47dc6767e742,first-party-document,0,0,"{""obverse"": ""shadow-era_dark-prophecies_good-contacts"", ""reverse"": ""shadow-era_card-back""}","{""name_printed"": ""Good Contacts"", ""number"": ""74"", ""type"": ""Ability"", ""Class"": ""Rogue"", ""subtype"": ""Attachment"", ""cost"": ""3"", ""rule_text"": ""Attach to your hero. Rogue allies cost you 1 less resource to summon."", ""item_dimensions"": ""{\u0022height\u0022: \u00223.5\u0022, \u0022width\u0022: \u00222.5\u0022, \u0022unit\u0022: \u0022inch\u0022}""}",d8327757-6eec-4e1a-b7dc-7fb962f9b10c,2edb20d5-da8d-4ac0-a0fa-4e23ee9d18fa,Good Contacts,Good Contacts,"{""source_notes"": ""https://www.shadowera.com/cards.php""}",shadow-era_dark-prophecies_good-contacts
22ee3748-30f4-4c87-821e-6a6d082374f6,first-party-document,0,0,"{""obverse"": ""shadow-era_dark-prophecies_vozitian-orders"", ""reverse"": ""shadow-era_card-back""}","{""name_printed"": ""Vozitian Orders"", ""rarity"": ""U"", ""number"": ""75"", ""type"": ""Item"", ""Class"": ""Rogue"", ""subtype"": ""Artifact"", ""cost"": ""2"", ""rule_text"": ""0: If you summoned an ally this turn, target other friendly ally is returned to your hand."", ""item_dimensions"": ""{\u0022height\u0022: \u00223.5\u0022, \u0022width\u0022: \u00222.5\u0022, \u0022unit\u0022: \u0022inch\u0022}""}",d8327757-6eec-4e1a-b7dc-7fb962f9b10c,2edb20d5-da8d-4ac0-a0fa-4e23ee9d18fa,Vozitian Orders,Vozitian Orders,"{""source_notes"": ""https://www.shadowera.com/cards.php""}",shadow-era_dark-prophecies_vozitian-orders
d0a34b2c-255f-4a55-800f-ec3f0ef69404,first-party-document,0,0,"{""obverse"": ""shadow-era_dark-prophecies_pay-day"", ""reverse"": ""shadow-era_card-back""}","{""name_printed"": ""Pay Day"", ""number"": ""76"", ""type"": ""Ability"", ""Class"": ""Rogue"", ""subtype"": ""Support"", ""cost"": ""3"", ""rule_text"": ""Duration 2. When an opposing player starts their turn with at least 4 cards in their hand, they discard a card from their hand at random."", ""item_dimensions"": ""{\u0022height\u0022: \u00223.5\u0022, \u0022width\u0022: \u00222.5\u0022, \u0022unit\u0022: \u0022inch\u0022}""}",d8327757-6eec-4e1a-b7dc-7fb962f9b10c,2edb20d5-da8d-4ac0-a0fa-4e23ee9d18fa,Pay Day,Pay Day,"{""source_notes"": ""https://www.shadowera.com/cards.php""}",shadow-era_dark-prophecies_pay-day
39f82c1d-b176-4a65-9213-1d9a8f83f32a,first-party-document,0,0,"{""obverse"": ""shadow-era_dark-prophecies_lyra-blackrose"", ""reverse"": ""shadow-era_card-back""}","{""name_printed"": ""Lyra Blackrose"", ""rarity"": ""R"", ""number"": ""77"", ""type"": ""Ally"", ""Class"": ""Rogue"", ""subtype"": ""Outlaw"", ""is_unique"": ""Unique"", ""cost"": ""4"", ""attack"": ""3"", ""hp"": ""5"", ""rule_text"": ""When an opposing player activates an ability with shadow energy, they discard a card from their hand at random."", ""item_dimensions"": ""{\u0022height\u0022: \u00223.5\u0022, \u0022width\u0022: \u00222.5\u0022, \u0022unit\u0022: \u0022inch\u0022}""}",d8327757-6eec-4e1a-b7dc-7fb962f9b10c,2edb20d5-da8d-4ac0-a0fa-4e23ee9d18fa,Lyra Blackrose,Lyra Blackrose,"{""source_notes"": ""https://www.shadowera.com/cards.php""}",shadow-era_dark-prophecies_lyra-blackrose
84440bde-2b13-47f4-8ae5-931f64c21a28,first-party-document,0,0,"{""obverse"": ""shadow-era_dark-prophecies_procured-and-restored"", ""reverse"": ""shadow-era_card-back""}","{""name_printed"": ""Procured and Restored"", ""number"": ""78"", ""type"": ""Ability"", ""Class"": ""Rogue"", ""cost"": ""2"", ""rule_text"": ""Target item in a graveyard is placed into your hand."", ""item_dimensions"": ""{\u0022height\u0022: \u00223.5\u0022, \u0022width\u0022: \u00222.5\u0022, \u0022unit\u0022: \u0022inch\u0022}""}",d8327757-6eec-4e1a-b7dc-7fb962f9b10c,2edb20d5-da8d-4ac0-a0fa-4e23ee9d18fa,Procured and Restored,Procured and Restored,"{""source_notes"": ""https://www.shadowera.com/cards.php""}",shadow-era_dark-prophecies_procured-and-restored
562dd64b-a3bf-43d7-b664-783a4fd349dd,first-party-document,0,0,"{""obverse"": ""shadow-era_dark-prophecies_smoke-screen"", ""reverse"": ""shadow-era_card-back""}","{""name_printed"": ""Smoke Screen"", ""rarity"": ""U"", ""number"": ""79"", ""type"": ""Ability"", ""Class"": ""Rogue"", ""cost"": ""4"", ""rule_text"": ""Exhaust your hero: all opposing allies are disabled for 1 turn and you draw a card."", ""item_dimensions"": ""{\u0022height\u0022: \u00223.5\u0022, \u0022width\u0022: \u00222.5\u0022, \u0022unit\u0022: \u0022inch\u0022}""}",d8327757-6eec-4e1a-b7dc-7fb962f9b10c,2edb20d5-da8d-4ac0-a0fa-4e23ee9d18fa,Smoke Screen,Smoke Screen,"{""source_notes"": ""https://www.shadowera.com/cards.php""}",shadow-era_dark-prophecies_smoke-screen
cbd54932-9de2-4be6-8d94-cd8b702e652a,first-party-document,0,0,"{""obverse"": ""shadow-era_dark-prophecies_agent-rex"", ""reverse"": ""shadow-era_card-back""}","{""name_printed"": ""Agent Rex"", ""rarity"": ""U"", ""number"": ""80"", ""type"": ""Ally"", ""Class"": ""Rogue"", ""subtype"": ""Outlaw"", ""is_unique"": ""Unique"", ""cost"": ""2"", ""attack"": ""1"", ""hp"": ""3"", ""rule_text"": ""Stealth (This ally can't be attacked.) 3: Target enemy artifact is now controlled by you and Agent Rex is shuffled into his owner's deck."", ""item_dimensions"": ""{\u0022height\u0022: \u00223.5\u0022, \u0022width\u0022: \u00222.5\u0022, \u0022unit\u0022: \u0022inch\u0022}""}",d8327757-6eec-4e1a-b7dc-7fb962f9b10c,2edb20d5-da8d-4ac0-a0fa-4e23ee9d18fa,Agent Rex,Agent Rex,"{""source_notes"": ""https://www.shadowera.com/cards.php""}",shadow-era_dark-prophecies_agent-rex
685c44b3-99fa-49fe-bd70-7a37136d3271,first-party-document,0,0,"{""obverse"": ""shadow-era_dark-prophecies_blood-moon"", ""reverse"": ""shadow-era_card-back""}","{""name_printed"": ""Blood Moon"", ""rarity"": ""U"", ""number"": ""81"", ""type"": ""Ability"", ""Class"": ""Wulven"", ""subtype"": ""Support"", ""cost"": ""2"", ""rule_text"": ""Duration 3. When you end your turn, draw a card."", ""item_dimensions"": ""{\u0022height\u0022: \u00223.5\u0022, \u0022width\u0022: \u00222.5\u0022, \u0022unit\u0022: \u0022inch\u0022}""}",d8327757-6eec-4e1a-b7dc-7fb962f9b10c,2edb20d5-da8d-4ac0-a0fa-4e23ee9d18fa,Blood Moon,Blood Moon,"{""source_notes"": ""https://www.shadowera.com/cards.php""}",shadow-era_dark-prophecies_blood-moon
2d52a859-52d0-4e8c-afd8-8135e4539512,first-party-document,0,0,"{""obverse"": ""shadow-era_dark-prophecies_thick-hide"", ""reverse"": ""shadow-era_card-back""}","{""name_printed"": ""Thick Hide"", ""number"": ""82"", ""type"": ""Ability"", ""Class"": ""Wulven"", ""subtype"": ""Attachment"", ""cost"": ""3"", ""rule_text"": ""Attach to your hero. Ability damage to your hero on your turn is reduced to 0."", ""item_dimensions"": ""{\u0022height\u0022: \u00223.5\u0022, \u0022width\u0022: \u00222.5\u0022, \u0022unit\u0022: \u0022inch\u0022}""}",d8327757-6eec-4e1a-b7dc-7fb962f9b10c,2edb20d5-da8d-4ac0-a0fa-4e23ee9d18fa,Thick Hide,Thick Hide,"{""source_notes"": ""https://www.shadowera.com/cards.php""}",shadow-era_dark-prophecies_thick-hide
e1ad984f-00cf-4c10-b393-973cbfc2eeac,first-party-document,0,0,"{""obverse"": ""shadow-era_dark-prophecies_ripping-fury"", ""reverse"": ""shadow-era_card-back""}","{""name_printed"": ""Ripping Fury"", ""number"": ""83"", ""type"": ""Ability"", ""Class"": ""Wulven"", ""subtype"": ""Support"", ""cost"": ""2"", ""rule_text"": ""Duration 3. Weapons you control have +1 attack while in combat with allies. When Ripping Fury is summoned while you don't control a weapon, draw a card."", ""item_dimensions"": ""{\u0022height\u0022: \u00223.5\u0022, \u0022width\u0022: \u00222.5\u0022, \u0022unit\u0022: \u0022inch\u0022}""}",d8327757-6eec-4e1a-b7dc-7fb962f9b10c,2edb20d5-da8d-4ac0-a0fa-4e23ee9d18fa,Ripping Fury,Ripping Fury,"{""source_notes"": ""https://www.shadowera.com/cards.php""}",shadow-era_dark-prophecies_ripping-fury
ff6b11e4-7bc2-4c54-9024-028a4366611f,first-party-document,0,0,"{""obverse"": ""shadow-era_dark-prophecies_lost-in-the-woods"", ""reverse"": ""shadow-era_card-back""}","{""name_printed"": ""Lost in the Woods"", ""number"": ""84"", ""type"": ""Ability"", ""Class"": ""Wulven"", ""subtype"": ""Attachment"", ""cost"": ""2"", ""rule_text"": ""Attach to target ally until the end of its controller's next turn. That ally has all other attachments removed, it and its attachments can't be targeted, and it is disabled while it is an opposing ally."", ""item_dimensions"": ""{\u0022height\u0022: \u00223.5\u0022, \u0022width\u0022: \u00222.5\u0022, \u0022unit\u0022: \u0022inch\u0022}""}",d8327757-6eec-4e1a-b7dc-7fb962f9b10c,2edb20d5-da8d-4ac0-a0fa-4e23ee9d18fa,Lost in the Woods,Lost in the Woods,"{""source_notes"": ""https://www.shadowera.com/cards.php""}",shadow-era_dark-prophecies_lost-in-the-woods
f94fa1d6-92f6-4cd9-8522-3e782260b5e2,first-party-document,0,0,"{""obverse"": ""shadow-era_dark-prophecies_unstoppable"", ""reverse"": ""shadow-era_card-back""}","{""name_printed"": ""Unstoppable"", ""number"": ""85"", ""type"": ""Ability"", ""Class"": ""Wulven"", ""subtype"": ""Attachment"", ""cost"": ""2"", ""rule_text"": ""Attach to your hero. Weapons you control have +1 attack while there are at least 2 friendly allies in play."", ""item_dimensions"": ""{\u0022height\u0022: \u00223.5\u0022, \u0022width\u0022: \u00222.5\u0022, \u0022unit\u0022: \u0022inch\u0022}""}",d8327757-6eec-4e1a-b7dc-7fb962f9b10c,2edb20d5-da8d-4ac0-a0fa-4e23ee9d18fa,Unstoppable,Unstoppable,"{""source_notes"": ""https://www.shadowera.com/cards.php""}",shadow-era_dark-prophecies_unstoppable
9b37a9a0-3f89-4620-9f78-b5b4c00676ba,first-party-document,0,0,"{""obverse"": ""shadow-era_dark-prophecies_tiger-wulf"", ""reverse"": ""shadow-era_card-back""}","{""name_printed"": ""Tiger Wulf"", ""rarity"": ""U"", ""number"": ""86"", ""type"": ""Ally"", ""Class"": ""Wulven"", ""subtype"": ""Wulven"", ""attack_type"": ""Claw"", ""cost"": ""5"", ""attack"": ""4"", ""hp"": ""5"", ""rule_text"": ""3: Target item is destroyed or target ally is killed, and Tiger Wulf is killed at the end of your turn."", ""item_dimensions"": ""{\u0022height\u0022: \u00223.5\u0022, \u0022width\u0022: \u00222.5\u0022, \u0022unit\u0022: \u0022inch\u0022}""}",d8327757-6eec-4e1a-b7dc-7fb962f9b10c,2edb20d5-da8d-4ac0-a0fa-4e23ee9d18fa,Tiger Wulf,Tiger Wulf,"{""source_notes"": ""https://www.shadowera.com/cards.php""}",shadow-era_dark-prophecies_tiger-wulf
600161e2-2064-4885-90e4-4da887e2700f,first-party-document,0,0,"{""obverse"": ""shadow-era_dark-prophecies_lightning-hunter"", ""reverse"": ""shadow-era_card-back""}","{""name_printed"": ""Lightning Hunter"", ""rarity"": ""U"", ""number"": ""87"", ""type"": ""Ally"", ""Class"": ""Wulven"", ""subtype"": ""Wulven"", ""attack_type"": ""Claw"", ""cost"": ""4"", ""attack"": ""3"", ""hp"": ""4"", ""rule_text"": ""Haste. When Lightning Hunter is summoned, support abilities you control are destroyed and your hero loses 1 shadow energy."", ""item_dimensions"": ""{\u0022height\u0022: \u00223.5\u0022, \u0022width\u0022: \u00222.5\u0022, \u0022unit\u0022: \u0022inch\u0022}""}",d8327757-6eec-4e1a-b7dc-7fb962f9b10c,2edb20d5-da8d-4ac0-a0fa-4e23ee9d18fa,Lightning Hunter,Lightning Hunter,"{""source_notes"": ""https://www.shadowera.com/cards.php""}",shadow-era_dark-prophecies_lightning-hunter
a5aac630-785c-42a4-b11d-0267b9f4ea46,first-party-document,0,0,"{""obverse"": ""shadow-era_dark-prophecies_call-of-the-pack"", ""reverse"": ""shadow-era_card-back""}","{""name_printed"": ""Call of the Pack"", ""number"": ""88"", ""type"": ""Ability"", ""Class"": ""Wulven"", ""subtype"": ""Support"", ""cost"": ""2"", ""rule_text"": ""Duration 3. 0: If you control no allies, target Wulven ally in your hand with cost 3 or less is summoned at no cost."", ""item_dimensions"": ""{\u0022height\u0022: \u00223.5\u0022, \u0022width\u0022: \u00222.5\u0022, \u0022unit\u0022: \u0022inch\u0022}""}",d8327757-6eec-4e1a-b7dc-7fb962f9b10c,2edb20d5-da8d-4ac0-a0fa-4e23ee9d18fa,Call of the Pack,Call of the Pack,"{""source_notes"": ""https://www.shadowera.com/cards.php""}",shadow-era_dark-prophecies_call-of-the-pack
dfae543e-8cff-44d7-8ffe-cd09dfcc4361,first-party-document,0,0,"{""obverse"": ""shadow-era_dark-prophecies_blinding-storm"", ""reverse"": ""shadow-era_card-back""}","{""name_printed"": ""Blinding Storm"", ""number"": ""89"", ""type"": ""Ability"", ""Class"": ""Wulven"", ""subtype"": ""Support"", ""cost"": ""4"", ""rule_text"": ""Duration 3. Ability damage to allies with stealth that you control is reduced by 2. While an ally is adjacent to your hero, that ally has stealth."", ""item_dimensions"": ""{\u0022height\u0022: \u00223.5\u0022, \u0022width\u0022: \u00222.5\u0022, \u0022unit\u0022: \u0022inch\u0022}""}",d8327757-6eec-4e1a-b7dc-7fb962f9b10c,2edb20d5-da8d-4ac0-a0fa-4e23ee9d18fa,Blinding Storm,Blinding Storm,"{""source_notes"": ""https://www.shadowera.com/cards.php""}",shadow-era_dark-prophecies_blinding-storm
fabaadc5-3b21-4ba0-8662-add8a10dad6a,first-party-document,0,0,"{""obverse"": ""shadow-era_dark-prophecies_howlfang,-terror-of-the-vale"", ""reverse"": ""shadow-era_card-back""}","{""name_printed"": ""Howlfang, Terror of the Vale"", ""rarity"": ""R"", ""number"": ""90"", ""type"": ""Ally"", ""Class"": ""Wulven"", ""subtype"": ""Wulven"", ""attack_type"": ""Claw"", ""is_unique"": ""Unique"", ""cost"": ""6"", ""attack"": ""5"", ""hp"": ""5"", ""rule_text"": ""Other friendly Wulven allies have +1 attack on your turn. When Howlfang is summoned, you may summon target Wulven ally in your hand with cost 3 or less at no cost."", ""item_dimensions"": ""{\u0022height\u0022: \u00223.5\u0022, \u0022width\u0022: \u00222.5\u0022, \u0022unit\u0022: \u0022inch\u0022}""}",d8327757-6eec-4e1a-b7dc-7fb962f9b10c,2edb20d5-da8d-4ac0-a0fa-4e23ee9d18fa,"Howlfang, Terror of the Vale","Howlfang, Terror of the Vale","{""source_notes"": ""https://www.shadowera.com/cards.php""}","shadow-era_dark-prophecies_howlfang,-terror-of-the-vale"
4fb51645-eff3-4d0b-b1dc-820f24f35416,first-party-document,0,0,"{""obverse"": ""shadow-era_dark-prophecies_flare"", ""reverse"": ""shadow-era_card-back""}","{""name_printed"": ""Flare"", ""number"": ""91"", ""type"": ""Ally"", ""Class"": ""Elemental"", ""attack_type"": ""Fire"", ""cost"": ""2"", ""attack"": ""1"", ""hp"": ""3"", ""rule_text"": ""While there is another Elemental ally in play, Flare costs you 1 less resource to summon and it has +1 attack."", ""item_dimensions"": ""{\u0022height\u0022: \u00223.5\u0022, \u0022width\u0022: \u00222.5\u0022, \u0022unit\u0022: \u0022inch\u0022}""}",d8327757-6eec-4e1a-b7dc-7fb962f9b10c,2edb20d5-da8d-4ac0-a0fa-4e23ee9d18fa,Flare,Flare,"{""source_notes"": ""https://www.shadowera.com/cards.php""}",shadow-era_dark-prophecies_flare
77b32cf3-181d-442c-964a-964115e12fd0,first-party-document,0,0,"{""obverse"": ""shadow-era_dark-prophecies_infinity-core"", ""reverse"": ""shadow-era_card-back""}","{""name_printed"": ""Infinity Core"", ""number"": ""92"", ""type"": ""Item"", ""Class"": ""Elemental"", ""subtype"": ""Artifact"", ""cost"": ""2"", ""rule_text"": ""2: Target ally in your graveyard is shuffled into your deck and your hero heals 2 damage."", ""item_dimensions"": ""{\u0022height\u0022: \u00223.5\u0022, \u0022width\u0022: \u00222.5\u0022, \u0022unit\u0022: \u0022inch\u0022}""}",d8327757-6eec-4e1a-b7dc-7fb962f9b10c,2edb20d5-da8d-4ac0-a0fa-4e23ee9d18fa,Infinity Core,Infinity Core,"{""source_notes"": ""https://www.shadowera.com/cards.php""}",shadow-era_dark-prophecies_infinity-core
740454a8-435a-40c3-a483-e8394f672bf4,first-party-document,0,0,"{""obverse"": ""shadow-era_dark-prophecies_synchronicity"", ""reverse"": ""shadow-era_card-back""}","{""name_printed"": ""Synchronicity"", ""number"": ""93"", ""type"": ""Ability"", ""Class"": ""Elemental"", ""cost"": ""1"", ""rule_text"": ""Target friendly ally is moved to the top of its owner's deck: Target opposing ally is moved to the top of its owner's deck."", ""item_dimensions"": ""{\u0022height\u0022: \u00223.5\u0022, \u0022width\u0022: \u00222.5\u0022, \u0022unit\u0022: \u0022inch\u0022}""}",d8327757-6eec-4e1a-b7dc-7fb962f9b10c,2edb20d5-da8d-4ac0-a0fa-4e23ee9d18fa,Synchronicity,Synchronicity,"{""source_notes"": ""https://www.shadowera.com/cards.php""}",shadow-era_dark-prophecies_synchronicity
d9b9f09e-faa8-4abf-a788-acd5026e62a7,first-party-document,0,0,"{""obverse"": ""shadow-era_dark-prophecies_antimatter"", ""reverse"": ""shadow-era_card-back""}","{""name_printed"": ""Antimatter"", ""number"": ""94"", ""type"": ""Item"", ""Class"": ""Elemental"", ""subtype"": ""Artifact"", ""cost"": ""1"", ""rule_text"": ""3: Draw 2 cards and discard 1 of them."", ""item_dimensions"": ""{\u0022height\u0022: \u00223.5\u0022, \u0022width\u0022: \u00222.5\u0022, \u0022unit\u0022: \u0022inch\u0022}""}",d8327757-6eec-4e1a-b7dc-7fb962f9b10c,2edb20d5-da8d-4ac0-a0fa-4e23ee9d18fa,Antimatter,Antimatter,"{""source_notes"": ""https://www.shadowera.com/cards.php""}",shadow-era_dark-prophecies_antimatter
8661a5bd-f252-459b-81db-b027beb7d870,first-party-document,0,0,"{""obverse"": ""shadow-era_dark-prophecies_xar-modulator"", ""reverse"": ""shadow-era_card-back""}","{""name_printed"": ""Xar Modulator"", ""rarity"": ""U"", ""number"": ""95"", ""type"": ""Ally"", ""Class"": ""Elemental"", ""attack_type"": ""Claw"", ""cost"": ""4"", ""attack"": ""2"", ""hp"": ""6"", ""rule_text"": ""0: If Xar Modulator has no attachments, target ally attachment in your graveyard is attached to Xar Modulator."", ""item_dimensions"": ""{\u0022height\u0022: \u00223.5\u0022, \u0022width\u0022: \u00222.5\u0022, \u0022unit\u0022: \u0022inch\u0022}""}",d8327757-6eec-4e1a-b7dc-7fb962f9b10c,2edb20d5-da8d-4ac0-a0fa-4e23ee9d18fa,Xar Modulator,Xar Modulator,"{""source_notes"": ""https://www.shadowera.com/cards.php""}",shadow-era_dark-prophecies_xar-modulator
c6e372ce-a754-49d4-be22-6f19a016ea9a,first-party-document,0,0,"{""obverse"": ""shadow-era_dark-prophecies_zantonite"", ""reverse"": ""shadow-era_card-back""}","{""name_printed"": ""Zantonite"", ""number"": ""96"", ""type"": ""Ally"", ""Class"": ""Elemental"", ""attack_type"": ""Claw"", ""cost"": ""3"", ""attack"": ""2"", ""hp"": ""5"", ""rule_text"": ""When you target and destroy an artifact you control, draw a card. 0: Target artifact you control is destroyed and Zantonite gains +1 base attack and +1 health."", ""item_dimensions"": ""{\u0022height\u0022: \u00223.5\u0022, \u0022width\u0022: \u00222.5\u0022, \u0022unit\u0022: \u0022inch\u0022}""}",d8327757-6eec-4e1a-b7dc-7fb962f9b10c,2edb20d5-da8d-4ac0-a0fa-4e23ee9d18fa,Zantonite,Zantonite,"{""source_notes"": ""https://www.shadowera.com/cards.php""}",shadow-era_dark-prophecies_zantonite
1aee3fa8-945f-40ec-a19a-516d26da6ecc,first-party-document,0,0,"{""obverse"": ""shadow-era_dark-prophecies_super-focus"", ""reverse"": ""shadow-era_card-back""}","{""name_printed"": ""Super Focus"", ""rarity"": ""U"", ""number"": ""97"", ""type"": ""Ability"", ""Class"": ""Elemental"", ""subtype"": ""Attachment"", ""cost"": ""4"", ""rule_text"": ""Attach to your hero. While you control only 1 ally, that ally has +2 attack and immunity to enemy attachments."", ""item_dimensions"": ""{\u0022height\u0022: \u00223.5\u0022, \u0022width\u0022: \u00222.5\u0022, \u0022unit\u0022: \u0022inch\u0022}""}",d8327757-6eec-4e1a-b7dc-7fb962f9b10c,2edb20d5-da8d-4ac0-a0fa-4e23ee9d18fa,Super Focus,Super Focus,"{""source_notes"": ""https://www.shadowera.com/cards.php""}",shadow-era_dark-prophecies_super-focus
6f033d78-2b4b-49bc-baac-68e28766b455,first-party-document,0,0,"{""obverse"": ""shadow-era_dark-prophecies_interference"", ""reverse"": ""shadow-era_card-back""}","{""name_printed"": ""Interference"", ""rarity"": ""U"", ""number"": ""98"", ""type"": ""Ability"", ""Class"": ""Elemental"", ""subtype"": ""Support"", ""cost"": ""4"", ""rule_text"": ""Duration 1. When Interference is summoned, your hero's shadow energy is set to equal the hero with the greatest shadow energy. Opposing heroes can't activate their ability or attack."", ""item_dimensions"": ""{\u0022height\u0022: \u00223.5\u0022, \u0022width\u0022: \u00222.5\u0022, \u0022unit\u0022: \u0022inch\u0022}""}",d8327757-6eec-4e1a-b7dc-7fb962f9b10c,2edb20d5-da8d-4ac0-a0fa-4e23ee9d18fa,Interference,Interference,"{""source_notes"": ""https://www.shadowera.com/cards.php""}",shadow-era_dark-prophecies_interference
74f3cb27-af66-43fd-b285-7244a3dad726,first-party-document,0,0,"{""obverse"": ""shadow-era_dark-prophecies_temporal-disturbance"", ""reverse"": ""shadow-era_card-back""}","{""name_printed"": ""Temporal Disturbance"", ""number"": ""99"", ""type"": ""Ability"", ""Class"": ""Elemental"", ""subtype"": ""Attachment"", ""cost"": ""4"", ""rule_text"": ""Attach to your hero. When a player ends their turn while their hero has shadow energy, they discard a card from their deck."", ""item_dimensions"": ""{\u0022height\u0022: \u00223.5\u0022, \u0022width\u0022: \u00222.5\u0022, \u0022unit\u0022: \u0022inch\u0022}""}",d8327757-6eec-4e1a-b7dc-7fb962f9b10c,2edb20d5-da8d-4ac0-a0fa-4e23ee9d18fa,Temporal Disturbance,Temporal Disturbance,"{""source_notes"": ""https://www.shadowera.com/cards.php""}",shadow-era_dark-prophecies_temporal-disturbance
f0ad0da8-9243-4b11-9e2c-585dc6b19cdd,first-party-document,0,0,"{""obverse"": ""shadow-era_dark-prophecies_crystal-titan"", ""reverse"": ""shadow-era_card-back""}","{""name_printed"": ""Crystal Titan"", ""rarity"": ""R"", ""number"": ""100"", ""type"": ""Ally"", ""Class"": ""Elemental"", ""attack_type"": ""Ice"", ""cost"": ""5"", ""attack"": ""5"", ""hp"": ""5"", ""rule_text"": ""When Crystal Titan kills an ally, your hero gains +1 shadow energy."", ""item_dimensions"": ""{\u0022height\u0022: \u00223.5\u0022, \u0022width\u0022: \u00222.5\u0022, \u0022unit\u0022: \u0022inch\u0022}""}",d8327757-6eec-4e1a-b7dc-7fb962f9b10c,2edb20d5-da8d-4ac0-a0fa-4e23ee9d18fa,Crystal Titan,Crystal Titan,"{""source_notes"": ""https://www.shadowera.com/cards.php""}",shadow-era_dark-prophecies_crystal-titan
c74106c4-4148-4807-9f88-520df302f5d2,first-party-document,0,0,"{""obverse"": ""shadow-era_dark-prophecies_rejuvenating-ritual"", ""reverse"": ""shadow-era_card-back""}","{""name_printed"": ""Rejuvenating Ritual"", ""number"": ""101"", ""type"": ""Ability"", ""Faction"": ""Human"", ""cost"": ""1"", ""rule_text"": ""Target hero or ally has all negative effects removed."", ""item_dimensions"": ""{\u0022height\u0022: \u00223.5\u0022, \u0022width\u0022: \u00222.5\u0022, \u0022unit\u0022: \u0022inch\u0022}""}",d8327757-6eec-4e1a-b7dc-7fb962f9b10c,2edb20d5-da8d-4ac0-a0fa-4e23ee9d18fa,Rejuvenating Ritual,Rejuvenating Ritual,"{""source_notes"": ""https://www.shadowera.com/cards.php""}",shadow-era_dark-prophecies_rejuvenating-ritual
ce539965-b6c3-42bc-8c7b-33c80921286a,first-party-document,0,0,"{""obverse"": ""shadow-era_dark-prophecies_nurturing-spring"", ""reverse"": ""shadow-era_card-back""}","{""name_printed"": ""Nurturing Spring"", ""number"": ""102"", ""type"": ""Item"", ""Faction"": ""Human"", ""subtype"": ""Artifact"", ""cost"": ""3"", ""rule_text"": ""Friendly allies have +1 health. Any player may activate the following ability on their turn: 3SE: Nurturing Spring is destroyed."", ""item_dimensions"": ""{\u0022height\u0022: \u00223.5\u0022, \u0022width\u0022: \u00222.5\u0022, \u0022unit\u0022: \u0022inch\u0022}""}",d8327757-6eec-4e1a-b7dc-7fb962f9b10c,2edb20d5-da8d-4ac0-a0fa-4e23ee9d18fa,Nurturing Spring,Nurturing Spring,"{""source_notes"": ""https://www.shadowera.com/cards.php""}",shadow-era_dark-prophecies_nurturing-spring
374f179b-aea9-4463-8f74-1796b77ef64e,first-party-document,0,0,"{""obverse"": ""shadow-era_dark-prophecies_nowhere-to-hide"", ""reverse"": ""shadow-era_card-back""}","{""name_printed"": ""Nowhere To Hide"", ""number"": ""103"", ""type"": ""Ability"", ""Faction"": ""Human"", ""subtype"": ""Attachment"", ""cost"": ""3"", ""rule_text"": ""Attach to target opposing hero or ally. That hero or ally loses stealth and protector."", ""item_dimensions"": ""{\u0022height\u0022: \u00223.5\u0022, \u0022width\u0022: \u00222.5\u0022, \u0022unit\u0022: \u0022inch\u0022}""}",d8327757-6eec-4e1a-b7dc-7fb962f9b10c,2edb20d5-da8d-4ac0-a0fa-4e23ee9d18fa,Nowhere To Hide,Nowhere To Hide,"{""source_notes"": ""https://www.shadowera.com/cards.php""}",shadow-era_dark-prophecies_nowhere-to-hide
369fcd83-15ad-4e45-a0e2-0afac563703e,first-party-document,0,0,"{""obverse"": ""shadow-era_dark-prophecies_disrupt-aura"", ""reverse"": ""shadow-era_card-back""}","{""name_printed"": ""Disrupt Aura"", ""number"": ""104"", ""type"": ""Ability"", ""Faction"": ""Human"", ""cost"": ""2"", ""rule_text"": ""Target attachment is returned to its owner's hand and the hero or ally it was attached to takes 1 damage."", ""item_dimensions"": ""{\u0022height\u0022: \u00223.5\u0022, \u0022width\u0022: \u00222.5\u0022, \u0022unit\u0022: \u0022inch\u0022}""}",d8327757-6eec-4e1a-b7dc-7fb962f9b10c,2edb20d5-da8d-4ac0-a0fa-4e23ee9d18fa,Disrupt Aura,Disrupt Aura,"{""source_notes"": ""https://www.shadowera.com/cards.php""}",shadow-era_dark-prophecies_disrupt-aura
3df14252-16f1-4c8a-a729-fd3f30a4403d,first-party-document,0,0,"{""obverse"": ""shadow-era_dark-prophecies_wizent's-prayer"", ""reverse"": ""shadow-era_card-back""}","{""name_printed"": ""Wizent's Prayer"", ""rarity"": ""U"", ""number"": ""105"", ""type"": ""Ability"", ""Faction"": ""Human"", ""cost"": ""2"", ""rule_text"": ""Target card in a graveyard and all other cards with the same name in that graveyard are exiled. Your hero gains +1 health for each card that was exiled."", ""item_dimensions"": ""{\u0022height\u0022: \u00223.5\u0022, \u0022width\u0022: \u00222.5\u0022, \u0022unit\u0022: \u0022inch\u0022}""}",d8327757-6eec-4e1a-b7dc-7fb962f9b10c,2edb20d5-da8d-4ac0-a0fa-4e23ee9d18fa,Wizent's Prayer,Wizent's Prayer,"{""source_notes"": ""https://www.shadowera.com/cards.php""}",shadow-era_dark-prophecies_wizent's-prayer
490cc7cb-4cf0-4f34-9f4d-b78a7e23c6d8,first-party-document,0,0,"{""obverse"": ""shadow-era_dark-prophecies_blessed-protection"", ""reverse"": ""shadow-era_card-back""}","{""name_printed"": ""Blessed Protection"", ""rarity"": ""U"", ""number"": ""106"", ""type"": ""Ability"", ""Faction"": ""Human"", ""subtype"": ""Attachment"", ""cost"": ""2"", ""rule_text"": ""Attach to target friendly ally. Ability damage to that ally is reduced by 1 for each attachment it has."", ""item_dimensions"": ""{\u0022height\u0022: \u00223.5\u0022, \u0022width\u0022: \u00222.5\u0022, \u0022unit\u0022: \u0022inch\u0022}""}",d8327757-6eec-4e1a-b7dc-7fb962f9b10c,2edb20d5-da8d-4ac0-a0fa-4e23ee9d18fa,Blessed Protection,Blessed Protection,"{""source_notes"": ""https://www.shadowera.com/cards.php""}",shadow-era_dark-prophecies_blessed-protection
285fb12a-8a6f-4411-8962-0f8857abf5a4,first-party-document,0,0,"{""obverse"": ""shadow-era_dark-prophecies_ascendant-of-the-hero"", ""reverse"": ""shadow-era_card-back""}","{""name_printed"": ""Ascendant of the Hero"", ""rarity"": ""U"", ""number"": ""107"", ""type"": ""Item"", ""Faction"": ""Human"", ""subtype"": ""Artifact"", ""cost"": ""3"", ""rule_text"": ""Friendly allies with cost 5 or greater have +1 attack and +1 health. 0: Target Ascendant of the Horde is destroyed."", ""item_dimensions"": ""{\u0022height\u0022: \u00223.5\u0022, \u0022width\u0022: \u00222.5\u0022, \u0022unit\u0022: \u0022inch\u0022}""}",d8327757-6eec-4e1a-b7dc-7fb962f9b10c,2edb20d5-da8d-4ac0-a0fa-4e23ee9d18fa,Ascendant of the Hero,Ascendant of the Hero,"{""source_notes"": ""https://www.shadowera.com/cards.php""}",shadow-era_dark-prophecies_ascendant-of-the-hero
c8f7a228-5964-4a0c-9d1d-58ef8f784435,first-party-document,0,0,"{""obverse"": ""shadow-era_dark-prophecies_outwitted"", ""reverse"": ""shadow-era_card-back""}","{""name_printed"": ""Outwitted"", ""number"": ""108"", ""type"": ""Ability"", ""Faction"": ""Human"", ""subtype"": ""Support"", ""cost"": ""2"", ""rule_text"": ""Duration 2. Allies with cost 5 or greater can't attack."", ""item_dimensions"": ""{\u0022height\u0022: \u00223.5\u0022, \u0022width\u0022: \u00222.5\u0022, \u0022unit\u0022: \u0022inch\u0022}""}",d8327757-6eec-4e1a-b7dc-7fb962f9b10c,2edb20d5-da8d-4ac0-a0fa-4e23ee9d18fa,Outwitted,Outwitted,"{""source_notes"": ""https://www.shadowera.com/cards.php""}",shadow-era_dark-prophecies_outwitted
3ad7a846-c339-4a63-a079-f7f1e68a0b9c,first-party-document,0,0,"{""obverse"": ""shadow-era_dark-prophecies_treasured-heirloom"", ""reverse"": ""shadow-era_card-back""}","{""name_printed"": ""Treasured Heirloom"", ""rarity"": ""R"", ""number"": ""109"", ""type"": ""Ability"", ""Faction"": ""Human"", ""subtype"": ""Attachment"", ""cost"": ""3"", ""rule_text"": ""Attach to target friendly ally. That ally has +1 attack. When Treasured Heirloom is destroyed, draw 2 cards."", ""item_dimensions"": ""{\u0022height\u0022: \u00223.5\u0022, \u0022width\u0022: \u00222.5\u0022, \u0022unit\u0022: \u0022inch\u0022}""}",d8327757-6eec-4e1a-b7dc-7fb962f9b10c,2edb20d5-da8d-4ac0-a0fa-4e23ee9d18fa,Treasured Heirloom,Treasured Heirloom,"{""source_notes"": ""https://www.shadowera.com/cards.php""}",shadow-era_dark-prophecies_treasured-heirloom
d1231d76-3f2c-4bbb-95e1-aee317003332,first-party-document,0,0,"{""obverse"": ""shadow-era_dark-prophecies_a-legend-rises"", ""reverse"": ""shadow-era_card-back""}","{""name_printed"": ""A Legend Rises"", ""rarity"": ""R"", ""number"": ""110"", ""type"": ""Ability"", ""Faction"": ""Human"", ""subtype"": ""Attachment"", ""is_unique"": ""Unique"", ""cost"": ""4"", ""rule_text"": ""Attach to target friendly ally. That ally has +2 attack, +1 health and immunity to enemy attachments."", ""item_dimensions"": ""{\u0022height\u0022: \u00223.5\u0022, \u0022width\u0022: \u00222.5\u0022, \u0022unit\u0022: \u0022inch\u0022}""}",d8327757-6eec-4e1a-b7dc-7fb962f9b10c,2edb20d5-da8d-4ac0-a0fa-4e23ee9d18fa,A Legend Rises,A Legend Rises,"{""source_notes"": ""https://www.shadowera.com/cards.php""}",shadow-era_dark-prophecies_a-legend-rises
82399756-d5b0-41df-ad34-8d2e8d4bc877,first-party-document,0,0,"{""obverse"": ""shadow-era_dark-prophecies_mindless-ferocity"", ""reverse"": ""shadow-era_card-back""}","{""name_printed"": ""Mindless Ferocity"", ""number"": ""111"", ""type"": ""Ability"", ""Faction"": ""Shadow"", ""subtype"": ""Attachment"", ""cost"": ""2"", ""rule_text"": ""Attach to target friendly ally. That ally has +2 attack and can't activate abilities."", ""item_dimensions"": ""{\u0022height\u0022: \u00223.5\u0022, \u0022width\u0022: \u00222.5\u0022, \u0022unit\u0022: \u0022inch\u0022}""}",d8327757-6eec-4e1a-b7dc-7fb962f9b10c,2edb20d5-da8d-4ac0-a0fa-4e23ee9d18fa,Mindless Ferocity,Mindless Ferocity,"{""source_notes"": ""https://www.shadowera.com/cards.php""}",shadow-era_dark-prophecies_mindless-ferocity
124ecbe4-206d-4656-9d17-6cb64336a153,first-party-document,0,0,"{""obverse"": ""shadow-era_dark-prophecies_contaminated-water"", ""reverse"": ""shadow-era_card-back""}","{""name_printed"": ""Contaminated Water"", ""number"": ""112"", ""type"": ""Item"", ""Faction"": ""Shadow"", ""subtype"": ""Artifact"", ""cost"": ""3"", ""rule_text"": ""Opposing allies have -1 health. Any player may activate the following ability on their turn: 3SE: Contaminated Water is destroyed."", ""item_dimensions"": ""{\u0022height\u0022: \u00223.5\u0022, \u0022width\u0022: \u00222.5\u0022, \u0022unit\u0022: \u0022inch\u0022}""}",d8327757-6eec-4e1a-b7dc-7fb962f9b10c,2edb20d5-da8d-4ac0-a0fa-4e23ee9d18fa,Contaminated Water,Contaminated Water,"{""source_notes"": ""https://www.shadowera.com/cards.php""}",shadow-era_dark-prophecies_contaminated-water
634c1358-1466-446f-92c7-88f599628e9d,first-party-document,0,0,"{""obverse"": ""shadow-era_dark-prophecies_nocturnal-advantage"", ""reverse"": ""shadow-era_card-back""}","{""name_printed"": ""Nocturnal Advantage"", ""number"": ""113"", ""type"": ""Ability"", ""Faction"": ""Shadow"", ""subtype"": ""Support"", ""cost"": ""3"", ""rule_text"": ""Until the end of your turn, opposing heroes and allies lose stealth, and allies you control have +1 attack and ambush."", ""item_dimensions"": ""{\u0022height\u0022: \u00223.5\u0022, \u0022width\u0022: \u00222.5\u0022, \u0022unit\u0022: \u0022inch\u0022}""}",d8327757-6eec-4e1a-b7dc-7fb962f9b10c,2edb20d5-da8d-4ac0-a0fa-4e23ee9d18fa,Nocturnal Advantage,Nocturnal Advantage,"{""source_notes"": ""https://www.shadowera.com/cards.php""}",shadow-era_dark-prophecies_nocturnal-advantage
1792100b-27bd-4d7e-93d4-754aeb612f44,first-party-document,0,0,"{""obverse"": ""shadow-era_dark-prophecies_bloodthirsty"", ""reverse"": ""shadow-era_card-back""}","{""name_printed"": ""Bloodthirsty"", ""rarity"": ""R"", ""number"": ""114"", ""type"": ""Ability"", ""Faction"": ""Shadow"", ""subtype"": ""Attachment"", ""cost"": ""3"", ""rule_text"": ""Attach to target friendly ally. That ally has +1 attack. When that ally kills an opposing ally, it gains +1 base attack and you draw a card."", ""item_dimensions"": ""{\u0022height\u0022: \u00223.5\u0022, \u0022width\u0022: \u00222.5\u0022, \u0022unit\u0022: \u0022inch\u0022}""}",d8327757-6eec-4e1a-b7dc-7fb962f9b10c,2edb20d5-da8d-4ac0-a0fa-4e23ee9d18fa,Bloodthirsty,Bloodthirsty,"{""source_notes"": ""https://www.shadowera.com/cards.php""}",shadow-era_dark-prophecies_bloodthirsty
237c60d4-da86-4318-8722-608386fe45b9,first-party-document,0,0,"{""obverse"": ""shadow-era_dark-prophecies_aura-of-retribution"", ""reverse"": ""shadow-era_card-back""}","{""name_printed"": ""Aura of Retribution"", ""number"": ""115"", ""type"": ""Ability"", ""Faction"": ""Shadow"", ""subtype"": ""Attachment"", ""cost"": ""2"", ""rule_text"": ""Attach to target friendly ally. When that ally leaves combat with an opposing hero or ally, it deals 2 damage to them."", ""item_dimensions"": ""{\u0022height\u0022: \u00223.5\u0022, \u0022width\u0022: \u00222.5\u0022, \u0022unit\u0022: \u0022inch\u0022}""}",d8327757-6eec-4e1a-b7dc-7fb962f9b10c,2edb20d5-da8d-4ac0-a0fa-4e23ee9d18fa,Aura of Retribution,Aura of Retribution,"{""source_notes"": ""https://www.shadowera.com/cards.php""}",shadow-era_dark-prophecies_aura-of-retribution
b9396ffd-45ca-459b-bf7e-09e13663c533,first-party-document,0,0,"{""obverse"": ""shadow-era_dark-prophecies_ascendant-of-the-horde"", ""reverse"": ""shadow-era_card-back""}","{""name_printed"": ""Ascendant of the Horde"", ""rarity"": ""U"", ""number"": ""116"", ""type"": ""Item"", ""Faction"": ""Shadow"", ""subtype"": ""Artifact"", ""cost"": ""2"", ""rule_text"": ""All damage to friendly allies with cost 2 or less is reduced by 1. 0: Target Ascendant of the Hero is destroyed."", ""item_dimensions"": ""{\u0022height\u0022: \u00223.5\u0022, \u0022width\u0022: \u00222.5\u0022, \u0022unit\u0022: \u0022inch\u0022}""}",d8327757-6eec-4e1a-b7dc-7fb962f9b10c,2edb20d5-da8d-4ac0-a0fa-4e23ee9d18fa,Ascendant of the Horde,Ascendant of the Horde,"{""source_notes"": ""https://www.shadowera.com/cards.php""}",shadow-era_dark-prophecies_ascendant-of-the-horde
65583b99-0b24-4193-b852-44bd4cfb53d3,first-party-document,0,0,"{""obverse"": ""shadow-era_dark-prophecies_arthyle's-crypt"", ""reverse"": ""shadow-era_card-back""}","{""name_printed"": ""Arthyle's Crypt"", ""rarity"": ""U"", ""number"": ""117"", ""type"": ""Item"", ""Faction"": ""Shadow"", ""subtype"": ""Artifact"", ""cost"": ""2"", ""rule_text"": ""3: The top ally from your graveyard is placed on top of your deck."", ""item_dimensions"": ""{\u0022height\u0022: \u00223.5\u0022, \u0022width\u0022: \u00222.5\u0022, \u0022unit\u0022: \u0022inch\u0022}""}",d8327757-6eec-4e1a-b7dc-7fb962f9b10c,2edb20d5-da8d-4ac0-a0fa-4e23ee9d18fa,Arthyle's Crypt,Arthyle's Crypt,"{""source_notes"": ""https://www.shadowera.com/cards.php""}",shadow-era_dark-prophecies_arthyle's-crypt
f554dd55-18b3-4bb9-a2b0-1264419217c8,first-party-document,0,0,"{""obverse"": ""shadow-era_dark-prophecies_flesh-infusion"", ""reverse"": ""shadow-era_card-back""}","{""name_printed"": ""Flesh Infusion"", ""number"": ""118"", ""type"": ""Ability"", ""Faction"": ""Shadow"", ""subtype"": ""Attachment"", ""cost"": ""2"", ""rule_text"": ""Attach to target friendly ally. That ally has +1 attack for each attachment it has. When that ally is killed, its killer takes 1 damage."", ""item_dimensions"": ""{\u0022height\u0022: \u00223.5\u0022, \u0022width\u0022: \u00222.5\u0022, \u0022unit\u0022: \u0022inch\u0022}""}",d8327757-6eec-4e1a-b7dc-7fb962f9b10c,2edb20d5-da8d-4ac0-a0fa-4e23ee9d18fa,Flesh Infusion,Flesh Infusion,"{""source_notes"": ""https://www.shadowera.com/cards.php""}",shadow-era_dark-prophecies_flesh-infusion
b8eda536-29b5-41e1-aa2d-2d11db89e73b,first-party-document,0,0,"{""obverse"": ""shadow-era_dark-prophecies_blackened-heart"", ""reverse"": ""shadow-era_card-back""}","{""name_printed"": ""Blackened Heart"", ""rarity"": ""U"", ""number"": ""119"", ""type"": ""Ability"", ""Faction"": ""Shadow"", ""subtype"": ""Attachment"", ""cost"": ""2"", ""rule_text"": ""Attach to target friendly ally. That ally has immunity to abilities activated with shadow energy. When an opposing player targets that ally with an ability, their hero loses 2 shadow energy."", ""item_dimensions"": ""{\u0022height\u0022: \u00223.5\u0022, \u0022width\u0022: \u00222.5\u0022, \u0022unit\u0022: \u0022inch\u0022}""}",d8327757-6eec-4e1a-b7dc-7fb962f9b10c,2edb20d5-da8d-4ac0-a0fa-4e23ee9d18fa,Blackened Heart,Blackened Heart,"{""source_notes"": ""https://www.shadowera.com/cards.php""}",shadow-era_dark-prophecies_blackened-heart
663d13b5-8391-4a5c-b712-1a85f3f01e6e,first-party-document,0,0,"{""obverse"": ""shadow-era_dark-prophecies_a-legend-falls"", ""reverse"": ""shadow-era_card-back""}","{""name_printed"": ""A Legend Falls"", ""rarity"": ""R"", ""number"": ""120"", ""type"": ""Ability"", ""Faction"": ""Shadow"", ""cost"": ""3"", ""rule_text"": ""The opposing ally with the highest attack has all attachments removed and is reduced by 4 health."", ""item_dimensions"": ""{\u0022height\u0022: \u00223.5\u0022, \u0022width\u0022: \u00222.5\u0022, \u0022unit\u0022: \u0022inch\u0022}""}",d8327757-6eec-4e1a-b7dc-7fb962f9b10c,2edb20d5-da8d-4ac0-a0fa-4e23ee9d18fa,A Legend Falls,A Legend Falls,"{""source_notes"": ""https://www.shadowera.com/cards.php""}",shadow-era_dark-prophecies_a-legend-falls
336e1424-2f1f-4b77-b09a-8b7fee451a24,first-party-document,0,0,"{""obverse"": ""shadow-era_dark-prophecies_word-of-the-prophet"", ""reverse"": ""shadow-era_card-back""}","{""name_printed"": ""Word of the Prophet"", ""rarity"": ""R"", ""number"": ""121"", ""type"": ""Ability"", ""Faction"": ""Neutral"", ""cost"": ""1"", ""rule_text"": ""Up to 3 target cards in your hand are each shuffled into their owner's deck and you draw an equal number of cards."", ""item_dimensions"": ""{\u0022height\u0022: \u00223.5\u0022, \u0022width\u0022: \u00222.5\u0022, \u0022unit\u0022: \u0022inch\u0022}""}",d8327757-6eec-4e1a-b7dc-7fb962f9b10c,2edb20d5-da8d-4ac0-a0fa-4e23ee9d18fa,Word of the Prophet,Word of the Prophet,"{""source_notes"": ""https://www.shadowera.com/cards.php""}",shadow-era_dark-prophecies_word-of-the-prophet
05233146-6849-4a9d-8908-d45cfd3e7950,first-party-document,0,0,"{""obverse"": ""shadow-era_dark-prophecies_change-of-fortune"", ""reverse"": ""shadow-era_card-back""}","{""name_printed"": ""Change of Fortune"", ""number"": ""122"", ""type"": ""Ability"", ""Faction"": ""Neutral"", ""cost"": ""2"", ""rule_text"": ""Target support ability is destroyed."", ""item_dimensions"": ""{\u0022height\u0022: \u00223.5\u0022, \u0022width\u0022: \u00222.5\u0022, \u0022unit\u0022: \u0022inch\u0022}""}",d8327757-6eec-4e1a-b7dc-7fb962f9b10c,2edb20d5-da8d-4ac0-a0fa-4e23ee9d18fa,Change of Fortune,Change of Fortune,"{""source_notes"": ""https://www.shadowera.com/cards.php""}",shadow-era_dark-prophecies_change-of-fortune
eabce74d-57ab-41d1-aa72-459b050415f6,first-party-document,0,0,"{""obverse"": ""shadow-era_dark-prophecies_assumed-command"", ""reverse"": ""shadow-era_card-back""}","{""name_printed"": ""Assumed Command"", ""number"": ""123"", ""type"": ""Ability"", ""Faction"": ""Neutral"", ""subtype"": ""Attachment"", ""is_unique"": ""Unique"", ""cost"": ""3"", ""rule_text"": ""Attach to target friendly ally. That ally has +1 attack and +1 health, and allies you control have steadfast (they can't leave play unless they are killed)."", ""item_dimensions"": ""{\u0022height\u0022: \u00223.5\u0022, \u0022width\u0022: \u00222.5\u0022, \u0022unit\u0022: \u0022inch\u0022}""}",d8327757-6eec-4e1a-b7dc-7fb962f9b10c,2edb20d5-da8d-4ac0-a0fa-4e23ee9d18fa,Assumed Command,Assumed Command,"{""source_notes"": ""https://www.shadowera.com/cards.php""}",shadow-era_dark-prophecies_assumed-command
21add050-50d5-4666-97a4-7a20c3cbc3b8,first-party-document,0,0,"{""obverse"": ""shadow-era_dark-prophecies_sanctuary"", ""reverse"": ""shadow-era_card-back""}","{""name_printed"": ""Sanctuary"", ""number"": ""124"", ""type"": ""Ability"", ""Faction"": ""Neutral"", ""subtype"": ""Support"", ""cost"": ""2"", ""rule_text"": ""Duration 2. Heroes can't activate their abilities."", ""item_dimensions"": ""{\u0022height\u0022: \u00223.5\u0022, \u0022width\u0022: \u00222.5\u0022, \u0022unit\u0022: \u0022inch\u0022}""}",d8327757-6eec-4e1a-b7dc-7fb962f9b10c,2edb20d5-da8d-4ac0-a0fa-4e23ee9d18fa,Sanctuary,Sanctuary,"{""source_notes"": ""https://www.shadowera.com/cards.php""}",shadow-era_dark-prophecies_sanctuary
f20c53a0-b477-4d38-bd42-f18f8676976f,first-party-document,0,0,"{""obverse"": ""shadow-era_dark-prophecies_aldmor-conduit"", ""reverse"": ""shadow-era_card-back""}","{""name_printed"": ""Aldmor Conduit"", ""rarity"": ""U"", ""number"": ""125"", ""type"": ""Item"", ""Faction"": ""Neutral"", ""subtype"": ""Artifact"", ""cost"": ""3"", ""rule_text"": ""Any player may activate the following ability on their turn. 1SE: Draw a card."", ""item_dimensions"": ""{\u0022height\u0022: \u00223.5\u0022, \u0022width\u0022: \u00222.5\u0022, \u0022unit\u0022: \u0022inch\u0022}""}",d8327757-6eec-4e1a-b7dc-7fb962f9b10c,2edb20d5-da8d-4ac0-a0fa-4e23ee9d18fa,Aldmor Conduit,Aldmor Conduit,"{""source_notes"": ""https://www.shadowera.com/cards.php""}",shadow-era_dark-prophecies_aldmor-conduit
3bd84b8f-c19e-498f-a12e-401c5f4f938a,first-party-document,0,0,"{""obverse"": ""shadow-era_dark-prophecies_stand-firm"", ""reverse"": ""shadow-era_card-back""}","{""name_printed"": ""Stand Firm"", ""number"": ""126"", ""type"": ""Ability"", ""Faction"": ""Neutral"", ""subtype"": ""Support"", ""cost"": ""1"", ""rule_text"": ""Duration 3. Friendly allies have steadfast (they can't leave play unless they are killed)."", ""item_dimensions"": ""{\u0022height\u0022: \u00223.5\u0022, \u0022width\u0022: \u00222.5\u0022, \u0022unit\u0022: \u0022inch\u0022}""}",d8327757-6eec-4e1a-b7dc-7fb962f9b10c,2edb20d5-da8d-4ac0-a0fa-4e23ee9d18fa,Stand Firm,Stand Firm,"{""source_notes"": ""https://www.shadowera.com/cards.php""}",shadow-era_dark-prophecies_stand-firm
a1c8b2fe-130b-494e-baf0-6a529f1bf27c,first-party-document,0,0,"{""obverse"": ""shadow-era_dark-prophecies_toll-bridge"", ""reverse"": ""shadow-era_card-back""}","{""name_printed"": ""Toll Bridge"", ""number"": ""127"", ""type"": ""Item"", ""Faction"": ""Neutral"", ""subtype"": ""Artifact"", ""cost"": ""2"", ""rule_text"": ""Allies and items with cost 5 or greater cost 1 additional resource to summon."", ""item_dimensions"": ""{\u0022height\u0022: \u00223.5\u0022, \u0022width\u0022: \u00222.5\u0022, \u0022unit\u0022: \u0022inch\u0022}""}",d8327757-6eec-4e1a-b7dc-7fb962f9b10c,2edb20d5-da8d-4ac0-a0fa-4e23ee9d18fa,Toll Bridge,Toll Bridge,"{""source_notes"": ""https://www.shadowera.com/cards.php""}",shadow-era_dark-prophecies_toll-bridge
6b3cce0e-4c5d-46ab-8f77-388a616ee15d,first-party-document,0,0,"{""obverse"": ""shadow-era_dark-prophecies_dark-revelations"", ""reverse"": ""shadow-era_card-back""}","{""name_printed"": ""Dark Revelations"", ""number"": ""128"", ""type"": ""Ability"", ""Faction"": ""Neutral"", ""subtype"": ""Support"", ""cost"": ""1"", ""rule_text"": ""Duration 3. You can view the top card of each opposing player's deck. 2SE: Target opposing player discards a card from their deck."", ""item_dimensions"": ""{\u0022height\u0022: \u00223.5\u0022, \u0022width\u0022: \u00222.5\u0022, \u0022unit\u0022: \u0022inch\u0022}""}",d8327757-6eec-4e1a-b7dc-7fb962f9b10c,2edb20d5-da8d-4ac0-a0fa-4e23ee9d18fa,Dark Revelations,Dark Revelations,"{""source_notes"": ""https://www.shadowera.com/cards.php""}",shadow-era_dark-prophecies_dark-revelations
a858a4dc-0d33-4379-b887-8b27556acf69,first-party-document,0,0,"{""obverse"": ""shadow-era_dark-prophecies_thoughtful-investment"", ""reverse"": ""shadow-era_card-back""}","{""name_printed"": ""Thoughtful Investment"", ""rarity"": ""R"", ""number"": ""129"", ""type"": ""Item"", ""Faction"": ""Neutral"", ""subtype"": ""Artifact"", ""cost"": ""3"", ""rule_text"": ""When Thoughtful Investment is summoned, draw a card: target card in your hand is placed on top of your resource pile."", ""item_dimensions"": ""{\u0022height\u0022: \u00223.5\u0022, \u0022width\u0022: \u00222.5\u0022, \u0022unit\u0022: \u0022inch\u0022}""}",d8327757-6eec-4e1a-b7dc-7fb962f9b10c,2edb20d5-da8d-4ac0-a0fa-4e23ee9d18fa,Thoughtful Investment,Thoughtful Investment,"{""source_notes"": ""https://www.shadowera.com/cards.php""}",shadow-era_dark-prophecies_thoughtful-investment
83eaa040-5783-4528-a764-82fef75da0cb,first-party-document,0,0,"{""obverse"": ""shadow-era_dark-prophecies_scythe-of-fate"", ""reverse"": ""shadow-era_card-back""}","{""name_printed"": ""Scythe of Fate"", ""rarity"": ""R"", ""number"": ""130"", ""type"": ""Item"", ""Faction"": ""Neutral"", ""subtype"": ""Artifact"", ""cost"": ""2"", ""rule_text"": ""3: All players discard a card from their deck."", ""item_dimensions"": ""{\u0022height\u0022: \u00223.5\u0022, \u0022width\u0022: \u00222.5\u0022, \u0022unit\u0022: \u0022inch\u0022}""}",d8327757-6eec-4e1a-b7dc-7fb962f9b10c,2edb20d5-da8d-4ac0-a0fa-4e23ee9d18fa,Scythe of Fate,Scythe of Fate,"{""source_notes"": ""https://www.shadowera.com/cards.php""}",shadow-era_dark-prophecies_scythe-of-fate
15363439-a7a4-43d8-997b-68b5707f3db2,first-party-document,0,0,"{""obverse"": ""shadow-era_dark-prophecies_blazing-shield"", ""reverse"": ""shadow-era_card-back""}","{""name_printed"": ""Blazing Shield"", ""rarity"": ""U"", ""number"": ""131"", ""type"": ""Item"", ""Class"": ""Mage"", ""subtype"": ""Armor"", ""cost"": ""3"", ""attack"": ""1"", ""hp"": ""0"", ""rule_text"": ""While your hero has at least 2 shadow energy, Blazing Shield doesn't lose durability in combat, opposing heroes and allies that attack your hero are set ablaze and ice damage to your hero is reduced by 1."", ""item_dimensions"": ""{\u0022height\u0022: \u00223.5\u0022, \u0022width\u0022: \u00222.5\u0022, \u0022unit\u0022: \u0022inch\u0022}""}",d8327757-6eec-4e1a-b7dc-7fb962f9b10c,2edb20d5-da8d-4ac0-a0fa-4e23ee9d18fa,Blazing Shield,Blazing Shield,"{""source_notes"": ""https://www.shadowera.com/cards.php""}",shadow-era_dark-prophecies_blazing-shield
f725b93d-500a-437c-b648-a91660db25fa,first-party-document,0,0,"{""obverse"": ""shadow-era_dark-prophecies_storm-coat"", ""reverse"": ""shadow-era_card-back""}","{""name_printed"": ""Storm Coat"", ""rarity"": ""U"", ""number"": ""132"", ""type"": ""Item"", ""Class"": ""Rogue, Wulven"", ""subtype"": ""Armor"", ""cost"": ""3"", ""attack"": ""3"", ""hp"": ""1"", ""rule_text"": ""Support abilities can't prevent friendly allies from attacking."", ""item_dimensions"": ""{\u0022height\u0022: \u00223.5\u0022, \u0022width\u0022: \u00222.5\u0022, \u0022unit\u0022: \u0022inch\u0022}""}",d8327757-6eec-4e1a-b7dc-7fb962f9b10c,2edb20d5-da8d-4ac0-a0fa-4e23ee9d18fa,Storm Coat,Storm Coat,"{""source_notes"": ""https://www.shadowera.com/cards.php""}",shadow-era_dark-prophecies_storm-coat
ddaf60a7-2011-4577-815d-2860b9c429e8,first-party-document,0,0,"{""obverse"": ""shadow-era_dark-prophecies_punisher's-gauntlets"", ""reverse"": ""shadow-era_card-back""}","{""name_printed"": ""Punisher's Gauntlets"", ""rarity"": ""R"", ""number"": ""133"", ""type"": ""Item"", ""Class"": ""Warrior"", ""subtype"": ""Armor"", ""cost"": ""5"", ""attack"": ""4"", ""hp"": ""3"", ""rule_text"": ""3SE: Target opposing ally is reduced to 0 base attack."", ""item_dimensions"": ""{\u0022height\u0022: \u00223.5\u0022, \u0022width\u0022: \u00222.5\u0022, \u0022unit\u0022: \u0022inch\u0022}""}",d8327757-6eec-4e1a-b7dc-7fb962f9b10c,2edb20d5-da8d-4ac0-a0fa-4e23ee9d18fa,Punisher's Gauntlets,Punisher's Gauntlets,"{""source_notes"": ""https://www.shadowera.com/cards.php""}",shadow-era_dark-prophecies_punisher's-gauntlets
3cc9d4d7-9992-4746-a26d-97b373a6c44a,first-party-document,0,0,"{""obverse"": ""shadow-era_dark-prophecies_breastplate-of-vitality"", ""reverse"": ""shadow-era_card-back""}","{""name_printed"": ""Breastplate of Vitality"", ""rarity"": ""R"", ""number"": ""134"", ""type"": ""Item"", ""Class"": ""Priest, Elemental"", ""subtype"": ""Armor"", ""cost"": ""4"", ""attack"": ""4"", ""hp"": ""1"", ""rule_text"": ""Allies you control have +2 health."", ""item_dimensions"": ""{\u0022height\u0022: \u00223.5\u0022, \u0022width\u0022: \u00222.5\u0022, \u0022unit\u0022: \u0022inch\u0022}""}",d8327757-6eec-4e1a-b7dc-7fb962f9b10c,2edb20d5-da8d-4ac0-a0fa-4e23ee9d18fa,Breastplate of Vitality,Breastplate of Vitality,"{""source_notes"": ""https://www.shadowera.com/cards.php""}",shadow-era_dark-prophecies_breastplate-of-vitality
fc1034b8-1c8c-47da-ab14-195b250bed7c,first-party-document,0,0,"{""obverse"": ""shadow-era_dark-prophecies_cloak-of-obscurity"", ""reverse"": ""shadow-era_card-back""}","{""name_printed"": ""Cloak of Obscurity"", ""rarity"": ""R"", ""number"": ""135"", ""type"": ""Item"", ""Class"": ""Hunter, Rogue"", ""subtype"": ""Armor"", ""cost"": ""4"", ""attack"": ""4"", ""hp"": ""1"", ""rule_text"": ""1SE: Target friendly ally has stealth and ambush until the start of your next turn. Cloak of Obscurity loses 1 durability."", ""item_dimensions"": ""{\u0022height\u0022: \u00223.5\u0022, \u0022width\u0022: \u00222.5\u0022, \u0022unit\u0022: \u0022inch\u0022}""}",d8327757-6eec-4e1a-b7dc-7fb962f9b10c,2edb20d5-da8d-4ac0-a0fa-4e23ee9d18fa,Cloak of Obscurity,Cloak of Obscurity,"{""source_notes"": ""https://www.shadowera.com/cards.php""}",shadow-era_dark-prophecies_cloak-of-obscurity
e6f54cc7-4519-4527-93ba-af771bedfb47,first-party-document,0,0,"{""obverse"": ""shadow-era_dark-prophecies_morphic-armor"", ""reverse"": ""shadow-era_card-back""}","{""name_printed"": ""Morphic Armor"", ""rarity"": ""E"", ""number"": ""136"", ""type"": ""Item"", ""Class"": ""Elemental"", ""subtype"": ""Armor"", ""cost"": ""5"", ""attack"": ""3"", ""hp"": ""2"", ""rule_text"": ""2SE: Target attachment is moved to another valid target, as if summoned from your hand at no cost."", ""item_dimensions"": ""{\u0022height\u0022: \u00223.5\u0022, \u0022width\u0022: \u00222.5\u0022, \u0022unit\u0022: \u0022inch\u0022}""}",d8327757-6eec-4e1a-b7dc-7fb962f9b10c,2edb20d5-da8d-4ac0-a0fa-4e23ee9d18fa,Morphic Armor,Morphic Armor,"{""source_notes"": ""https://www.shadowera.com/cards.php""}",shadow-era_dark-prophecies_morphic-armor
98a123ca-6ad9-4562-90b2-8ee99652aabe,first-party-document,0,0,"{""obverse"": ""shadow-era_dark-prophecies_pride-of-the-mountain"", ""reverse"": ""shadow-era_card-back""}","{""name_printed"": ""Pride of the Mountain"", ""rarity"": ""R"", ""number"": ""137"", ""type"": ""Item"", ""Class"": ""Hunter"", ""subtype"": ""Armor"", ""cost"": ""3"", ""attack"": ""3"", ""hp"": ""1"", ""rule_text"": ""When an opposing ally is killed, draw a card."", ""item_dimensions"": ""{\u0022height\u0022: \u00223.5\u0022, \u0022width\u0022: \u00222.5\u0022, \u0022unit\u0022: \u0022inch\u0022}""}",d8327757-6eec-4e1a-b7dc-7fb962f9b10c,2edb20d5-da8d-4ac0-a0fa-4e23ee9d18fa,Pride of the Mountain,Pride of the Mountain,"{""source_notes"": ""https://www.shadowera.com/cards.php""}",shadow-era_dark-prophecies_pride-of-the-mountain
c1d8fcb1-53f7-4b17-a8b4-6153395c0a2d,first-party-document,0,0,"{""obverse"": ""shadow-era_dark-prophecies_celestial-armor"", ""reverse"": ""shadow-era_card-back""}","{""name_printed"": ""Celestial Armor"", ""rarity"": ""E"", ""number"": ""138"", ""type"": ""Item"", ""Class"": ""Priest"", ""subtype"": ""Armor"", ""cost"": ""5"", ""attack"": ""3"", ""hp"": ""3"", ""rule_text"": ""2SE: All damage to target friendly ally is reduced to 0 until the start of your next turn."", ""item_dimensions"": ""{\u0022height\u0022: \u00223.5\u0022, \u0022width\u0022: \u00222.5\u0022, \u0022unit\u0022: \u0022inch\u0022}""}",d8327757-6eec-4e1a-b7dc-7fb962f9b10c,2edb20d5-da8d-4ac0-a0fa-4e23ee9d18fa,Celestial Armor,Celestial Armor,"{""source_notes"": ""https://www.shadowera.com/cards.php""}",shadow-era_dark-prophecies_celestial-armor
b9915c49-25a0-4ab7-8bec-fa27b49a0adc,first-party-document,0,0,"{""obverse"": ""shadow-era_dark-prophecies_rothem's-visage"", ""reverse"": ""shadow-era_card-back""}","{""name_printed"": ""Rothem's Visage"", ""rarity"": ""E"", ""number"": ""139"", ""type"": ""Item"", ""Class"": ""Warrior"", ""subtype"": ""Armor"", ""cost"": ""7"", ""attack"": ""5"", ""hp"": ""3"", ""rule_text"": ""When your hero gains shadow energy, Rothem's Visage gains +1 durability to a maximum of 5. When Rothem's Visage is destroyed, your hero takes 5 damage. 2SE: Friendly allies have haste until the end of your turn."", ""item_dimensions"": ""{\u0022height\u0022: \u00223.5\u0022, \u0022width\u0022: \u00222.5\u0022, \u0022unit\u0022: \u0022inch\u0022}""}",d8327757-6eec-4e1a-b7dc-7fb962f9b10c,2edb20d5-da8d-4ac0-a0fa-4e23ee9d18fa,Rothem's Visage,Rothem's Visage,"{""source_notes"": ""https://www.shadowera.com/cards.php""}",shadow-era_dark-prophecies_rothem's-visage
515b97e5-b5c4-49b1-93fa-c1d77ff180d7,first-party-document,0,0,"{""obverse"": ""shadow-era_dark-prophecies_loest's-burden"", ""reverse"": ""shadow-era_card-back""}","{""name_printed"": ""Loest's Burden"", ""rarity"": ""E"", ""number"": ""140"", ""type"": ""Item"", ""Class"": ""Mage"", ""subtype"": ""Armor"", ""cost"": ""6"", ""attack"": ""4"", ""hp"": ""2"", ""rule_text"": ""At the start of each of your turns, your hero takes 1 damage. When an opposing player activates an ability with shadow energy, draw 2 cards. 0SE: Your hero takes 2 damage and you draw 2 cards."", ""item_dimensions"": ""{\u0022height\u0022: \u00223.5\u0022, \u0022width\u0022: \u00222.5\u0022, \u0022unit\u0022: \u0022inch\u0022}""}",d8327757-6eec-4e1a-b7dc-7fb962f9b10c,2edb20d5-da8d-4ac0-a0fa-4e23ee9d18fa,Loest's Burden,Loest's Burden,"{""source_notes"": ""https://www.shadowera.com/cards.php""}",shadow-era_dark-prophecies_loest's-burden
ea3596a7-e940-4de6-9293-7bc3df087e44,first-party-document,0,0,"{""obverse"": ""shadow-era_dark-prophecies_feathered-longbow"", ""reverse"": ""shadow-era_card-back""}","{""name_printed"": ""Feathered Longbow"", ""rarity"": ""U"", ""number"": ""141"", ""type"": ""Item"", ""Class"": ""Hunter"", ""subtype"": ""Weapon"", ""attack_type"": ""Bow"", ""cost"": ""3"", ""attack"": ""1"", ""hp"": ""2"", ""rule_text"": ""When Feathered Longbow is summoned while any opposing player has resources greater than or equal to yours, it gains +1 base attack and +1 durability."", ""item_dimensions"": ""{\u0022height\u0022: \u00223.5\u0022, \u0022width\u0022: \u00222.5\u0022, \u0022unit\u0022: \u0022inch\u0022}""}",d8327757-6eec-4e1a-b7dc-7fb962f9b10c,2edb20d5-da8d-4ac0-a0fa-4e23ee9d18fa,Feathered Longbow,Feathered Longbow,"{""source_notes"": ""https://www.shadowera.com/cards.php""}",shadow-era_dark-prophecies_feathered-longbow
570deb0f-ce4d-4ad0-b64f-f195cd2d1153,first-party-document,0,0,"{""obverse"": ""shadow-era_dark-prophecies_staff-of-disintegration"", ""reverse"": ""shadow-era_card-back""}","{""name_printed"": ""Staff of Disintegration"", ""rarity"": ""R"", ""number"": ""142"", ""type"": ""Item"", ""Class"": ""Mage"", ""subtype"": ""Weapon"", ""cost"": ""3"", ""attack"": ""1"", ""hp"": ""2"", ""rule_text"": ""1SE: Target weapon or armor loses 2 durability."", ""item_dimensions"": ""{\u0022height\u0022: \u00223.5\u0022, \u0022width\u0022: \u00222.5\u0022, \u0022unit\u0022: \u0022inch\u0022}""}",d8327757-6eec-4e1a-b7dc-7fb962f9b10c,2edb20d5-da8d-4ac0-a0fa-4e23ee9d18fa,Staff of Disintegration,Staff of Disintegration,"{""source_notes"": ""https://www.shadowera.com/cards.php""}",shadow-era_dark-prophecies_staff-of-disintegration
3ab87a51-1731-4e8e-aa0e-3888f811017f,first-party-document,0,0,"{""obverse"": ""shadow-era_dark-prophecies_wand-of-izikus"", ""reverse"": ""shadow-era_card-back""}","{""name_printed"": ""Wand of Izikus"", ""rarity"": ""R"", ""number"": ""143"", ""type"": ""Item"", ""Class"": ""Mage"", ""subtype"": ""Weapon"", ""cost"": ""3"", ""attack"": ""1"", ""hp"": ""3"", ""rule_text"": ""1SE: Target item you control loses all abilities and becomes a Homunculus ally with 2 base electrical attack and 4 health."", ""item_dimensions"": ""{\u0022height\u0022: \u00223.5\u0022, \u0022width\u0022: \u00222.5\u0022, \u0022unit\u0022: \u0022inch\u0022}""}",d8327757-6eec-4e1a-b7dc-7fb962f9b10c,2edb20d5-da8d-4ac0-a0fa-4e23ee9d18fa,Wand of Izikus,Wand of Izikus,"{""source_notes"": ""https://www.shadowera.com/cards.php""}",shadow-era_dark-prophecies_wand-of-izikus
2b1ad29c-7efc-42db-bb0a-132029d7a437,first-party-document,0,0,"{""obverse"": ""shadow-era_dark-prophecies_crescent-of-doom"", ""reverse"": ""shadow-era_card-back""}","{""name_printed"": ""Crescent of Doom"", ""rarity"": ""R"", ""number"": ""144"", ""type"": ""Item"", ""Class"": ""Hunter, Wulven"", ""subtype"": ""Weapon"", ""cost"": ""4"", ""attack"": ""1"", ""hp"": ""4"", ""rule_text"": ""Crescent of Doom has +1 attack while in combat with allies. Allies cost 1 additional resource to summon."", ""item_dimensions"": ""{\u0022height\u0022: \u00223.5\u0022, \u0022width\u0022: \u00222.5\u0022, \u0022unit\u0022: \u0022inch\u0022}""}",d8327757-6eec-4e1a-b7dc-7fb962f9b10c,2edb20d5-da8d-4ac0-a0fa-4e23ee9d18fa,Crescent of Doom,Crescent of Doom,"{""source_notes"": ""https://www.shadowera.com/cards.php""}",shadow-era_dark-prophecies_crescent-of-doom
ea542952-a76c-4a25-b3ac-6086d7c6a199,first-party-document,0,0,"{""obverse"": ""shadow-era_dark-prophecies_grundler's-double"", ""reverse"": ""shadow-era_card-back""}","{""name_printed"": ""Grundler's Double"", ""rarity"": ""E"", ""number"": ""145"", ""type"": ""Item"", ""Class"": ""Hunter"", ""subtype"": ""Weapon"", ""attack_type"": ""Bow"", ""cost"": ""6"", ""attack"": ""2"", ""hp"": ""5"", ""rule_text"": ""Your hero can attack opposing heroes and allies regardless of stealth. When you end your turn while there is only 1 friendly ally in play, draw a card."", ""item_dimensions"": ""{\u0022height\u0022: \u00223.5\u0022, \u0022width\u0022: \u00222.5\u0022, \u0022unit\u0022: \u0022inch\u0022}""}",d8327757-6eec-4e1a-b7dc-7fb962f9b10c,2edb20d5-da8d-4ac0-a0fa-4e23ee9d18fa,Grundler's Double,Grundler's Double,"{""source_notes"": ""https://www.shadowera.com/cards.php""}",shadow-era_dark-prophecies_grundler's-double
1db1fb57-0570-4c7f-80e7-342684fed9c6,first-party-document,0,0,"{""obverse"": ""shadow-era_dark-prophecies_dragon's-tooth"", ""reverse"": ""shadow-era_card-back""}","{""name_printed"": ""Dragon's Tooth"", ""rarity"": ""E"", ""number"": ""146"", ""type"": ""Item"", ""Class"": ""Warrior"", ""subtype"": ""Weapon"", ""cost"": ""6"", ""attack"": ""1"", ""hp"": ""3"", ""rule_text"": ""Dragon's Tooth's attack can't be increased. When your hero attacks an ally with cost 5 or greater, that ally is killed and Dragon's Tooth loses 1 durability."", ""item_dimensions"": ""{\u0022height\u0022: \u00223.5\u0022, \u0022width\u0022: \u00222.5\u0022, \u0022unit\u0022: \u0022inch\u0022}""}",d8327757-6eec-4e1a-b7dc-7fb962f9b10c,2edb20d5-da8d-4ac0-a0fa-4e23ee9d18fa,Dragon's Tooth,Dragon's Tooth,"{""source_notes"": ""https://www.shadowera.com/cards.php""}",shadow-era_dark-prophecies_dragon's-tooth
80d0ce1d-ec9c-4654-b4f4-666d01ec95d4,first-party-document,0,0,"{""obverse"": ""shadow-era_dark-prophecies_shadowvein"", ""reverse"": ""shadow-era_card-back""}","{""name_printed"": ""Shadowvein"", ""rarity"": ""R"", ""number"": ""147"", ""type"": ""Item"", ""Class"": ""Elemental"", ""subtype"": ""Weapon"", ""cost"": ""6"", ""attack"": ""2"", ""hp"": ""4"", ""rule_text"": ""When your hero deals combat damage, all heroes gain +1 shadow energy."", ""item_dimensions"": ""{\u0022height\u0022: \u00223.5\u0022, \u0022width\u0022: \u00222.5\u0022, \u0022unit\u0022: \u0022inch\u0022}""}",d8327757-6eec-4e1a-b7dc-7fb962f9b10c,2edb20d5-da8d-4ac0-a0fa-4e23ee9d18fa,Shadowvein,Shadowvein,"{""source_notes"": ""https://www.shadowera.com/cards.php""}",shadow-era_dark-prophecies_shadowvein
4226544f-a8cc-4e46-9b96-1579f1c0c22b,first-party-document,0,0,"{""obverse"": ""shadow-era_dark-prophecies_spectral-sabre"", ""reverse"": ""shadow-era_card-back""}","{""name_printed"": ""Spectral Sabre"", ""rarity"": ""U"", ""number"": ""148"", ""type"": ""Item"", ""Class"": ""Warrior, Wulven"", ""subtype"": ""Weapon"", ""cost"": ""4"", ""attack"": ""2"", ""hp"": ""2"", ""rule_text"": ""When Spectral Sabre is summoned, you may destroy target attachment and place Spectral Sabre in the graveyard."", ""item_dimensions"": ""{\u0022height\u0022: \u00223.5\u0022, \u0022width\u0022: \u00222.5\u0022, \u0022unit\u0022: \u0022inch\u0022}""}",d8327757-6eec-4e1a-b7dc-7fb962f9b10c,2edb20d5-da8d-4ac0-a0fa-4e23ee9d18fa,Spectral Sabre,Spectral Sabre,"{""source_notes"": ""https://www.shadowera.com/cards.php""}",shadow-era_dark-prophecies_spectral-sabre
66723716-9cd0-4ad3-98f6-05c5fa18a8dd,first-party-document,0,0,"{""obverse"": ""shadow-era_dark-prophecies_madelain's-scepter"", ""reverse"": ""shadow-era_card-back""}","{""name_printed"": ""Madelain's Scepter"", ""rarity"": ""E"", ""number"": ""149"", ""type"": ""Item"", ""Class"": ""Priest"", ""subtype"": ""Weapon"", ""cost"": ""6"", ""attack"": ""2"", ""hp"": ""4"", ""rule_text"": ""0SE: If your hero attacked this turn, target opposing ally takes 2 arcane damage."", ""item_dimensions"": ""{\u0022height\u0022: \u00223.5\u0022, \u0022width\u0022: \u00222.5\u0022, \u0022unit\u0022: \u0022inch\u0022}""}",d8327757-6eec-4e1a-b7dc-7fb962f9b10c,2edb20d5-da8d-4ac0-a0fa-4e23ee9d18fa,Madelain's Scepter,Madelain's Scepter,"{""source_notes"": ""https://www.shadowera.com/cards.php""}",shadow-era_dark-prophecies_madelain's-scepter
9a2f077f-f889-4fe7-900b-e18065e0d270,first-party-document,0,0,"{""obverse"": ""shadow-era_dark-prophecies_fan-of-blades"", ""reverse"": ""shadow-era_card-back""}","{""name_printed"": ""Fan of Blades"", ""rarity"": ""E"", ""number"": ""150"", ""type"": ""Item"", ""Class"": ""Rogue"", ""subtype"": ""Weapon"", ""cost"": ""6"", ""attack"": ""1"", ""hp"": ""4"", ""rule_text"": ""Ambush. Your hero may attack up to four different targets on each of your turns. When Fan of Blades is destroyed, draw a card."", ""item_dimensions"": ""{\u0022height\u0022: \u00223.5\u0022, \u0022width\u0022: \u00222.5\u0022, \u0022unit\u0022: \u0022inch\u0022}""}",d8327757-6eec-4e1a-b7dc-7fb962f9b10c,2edb20d5-da8d-4ac0-a0fa-4e23ee9d18fa,Fan of Blades,Fan of Blades,"{""source_notes"": ""https://www.shadowera.com/cards.php""}",shadow-era_dark-prophecies_fan-of-blades
7df281a6-a473-47ae-b562-05b3d60efdb0,first-party-document,0,0,"{""obverse"": ""shadow-era_dark-prophecies_karlstrad,-ruler-of-gaderi"", ""reverse"": ""shadow-era_card-back""}","{""name_printed"": ""Karlstrad, Ruler of Gaderi"", ""rarity"": ""L"", ""number"": ""151"", ""type"": ""Ally"", ""Faction"": ""Human"", ""is_unique"": ""Unique"", ""cost"": ""6"", ""attack"": ""4"", ""hp"": ""8"", ""rule_text"": ""Karlstrad can't be disabled or frozen, and has +1 attack for every other friendly ally in play."", ""item_dimensions"": ""{\u0022height\u0022: \u00223.5\u0022, \u0022width\u0022: \u00222.5\u0022, \u0022unit\u0022: \u0022inch\u0022}""}",d8327757-6eec-4e1a-b7dc-7fb962f9b10c,2edb20d5-da8d-4ac0-a0fa-4e23ee9d18fa,"Karlstrad, Ruler of Gaderi","Karlstrad, Ruler of Gaderi","{""source_notes"": ""https://www.shadowera.com/cards.php""}","shadow-era_dark-prophecies_karlstrad,-ruler-of-gaderi"
91477b61-5799-4777-80c7-e4fd2550c97c,first-party-document,0,0,"{""obverse"": ""shadow-era_dark-prophecies_scourge-colossus"", ""reverse"": ""shadow-era_card-back""}","{""name_printed"": ""Scourge Colossus"", ""rarity"": ""L"", ""number"": ""152"", ""type"": ""Ally"", ""Faction"": ""Shadow"", ""is_unique"": ""Unique"", ""cost"": ""6"", ""attack"": ""5"", ""hp"": ""7"", ""rule_text"": ""When Scourge Colossus deals combat damage to an opposing hero on your turn, an enemy item or support ability is destroyed at random."", ""item_dimensions"": ""{\u0022height\u0022: \u00223.5\u0022, \u0022width\u0022: \u00222.5\u0022, \u0022unit\u0022: \u0022inch\u0022}""}",d8327757-6eec-4e1a-b7dc-7fb962f9b10c,2edb20d5-da8d-4ac0-a0fa-4e23ee9d18fa,Scourge Colossus,Scourge Colossus,"{""source_notes"": ""https://www.shadowera.com/cards.php""}",shadow-era_dark-prophecies_scourge-colossus
90ef58d6-0cf2-4d4f-a758-06f5fae894de,first-party-document,0,0,"{""obverse"": ""shadow-era_shattered-fates_tala-pureheart"", ""reverse"": ""shadow-era_card-back""}","{""name_printed"": ""Tala Pureheart"", ""rarity"": ""H"", ""number"": ""1"", ""type"": ""Hero"", ""Faction"": ""Human"", ""Class"": ""Warrior"", ""hp"": ""30"", ""rule_text"": ""3SE: Target friendly ally gains protector, +1 base attack and +1 health."", ""item_dimensions"": ""{\u0022height\u0022: \u00223.5\u0022, \u0022width\u0022: \u00222.5\u0022, \u0022unit\u0022: \u0022inch\u0022}""}",d8327757-6eec-4e1a-b7dc-7fb962f9b10c,e54dfc76-db92-4f8d-a1cf-cdc337d4d1cc,Tala Pureheart,Tala Pureheart,"{""source_notes"": ""https://www.shadowera.com/cards.php""}",shadow-era_shattered-fates_tala-pureheart
827ab211-96b2-47fe-b57c-3f490d66d3de,first-party-document,0,0,"{""obverse"": ""shadow-era_shattered-fates_aramia"", ""reverse"": ""shadow-era_card-back""}","{""name_printed"": ""Aramia"", ""rarity"": ""H"", ""number"": ""2"", ""type"": ""Hero"", ""Faction"": ""Human"", ""Class"": ""Mage"", ""hp"": ""26"", ""rule_text"": ""4SE: Target item in your deck with cost 3 or less is put into play, as if summoned at no cost. Shuffle your deck."", ""item_dimensions"": ""{\u0022height\u0022: \u00223.5\u0022, \u0022width\u0022: \u00222.5\u0022, \u0022unit\u0022: \u0022inch\u0022}""}",d8327757-6eec-4e1a-b7dc-7fb962f9b10c,e54dfc76-db92-4f8d-a1cf-cdc337d4d1cc,Aramia,Aramia,"{""source_notes"": ""https://www.shadowera.com/cards.php""}",shadow-era_shattered-fates_aramia
ac3266bd-27bd-48ee-9b71-f42068a901a3,first-party-document,0,0,"{""obverse"": ""shadow-era_shattered-fates_ythan-redthorn"", ""reverse"": ""shadow-era_card-back""}","{""name_printed"": ""Ythan Redthorn"", ""rarity"": ""H"", ""number"": ""3"", ""type"": ""Hero"", ""Faction"": ""Human"", ""Class"": ""Hunter"", ""hp"": ""28"", ""rule_text"": ""3SE: Target friendly hero or ally can attack 2 times this turn, regardless of stealth or protector, and has ambush until the end of the turn."", ""item_dimensions"": ""{\u0022height\u0022: \u00223.5\u0022, \u0022width\u0022: \u00222.5\u0022, \u0022unit\u0022: \u0022inch\u0022}""}",d8327757-6eec-4e1a-b7dc-7fb962f9b10c,e54dfc76-db92-4f8d-a1cf-cdc337d4d1cc,Ythan Redthorn,Ythan Redthorn,"{""source_notes"": ""https://www.shadowera.com/cards.php""}",shadow-era_shattered-fates_ythan-redthorn
cdf4d1db-7b71-4ed8-8df9-eb29d66004ab,first-party-document,0,0,"{""obverse"": ""shadow-era_shattered-fates_threbin-the-righteous"", ""reverse"": ""shadow-era_card-back""}","{""name_printed"": ""Threbin the Righteous"", ""rarity"": ""H"", ""number"": ""4"", ""type"": ""Hero"", ""Faction"": ""Human"", ""Class"": ""Priest"", ""hp"": ""26"", ""rule_text"": ""3SE: Until the start of your next turn, opposing heroes and allies that enter combat with Threbin take 2 arcane damage."", ""item_dimensions"": ""{\u0022height\u0022: \u00223.5\u0022, \u0022width\u0022: \u00222.5\u0022, \u0022unit\u0022: \u0022inch\u0022}""}",d8327757-6eec-4e1a-b7dc-7fb962f9b10c,e54dfc76-db92-4f8d-a1cf-cdc337d4d1cc,Threbin the Righteous,Threbin the Righteous,"{""source_notes"": ""https://www.shadowera.com/cards.php""}",shadow-era_shattered-fates_threbin-the-righteous
2d1d49ad-9525-4619-91d6-e1ad43427cca,first-party-document,0,0,"{""obverse"": ""shadow-era_shattered-fates_garth-ravensoul"", ""reverse"": ""shadow-era_card-back""}","{""name_printed"": ""Garth Ravensoul"", ""rarity"": ""H"", ""number"": ""5"", ""type"": ""Hero"", ""Faction"": ""Human"", ""Class"": ""Rogue"", ""hp"": ""27"", ""rule_text"": ""3SE: Target opposing ally takes 1 damage and all other damage to that ally is doubled until the start of your next turn."", ""item_dimensions"": ""{\u0022height\u0022: \u00223.5\u0022, \u0022width\u0022: \u00222.5\u0022, \u0022unit\u0022: \u0022inch\u0022}""}",d8327757-6eec-4e1a-b7dc-7fb962f9b10c,e54dfc76-db92-4f8d-a1cf-cdc337d4d1cc,Garth Ravensoul,Garth Ravensoul,"{""source_notes"": ""https://www.shadowera.com/cards.php""}",shadow-era_shattered-fates_garth-ravensoul
ef5b5dc6-cd58-4e0f-9f3c-49bb71fdad25,first-party-document,0,0,"{""obverse"": ""shadow-era_shattered-fates_vess-swifthands"", ""reverse"": ""shadow-era_card-back""}","{""name_printed"": ""Vess Swifthands"", ""rarity"": ""H"", ""number"": ""6"", ""type"": ""Hero"", ""Faction"": ""Shadow"", ""Class"": ""Warrior"", ""hp"": ""30"", ""rule_text"": ""3SE: The next 3 attachments you summon this turn each cost you 3 less resources."", ""item_dimensions"": ""{\u0022height\u0022: \u00223.5\u0022, \u0022width\u0022: \u00222.5\u0022, \u0022unit\u0022: \u0022inch\u0022}""}",d8327757-6eec-4e1a-b7dc-7fb962f9b10c,e54dfc76-db92-4f8d-a1cf-cdc337d4d1cc,Vess Swifthands,Vess Swifthands,"{""source_notes"": ""https://www.shadowera.com/cards.php""}",shadow-era_shattered-fates_vess-swifthands
b5b56118-0ef5-425a-81f2-bb7fbd70835d,first-party-document,0,0,"{""obverse"": ""shadow-era_shattered-fates_raikka-spellseeker"", ""reverse"": ""shadow-era_card-back""}","{""name_printed"": ""Raikka Spellseeker"", ""rarity"": ""H"", ""number"": ""7"", ""type"": ""Hero"", ""Faction"": ""Shadow"", ""Class"": ""Mage"", ""hp"": ""26"", ""rule_text"": ""3SE: Until the start of your next turn, all damage to friendly allies is reduced by 1 and all damage from friendly allies to opposing heroes and allies is increased by 1."", ""item_dimensions"": ""{\u0022height\u0022: \u00223.5\u0022, \u0022width\u0022: \u00222.5\u0022, \u0022unit\u0022: \u0022inch\u0022}""}",d8327757-6eec-4e1a-b7dc-7fb962f9b10c,e54dfc76-db92-4f8d-a1cf-cdc337d4d1cc,Raikka Spellseeker,Raikka Spellseeker,"{""source_notes"": ""https://www.shadowera.com/cards.php""}",shadow-era_shattered-fates_raikka-spellseeker
5a1f9643-7a31-43bb-bcfa-61bd8e1ac9fa,first-party-document,0,0,"{""obverse"": ""shadow-era_shattered-fates_skervox"", ""reverse"": ""shadow-era_card-back""}","{""name_printed"": ""Skervox"", ""rarity"": ""H"", ""number"": ""8"", ""type"": ""Hero"", ""Faction"": ""Shadow"", ""Class"": ""Hunter"", ""hp"": ""28"", ""rule_text"": ""4SE: All opposing allies are poisoned and are disabled for 1 turn, and friendly Hunter allies have +1 attack until the start of your next turn."", ""item_dimensions"": ""{\u0022height\u0022: \u00223.5\u0022, \u0022width\u0022: \u00222.5\u0022, \u0022unit\u0022: \u0022inch\u0022}""}",d8327757-6eec-4e1a-b7dc-7fb962f9b10c,e54dfc76-db92-4f8d-a1cf-cdc337d4d1cc,Skervox,Skervox,"{""source_notes"": ""https://www.shadowera.com/cards.php""}",shadow-era_shattered-fates_skervox
7d436ac8-3afb-45fe-ba95-5f46e199a49e,first-party-document,0,0,"{""obverse"": ""shadow-era_shattered-fates_bloodfang"", ""reverse"": ""shadow-era_card-back""}","{""name_printed"": ""Bloodfang"", ""rarity"": ""H"", ""number"": ""9"", ""type"": ""Hero"", ""Faction"": ""Shadow"", ""Class"": ""Wulven"", ""hp"": ""28"", ""rule_text"": ""5SE: Target ally in your hand is summoned at no cost and, if that ally is a Wulven ally, it gains +1 base attack and +1 health."", ""item_dimensions"": ""{\u0022height\u0022: \u00223.5\u0022, \u0022width\u0022: \u00222.5\u0022, \u0022unit\u0022: \u0022inch\u0022}""}",d8327757-6eec-4e1a-b7dc-7fb962f9b10c,e54dfc76-db92-4f8d-a1cf-cdc337d4d1cc,Bloodfang,Bloodfang,"{""source_notes"": ""https://www.shadowera.com/cards.php""}",shadow-era_shattered-fates_bloodfang
5167df51-c157-4d5c-bff1-7f6df5039abe,first-party-document,0,0,"{""obverse"": ""shadow-era_shattered-fates_praxix"", ""reverse"": ""shadow-era_card-back""}","{""name_printed"": ""Praxix"", ""rarity"": ""H"", ""number"": ""10"", ""type"": ""Hero"", ""Faction"": ""Shadow"", ""Class"": ""Elemental"", ""hp"": ""28"", ""rule_text"": ""4SE: All players discard 3 cards from their decks. Target opposing hero or ally takes X damage, where X was the number of allies discarded."", ""item_dimensions"": ""{\u0022height\u0022: \u00223.5\u0022, \u0022width\u0022: \u00222.5\u0022, \u0022unit\u0022: \u0022inch\u0022}""}",d8327757-6eec-4e1a-b7dc-7fb962f9b10c,e54dfc76-db92-4f8d-a1cf-cdc337d4d1cc,Praxix,Praxix,"{""source_notes"": ""https://www.shadowera.com/cards.php""}",shadow-era_shattered-fates_praxix
5e841674-e20f-4fed-af26-988317838fac,first-party-document,0,0,"{""obverse"": ""shadow-era_shattered-fates_ascetic-of-aldmor"", ""reverse"": ""shadow-era_card-back""}","{""name_printed"": ""Ascetic of Aldmor"", ""number"": ""11"", ""type"": ""Ally"", ""Faction"": ""Human"", ""subtype"": ""Aldmor"", ""attack_type"": ""Sword"", ""cost"": ""1"", ""attack"": ""1"", ""hp"": ""2"", ""rule_text"": ""0SE: Target opposing ally loses 1 base attack if its controller has resources greater than or equal to yours."", ""item_dimensions"": ""{\u0022height\u0022: \u00223.5\u0022, \u0022width\u0022: \u00222.5\u0022, \u0022unit\u0022: \u0022inch\u0022}""}",d8327757-6eec-4e1a-b7dc-7fb962f9b10c,e54dfc76-db92-4f8d-a1cf-cdc337d4d1cc,Ascetic of Aldmor,Ascetic of Aldmor,"{""source_notes"": ""https://www.shadowera.com/cards.php""}",shadow-era_shattered-fates_ascetic-of-aldmor
5f6751d6-599b-41c6-8428-850e646fb982,first-party-document,0,0,"{""obverse"": ""shadow-era_shattered-fates_aetherborn-wisp"", ""reverse"": ""shadow-era_card-back""}","{""name_printed"": ""Aetherborn Wisp"", ""number"": ""12"", ""type"": ""Ally"", ""Faction"": ""Human"", ""subtype"": ""Homunculus"", ""attack_type"": ""Electric"", ""cost"": ""3"", ""attack"": ""2"", ""hp"": ""4"", ""rule_text"": ""When a player discards a card from their hand, Aetherborn Wisp gains +1 base attack and +1 health."", ""item_dimensions"": ""{\u0022height\u0022: \u00223.5\u0022, \u0022width\u0022: \u00222.5\u0022, \u0022unit\u0022: \u0022inch\u0022}""}",d8327757-6eec-4e1a-b7dc-7fb962f9b10c,e54dfc76-db92-4f8d-a1cf-cdc337d4d1cc,Aetherborn Wisp,Aetherborn Wisp,"{""source_notes"": ""https://www.shadowera.com/cards.php""}",shadow-era_shattered-fates_aetherborn-wisp
b5c2fb7e-d594-47db-9bc4-59a25eebcf8e,first-party-document,0,0,"{""obverse"": ""shadow-era_shattered-fates_twilight-opportunist"", ""reverse"": ""shadow-era_card-back""}","{""name_printed"": ""Twilight Opportunist"", ""number"": ""13"", ""type"": ""Ally"", ""Faction"": ""Human"", ""subtype"": ""Twilight"", ""attack_type"": ""Sword"", ""cost"": ""2"", ""attack"": ""0"", ""hp"": ""4"", ""rule_text"": ""Twilight Opportunist has +1 attack while in combat with allies. 0: Twilight Opportunist gains +3 base attack and is killed at the end of your turn."", ""item_dimensions"": ""{\u0022height\u0022: \u00223.5\u0022, \u0022width\u0022: \u00222.5\u0022, \u0022unit\u0022: \u0022inch\u0022}""}",d8327757-6eec-4e1a-b7dc-7fb962f9b10c,e54dfc76-db92-4f8d-a1cf-cdc337d4d1cc,Twilight Opportunist,Twilight Opportunist,"{""source_notes"": ""https://www.shadowera.com/cards.php""}",shadow-era_shattered-fates_twilight-opportunist
2ef04054-4dac-45c8-967f-3f2286f12e34,first-party-document,0,0,"{""obverse"": ""shadow-era_shattered-fates_twilight-lifebringer"", ""reverse"": ""shadow-era_card-back""}","{""name_printed"": ""Twilight Lifebringer"", ""number"": ""14"", ""type"": ""Ally"", ""Faction"": ""Human"", ""subtype"": ""Twilight"", ""attack_type"": ""Sword"", ""cost"": ""2"", ""attack"": ""1"", ""hp"": ""4"", ""rule_text"": ""Other friendly Twilight allies have +2 health."", ""item_dimensions"": ""{\u0022height\u0022: \u00223.5\u0022, \u0022width\u0022: \u00222.5\u0022, \u0022unit\u0022: \u0022inch\u0022}""}",d8327757-6eec-4e1a-b7dc-7fb962f9b10c,e54dfc76-db92-4f8d-a1cf-cdc337d4d1cc,Twilight Lifebringer,Twilight Lifebringer,"{""source_notes"": ""https://www.shadowera.com/cards.php""}",shadow-era_shattered-fates_twilight-lifebringer
253f091a-f18a-478c-a1d8-548d220d0a32,first-party-document,0,0,"{""obverse"": ""shadow-era_shattered-fates_zailen-crusader"", ""reverse"": ""shadow-era_card-back""}","{""name_printed"": ""Zailen Crusader"", ""number"": ""15"", ""type"": ""Ally"", ""Faction"": ""Human"", ""subtype"": ""Templar"", ""attack_type"": ""Sword"", ""cost"": ""3"", ""attack"": ""2"", ""hp"": ""5"", ""rule_text"": ""The first attachment you summon each turn that can't attach to a hero costs 2 less resources to summon."", ""item_dimensions"": ""{\u0022height\u0022: \u00223.5\u0022, \u0022width\u0022: \u00222.5\u0022, \u0022unit\u0022: \u0022inch\u0022}""}",d8327757-6eec-4e1a-b7dc-7fb962f9b10c,e54dfc76-db92-4f8d-a1cf-cdc337d4d1cc,Zailen Crusader,Zailen Crusader,"{""source_notes"": ""https://www.shadowera.com/cards.php""}",shadow-era_shattered-fates_zailen-crusader
04c30c9a-b7ca-4c8f-afb3-a411bdcb5800,first-party-document,0,0,"{""obverse"": ""shadow-era_shattered-fates_guardian-of-unaxio"", ""reverse"": ""shadow-era_card-back""}","{""name_printed"": ""Guardian of Unaxio"", ""number"": ""16"", ""type"": ""Ally"", ""Faction"": ""Human"", ""subtype"": ""Templar"", ""attack_type"": ""Arcane"", ""cost"": ""3"", ""attack"": ""2"", ""hp"": ""5"", ""rule_text"": ""While every ally you control is a Templar ally, all damage to your hero is reduced by 1."", ""item_dimensions"": ""{\u0022height\u0022: \u00223.5\u0022, \u0022width\u0022: \u00222.5\u0022, \u0022unit\u0022: \u0022inch\u0022}""}",d8327757-6eec-4e1a-b7dc-7fb962f9b10c,e54dfc76-db92-4f8d-a1cf-cdc337d4d1cc,Guardian of Unaxio,Guardian of Unaxio,"{""source_notes"": ""https://www.shadowera.com/cards.php""}",shadow-era_shattered-fates_guardian-of-unaxio
70875994-df5d-4b06-ae63-f702c66433c8,first-party-document,0,0,"{""obverse"": ""shadow-era_shattered-fates_midnight-sentinel"", ""reverse"": ""shadow-era_card-back""}","{""name_printed"": ""Midnight Sentinel"", ""number"": ""17"", ""type"": ""Ally"", ""Faction"": ""Human"", ""attack_type"": ""Sword"", ""cost"": ""2"", ""attack"": ""2"", ""hp"": ""2"", ""rule_text"": ""Ambush. When Midnight Sentinel is summoned, target other friendly ally gains ambush or +1 base attack if it already had ambush, and +2 health."", ""item_dimensions"": ""{\u0022height\u0022: \u00223.5\u0022, \u0022width\u0022: \u00222.5\u0022, \u0022unit\u0022: \u0022inch\u0022}""}",d8327757-6eec-4e1a-b7dc-7fb962f9b10c,e54dfc76-db92-4f8d-a1cf-cdc337d4d1cc,Midnight Sentinel,Midnight Sentinel,"{""source_notes"": ""https://www.shadowera.com/cards.php""}",shadow-era_shattered-fates_midnight-sentinel
c57e1e0b-c74b-49d7-a46e-5dfcb071b883,first-party-document,0,0,"{""obverse"": ""shadow-era_shattered-fates_sorcerer-of-endia"", ""reverse"": ""shadow-era_card-back""}","{""name_printed"": ""Sorcerer of Endia"", ""number"": ""18"", ""type"": ""Ally"", ""Faction"": ""Human"", ""attack_type"": ""Sword"", ""cost"": ""4"", ""attack"": ""2"", ""hp"": ""6"", ""rule_text"": ""Sorcerer of Endia's ability costs 1 less shadow energy to activate for each item and ability opposing players control. 5SE: Target enemy item or ability is exiled and its controller takes 2 damage."", ""item_dimensions"": ""{\u0022height\u0022: \u00223.5\u0022, \u0022width\u0022: \u00222.5\u0022, \u0022unit\u0022: \u0022inch\u0022}""}",d8327757-6eec-4e1a-b7dc-7fb962f9b10c,e54dfc76-db92-4f8d-a1cf-cdc337d4d1cc,Sorcerer of Endia,Sorcerer of Endia,"{""source_notes"": ""https://www.shadowera.com/cards.php""}",shadow-era_shattered-fates_sorcerer-of-endia
9a3fcfd2-c154-4c60-bb8e-1e846b6c6abd,first-party-document,0,0,"{""obverse"": ""shadow-era_shattered-fates_knight-of-unaxio"", ""reverse"": ""shadow-era_card-back""}","{""name_printed"": ""Knight of Unaxio"", ""number"": ""19"", ""type"": ""Ally"", ""Faction"": ""Human"", ""subtype"": ""Templar"", ""attack_type"": ""Sword"", ""cost"": ""4"", ""attack"": ""3"", ""hp"": ""5"", ""rule_text"": ""Steadfast. 0: Target ability in your hand is discarded: Knight of Unaxio gains +2 base attack and +1 health."", ""item_dimensions"": ""{\u0022height\u0022: \u00223.5\u0022, \u0022width\u0022: \u00222.5\u0022, \u0022unit\u0022: \u0022inch\u0022}""}",d8327757-6eec-4e1a-b7dc-7fb962f9b10c,e54dfc76-db92-4f8d-a1cf-cdc337d4d1cc,Knight of Unaxio,Knight of Unaxio,"{""source_notes"": ""https://www.shadowera.com/cards.php""}",shadow-era_shattered-fates_knight-of-unaxio
754b0dfd-7548-46ca-8b6a-389044ff146d,first-party-document,0,0,"{""obverse"": ""shadow-era_shattered-fates_growing-bog-dweller"", ""reverse"": ""shadow-era_card-back""}","{""name_printed"": ""Growing Bog-dweller"", ""number"": ""20"", ""type"": ""Ally"", ""Faction"": ""Human"", ""subtype"": ""Homunculus"", ""attack_type"": ""Claw"", ""cost"": ""5"", ""attack"": ""3"", ""hp"": ""6"", ""rule_text"": ""0: Target other friendly ally is killed and Growing Bog-dweller gains +2 base attack and +2 health."", ""item_dimensions"": ""{\u0022height\u0022: \u00223.5\u0022, \u0022width\u0022: \u00222.5\u0022, \u0022unit\u0022: \u0022inch\u0022}""}",d8327757-6eec-4e1a-b7dc-7fb962f9b10c,e54dfc76-db92-4f8d-a1cf-cdc337d4d1cc,Growing Bog-dweller,Growing Bog-dweller,"{""source_notes"": ""https://www.shadowera.com/cards.php""}",shadow-era_shattered-fates_growing-bog-dweller
77ae8ada-0cdf-4257-9575-c893265fc50a,first-party-document,0,0,"{""obverse"": ""shadow-era_shattered-fates_eleanor,-princess-of-ellos"", ""reverse"": ""shadow-era_card-back""}","{""name_printed"": ""Eleanor, Princess of Ellos"", ""rarity"": ""U"", ""number"": ""21"", ""type"": ""Ally"", ""Faction"": ""Human"", ""attack_type"": ""Sword"", ""is_unique"": ""Unique"", ""cost"": ""2"", ""attack"": ""2"", ""hp"": ""1"", ""rule_text"": ""While you control at least 2 allies, Eleanor can't be attacked and has +1 attack."", ""item_dimensions"": ""{\u0022height\u0022: \u00223.5\u0022, \u0022width\u0022: \u00222.5\u0022, \u0022unit\u0022: \u0022inch\u0022}""}",d8327757-6eec-4e1a-b7dc-7fb962f9b10c,e54dfc76-db92-4f8d-a1cf-cdc337d4d1cc,"Eleanor, Princess of Ellos","Eleanor, Princess of Ellos","{""source_notes"": ""https://www.shadowera.com/cards.php""}","shadow-era_shattered-fates_eleanor,-princess-of-ellos"
2d483d48-8fc7-452c-8a59-7e0c306dbd81,first-party-document,0,0,"{""obverse"": ""shadow-era_shattered-fates_zealous-mystic"", ""reverse"": ""shadow-era_card-back""}","{""name_printed"": ""Zealous Mystic"", ""rarity"": ""U"", ""number"": ""22"", ""type"": ""Ally"", ""Faction"": ""Human"", ""subtype"": ""Templar"", ""attack_type"": ""Arcane"", ""cost"": ""2"", ""attack"": ""1"", ""hp"": ""3"", ""rule_text"": ""When Zealous Mystic is summoned, you may move target attachment on another friendly ally to Zealous Mystic if he is an eligible target. While Zealous Mystic has an attachment, he has haste."", ""item_dimensions"": ""{\u0022height\u0022: \u00223.5\u0022, \u0022width\u0022: \u00222.5\u0022, \u0022unit\u0022: \u0022inch\u0022}""}",d8327757-6eec-4e1a-b7dc-7fb962f9b10c,e54dfc76-db92-4f8d-a1cf-cdc337d4d1cc,Zealous Mystic,Zealous Mystic,"{""source_notes"": ""https://www.shadowera.com/cards.php""}",shadow-era_shattered-fates_zealous-mystic
c5f40d05-8eac-4572-8f82-ecb37dd49d3a,first-party-document,0,0,"{""obverse"": ""shadow-era_shattered-fates_demetreyo,-twilight-extremist"", ""reverse"": ""shadow-era_card-back""}","{""name_printed"": ""Demetreyo, Twilight Extremist"", ""rarity"": ""U"", ""number"": ""23"", ""type"": ""Ally"", ""Faction"": ""Human"", ""subtype"": ""Twilight"", ""attack_type"": ""Sword"", ""is_unique"": ""Unique"", ""cost"": ""3"", ""attack"": ""2"", ""hp"": ""2"", ""rule_text"": ""Haste. Ambush. While there is another friendly Twilight ally in play, Demetreyo has +2 attack. Demetreyo is killed at the end of the turn he was summoned."", ""item_dimensions"": ""{\u0022height\u0022: \u00223.5\u0022, \u0022width\u0022: \u00222.5\u0022, \u0022unit\u0022: \u0022inch\u0022}""}",d8327757-6eec-4e1a-b7dc-7fb962f9b10c,e54dfc76-db92-4f8d-a1cf-cdc337d4d1cc,"Demetreyo, Twilight Extremist","Demetreyo, Twilight Extremist","{""source_notes"": ""https://www.shadowera.com/cards.php""}","shadow-era_shattered-fates_demetreyo,-twilight-extremist"
68f5fa88-a3ce-48a9-bd52-d985681fc8f4,first-party-document,0,0,"{""obverse"": ""shadow-era_shattered-fates_twilight-ritualist"", ""reverse"": ""shadow-era_card-back""}","{""name_printed"": ""Twilight Ritualist"", ""rarity"": ""U"", ""number"": ""24"", ""type"": ""Ally"", ""Faction"": ""Human"", ""subtype"": ""Twilight"", ""attack_type"": ""Sword"", ""cost"": ""3"", ""attack"": ""2"", ""hp"": ""5"", ""rule_text"": ""2: If you control another Twilight ally, target opposing ally, item or ability with cost 4 or less is exiled, and Twilight Ritualist is killed at the end of your turn."", ""item_dimensions"": ""{\u0022height\u0022: \u00223.5\u0022, \u0022width\u0022: \u00222.5\u0022, \u0022unit\u0022: \u0022inch\u0022}""}",d8327757-6eec-4e1a-b7dc-7fb962f9b10c,e54dfc76-db92-4f8d-a1cf-cdc337d4d1cc,Twilight Ritualist,Twilight Ritualist,"{""source_notes"": ""https://www.shadowera.com/cards.php""}",shadow-era_shattered-fates_twilight-ritualist
95a296a5-3fc0-4877-840e-3a7442873f46,first-party-document,0,0,"{""obverse"": ""shadow-era_shattered-fates_twilight-warden"", ""reverse"": ""shadow-era_card-back""}","{""name_printed"": ""Twilight Warden"", ""rarity"": ""U"", ""number"": ""25"", ""type"": ""Ally"", ""Faction"": ""Human"", ""subtype"": ""Twilight"", ""attack_type"": ""Sword"", ""cost"": ""3"", ""attack"": ""3"", ""hp"": ""4"", ""rule_text"": ""Steadfast. While there are at least 3 Twilight allies in your graveyard, Twilight Warden has +2 attack and +1 health."", ""item_dimensions"": ""{\u0022height\u0022: \u00223.5\u0022, \u0022width\u0022: \u00222.5\u0022, \u0022unit\u0022: \u0022inch\u0022}""}",d8327757-6eec-4e1a-b7dc-7fb962f9b10c,e54dfc76-db92-4f8d-a1cf-cdc337d4d1cc,Twilight Warden,Twilight Warden,"{""source_notes"": ""https://www.shadowera.com/cards.php""}",shadow-era_shattered-fates_twilight-warden
59e78442-05b7-4fa3-9d2a-398cd44e2e04,first-party-document,0,0,"{""obverse"": ""shadow-era_shattered-fates_twilight-champion"", ""reverse"": ""shadow-era_card-back""}","{""name_printed"": ""Twilight Champion"", ""rarity"": ""U"", ""number"": ""26"", ""type"": ""Ally"", ""Faction"": ""Human"", ""subtype"": ""Twilight"", ""attack_type"": ""Sword"", ""cost"": ""4"", ""attack"": ""3"", ""hp"": ""5"", ""rule_text"": ""When a friendly Twilight ally is killed, Twilight Champion gains +1 base attack and +1 health."", ""item_dimensions"": ""{\u0022height\u0022: \u00223.5\u0022, \u0022width\u0022: \u00222.5\u0022, \u0022unit\u0022: \u0022inch\u0022}""}",d8327757-6eec-4e1a-b7dc-7fb962f9b10c,e54dfc76-db92-4f8d-a1cf-cdc337d4d1cc,Twilight Champion,Twilight Champion,"{""source_notes"": ""https://www.shadowera.com/cards.php""}",shadow-era_shattered-fates_twilight-champion
25263eac-2312-40d5-a99a-03b2ec5987cb,first-party-document,0,0,"{""obverse"": ""shadow-era_shattered-fates_templar-champion"", ""reverse"": ""shadow-era_card-back""}","{""name_printed"": ""Templar Champion"", ""rarity"": ""U"", ""number"": ""27"", ""type"": ""Ally"", ""Faction"": ""Human"", ""subtype"": ""Templar"", ""attack_type"": ""Sword"", ""cost"": ""4"", ""attack"": ""2"", ""hp"": ""6"", ""rule_text"": ""When another friendly Templar ally is summoned, all opposing allies take 1 arcane damage."", ""item_dimensions"": ""{\u0022height\u0022: \u00223.5\u0022, \u0022width\u0022: \u00222.5\u0022, \u0022unit\u0022: \u0022inch\u0022}""}",d8327757-6eec-4e1a-b7dc-7fb962f9b10c,e54dfc76-db92-4f8d-a1cf-cdc337d4d1cc,Templar Champion,Templar Champion,"{""source_notes"": ""https://www.shadowera.com/cards.php""}",shadow-era_shattered-fates_templar-champion
c4a890e4-6f8d-4f78-a3b5-80f9dd61bc11,first-party-document,0,0,"{""obverse"": ""shadow-era_shattered-fates_viska,-the-scarlet-blade"", ""reverse"": ""shadow-era_card-back""}","{""name_printed"": ""Viska, The Scarlet Blade"", ""rarity"": ""U"", ""number"": ""28"", ""type"": ""Ally"", ""Faction"": ""Human"", ""attack_type"": ""Sword"", ""is_unique"": ""Unique"", ""cost"": ""6"", ""attack"": ""3"", ""hp"": ""6"", ""rule_text"": ""Haste. All combat damage dealt to Viska from heroes is reduced to 1."", ""item_dimensions"": ""{\u0022height\u0022: \u00223.5\u0022, \u0022width\u0022: \u00222.5\u0022, \u0022unit\u0022: \u0022inch\u0022}""}",d8327757-6eec-4e1a-b7dc-7fb962f9b10c,e54dfc76-db92-4f8d-a1cf-cdc337d4d1cc,"Viska, The Scarlet Blade","Viska, The Scarlet Blade","{""source_notes"": ""https://www.shadowera.com/cards.php""}","shadow-era_shattered-fates_viska,-the-scarlet-blade"
321d7ef7-1e23-4be2-ba70-967183c2fafa,first-party-document,0,0,"{""obverse"": ""shadow-era_shattered-fates_avenger-of-the-fallen"", ""reverse"": ""shadow-era_card-back""}","{""name_printed"": ""Avenger of the Fallen"", ""rarity"": ""R"", ""number"": ""29"", ""type"": ""Ally"", ""Faction"": ""Human"", ""subtype"": ""Templar"", ""attack_type"": ""Arcane"", ""cost"": ""2"", ""attack"": ""1"", ""hp"": ""4"", ""rule_text"": ""While there are at least 2 Templar allies in your graveyard, Avenger of the Fallen has +3 attack."", ""item_dimensions"": ""{\u0022height\u0022: \u00223.5\u0022, \u0022width\u0022: \u00222.5\u0022, \u0022unit\u0022: \u0022inch\u0022}""}",d8327757-6eec-4e1a-b7dc-7fb962f9b10c,e54dfc76-db92-4f8d-a1cf-cdc337d4d1cc,Avenger of the Fallen,Avenger of the Fallen,"{""source_notes"": ""https://www.shadowera.com/cards.php""}",shadow-era_shattered-fates_avenger-of-the-fallen
73448f1e-03db-4fe7-8b2e-6255e709b3df,first-party-document,0,0,"{""obverse"": ""shadow-era_shattered-fates_tenacious-buccaneer"", ""reverse"": ""shadow-era_card-back""}","{""name_printed"": ""Tenacious Buccaneer"", ""rarity"": ""R"", ""number"": ""30"", ""type"": ""Ally"", ""Faction"": ""Human"", ""subtype"": ""Pirate"", ""attack_type"": ""Sword"", ""cost"": ""3"", ""attack"": ""3"", ""hp"": ""3"", ""rule_text"": ""When Tenacious Buccaneer is discarded from anywhere, she enters play from her owner's graveyard."", ""item_dimensions"": ""{\u0022height\u0022: \u00223.5\u0022, \u0022width\u0022: \u00222.5\u0022, \u0022unit\u0022: \u0022inch\u0022}""}",d8327757-6eec-4e1a-b7dc-7fb962f9b10c,e54dfc76-db92-4f8d-a1cf-cdc337d4d1cc,Tenacious Buccaneer,Tenacious Buccaneer,"{""source_notes"": ""https://www.shadowera.com/cards.php""}",shadow-era_shattered-fates_tenacious-buccaneer
1c92f1f3-6b0b-454b-8dd9-444eb7b7534f,first-party-document,0,0,"{""obverse"": ""shadow-era_shattered-fates_irina,-guardian-of-the-swan"", ""reverse"": ""shadow-era_card-back""}","{""name_printed"": ""Irina, Guardian of the Swan"", ""rarity"": ""R"", ""number"": ""31"", ""type"": ""Ally"", ""Faction"": ""Human"", ""subtype"": ""Templar"", ""attack_type"": ""Sword"", ""is_unique"": ""Unique"", ""cost"": ""4"", ""attack"": ""2"", ""hp"": ""6"", ""rule_text"": ""Irina may attack 2 times on each of your turns."", ""item_dimensions"": ""{\u0022height\u0022: \u00223.5\u0022, \u0022width\u0022: \u00222.5\u0022, \u0022unit\u0022: \u0022inch\u0022}""}",d8327757-6eec-4e1a-b7dc-7fb962f9b10c,e54dfc76-db92-4f8d-a1cf-cdc337d4d1cc,"Irina, Guardian of the Swan","Irina, Guardian of the Swan","{""source_notes"": ""https://www.shadowera.com/cards.php""}","shadow-era_shattered-fates_irina,-guardian-of-the-swan"
fe9d406c-6473-4948-94e8-5f0a30f1819b,first-party-document,0,0,"{""obverse"": ""shadow-era_shattered-fates_fortified-wisp"", ""reverse"": ""shadow-era_card-back""}","{""name_printed"": ""Fortified Wisp"", ""rarity"": ""R"", ""number"": ""32"", ""type"": ""Ally"", ""Faction"": ""Human"", ""subtype"": ""Homunculus"", ""attack_type"": ""Electric"", ""cost"": ""4"", ""attack"": ""1"", ""hp"": ""4"", ""rule_text"": ""All damage to Fortified Wisp is reduced by 2. When Fortified Wisp kills an opposing ally in combat, it gains +1 base attack."", ""item_dimensions"": ""{\u0022height\u0022: \u00223.5\u0022, \u0022width\u0022: \u00222.5\u0022, \u0022unit\u0022: \u0022inch\u0022}""}",d8327757-6eec-4e1a-b7dc-7fb962f9b10c,e54dfc76-db92-4f8d-a1cf-cdc337d4d1cc,Fortified Wisp,Fortified Wisp,"{""source_notes"": ""https://www.shadowera.com/cards.php""}",shadow-era_shattered-fates_fortified-wisp
9ea981cb-96e6-4766-9499-10dbdf71892a,first-party-document,0,0,"{""obverse"": ""shadow-era_shattered-fates_thunderstrike-construct"", ""reverse"": ""shadow-era_card-back""}","{""name_printed"": ""Thunderstrike Construct"", ""rarity"": ""R"", ""number"": ""33"", ""type"": ""Ally"", ""Faction"": ""Human"", ""subtype"": ""Homunculus"", ""attack_type"": ""Electric"", ""cost"": ""5"", ""attack"": ""3"", ""hp"": ""5"", ""rule_text"": ""When Thunderstrike Construct is summoned, you may reduce target opposing ally by 2 health; if you do, target other friendly Homunculus ally has +2 attack until the end of the turn."", ""item_dimensions"": ""{\u0022height\u0022: \u00223.5\u0022, \u0022width\u0022: \u00222.5\u0022, \u0022unit\u0022: \u0022inch\u0022}""}",d8327757-6eec-4e1a-b7dc-7fb962f9b10c,e54dfc76-db92-4f8d-a1cf-cdc337d4d1cc,Thunderstrike Construct,Thunderstrike Construct,"{""source_notes"": ""https://www.shadowera.com/cards.php""}",shadow-era_shattered-fates_thunderstrike-construct
166dd1a9-566c-4c0c-9dc5-eb45ad7ce098,first-party-document,0,0,"{""obverse"": ""shadow-era_shattered-fates_eriss-fateweaver"", ""reverse"": ""shadow-era_card-back""}","{""name_printed"": ""Eriss Fateweaver"", ""rarity"": ""E"", ""number"": ""34"", ""type"": ""Ally"", ""Faction"": ""Human"", ""attack_type"": ""Sword"", ""is_unique"": ""Unique"", ""cost"": ""6"", ""attack"": ""5"", ""hp"": ""6"", ""rule_text"": ""1SE: Target ability is destroyed."", ""item_dimensions"": ""{\u0022height\u0022: \u00223.5\u0022, \u0022width\u0022: \u00222.5\u0022, \u0022unit\u0022: \u0022inch\u0022}""}",d8327757-6eec-4e1a-b7dc-7fb962f9b10c,e54dfc76-db92-4f8d-a1cf-cdc337d4d1cc,Eriss Fateweaver,Eriss Fateweaver,"{""source_notes"": ""https://www.shadowera.com/cards.php""}",shadow-era_shattered-fates_eriss-fateweaver
64c1bde4-c1a8-4834-b36d-809f13a93e11,first-party-document,0,0,"{""obverse"": ""shadow-era_shattered-fates_nathanias,-people's-champion"", ""reverse"": ""shadow-era_card-back""}","{""name_printed"": ""Nathanias, People's Champion"", ""rarity"": ""E"", ""number"": ""35"", ""type"": ""Ally"", ""Faction"": ""Human"", ""attack_type"": ""Sword"", ""is_unique"": ""Unique"", ""cost"": ""7"", ""attack"": ""5"", ""hp"": ""8"", ""rule_text"": ""When Nathanias is summoned, draw a card. If that card is an ally, its first summoning this turn is at no cost."", ""item_dimensions"": ""{\u0022height\u0022: \u00223.5\u0022, \u0022width\u0022: \u00222.5\u0022, \u0022unit\u0022: \u0022inch\u0022}""}",d8327757-6eec-4e1a-b7dc-7fb962f9b10c,e54dfc76-db92-4f8d-a1cf-cdc337d4d1cc,"Nathanias, People's Champion","Nathanias, People's Champion","{""source_notes"": ""https://www.shadowera.com/cards.php""}","shadow-era_shattered-fates_nathanias,-people's-champion"
5513ac7e-21d4-498f-976b-815d0a7e1e58,first-party-document,0,0,"{""obverse"": ""shadow-era_shattered-fates_plightbred-runt"", ""reverse"": ""shadow-era_card-back""}","{""name_printed"": ""Plightbred Runt"", ""number"": ""36"", ""type"": ""Ally"", ""Faction"": ""Shadow"", ""subtype"": ""Homunculus"", ""attack_type"": ""Ice"", ""cost"": ""2"", ""attack"": ""3"", ""hp"": ""1"", ""rule_text"": ""When Plightbred Runt is discarded from anywhere, all friendly allies gain +1 health and all friendly Homunculus allies gain +1 base attack."", ""item_dimensions"": ""{\u0022height\u0022: \u00223.5\u0022, \u0022width\u0022: \u00222.5\u0022, \u0022unit\u0022: \u0022inch\u0022}""}",d8327757-6eec-4e1a-b7dc-7fb962f9b10c,e54dfc76-db92-4f8d-a1cf-cdc337d4d1cc,Plightbred Runt,Plightbred Runt,"{""source_notes"": ""https://www.shadowera.com/cards.php""}",shadow-era_shattered-fates_plightbred-runt
81dd1a3d-5aa4-4a20-8bf9-fc5c10305e56,first-party-document,0,0,"{""obverse"": ""shadow-era_shattered-fates_rapacious-vermin"", ""reverse"": ""shadow-era_card-back""}","{""name_printed"": ""Rapacious Vermin"", ""number"": ""37"", ""type"": ""Ally"", ""Faction"": ""Shadow"", ""subtype"": ""Ravager"", ""attack_type"": ""Claw"", ""cost"": ""2"", ""attack"": ""1"", ""hp"": ""5"", ""rule_text"": ""While there are no items or abilities in play, Rapacious Vermin has Sustain: 1HP. 2: If a player controls at least 3 items and/or abilities, target and destroy one of them."", ""item_dimensions"": ""{\u0022height\u0022: \u00223.5\u0022, \u0022width\u0022: \u00222.5\u0022, \u0022unit\u0022: \u0022inch\u0022}""}",d8327757-6eec-4e1a-b7dc-7fb962f9b10c,e54dfc76-db92-4f8d-a1cf-cdc337d4d1cc,Rapacious Vermin,Rapacious Vermin,"{""source_notes"": ""https://www.shadowera.com/cards.php""}",shadow-era_shattered-fates_rapacious-vermin
41148a3d-2cce-4c1a-877e-36708972dc50,first-party-document,0,0,"{""obverse"": ""shadow-era_shattered-fates_frostmare"", ""reverse"": ""shadow-era_card-back""}","{""name_printed"": ""Frostmare"", ""number"": ""38"", ""type"": ""Ally"", ""Faction"": ""Shadow"", ""subtype"": ""Undead"", ""attack_type"": ""Ice"", ""cost"": ""2"", ""attack"": ""1"", ""hp"": ""1"", ""rule_text"": ""Haste. While an opposing player controls more allies than you, Frostmare costs 2 less resources to summon."", ""item_dimensions"": ""{\u0022height\u0022: \u00223.5\u0022, \u0022width\u0022: \u00222.5\u0022, \u0022unit\u0022: \u0022inch\u0022}""}",d8327757-6eec-4e1a-b7dc-7fb962f9b10c,e54dfc76-db92-4f8d-a1cf-cdc337d4d1cc,Frostmare,Frostmare,"{""source_notes"": ""https://www.shadowera.com/cards.php""}",shadow-era_shattered-fates_frostmare
b1ba5c82-d2f9-4ded-8972-c69ac1662979,first-party-document,0,0,"{""obverse"": ""shadow-era_shattered-fates_harbinger-of-the-lost"", ""reverse"": ""shadow-era_card-back""}","{""name_printed"": ""Harbinger of the Lost"", ""number"": ""39"", ""type"": ""Ally"", ""Faction"": ""Shadow"", ""subtype"": ""Undead"", ""attack_type"": ""Sword"", ""cost"": ""2"", ""attack"": ""2"", ""hp"": ""3"", ""rule_text"": ""When Harbinger of the Lost enters play, each player discards a card from their deck."", ""item_dimensions"": ""{\u0022height\u0022: \u00223.5\u0022, \u0022width\u0022: \u00222.5\u0022, \u0022unit\u0022: \u0022inch\u0022}""}",d8327757-6eec-4e1a-b7dc-7fb962f9b10c,e54dfc76-db92-4f8d-a1cf-cdc337d4d1cc,Harbinger of the Lost,Harbinger of the Lost,"{""source_notes"": ""https://www.shadowera.com/cards.php""}",shadow-era_shattered-fates_harbinger-of-the-lost
a9a9becf-789b-4f43-8bbd-1384d0b99952,first-party-document,0,0,"{""obverse"": ""shadow-era_shattered-fates_spitfire-hound"", ""reverse"": ""shadow-era_card-back""}","{""name_printed"": ""Spitfire Hound"", ""number"": ""40"", ""type"": ""Ally"", ""Faction"": ""Shadow"", ""subtype"": ""Ravager"", ""attack_type"": ""Fire"", ""cost"": ""2"", ""attack"": ""1"", ""hp"": ""3"", ""rule_text"": ""When Spitfire Hound is summoned, you may destroy target item or ability you control; if you do, target opposing ally takes 3 fire damage."", ""item_dimensions"": ""{\u0022height\u0022: \u00223.5\u0022, \u0022width\u0022: \u00222.5\u0022, \u0022unit\u0022: \u0022inch\u0022}""}",d8327757-6eec-4e1a-b7dc-7fb962f9b10c,e54dfc76-db92-4f8d-a1cf-cdc337d4d1cc,Spitfire Hound,Spitfire Hound,"{""source_notes"": ""https://www.shadowera.com/cards.php""}",shadow-era_shattered-fates_spitfire-hound
8a4424ad-aec5-465a-a21a-03185ca9a7e3,first-party-document,0,0,"{""obverse"": ""shadow-era_shattered-fates_wulven-scout"", ""reverse"": ""shadow-era_card-back""}","{""name_printed"": ""Wulven Scout"", ""number"": ""41"", ""type"": ""Ally"", ""Faction"": ""Shadow"", ""subtype"": ""Wulven"", ""attack_type"": ""Claw"", ""cost"": ""3"", ""attack"": ""3"", ""hp"": ""4"", ""rule_text"": ""You can view the hands of opposing players on your turn."", ""item_dimensions"": ""{\u0022height\u0022: \u00223.5\u0022, \u0022width\u0022: \u00222.5\u0022, \u0022unit\u0022: \u0022inch\u0022}""}",d8327757-6eec-4e1a-b7dc-7fb962f9b10c,e54dfc76-db92-4f8d-a1cf-cdc337d4d1cc,Wulven Scout,Wulven Scout,"{""source_notes"": ""https://www.shadowera.com/cards.php""}",shadow-era_shattered-fates_wulven-scout
75131467-7129-4003-930b-13ea9981bf3b,first-party-document,0,0,"{""obverse"": ""shadow-era_shattered-fates_cleric-of-the-asyn"", ""reverse"": ""shadow-era_card-back""}","{""name_printed"": ""Cleric of the Asyn"", ""number"": ""42"", ""type"": ""Ally"", ""Faction"": ""Shadow"", ""subtype"": ""Ravager"", ""attack_type"": ""Sword"", ""cost"": ""3"", ""attack"": ""2"", ""hp"": ""5"", ""rule_text"": ""When an item or ability is targeted and destroyed, Cleric of the Asyn gains +2 base attack."", ""item_dimensions"": ""{\u0022height\u0022: \u00223.5\u0022, \u0022width\u0022: \u00222.5\u0022, \u0022unit\u0022: \u0022inch\u0022}""}",d8327757-6eec-4e1a-b7dc-7fb962f9b10c,e54dfc76-db92-4f8d-a1cf-cdc337d4d1cc,Cleric of the Asyn,Cleric of the Asyn,"{""source_notes"": ""https://www.shadowera.com/cards.php""}",shadow-era_shattered-fates_cleric-of-the-asyn
2c11977d-25c9-4f52-a479-0fb530eaf8c2,first-party-document,0,0,"{""obverse"": ""shadow-era_shattered-fates_cryptspawn-tormentor"", ""reverse"": ""shadow-era_card-back""}","{""name_printed"": ""Cryptspawn Tormentor"", ""number"": ""43"", ""type"": ""Ally"", ""Faction"": ""Shadow"", ""subtype"": ""Undead"", ""attack_type"": ""Ice"", ""cost"": ""3"", ""attack"": ""3"", ""hp"": ""4"", ""rule_text"": ""When Cryptspawn Tormentor is killed other than by combat damage while there are at least 2 Undead allies in your graveyard, Cryptspawn Tormentor is returned to its owner's hand."", ""item_dimensions"": ""{\u0022height\u0022: \u00223.5\u0022, \u0022width\u0022: \u00222.5\u0022, \u0022unit\u0022: \u0022inch\u0022}""}",d8327757-6eec-4e1a-b7dc-7fb962f9b10c,e54dfc76-db92-4f8d-a1cf-cdc337d4d1cc,Cryptspawn Tormentor,Cryptspawn Tormentor,"{""source_notes"": ""https://www.shadowera.com/cards.php""}",shadow-era_shattered-fates_cryptspawn-tormentor
10937169-577e-47c6-a831-b71acc40a7cb,first-party-document,0,0,"{""obverse"": ""shadow-era_shattered-fates_gravemonger"", ""reverse"": ""shadow-era_card-back""}","{""name_printed"": ""Gravemonger"", ""number"": ""44"", ""type"": ""Ally"", ""Faction"": ""Shadow"", ""subtype"": ""Homunculus"", ""attack_type"": ""Ice"", ""cost"": ""4"", ""attack"": ""4"", ""hp"": ""4"", ""rule_text"": ""When Gravemonger is summoned while there are at least 6 cards in a graveyard, you may exile target card in a graveyard and Gravemonger gains +2 base attack and +2 health."", ""item_dimensions"": ""{\u0022height\u0022: \u00223.5\u0022, \u0022width\u0022: \u00222.5\u0022, \u0022unit\u0022: \u0022inch\u0022}""}",d8327757-6eec-4e1a-b7dc-7fb962f9b10c,e54dfc76-db92-4f8d-a1cf-cdc337d4d1cc,Gravemonger,Gravemonger,"{""source_notes"": ""https://www.shadowera.com/cards.php""}",shadow-era_shattered-fates_gravemonger
3927a020-121d-48e5-aea8-e7e4de6dc690,first-party-document,0,0,"{""obverse"": ""shadow-era_shattered-fates_wulven-tactician"", ""reverse"": ""shadow-era_card-back""}","{""name_printed"": ""Wulven Tactician"", ""number"": ""45"", ""type"": ""Ally"", ""Faction"": ""Shadow"", ""subtype"": ""Wulven"", ""attack_type"": ""Claw"", ""cost"": ""4"", ""attack"": ""4"", ""hp"": ""4"", ""rule_text"": ""While every ally you control is a Wulven ally and you control no weapons or armor, opposing abilities and items cost 1 additional resource to summon."", ""item_dimensions"": ""{\u0022height\u0022: \u00223.5\u0022, \u0022width\u0022: \u00222.5\u0022, \u0022unit\u0022: \u0022inch\u0022}""}",d8327757-6eec-4e1a-b7dc-7fb962f9b10c,e54dfc76-db92-4f8d-a1cf-cdc337d4d1cc,Wulven Tactician,Wulven Tactician,"{""source_notes"": ""https://www.shadowera.com/cards.php""}",shadow-era_shattered-fates_wulven-tactician
4928ad82-84ab-497b-ad7f-3d0e206e181f,first-party-document,0,0,"{""obverse"": ""shadow-era_shattered-fates_rampant-krygon"", ""reverse"": ""shadow-era_card-back""}","{""name_printed"": ""Rampant Krygon"", ""rarity"": ""U"", ""number"": ""46"", ""type"": ""Ally"", ""Faction"": ""Shadow"", ""attack_type"": ""Claw"", ""cost"": ""3"", ""attack"": ""2"", ""hp"": ""1"", ""rule_text"": ""Haste. 1: Target other ally gains +1 base attack and takes 1 damage."", ""item_dimensions"": ""{\u0022height\u0022: \u00223.5\u0022, \u0022width\u0022: \u00222.5\u0022, \u0022unit\u0022: \u0022inch\u0022}""}",d8327757-6eec-4e1a-b7dc-7fb962f9b10c,e54dfc76-db92-4f8d-a1cf-cdc337d4d1cc,Rampant Krygon,Rampant Krygon,"{""source_notes"": ""https://www.shadowera.com/cards.php""}",shadow-era_shattered-fates_rampant-krygon
4ba59757-e719-4ade-93fd-30758bbb4b9a,first-party-document,0,0,"{""obverse"": ""shadow-era_shattered-fates_ravager-zealot"", ""reverse"": ""shadow-era_card-back""}","{""name_printed"": ""Ravager Zealot"", ""rarity"": ""U"", ""number"": ""47"", ""type"": ""Ally"", ""Faction"": ""Shadow"", ""subtype"": ""Ravager"", ""attack_type"": ""Sword"", ""cost"": ""3"", ""attack"": ""2"", ""hp"": ""5"", ""rule_text"": ""When Ravager Zealot is summoned, you may destroy target item or ability you control; if you do, Ravager Zealot gains haste and then takes 1 damage."", ""item_dimensions"": ""{\u0022height\u0022: \u00223.5\u0022, \u0022width\u0022: \u00222.5\u0022, \u0022unit\u0022: \u0022inch\u0022}""}",d8327757-6eec-4e1a-b7dc-7fb962f9b10c,e54dfc76-db92-4f8d-a1cf-cdc337d4d1cc,Ravager Zealot,Ravager Zealot,"{""source_notes"": ""https://www.shadowera.com/cards.php""}",shadow-era_shattered-fates_ravager-zealot
4b43b7bc-e1d3-416a-898a-9643c4602872,first-party-document,0,0,"{""obverse"": ""shadow-era_shattered-fates_grimghast"", ""reverse"": ""shadow-era_card-back""}","{""name_printed"": ""Grimghast"", ""rarity"": ""U"", ""number"": ""48"", ""type"": ""Ally"", ""Faction"": ""Shadow"", ""attack_type"": ""Fire"", ""is_unique"": ""Unique"", ""cost"": ""3"", ""attack"": ""2"", ""hp"": ""4"", ""rule_text"": ""Opposing allies have -1 attack."", ""item_dimensions"": ""{\u0022height\u0022: \u00223.5\u0022, \u0022width\u0022: \u00222.5\u0022, \u0022unit\u0022: \u0022inch\u0022}""}",d8327757-6eec-4e1a-b7dc-7fb962f9b10c,e54dfc76-db92-4f8d-a1cf-cdc337d4d1cc,Grimghast,Grimghast,"{""source_notes"": ""https://www.shadowera.com/cards.php""}",shadow-era_shattered-fates_grimghast
0990724f-d3d0-4afe-b24f-7fcae8169ce0,first-party-document,0,0,"{""obverse"": ""shadow-era_shattered-fates_voracious-arachnid"", ""reverse"": ""shadow-era_card-back""}","{""name_printed"": ""Voracious Arachnid"", ""rarity"": ""U"", ""number"": ""49"", ""type"": ""Ally"", ""Faction"": ""Shadow"", ""subtype"": ""Homunculus"", ""attack_type"": ""Ice"", ""cost"": ""3"", ""attack"": ""1"", ""hp"": ""5"", ""rule_text"": ""When an ally is killed, Voracious Arachnid gains +1 base attack. 1SE: Target other ally with cost less than Voracious Arachnid's current attack is killed."", ""item_dimensions"": ""{\u0022height\u0022: \u00223.5\u0022, \u0022width\u0022: \u00222.5\u0022, \u0022unit\u0022: \u0022inch\u0022}""}",d8327757-6eec-4e1a-b7dc-7fb962f9b10c,e54dfc76-db92-4f8d-a1cf-cdc337d4d1cc,Voracious Arachnid,Voracious Arachnid,"{""source_notes"": ""https://www.shadowera.com/cards.php""}",shadow-era_shattered-fates_voracious-arachnid
e2af4cc6-2aba-4e91-81b6-6085c101cab7,first-party-document,0,0,"{""obverse"": ""shadow-era_shattered-fates_corpse-shifter"", ""reverse"": ""shadow-era_card-back""}","{""name_printed"": ""Corpse Shifter"", ""rarity"": ""U"", ""number"": ""50"", ""type"": ""Ally"", ""Faction"": ""Shadow"", ""subtype"": ""Undead"", ""attack_type"": ""Sword"", ""cost"": ""4"", ""attack"": ""2"", ""hp"": ""6"", ""rule_text"": ""1: Target ally in your hand is discarded: Target opposing hero or ally takes 3 damage and, if you discarded an Undead ally, 1 used resource is renewed."", ""item_dimensions"": ""{\u0022height\u0022: \u00223.5\u0022, \u0022width\u0022: \u00222.5\u0022, \u0022unit\u0022: \u0022inch\u0022}""}",d8327757-6eec-4e1a-b7dc-7fb962f9b10c,e54dfc76-db92-4f8d-a1cf-cdc337d4d1cc,Corpse Shifter,Corpse Shifter,"{""source_notes"": ""https://www.shadowera.com/cards.php""}",shadow-era_shattered-fates_corpse-shifter
c64e6b0c-f5d5-4d85-be7c-1fd291e10a1a,first-party-document,0,0,"{""obverse"": ""shadow-era_shattered-fates_murderous-hulk"", ""reverse"": ""shadow-era_card-back""}","{""name_printed"": ""Murderous Hulk"", ""rarity"": ""U"", ""number"": ""51"", ""type"": ""Ally"", ""Faction"": ""Shadow"", ""subtype"": ""Ravager"", ""attack_type"": ""Sword"", ""cost"": ""4"", ""attack"": ""2"", ""hp"": ""6"", ""rule_text"": ""1: The opposing ally with the lowest health takes X damage, where X is Murderous Hulk's attack value."", ""item_dimensions"": ""{\u0022height\u0022: \u00223.5\u0022, \u0022width\u0022: \u00222.5\u0022, \u0022unit\u0022: \u0022inch\u0022}""}",d8327757-6eec-4e1a-b7dc-7fb962f9b10c,e54dfc76-db92-4f8d-a1cf-cdc337d4d1cc,Murderous Hulk,Murderous Hulk,"{""source_notes"": ""https://www.shadowera.com/cards.php""}",shadow-era_shattered-fates_murderous-hulk
6c4d2ac5-8def-4763-8fd2-42c0f8483dad,first-party-document,0,0,"{""obverse"": ""shadow-era_shattered-fates_grimjaw-hydra"", ""reverse"": ""shadow-era_card-back""}","{""name_printed"": ""Grimjaw Hydra"", ""rarity"": ""U"", ""number"": ""52"", ""type"": ""Ally"", ""Faction"": ""Shadow"", ""subtype"": ""Ravager"", ""attack_type"": ""Claw"", ""cost"": ""5"", ""attack"": ""3"", ""hp"": ""6"", ""rule_text"": ""When damage is dealt to Grimjaw Hydra, it gains +2 base attack. When Grimjaw Hydra enters combat with an ally, that ally loses all passive abilities until the start of your next turn."", ""item_dimensions"": ""{\u0022height\u0022: \u00223.5\u0022, \u0022width\u0022: \u00222.5\u0022, \u0022unit\u0022: \u0022inch\u0022}""}",d8327757-6eec-4e1a-b7dc-7fb962f9b10c,e54dfc76-db92-4f8d-a1cf-cdc337d4d1cc,Grimjaw Hydra,Grimjaw Hydra,"{""source_notes"": ""https://www.shadowera.com/cards.php""}",shadow-era_shattered-fates_grimjaw-hydra
b8a57415-e93f-4ff2-9fd8-a56cb607cdf9,first-party-document,0,0,"{""obverse"": ""shadow-era_shattered-fates_flameborn-defiler"", ""reverse"": ""shadow-era_card-back""}","{""name_printed"": ""Flameborn Defiler"", ""rarity"": ""U"", ""number"": ""53"", ""type"": ""Ally"", ""Faction"": ""Shadow"", ""subtype"": ""Homunculus"", ""attack_type"": ""Fire"", ""cost"": ""4"", ""attack"": ""2"", ""hp"": ""5"", ""rule_text"": ""When Flameborn Defiler is summoned, it gains +1 base attack. Flameborn Defiler has immunity to fire damage. When an opposing ally is dealt fire damage, that ally is set ablaze."", ""item_dimensions"": ""{\u0022height\u0022: \u00223.5\u0022, \u0022width\u0022: \u00222.5\u0022, \u0022unit\u0022: \u0022inch\u0022}""}",d8327757-6eec-4e1a-b7dc-7fb962f9b10c,e54dfc76-db92-4f8d-a1cf-cdc337d4d1cc,Flameborn Defiler,Flameborn Defiler,"{""source_notes"": ""https://www.shadowera.com/cards.php""}",shadow-era_shattered-fates_flameborn-defiler
f0f7457e-7415-4df7-b3e1-b16ae672ea22,first-party-document,0,0,"{""obverse"": ""shadow-era_shattered-fates_brimstone-devourer"", ""reverse"": ""shadow-era_card-back""}","{""name_printed"": ""Brimstone Devourer"", ""rarity"": ""R"", ""number"": ""54"", ""type"": ""Ally"", ""Faction"": ""Shadow"", ""subtype"": ""Homunculus"", ""attack_type"": ""Fire"", ""cost"": ""3"", ""attack"": ""2"", ""hp"": ""5"", ""rule_text"": ""When Brimstone Devourer is discarded from anywhere, the opposing ally with the lowest health takes 3 fire damage."", ""item_dimensions"": ""{\u0022height\u0022: \u00223.5\u0022, \u0022width\u0022: \u00222.5\u0022, \u0022unit\u0022: \u0022inch\u0022}""}",d8327757-6eec-4e1a-b7dc-7fb962f9b10c,e54dfc76-db92-4f8d-a1cf-cdc337d4d1cc,Brimstone Devourer,Brimstone Devourer,"{""source_notes"": ""https://www.shadowera.com/cards.php""}",shadow-era_shattered-fates_brimstone-devourer
47bd8c73-2179-416e-bab5-c2e67e51c10f,first-party-document,0,0,"{""obverse"": ""shadow-era_shattered-fates_slingblade-demon"", ""reverse"": ""shadow-era_card-back""}","{""name_printed"": ""Slingblade Demon"", ""rarity"": ""R"", ""number"": ""55"", ""type"": ""Ally"", ""Faction"": ""Shadow"", ""attack_type"": ""Sword"", ""is_unique"": ""Unique"", ""cost"": ""3"", ""attack"": ""3"", ""hp"": ""3"", ""rule_text"": ""When Slingblade Demon is summoned, you may return target other friendly ally to its owner's hand to renew 2 resources."", ""item_dimensions"": ""{\u0022height\u0022: \u00223.5\u0022, \u0022width\u0022: \u00222.5\u0022, \u0022unit\u0022: \u0022inch\u0022}""}",d8327757-6eec-4e1a-b7dc-7fb962f9b10c,e54dfc76-db92-4f8d-a1cf-cdc337d4d1cc,Slingblade Demon,Slingblade Demon,"{""source_notes"": ""https://www.shadowera.com/cards.php""}",shadow-era_shattered-fates_slingblade-demon
d010ab7e-f237-4c39-a0df-ee66996c6aae,first-party-document,0,0,"{""obverse"": ""shadow-era_shattered-fates_falseblood-cultist"", ""reverse"": ""shadow-era_card-back""}","{""name_printed"": ""Falseblood Cultist"", ""rarity"": ""R"", ""number"": ""56"", ""type"": ""Ally"", ""Faction"": ""Shadow"", ""subtype"": ""Undead"", ""attack_type"": ""Sword"", ""cost"": ""4"", ""attack"": ""2"", ""hp"": ""3"", ""rule_text"": ""When Falseblood Cultist is summoned, you may discard target card in your hand to draw 2 cards."", ""item_dimensions"": ""{\u0022height\u0022: \u00223.5\u0022, \u0022width\u0022: \u00222.5\u0022, \u0022unit\u0022: \u0022inch\u0022}""}",d8327757-6eec-4e1a-b7dc-7fb962f9b10c,e54dfc76-db92-4f8d-a1cf-cdc337d4d1cc,Falseblood Cultist,Falseblood Cultist,"{""source_notes"": ""https://www.shadowera.com/cards.php""}",shadow-era_shattered-fates_falseblood-cultist
2329d17b-a119-4d33-8b1e-feeab4c3e98f,first-party-document,0,0,"{""obverse"": ""shadow-era_shattered-fates_thriss-demolitionist"", ""reverse"": ""shadow-era_card-back""}","{""name_printed"": ""Thriss Demolitionist"", ""rarity"": ""R"", ""number"": ""57"", ""type"": ""Ally"", ""Faction"": ""Shadow"", ""subtype"": ""Ravager"", ""attack_type"": ""Sword"", ""cost"": ""5"", ""attack"": ""2"", ""hp"": ""7"", ""rule_text"": ""2: Target item or ability is destroyed if there is another friendly Ravager ally in play."", ""item_dimensions"": ""{\u0022height\u0022: \u00223.5\u0022, \u0022width\u0022: \u00222.5\u0022, \u0022unit\u0022: \u0022inch\u0022}""}",d8327757-6eec-4e1a-b7dc-7fb962f9b10c,e54dfc76-db92-4f8d-a1cf-cdc337d4d1cc,Thriss Demolitionist,Thriss Demolitionist,"{""source_notes"": ""https://www.shadowera.com/cards.php""}",shadow-era_shattered-fates_thriss-demolitionist
e087f6e9-cf72-4c4a-983b-03bf86fe0464,first-party-document,0,0,"{""obverse"": ""shadow-era_shattered-fates_der'kan,-the-bone-king"", ""reverse"": ""shadow-era_card-back""}","{""name_printed"": ""Der'kan, the Bone King"", ""rarity"": ""R"", ""number"": ""58"", ""type"": ""Ally"", ""Faction"": ""Shadow"", ""subtype"": ""Undead"", ""attack_type"": ""Ice"", ""is_unique"": ""Unique"", ""cost"": ""4"", ""attack"": ""3"", ""hp"": ""4"", ""rule_text"": ""When Der'kan is summoned while there are at least 3 Undead allies in your graveyard, target opposing hero or ally takes 2 ice damage. When Der'kan is killed while he is the only ally you control, he is returned to his owner's hand."", ""item_dimensions"": ""{\u0022height\u0022: \u00223.5\u0022, \u0022width\u0022: \u00222.5\u0022, \u0022unit\u0022: \u0022inch\u0022}""}",d8327757-6eec-4e1a-b7dc-7fb962f9b10c,e54dfc76-db92-4f8d-a1cf-cdc337d4d1cc,"Der'kan, the Bone King","Der'kan, the Bone King","{""source_notes"": ""https://www.shadowera.com/cards.php""}","shadow-era_shattered-fates_der'kan,-the-bone-king"
2fa2ae12-bb28-4c0d-ae4c-08dbe529108c,first-party-document,0,0,"{""obverse"": ""shadow-era_shattered-fates_infernus,-tyrant-of-the-damned"", ""reverse"": ""shadow-era_card-back""}","{""name_printed"": ""Infernus, Tyrant of the Damned"", ""rarity"": ""E"", ""number"": ""59"", ""type"": ""Ally"", ""Faction"": ""Shadow"", ""attack_type"": ""Fire"", ""is_unique"": ""Unique"", ""cost"": ""6"", ""attack"": ""6"", ""hp"": ""6"", ""rule_text"": ""Steadfast. Infernus has immunity to fire damage. Fire damage to opposing heroes and allies is increased by 1."", ""item_dimensions"": ""{\u0022height\u0022: \u00223.5\u0022, \u0022width\u0022: \u00222.5\u0022, \u0022unit\u0022: \u0022inch\u0022}""}",d8327757-6eec-4e1a-b7dc-7fb962f9b10c,e54dfc76-db92-4f8d-a1cf-cdc337d4d1cc,"Infernus, Tyrant of the Damned","Infernus, Tyrant of the Damned","{""source_notes"": ""https://www.shadowera.com/cards.php""}","shadow-era_shattered-fates_infernus,-tyrant-of-the-damned"
459e2b8b-bee1-492a-b091-e6a9ab7c1a23,first-party-document,0,0,"{""obverse"": ""shadow-era_shattered-fates_dakrath"", ""reverse"": ""shadow-era_card-back""}","{""name_printed"": ""Dakrath"", ""rarity"": ""E"", ""number"": ""60"", ""type"": ""Ally"", ""Faction"": ""Shadow"", ""subtype"": ""Undead"", ""attack_type"": ""Sword"", ""is_unique"": ""Unique"", ""cost"": ""7"", ""attack"": ""5"", ""hp"": ""5"", ""rule_text"": ""Dakrath can't be frozen or disabled. When Dakrath is dealt damage while your deck is not empty, that damage is reduced by 2 and 1 card is discarded from your deck."", ""item_dimensions"": ""{\u0022height\u0022: \u00223.5\u0022, \u0022width\u0022: \u00222.5\u0022, \u0022unit\u0022: \u0022inch\u0022}""}",d8327757-6eec-4e1a-b7dc-7fb962f9b10c,e54dfc76-db92-4f8d-a1cf-cdc337d4d1cc,Dakrath,Dakrath,"{""source_notes"": ""https://www.shadowera.com/cards.php""}",shadow-era_shattered-fates_dakrath
81e27f93-66b0-46ce-95b0-0c1ce40e2404,first-party-document,0,0,"{""obverse"": ""shadow-era_shattered-fates_lythian-shackles"", ""reverse"": ""shadow-era_card-back""}","{""name_printed"": ""Lythian Shackles"", ""number"": ""61"", ""type"": ""Ability"", ""Class"": ""Warrior"", ""subtype"": ""Attachment"", ""cost"": ""0"", ""rule_text"": ""Exhaust your hero: attach to target opposing ally until the end of your next turn. That ally can't attack and loses all abilities."", ""item_dimensions"": ""{\u0022height\u0022: \u00223.5\u0022, \u0022width\u0022: \u00222.5\u0022, \u0022unit\u0022: \u0022inch\u0022}""}",d8327757-6eec-4e1a-b7dc-7fb962f9b10c,e54dfc76-db92-4f8d-a1cf-cdc337d4d1cc,Lythian Shackles,Lythian Shackles,"{""source_notes"": ""https://www.shadowera.com/cards.php""}",shadow-era_shattered-fates_lythian-shackles
6ef48295-fa73-4766-b63a-c0b6fbe69c0f,first-party-document,0,0,"{""obverse"": ""shadow-era_shattered-fates_crown-of-ages"", ""reverse"": ""shadow-era_card-back""}","{""name_printed"": ""Crown of Ages"", ""number"": ""62"", ""type"": ""Item"", ""Class"": ""Warrior"", ""subtype"": ""Artifact"", ""cost"": ""2"", ""rule_text"": ""When Crown of Ages is destroyed, the opposing ally with the lowest health takes 2 damage. 1: Target friendly Warrior or Ravager ally has +2 attack until the start of your next turn."", ""item_dimensions"": ""{\u0022height\u0022: \u00223.5\u0022, \u0022width\u0022: \u00222.5\u0022, \u0022unit\u0022: \u0022inch\u0022}""}",d8327757-6eec-4e1a-b7dc-7fb962f9b10c,e54dfc76-db92-4f8d-a1cf-cdc337d4d1cc,Crown of Ages,Crown of Ages,"{""source_notes"": ""https://www.shadowera.com/cards.php""}",shadow-era_shattered-fates_crown-of-ages
5b670c5c-8a82-42ba-8255-544b89519a2e,first-party-document,0,0,"{""obverse"": ""shadow-era_shattered-fates_ellos'-resolve"", ""reverse"": ""shadow-era_card-back""}","{""name_printed"": ""Ellos' Resolve"", ""number"": ""63"", ""type"": ""Ability"", ""Class"": ""Warrior"", ""subtype"": ""Attachment"", ""cost"": ""2"", ""rule_text"": ""Attach to target friendly ally. That ally has +1 attack and +1 health, and combat damage to that ally is reduced by 2."", ""item_dimensions"": ""{\u0022height\u0022: \u00223.5\u0022, \u0022width\u0022: \u00222.5\u0022, \u0022unit\u0022: \u0022inch\u0022}""}",d8327757-6eec-4e1a-b7dc-7fb962f9b10c,e54dfc76-db92-4f8d-a1cf-cdc337d4d1cc,Ellos' Resolve,Ellos' Resolve,"{""source_notes"": ""https://www.shadowera.com/cards.php""}",shadow-era_shattered-fates_ellos'-resolve
55ce15e3-8f68-4637-9261-737d6edfd603,first-party-document,0,0,"{""obverse"": ""shadow-era_shattered-fates_yari-vanguard"", ""reverse"": ""shadow-era_card-back""}","{""name_printed"": ""Yari Vanguard"", ""number"": ""64"", ""type"": ""Ally"", ""Class"": ""Warrior"", ""subtype"": ""Yari"", ""attack_type"": ""Sword"", ""cost"": ""3"", ""attack"": ""2"", ""hp"": ""5"", ""rule_text"": ""Steadfast. While every ally you control is a Yari ally, Yari Vanguard has +1 attack."", ""item_dimensions"": ""{\u0022height\u0022: \u00223.5\u0022, \u0022width\u0022: \u00222.5\u0022, \u0022unit\u0022: \u0022inch\u0022}""}",d8327757-6eec-4e1a-b7dc-7fb962f9b10c,e54dfc76-db92-4f8d-a1cf-cdc337d4d1cc,Yari Vanguard,Yari Vanguard,"{""source_notes"": ""https://www.shadowera.com/cards.php""}",shadow-era_shattered-fates_yari-vanguard
8b493c90-5a42-42d8-9d68-e425329b273d,first-party-document,0,0,"{""obverse"": ""shadow-era_shattered-fates_mettle-of-the-warrior"", ""reverse"": ""shadow-era_card-back""}","{""name_printed"": ""Mettle of the Warrior"", ""number"": ""65"", ""type"": ""Ability"", ""Class"": ""Warrior"", ""subtype"": ""Attachment"", ""cost"": ""4"", ""rule_text"": ""Attach to your hero. When you summon a weapon, armor, Warrior ally, Warrior item or Warrior support ability, your hero and Warrior allies you control heal 1 damage."", ""item_dimensions"": ""{\u0022height\u0022: \u00223.5\u0022, \u0022width\u0022: \u00222.5\u0022, \u0022unit\u0022: \u0022inch\u0022}""}",d8327757-6eec-4e1a-b7dc-7fb962f9b10c,e54dfc76-db92-4f8d-a1cf-cdc337d4d1cc,Mettle of the Warrior,Mettle of the Warrior,"{""source_notes"": ""https://www.shadowera.com/cards.php""}",shadow-era_shattered-fates_mettle-of-the-warrior
3646ddaf-7a4d-45c8-babe-11eab91a1948,first-party-document,0,0,"{""obverse"": ""shadow-era_shattered-fates_yari-marksman"", ""reverse"": ""shadow-era_card-back""}","{""name_printed"": ""Yari Marksman"", ""number"": ""66"", ""type"": ""Ally"", ""Class"": ""Warrior"", ""subtype"": ""Yari"", ""attack_type"": ""Sword"", ""cost"": ""4"", ""attack"": ""2"", ""hp"": ""4"", ""rule_text"": ""When Yari Marksman is summoned, target opposing ally takes 1+X damage where X is the total number of opposing allies."", ""item_dimensions"": ""{\u0022height\u0022: \u00223.5\u0022, \u0022width\u0022: \u00222.5\u0022, \u0022unit\u0022: \u0022inch\u0022}""}",d8327757-6eec-4e1a-b7dc-7fb962f9b10c,e54dfc76-db92-4f8d-a1cf-cdc337d4d1cc,Yari Marksman,Yari Marksman,"{""source_notes"": ""https://www.shadowera.com/cards.php""}",shadow-era_shattered-fates_yari-marksman
a02b249f-6afd-4ac6-8a9e-9cb136cd2fa3,first-party-document,0,0,"{""obverse"": ""shadow-era_shattered-fates_yari-bladedancer"", ""reverse"": ""shadow-era_card-back""}","{""name_printed"": ""Yari Bladedancer"", ""rarity"": ""U"", ""number"": ""67"", ""type"": ""Ally"", ""Class"": ""Warrior"", ""subtype"": ""Yari"", ""attack_type"": ""Sword"", ""cost"": ""2"", ""attack"": ""2"", ""hp"": ""3"", ""rule_text"": ""0: Exhaust Yari Bladedancer: target other ally has +X attack until the end of your turn, where X is Yari Bladedancer's attack."", ""item_dimensions"": ""{\u0022height\u0022: \u00223.5\u0022, \u0022width\u0022: \u00222.5\u0022, \u0022unit\u0022: \u0022inch\u0022}""}",d8327757-6eec-4e1a-b7dc-7fb962f9b10c,e54dfc76-db92-4f8d-a1cf-cdc337d4d1cc,Yari Bladedancer,Yari Bladedancer,"{""source_notes"": ""https://www.shadowera.com/cards.php""}",shadow-era_shattered-fates_yari-bladedancer
7a5b2272-0946-4eeb-a996-d26da030fe46,first-party-document,0,0,"{""obverse"": ""shadow-era_shattered-fates_desperate-tactics"", ""reverse"": ""shadow-era_card-back""}","{""name_printed"": ""Desperate Tactics"", ""rarity"": ""U"", ""number"": ""68"", ""type"": ""Ability"", ""Class"": ""Warrior"", ""cost"": ""2"", ""rule_text"": ""Target weapon you control with X attack is destroyed: target opposing hero or ally takes 1 + X damage."", ""item_dimensions"": ""{\u0022height\u0022: \u00223.5\u0022, \u0022width\u0022: \u00222.5\u0022, \u0022unit\u0022: \u0022inch\u0022}""}",d8327757-6eec-4e1a-b7dc-7fb962f9b10c,e54dfc76-db92-4f8d-a1cf-cdc337d4d1cc,Desperate Tactics,Desperate Tactics,"{""source_notes"": ""https://www.shadowera.com/cards.php""}",shadow-era_shattered-fates_desperate-tactics
87a3e7bc-2e7d-4bce-838a-fd8ffcf49bd3,first-party-document,0,0,"{""obverse"": ""shadow-era_shattered-fates_enslave-the-beast"", ""reverse"": ""shadow-era_card-back""}","{""name_printed"": ""Enslave the Beast"", ""rarity"": ""U"", ""number"": ""69"", ""type"": ""Ability"", ""Class"": ""Warrior"", ""subtype"": ""Attachment"", ""cost"": ""4"", ""rule_text"": ""Attach to target opposing ally. That ally has -3 attack and -3 health, and that ally's controller takes 2 damage when Enslave the Beast is removed."", ""item_dimensions"": ""{\u0022height\u0022: \u00223.5\u0022, \u0022width\u0022: \u00222.5\u0022, \u0022unit\u0022: \u0022inch\u0022}""}",d8327757-6eec-4e1a-b7dc-7fb962f9b10c,e54dfc76-db92-4f8d-a1cf-cdc337d4d1cc,Enslave the Beast,Enslave the Beast,"{""source_notes"": ""https://www.shadowera.com/cards.php""}",shadow-era_shattered-fates_enslave-the-beast
3528dd6b-7ea8-4c4b-8aa8-031c17f79703,first-party-document,0,0,"{""obverse"": ""shadow-era_shattered-fates_xander,-yari-captain"", ""reverse"": ""shadow-era_card-back""}","{""name_printed"": ""Xander, Yari Captain"", ""rarity"": ""R"", ""number"": ""70"", ""type"": ""Ally"", ""Class"": ""Warrior"", ""subtype"": ""Yari"", ""attack_type"": ""Sword"", ""is_unique"": ""Unique"", ""cost"": ""5"", ""attack"": ""4"", ""hp"": ""6"", ""rule_text"": ""Other friendly Yari allies have +1 attack and +1 health."", ""item_dimensions"": ""{\u0022height\u0022: \u00223.5\u0022, \u0022width\u0022: \u00222.5\u0022, \u0022unit\u0022: \u0022inch\u0022}""}",d8327757-6eec-4e1a-b7dc-7fb962f9b10c,e54dfc76-db92-4f8d-a1cf-cdc337d4d1cc,"Xander, Yari Captain","Xander, Yari Captain","{""source_notes"": ""https://www.shadowera.com/cards.php""}","shadow-era_shattered-fates_xander,-yari-captain"
c1056212-9f7c-4176-8cb6-5185f810113c,first-party-document,0,0,"{""obverse"": ""shadow-era_shattered-fates_abomination-factory"", ""reverse"": ""shadow-era_card-back""}","{""name_printed"": ""Abomination Factory"", ""number"": ""71"", ""type"": ""Item"", ""Class"": ""Mage"", ""subtype"": ""Artifact"", ""cost"": ""2"", ""hp"": ""3"", ""rule_text"": ""1D: Target ally in your hand is discarded: Target Homunculus ally gains +1 base attack and +1 health."", ""item_dimensions"": ""{\u0022height\u0022: \u00223.5\u0022, \u0022width\u0022: \u00222.5\u0022, \u0022unit\u0022: \u0022inch\u0022}""}",d8327757-6eec-4e1a-b7dc-7fb962f9b10c,e54dfc76-db92-4f8d-a1cf-cdc337d4d1cc,Abomination Factory,Abomination Factory,"{""source_notes"": ""https://www.shadowera.com/cards.php""}",shadow-era_shattered-fates_abomination-factory
1ca52922-fc79-47de-8ddb-8c8df6122a44,first-party-document,0,0,"{""obverse"": ""shadow-era_shattered-fates_stoneskin"", ""reverse"": ""shadow-era_card-back""}","{""name_printed"": ""Stoneskin"", ""number"": ""72"", ""type"": ""Ability"", ""Class"": ""Mage"", ""subtype"": ""Attachment"", ""cost"": ""1"", ""rule_text"": ""Attach to target friendly ally. All damage to that ally is reduced by 1. When an opposing player targets that ally with an ability, that ability has no effect and Stoneskin is destroyed."", ""item_dimensions"": ""{\u0022height\u0022: \u00223.5\u0022, \u0022width\u0022: \u00222.5\u0022, \u0022unit\u0022: \u0022inch\u0022}""}",d8327757-6eec-4e1a-b7dc-7fb962f9b10c,e54dfc76-db92-4f8d-a1cf-cdc337d4d1cc,Stoneskin,Stoneskin,"{""source_notes"": ""https://www.shadowera.com/cards.php""}",shadow-era_shattered-fates_stoneskin
e50da78e-2e34-4061-9ca0-799daad6638b,first-party-document,0,0,"{""obverse"": ""shadow-era_shattered-fates_cinderborn-fatebreaker"", ""reverse"": ""shadow-era_card-back""}","{""name_printed"": ""Cinderborn Fatebreaker"", ""number"": ""73"", ""type"": ""Ally"", ""Class"": ""Mage"", ""subtype"": ""Homunculus"", ""attack_type"": ""Fire"", ""cost"": ""2"", ""attack"": ""2"", ""hp"": ""3"", ""rule_text"": ""When an opposing player summons a targeted ability with cost 3 or less, that ability has no effect and Cinderborn Fatebreaker is killed."", ""item_dimensions"": ""{\u0022height\u0022: \u00223.5\u0022, \u0022width\u0022: \u00222.5\u0022, \u0022unit\u0022: \u0022inch\u0022}""}",d8327757-6eec-4e1a-b7dc-7fb962f9b10c,e54dfc76-db92-4f8d-a1cf-cdc337d4d1cc,Cinderborn Fatebreaker,Cinderborn Fatebreaker,"{""source_notes"": ""https://www.shadowera.com/cards.php""}",shadow-era_shattered-fates_cinderborn-fatebreaker
1e704893-f7f1-4173-a7fa-04ae6e9ad5aa,first-party-document,0,0,"{""obverse"": ""shadow-era_shattered-fates_amulet-of-conjuring"", ""reverse"": ""shadow-era_card-back""}","{""name_printed"": ""Amulet of Conjuring"", ""number"": ""74"", ""type"": ""Item"", ""Class"": ""Mage"", ""subtype"": ""Artifact"", ""cost"": ""4"", ""rule_text"": ""Sustain: 1SE. 0SE: Draw 3 cards and remove 1 of your resources from play."", ""item_dimensions"": ""{\u0022height\u0022: \u00223.5\u0022, \u0022width\u0022: \u00222.5\u0022, \u0022unit\u0022: \u0022inch\u0022}""}",d8327757-6eec-4e1a-b7dc-7fb962f9b10c,e54dfc76-db92-4f8d-a1cf-cdc337d4d1cc,Amulet of Conjuring,Amulet of Conjuring,"{""source_notes"": ""https://www.shadowera.com/cards.php""}",shadow-era_shattered-fates_amulet-of-conjuring
03dd382e-9cdc-49fb-a162-b12c6e3e6d58,first-party-document,0,0,"{""obverse"": ""shadow-era_shattered-fates_incendiary-curse"", ""reverse"": ""shadow-era_card-back""}","{""name_printed"": ""Incendiary Curse"", ""number"": ""75"", ""type"": ""Ability"", ""Class"": ""Mage"", ""subtype"": ""Attachment"", ""cost"": ""3"", ""rule_text"": ""Attach to target enemy artifact. The controller of that artifact takes 1 fire damage at the start of each of their turns. If Incendiary Curse or the artifact it is attached to leaves play, the controller of that artifact takes 3 fire damage."", ""item_dimensions"": ""{\u0022height\u0022: \u00223.5\u0022, \u0022width\u0022: \u00222.5\u0022, \u0022unit\u0022: \u0022inch\u0022}""}",d8327757-6eec-4e1a-b7dc-7fb962f9b10c,e54dfc76-db92-4f8d-a1cf-cdc337d4d1cc,Incendiary Curse,Incendiary Curse,"{""source_notes"": ""https://www.shadowera.com/cards.php""}",shadow-era_shattered-fates_incendiary-curse
53746143-4ab9-4997-9410-fad3b539b2fa,first-party-document,0,0,"{""obverse"": ""shadow-era_shattered-fates_thunderstone-goliath"", ""reverse"": ""shadow-era_card-back""}","{""name_printed"": ""Thunderstone Goliath"", ""number"": ""76"", ""type"": ""Ally"", ""Class"": ""Mage"", ""subtype"": ""Homunculus"", ""attack_type"": ""Electric"", ""cost"": ""4"", ""attack"": ""3"", ""hp"": ""5"", ""rule_text"": ""Once per each player's turn, when a hero deals electrical damage, Thunderstone Goliath gains +1 base attack and +1 health. Thunderstone Goliath has immunity to electrical damage."", ""item_dimensions"": ""{\u0022height\u0022: \u00223.5\u0022, \u0022width\u0022: \u00222.5\u0022, \u0022unit\u0022: \u0022inch\u0022}""}",d8327757-6eec-4e1a-b7dc-7fb962f9b10c,e54dfc76-db92-4f8d-a1cf-cdc337d4d1cc,Thunderstone Goliath,Thunderstone Goliath,"{""source_notes"": ""https://www.shadowera.com/cards.php""}",shadow-era_shattered-fates_thunderstone-goliath
fc769ff0-eb91-4df3-86f5-864aeb841ddf,first-party-document,0,0,"{""obverse"": ""shadow-era_shattered-fates_urigon's-fang"", ""reverse"": ""shadow-era_card-back""}","{""name_printed"": ""Urigon's Fang"", ""rarity"": ""U"", ""number"": ""77"", ""type"": ""Item"", ""Class"": ""Mage"", ""subtype"": ""Artifact"", ""cost"": ""3"", ""rule_text"": ""Opposing allies damaged by your hero in combat are frozen for 1 turn. When an opposing ally is frozen on your turn, it takes 1 ice damage. 2SE: Target opposing ally is frozen for 1 turn."", ""item_dimensions"": ""{\u0022height\u0022: \u00223.5\u0022, \u0022width\u0022: \u00222.5\u0022, \u0022unit\u0022: \u0022inch\u0022}""}",d8327757-6eec-4e1a-b7dc-7fb962f9b10c,e54dfc76-db92-4f8d-a1cf-cdc337d4d1cc,Urigon's Fang,Urigon's Fang,"{""source_notes"": ""https://www.shadowera.com/cards.php""}",shadow-era_shattered-fates_urigon's-fang
3a34ecef-a958-488b-8c71-455b5caad76a,first-party-document,0,0,"{""obverse"": ""shadow-era_shattered-fates_evolving-abomination"", ""reverse"": ""shadow-era_card-back""}","{""name_printed"": ""Evolving Abomination"", ""rarity"": ""U"", ""number"": ""78"", ""type"": ""Ally"", ""Class"": ""Mage"", ""subtype"": ""Homunculus"", ""attack_type"": ""Sword"", ""cost"": ""3"", ""attack"": ""1"", ""hp"": ""5"", ""rule_text"": ""At the end of each of your turns, Evolving Abomination gains +1 base attack if no abilities were summoned that turn and +1 health if no allies were summoned that turn."", ""item_dimensions"": ""{\u0022height\u0022: \u00223.5\u0022, \u0022width\u0022: \u00222.5\u0022, \u0022unit\u0022: \u0022inch\u0022}""}",d8327757-6eec-4e1a-b7dc-7fb962f9b10c,e54dfc76-db92-4f8d-a1cf-cdc337d4d1cc,Evolving Abomination,Evolving Abomination,"{""source_notes"": ""https://www.shadowera.com/cards.php""}",shadow-era_shattered-fates_evolving-abomination
739679b2-0619-4b18-bbfa-918a0523bac8,first-party-document,0,0,"{""obverse"": ""shadow-era_shattered-fates_transmogrification-curse"", ""reverse"": ""shadow-era_card-back""}","{""name_printed"": ""Transmogrification Curse"", ""rarity"": ""U"", ""number"": ""79"", ""type"": ""Ability"", ""Class"": ""Mage"", ""cost"": ""4"", ""rule_text"": ""Your hero loses 1 shadow energy: target opposing ally loses all abilities and becomes an artifact without durability."", ""item_dimensions"": ""{\u0022height\u0022: \u00223.5\u0022, \u0022width\u0022: \u00222.5\u0022, \u0022unit\u0022: \u0022inch\u0022}""}",d8327757-6eec-4e1a-b7dc-7fb962f9b10c,e54dfc76-db92-4f8d-a1cf-cdc337d4d1cc,Transmogrification Curse,Transmogrification Curse,"{""source_notes"": ""https://www.shadowera.com/cards.php""}",shadow-era_shattered-fates_transmogrification-curse
d8e04ad9-fd18-4534-bbea-4829090c9765,first-party-document,0,0,"{""obverse"": ""shadow-era_shattered-fates_phoenix-urigon"", ""reverse"": ""shadow-era_card-back""}","{""name_printed"": ""Phoenix Urigon"", ""rarity"": ""R"", ""number"": ""80"", ""type"": ""Ally"", ""Class"": ""Mage"", ""attack_type"": ""Claw"", ""cost"": ""4"", ""attack"": ""2"", ""hp"": ""4"", ""rule_text"": ""When Phoenix Urigon is killed while it is not ablaze, it returns to play set ablaze, with +1 base attack and +1 health. When Phoenix Urigon is ablaze, it has fire attack and is readied at the end of each turn."", ""item_dimensions"": ""{\u0022height\u0022: \u00223.5\u0022, \u0022width\u0022: \u00222.5\u0022, \u0022unit\u0022: \u0022inch\u0022}""}",d8327757-6eec-4e1a-b7dc-7fb962f9b10c,e54dfc76-db92-4f8d-a1cf-cdc337d4d1cc,Phoenix Urigon,Phoenix Urigon,"{""source_notes"": ""https://www.shadowera.com/cards.php""}",shadow-era_shattered-fates_phoenix-urigon
585b6ec6-f002-4491-ba70-6285506f4667,first-party-document,0,0,"{""obverse"": ""shadow-era_shattered-fates_pack-an-extra"", ""reverse"": ""shadow-era_card-back""}","{""name_printed"": ""Pack an Extra"", ""number"": ""81"", ""type"": ""Ability"", ""Class"": ""Hunter"", ""cost"": ""1"", ""rule_text"": ""Weapons you control gain +1 durability. Draw a card."", ""item_dimensions"": ""{\u0022height\u0022: \u00223.5\u0022, \u0022width\u0022: \u00222.5\u0022, \u0022unit\u0022: \u0022inch\u0022}""}",d8327757-6eec-4e1a-b7dc-7fb962f9b10c,e54dfc76-db92-4f8d-a1cf-cdc337d4d1cc,Pack an Extra,Pack an Extra,"{""source_notes"": ""https://www.shadowera.com/cards.php""}",shadow-era_shattered-fates_pack-an-extra
7e87021e-d339-4c8e-a1f0-90a01d364150,first-party-document,0,0,"{""obverse"": ""shadow-era_shattered-fates_anmor's-elixir"", ""reverse"": ""shadow-era_card-back""}","{""name_printed"": ""Anmor's Elixir"", ""number"": ""82"", ""type"": ""Item"", ""Class"": ""Hunter"", ""subtype"": ""Artifact"", ""cost"": ""1"", ""rule_text"": ""When Anmor's Elixir is summoned while you control no traps and no weapons, draw a card. 0: 1 of your resources is removed from play and you draw a card."", ""item_dimensions"": ""{\u0022height\u0022: \u00223.5\u0022, \u0022width\u0022: \u00222.5\u0022, \u0022unit\u0022: \u0022inch\u0022}""}",d8327757-6eec-4e1a-b7dc-7fb962f9b10c,e54dfc76-db92-4f8d-a1cf-cdc337d4d1cc,Anmor's Elixir,Anmor's Elixir,"{""source_notes"": ""https://www.shadowera.com/cards.php""}",shadow-era_shattered-fates_anmor's-elixir
e4c2baea-b300-4739-a14f-a8bbf0489809,first-party-document,0,0,"{""obverse"": ""shadow-era_shattered-fates_ricochet-trap"", ""reverse"": ""shadow-era_card-back""}","{""name_printed"": ""Ricochet Trap"", ""number"": ""83"", ""type"": ""Item"", ""Class"": ""Hunter"", ""subtype"": ""Trap"", ""cost"": ""3"", ""rule_text"": ""Play face down. The next time your hero is attacked by an opposing hero or ally, the attack is aborted, and the attacker is disabled for 1 turn and takes X damage, where X is its attack value."", ""item_dimensions"": ""{\u0022height\u0022: \u00223.5\u0022, \u0022width\u0022: \u00222.5\u0022, \u0022unit\u0022: \u0022inch\u0022}""}",d8327757-6eec-4e1a-b7dc-7fb962f9b10c,e54dfc76-db92-4f8d-a1cf-cdc337d4d1cc,Ricochet Trap,Ricochet Trap,"{""source_notes"": ""https://www.shadowera.com/cards.php""}",shadow-era_shattered-fates_ricochet-trap
e8cc8592-c1b3-4609-b9a5-41e7fa48b444,first-party-document,0,0,"{""obverse"": ""shadow-era_shattered-fates_hunter's-gambit"", ""reverse"": ""shadow-era_card-back""}","{""name_printed"": ""Hunter's Gambit"", ""number"": ""84"", ""type"": ""Ability"", ""Class"": ""Hunter"", ""subtype"": ""Attachment"", ""cost"": ""2"", ""rule_text"": ""Attach to target opposing ally. That ally has -2 health. When Hunter's Gambit is destroyed, draw 2 cards and Hunter's Gambit is exiled."", ""item_dimensions"": ""{\u0022height\u0022: \u00223.5\u0022, \u0022width\u0022: \u00222.5\u0022, \u0022unit\u0022: \u0022inch\u0022}""}",d8327757-6eec-4e1a-b7dc-7fb962f9b10c,e54dfc76-db92-4f8d-a1cf-cdc337d4d1cc,Hunter's Gambit,Hunter's Gambit,"{""source_notes"": ""https://www.shadowera.com/cards.php""}",shadow-era_shattered-fates_hunter's-gambit
03723a1d-f638-48bc-bab5-ef5555b74560,first-party-document,0,0,"{""obverse"": ""shadow-era_shattered-fates_venomflame-archer"", ""reverse"": ""shadow-era_card-back""}","{""name_printed"": ""Venomflame Archer"", ""number"": ""85"", ""type"": ""Ally"", ""Class"": ""Hunter"", ""attack_type"": ""Bow"", ""cost"": ""3"", ""attack"": ""3"", ""hp"": ""4"", ""rule_text"": ""1SE: Target opposing ally is poisoned and set ablaze."", ""item_dimensions"": ""{\u0022height\u0022: \u00223.5\u0022, \u0022width\u0022: \u00222.5\u0022, \u0022unit\u0022: \u0022inch\u0022}""}",d8327757-6eec-4e1a-b7dc-7fb962f9b10c,e54dfc76-db92-4f8d-a1cf-cdc337d4d1cc,Venomflame Archer,Venomflame Archer,"{""source_notes"": ""https://www.shadowera.com/cards.php""}",shadow-era_shattered-fates_venomflame-archer
173e7370-dcc6-46fb-a08c-3b884e735b5b,first-party-document,0,0,"{""obverse"": ""shadow-era_shattered-fates_deepwood-bobcat"", ""reverse"": ""shadow-era_card-back""}","{""name_printed"": ""Deepwood Bobcat"", ""number"": ""86"", ""type"": ""Ally"", ""Class"": ""Hunter"", ""subtype"": ""Wild"", ""attack_type"": ""Claw"", ""cost"": ""4"", ""attack"": ""3"", ""hp"": ""5"", ""rule_text"": ""When you summon a trap or Hunter ability, Deepwood Bobcat has haste and ambush until the start of your next turn."", ""item_dimensions"": ""{\u0022height\u0022: \u00223.5\u0022, \u0022width\u0022: \u00222.5\u0022, \u0022unit\u0022: \u0022inch\u0022}""}",d8327757-6eec-4e1a-b7dc-7fb962f9b10c,e54dfc76-db92-4f8d-a1cf-cdc337d4d1cc,Deepwood Bobcat,Deepwood Bobcat,"{""source_notes"": ""https://www.shadowera.com/cards.php""}",shadow-era_shattered-fates_deepwood-bobcat
6ac4f731-3dfd-4394-b7a6-3a97cf71dc5f,first-party-document,0,0,"{""obverse"": ""shadow-era_shattered-fates_decoy-trap"", ""reverse"": ""shadow-era_card-back""}","{""name_printed"": ""Decoy Trap"", ""rarity"": ""U"", ""number"": ""87"", ""type"": ""Item"", ""Class"": ""Hunter"", ""subtype"": ""Trap"", ""cost"": ""2"", ""rule_text"": ""Play face down. The next time a friendly ally takes damage, that damage is reduced to 0."", ""item_dimensions"": ""{\u0022height\u0022: \u00223.5\u0022, \u0022width\u0022: \u00222.5\u0022, \u0022unit\u0022: \u0022inch\u0022}""}",d8327757-6eec-4e1a-b7dc-7fb962f9b10c,e54dfc76-db92-4f8d-a1cf-cdc337d4d1cc,Decoy Trap,Decoy Trap,"{""source_notes"": ""https://www.shadowera.com/cards.php""}",shadow-era_shattered-fates_decoy-trap
c213767b-1a46-4f71-9df8-f3a04631a303,first-party-document,0,0,"{""obverse"": ""shadow-era_shattered-fates_anmor's-call"", ""reverse"": ""shadow-era_card-back""}","{""name_printed"": ""Anmor's Call"", ""rarity"": ""U"", ""number"": ""88"", ""type"": ""Ability"", ""Class"": ""Hunter"", ""subtype"": ""Attachment"", ""cost"": ""4"", ""rule_text"": ""Attach to your hero. When a friendly ally with cost 4 or less is killed, that ally is placed on top of its owner's resource pile."", ""item_dimensions"": ""{\u0022height\u0022: \u00223.5\u0022, \u0022width\u0022: \u00222.5\u0022, \u0022unit\u0022: \u0022inch\u0022}""}",d8327757-6eec-4e1a-b7dc-7fb962f9b10c,e54dfc76-db92-4f8d-a1cf-cdc337d4d1cc,Anmor's Call,Anmor's Call,"{""source_notes"": ""https://www.shadowera.com/cards.php""}",shadow-era_shattered-fates_anmor's-call
8b462b8d-73b1-4132-9d70-a7f0e3841df2,first-party-document,0,0,"{""obverse"": ""shadow-era_shattered-fates_snowland-spotter"", ""reverse"": ""shadow-era_card-back""}","{""name_printed"": ""Snowland Spotter"", ""rarity"": ""U"", ""number"": ""89"", ""type"": ""Ally"", ""Class"": ""Hunter"", ""attack_type"": ""Sword"", ""cost"": ""4"", ""attack"": ""1"", ""hp"": ""6"", ""rule_text"": ""Your hero may attack 2 times on each of your turns."", ""item_dimensions"": ""{\u0022height\u0022: \u00223.5\u0022, \u0022width\u0022: \u00222.5\u0022, \u0022unit\u0022: \u0022inch\u0022}""}",d8327757-6eec-4e1a-b7dc-7fb962f9b10c,e54dfc76-db92-4f8d-a1cf-cdc337d4d1cc,Snowland Spotter,Snowland Spotter,"{""source_notes"": ""https://www.shadowera.com/cards.php""}",shadow-era_shattered-fates_snowland-spotter
f3c2687b-60a3-419d-9380-ceda8cc80663,first-party-document,0,0,"{""obverse"": ""shadow-era_shattered-fates_drangis,-lord-of-the-hunt"", ""reverse"": ""shadow-era_card-back""}","{""name_printed"": ""Drangis, Lord of the Hunt"", ""rarity"": ""R"", ""number"": ""90"", ""type"": ""Ally"", ""Class"": ""Hunter"", ""subtype"": ""Wild"", ""attack_type"": ""Sword"", ""is_unique"": ""Unique"", ""cost"": ""6"", ""attack"": ""4"", ""hp"": ""8"", ""rule_text"": ""Ambush. Each other Hunter ally or Wild ally you control has +1 attack, +1 health and ambush."", ""item_dimensions"": ""{\u0022height\u0022: \u00223.5\u0022, \u0022width\u0022: \u00222.5\u0022, \u0022unit\u0022: \u0022inch\u0022}""}",d8327757-6eec-4e1a-b7dc-7fb962f9b10c,e54dfc76-db92-4f8d-a1cf-cdc337d4d1cc,"Drangis, Lord of the Hunt","Drangis, Lord of the Hunt","{""source_notes"": ""https://www.shadowera.com/cards.php""}","shadow-era_shattered-fates_drangis,-lord-of-the-hunt"
1bd78e85-2752-48de-99e1-487a5352f56b,first-party-document,0,0,"{""obverse"": ""shadow-era_shattered-fates_for-unaxio!"", ""reverse"": ""shadow-era_card-back""}","{""name_printed"": ""For Unaxio!"", ""number"": ""91"", ""type"": ""Ability"", ""Class"": ""Priest"", ""subtype"": ""Attachment"", ""cost"": ""1"", ""rule_text"": ""Attach to target friendly ally. That ally has +1 attack. At the end of your turn, return For Unaxio! to your hand."", ""item_dimensions"": ""{\u0022height\u0022: \u00223.5\u0022, \u0022width\u0022: \u00222.5\u0022, \u0022unit\u0022: \u0022inch\u0022}""}",d8327757-6eec-4e1a-b7dc-7fb962f9b10c,e54dfc76-db92-4f8d-a1cf-cdc337d4d1cc,For Unaxio!,For Unaxio!,"{""source_notes"": ""https://www.shadowera.com/cards.php""}",shadow-era_shattered-fates_for-unaxio!
57d40978-85d1-4d96-9070-ec5db0f57453,first-party-document,0,0,"{""obverse"": ""shadow-era_shattered-fates_tome-of-blessings"", ""reverse"": ""shadow-era_card-back""}","{""name_printed"": ""Tome of Blessings"", ""number"": ""92"", ""type"": ""Item"", ""Class"": ""Priest"", ""subtype"": ""Artifact"", ""cost"": ""2"", ""rule_text"": ""While a friendly ally has an attachment, ability damage to that ally is reduced by 2 and combat damage to that ally is reduced by 1."", ""item_dimensions"": ""{\u0022height\u0022: \u00223.5\u0022, \u0022width\u0022: \u00222.5\u0022, \u0022unit\u0022: \u0022inch\u0022}""}",d8327757-6eec-4e1a-b7dc-7fb962f9b10c,e54dfc76-db92-4f8d-a1cf-cdc337d4d1cc,Tome of Blessings,Tome of Blessings,"{""source_notes"": ""https://www.shadowera.com/cards.php""}",shadow-era_shattered-fates_tome-of-blessings
9c6b221e-3dd9-42e6-b3c0-73e8d7ee0e5b,first-party-document,0,0,"{""obverse"": ""shadow-era_shattered-fates_glass-chalice-of-knowing"", ""reverse"": ""shadow-era_card-back""}","{""name_printed"": ""Glass Chalice of Knowing"", ""number"": ""93"", ""type"": ""Item"", ""Class"": ""Priest"", ""subtype"": ""Artifact"", ""cost"": ""2"", ""rule_text"": ""2SE: Put the bottom 2 cards of your deck into your hand and then shuffle 1 of them back into your deck."", ""item_dimensions"": ""{\u0022height\u0022: \u00223.5\u0022, \u0022width\u0022: \u00222.5\u0022, \u0022unit\u0022: \u0022inch\u0022}""}",d8327757-6eec-4e1a-b7dc-7fb962f9b10c,e54dfc76-db92-4f8d-a1cf-cdc337d4d1cc,Glass Chalice of Knowing,Glass Chalice of Knowing,"{""source_notes"": ""https://www.shadowera.com/cards.php""}",shadow-era_shattered-fates_glass-chalice-of-knowing
4ccb0831-aa42-4e39-954f-6a50dcec52ea,first-party-document,0,0,"{""obverse"": ""shadow-era_shattered-fates_embers-of-the-just"", ""reverse"": ""shadow-era_card-back""}","{""name_printed"": ""Embers of the Just"", ""number"": ""94"", ""type"": ""Ability"", ""Class"": ""Priest"", ""subtype"": ""Attachment"", ""cost"": ""2"", ""rule_text"": ""Attach to target opposing ally and that ally is set ablaze. If Embers of the Just is targeted and destroyed by your hero, it is returned to your hand and target opposing ally takes 4 arcane damage."", ""item_dimensions"": ""{\u0022height\u0022: \u00223.5\u0022, \u0022width\u0022: \u00222.5\u0022, \u0022unit\u0022: \u0022inch\u0022}""}",d8327757-6eec-4e1a-b7dc-7fb962f9b10c,e54dfc76-db92-4f8d-a1cf-cdc337d4d1cc,Embers of the Just,Embers of the Just,"{""source_notes"": ""https://www.shadowera.com/cards.php""}",shadow-era_shattered-fates_embers-of-the-just
241d9686-8fbf-4d21-8c95-5518fd03a23b,first-party-document,0,0,"{""obverse"": ""shadow-era_shattered-fates_devoted-knight"", ""reverse"": ""shadow-era_card-back""}","{""name_printed"": ""Devoted Knight"", ""number"": ""95"", ""type"": ""Ally"", ""Class"": ""Priest"", ""subtype"": ""Templar"", ""attack_type"": ""Arcane"", ""cost"": ""3"", ""attack"": ""3"", ""hp"": ""3"", ""rule_text"": ""When Devoted Knight is killed, it is placed on top of its owner's resource pile."", ""item_dimensions"": ""{\u0022height\u0022: \u00223.5\u0022, \u0022width\u0022: \u00222.5\u0022, \u0022unit\u0022: \u0022inch\u0022}""}",d8327757-6eec-4e1a-b7dc-7fb962f9b10c,e54dfc76-db92-4f8d-a1cf-cdc337d4d1cc,Devoted Knight,Devoted Knight,"{""source_notes"": ""https://www.shadowera.com/cards.php""}",shadow-era_shattered-fates_devoted-knight
61c36372-a216-4afb-9048-3c55cd6fa1df,first-party-document,0,0,"{""obverse"": ""shadow-era_shattered-fates_righteous-strike"", ""reverse"": ""shadow-era_card-back""}","{""name_printed"": ""Righteous Strike"", ""number"": ""96"", ""type"": ""Ability"", ""Class"": ""Priest"", ""cost"": ""3"", ""rule_text"": ""Target opposing hero or ally takes 2 arcane damage and target hero or ally heals 2 damage."", ""item_dimensions"": ""{\u0022height\u0022: \u00223.5\u0022, \u0022width\u0022: \u00222.5\u0022, \u0022unit\u0022: \u0022inch\u0022}""}",d8327757-6eec-4e1a-b7dc-7fb962f9b10c,e54dfc76-db92-4f8d-a1cf-cdc337d4d1cc,Righteous Strike,Righteous Strike,"{""source_notes"": ""https://www.shadowera.com/cards.php""}",shadow-era_shattered-fates_righteous-strike
dbe0f21f-3725-4770-bc83-4e496c10bfad,first-party-document,0,0,"{""obverse"": ""shadow-era_shattered-fates_arada-jewels"", ""reverse"": ""shadow-era_card-back""}","{""name_printed"": ""Arada Jewels"", ""rarity"": ""U"", ""number"": ""97"", ""type"": ""Ability"", ""Class"": ""Priest"", ""subtype"": ""Attachment"", ""cost"": ""2"", ""rule_text"": ""Attach to target friendly ally. That ally has +1 attack and +1 health for each attachment it has."", ""item_dimensions"": ""{\u0022height\u0022: \u00223.5\u0022, \u0022width\u0022: \u00222.5\u0022, \u0022unit\u0022: \u0022inch\u0022}""}",d8327757-6eec-4e1a-b7dc-7fb962f9b10c,e54dfc76-db92-4f8d-a1cf-cdc337d4d1cc,Arada Jewels,Arada Jewels,"{""source_notes"": ""https://www.shadowera.com/cards.php""}",shadow-era_shattered-fates_arada-jewels
447d6062-b71a-488c-a9ff-a88ebeb2147a,first-party-document,0,0,"{""obverse"": ""shadow-era_shattered-fates_sindarok-apprentice"", ""reverse"": ""shadow-era_card-back""}","{""name_printed"": ""Sindarok Apprentice"", ""rarity"": ""U"", ""number"": ""98"", ""type"": ""Ally"", ""Class"": ""Priest"", ""subtype"": ""Templar"", ""attack_type"": ""Sword"", ""cost"": ""3"", ""attack"": ""2"", ""hp"": ""4"", ""rule_text"": ""When an opposing hero or ally enters combat with Sindarok Apprentice, that opposing hero or ally takes 1 arcane damage, or 2 arcane damage if you control at least 2 Templar allies."", ""item_dimensions"": ""{\u0022height\u0022: \u00223.5\u0022, \u0022width\u0022: \u00222.5\u0022, \u0022unit\u0022: \u0022inch\u0022}""}",d8327757-6eec-4e1a-b7dc-7fb962f9b10c,e54dfc76-db92-4f8d-a1cf-cdc337d4d1cc,Sindarok Apprentice,Sindarok Apprentice,"{""source_notes"": ""https://www.shadowera.com/cards.php""}",shadow-era_shattered-fates_sindarok-apprentice
efd34559-96c8-469f-9891-08bcf7f96bfa,first-party-document,0,0,"{""obverse"": ""shadow-era_shattered-fates_zail's-hymn"", ""reverse"": ""shadow-era_card-back""}","{""name_printed"": ""Zail's Hymn"", ""rarity"": ""U"", ""number"": ""99"", ""type"": ""Ability"", ""Class"": ""Priest"", ""subtype"": ""Attachment"", ""cost"": ""3"", ""rule_text"": ""Attach to target opposing ally. That ally can't attack. When Zail's Hymn is removed while that ally is in play, that ally is placed on the bottom of its owner's deck."", ""item_dimensions"": ""{\u0022height\u0022: \u00223.5\u0022, \u0022width\u0022: \u00222.5\u0022, \u0022unit\u0022: \u0022inch\u0022}""}",d8327757-6eec-4e1a-b7dc-7fb962f9b10c,e54dfc76-db92-4f8d-a1cf-cdc337d4d1cc,Zail's Hymn,Zail's Hymn,"{""source_notes"": ""https://www.shadowera.com/cards.php""}",shadow-era_shattered-fates_zail's-hymn
144ce1d1-cf23-45e5-8bbb-9c714145a4be,first-party-document,0,0,"{""obverse"": ""shadow-era_shattered-fates_justicar-alysia"", ""reverse"": ""shadow-era_card-back""}","{""name_printed"": ""Justicar Alysia"", ""rarity"": ""R"", ""number"": ""100"", ""type"": ""Ally"", ""Class"": ""Priest"", ""subtype"": ""Templar"", ""attack_type"": ""Arcane"", ""is_unique"": ""Unique"", ""cost"": ""5"", ""attack"": ""2"", ""hp"": ""6"", ""rule_text"": ""Arcane damage to opposing heroes and allies is increased by 1."", ""item_dimensions"": ""{\u0022height\u0022: \u00223.5\u0022, \u0022width\u0022: \u00222.5\u0022, \u0022unit\u0022: \u0022inch\u0022}""}",d8327757-6eec-4e1a-b7dc-7fb962f9b10c,e54dfc76-db92-4f8d-a1cf-cdc337d4d1cc,Justicar Alysia,Justicar Alysia,"{""source_notes"": ""https://www.shadowera.com/cards.php""}",shadow-era_shattered-fates_justicar-alysia
47668325-edf9-4486-b62f-efe1b462912f,first-party-document,0,0,"{""obverse"": ""shadow-era_shattered-fates_skilled-ironmonger"", ""reverse"": ""shadow-era_card-back""}","{""name_printed"": ""Skilled Ironmonger"", ""number"": ""101"", ""type"": ""Ally"", ""Class"": ""Rogue"", ""attack_type"": ""Sword"", ""cost"": ""2"", ""attack"": ""2"", ""hp"": ""3"", ""rule_text"": ""When Skilled Ironmonger is summoned, target weapon or armor gains +1 durability."", ""item_dimensions"": ""{\u0022height\u0022: \u00223.5\u0022, \u0022width\u0022: \u00222.5\u0022, \u0022unit\u0022: \u0022inch\u0022}""}",d8327757-6eec-4e1a-b7dc-7fb962f9b10c,e54dfc76-db92-4f8d-a1cf-cdc337d4d1cc,Skilled Ironmonger,Skilled Ironmonger,"{""source_notes"": ""https://www.shadowera.com/cards.php""}",shadow-era_shattered-fates_skilled-ironmonger
6ca2461b-c29d-4618-a147-fda2649d58ca,first-party-document,0,0,"{""obverse"": ""shadow-era_shattered-fates_backstab"", ""reverse"": ""shadow-era_card-back""}","{""name_printed"": ""Backstab"", ""number"": ""102"", ""type"": ""Ability"", ""Class"": ""Rogue"", ""subtype"": ""Attachment"", ""cost"": ""2"", ""rule_text"": ""Attach to target friendly ally until the start of your next turn. That ally has +2 attack and ambush. When Backstab is summoned, draw a card."", ""item_dimensions"": ""{\u0022height\u0022: \u00223.5\u0022, \u0022width\u0022: \u00222.5\u0022, \u0022unit\u0022: \u0022inch\u0022}""}",d8327757-6eec-4e1a-b7dc-7fb962f9b10c,e54dfc76-db92-4f8d-a1cf-cdc337d4d1cc,Backstab,Backstab,"{""source_notes"": ""https://www.shadowera.com/cards.php""}",shadow-era_shattered-fates_backstab
66eacb18-70a4-419c-857a-02dcd61f7f34,first-party-document,0,0,"{""obverse"": ""shadow-era_shattered-fates_hit-list"", ""reverse"": ""shadow-era_card-back""}","{""name_printed"": ""Hit List"", ""number"": ""103"", ""type"": ""Item"", ""Class"": ""Rogue"", ""subtype"": ""Artifact"", ""cost"": ""1"", ""hp"": ""1"", ""rule_text"": ""1D: If an ally was killed this turn, draw 2 cards."", ""item_dimensions"": ""{\u0022height\u0022: \u00223.5\u0022, \u0022width\u0022: \u00222.5\u0022, \u0022unit\u0022: \u0022inch\u0022}""}",d8327757-6eec-4e1a-b7dc-7fb962f9b10c,e54dfc76-db92-4f8d-a1cf-cdc337d4d1cc,Hit List,Hit List,"{""source_notes"": ""https://www.shadowera.com/cards.php""}",shadow-era_shattered-fates_hit-list
8bdb548d-5a02-46d9-8025-0bbcdb02670a,first-party-document,0,0,"{""obverse"": ""shadow-era_shattered-fates_vozitian-trader"", ""reverse"": ""shadow-era_card-back""}","{""name_printed"": ""Vozitian Trader"", ""number"": ""104"", ""type"": ""Ally"", ""Class"": ""Rogue"", ""attack_type"": ""Sword"", ""cost"": ""3"", ""attack"": ""2"", ""hp"": ""5"", ""rule_text"": ""When an item enters play under your control or an item you control is destroyed, Vozitian Trader gains +1 base attack. 2: Target card in your hand is discarded: draw a card."", ""item_dimensions"": ""{\u0022height\u0022: \u00223.5\u0022, \u0022width\u0022: \u00222.5\u0022, \u0022unit\u0022: \u0022inch\u0022}""}",d8327757-6eec-4e1a-b7dc-7fb962f9b10c,e54dfc76-db92-4f8d-a1cf-cdc337d4d1cc,Vozitian Trader,Vozitian Trader,"{""source_notes"": ""https://www.shadowera.com/cards.php""}",shadow-era_shattered-fates_vozitian-trader
b7c8e434-f6c1-4160-b11f-ea562398dd8e,first-party-document,0,0,"{""obverse"": ""shadow-era_shattered-fates_wily-smuggler"", ""reverse"": ""shadow-era_card-back""}","{""name_printed"": ""Wily Smuggler"", ""number"": ""105"", ""type"": ""Ally"", ""Class"": ""Rogue"", ""subtype"": ""Outlaw"", ""attack_type"": ""Sword"", ""cost"": ""3"", ""attack"": ""2"", ""hp"": ""5"", ""rule_text"": ""0: If you summoned an item this turn, 2 used resources are renewed."", ""item_dimensions"": ""{\u0022height\u0022: \u00223.5\u0022, \u0022width\u0022: \u00222.5\u0022, \u0022unit\u0022: \u0022inch\u0022}""}",d8327757-6eec-4e1a-b7dc-7fb962f9b10c,e54dfc76-db92-4f8d-a1cf-cdc337d4d1cc,Wily Smuggler,Wily Smuggler,"{""source_notes"": ""https://www.shadowera.com/cards.php""}",shadow-era_shattered-fates_wily-smuggler
6517bda2-5b24-497b-9705-2d8ea469c1d1,first-party-document,0,0,"{""obverse"": ""shadow-era_shattered-fates_garth's-concoction"", ""reverse"": ""shadow-era_card-back""}","{""name_printed"": ""Garth's Concoction"", ""number"": ""106"", ""type"": ""Ability"", ""Class"": ""Rogue"", ""cost"": ""3"", ""rule_text"": ""Exhaust your hero: target opposing ally takes 3 poison damage and is poisoned."", ""item_dimensions"": ""{\u0022height\u0022: \u00223.5\u0022, \u0022width\u0022: \u00222.5\u0022, \u0022unit\u0022: \u0022inch\u0022}""}",d8327757-6eec-4e1a-b7dc-7fb962f9b10c,e54dfc76-db92-4f8d-a1cf-cdc337d4d1cc,Garth's Concoction,Garth's Concoction,"{""source_notes"": ""https://www.shadowera.com/cards.php""}",shadow-era_shattered-fates_garth's-concoction
2143c044-cd21-4b41-83fe-0d64e7f687dd,first-party-document,0,0,"{""obverse"": ""shadow-era_shattered-fates_sword-thief"", ""reverse"": ""shadow-era_card-back""}","{""name_printed"": ""Sword Thief"", ""rarity"": ""U"", ""number"": ""107"", ""type"": ""Ally"", ""Class"": ""Rogue"", ""attack_type"": ""Sword"", ""cost"": ""3"", ""attack"": ""2"", ""hp"": ""3"", ""rule_text"": ""When Sword Thief is summoned, target opposing ally can't attack or defend until the end of its controller's next turn."", ""item_dimensions"": ""{\u0022height\u0022: \u00223.5\u0022, \u0022width\u0022: \u00222.5\u0022, \u0022unit\u0022: \u0022inch\u0022}""}",d8327757-6eec-4e1a-b7dc-7fb962f9b10c,e54dfc76-db92-4f8d-a1cf-cdc337d4d1cc,Sword Thief,Sword Thief,"{""source_notes"": ""https://www.shadowera.com/cards.php""}",shadow-era_shattered-fates_sword-thief
bca748b7-69d9-48d9-94a7-3c737acc6a26,first-party-document,0,0,"{""obverse"": ""shadow-era_shattered-fates_coercion"", ""reverse"": ""shadow-era_card-back""}","{""name_printed"": ""Coercion"", ""rarity"": ""U"", ""number"": ""108"", ""type"": ""Ability"", ""Class"": ""Rogue"", ""subtype"": ""Attachment"", ""cost"": ""5"", ""rule_text"": ""Attach to target opposing ally until the end of your turn. While Coercion is attached, that ally is under your control."", ""item_dimensions"": ""{\u0022height\u0022: \u00223.5\u0022, \u0022width\u0022: \u00222.5\u0022, \u0022unit\u0022: \u0022inch\u0022}""}",d8327757-6eec-4e1a-b7dc-7fb962f9b10c,e54dfc76-db92-4f8d-a1cf-cdc337d4d1cc,Coercion,Coercion,"{""source_notes"": ""https://www.shadowera.com/cards.php""}",shadow-era_shattered-fates_coercion
48ca5227-f121-4ae5-8483-6de4628d5a52,first-party-document,0,0,"{""obverse"": ""shadow-era_shattered-fates_anarchic-looting"", ""reverse"": ""shadow-era_card-back""}","{""name_printed"": ""Anarchic Looting"", ""rarity"": ""U"", ""number"": ""109"", ""type"": ""Ability"", ""Class"": ""Rogue"", ""cost"": ""5"", ""rule_text"": ""All items are destroyed. Draw a card for each item that was destroyed, to a maximum of 3."", ""item_dimensions"": ""{\u0022height\u0022: \u00223.5\u0022, \u0022width\u0022: \u00222.5\u0022, \u0022unit\u0022: \u0022inch\u0022}""}",d8327757-6eec-4e1a-b7dc-7fb962f9b10c,e54dfc76-db92-4f8d-a1cf-cdc337d4d1cc,Anarchic Looting,Anarchic Looting,"{""source_notes"": ""https://www.shadowera.com/cards.php""}",shadow-era_shattered-fates_anarchic-looting
f129fe74-0ad0-451b-a35a-9e4bc714d329,first-party-document,0,0,"{""obverse"": ""shadow-era_shattered-fates_oliver-fagin"", ""reverse"": ""shadow-era_card-back""}","{""name_printed"": ""Oliver Fagin"", ""rarity"": ""R"", ""number"": ""110"", ""type"": ""Ally"", ""Class"": ""Rogue"", ""subtype"": ""Outlaw"", ""attack_type"": ""Sword"", ""is_unique"": ""Unique"", ""cost"": ""7"", ""attack"": ""2"", ""hp"": ""7"", ""rule_text"": ""When Oliver Fagin is summoned, target opposing ally with cost 3 or less is placed in your hand. Oliver Fagin has +1 attack for each card in your hand."", ""item_dimensions"": ""{\u0022height\u0022: \u00223.5\u0022, \u0022width\u0022: \u00222.5\u0022, \u0022unit\u0022: \u0022inch\u0022}""}",d8327757-6eec-4e1a-b7dc-7fb962f9b10c,e54dfc76-db92-4f8d-a1cf-cdc337d4d1cc,Oliver Fagin,Oliver Fagin,"{""source_notes"": ""https://www.shadowera.com/cards.php""}",shadow-era_shattered-fates_oliver-fagin
58c6e7a6-c5e6-4e87-b3fc-c8730285cd02,first-party-document,0,0,"{""obverse"": ""shadow-era_shattered-fates_midnight-howl"", ""reverse"": ""shadow-era_card-back""}","{""name_printed"": ""Midnight Howl"", ""number"": ""111"", ""type"": ""Ability"", ""Class"": ""Wulven"", ""subtype"": ""Attachment"", ""cost"": ""1"", ""rule_text"": ""Attach to target friendly Wulven ally. That ally has haste. When Midnight Howl is summoned while that ally is not exhausted, it attacks a random opposing hero or ally if able and is then exhausted. At the end of your turn, that ally is returned to your hand if able."", ""item_dimensions"": ""{\u0022height\u0022: \u00223.5\u0022, \u0022width\u0022: \u00222.5\u0022, \u0022unit\u0022: \u0022inch\u0022}""}",d8327757-6eec-4e1a-b7dc-7fb962f9b10c,e54dfc76-db92-4f8d-a1cf-cdc337d4d1cc,Midnight Howl,Midnight Howl,"{""source_notes"": ""https://www.shadowera.com/cards.php""}",shadow-era_shattered-fates_midnight-howl
799e9cde-fe60-45b6-b494-f309fcfaf044,first-party-document,0,0,"{""obverse"": ""shadow-era_shattered-fates_bloodpack-shaman"", ""reverse"": ""shadow-era_card-back""}","{""name_printed"": ""Bloodpack Shaman"", ""number"": ""112"", ""type"": ""Ally"", ""Class"": ""Wulven"", ""subtype"": ""Wulven"", ""attack_type"": ""Claw"", ""cost"": ""2"", ""attack"": ""3"", ""hp"": ""1"", ""rule_text"": ""When Bloodpack Shaman is summoned, target Wulven ally in your graveyard except Bloodpack Shaman is returned to your hand."", ""item_dimensions"": ""{\u0022height\u0022: \u00223.5\u0022, \u0022width\u0022: \u00222.5\u0022, \u0022unit\u0022: \u0022inch\u0022}""}",d8327757-6eec-4e1a-b7dc-7fb962f9b10c,e54dfc76-db92-4f8d-a1cf-cdc337d4d1cc,Bloodpack Shaman,Bloodpack Shaman,"{""source_notes"": ""https://www.shadowera.com/cards.php""}",shadow-era_shattered-fates_bloodpack-shaman
d3ab1391-bc0a-4074-87a4-ae3fae2c6729,first-party-document,0,0,"{""obverse"": ""shadow-era_shattered-fates_death-from-above"", ""reverse"": ""shadow-era_card-back""}","{""name_printed"": ""Death from Above"", ""number"": ""113"", ""type"": ""Ability"", ""Class"": ""Wulven"", ""cost"": ""2"", ""rule_text"": ""Target friendly Wulven ally that is not disabled or frozen kills target opposing ally with cost 4 or less."", ""item_dimensions"": ""{\u0022height\u0022: \u00223.5\u0022, \u0022width\u0022: \u00222.5\u0022, \u0022unit\u0022: \u0022inch\u0022}""}",d8327757-6eec-4e1a-b7dc-7fb962f9b10c,e54dfc76-db92-4f8d-a1cf-cdc337d4d1cc,Death from Above,Death from Above,"{""source_notes"": ""https://www.shadowera.com/cards.php""}",shadow-era_shattered-fates_death-from-above
37757d63-a3bb-48b5-9635-68fb511d3473,first-party-document,0,0,"{""obverse"": ""shadow-era_shattered-fates_wulven-rally"", ""reverse"": ""shadow-era_card-back""}","{""name_printed"": ""Wulven Rally"", ""number"": ""114"", ""type"": ""Ability"", ""Class"": ""Wulven"", ""cost"": ""1"", ""rule_text"": ""Target Wulven ally in your graveyard is placed on top of your deck. Target Wulven ally in your graveyard is returned to your hand."", ""item_dimensions"": ""{\u0022height\u0022: \u00223.5\u0022, \u0022width\u0022: \u00222.5\u0022, \u0022unit\u0022: \u0022inch\u0022}""}",d8327757-6eec-4e1a-b7dc-7fb962f9b10c,e54dfc76-db92-4f8d-a1cf-cdc337d4d1cc,Wulven Rally,Wulven Rally,"{""source_notes"": ""https://www.shadowera.com/cards.php""}",shadow-era_shattered-fates_wulven-rally
9d431174-0ce5-49fd-82d5-857d3e9d65e4,first-party-document,0,0,"{""obverse"": ""shadow-era_shattered-fates_dreadclaw-totem"", ""reverse"": ""shadow-era_card-back""}","{""name_printed"": ""Dreadclaw Totem"", ""number"": ""115"", ""type"": ""Item"", ""Class"": ""Wulven"", ""subtype"": ""Artifact"", ""cost"": ""2"", ""rule_text"": ""When a friendly Wulven ally is killed, Dreadclaw Totem becomes a readied Wulven ally with 3 claw base attack, 3 health and ambush."", ""item_dimensions"": ""{\u0022height\u0022: \u00223.5\u0022, \u0022width\u0022: \u00222.5\u0022, \u0022unit\u0022: \u0022inch\u0022}""}",d8327757-6eec-4e1a-b7dc-7fb962f9b10c,e54dfc76-db92-4f8d-a1cf-cdc337d4d1cc,Dreadclaw Totem,Dreadclaw Totem,"{""source_notes"": ""https://www.shadowera.com/cards.php""}",shadow-era_shattered-fates_dreadclaw-totem
9f82a931-8abf-42d7-ba45-a1d9877844a2,first-party-document,0,0,"{""obverse"": ""shadow-era_shattered-fates_dread-wolf"", ""reverse"": ""shadow-era_card-back""}","{""name_printed"": ""Dread Wolf"", ""number"": ""116"", ""type"": ""Ally"", ""Class"": ""Wulven"", ""subtype"": ""Wulven"", ""attack_type"": ""Claw"", ""cost"": ""3"", ""attack"": ""1"", ""hp"": ""4"", ""rule_text"": ""Haste. When Dread Wolf deals combat damage, it gains +1 base attack."", ""item_dimensions"": ""{\u0022height\u0022: \u00223.5\u0022, \u0022width\u0022: \u00222.5\u0022, \u0022unit\u0022: \u0022inch\u0022}""}",d8327757-6eec-4e1a-b7dc-7fb962f9b10c,e54dfc76-db92-4f8d-a1cf-cdc337d4d1cc,Dread Wolf,Dread Wolf,"{""source_notes"": ""https://www.shadowera.com/cards.php""}",shadow-era_shattered-fates_dread-wolf
75db30a4-ee24-41d8-81da-6f4cf2ad7da5,first-party-document,0,0,"{""obverse"": ""shadow-era_shattered-fates_wulven-resilience"", ""reverse"": ""shadow-era_card-back""}","{""name_printed"": ""Wulven Resilience"", ""rarity"": ""U"", ""number"": ""117"", ""type"": ""Ability"", ""Class"": ""Wulven"", ""subtype"": ""Attachment"", ""cost"": ""4"", ""rule_text"": ""Attach to target friendly Wulven ally and remove all other attachments from it. That ally has +3 attack and all damage to it is reduced by 1."", ""item_dimensions"": ""{\u0022height\u0022: \u00223.5\u0022, \u0022width\u0022: \u00222.5\u0022, \u0022unit\u0022: \u0022inch\u0022}""}",d8327757-6eec-4e1a-b7dc-7fb962f9b10c,e54dfc76-db92-4f8d-a1cf-cdc337d4d1cc,Wulven Resilience,Wulven Resilience,"{""source_notes"": ""https://www.shadowera.com/cards.php""}",shadow-era_shattered-fates_wulven-resilience
5c459fe1-f76e-4cc6-a2f5-2bf19351cc28,first-party-document,0,0,"{""obverse"": ""shadow-era_shattered-fates_soothjaw"", ""reverse"": ""shadow-era_card-back""}","{""name_printed"": ""Soothjaw"", ""rarity"": ""U"", ""number"": ""118"", ""type"": ""Ally"", ""Class"": ""Wulven"", ""subtype"": ""Wulven"", ""attack_type"": ""Claw"", ""is_unique"": ""Unique"", ""cost"": ""4"", ""attack"": ""3"", ""hp"": ""5"", ""rule_text"": ""When a friendly Wulven ally is killed in combat, that ally is shuffled into its owner's deck and you draw a card."", ""item_dimensions"": ""{\u0022height\u0022: \u00223.5\u0022, \u0022width\u0022: \u00222.5\u0022, \u0022unit\u0022: \u0022inch\u0022}""}",d8327757-6eec-4e1a-b7dc-7fb962f9b10c,e54dfc76-db92-4f8d-a1cf-cdc337d4d1cc,Soothjaw,Soothjaw,"{""source_notes"": ""https://www.shadowera.com/cards.php""}",shadow-era_shattered-fates_soothjaw
3c3180a3-ffa1-4ccd-9c84-cbdd549606cd,first-party-document,0,0,"{""obverse"": ""shadow-era_shattered-fates_griptooth"", ""reverse"": ""shadow-era_card-back""}","{""name_printed"": ""Griptooth"", ""rarity"": ""U"", ""number"": ""119"", ""type"": ""Ally"", ""Class"": ""Wulven"", ""subtype"": ""Wulven"", ""attack_type"": ""Claw"", ""is_unique"": ""Unique"", ""cost"": ""5"", ""attack"": ""2"", ""hp"": ""6"", ""rule_text"": ""While every ally you control is a Wulven ally, Griptooth has protector."", ""item_dimensions"": ""{\u0022height\u0022: \u00223.5\u0022, \u0022width\u0022: \u00222.5\u0022, \u0022unit\u0022: \u0022inch\u0022}""}",d8327757-6eec-4e1a-b7dc-7fb962f9b10c,e54dfc76-db92-4f8d-a1cf-cdc337d4d1cc,Griptooth,Griptooth,"{""source_notes"": ""https://www.shadowera.com/cards.php""}",shadow-era_shattered-fates_griptooth
be6609ce-bd48-4771-9512-46a1546c7ddc,first-party-document,0,0,"{""obverse"": ""shadow-era_shattered-fates_riphide"", ""reverse"": ""shadow-era_card-back""}","{""name_printed"": ""Riphide"", ""rarity"": ""R"", ""number"": ""120"", ""type"": ""Ally"", ""Class"": ""Wulven"", ""subtype"": ""Wulven"", ""attack_type"": ""Claw"", ""is_unique"": ""Unique"", ""cost"": ""7"", ""attack"": ""5"", ""hp"": ""6"", ""rule_text"": ""When Riphide is summoned, it attacks the opposing ally with the lowest health if able."", ""item_dimensions"": ""{\u0022height\u0022: \u00223.5\u0022, \u0022width\u0022: \u00222.5\u0022, \u0022unit\u0022: \u0022inch\u0022}""}",d8327757-6eec-4e1a-b7dc-7fb962f9b10c,e54dfc76-db92-4f8d-a1cf-cdc337d4d1cc,Riphide,Riphide,"{""source_notes"": ""https://www.shadowera.com/cards.php""}",shadow-era_shattered-fates_riphide
8735c3e3-759f-4c60-bb92-9294739293c1,first-party-document,0,0,"{""obverse"": ""shadow-era_shattered-fates_shocking-grasp"", ""reverse"": ""shadow-era_card-back""}","{""name_printed"": ""Shocking Grasp"", ""number"": ""121"", ""type"": ""Ability"", ""Class"": ""Elemental"", ""subtype"": ""Attachment"", ""cost"": ""2"", ""rule_text"": ""Attach to target opposing ally. That ally loses all passive abilities and can't activate abilities. When Shocking Grasp is summoned, that ally takes 2 electrical damage."", ""item_dimensions"": ""{\u0022height\u0022: \u00223.5\u0022, \u0022width\u0022: \u00222.5\u0022, \u0022unit\u0022: \u0022inch\u0022}""}",d8327757-6eec-4e1a-b7dc-7fb962f9b10c,e54dfc76-db92-4f8d-a1cf-cdc337d4d1cc,Shocking Grasp,Shocking Grasp,"{""source_notes"": ""https://www.shadowera.com/cards.php""}",shadow-era_shattered-fates_shocking-grasp
d30ca86e-5078-476a-88ec-a97604dfd545,first-party-document,0,0,"{""obverse"": ""shadow-era_shattered-fates_redux-channel"", ""reverse"": ""shadow-era_card-back""}","{""name_printed"": ""Redux Channel"", ""number"": ""122"", ""type"": ""Ability"", ""Class"": ""Elemental"", ""cost"": ""3"", ""rule_text"": ""Target card in your hand is discarded: draw 2 cards and Redux Channel is exiled. When Redux Channel is discarded from your hand, draw a card."", ""item_dimensions"": ""{\u0022height\u0022: \u00223.5\u0022, \u0022width\u0022: \u00222.5\u0022, \u0022unit\u0022: \u0022inch\u0022}""}",d8327757-6eec-4e1a-b7dc-7fb962f9b10c,e54dfc76-db92-4f8d-a1cf-cdc337d4d1cc,Redux Channel,Redux Channel,"{""source_notes"": ""https://www.shadowera.com/cards.php""}",shadow-era_shattered-fates_redux-channel
582a924b-f2e1-40dc-904c-957adbdabd84,first-party-document,0,0,"{""obverse"": ""shadow-era_shattered-fates_reverberate"", ""reverse"": ""shadow-era_card-back""}","{""name_printed"": ""Reverberate"", ""number"": ""123"", ""type"": ""Ability"", ""Class"": ""Elemental"", ""subtype"": ""Support"", ""cost"": ""3"", ""rule_text"": ""Duration 3. At the end of each of your turns where at least one card was discarded from your deck, each opposing player discards 2 cards from their deck."", ""item_dimensions"": ""{\u0022height\u0022: \u00223.5\u0022, \u0022width\u0022: \u00222.5\u0022, \u0022unit\u0022: \u0022inch\u0022}""}",d8327757-6eec-4e1a-b7dc-7fb962f9b10c,e54dfc76-db92-4f8d-a1cf-cdc337d4d1cc,Reverberate,Reverberate,"{""source_notes"": ""https://www.shadowera.com/cards.php""}",shadow-era_shattered-fates_reverberate
351d5f49-f3d9-46ef-ae12-cc7f080ec64e,first-party-document,0,0,"{""obverse"": ""shadow-era_shattered-fates_energy-extraction"", ""reverse"": ""shadow-era_card-back""}","{""name_printed"": ""Energy Extraction"", ""number"": ""124"", ""type"": ""Ability"", ""Class"": ""Elemental"", ""cost"": ""2"", ""rule_text"": ""Target friendly ally is killed: Target opposing hero or ally takes damage equal to the cost of the killed ally, to a maximum of 5."", ""item_dimensions"": ""{\u0022height\u0022: \u00223.5\u0022, \u0022width\u0022: \u00222.5\u0022, \u0022unit\u0022: \u0022inch\u0022}""}",d8327757-6eec-4e1a-b7dc-7fb962f9b10c,e54dfc76-db92-4f8d-a1cf-cdc337d4d1cc,Energy Extraction,Energy Extraction,"{""source_notes"": ""https://www.shadowera.com/cards.php""}",shadow-era_shattered-fates_energy-extraction
64a1fe8e-bfee-4bac-a172-5fa627fa0920,first-party-document,0,0,"{""obverse"": ""shadow-era_shattered-fates_wave-collapse"", ""reverse"": ""shadow-era_card-back""}","{""name_printed"": ""Wave Collapse"", ""number"": ""125"", ""type"": ""Ability"", ""Class"": ""Elemental"", ""cost"": ""4"", ""rule_text"": ""Target opposing ally has its health and base attack reduced to 1. All players discard a card from their deck."", ""item_dimensions"": ""{\u0022height\u0022: \u00223.5\u0022, \u0022width\u0022: \u00222.5\u0022, \u0022unit\u0022: \u0022inch\u0022}""}",d8327757-6eec-4e1a-b7dc-7fb962f9b10c,e54dfc76-db92-4f8d-a1cf-cdc337d4d1cc,Wave Collapse,Wave Collapse,"{""source_notes"": ""https://www.shadowera.com/cards.php""}",shadow-era_shattered-fates_wave-collapse
db89ade9-ab47-4460-9fff-df021476be23,first-party-document,0,0,"{""obverse"": ""shadow-era_shattered-fates_stardust-extractor"", ""reverse"": ""shadow-era_card-back""}","{""name_printed"": ""Stardust Extractor"", ""number"": ""126"", ""type"": ""Ally"", ""Class"": ""Elemental"", ""attack_type"": ""Claw"", ""cost"": ""4"", ""attack"": ""2"", ""hp"": ""6"", ""rule_text"": ""Steadfast. 0SE: Stardust Extractor's health is reduced by 1 and you draw a card."", ""item_dimensions"": ""{\u0022height\u0022: \u00223.5\u0022, \u0022width\u0022: \u00222.5\u0022, \u0022unit\u0022: \u0022inch\u0022}""}",d8327757-6eec-4e1a-b7dc-7fb962f9b10c,e54dfc76-db92-4f8d-a1cf-cdc337d4d1cc,Stardust Extractor,Stardust Extractor,"{""source_notes"": ""https://www.shadowera.com/cards.php""}",shadow-era_shattered-fates_stardust-extractor
56ed9a32-d431-4728-88f7-a25a0d254299,first-party-document,0,0,"{""obverse"": ""shadow-era_shattered-fates_mimic"", ""reverse"": ""shadow-era_card-back""}","{""name_printed"": ""Mimic"", ""rarity"": ""U"", ""number"": ""127"", ""type"": ""Ability"", ""Class"": ""Elemental"", ""cost"": ""3"", ""rule_text"": ""Target ability in a graveyard except Mimic with cost 3 or less is summoned at no cost, and Mimic is exiled. If the summoned ability was not an attachment or support ability, it is also exiled."", ""item_dimensions"": ""{\u0022height\u0022: \u00223.5\u0022, \u0022width\u0022: \u00222.5\u0022, \u0022unit\u0022: \u0022inch\u0022}""}",d8327757-6eec-4e1a-b7dc-7fb962f9b10c,e54dfc76-db92-4f8d-a1cf-cdc337d4d1cc,Mimic,Mimic,"{""source_notes"": ""https://www.shadowera.com/cards.php""}",shadow-era_shattered-fates_mimic
edae80a7-7941-4ee8-a27f-cf489c66cd1f,first-party-document,0,0,"{""obverse"": ""shadow-era_shattered-fates_reactorary"", ""reverse"": ""shadow-era_card-back""}","{""name_printed"": ""Reactorary"", ""rarity"": ""U"", ""number"": ""128"", ""type"": ""Ally"", ""Class"": ""Elemental"", ""attack_type"": ""Claw"", ""cost"": ""3"", ""attack"": ""4"", ""hp"": ""3"", ""rule_text"": ""When Reactorary is discarded from anywhere, it enters play from its owner's graveyard with -1 base attack and -1 health."", ""item_dimensions"": ""{\u0022height\u0022: \u00223.5\u0022, \u0022width\u0022: \u00222.5\u0022, \u0022unit\u0022: \u0022inch\u0022}""}",d8327757-6eec-4e1a-b7dc-7fb962f9b10c,e54dfc76-db92-4f8d-a1cf-cdc337d4d1cc,Reactorary,Reactorary,"{""source_notes"": ""https://www.shadowera.com/cards.php""}",shadow-era_shattered-fates_reactorary
e3b17082-567e-4791-8209-65bc9241ebc6,first-party-document,0,0,"{""obverse"": ""shadow-era_shattered-fates_exaltation"", ""reverse"": ""shadow-era_card-back""}","{""name_printed"": ""Exaltation"", ""rarity"": ""U"", ""number"": ""129"", ""type"": ""Ability"", ""Class"": ""Elemental"", ""subtype"": ""Attachment"", ""cost"": ""5"", ""rule_text"": ""Attach to target friendly ally. That ally has +4 attack and +4 health, and its attachments can't be targeted by opposing players."", ""item_dimensions"": ""{\u0022height\u0022: \u00223.5\u0022, \u0022width\u0022: \u00222.5\u0022, \u0022unit\u0022: \u0022inch\u0022}""}",d8327757-6eec-4e1a-b7dc-7fb962f9b10c,e54dfc76-db92-4f8d-a1cf-cdc337d4d1cc,Exaltation,Exaltation,"{""source_notes"": ""https://www.shadowera.com/cards.php""}",shadow-era_shattered-fates_exaltation
3adf174f-fa21-418f-90a8-263a254c8649,first-party-document,0,0,"{""obverse"": ""shadow-era_shattered-fates_stardust-ampliflyer"", ""reverse"": ""shadow-era_card-back""}","{""name_printed"": ""Stardust Ampliflyer"", ""rarity"": ""R"", ""number"": ""130"", ""type"": ""Ally"", ""Class"": ""Elemental"", ""attack_type"": ""Claw"", ""is_unique"": ""Unique"", ""cost"": ""5"", ""attack"": ""3"", ""hp"": ""6"", ""rule_text"": ""Steadfast. When Stardust Ampliflyer gains base attack, all other friendly allies gain +1 base attack. When Stardust Ampliflyer gains health, all other friendly allies gain +1 health."", ""item_dimensions"": ""{\u0022height\u0022: \u00223.5\u0022, \u0022width\u0022: \u00222.5\u0022, \u0022unit\u0022: \u0022inch\u0022}""}",d8327757-6eec-4e1a-b7dc-7fb962f9b10c,e54dfc76-db92-4f8d-a1cf-cdc337d4d1cc,Stardust Ampliflyer,Stardust Ampliflyer,"{""source_notes"": ""https://www.shadowera.com/cards.php""}",shadow-era_shattered-fates_stardust-ampliflyer
d5a54457-d9e3-410b-8320-4093386851dd,first-party-document,0,0,"{""obverse"": ""shadow-era_shattered-fates_final-flourish"", ""reverse"": ""shadow-era_card-back""}","{""name_printed"": ""Final Flourish"", ""number"": ""131"", ""type"": ""Ability"", ""Faction"": ""Human"", ""cost"": ""1"", ""rule_text"": ""Target friendly ally is killed: target opposing ally takes 4 damage."", ""item_dimensions"": ""{\u0022height\u0022: \u00223.5\u0022, \u0022width\u0022: \u00222.5\u0022, \u0022unit\u0022: \u0022inch\u0022}""}",d8327757-6eec-4e1a-b7dc-7fb962f9b10c,e54dfc76-db92-4f8d-a1cf-cdc337d4d1cc,Final Flourish,Final Flourish,"{""source_notes"": ""https://www.shadowera.com/cards.php""}",shadow-era_shattered-fates_final-flourish
7b70478b-2a52-4adc-88e9-74238fc618a9,first-party-document,0,0,"{""obverse"": ""shadow-era_shattered-fates_strength-of-conviction"", ""reverse"": ""shadow-era_card-back""}","{""name_printed"": ""Strength of Conviction"", ""number"": ""132"", ""type"": ""Ability"", ""Faction"": ""Human"", ""subtype"": ""Attachment"", ""cost"": ""1"", ""rule_text"": ""Attach to target friendly ally. That ally has +1 attack, or +2 attack if it is a Templar or Twilight ally."", ""item_dimensions"": ""{\u0022height\u0022: \u00223.5\u0022, \u0022width\u0022: \u00222.5\u0022, \u0022unit\u0022: \u0022inch\u0022}""}",d8327757-6eec-4e1a-b7dc-7fb962f9b10c,e54dfc76-db92-4f8d-a1cf-cdc337d4d1cc,Strength of Conviction,Strength of Conviction,"{""source_notes"": ""https://www.shadowera.com/cards.php""}",shadow-era_shattered-fates_strength-of-conviction
8fce9091-a84d-49a3-a0cc-46dfa7dca9da,first-party-document,0,0,"{""obverse"": ""shadow-era_shattered-fates_twilight-eidolon"", ""reverse"": ""shadow-era_card-back""}","{""name_printed"": ""Twilight Eidolon"", ""number"": ""133"", ""type"": ""Item"", ""Faction"": ""Human"", ""subtype"": ""Artifact"", ""cost"": ""2"", ""rule_text"": ""When a friendly Twilight ally is killed, that ally is returned to play and Twilight Eidolon is destroyed. 0: Draw a card if you control 2 or more Twilight allies."", ""item_dimensions"": ""{\u0022height\u0022: \u00223.5\u0022, \u0022width\u0022: \u00222.5\u0022, \u0022unit\u0022: \u0022inch\u0022}""}",d8327757-6eec-4e1a-b7dc-7fb962f9b10c,e54dfc76-db92-4f8d-a1cf-cdc337d4d1cc,Twilight Eidolon,Twilight Eidolon,"{""source_notes"": ""https://www.shadowera.com/cards.php""}",shadow-era_shattered-fates_twilight-eidolon
deff3b2c-6685-4f7a-a071-dff7e916558e,first-party-document,0,0,"{""obverse"": ""shadow-era_shattered-fates_scriptures-of-the-righteous"", ""reverse"": ""shadow-era_card-back""}","{""name_printed"": ""Scriptures of the Righteous"", ""number"": ""134"", ""type"": ""Item"", ""Faction"": ""Human"", ""subtype"": ""Artifact"", ""cost"": ""2"", ""hp"": ""3"", ""rule_text"": ""1D: If an opposing hero or ally was dealt arcane damage this turn, draw a card."", ""item_dimensions"": ""{\u0022height\u0022: \u00223.5\u0022, \u0022width\u0022: \u00222.5\u0022, \u0022unit\u0022: \u0022inch\u0022}""}",d8327757-6eec-4e1a-b7dc-7fb962f9b10c,e54dfc76-db92-4f8d-a1cf-cdc337d4d1cc,Scriptures of the Righteous,Scriptures of the Righteous,"{""source_notes"": ""https://www.shadowera.com/cards.php""}",shadow-era_shattered-fates_scriptures-of-the-righteous
3c61f6a0-6715-4ecb-895e-5d2654545999,first-party-document,0,0,"{""obverse"": ""shadow-era_shattered-fates_saymeht's-retribution"", ""reverse"": ""shadow-era_card-back""}","{""name_printed"": ""Saymeht's Retribution"", ""number"": ""135"", ""type"": ""Ability"", ""Faction"": ""Human"", ""cost"": ""3"", ""rule_text"": ""Target artifact or support ability is destroyed."", ""item_dimensions"": ""{\u0022height\u0022: \u00223.5\u0022, \u0022width\u0022: \u00222.5\u0022, \u0022unit\u0022: \u0022inch\u0022}""}",d8327757-6eec-4e1a-b7dc-7fb962f9b10c,e54dfc76-db92-4f8d-a1cf-cdc337d4d1cc,Saymeht's Retribution,Saymeht's Retribution,"{""source_notes"": ""https://www.shadowera.com/cards.php""}",shadow-era_shattered-fates_saymeht's-retribution
896cb59a-7ffa-4b30-b0c0-b9c124cfcd5d,first-party-document,0,0,"{""obverse"": ""shadow-era_shattered-fates_the-bigger-they-are"", ""reverse"": ""shadow-era_card-back""}","{""name_printed"": ""The Bigger They Are"", ""number"": ""136"", ""type"": ""Ability"", ""Faction"": ""Human"", ""cost"": ""4"", ""rule_text"": ""If you control at least one ally, the ally with the highest health is killed."", ""item_dimensions"": ""{\u0022height\u0022: \u00223.5\u0022, \u0022width\u0022: \u00222.5\u0022, \u0022unit\u0022: \u0022inch\u0022}""}",d8327757-6eec-4e1a-b7dc-7fb962f9b10c,e54dfc76-db92-4f8d-a1cf-cdc337d4d1cc,The Bigger They Are,The Bigger They Are,"{""source_notes"": ""https://www.shadowera.com/cards.php""}",shadow-era_shattered-fates_the-bigger-they-are
b9380cfb-a018-49fc-a03e-b4b0b91ad92f,first-party-document,0,0,"{""obverse"": ""shadow-era_shattered-fates_road-less-traveled"", ""reverse"": ""shadow-era_card-back""}","{""name_printed"": ""Road Less Traveled"", ""rarity"": ""U"", ""number"": ""137"", ""type"": ""Ability"", ""Faction"": ""Human"", ""cost"": ""3"", ""rule_text"": ""Target ally is returned to its owner's hand: that ally's owner draws 2 cards."", ""item_dimensions"": ""{\u0022height\u0022: \u00223.5\u0022, \u0022width\u0022: \u00222.5\u0022, \u0022unit\u0022: \u0022inch\u0022}""}",d8327757-6eec-4e1a-b7dc-7fb962f9b10c,e54dfc76-db92-4f8d-a1cf-cdc337d4d1cc,Road Less Traveled,Road Less Traveled,"{""source_notes"": ""https://www.shadowera.com/cards.php""}",shadow-era_shattered-fates_road-less-traveled
cbae9e36-c113-49f6-be63-322abf3c198f,first-party-document,0,0,"{""obverse"": ""shadow-era_shattered-fates_live-together,-die-alone"", ""reverse"": ""shadow-era_card-back""}","{""name_printed"": ""Live Together, Die Alone"", ""rarity"": ""U"", ""number"": ""138"", ""type"": ""Ability"", ""Faction"": ""Human"", ""subtype"": ""Attachment"", ""cost"": ""4"", ""rule_text"": ""Attach to your hero. At the start of each of your turns, your hero heals 1 damage if there is at least 1 friendly ally in play."", ""item_dimensions"": ""{\u0022height\u0022: \u00223.5\u0022, \u0022width\u0022: \u00222.5\u0022, \u0022unit\u0022: \u0022inch\u0022}""}",d8327757-6eec-4e1a-b7dc-7fb962f9b10c,e54dfc76-db92-4f8d-a1cf-cdc337d4d1cc,"Live Together, Die Alone","Live Together, Die Alone","{""source_notes"": ""https://www.shadowera.com/cards.php""}","shadow-era_shattered-fates_live-together,-die-alone"
bbd6457d-0749-42a0-b9f4-1185ba323a68,first-party-document,0,0,"{""obverse"": ""shadow-era_shattered-fates_the-last-harvest"", ""reverse"": ""shadow-era_card-back""}","{""name_printed"": ""The Last Harvest"", ""rarity"": ""U"", ""number"": ""139"", ""type"": ""Item"", ""Faction"": ""Human"", ""subtype"": ""Artifact"", ""cost"": ""1"", ""hp"": ""3"", ""rule_text"": ""3: All friendly allies gain +1 base attack and +1 health. The Last Harvest loses 1 durability."", ""item_dimensions"": ""{\u0022height\u0022: \u00223.5\u0022, \u0022width\u0022: \u00222.5\u0022, \u0022unit\u0022: \u0022inch\u0022}""}",d8327757-6eec-4e1a-b7dc-7fb962f9b10c,e54dfc76-db92-4f8d-a1cf-cdc337d4d1cc,The Last Harvest,The Last Harvest,"{""source_notes"": ""https://www.shadowera.com/cards.php""}",shadow-era_shattered-fates_the-last-harvest
db5950f1-7e5d-48ba-8ffc-2d2992907ce0,first-party-document,0,0,"{""obverse"": ""shadow-era_shattered-fates_glimmer-of-hope"", ""reverse"": ""shadow-era_card-back""}","{""name_printed"": ""Glimmer of Hope"", ""rarity"": ""R"", ""number"": ""140"", ""type"": ""Ability"", ""Faction"": ""Human"", ""cost"": ""2"", ""rule_text"": ""Draw 3 cards and discard 2 of them."", ""item_dimensions"": ""{\u0022height\u0022: \u00223.5\u0022, \u0022width\u0022: \u00222.5\u0022, \u0022unit\u0022: \u0022inch\u0022}""}",d8327757-6eec-4e1a-b7dc-7fb962f9b10c,e54dfc76-db92-4f8d-a1cf-cdc337d4d1cc,Glimmer of Hope,Glimmer of Hope,"{""source_notes"": ""https://www.shadowera.com/cards.php""}",shadow-era_shattered-fates_glimmer-of-hope
058c671d-c055-4b82-8dd5-e55fbf41ffa2,first-party-document,0,0,"{""obverse"": ""shadow-era_shattered-fates_grave-resistance"", ""reverse"": ""shadow-era_card-back""}","{""name_printed"": ""Grave Resistance"", ""number"": ""141"", ""type"": ""Ability"", ""Faction"": ""Shadow"", ""subtype"": ""Support"", ""cost"": ""0"", ""rule_text"": ""Sustain: 1HP. Duration 3. All damage to friendly Undead allies is reduced by 1."", ""item_dimensions"": ""{\u0022height\u0022: \u00223.5\u0022, \u0022width\u0022: \u00222.5\u0022, \u0022unit\u0022: \u0022inch\u0022}""}",d8327757-6eec-4e1a-b7dc-7fb962f9b10c,e54dfc76-db92-4f8d-a1cf-cdc337d4d1cc,Grave Resistance,Grave Resistance,"{""source_notes"": ""https://www.shadowera.com/cards.php""}",shadow-era_shattered-fates_grave-resistance
2d95cc89-87cc-4c73-8ddd-b0c24976c085,first-party-document,0,0,"{""obverse"": ""shadow-era_shattered-fates_thriss-assault-plinth"", ""reverse"": ""shadow-era_card-back""}","{""name_printed"": ""Thriss Assault Plinth"", ""number"": ""142"", ""type"": ""Item"", ""Faction"": ""Shadow"", ""subtype"": ""Artifact"", ""cost"": ""3"", ""rule_text"": ""Sustain: 1cc. Friendly Ravager allies have +2 attack. When Thriss Assault Plinth is destroyed, all opposing allies take 2 damage."", ""item_dimensions"": ""{\u0022height\u0022: \u00223.5\u0022, \u0022width\u0022: \u00222.5\u0022, \u0022unit\u0022: \u0022inch\u0022}""}",d8327757-6eec-4e1a-b7dc-7fb962f9b10c,e54dfc76-db92-4f8d-a1cf-cdc337d4d1cc,Thriss Assault Plinth,Thriss Assault Plinth,"{""source_notes"": ""https://www.shadowera.com/cards.php""}",shadow-era_shattered-fates_thriss-assault-plinth
d9f31207-fafc-40cb-9f77-27360c53dd42,first-party-document,0,0,"{""obverse"": ""shadow-era_shattered-fates_despair"", ""reverse"": ""shadow-era_card-back""}","{""name_printed"": ""Despair"", ""number"": ""143"", ""type"": ""Ability"", ""Faction"": ""Shadow"", ""subtype"": ""Attachment"", ""cost"": ""3"", ""rule_text"": ""Attach to target hero or ally and it takes 2 damage. When that hero or ally heals damage, it takes 1 damage."", ""item_dimensions"": ""{\u0022height\u0022: \u00223.5\u0022, \u0022width\u0022: \u00222.5\u0022, \u0022unit\u0022: \u0022inch\u0022}""}",d8327757-6eec-4e1a-b7dc-7fb962f9b10c,e54dfc76-db92-4f8d-a1cf-cdc337d4d1cc,Despair,Despair,"{""source_notes"": ""https://www.shadowera.com/cards.php""}",shadow-era_shattered-fates_despair
ba5f0a87-4b2d-4084-a98f-fc5c55ae414b,first-party-document,0,0,"{""obverse"": ""shadow-era_shattered-fates_tombstone-beacon"", ""reverse"": ""shadow-era_card-back""}","{""name_printed"": ""Tombstone Beacon"", ""number"": ""144"", ""type"": ""Item"", ""Faction"": ""Shadow"", ""subtype"": ""Artifact"", ""cost"": ""3"", ""hp"": ""3"", ""rule_text"": ""1D: If an Undead ally entered play this turn under your control, 1 of your resources is renewed and you draw a card."", ""item_dimensions"": ""{\u0022height\u0022: \u00223.5\u0022, \u0022width\u0022: \u00222.5\u0022, \u0022unit\u0022: \u0022inch\u0022}""}",d8327757-6eec-4e1a-b7dc-7fb962f9b10c,e54dfc76-db92-4f8d-a1cf-cdc337d4d1cc,Tombstone Beacon,Tombstone Beacon,"{""source_notes"": ""https://www.shadowera.com/cards.php""}",shadow-era_shattered-fates_tombstone-beacon
f6f3346e-40ae-4ca4-bd3e-75661721ebc6,first-party-document,0,0,"{""obverse"": ""shadow-era_shattered-fates_shriek-of-revulsion"", ""reverse"": ""shadow-era_card-back""}","{""name_printed"": ""Shriek of Revulsion"", ""number"": ""145"", ""type"": ""Ability"", ""Faction"": ""Shadow"", ""cost"": ""3"", ""rule_text"": ""Target attachment or support ability is destroyed."", ""item_dimensions"": ""{\u0022height\u0022: \u00223.5\u0022, \u0022width\u0022: \u00222.5\u0022, \u0022unit\u0022: \u0022inch\u0022}""}",d8327757-6eec-4e1a-b7dc-7fb962f9b10c,e54dfc76-db92-4f8d-a1cf-cdc337d4d1cc,Shriek of Revulsion,Shriek of Revulsion,"{""source_notes"": ""https://www.shadowera.com/cards.php""}",shadow-era_shattered-fates_shriek-of-revulsion
cb7c29b5-0402-49aa-b5b3-4fbca2b49789,first-party-document,0,0,"{""obverse"": ""shadow-era_shattered-fates_the-harder-they-fall"", ""reverse"": ""shadow-era_card-back""}","{""name_printed"": ""The Harder They Fall"", ""number"": ""146"", ""type"": ""Ability"", ""Faction"": ""Shadow"", ""cost"": ""4"", ""rule_text"": ""If you control at least one ally, the ally with the highest attack is killed."", ""item_dimensions"": ""{\u0022height\u0022: \u00223.5\u0022, \u0022width\u0022: \u00222.5\u0022, \u0022unit\u0022: \u0022inch\u0022}""}",d8327757-6eec-4e1a-b7dc-7fb962f9b10c,e54dfc76-db92-4f8d-a1cf-cdc337d4d1cc,The Harder They Fall,The Harder They Fall,"{""source_notes"": ""https://www.shadowera.com/cards.php""}",shadow-era_shattered-fates_the-harder-they-fall
dbff1cbc-b48a-456f-bf46-e452246d52e9,first-party-document,0,0,"{""obverse"": ""shadow-era_shattered-fates_mark-of-the-feared"", ""reverse"": ""shadow-era_card-back""}","{""name_printed"": ""Mark of the Feared"", ""rarity"": ""U"", ""number"": ""147"", ""type"": ""Ability"", ""Faction"": ""Shadow"", ""subtype"": ""Attachment"", ""cost"": ""3"", ""rule_text"": ""Attach to target ally. That ally has +3 attack and -3 health."", ""item_dimensions"": ""{\u0022height\u0022: \u00223.5\u0022, \u0022width\u0022: \u00222.5\u0022, \u0022unit\u0022: \u0022inch\u0022}""}",d8327757-6eec-4e1a-b7dc-7fb962f9b10c,e54dfc76-db92-4f8d-a1cf-cdc337d4d1cc,Mark of the Feared,Mark of the Feared,"{""source_notes"": ""https://www.shadowera.com/cards.php""}",shadow-era_shattered-fates_mark-of-the-feared
74001a60-5bca-49cd-9191-556e7d32d6f4,first-party-document,0,0,"{""obverse"": ""shadow-era_shattered-fates_obelisk-of-echoes"", ""reverse"": ""shadow-era_card-back""}","{""name_printed"": ""Obelisk of Echoes"", ""rarity"": ""U"", ""number"": ""148"", ""type"": ""Item"", ""Faction"": ""Shadow"", ""subtype"": ""Artifact"", ""cost"": ""1"", ""hp"": ""2"", ""rule_text"": ""Sustain: 1cc. 1D: If an opposing ally was killed by a friendly Ravager ally this turn, target item or ability is destroyed."", ""item_dimensions"": ""{\u0022height\u0022: \u00223.5\u0022, \u0022width\u0022: \u00222.5\u0022, \u0022unit\u0022: \u0022inch\u0022}""}",d8327757-6eec-4e1a-b7dc-7fb962f9b10c,e54dfc76-db92-4f8d-a1cf-cdc337d4d1cc,Obelisk of Echoes,Obelisk of Echoes,"{""source_notes"": ""https://www.shadowera.com/cards.php""}",shadow-era_shattered-fates_obelisk-of-echoes
960ef5f1-c28c-4f69-a31a-2a5a099d641e,first-party-document,0,0,"{""obverse"": ""shadow-era_shattered-fates_meat-wagon"", ""reverse"": ""shadow-era_card-back""}","{""name_printed"": ""Meat Wagon"", ""rarity"": ""U"", ""number"": ""149"", ""type"": ""Item"", ""Faction"": ""Shadow"", ""subtype"": ""Artifact"", ""cost"": ""3"", ""rule_text"": ""The top card of your deck is viewable to all players. While that card is an ally, friendly allies have +1 attack and +1 health."", ""item_dimensions"": ""{\u0022height\u0022: \u00223.5\u0022, \u0022width\u0022: \u00222.5\u0022, \u0022unit\u0022: \u0022inch\u0022}""}",d8327757-6eec-4e1a-b7dc-7fb962f9b10c,e54dfc76-db92-4f8d-a1cf-cdc337d4d1cc,Meat Wagon,Meat Wagon,"{""source_notes"": ""https://www.shadowera.com/cards.php""}",shadow-era_shattered-fates_meat-wagon
0f2ba980-3a97-4146-a5b0-01054a5b1119,first-party-document,0,0,"{""obverse"": ""shadow-era_shattered-fates_all-hope-is-lost"", ""reverse"": ""shadow-era_card-back""}","{""name_printed"": ""All Hope is Lost"", ""rarity"": ""R"", ""number"": ""150"", ""type"": ""Ability"", ""Faction"": ""Shadow"", ""cost"": ""1"", ""rule_text"": ""Target opposing hero takes 5 unpreventable damage if its controller's deck is empty. Draw a card and then place All Hope is Lost on the bottom of its owner's deck."", ""item_dimensions"": ""{\u0022height\u0022: \u00223.5\u0022, \u0022width\u0022: \u00222.5\u0022, \u0022unit\u0022: \u0022inch\u0022}""}",d8327757-6eec-4e1a-b7dc-7fb962f9b10c,e54dfc76-db92-4f8d-a1cf-cdc337d4d1cc,All Hope is Lost,All Hope is Lost,"{""source_notes"": ""https://www.shadowera.com/cards.php""}",shadow-era_shattered-fates_all-hope-is-lost
e0bcf247-8bb5-48a8-a263-504e838a9553,first-party-document,0,0,"{""obverse"": ""shadow-era_shattered-fates_loom-of-fate"", ""reverse"": ""shadow-era_card-back""}","{""name_printed"": ""Loom of Fate"", ""number"": ""151"", ""type"": ""Item"", ""Faction"": ""Neutral"", ""subtype"": ""Artifact"", ""cost"": ""2"", ""hp"": ""3"", ""rule_text"": ""1D: All players draw a card."", ""item_dimensions"": ""{\u0022height\u0022: \u00223.5\u0022, \u0022width\u0022: \u00222.5\u0022, \u0022unit\u0022: \u0022inch\u0022}""}",d8327757-6eec-4e1a-b7dc-7fb962f9b10c,e54dfc76-db92-4f8d-a1cf-cdc337d4d1cc,Loom of Fate,Loom of Fate,"{""source_notes"": ""https://www.shadowera.com/cards.php""}",shadow-era_shattered-fates_loom-of-fate
ad3a83d2-10d9-4b46-9acf-df6f947a00a0,first-party-document,0,0,"{""obverse"": ""shadow-era_shattered-fates_crystal-shards"", ""reverse"": ""shadow-era_card-back""}","{""name_printed"": ""Crystal Shards"", ""number"": ""152"", ""type"": ""Item"", ""Faction"": ""Neutral"", ""subtype"": ""Artifact"", ""cost"": ""2"", ""hp"": ""4"", ""rule_text"": ""Any player may activate the following ability on their turn: 1D: Discard a card from your deck and draw a card."", ""item_dimensions"": ""{\u0022height\u0022: \u00223.5\u0022, \u0022width\u0022: \u00222.5\u0022, \u0022unit\u0022: \u0022inch\u0022}""}",d8327757-6eec-4e1a-b7dc-7fb962f9b10c,e54dfc76-db92-4f8d-a1cf-cdc337d4d1cc,Crystal Shards,Crystal Shards,"{""source_notes"": ""https://www.shadowera.com/cards.php""}",shadow-era_shattered-fates_crystal-shards
fc214f10-d7e1-4db6-bee8-8d8791cdde49,first-party-document,0,0,"{""obverse"": ""shadow-era_shattered-fates_curse-of-the-aldmor"", ""reverse"": ""shadow-era_card-back""}","{""name_printed"": ""Curse of the Aldmor"", ""number"": ""153"", ""type"": ""Ability"", ""Faction"": ""Neutral"", ""subtype"": ""Attachment"", ""cost"": ""2"", ""rule_text"": ""Attach to target ally. That ally has Sustain: 1SE, and its controller's hero can't heal damage."", ""item_dimensions"": ""{\u0022height\u0022: \u00223.5\u0022, \u0022width\u0022: \u00222.5\u0022, \u0022unit\u0022: \u0022inch\u0022}""}",d8327757-6eec-4e1a-b7dc-7fb962f9b10c,e54dfc76-db92-4f8d-a1cf-cdc337d4d1cc,Curse of the Aldmor,Curse of the Aldmor,"{""source_notes"": ""https://www.shadowera.com/cards.php""}",shadow-era_shattered-fates_curse-of-the-aldmor
1e87d84c-d519-49f6-8369-e01148bbd9fd,first-party-document,0,0,"{""obverse"": ""shadow-era_shattered-fates_vision-of-endia"", ""reverse"": ""shadow-era_card-back""}","{""name_printed"": ""Vision of Endia"", ""number"": ""154"", ""type"": ""Ability"", ""Faction"": ""Neutral"", ""subtype"": ""Attachment"", ""cost"": ""3"", ""rule_text"": ""Attach to target opposing ally. Damage to that ally can't be reduced or prevented, and all damage to that ally is doubled."", ""item_dimensions"": ""{\u0022height\u0022: \u00223.5\u0022, \u0022width\u0022: \u00222.5\u0022, \u0022unit\u0022: \u0022inch\u0022}""}",d8327757-6eec-4e1a-b7dc-7fb962f9b10c,e54dfc76-db92-4f8d-a1cf-cdc337d4d1cc,Vision of Endia,Vision of Endia,"{""source_notes"": ""https://www.shadowera.com/cards.php""}",shadow-era_shattered-fates_vision-of-endia
a5b246cc-e9ac-4a23-8ebb-28926a43efb3,first-party-document,0,0,"{""obverse"": ""shadow-era_shattered-fates_overwhelm"", ""reverse"": ""shadow-era_card-back""}","{""name_printed"": ""Overwhelm"", ""number"": ""155"", ""type"": ""Ability"", ""Faction"": ""Neutral"", ""cost"": ""5"", ""rule_text"": ""All opposing heroes and allies take X damage, where X is the number of allies you control. Draw a card."", ""item_dimensions"": ""{\u0022height\u0022: \u00223.5\u0022, \u0022width\u0022: \u00222.5\u0022, \u0022unit\u0022: \u0022inch\u0022}""}",d8327757-6eec-4e1a-b7dc-7fb962f9b10c,e54dfc76-db92-4f8d-a1cf-cdc337d4d1cc,Overwhelm,Overwhelm,"{""source_notes"": ""https://www.shadowera.com/cards.php""}",shadow-era_shattered-fates_overwhelm
3c53cc00-6091-45a8-8c4f-a46bc2506870,first-party-document,0,0,"{""obverse"": ""shadow-era_shattered-fates_dawn-raid"", ""reverse"": ""shadow-era_card-back""}","{""name_printed"": ""Dawn Raid"", ""number"": ""156"", ""type"": ""Ability"", ""Faction"": ""Neutral"", ""cost"": ""5"", ""rule_text"": ""Up to 2 target items with cost 4 or less are destroyed."", ""item_dimensions"": ""{\u0022height\u0022: \u00223.5\u0022, \u0022width\u0022: \u00222.5\u0022, \u0022unit\u0022: \u0022inch\u0022}""}",d8327757-6eec-4e1a-b7dc-7fb962f9b10c,e54dfc76-db92-4f8d-a1cf-cdc337d4d1cc,Dawn Raid,Dawn Raid,"{""source_notes"": ""https://www.shadowera.com/cards.php""}",shadow-era_shattered-fates_dawn-raid
2f28a188-f3d1-40bf-902a-37e0a7b106c0,first-party-document,0,0,"{""obverse"": ""shadow-era_shattered-fates_will-to-fight"", ""reverse"": ""shadow-era_card-back""}","{""name_printed"": ""Will to Fight"", ""rarity"": ""U"", ""number"": ""157"", ""type"": ""Ability"", ""Faction"": ""Neutral"", ""subtype"": ""Attachment"", ""cost"": ""3"", ""rule_text"": ""Attach to target friendly ally until the end of your turn. That ally has haste."", ""item_dimensions"": ""{\u0022height\u0022: \u00223.5\u0022, \u0022width\u0022: \u00222.5\u0022, \u0022unit\u0022: \u0022inch\u0022}""}",d8327757-6eec-4e1a-b7dc-7fb962f9b10c,e54dfc76-db92-4f8d-a1cf-cdc337d4d1cc,Will to Fight,Will to Fight,"{""source_notes"": ""https://www.shadowera.com/cards.php""}",shadow-era_shattered-fates_will-to-fight
72a308f3-595c-44bb-ae53-a38af539d0f8,first-party-document,0,0,"{""obverse"": ""shadow-era_shattered-fates_widespread-decay"", ""reverse"": ""shadow-era_card-back""}","{""name_printed"": ""Widespread Decay"", ""rarity"": ""U"", ""number"": ""158"", ""type"": ""Ability"", ""Faction"": ""Neutral"", ""cost"": ""5"", ""rule_text"": ""All items with durability lose 2 durability. All items without durability are destroyed."", ""item_dimensions"": ""{\u0022height\u0022: \u00223.5\u0022, \u0022width\u0022: \u00222.5\u0022, \u0022unit\u0022: \u0022inch\u0022}""}",d8327757-6eec-4e1a-b7dc-7fb962f9b10c,e54dfc76-db92-4f8d-a1cf-cdc337d4d1cc,Widespread Decay,Widespread Decay,"{""source_notes"": ""https://www.shadowera.com/cards.php""}",shadow-era_shattered-fates_widespread-decay
8161bded-e9d0-4da8-8de1-faecef6f400c,first-party-document,0,0,"{""obverse"": ""shadow-era_shattered-fates_aldmor-accelerator"", ""reverse"": ""shadow-era_card-back""}","{""name_printed"": ""Aldmor Accelerator"", ""rarity"": ""R"", ""number"": ""159"", ""type"": ""Item"", ""Faction"": ""Neutral"", ""subtype"": ""Artifact"", ""cost"": ""4"", ""hp"": ""4"", ""rule_text"": ""1D: Target hero takes 1 damage and gains +1 shadow energy."", ""item_dimensions"": ""{\u0022height\u0022: \u00223.5\u0022, \u0022width\u0022: \u00222.5\u0022, \u0022unit\u0022: \u0022inch\u0022}""}",d8327757-6eec-4e1a-b7dc-7fb962f9b10c,e54dfc76-db92-4f8d-a1cf-cdc337d4d1cc,Aldmor Accelerator,Aldmor Accelerator,"{""source_notes"": ""https://www.shadowera.com/cards.php""}",shadow-era_shattered-fates_aldmor-accelerator
394b330e-b4dd-455b-93d2-faed171ea5ee,first-party-document,0,0,"{""obverse"": ""shadow-era_shattered-fates_confluence-of-fate"", ""reverse"": ""shadow-era_card-back""}","{""name_printed"": ""Confluence of Fate"", ""rarity"": ""R"", ""number"": ""160"", ""type"": ""Ability"", ""Faction"": ""Neutral"", ""subtype"": ""Attachment"", ""cost"": ""4"", ""rule_text"": ""Attach to your hero. At the end of each of your turns, draw a card for each attachment you summoned that turn, to a maximum of 2 cards per turn."", ""item_dimensions"": ""{\u0022height\u0022: \u00223.5\u0022, \u0022width\u0022: \u00222.5\u0022, \u0022unit\u0022: \u0022inch\u0022}""}",d8327757-6eec-4e1a-b7dc-7fb962f9b10c,e54dfc76-db92-4f8d-a1cf-cdc337d4d1cc,Confluence of Fate,Confluence of Fate,"{""source_notes"": ""https://www.shadowera.com/cards.php""}",shadow-era_shattered-fates_confluence-of-fate
d4d13f58-d048-4896-9f8d-769a60a5555c,first-party-document,0,0,"{""obverse"": ""shadow-era_shattered-fates_startleshell-vest"", ""reverse"": ""shadow-era_card-back""}","{""name_printed"": ""Startleshell Vest"", ""number"": ""161"", ""type"": ""Item"", ""Faction"": ""Neutral"", ""subtype"": ""Armor"", ""cost"": ""2"", ""attack"": ""2"", ""hp"": ""1"", ""rule_text"": ""While your hero has been dealt damage this turn, Startleshell Vest has +2 defense. 1D: Target ally takes X damage, where X is Startleshell Vest's defense."", ""item_dimensions"": ""{\u0022height\u0022: \u00223.5\u0022, \u0022width\u0022: \u00222.5\u0022, \u0022unit\u0022: \u0022inch\u0022}""}",d8327757-6eec-4e1a-b7dc-7fb962f9b10c,e54dfc76-db92-4f8d-a1cf-cdc337d4d1cc,Startleshell Vest,Startleshell Vest,"{""source_notes"": ""https://www.shadowera.com/cards.php""}",shadow-era_shattered-fates_startleshell-vest
f767013e-04bf-4f1b-be2c-2ac98747e23d,first-party-document,0,0,"{""obverse"": ""shadow-era_shattered-fates_platinum-chainmail"", ""reverse"": ""shadow-era_card-back""}","{""name_printed"": ""Platinum Chainmail"", ""number"": ""162"", ""type"": ""Item"", ""Faction"": ""Neutral"", ""subtype"": ""Armor"", ""cost"": ""2"", ""attack"": ""2"", ""hp"": ""1"", ""rule_text"": ""Friendly allies have +1 attack while in combat with allies with cost 3 or less. Platinum Chainmail doesn't lose durability in combat with allies with cost 3 or less."", ""item_dimensions"": ""{\u0022height\u0022: \u00223.5\u0022, \u0022width\u0022: \u00222.5\u0022, \u0022unit\u0022: \u0022inch\u0022}""}",d8327757-6eec-4e1a-b7dc-7fb962f9b10c,e54dfc76-db92-4f8d-a1cf-cdc337d4d1cc,Platinum Chainmail,Platinum Chainmail,"{""source_notes"": ""https://www.shadowera.com/cards.php""}",shadow-era_shattered-fates_platinum-chainmail
8344a3f9-bcec-4f76-be69-14c798688c3c,first-party-document,0,0,"{""obverse"": ""shadow-era_shattered-fates_gold-laced-shield"", ""reverse"": ""shadow-era_card-back""}","{""name_printed"": ""Gold-Laced Shield"", ""number"": ""163"", ""type"": ""Item"", ""Faction"": ""Neutral"", ""subtype"": ""Armor"", ""cost"": ""4"", ""attack"": ""3"", ""hp"": ""1"", ""rule_text"": ""1D: Target friendly ally gains +1 base attack and 1 health. If that ally has 8 or more health, draw a card."", ""item_dimensions"": ""{\u0022height\u0022: \u00223.5\u0022, \u0022width\u0022: \u00222.5\u0022, \u0022unit\u0022: \u0022inch\u0022}""}",d8327757-6eec-4e1a-b7dc-7fb962f9b10c,e54dfc76-db92-4f8d-a1cf-cdc337d4d1cc,Gold-Laced Shield,Gold-Laced Shield,"{""source_notes"": ""https://www.shadowera.com/cards.php""}",shadow-era_shattered-fates_gold-laced-shield
c908b294-3086-471b-8bb7-6d3919ef81a5,first-party-document,0,0,"{""obverse"": ""shadow-era_shattered-fates_helm-of-saymeht"", ""reverse"": ""shadow-era_card-back""}","{""name_printed"": ""Helm of Saymeht"", ""number"": ""164"", ""type"": ""Item"", ""Faction"": ""Neutral"", ""subtype"": ""Armor"", ""cost"": ""4"", ""attack"": ""3"", ""hp"": ""1"", ""rule_text"": ""1D: Target weapon in your graveyard with cost 4 or less is returned to play with 2 durability."", ""item_dimensions"": ""{\u0022height\u0022: \u00223.5\u0022, \u0022width\u0022: \u00222.5\u0022, \u0022unit\u0022: \u0022inch\u0022}""}",d8327757-6eec-4e1a-b7dc-7fb962f9b10c,e54dfc76-db92-4f8d-a1cf-cdc337d4d1cc,Helm of Saymeht,Helm of Saymeht,"{""source_notes"": ""https://www.shadowera.com/cards.php""}",shadow-era_shattered-fates_helm-of-saymeht
0e2f9fa1-b3b0-4f64-bbb4-12a2b2ff71ee,first-party-document,0,0,"{""obverse"": ""shadow-era_shattered-fates_ritualist's-headdress"", ""reverse"": ""shadow-era_card-back""}","{""name_printed"": ""Ritualist's Headdress"", ""rarity"": ""U"", ""number"": ""165"", ""type"": ""Item"", ""Faction"": ""Neutral"", ""subtype"": ""Armor"", ""cost"": ""2"", ""attack"": ""3"", ""hp"": ""1"", ""rule_text"": ""1D: Target friendly Twilight ally is killed and target other friendly ally gains +2 base attack and +2 health."", ""item_dimensions"": ""{\u0022height\u0022: \u00223.5\u0022, \u0022width\u0022: \u00222.5\u0022, \u0022unit\u0022: \u0022inch\u0022}""}",d8327757-6eec-4e1a-b7dc-7fb962f9b10c,e54dfc76-db92-4f8d-a1cf-cdc337d4d1cc,Ritualist's Headdress,Ritualist's Headdress,"{""source_notes"": ""https://www.shadowera.com/cards.php""}",shadow-era_shattered-fates_ritualist's-headdress
3ca2d484-5d32-4f54-8529-55b029159746,first-party-document,0,0,"{""obverse"": ""shadow-era_shattered-fates_splicer's-crown"", ""reverse"": ""shadow-era_card-back""}","{""name_printed"": ""Splicer's Crown"", ""rarity"": ""U"", ""number"": ""166"", ""type"": ""Item"", ""Faction"": ""Neutral"", ""subtype"": ""Armor"", ""cost"": ""2"", ""attack"": ""3"", ""hp"": ""1"", ""rule_text"": ""1D: Target ally in a graveyard is exiled: Target friendly Homunculus ally gains +1 base attack and +1 health."", ""item_dimensions"": ""{\u0022height\u0022: \u00223.5\u0022, \u0022width\u0022: \u00222.5\u0022, \u0022unit\u0022: \u0022inch\u0022}""}",d8327757-6eec-4e1a-b7dc-7fb962f9b10c,e54dfc76-db92-4f8d-a1cf-cdc337d4d1cc,Splicer's Crown,Splicer's Crown,"{""source_notes"": ""https://www.shadowera.com/cards.php""}",shadow-era_shattered-fates_splicer's-crown
f8517e24-5530-4c7a-92c1-8a025d3ccdd9,first-party-document,0,0,"{""obverse"": ""shadow-era_shattered-fates_cleric's-mantle"", ""reverse"": ""shadow-era_card-back""}","{""name_printed"": ""Cleric's Mantle"", ""rarity"": ""U"", ""number"": ""167"", ""type"": ""Item"", ""Faction"": ""Neutral"", ""subtype"": ""Armor"", ""cost"": ""3"", ""attack"": ""4"", ""hp"": ""1"", ""rule_text"": ""1D: Target friendly Ravager ally has all negative effects removed, and until the end of your turn that ally attacks a random opposing hero each time an item or ability is targeted and destroyed, if able."", ""item_dimensions"": ""{\u0022height\u0022: \u00223.5\u0022, \u0022width\u0022: \u00222.5\u0022, \u0022unit\u0022: \u0022inch\u0022}""}",d8327757-6eec-4e1a-b7dc-7fb962f9b10c,e54dfc76-db92-4f8d-a1cf-cdc337d4d1cc,Cleric's Mantle,Cleric's Mantle,"{""source_notes"": ""https://www.shadowera.com/cards.php""}",shadow-era_shattered-fates_cleric's-mantle
f12428f6-b8d9-4c2c-a735-c7fb55cdaeea,first-party-document,0,0,"{""obverse"": ""shadow-era_shattered-fates_necromancer's-shroud"", ""reverse"": ""shadow-era_card-back""}","{""name_printed"": ""Necromancer's Shroud"", ""rarity"": ""U"", ""number"": ""168"", ""type"": ""Item"", ""Faction"": ""Neutral"", ""subtype"": ""Armor"", ""cost"": ""3"", ""attack"": ""3"", ""hp"": ""1"", ""rule_text"": ""2D: Target Undead ally in your graveyard with cost 3 or less is returned to play readied, and it is killed at the end of the turn."", ""item_dimensions"": ""{\u0022height\u0022: \u00223.5\u0022, \u0022width\u0022: \u00222.5\u0022, \u0022unit\u0022: \u0022inch\u0022}""}",d8327757-6eec-4e1a-b7dc-7fb962f9b10c,e54dfc76-db92-4f8d-a1cf-cdc337d4d1cc,Necromancer's Shroud,Necromancer's Shroud,"{""source_notes"": ""https://www.shadowera.com/cards.php""}",shadow-era_shattered-fates_necromancer's-shroud
f3524ffc-e573-4be4-ad6f-967215bbfee8,first-party-document,0,0,"{""obverse"": ""shadow-era_shattered-fates_justicar's-cape"", ""reverse"": ""shadow-era_card-back""}","{""name_printed"": ""Justicar's Cape"", ""rarity"": ""U"", ""number"": ""169"", ""type"": ""Item"", ""Faction"": ""Neutral"", ""subtype"": ""Armor"", ""cost"": ""3"", ""attack"": ""3"", ""hp"": ""1"", ""rule_text"": ""1D: Target ability in your hand is discarded: Target friendly Templar ally is readied and has arcane attack until the end of your turn."", ""item_dimensions"": ""{\u0022height\u0022: \u00223.5\u0022, \u0022width\u0022: \u00222.5\u0022, \u0022unit\u0022: \u0022inch\u0022}""}",d8327757-6eec-4e1a-b7dc-7fb962f9b10c,e54dfc76-db92-4f8d-a1cf-cdc337d4d1cc,Justicar's Cape,Justicar's Cape,"{""source_notes"": ""https://www.shadowera.com/cards.php""}",shadow-era_shattered-fates_justicar's-cape
49dde23c-91b8-49fc-8ae9-a59249c66374,first-party-document,0,0,"{""obverse"": ""shadow-era_shattered-fates_pride-of-the-yari"", ""reverse"": ""shadow-era_card-back""}","{""name_printed"": ""Pride of the Yari"", ""rarity"": ""U"", ""number"": ""170"", ""type"": ""Item"", ""Faction"": ""Neutral"", ""Class"": ""Warrior"", ""subtype"": ""Armor"", ""cost"": ""6"", ""attack"": ""5"", ""hp"": ""2"", ""rule_text"": ""1D: Friendly Yari allies have +X attack until the end of the turn, where X is the number of Yari allies you control + 1."", ""item_dimensions"": ""{\u0022height\u0022: \u00223.5\u0022, \u0022width\u0022: \u00222.5\u0022, \u0022unit\u0022: \u0022inch\u0022}""}",d8327757-6eec-4e1a-b7dc-7fb962f9b10c,e54dfc76-db92-4f8d-a1cf-cdc337d4d1cc,Pride of the Yari,Pride of the Yari,"{""source_notes"": ""https://www.shadowera.com/cards.php""}",shadow-era_shattered-fates_pride-of-the-yari
f4f61628-81f8-49b3-94dc-902ea6ca15eb,first-party-document,0,0,"{""obverse"": ""shadow-era_shattered-fates_shock-conductor"", ""reverse"": ""shadow-era_card-back""}","{""name_printed"": ""Shock Conductor"", ""rarity"": ""R"", ""number"": ""171"", ""type"": ""Item"", ""Faction"": ""Neutral"", ""Class"": ""Mage, Elemental"", ""subtype"": ""Armor"", ""cost"": ""4"", ""attack"": ""4"", ""hp"": ""1"", ""rule_text"": ""1D: If a card was discarded from anywhere this turn, target opposing ally takes 3 electrical damage."", ""item_dimensions"": ""{\u0022height\u0022: \u00223.5\u0022, \u0022width\u0022: \u00222.5\u0022, \u0022unit\u0022: \u0022inch\u0022}""}",d8327757-6eec-4e1a-b7dc-7fb962f9b10c,e54dfc76-db92-4f8d-a1cf-cdc337d4d1cc,Shock Conductor,Shock Conductor,"{""source_notes"": ""https://www.shadowera.com/cards.php""}",shadow-era_shattered-fates_shock-conductor
63c9c587-4f54-49d6-ad64-c1b979a53409,first-party-document,0,0,"{""obverse"": ""shadow-era_shattered-fates_flameforged-gauntlets"", ""reverse"": ""shadow-era_card-back""}","{""name_printed"": ""Flameforged Gauntlets"", ""rarity"": ""R"", ""number"": ""172"", ""type"": ""Item"", ""Faction"": ""Neutral"", ""Class"": ""Mage, Hunter"", ""subtype"": ""Armor"", ""cost"": ""3"", ""attack"": ""4"", ""hp"": ""1"", ""rule_text"": ""1D: If an opposing hero or ally was dealt fire damage this turn, draw a card."", ""item_dimensions"": ""{\u0022height\u0022: \u00223.5\u0022, \u0022width\u0022: \u00222.5\u0022, \u0022unit\u0022: \u0022inch\u0022}""}",d8327757-6eec-4e1a-b7dc-7fb962f9b10c,e54dfc76-db92-4f8d-a1cf-cdc337d4d1cc,Flameforged Gauntlets,Flameforged Gauntlets,"{""source_notes"": ""https://www.shadowera.com/cards.php""}",shadow-era_shattered-fates_flameforged-gauntlets
26d3128d-889e-4ac9-96df-3eedc4f9bbf7,first-party-document,0,0,"{""obverse"": ""shadow-era_shattered-fates_aural-battery"", ""reverse"": ""shadow-era_card-back""}","{""name_printed"": ""Aural Battery"", ""rarity"": ""R"", ""number"": ""173"", ""type"": ""Item"", ""Faction"": ""Neutral"", ""Class"": ""Elemental"", ""subtype"": ""Armor"", ""cost"": ""3"", ""attack"": ""4"", ""hp"": ""1"", ""rule_text"": ""Ability damage to opposing heroes and allies is increased by 1 on your turn."", ""item_dimensions"": ""{\u0022height\u0022: \u00223.5\u0022, \u0022width\u0022: \u00222.5\u0022, \u0022unit\u0022: \u0022inch\u0022}""}",d8327757-6eec-4e1a-b7dc-7fb962f9b10c,e54dfc76-db92-4f8d-a1cf-cdc337d4d1cc,Aural Battery,Aural Battery,"{""source_notes"": ""https://www.shadowera.com/cards.php""}",shadow-era_shattered-fates_aural-battery
be64f36b-3c7f-45e4-8967-985f9a927712,first-party-document,0,0,"{""obverse"": ""shadow-era_shattered-fates_packmaster's-helm"", ""reverse"": ""shadow-era_card-back""}","{""name_printed"": ""Packmaster's Helm"", ""rarity"": ""R"", ""number"": ""174"", ""type"": ""Item"", ""Faction"": ""Neutral"", ""subtype"": ""Armor"", ""cost"": ""4"", ""attack"": ""3"", ""hp"": ""1"", ""rule_text"": ""Friendly Wulven and Wild allies gain +1 health at the end of each of your turns."", ""item_dimensions"": ""{\u0022height\u0022: \u00223.5\u0022, \u0022width\u0022: \u00222.5\u0022, \u0022unit\u0022: \u0022inch\u0022}""}",d8327757-6eec-4e1a-b7dc-7fb962f9b10c,e54dfc76-db92-4f8d-a1cf-cdc337d4d1cc,Packmaster's Helm,Packmaster's Helm,"{""source_notes"": ""https://www.shadowera.com/cards.php""}",shadow-era_shattered-fates_packmaster's-helm
e6209f6a-9bc6-4f1b-a7d1-42dcf730f63e,first-party-document,0,0,"{""obverse"": ""shadow-era_shattered-fates_rilard's-buckler"", ""reverse"": ""shadow-era_card-back""}","{""name_printed"": ""Rilard's Buckler"", ""rarity"": ""R"", ""number"": ""175"", ""type"": ""Item"", ""Faction"": ""Neutral"", ""Class"": ""Warrior, Priest"", ""subtype"": ""Armor"", ""cost"": ""2"", ""attack"": ""3"", ""hp"": ""1"", ""rule_text"": ""1D: Target friendly ally gains +1 base attack and all friendly allies with protector gain +1 health."", ""item_dimensions"": ""{\u0022height\u0022: \u00223.5\u0022, \u0022width\u0022: \u00222.5\u0022, \u0022unit\u0022: \u0022inch\u0022}""}",d8327757-6eec-4e1a-b7dc-7fb962f9b10c,e54dfc76-db92-4f8d-a1cf-cdc337d4d1cc,Rilard's Buckler,Rilard's Buckler,"{""source_notes"": ""https://www.shadowera.com/cards.php""}",shadow-era_shattered-fates_rilard's-buckler
a4308fa2-f26e-4bb3-b682-75217545e9c6,first-party-document,0,0,"{""obverse"": ""shadow-era_shattered-fates_metamorphic-cloak"", ""reverse"": ""shadow-era_card-back""}","{""name_printed"": ""Metamorphic Cloak"", ""rarity"": ""R"", ""number"": ""176"", ""type"": ""Item"", ""Faction"": ""Neutral"", ""Class"": ""Rogue, Elemental"", ""subtype"": ""Armor"", ""cost"": ""3"", ""attack"": ""4"", ""hp"": ""1"", ""rule_text"": ""When Metamorphic Cloak is summoned, target other item with durability gains +1 durability. 1D: Target other item you control gains +1 durability or target enemy item loses 1 durability."", ""item_dimensions"": ""{\u0022height\u0022: \u00223.5\u0022, \u0022width\u0022: \u00222.5\u0022, \u0022unit\u0022: \u0022inch\u0022}""}",d8327757-6eec-4e1a-b7dc-7fb962f9b10c,e54dfc76-db92-4f8d-a1cf-cdc337d4d1cc,Metamorphic Cloak,Metamorphic Cloak,"{""source_notes"": ""https://www.shadowera.com/cards.php""}",shadow-era_shattered-fates_metamorphic-cloak
74862b23-7ee4-40fa-a9ab-beeb396997cd,first-party-document,0,0,"{""obverse"": ""shadow-era_shattered-fates_robes-of-mending"", ""reverse"": ""shadow-era_card-back""}","{""name_printed"": ""Robes of Mending"", ""rarity"": ""R"", ""number"": ""177"", ""type"": ""Item"", ""Faction"": ""Neutral"", ""Class"": ""Priest"", ""subtype"": ""Armor"", ""cost"": ""4"", ""attack"": ""4"", ""hp"": ""1"", ""rule_text"": ""When your hero deals damage in combat on your turn, your hero heals 1 damage. 1SE: Robes of Mending gains +2 durability to a maximum of 4."", ""item_dimensions"": ""{\u0022height\u0022: \u00223.5\u0022, \u0022width\u0022: \u00222.5\u0022, \u0022unit\u0022: \u0022inch\u0022}""}",d8327757-6eec-4e1a-b7dc-7fb962f9b10c,e54dfc76-db92-4f8d-a1cf-cdc337d4d1cc,Robes of Mending,Robes of Mending,"{""source_notes"": ""https://www.shadowera.com/cards.php""}",shadow-era_shattered-fates_robes-of-mending
24e19c79-58df-4eb4-a437-bf59a7622aa7,first-party-document,0,0,"{""obverse"": ""shadow-era_shattered-fates_soulbound-armor"", ""reverse"": ""shadow-era_card-back""}","{""name_printed"": ""Soulbound Armor"", ""rarity"": ""R"", ""number"": ""178"", ""type"": ""Item"", ""Faction"": ""Neutral"", ""Class"": ""Mage, Elemental"", ""subtype"": ""Armor"", ""cost"": ""6"", ""attack"": ""4"", ""hp"": ""4"", ""rule_text"": ""0SE: Target card in your hand is discarded: Soulbound Armor becomes a readied Homunculus ally with electrical attack, base attack equal to its durability and health equal to its defense."", ""item_dimensions"": ""{\u0022height\u0022: \u00223.5\u0022, \u0022width\u0022: \u00222.5\u0022, \u0022unit\u0022: \u0022inch\u0022}""}",d8327757-6eec-4e1a-b7dc-7fb962f9b10c,e54dfc76-db92-4f8d-a1cf-cdc337d4d1cc,Soulbound Armor,Soulbound Armor,"{""source_notes"": ""https://www.shadowera.com/cards.php""}",shadow-era_shattered-fates_soulbound-armor
749400c8-832f-4d1b-b029-a8a53d962976,first-party-document,0,0,"{""obverse"": ""shadow-era_shattered-fates_voidwalker's-gauntlet"", ""reverse"": ""shadow-era_card-back""}","{""name_printed"": ""Voidwalker's Gauntlet"", ""rarity"": ""E"", ""number"": ""179"", ""type"": ""Item"", ""Faction"": ""Neutral"", ""subtype"": ""Armor"", ""cost"": ""4"", ""attack"": ""4"", ""hp"": ""1"", ""rule_text"": ""When a card is discarded from your deck, it is moved from your graveyard to the bottom of your deck. 1D: During the next opposing player's turn, ability damage to your hero is also dealt to their hero."", ""item_dimensions"": ""{\u0022height\u0022: \u00223.5\u0022, \u0022width\u0022: \u00222.5\u0022, \u0022unit\u0022: \u0022inch\u0022}""}",d8327757-6eec-4e1a-b7dc-7fb962f9b10c,e54dfc76-db92-4f8d-a1cf-cdc337d4d1cc,Voidwalker's Gauntlet,Voidwalker's Gauntlet,"{""source_notes"": ""https://www.shadowera.com/cards.php""}",shadow-era_shattered-fates_voidwalker's-gauntlet
2e3dd1fa-f3eb-4ff8-bdb3-64ada3dfddc3,first-party-document,0,0,"{""obverse"": ""shadow-era_shattered-fates_charred-cowl-of-the-damned"", ""reverse"": ""shadow-era_card-back""}","{""name_printed"": ""Charred Cowl of the Damned"", ""rarity"": ""E"", ""number"": ""180"", ""type"": ""Item"", ""Faction"": ""Neutral"", ""Class"": ""Warrior, Mage"", ""subtype"": ""Armor"", ""cost"": ""6"", ""attack"": ""6"", ""hp"": ""1"", ""rule_text"": ""When a friendly Undead ally is killed while it is not ablaze, it returns to play set ablaze and is readied at the end of the turn."", ""item_dimensions"": ""{\u0022height\u0022: \u00223.5\u0022, \u0022width\u0022: \u00222.5\u0022, \u0022unit\u0022: \u0022inch\u0022}""}",d8327757-6eec-4e1a-b7dc-7fb962f9b10c,e54dfc76-db92-4f8d-a1cf-cdc337d4d1cc,Charred Cowl of the Damned,Charred Cowl of the Damned,"{""source_notes"": ""https://www.shadowera.com/cards.php""}",shadow-era_shattered-fates_charred-cowl-of-the-damned
1a47e84d-9dc1-4670-b73b-f977297f3927,first-party-document,0,0,"{""obverse"": ""shadow-era_shattered-fates_frying-pan"", ""reverse"": ""shadow-era_card-back""}","{""name_printed"": ""Frying Pan"", ""number"": ""181"", ""type"": ""Item"", ""Faction"": ""Neutral"", ""subtype"": ""Weapon"", ""cost"": ""1"", ""attack"": ""1"", ""hp"": ""1"", ""rule_text"": ""When your hero kills an ally in combat, your hero heals 1 damage."", ""item_dimensions"": ""{\u0022height\u0022: \u00223.5\u0022, \u0022width\u0022: \u00222.5\u0022, \u0022unit\u0022: \u0022inch\u0022}""}",d8327757-6eec-4e1a-b7dc-7fb962f9b10c,e54dfc76-db92-4f8d-a1cf-cdc337d4d1cc,Frying Pan,Frying Pan,"{""source_notes"": ""https://www.shadowera.com/cards.php""}",shadow-era_shattered-fates_frying-pan
6cdd76e6-1e8e-462a-950e-3e851df6a498,first-party-document,0,0,"{""obverse"": ""shadow-era_shattered-fates_boooomerang"", ""reverse"": ""shadow-era_card-back""}","{""name_printed"": ""Boooomerang"", ""number"": ""182"", ""type"": ""Item"", ""Faction"": ""Neutral"", ""subtype"": ""Weapon"", ""cost"": ""2"", ""attack"": ""2"", ""hp"": ""1"", ""rule_text"": ""Ambush. When Boooomerang deals combat damage, it is placed on the bottom of its owner's deck. 0SE: Your hero attacks the opposing ally with the highest cost if able."", ""item_dimensions"": ""{\u0022height\u0022: \u00223.5\u0022, \u0022width\u0022: \u00222.5\u0022, \u0022unit\u0022: \u0022inch\u0022}""}",d8327757-6eec-4e1a-b7dc-7fb962f9b10c,e54dfc76-db92-4f8d-a1cf-cdc337d4d1cc,Boooomerang,Boooomerang,"{""source_notes"": ""https://www.shadowera.com/cards.php""}",shadow-era_shattered-fates_boooomerang
61578adb-0677-4068-8ea6-559d2ad268f8,first-party-document,0,0,"{""obverse"": ""shadow-era_shattered-fates_wooden-spear"", ""reverse"": ""shadow-era_card-back""}","{""name_printed"": ""Wooden Spear"", ""number"": ""183"", ""type"": ""Item"", ""Faction"": ""Neutral"", ""subtype"": ""Weapon"", ""cost"": ""3"", ""attack"": ""1"", ""hp"": ""3"", ""rule_text"": ""While Wooden Spear has exactly 1 durability, it has +2 attack."", ""item_dimensions"": ""{\u0022height\u0022: \u00223.5\u0022, \u0022width\u0022: \u00222.5\u0022, \u0022unit\u0022: \u0022inch\u0022}""}",d8327757-6eec-4e1a-b7dc-7fb962f9b10c,e54dfc76-db92-4f8d-a1cf-cdc337d4d1cc,Wooden Spear,Wooden Spear,"{""source_notes"": ""https://www.shadowera.com/cards.php""}",shadow-era_shattered-fates_wooden-spear
72e9c6c3-e370-4a21-8483-8b452de069d2,first-party-document,0,0,"{""obverse"": ""shadow-era_shattered-fates_griffoncrest-dagger"", ""reverse"": ""shadow-era_card-back""}","{""name_printed"": ""Griffoncrest Dagger"", ""number"": ""184"", ""type"": ""Item"", ""Faction"": ""Neutral"", ""subtype"": ""Weapon"", ""cost"": ""3"", ""attack"": ""1"", ""hp"": ""3"", ""rule_text"": ""While you have fewer than 4 cards in your hand, Griffoncrest Dagger has +1 attack."", ""item_dimensions"": ""{\u0022height\u0022: \u00223.5\u0022, \u0022width\u0022: \u00222.5\u0022, \u0022unit\u0022: \u0022inch\u0022}""}",d8327757-6eec-4e1a-b7dc-7fb962f9b10c,e54dfc76-db92-4f8d-a1cf-cdc337d4d1cc,Griffoncrest Dagger,Griffoncrest Dagger,"{""source_notes"": ""https://www.shadowera.com/cards.php""}",shadow-era_shattered-fates_griffoncrest-dagger
c4747454-2c17-42e8-a8dd-3f6b7ee962d1,first-party-document,0,0,"{""obverse"": ""shadow-era_shattered-fates_sword-of-might"", ""reverse"": ""shadow-era_card-back""}","{""name_printed"": ""Sword of Might"", ""number"": ""185"", ""type"": ""Item"", ""Faction"": ""Neutral"", ""subtype"": ""Weapon"", ""cost"": ""5"", ""attack"": ""2"", ""hp"": ""4"", ""rule_text"": ""Sword of Might has +2 attack while attacking allies with cost 5 or greater."", ""item_dimensions"": ""{\u0022height\u0022: \u00223.5\u0022, \u0022width\u0022: \u00222.5\u0022, \u0022unit\u0022: \u0022inch\u0022}""}",d8327757-6eec-4e1a-b7dc-7fb962f9b10c,e54dfc76-db92-4f8d-a1cf-cdc337d4d1cc,Sword of Might,Sword of Might,"{""source_notes"": ""https://www.shadowera.com/cards.php""}",shadow-era_shattered-fates_sword-of-might
89a80b4a-1e74-4dca-885b-6da815e3268f,first-party-document,0,0,"{""obverse"": ""shadow-era_shattered-fates_looter's-baton"", ""reverse"": ""shadow-era_card-back""}","{""name_printed"": ""Looter's Baton"", ""number"": ""186"", ""type"": ""Item"", ""Faction"": ""Neutral"", ""subtype"": ""Weapon"", ""cost"": ""5"", ""attack"": ""1"", ""hp"": ""5"", ""rule_text"": ""When your hero kills an ally in combat, draw a card."", ""item_dimensions"": ""{\u0022height\u0022: \u00223.5\u0022, \u0022width\u0022: \u00222.5\u0022, \u0022unit\u0022: \u0022inch\u0022}""}",d8327757-6eec-4e1a-b7dc-7fb962f9b10c,e54dfc76-db92-4f8d-a1cf-cdc337d4d1cc,Looter's Baton,Looter's Baton,"{""source_notes"": ""https://www.shadowera.com/cards.php""}",shadow-era_shattered-fates_looter's-baton
f74671b8-7095-4ad4-8f84-9b25de93bf8b,first-party-document,0,0,"{""obverse"": ""shadow-era_shattered-fates_dagger-of-fate"", ""reverse"": ""shadow-era_card-back""}","{""name_printed"": ""Dagger of Fate"", ""rarity"": ""U"", ""number"": ""187"", ""type"": ""Item"", ""Faction"": ""Neutral"", ""Class"": ""Mage, Elemental"", ""subtype"": ""Weapon"", ""cost"": ""3"", ""attack"": ""1"", ""hp"": ""3"", ""rule_text"": ""0SE: If a card was discarded from anywhere this turn, Dagger of Fate has +2 attack while in combat with allies and +1 attack while in combat with heroes until the end of your turn."", ""item_dimensions"": ""{\u0022height\u0022: \u00223.5\u0022, \u0022width\u0022: \u00222.5\u0022, \u0022unit\u0022: \u0022inch\u0022}""}",d8327757-6eec-4e1a-b7dc-7fb962f9b10c,e54dfc76-db92-4f8d-a1cf-cdc337d4d1cc,Dagger of Fate,Dagger of Fate,"{""source_notes"": ""https://www.shadowera.com/cards.php""}",shadow-era_shattered-fates_dagger-of-fate
9b6b23fc-0f79-4c6f-80ae-d96d5521e291,first-party-document,0,0,"{""obverse"": ""shadow-era_shattered-fates_weevil-tipped-crossbow"", ""reverse"": ""shadow-era_card-back""}","{""name_printed"": ""Weevil-tipped Crossbow"", ""rarity"": ""U"", ""number"": ""188"", ""type"": ""Item"", ""Faction"": ""Neutral"", ""Class"": ""Hunter, Rogue"", ""subtype"": ""Weapon"", ""attack_type"": ""Bow"", ""cost"": ""3"", ""attack"": ""2"", ""hp"": ""2"", ""rule_text"": ""When your hero deals combat damage to an opposing hero, that hero's weapons and armor lose 1 durability."", ""item_dimensions"": ""{\u0022height\u0022: \u00223.5\u0022, \u0022width\u0022: \u00222.5\u0022, \u0022unit\u0022: \u0022inch\u0022}""}",d8327757-6eec-4e1a-b7dc-7fb962f9b10c,e54dfc76-db92-4f8d-a1cf-cdc337d4d1cc,Weevil-tipped Crossbow,Weevil-tipped Crossbow,"{""source_notes"": ""https://www.shadowera.com/cards.php""}",shadow-era_shattered-fates_weevil-tipped-crossbow
54092317-8aad-423f-bfd3-75843d397797,first-party-document,0,0,"{""obverse"": ""shadow-era_shattered-fates_pithing-spear"", ""reverse"": ""shadow-era_card-back""}","{""name_printed"": ""Pithing Spear"", ""rarity"": ""U"", ""number"": ""189"", ""type"": ""Item"", ""Faction"": ""Neutral"", ""Class"": ""Warrior"", ""subtype"": ""Weapon"", ""cost"": ""3"", ""attack"": ""1"", ""hp"": ""3"", ""rule_text"": ""When your hero kills an opposing ally in combat, your hero gains +1 shadow energy. While you control a Shadow ally or Warrior ally, Pithing Spear has +1 attack."", ""item_dimensions"": ""{\u0022height\u0022: \u00223.5\u0022, \u0022width\u0022: \u00222.5\u0022, \u0022unit\u0022: \u0022inch\u0022}""}",d8327757-6eec-4e1a-b7dc-7fb962f9b10c,e54dfc76-db92-4f8d-a1cf-cdc337d4d1cc,Pithing Spear,Pithing Spear,"{""source_notes"": ""https://www.shadowera.com/cards.php""}",shadow-era_shattered-fates_pithing-spear
2c171738-8cd0-4d88-9f0c-0ba46afdb772,first-party-document,0,0,"{""obverse"": ""shadow-era_shattered-fates_rod-of-smiting"", ""reverse"": ""shadow-era_card-back""}","{""name_printed"": ""Rod of Smiting"", ""rarity"": ""U"", ""number"": ""190"", ""type"": ""Item"", ""Faction"": ""Neutral"", ""Class"": ""Warrior, Priest"", ""subtype"": ""Weapon"", ""attack_type"": ""Arcane"", ""cost"": ""5"", ""attack"": ""2"", ""hp"": ""4"", ""rule_text"": ""While you control a Templar ally, Rod of Smiting has +1 attack."", ""item_dimensions"": ""{\u0022height\u0022: \u00223.5\u0022, \u0022width\u0022: \u00222.5\u0022, \u0022unit\u0022: \u0022inch\u0022}""}",d8327757-6eec-4e1a-b7dc-7fb962f9b10c,e54dfc76-db92-4f8d-a1cf-cdc337d4d1cc,Rod of Smiting,Rod of Smiting,"{""source_notes"": ""https://www.shadowera.com/cards.php""}",shadow-era_shattered-fates_rod-of-smiting
a6bc354f-7394-4297-8f03-131898ee9dac,first-party-document,0,0,"{""obverse"": ""shadow-era_shattered-fates_darkforged-knife"", ""reverse"": ""shadow-era_card-back""}","{""name_printed"": ""Darkforged Knife"", ""rarity"": ""R"", ""number"": ""191"", ""type"": ""Item"", ""Faction"": ""Neutral"", ""Class"": ""Mage, Elemental"", ""subtype"": ""Weapon"", ""cost"": ""2"", ""attack"": ""1"", ""hp"": ""2"", ""rule_text"": ""When Darkforged Knife deals combat damage and an ability has been activated with shadow energy this turn, each opponent discards 2 cards from their deck."", ""item_dimensions"": ""{\u0022height\u0022: \u00223.5\u0022, \u0022width\u0022: \u00222.5\u0022, \u0022unit\u0022: \u0022inch\u0022}""}",d8327757-6eec-4e1a-b7dc-7fb962f9b10c,e54dfc76-db92-4f8d-a1cf-cdc337d4d1cc,Darkforged Knife,Darkforged Knife,"{""source_notes"": ""https://www.shadowera.com/cards.php""}",shadow-era_shattered-fates_darkforged-knife
feafb0de-46ce-4dac-821d-0a43b5fbb63f,first-party-document,0,0,"{""obverse"": ""shadow-era_shattered-fates_bone-sabre"", ""reverse"": ""shadow-era_card-back""}","{""name_printed"": ""Bone Sabre"", ""rarity"": ""R"", ""number"": ""192"", ""type"": ""Item"", ""Faction"": ""Neutral"", ""Class"": ""Warrior, Mage, Hunter"", ""subtype"": ""Weapon"", ""cost"": ""5"", ""attack"": ""1"", ""hp"": ""4"", ""rule_text"": ""Ambush. At the end of combat where an opposing ally was damaged by Bone Sabre, that ally is attacked by the friendly Undead ally with the highest attack if able."", ""item_dimensions"": ""{\u0022height\u0022: \u00223.5\u0022, \u0022width\u0022: \u00222.5\u0022, \u0022unit\u0022: \u0022inch\u0022}""}",d8327757-6eec-4e1a-b7dc-7fb962f9b10c,e54dfc76-db92-4f8d-a1cf-cdc337d4d1cc,Bone Sabre,Bone Sabre,"{""source_notes"": ""https://www.shadowera.com/cards.php""}",shadow-era_shattered-fates_bone-sabre
e49cb4ae-88c8-45ee-b8b9-e65be2b833e1,first-party-document,0,0,"{""obverse"": ""shadow-era_shattered-fates_war-flail"", ""reverse"": ""shadow-era_card-back""}","{""name_printed"": ""War Flail"", ""rarity"": ""R"", ""number"": ""193"", ""type"": ""Item"", ""Faction"": ""Neutral"", ""Class"": ""Warrior, Priest"", ""subtype"": ""Weapon"", ""cost"": ""5"", ""attack"": ""2"", ""hp"": ""4"", ""rule_text"": ""Combat damage from your hero can't be prevented by ally or armor abilities."", ""item_dimensions"": ""{\u0022height\u0022: \u00223.5\u0022, \u0022width\u0022: \u00222.5\u0022, \u0022unit\u0022: \u0022inch\u0022}""}",d8327757-6eec-4e1a-b7dc-7fb962f9b10c,e54dfc76-db92-4f8d-a1cf-cdc337d4d1cc,War Flail,War Flail,"{""source_notes"": ""https://www.shadowera.com/cards.php""}",shadow-era_shattered-fates_war-flail
dbe3a084-3628-40dd-aa67-9cc3d56846c2,first-party-document,0,0,"{""obverse"": ""shadow-era_shattered-fates_gromm's-axe"", ""reverse"": ""shadow-era_card-back""}","{""name_printed"": ""Gromm's Axe"", ""rarity"": ""R"", ""number"": ""194"", ""type"": ""Item"", ""Faction"": ""Neutral"", ""Class"": ""Wulven"", ""subtype"": ""Weapon"", ""cost"": ""5"", ""attack"": ""2"", ""hp"": ""4"", ""rule_text"": ""1SE: Target ally takes 1 damage and has +2 attack until the end of your turn."", ""item_dimensions"": ""{\u0022height\u0022: \u00223.5\u0022, \u0022width\u0022: \u00222.5\u0022, \u0022unit\u0022: \u0022inch\u0022}""}",d8327757-6eec-4e1a-b7dc-7fb962f9b10c,e54dfc76-db92-4f8d-a1cf-cdc337d4d1cc,Gromm's Axe,Gromm's Axe,"{""source_notes"": ""https://www.shadowera.com/cards.php""}",shadow-era_shattered-fates_gromm's-axe
90850583-02a8-4180-a2a9-1ce11dae495f,first-party-document,0,0,"{""obverse"": ""shadow-era_shattered-fates_thoughtripper's-cutlass"", ""reverse"": ""shadow-era_card-back""}","{""name_printed"": ""Thoughtripper's Cutlass"", ""rarity"": ""R"", ""number"": ""195"", ""type"": ""Item"", ""Faction"": ""Neutral"", ""Class"": ""Rogue"", ""subtype"": ""Weapon"", ""cost"": ""5"", ""attack"": ""2"", ""hp"": ""4"", ""rule_text"": ""When your hero kills an opposing ally in combat, that ally's controller draws a card and discards a random card from their hand. While this weapon has at least 4 attack, cards discarded from opposing hands are placed in yours."", ""item_dimensions"": ""{\u0022height\u0022: \u00223.5\u0022, \u0022width\u0022: \u00222.5\u0022, \u0022unit\u0022: \u0022inch\u0022}""}",d8327757-6eec-4e1a-b7dc-7fb962f9b10c,e54dfc76-db92-4f8d-a1cf-cdc337d4d1cc,Thoughtripper's Cutlass,Thoughtripper's Cutlass,"{""source_notes"": ""https://www.shadowera.com/cards.php""}",shadow-era_shattered-fates_thoughtripper's-cutlass
95d1502e-ddb3-4cb7-9c83-26f602a4e502,first-party-document,0,0,"{""obverse"": ""shadow-era_shattered-fates_chains-of-torment"", ""reverse"": ""shadow-era_card-back""}","{""name_printed"": ""Chains of Torment"", ""rarity"": ""R"", ""number"": ""196"", ""type"": ""Item"", ""Faction"": ""Neutral"", ""Class"": ""Rogue, Wulven"", ""subtype"": ""Weapon"", ""cost"": ""5"", ""attack"": ""1"", ""hp"": ""5"", ""rule_text"": ""When an opposing ally is killed, Chains of Torment gains +1 base attack."", ""item_dimensions"": ""{\u0022height\u0022: \u00223.5\u0022, \u0022width\u0022: \u00222.5\u0022, \u0022unit\u0022: \u0022inch\u0022}""}",d8327757-6eec-4e1a-b7dc-7fb962f9b10c,e54dfc76-db92-4f8d-a1cf-cdc337d4d1cc,Chains of Torment,Chains of Torment,"{""source_notes"": ""https://www.shadowera.com/cards.php""}",shadow-era_shattered-fates_chains-of-torment
db5ad243-2f84-4e73-b8da-8f368bba3ce1,first-party-document,0,0,"{""obverse"": ""shadow-era_shattered-fates_spirit-shuriken"", ""reverse"": ""shadow-era_card-back""}","{""name_printed"": ""Spirit Shuriken"", ""rarity"": ""E"", ""number"": ""197"", ""type"": ""Item"", ""Faction"": ""Neutral"", ""Class"": ""Hunter, Rogue"", ""subtype"": ""Weapon"", ""cost"": ""4"", ""attack"": ""1"", ""hp"": ""4"", ""rule_text"": ""1SE: Target opposing ally takes X damage, where X is the number of opposing allies in play."", ""item_dimensions"": ""{\u0022height\u0022: \u00223.5\u0022, \u0022width\u0022: \u00222.5\u0022, \u0022unit\u0022: \u0022inch\u0022}""}",d8327757-6eec-4e1a-b7dc-7fb962f9b10c,e54dfc76-db92-4f8d-a1cf-cdc337d4d1cc,Spirit Shuriken,Spirit Shuriken,"{""source_notes"": ""https://www.shadowera.com/cards.php""}",shadow-era_shattered-fates_spirit-shuriken
6505539c-5896-4894-807d-f207c55b018a,first-party-document,0,0,"{""obverse"": ""shadow-era_shattered-fates_flameforged-scepter"", ""reverse"": ""shadow-era_card-back""}","{""name_printed"": ""Flameforged Scepter"", ""rarity"": ""E"", ""number"": ""198"", ""type"": ""Item"", ""Faction"": ""Neutral"", ""Class"": ""Mage, Elemental"", ""subtype"": ""Weapon"", ""attack_type"": ""Fire"", ""cost"": ""4"", ""attack"": ""1"", ""hp"": ""3"", ""rule_text"": ""1SE: Until the start of your next turn, fire damage to opposing heroes and allies is increased by 1."", ""item_dimensions"": ""{\u0022height\u0022: \u00223.5\u0022, \u0022width\u0022: \u00222.5\u0022, \u0022unit\u0022: \u0022inch\u0022}""}",d8327757-6eec-4e1a-b7dc-7fb962f9b10c,e54dfc76-db92-4f8d-a1cf-cdc337d4d1cc,Flameforged Scepter,Flameforged Scepter,"{""source_notes"": ""https://www.shadowera.com/cards.php""}",shadow-era_shattered-fates_flameforged-scepter
28253bb3-54d3-45b6-b310-04baf9e5d0da,first-party-document,0,0,"{""obverse"": ""shadow-era_shattered-fates_lythian-sledgehammer"", ""reverse"": ""shadow-era_card-back""}","{""name_printed"": ""Lythian Sledgehammer"", ""rarity"": ""E"", ""number"": ""199"", ""type"": ""Item"", ""Faction"": ""Neutral"", ""Class"": ""Warrior, Wulven"", ""subtype"": ""Weapon"", ""cost"": ""6"", ""attack"": ""2"", ""hp"": ""5"", ""rule_text"": ""When your hero kills an opposing ally in combat, that ally is exiled and its controller takes 1 damage. Lythian Sledgehammer can't be destroyed unless its durability is 0 and it can't be targeted by your hero's ability."", ""item_dimensions"": ""{\u0022height\u0022: \u00223.5\u0022, \u0022width\u0022: \u00222.5\u0022, \u0022unit\u0022: \u0022inch\u0022}""}",d8327757-6eec-4e1a-b7dc-7fb962f9b10c,e54dfc76-db92-4f8d-a1cf-cdc337d4d1cc,Lythian Sledgehammer,Lythian Sledgehammer,"{""source_notes"": ""https://www.shadowera.com/cards.php""}",shadow-era_shattered-fates_lythian-sledgehammer
8a9d769d-548b-4eea-807d-4cd478790b34,first-party-document,0,0,"{""obverse"": ""shadow-era_shattered-fates_emore-crossbow"", ""reverse"": ""shadow-era_card-back""}","{""name_printed"": ""Emore Crossbow"", ""rarity"": ""E"", ""number"": ""200"", ""type"": ""Item"", ""Faction"": ""Neutral"", ""Class"": ""Hunter"", ""subtype"": ""Weapon"", ""attack_type"": ""Bow"", ""cost"": ""7"", ""attack"": ""2"", ""hp"": ""4"", ""rule_text"": ""Opposing allies that enter combat with your hero take 1 fire damage and are set ablaze."", ""item_dimensions"": ""{\u0022height\u0022: \u00223.5\u0022, \u0022width\u0022: \u00222.5\u0022, \u0022unit\u0022: \u0022inch\u0022}""}",d8327757-6eec-4e1a-b7dc-7fb962f9b10c,e54dfc76-db92-4f8d-a1cf-cdc337d4d1cc,Emore Crossbow,Emore Crossbow,"{""source_notes"": ""https://www.shadowera.com/cards.php""}",shadow-era_shattered-fates_emore-crossbow
c77e8bc4-ff72-4b93-91bd-c8ba992801bc,first-party-document,0,0,"{""obverse"": ""shadow-era_shattered-fates_loest,-savior-of-layar"", ""reverse"": ""shadow-era_card-back""}","{""name_printed"": ""Loest, Savior of Layar"", ""rarity"": ""L"", ""number"": ""201"", ""type"": ""Hero"", ""Faction"": ""Human"", ""Class"": ""Mage"", ""hp"": ""26"", ""rule_text"": ""5SE: Target ally, item or ability is exiled (removed from the game)."", ""item_dimensions"": ""{\u0022height\u0022: \u00223.5\u0022, \u0022width\u0022: \u00222.5\u0022, \u0022unit\u0022: \u0022inch\u0022}""}",d8327757-6eec-4e1a-b7dc-7fb962f9b10c,e54dfc76-db92-4f8d-a1cf-cdc337d4d1cc,"Loest, Savior of Layar","Loest, Savior of Layar","{""source_notes"": ""https://www.shadowera.com/cards.php""}","shadow-era_shattered-fates_loest,-savior-of-layar"
77dca5d3-f3bb-40a8-a52c-0ba6f0e893ed,first-party-document,0,0,"{""obverse"": ""shadow-era_shattered-fates_rothem,-king-of-layar"", ""reverse"": ""shadow-era_card-back""}","{""name_printed"": ""Rothem, King of Layar"", ""rarity"": ""L"", ""number"": ""202"", ""type"": ""Hero"", ""Faction"": ""Shadow"", ""Class"": ""Warrior"", ""hp"": ""30"", ""rule_text"": ""5SE: Until the start of your next turn, weapons you control have +3 attack. Allies you control gain +2 base attack."", ""item_dimensions"": ""{\u0022height\u0022: \u00223.5\u0022, \u0022width\u0022: \u00222.5\u0022, \u0022unit\u0022: \u0022inch\u0022}""}",d8327757-6eec-4e1a-b7dc-7fb962f9b10c,e54dfc76-db92-4f8d-a1cf-cdc337d4d1cc,"Rothem, King of Layar","Rothem, King of Layar","{""source_notes"": ""https://www.shadowera.com/cards.php""}","shadow-era_shattered-fates_rothem,-king-of-layar"